Node ID,Order
1,0
10,1
11,2
12,3
13,4
14,5
15,6
16,7
17,8
18,9
19,10
2,11
20,12
21,13
22,14
23,15
24,16
25,17
26,18
27,19
28,20
29,21
3,22
4,23
5,24
6,25
7,26
8,27
9,28
153,29
200,30
201,31
207,32
208,33
209,34
211,35
212,36
220,37
221,38
226,39
157,40
227,41
228,42
234,43
235,44
236,45
241,46
242,47
243,48
261,49
266,50
171,51
172,52
177,53
178,54
182,55
183,56
190,57
20763,58
19131,59
5952,60
5256,61
21554,62
21549,63
24109,64
18324,65
19126,66
4553,67
13734,68
3141,69
4549,70
22400,71
20724,72
12890,73
20722,74
23259,75
23246,76
19165,77
21606,78
984,79
976,80
3146,81
1705,82
982,83
5954,84
19167,85
19964,86
19927,87
18330,88
5956,89
5254,90
22404,91
23247,92
2417,93
18325,94
19931,95
3848,96
21545,97
19925,98
23255,99
18328,100
12095,101
3139,102
24121,103
24108,104
18364,105
22461,106
1703,107
24105,108
21553,109
2424,110
1701,111
3845,112
18366,113
5939,114
5238,115
22343,116
22342,117
13652,118
18289,119
18271,120
24052,121
14445,122
24053,123
23194,124
23193,125
24054,126
12858,127
18272,128
14443,129
20685,130
16007,131
16746,132
19886,133
15230,134
20670,135
12059,136
21489,137
20655,138
2393,139
2392,140
19857,141
16743,142
4527,143
23175,144
21469,145
19065,146
24032,147
23177,148
21472,149
23172,150
1675,151
24035,152
18262,153
957,154
20664,155
3819,156
4518,157
20658,158
24033,159
19860,160
18263,161
3061,162
10727,163
1618,164
3753,165
11412,166
897,167
9362,168
4456,169
8648,170
22277,171
5166,172
7279,173
23724,174
4461,175
9367,176
5866,177
3807,178
1616,179
16739,180
20609,181
2337,182
3056,183
5864,184
3754,185
18462,186
5165,187
5867,188
5851,189
5865,190
10046,191
2334,192
7964,193
21424,194
7283,195
6595,196
5167,197
10051,198
3752,199
5921,200
2336,201
17492,202
19811,203
1617,204
894,205
896,206
8636,207
845,208
10034,209
6585,210
11405,211
10721,212
3732,213
5848,214
4440,215
3733,216
7952,217
4441,218
8635,219
7953,220
7269,221
2286,222
11406,223
18210,224
5146,225
9350,226
5847,227
5147,228
18424,229
2257,230
21676,231
19227,232
20766,233
24255,234
12227,235
3861,236
13020,237
4570,238
13813,239
20023,240
14601,241
20824,242
23391,243
6539,244
9388,245
22933,246
10754,247
5272,248
11436,249
5973,250
19231,251
1533,252
15367,253
21679,254
8539,255
8794,256
16124,257
20028,258
16123,259
19232,260
18428,261
18429,262
17629,263
17630,264
20027,265
20828,266
13817,267
21422,268
10000,269
10072,270
10653,271
10656,272
11341,273
11360,274
12105,275
16026,276
18296,277
21714,278
21718,279
23424,280
24079,281
3009,282
3704,283
4572,284
5102,285
5274,286
5975,287
6547,288
7920,289
8708,290
9317,291
9390,292
16878,293
3028,294
15368,295
14607,296
14608,297
16877,298
7689,299
2214,300
2098,301
8372,302
10156,303
10840,304
11276,305
14486,306
1700,307
1807,308
19171,309
2254,310
23324,311
24131,312
24186,313
2419,314
2980,315
3653,316
4362,317
4661,318
6055,319
6492,320
7847,321
7856,322
8530,323
8789,324
9289,325
9972,326
12899,327
9476,328
22871,329
4939,330
14127,331
4234,332
14921,333
14922,334
21166,335
15682,336
20364,337
663,338
5819,339
20024,340
4537,341
23729,342
2266,343
11745,344
23728,345
12537,346
22870,347
10379,348
15229,349
9389,350
16328,351
13251,352
11665,353
6929,354
11065,355
20026,356
5239,357
8299,358
7614,359
9014,360
9072,361
17499,362
231,363
8676,364
5642,365
15681,366
14128,367
19566,368
17521,369
20827,370
24027,371
11744,372
23730,373
12535,374
6245,375
6930,376
2385,377
104,378
10161,379
12087,380
12143,381
14619,382
3094,383
4463,384
6584,385
7315,386
7339,387
9012,388
9695,389
10381,390
11066,391
7613,392
8297,393
9013,394
9696,395
15365,396
17841,397
21464,398
10192,399
10522,400
10701,401
10756,402
11015,403
11197,404
11205,405
1121,406
11342,407
11598,408
11703,409
1248,410
13052,411
13322,412
1352,413
13879,414
14083,415
14115,416
1423,417
1426,418
14606,419
15149,420
15401,421
15634,422
15848,423
15907,424
16174,425
18426,426
18481,427
18683,428
18700,429
19107,430
19229,431
19503,432
19515,433
1967,434
19768,435
19786,436
19902,437
20025,438
20287,439
20301,440
20826,441
20862,442
20867,443
20874,444
20987,445
21108,446
2152,447
21523,448
21677,449
21698,450
21961,451
2217,452
22377,453
22532,454
22552,455
22784,456
2288,457
23649,458
2770,459
2875,460
2888,461
2939,462
3012,463
3034,464
3154,465
3324,466
3343,467
3470,468
3471,469
3573,470
3651,471
3657,472
3738,473
4031,474
4283,475
4571,476
4793,477
4897,478
495,479
5076,480
5600,481
5778,482
5779,483
5976,484
6054,485
6126,486
6355,487
6483,488
6660,489
6863,490
7039,491
7051,492
7124,493
7343,494
7426,495
7716,496
772,497
7728,498
7801,499
8026,500
8180,501
8397,502
8405,503
8419,504
8432,505
8482,506
8585,507
8627,508
8628,509
8641,510
872,511
8943,512
8961,513
9165,514
9290,515
9309,516
9318,517
9508,518
9587,519
9777,520
9819,521
9846,522
9973,523
6246,524
6931,525
12459,526
4128,527
7616,528
8300,529
10436,530
9754,531
10160,532
10325,533
10454,534
10458,535
10477,536
10497,537
10615,538
10659,539
10680,540
10844,541
11138,542
11310,543
11344,544
11568,545
11987,546
12145,547
12258,548
1252,549
12778,550
12832,551
12940,552
13536,553
13735,554
13823,555
14084,556
14525,557
14644,558
1505,559
15292,560
15627,561
15858,562
16016,563
16050,564
16179,565
16277,566
16608,567
16702,568
17359,569
17653,570
17682,571
17888,572
18197,573
18470,574
18474,575
18478,576
18587,577
19384,578
19511,579
19609,580
1962,581
19907,582
20080,583
20309,584
20408,585
20568,586
20704,587
20848,588
20988,589
2106,590
21102,591
21112,592
21115,593
21415,594
21720,595
21806,596
21938,597
21955,598
22256,599
22625,600
23443,601
23482,602
23668,603
24185,604
2684,605
2828,606
2869,607
2873,608
3134,609
3577,610
3620,611
3687,612
381,613
3940,614
4287,615
4775,616
4791,617
4799,618
4886,619
4998,620
5071,621
533,622
5369,623
5588,624
5701,625
6035,626
632,627
6363,628
6519,629
6557,630
6579,631
6590,632
6719,633
6875,634
690,635
701,636
7047,637
7075,638
7129,639
7241,640
7408,641
7807,642
7947,643
8091,644
816,645
8192,646
8242,647
8245,648
8339,649
8409,650
8423,651
8488,652
8630,653
8642,654
8931,655
9098,656
9122,657
9171,658
9334,659
9613,660
9778,661
9802,662
9822,663
9852,664
24030,665
8000,666
194,667
7007,668
6321,669
17190,670
16438,671
13335,672
12538,673
18765,674
17967,675
146,676
3045,677
4515,678
1171,679
7274,680
12536,681
13334,682
22019,683
22872,684
14126,685
11743,686
8298,687
1162,688
5852,689
19844,690
21474,691
79,692
11064,693
9697,694
3420,695
7615,696
40,697
10039,698
20048,699
21678,700
22531,701
2322,702
7268,703
882,704
22473,705
16886,706
6570,707
4837,708
10380,709
6932,710
20363,711
10849,712
8621,713
16114,714
17188,715
14123,716
14919,717
19565,718
17554,719
7360,720
5931,721
10457,722
10524,723
10658,724
10994,725
11140,726
11207,727
11343,728
11491,729
11597,730
12336,731
1237,732
12470,733
12492,734
13131,735
13585,736
1427,737
14375,738
1535,739
15366,740
15400,741
15420,742
1567,743
16122,744
16280,745
16876,746
17131,747
17136,748
17628,749
18167,750
1835,751
18962,752
19228,753
20154,754
21129,755
2165,756
21962,757
22565,758
22570,759
23233,760
23681,761
23692,762
3230,763
3483,764
3862,765
4048,766
4173,767
4190,768
5022,769
5117,770
5244,771
5273,772
5370,773
5802,774
5821,775
5974,776
614,777
6442,778
705,779
7261,780
7752,781
7945,782
847,783
8934,784
9117,785
9138,786
9291,787
9310,788
9626,789
9782,790
9849,791
9910,792
11741,793
17187,794
13330,795
24022,796
10024,797
10523,798
11206,799
11273,800
11676,801
1214,802
1216,803
12495,804
13031,805
13287,806
13321,807
13824,808
13975,809
14080,810
1409,811
14379,812
1569,813
15950,814
16235,815
16278,816
16384,817
16989,818
17885,819
18306,820
18369,821
19108,822
19170,823
19262,824
19489,825
19967,826
20051,827
21085,828
21401,829
2146,830
21725,831
21982,832
22573,833
2259,834
2277,835
23429,836
2863,837
2982,838
4072,839
4323,840
4395,841
4396,842
4671,843
4993,844
5021,845
504,846
5443,847
5696,848
5725,849
5957,850
6064,851
6288,852
6392,853
6441,854
688,855
6974,856
704,857
7125,858
7223,859
7549,860
7858,861
7923,862
8110,863
8793,864
9121,865
9340,866
9475,867
8055,868
1290,869
572,870
16005,871
22367,872
9420,873
5230,874
8886,875
9016,876
11070,877
23162,878
10257,879
12891,880
2478,881
15679,882
14917,883
16759,884
8707,885
1694,886
8738,887
3770,888
13834,889
16435,890
20362,891
7273,892
6041,893
13816,894
1755,895
23241,896
11068,897
571,898
1291,899
2009,900
10252,901
10253,902
10254,903
10939,904
10940,905
1173,906
1174,907
15985,908
1886,909
2607,910
2608,911
6122,912
6807,913
6808,914
8889,915
9570,916
9571,917
136,918
162,919
185,920
191,921
198,922
202,923
21462,924
217,925
232,926
250,927
253,928
256,929
263,930
12230,931
20691,932
4477,933
19020,934
10383,935
9699,936
10384,937
1292,938
19835,939
150,940
167,941
175,942
176,943
203,944
204,945
20667,946
233,947
240,948
244,949
246,950
249,951
251,952
262,953
16049,954
16874,955
21164,956
22017,957
15677,958
16434,959
860,960
15953,961
5830,962
8616,963
7247,964
1582,965
2298,966
1187,967
12333,968
1600,969
17730,970
1896,971
20130,972
3309,973
3313,974
460,975
466,976
4727,977
5425,978
5431,979
5432,980
6135,981
8190,982
8903,983
3717,984
5129,985
21419,986
11382,987
17457,988
7932,989
10010,990
1579,991
3024,992
30,993
54,994
71,995
76,996
83,997
85,998
17508,999
95,1000
105,1001
117,1002
120,1003
123,1004
129,1005
140,1006
163,1007
164,1008
166,1009
192,1010
196,1011
19852,1012
216,1013
224,1014
245,1015
248,1016
252,1017
257,1018
8684,1019
19003,1020
18221,1021
14918,1022
15678,1023
19564,1024
15676,1025
20633,1026
44,1027
59,1028
65,1029
66,1030
86,1031
87,1032
20674,1033
106,1034
110,1035
111,1036
113,1037
116,1038
118,1039
128,1040
15290,1041
144,1042
145,1043
154,1044
174,1045
187,1046
213,1047
214,1048
222,1049
223,1050
239,1051
254,1052
255,1053
268,1054
9338,1055
10382,1056
2731,1057
10675,1058
10948,1059
12091,1060
16117,1061
20856,1062
22533,1063
4425,1064
5131,1065
5833,1066
13812,1067
15196,1068
20029,1069
20706,1070
23416,1071
5428,1072
7232,1073
7931,1074
8614,1075
10950,1076
11359,1077
13850,1078
20833,1079
2297,1080
24090,1081
3714,1082
4422,1083
8702,1084
10011,1085
10070,1086
13849,1087
14609,1088
23238,1089
6548,1090
7501,1091
7933,1092
9328,1093
10695,1094
11380,1095
17618,1096
19901,1097
22538,1098
22557,1099
6563,1100
7911,1101
8185,1102
11435,1103
15955,1104
16125,1105
16707,1106
17458,1107
1893,1108
19908,1109
20854,1110
2998,1111
12089,1112
12224,1113
13057,1114
13127,1115
18205,1116
19004,1117
21683,1118
2997,1119
5128,1120
5103,1121
2263,1122
6542,1123
3691,1124
8587,1125
10668,1126
7225,1127
1544,1128
9979,1129
6544,1130
3692,1131
4398,1132
820,1133
2262,1134
10661,1135
2261,1136
13017,1137
19804,1138
20603,1139
20832,1140
21707,1141
2274,1142
24093,1143
3716,1144
9580,1145
10262,1146
12265,1147
1578,1148
16879,1149
17621,1150
18305,1151
3021,1152
833,1153
858,1154
11441,1155
1580,1156
16115,1157
19258,1158
2300,1159
3023,1160
4542,1161
6814,1162
7231,1163
13056,1164
15197,1165
15954,1166
17456,1167
19235,1168
22384,1169
4726,1170
6655,1171
9306,1172
15369,1173
16706,1174
19910,1175
20053,1176
5427,1177
6565,1178
7249,1179
8594,1180
9387,1181
12264,1182
16867,1183
21530,1184
23397,1185
6564,1186
6816,1187
7248,1188
832,1189
8615,1190
10674,1191
14600,1192
16772,1193
19233,1194
21420,1195
21706,1196
22274,1197
2301,1198
7502,1199
12884,1200
15361,1201
1553,1202
20602,1203
2299,1204
23392,1205
23417,1206
3022,1207
459,1208
13810,1209
1581,1210
20031,1211
20855,1212
22380,1213
461,1214
5132,1215
861,1216
9989,1217
24034,1218
34,1219
55,1220
56,1221
58,1222
77,1223
81,1224
20665,1225
94,1226
100,1227
112,1228
115,1229
119,1230
124,1231
19062,1232
14642,1233
7262,1234
11069,1235
573,1236
5843,1237
4526,1238
3033,1239
38,1240
39,1241
47,1242
64,1243
73,1244
91,1245
92,1246
98,1247
99,1248
109,1249
121,1250
122,1251
133,1252
23192,1253
14914,1254
4938,1255
23202,1256
15237,1257
3127,1258
12069,1259
24068,1260
16744,1261
5938,1262
11337,1263
1539,1264
16869,1265
17748,1266
21598,1267
22534,1268
2986,1269
6731,1270
819,1271
11347,1272
21594,1273
21682,1274
21717,1275
21802,1276
2255,1277
8021,1278
9295,1279
9978,1280
10664,1281
12234,1282
12353,1283
13061,1284
16116,1285
23216,1286
7226,1287
811,1288
821,1289
13820,1290
13854,1291
1531,1292
16868,1293
23510,1294
24077,1295
4399,1296
7906,1297
8589,1298
13818,1299
15360,1300
17002,1301
1806,1302
21582,1303
7219,1304
8586,1305
9292,1306
9975,1307
10069,1308
11353,1309
13853,1310
1545,1311
16017,1312
23394,1313
23503,1314
2979,1315
825,1316
11349,1317
13019,1318
14646,1319
15494,1320
17631,1321
24073,1322
5805,1323
6541,1324
9287,1325
16159,1326
17744,1327
18431,1328
2267,1329
2990,1330
4543,1331
824,1332
9288,1333
9386,1334
10663,1335
11348,1336
12225,1337
16160,1338
16247,1339
22536,1340
24174,1341
6536,1342
6540,1343
10666,1344
11351,1345
11439,1346
14599,1347
16913,1348
18310,1349
20143,1350
7228,1351
9971,1352
10753,1353
1546,1354
19118,1355
21680,1356
2256,1357
22646,1358
2269,1359
23427,1360
2992,1361
11338,1362
13018,1363
13148,1364
15406,1365
20830,1366
23213,1367
3690,1368
7905,1369
8588,1370
11562,1371
1540,1372
16914,1373
2264,1374
23396,1375
24178,1376
2978,1377
2987,1378
7338,1379
1538,1380
17619,1381
17633,1382
18550,1383
19954,1384
23428,1385
2985,1386
7220,1387
818,1388
10652,1389
11346,1390
12232,1391
17620,1392
17751,1393
22445,1394
22569,1395
9294,1396
9977,1397
11345,1398
15280,1399
1537,1400
20030,1401
22660,1402
372,1403
817,1404
8703,1405
9970,1406
1688,1407
15245,1408
14454,1409
16753,1410
971,1411
12071,1412
2407,1413
13664,1414
17507,1415
18264,1416
15236,1417
6543,1418
6578,1419
15674,1420
11737,1421
2306,1422
18288,1423
18265,1424
19089,1425
19867,1426
2406,1427
3126,1428
12078,1429
15986,1430
3828,1431
11438,1432
13024,1433
19234,1434
16875,1435
22537,1436
17625,1437
11440,1438
16121,1439
20829,1440
10071,1441
17632,1442
17626,1443
23393,1444
13022,1445
12233,1446
6659,1447
18432,1448
12231,1449
13819,1450
7342,1451
22535,1452
13023,1453
23395,1454
12229,1455
20831,1456
14605,1457
13027,1458
17627,1459
13025,1460
11437,1461
10755,1462
13821,1463
970,1464
14461,1465
17516,1466
24049,1467
1689,1468
10256,1469
18287,1470
1175,1471
3128,1472
1887,1473
22357,1474
1687,1475
9573,1476
23174,1477
3020,1478
3702,1479
1294,1480
6250,1481
11275,1482
1192,1483
18543,1484
23167,1485
2382,1486
19863,1487
19069,1488
1680,1489
19864,1490
20659,1491
3823,1492
18267,1493
20728,1494
143,1495
17531,1496
229,1497
7322,1498
147,1499
22387,1500
137,1501
23239,1502
173,1503
16020,1504
186,1505
8004,1506
169,1507
17530,1508
267,1509
22408,1510
184,1511
19109,1512
165,1513
4554,1514
180,1515
23261,1516
264,1517
18337,1518
210,1519
20703,1520
230,1521
21524,1522
215,1523
179,1524
1693,1525
20661,1526
3119,1527
22329,1528
962,1529
20662,1530
21476,1531
9704,1532
18269,1533
2609,1534
3424,1535
963,1536
3118,1537
10942,1538
1536,1539
2305,1540
14120,1541
5641,1542
823,1543
810,1544
826,1545
17222,1546
19989,1547
12961,1548
5261,1549
12166,1550
21620,1551
23349,1552
22475,1553
22349,1554
37,1555
13662,1556
102,1557
6629,1558
41,1559
15989,1560
31,1561
14444,1562
63,1563
12864,1564
72,1565
21496,1566
61,1567
14451,1568
132,1569
19878,1570
70,1571
4534,1572
57,1573
5937,1574
68,1575
21497,1576
130,1577
13663,1578
90,1579
19884,1580
103,1581
2408,1582
93,1583
67,1584
7999,1585
23334,1586
22490,1587
19978,1588
5961,1589
24213,1590
20777,1591
23782,1592
13756,1593
4400,1594
22922,1595
21635,1596
3853,1597
7908,1598
8595,1599
10387,1600
575,1601
6935,1602
7619,1603
3680,1604
1092,1605
10947,1606
16882,1607
18318,1608
22488,1609
2253,1610
2976,1611
7850,1612
8583,1613
1004,1614
10589,1615
10651,1616
11336,1617
1530,1618
17603,1619
21538,1620
2530,1621
3307,1622
18405,1623
19916,1624
373,1625
4013,1626
7900,1627
8751,1628
9223,1629
9286,1630
9969,1631
1078,1632
11335,1633
1529,1634
18317,1635
21618,1636
458,1637
4647,1638
809,1639
8531,1640
10669,1641
11339,1642
11354,1643
11474,1644
16769,1645
16848,1646
3169,1647
4014,1648
9984,1649
10654,1650
12882,1651
13060,1652
13770,1653
1892,1654
8591,1655
8757,1656
9300,1657
9983,1658
14645,1659
21690,1660
22371,1661
23341,1662
5426,1663
7907,1664
812,1665
8590,1666
9982,1667
10667,1668
10834,1669
11352,1670
1532,1671
15405,1672
21517,1673
2615,1674
5959,1675
9299,1676
5311,1677
6696,1678
1075,1679
10819,1680
1790,1681
21685,1682
3216,1683
15247,1684
969,1685
7314,1686
16747,1687
20668,1688
2405,1689
20684,1690
23190,1691
16763,1692
3827,1693
5236,1694
6124,1695
19885,1696
19072,1697
19088,1698
8179,1699
10941,1700
3130,1701
3306,1702
8683,1703
4631,1704
2491,1705
6705,1706
7393,1707
9449,1708
8075,1709
8250,1710
8066,1711
10331,1712
1053,1713
6022,1714
17668,1715
17669,1716
18382,1717
6732,1718
12529,1719
13327,1720
6320,1721
7006,1722
6806,1723
2606,1724
1884,1725
8888,1726
13650,1727
19058,1728
14441,1729
2386,1730
4609,1731
7383,1732
4632,1733
6012,1734
3925,1735
8767,1736
5333,1737
20663,1738
23188,1739
21484,1740
19866,1741
965,1742
5235,1743
19865,1744
5936,1745
4532,1746
24045,1747
1683,1748
2402,1749
22337,1750
3825,1751
4840,1752
10255,1753
18270,1754
5541,1755
7497,1756
24048,1757
6706,1758
1768,1759
7392,1760
356,1761
10135,1762
2513,1763
14612,1764
334,1765
8076,1766
5097,1767
3682,1768
1786,1769
6533,1770
11073,1771
8303,1772
5837,1773
4431,1774
3722,1775
2303,1776
17642,1777
18441,1778
370,1779
3936,1780
15257,1781
18315,1782
19912,1783
24101,1784
3133,1785
21528,1786
23234,1787
21655,1788
17605,1789
13005,1790
13798,1791
13777,1792
12188,1793
24235,1794
14565,1795
9383,1796
13776,1797
14566,1798
20016,1799
12212,1800
14586,1801
669,1802
9302,1803
22511,1804
1390,1805
10670,1806
16854,1807
19111,1808
18309,1809
12090,1810
12886,1811
19113,1812
12885,1813
5947,1814
1692,1815
24099,1816
4390,1817
8580,1818
9455,1819
11329,1820
22866,1821
17961,1822
13055,1823
13754,1824
1554,1825
1583,1826
16128,1827
19913,1828
3308,1829
5135,1830
863,1831
16852,1832
19007,1833
19807,1834
20606,1835
22390,1836
23414,1837
285,1838
8596,1839
8894,1840
10676,1841
1179,1842
19207,1843
22555,1844
24106,1845
4430,1846
5136,1847
5838,1848
9433,1849
12263,1850
19805,1851
2614,1852
3026,1853
359,1854
5260,1855
6636,1856
7912,1857
862,1858
3745,1859
3743,1860
2325,1861
8644,1862
20666,1863
16749,1864
15231,1865
16748,1866
4535,1867
16745,1868
13651,1869
7365,1870
1002,1871
9405,1872
10771,1873
4591,1874
6683,1875
5998,1876
8049,1877
283,1878
3886,1879
309,1880
1720,1881
2444,1882
6669,1883
8248,1884
3176,1885
3371,1886
10088,1887
15228,1888
15227,1889
21488,1890
19077,1891
18277,1892
19073,1893
15232,1894
10750,1895
19871,1896
7797,1897
11199,1898
13690,1899
18440,1900
2894,1901
20250,1902
576,1903
12066,1904
1885,1905
6121,1906
9381,1907
10065,1908
10938,1909
23198,1910
452,1911
3813,1912
18258,1913
3107,1914
22314,1915
19868,1916
17502,1917
23195,1918
15990,1919
19869,1920
17498,1921
12853,1922
8048,1923
9406,1924
8723,1925
10087,1926
5293,1927
5999,1928
6682,1929
7366,1930
7352,1931
3177,1932
1028,1933
2443,1934
1721,1935
5985,1936
3885,1937
10772,1938
15987,1939
14442,1940
22341,1941
19872,1942
20669,1943
18273,1944
17503,1945
5237,1946
15988,1947
10333,1948
11018,1949
15536,1950
17789,1951
3373,1952
4077,1953
4078,1954
4787,1955
523,1956
6193,1957
6195,1958
6879,1959
6881,1960
8251,1961
8964,1962
9648,1963
10332,1964
11019,1965
16288,1966
1958,1967
1960,1968
2679,1969
2681,1970
3372,1971
4079,1972
5489,1973
6878,1974
7565,1975
7567,1976
8965,1977
8966,1978
9647,1979
14604,1980
24166,1981
1243,1982
1244,1983
14775,1984
17041,1985
17790,1986
18589,1987
1957,1988
1959,1989
2680,1990
4788,1991
4790,1992
524,1993
525,1994
6880,1995
8249,1996
9649,1997
2819,1998
22014,1999
22868,2000
4427,2001
20605,2002
23727,2003
20360,2004
5134,2005
2820,2006
9329,2007
9355,2008
10725,2009
2321,2010
10724,2011
23159,2012
4517,2013
14440,2014
5932,2015
5933,2016
4528,2017
1676,2018
19906,2019
22388,2020
12887,2021
18314,2022
3835,2023
24103,2024
17525,2025
4544,2026
24098,2027
20712,2028
22386,2029
24096,2030
3135,2031
19114,2032
19112,2033
23244,2034
23176,2035
4529,2036
21454,2037
20646,2038
3115,2039
21475,2040
4516,2041
15984,2042
21473,2043
12787,2044
16650,2045
8428,2046
18975,2047
18972,2048
7751,2049
6382,2050
13579,2051
11148,2052
20584,2053
16648,2054
11146,2055
11143,2056
2860,2057
7749,2058
20583,2059
13578,2060
15895,2061
11996,2062
8425,2063
9104,2064
2139,2065
19778,2066
9105,2067
15891,2068
15894,2069
16651,2070
3582,2071
3581,2072
17401,2073
11145,2074
10464,2075
197,2076
21505,2077
237,2078
238,2079
247,2080
7245,2081
5001,2082
18174,2083
5707,2084
15138,2085
6381,2086
14362,2087
10466,2088
12785,2089
5704,2090
3578,2091
6380,2092
8426,2093
16643,2094
20582,2095
6388,2096
22263,2097
1295,2098
2013,2099
10389,2100
11075,2101
17963,2102
14544,2103
2275,2104
2302,2105
23222,2106
23415,2107
3025,2108
335,2109
3719,2110
4725,2111
13003,2112
17657,2113
1891,2114
19806,2115
23223,2116
2446,2117
3721,2118
4429,2119
9308,2120
18762,2121
4232,2122
11361,2123
11469,2124
12981,2125
18299,2126
3720,2127
4428,2128
5836,2129
7368,2130
9578,2131
2099,2132
10012,2133
10697,2134
15198,2135
19257,2136
23221,2137
2515,2138
4559,2139
8896,2140
9990,2141
22309,2142
7998,2143
20645,2144
3820,2145
24036,2146
3821,2147
5231,2148
18275,2149
15233,2150
13655,2151
13654,2152
12855,2153
12063,2154
9380,2155
13656,2156
12854,2157
16750,2158
12062,2159
19870,2160
12064,2161
17500,2162
18276,2163
12065,2164
22326,2165
5232,2166
24017,2167
18253,2168
958,2169
24037,2170
3809,2171
22307,2172
3114,2173
11995,2174
13575,2175
14365,2176
16842,2177
19163,2178
20072,2179
2665,2180
3569,2181
5995,2182
11001,2183
14662,2184
15899,2185
16090,2186
17402,2187
18178,2188
21601,2189
300,2190
7056,2191
16047,2192
16932,2193
1714,2194
23118,2195
4066,2196
7070,2197
7747,2198
8018,2199
9108,2200
10318,2201
14517,2202
18175,2203
19780,2204
20580,2205
348,2206
3967,2207
4985,2208
5265,2209
10320,2210
12928,2211
16641,2212
18172,2213
19777,2214
20780,2215
21724,2216
2851,2217
3917,2218
15250,2219
2132,2220
22264,2221
22517,2222
3360,2223
6391,2224
6761,2225
7074,2226
7361,2227
1230,2228
19956,2229
22497,2230
23432,2231
4999,2232
5703,2233
6008,2234
7065,2235
8413,2236
11989,2237
12791,2238
13012,2239
14369,2240
21409,2241
5980,2242
6076,2243
6633,2244
7553,2245
10465,2246
14359,2247
14465,2248
14661,2249
16861,2250
6390,2251
7073,2252
8948,2253
9396,2254
13865,2255
15142,2256
15143,2257
15251,2258
18163,2259
19784,2260
6182,2261
8030,2262
9384,2263
12789,2264
15139,2265
17400,2266
20781,2267
23316,2268
2852,2269
3916,2270
4675,2271
8237,2272
1046,2273
12280,2274
14464,2275
22498,2276
5709,2277
6183,2278
8414,2279
9109,2280
9789,2281
10316,2282
10460,2283
18476,2284
23312,2285
4564,2286
5706,2287
6018,2288
7054,2289
7067,2290
12138,2291
1405,2292
1413,2293
14553,2294
2138,2295
22574,2296
8950,2297
9107,2298
9444,2299
10314,2300
11486,2301
12197,2302
24074,2303
3583,2304
3881,2305
4293,2306
5692,2307
8430,2308
11487,2309
11997,2310
12173,2311
13731,2312
14366,2313
1761,2314
18177,2315
3568,2316
9632,2317
10315,2318
12790,2319
14368,2320
14573,2321
15141,2322
15424,2323
22456,2324
4587,2325
4989,2326
10108,2327
12934,2328
15334,2329
16646,2330
17398,2331
18976,2332
19276,2333
507,2334
7734,2335
12788,2336
16647,2337
17399,2338
17676,2339
23980,2340
24177,2341
6869,2342
8700,2343
8715,2344
19160,2345
19212,2346
19277,2347
4278,2348
6383,2349
7066,2350
7744,2351
8045,2352
8951,2353
15425,2354
19981,2355
2129,2356
2137,2357
24162,2358
2859,2359
3208,2360
6871,2361
9784,2362
10762,2363
12219,2364
12781,2365
13675,2366
1414,2367
16931,2368
2861,2369
9631,2370
9790,2371
12134,2372
15892,2373
18173,2374
20578,2375
21642,2376
22576,2377
2668,2378
6371,2379
6692,2380
10130,2381
15319,2382
1945,2383
20755,2384
20872,2385
684,2386
7743,2387
8424,2388
9785,2389
11006,2390
12133,2391
15134,2392
16642,2393
19187,2394
20577,2395
20873,2396
2505,2397
4275,2398
11004,2399
13727,2400
15137,2401
16645,2402
17397,2403
22544,2404
3260,2405
3856,2406
6370,2407
11999,2408
13072,2409
14593,2410
15900,2411
17403,2412
23981,2413
5943,2414
6867,2415
7347,2416
10463,2417
16109,2418
21402,2419
22457,2420
5708,2421
6077,2422
7554,2423
8714,2424
9788,2425
11002,2426
19162,2427
21624,2428
4291,2429
4622,2430
4676,2431
5002,2432
683,2433
8427,2434
12281,2435
15140,2436
16046,2437
16649,2438
18977,2439
23358,2440
327,2441
7733,2442
8949,2443
10462,2444
12933,2445
12968,2446
21722,2447
2485,2448
5690,2449
6386,2450
9633,2451
9787,2452
11000,2453
11147,2454
13785,2455
13866,2456
1407,2457
21508,2458
6389,2459
7072,2460
8044,2461
82,2462
22358,2463
107,2464
108,2465
114,2466
22649,2467
8418,2468
11003,2469
17593,2470
18359,2471
20073,2472
5705,2473
6679,2474
8415,2475
9106,2476
9786,2477
14515,2478
17678,2479
18410,2480
18974,2481
19779,2482
20579,2483
4988,2484
7362,2485
8953,2486
12397,2487
13732,2488
14574,2489
16178,2490
3172,2491
4292,2492
5003,2493
6387,2494
686,2495
12139,2496
1228,2497
13784,2498
15896,2499
18475,2500
19781,2501
20581,2502
4279,2503
5289,2504
10459,2505
11142,2506
1233,2507
13075,2508
1782,2509
18386,2510
21587,2511
23985,2512
3566,2513
11007,2514
12926,2515
13572,2516
13868,2517
21407,2518
22262,2519
24221,2520
7055,2521
7378,2522
11149,2523
12877,2524
13190,2525
13805,2526
16177,2527
23119,2528
6664,2529
9111,2530
9791,2531
1067,2532
11993,2533
17394,2534
18973,2535
23433,2536
24167,2537
5688,2538
5965,2539
8954,2540
13763,2541
18358,2542
21723,2543
2667,2544
3579,2545
4289,2546
4987,2547
5000,2548
8762,2549
12932,2550
13574,2551
14364,2552
22479,2553
22575,2554
4288,2555
509,2556
5324,2557
7732,2558
11141,2559
12922,2560
1404,2561
16933,2562
22478,2563
5325,2564
7064,2565
7558,2566
7742,2567
15352,2568
17677,2569
18162,2570
18360,2571
4067,2572
4290,2573
6384,2574
7745,2575
9397,2576
10814,2577
12786,2578
12929,2579
15135,2580
17395,2581
18477,2582
1946,2583
19994,2584
2853,2585
12140,2586
13576,2587
15353,2588
18176,2589
19782,2590
22257,2591
2437,2592
5377,2593
6184,2594
10078,2595
13569,2596
17612,2597
21602,2598
5004,2599
6762,2600
7071,2601
8236,2602
8429,2603
1943,2604
20871,2605
21408,2606
23124,2607
23313,2608
24222,2609
2484,2610
4277,2611
7069,2612
13630,2613
14420,2614
7265,2615
6581,2616
17517,2617
5424,2618
16006,2619
4011,2620
15248,2621
4722,2622
16764,2623
4723,2624
19843,2625
1663,2626
2380,2627
945,2628
6627,2629
17494,2630
7312,2631
17497,2632
15992,2633
14446,2634
12856,2635
13653,2636
12857,2637
10064,2638
15991,2639
12060,2640
21491,2641
17501,2642
19075,2643
14447,2644
12061,2645
19076,2646
12859,2647
1662,2648
18248,2649
5221,2650
3101,2651
16741,2652
5922,2653
2381,2654
19048,2655
944,2656
13110,2657
15460,2658
12313,2659
13113,2660
11531,2661
15457,2662
14701,2663
12310,2664
15458,2665
18508,2666
14699,2667
13106,2668
23469,2669
11525,2670
16213,2671
23465,2672
14698,2673
12316,2674
23466,2675
16969,2676
21770,2677
16212,2678
12322,2679
15463,2680
23477,2681
12319,2682
11518,2683
16214,2684
22612,2685
22608,2686
12317,2687
15459,2688
967,2689
18085,2690
22317,2691
16216,2692
13115,2693
16968,2694
11524,2695
20918,2696
12326,2697
16965,2698
22620,2699
16217,2700
11527,2701
5410,2702
11526,2703
13116,2704
11523,2705
16967,2706
22611,2707
20049,2708
20850,2709
3525,2710
3018,2711
20361,2712
7243,2713
22869,2714
10006,2715
23726,2716
5828,2717
23342,2718
18388,2719
13739,2720
20783,2721
17559,2722
22483,2723
16807,2724
18252,2725
3105,2726
1678,2727
22308,2728
3117,2729
22327,2730
24020,2731
22311,2732
19053,2733
1665,2734
3116,2735
1664,2736
1677,2737
19847,2738
19051,2739
3811,2740
16054,2741
21628,2742
7324,2743
14529,2744
19984,2745
6641,2746
13751,2747
24205,2748
15296,2749
5170,2750
7961,2751
3759,2752
7959,2753
18214,2754
4474,2755
3062,2756
5158,2757
1608,2758
2358,2759
3067,2760
909,2761
7276,2762
3047,2763
11416,2764
885,2765
9361,2766
9359,2767
4466,2768
5871,2769
19013,2770
1611,2771
3755,2772
14422,2773
8643,2774
6592,2775
3080,2776
5155,2777
2345,2778
11425,2779
11413,2780
5180,2781
19223,2782
10795,2783
10887,2784
14118,2785
1415,2786
15518,2787
2051,2788
2141,2789
23376,2790
2864,2791
635,2792
7546,2793
7656,2794
8435,2795
10303,2796
12273,2797
19787,2798
19992,2799
20587,2800
21991,2801
22265,2802
23532,2803
2772,2804
6011,2805
6287,2806
6973,2807
8434,2808
13065,2809
1334,2810
16857,2811
19546,2812
2071,2813
20967,2814
2143,2815
2792,2816
2862,2817
2866,2818
4578,2819
6412,2820
9621,2821
11174,2822
12376,2823
15534,2824
19184,2825
20341,2826
2508,2827
3464,2828
4896,2829
5599,2830
6409,2831
7093,2832
8128,2833
8433,2834
8631,2835
10043,2836
3757,2837
5881,2838
10045,2839
6591,2840
4462,2841
921,2842
5855,2843
10728,2844
6601,2845
19812,2846
5172,2847
15202,2848
5856,2849
891,2850
10740,2851
12837,2852
7949,2853
21027,2854
22016,2855
4839,2856
14468,2857
1575,2858
18458,2859
18528,2860
20839,2861
24204,2862
5126,2863
6549,2864
855,2865
19407,2866
21163,2867
8304,2868
10691,2869
11376,2870
12998,2871
22369,2872
371,2873
3878,2874
5429,2875
6559,2876
9991,2877
19562,2878
4131,2879
4808,2880
14559,2881
16158,2882
17729,2883
20693,2884
22272,2885
2295,2886
834,2887
9323,2888
9439,2889
14024,2890
21162,2891
7621,2892
14467,2893
17659,2894
2617,2895
3712,2896
4420,2897
5259,2898
6028,2899
7926,2900
9307,2901
23400,2902
3911,2903
8084,2904
1776,2905
10833,2906
342,2907
8784,2908
24019,2909
2384,2910
2396,2911
23158,2912
3822,2913
2394,2914
21457,2915
2383,2916
23160,2917
5223,2918
2395,2919
946,2920
959,2921
19052,2922
19846,2923
5925,2924
4638,2925
1061,2926
6711,2927
3223,2928
2499,2929
10149,2930
3202,2931
22541,2932
3932,2933
4628,2934
22568,2935
12269,2936
6047,2937
11475,2938
18452,2939
20050,2940
20851,2941
11463,2942
13840,2943
4645,2944
16907,2945
13844,2946
14633,2947
16900,2948
16153,2949
12257,2950
13046,2951
13047,2952
16148,2953
20847,2954
23406,2955
12256,2956
15391,2957
4438,2958
8632,2959
8305,2960
7930,2961
16048,2962
3423,2963
18204,2964
20761,2965
9020,2966
2296,2967
19962,2968
6937,2969
17454,2970
16802,2971
15700,2972
7692,2973
16455,2974
5645,2975
16454,2976
16457,2977
11761,2978
18249,2979
23156,2980
15983,2981
19845,2982
16742,2983
24015,2984
20642,2985
23155,2986
18250,2987
22305,2988
17495,2989
19050,2990
15224,2991
20643,2992
19049,2993
24016,2994
19578,2995
6324,2996
22882,2997
22029,2998
3529,2999
20376,3000
17980,3001
2822,3002
17206,3003
17546,3004
9282,3005
9964,3006
10648,3007
5799,3008
5145,3009
9344,3010
10714,3011
8645,3012
1623,3013
3767,3014
10731,3015
10041,3016
2340,3017
18219,3018
7960,3019
1605,3020
906,3021
17464,3022
8655,3023
3741,3024
888,3025
5859,3026
23990,3027
5841,3028
23989,3029
10009,3030
20648,3031
23486,3032
4421,3033
13907,3034
21461,3035
17455,3036
16218,3037
23163,3038
10008,3039
4710,3040
950,3041
14560,3042
18414,3043
16849,3044
17600,3045
19999,3046
21649,3047
13771,3048
24229,3049
16097,3050
23365,3051
22505,3052
13792,3053
19216,3054
15341,3055
20798,3056
13791,3057
17518,3058
11350,3059
10665,3060
7227,3061
9980,3062
5846,3063
10028,3064
3730,3065
5636,3066
15952,3067
687,3068
13142,3069
21143,3070
23709,3071
10692,3072
6375,3073
21793,3074
2804,3075
4929,3076
8416,3077
15951,3078
8612,3079
12347,3080
2808,3081
1375,3082
13935,3083
2807,3084
3571,3085
20825,3086
18425,3087
17643,3088
4641,3089
8798,3090
7021,3091
15045,3092
1089,3093
2526,3094
3227,3095
11908,3096
1803,3097
18442,3098
5343,3099
15801,3100
10165,3101
8096,3102
9480,3103
1754,3104
6675,3105
10783,3106
5285,3107
8756,3108
10124,3109
2476,3110
10808,3111
3877,3112
6004,3113
9438,3114
3168,3115
10099,3116
4583,3117
2477,3118
5991,3119
14906,3120
5080,3121
2222,3122
5783,3123
2941,3124
4410,3125
3007,3126
844,3127
19259,3128
18457,3129
11355,3130
21709,3131
15403,3132
9301,3133
22560,3134
23419,3135
14643,3136
9985,3137
1547,3138
20858,3139
19230,3140
18427,3141
19056,3142
20650,3143
24023,3144
11542,3145
14875,3146
17140,3147
17750,3148
1777,3149
22482,3150
5092,3151
5794,3152
5946,3153
6049,3154
6971,3155
8533,3156
9266,3157
10639,3158
11272,3159
12354,3160
14085,3161
17599,3162
18467,3163
20315,3164
23243,3165
3314,3166
5286,3167
7214,3168
8338,3169
9958,3170
20651,3171
24026,3172
23165,3173
10268,3174
10809,3175
13292,3176
15495,3177
15635,3178
18403,3179
3235,3180
3677,3181
3836,3182
6285,3183
7892,3184
8575,3185
9905,3186
22316,3187
24024,3188
18257,3189
10150,3190
10627,3191
11312,3192
13129,3193
16388,3194
17752,3195
18375,3196
18711,3197
23240,3198
3945,3199
4877,3200
9217,3201
9262,3202
18255,3203
20649,3204
22313,3205
12566,3206
21212,3207
23781,3208
4946,3209
20392,3210
19592,3211
22901,3212
23758,3213
668,3214
23756,3215
13363,3216
1389,3217
22921,3218
22066,3219
22047,3220
11779,3221
11456,3222
12248,3223
16141,3224
1353,3225
13864,3226
13983,3227
15331,3228
16654,3229
17406,3230
18979,3231
2068,3232
2854,3233
619,3234
7547,3235
7685,3236
8743,3237
12793,3238
14116,3239
15422,3240
16653,3241
16880,3242
17405,3243
20791,3244
23669,3245
2777,3246
633,3247
6372,3248
6860,3249
9630,3250
12002,3251
12278,3252
12794,3253
1339,3254
14372,3255
14773,3256
16105,3257
18964,3258
2789,3259
3480,3260
4215,3261
8946,3262
997,3263
10999,3264
13580,3265
14370,3266
16930,3267
1707,3268
20585,3269
2130,3270
22838,3271
3482,3272
4171,3273
4189,3274
6175,3275
8773,3276
11587,3277
11590,3278
11592,3279
12379,3280
12380,3281
12383,3282
12385,3283
13174,3284
13175,3285
13176,3286
13178,3287
13972,3288
14763,3289
15521,3290
15522,3291
16273,3292
16275,3293
17779,3294
17781,3295
19379,3296
19382,3297
19383,3298
20176,3299
20177,3300
20179,3301
20180,3302
20977,3303
20983,3304
21828,3305
21831,3306
21836,3307
22681,3308
22683,3309
22687,3310
22691,3311
23538,3312
23541,3313
23542,3314
23543,3315
23547,3316
11591,3317
11593,3318
12381,3319
12382,3320
12384,3321
12387,3322
13177,3323
13180,3324
13967,3325
13968,3326
13973,3327
14760,3328
14762,3329
15524,3330
16274,3331
16276,3332
17778,3333
17780,3334
18578,3335
18582,3336
19377,3337
19381,3338
20181,3339
20976,3340
20978,3341
20979,3342
20980,3343
20982,3344
20986,3345
21833,3346
21837,3347
22684,3348
22686,3349
22688,3350
22689,3351
23539,3352
23540,3353
23544,3354
23548,3355
5472,3356
11588,3357
11589,3358
12386,3359
13179,3360
13181,3361
13969,3362
13970,3363
13971,3364
14761,3365
17026,3366
17027,3367
17028,3368
17029,3369
17783,3370
17784,3371
18577,3372
18579,3373
18580,3374
18581,3375
18583,3376
19378,3377
19380,3378
20178,3379
20182,3380
20981,3381
20984,3382
20985,3383
21829,3384
21830,3385
21832,3386
21834,3387
21835,3388
21838,3389
22682,3390
22685,3391
23546,3392
23549,3393
3353,3394
4059,3395
4770,3396
5119,3397
15195,3398
17665,3399
846,3400
6561,3401
12268,3402
10007,3403
4411,3404
3706,3405
5348,3406
18464,3407
7244,3408
22345,3409
21492,3410
18256,3411
15226,3412
21460,3413
22849,3414
1372,3415
19853,3416
23166,3417
24025,3418
22000,3419
21463,3420
23164,3421
19057,3422
18746,3423
19055,3424
19851,3425
19850,3426
3791,3427
19030,3428
4502,3429
11332,3430
10646,3431
11333,3432
5098,3433
11246,3434
7832,3435
6462,3436
2913,3437
8519,3438
6466,3439
9186,3440
10564,3441
5055,3442
11240,3443
15186,3444
9872,3445
11225,3446
734,3447
4335,3448
9193,3449
8504,3450
10548,3451
11221,3452
10547,3453
10533,3454
10530,3455
10561,3456
738,3457
9866,3458
12031,3459
3635,3460
6455,3461
747,3462
1459,3463
9179,3464
1467,3465
3632,3466
13623,3467
18196,3468
6476,3469
7155,3470
3628,3471
729,3472
3623,3473
15185,3474
6460,3475
7833,3476
5752,3477
9190,3478
11215,3479
2179,3480
6453,3481
7838,3482
2187,3483
9181,3484
5755,3485
16691,3486
14407,3487
8505,3488
9182,3489
2191,3490
7143,3491
15940,3492
9172,3493
1463,3494
17440,3495
7812,3496
9206,3497
3631,3498
6472,3499
733,3500
7826,3501
17436,3502
8511,3503
8491,3504
9880,3505
3624,3506
8497,3507
7813,3508
743,3509
6474,3510
11236,3511
15176,3512
10526,3513
5758,3514
10558,3515
6456,3516
12038,3517
8485,3518
2906,3519
5047,3520
9875,3521
6469,3522
8508,3523
11232,3524
11229,3525
8500,3526
12030,3527
7806,3528
9886,3529
15938,3530
14405,3531
10534,3532
1449,3533
9200,3534
10543,3535
13619,3536
8490,3537
17446,3538
8495,3539
11214,3540
9883,3541
6473,3542
9197,3543
10552,3544
11222,3545
14401,3546
9203,3547
2903,3548
11218,3549
8486,3550
15178,3551
14403,3552
6446,3553
4413,3554
21216,3555
2265,3556
1566,3557
22070,3558
5105,3559
22069,3560
3703,3561
4414,3562
822,3563
9297,3564
2107,3565
6722,3566
3043,3567
1601,3568
9353,3569
22548,3570
11462,3571
11410,3572
7272,3573
3044,3574
14636,3575
4444,3576
3737,3577
881,3578
15397,3579
3042,3580
2320,3581
8640,3582
5905,3583
19829,3584
3795,3585
1093,3586
4648,3587
20868,3588
19267,3589
10563,3590
10790,3591
10962,3592
1465,3593
22364,3594
23379,3595
744,3596
8113,3597
9837,3598
12936,3599
14537,3600
19796,3601
3626,3602
3627,3603
4037,3604
7432,3605
8513,3606
8771,3607
1045,3608
12829,3609
12969,3610
13621,3611
1827,3612
19159,3613
4326,3614
8506,3615
9602,3616
10276,3617
11191,3618
20689,3619
2190,3620
23361,3621
2482,3622
3636,3623
4346,3624
8815,3625
12084,3626
15170,3627
16129,3628
3633,3629
4343,3630
7330,3631
7431,3632
7837,3633
8913,3634
10554,3635
13606,3636
14615,3637
18361,3638
4038,3639
4666,3640
7150,3641
7329,3642
8509,3643
10545,3644
10792,3645
11228,3646
13725,3647
23377,3648
6838,3649
7114,3650
9503,3651
9867,3652
11247,3653
12221,3654
17520,3655
6432,3656
8028,3657
8814,3658
9204,3659
9594,3660
9885,3661
10963,3662
13676,3663
13765,3664
325,3665
4344,3666
5759,3667
7158,3668
7790,3669
8114,3670
10557,3671
10965,3672
13806,3673
14523,3674
1457,3675
1826,3676
735,3677
7793,3678
8029,3679
10555,3680
15320,3681
16694,3682
17445,3683
24175,3684
4602,3685
6427,3686
6744,3687
9600,3688
1018,3689
10870,3690
11234,3691
13622,3692
20809,3693
24172,3694
2892,3695
3333,3696
9191,3697
10542,3698
14536,3699
18190,3700
23305,3701
2551,3702
6457,3703
7141,3704
7388,3705
9606,3706
10791,3707
1112,3708
14522,3709
1456,3710
21662,3711
2182,3712
2905,3713
9598,3714
9836,3715
10077,3716
10868,3717
12935,3718
13013,3719
3625,3720
476,3721
5743,3722
5750,3723
7831,3724
11237,3725
14519,3726
15941,3727
16693,3728
1912,3729
3859,3730
3958,3731
5977,3732
7117,3733
10789,3734
12200,3735
15171,3736
17548,3737
2637,3738
394,3739
7823,3740
9187,3741
9868,3742
10971,3743
11231,3744
12036,3745
12137,3746
16815,3747
17430,3748
6701,3749
9502,3750
9869,3751
10538,3752
12032,3753
12176,3754
12824,3755
22443,3756
4600,3757
5453,3758
6063,3759
9153,3760
11230,3761
12035,3762
12827,3763
17549,3764
20821,3765
6061,3766
7525,3767
7795,3768
8027,3769
11216,3770
1441,3771
16037,3772
22501,3773
3894,3774
397,3775
8211,3776
9176,3777
9857,3778
10506,3779
11213,3780
12822,3781
13717,3782
1781,3783
18387,3784
4667,3785
7530,3786
9173,3787
12992,3788
16008,3789
1736,3790
1824,3791
3634,3792
6834,3793
722,3794
9201,3795
9882,3796
1017,3797
10964,3798
20810,3799
2184,3800
22361,3801
2547,3802
2893,3803
2907,3804
2908,3805
10187,3806
13724,3807
15180,3808
15937,3809
23359,3810
2638,3811
5037,3812
8060,3813
9185,3814
12823,3815
13615,3816
13721,3817
14404,3818
1918,3819
20794,3820
3188,3821
396,3822
7788,3823
10865,3824
11244,3825
16111,3826
4345,3827
5242,3828
5744,3829
5761,3830
7520,3831
8712,3832
10290,3833
12825,3834
18413,3835
18992,3836
22444,3837
297,3838
7139,3839
8498,3840
9504,3841
10075,3842
1823,3843
19097,3844
2192,3845
23389,3846
2915,3847
2916,3848
5745,3849
9593,3850
10559,3851
11242,3852
12082,3853
12970,3854
3895,3855
4327,3856
6742,3857
737,3858
8914,3859
10536,3860
16795,3861
23403,3862
4565,3863
6157,3864
8467,3865
8496,3866
9505,3867
9860,3868
10565,3869
10864,3870
11248,3871
19892,3872
20811,3873
3880,3874
6148,3875
746,3876
7792,3877
10866,3878
12083,3879
14744,3880
16863,3881
4342,3882
5053,3883
5757,3884
9838,3885
995,3886
1199,3887
12817,3888
12831,3889
14412,3890
15354,3891
19161,3892
7434,3893
9192,3894
9395,3895
10528,3896
12820,3897
17437,3898
1780,3899
1831,3900
22434,3901
2645,3902
3614,3903
8013,3904
11434,3905
19096,3906
2914,3907
390,3908
6833,3909
7160,3910
8522,3911
9839,3912
994,3913
10867,3914
13952,3915
1458,3916
15305,3917
17431,3918
18292,3919
6471,3920
6700,3921
736,3922
11190,3923
15288,3924
21645,3925
4338,3926
5753,3927
6152,3928
6743,3929
8059,3930
9877,3931
10511,3932
10967,3933
12991,3934
1451,3935
15943,3936
24176,3937
2900,3938
7433,3939
8740,3940
13614,3941
16036,3942
16817,3943
2552,3944
3915,3945
5739,3946
8492,3947
9610,3948
9855,3949
15942,3950
17444,3951
20596,3952
20758,3953
3332,3954
7828,3955
8694,3956
8819,3957
9453,3958
16041,3959
1828,3960
18411,3961
2169,3962
299,3963
6153,3964
7144,3965
7822,3966
8503,3967
10279,3968
13733,3969
276,3970
6470,3971
7154,3972
8514,3973
9157,3974
9385,3975
9499,3976
12141,3977
16063,3978
18191,3979
4337,3980
5048,3981
732,3982
7387,3983
7523,3984
8115,3985
10284,3986
1113,3987
11233,3988
14554,3989
23309,3990
5304,3991
7825,3992
8470,3993
9871,3994
10532,3995
14508,3996
1830,3997
1920,3998
20793,3999
5305,4000
6449,4001
7133,4002
8469,4003
13730,4004
1453,4005
14594,4006
2902,4007
5450,4008
5979,4009
7115,4010
8512,4011
8818,4012
10189,4013
10977,4014
13746,4015
16039,4016
17438,4017
20595,4018
7137,4019
7815,4020
9454,4021
21663,4022
23217,4023
6677,4024
7159,4025
7430,4026
8473,4027
8520,4028
8912,4029
9884,4030
10277,4031
14466,4032
1462,4033
1759,4034
19201,4035
2546,4036
2910,4037
6428,4038
741,4039
10105,4040
10976,4041
11223,4042
17432,4043
21589,4044
24244,4045
7817,4046
8822,4047
9862,4048
10556,4049
11239,4050
12142,4051
13159,4052
20009,4053
393,4054
4586,4055
5051,4056
8472,4057
12931,4058
13609,4059
16110,4060
1713,4061
17442,4062
17443,4063
6461,4064
7435,4065
8922,4066
10288,4067
13618,4068
16062,4069
16679,4070
22446,4071
6017,4072
8118,4073
9183,4074
9864,4075
10285,4076
15926,4077
16884,4078
17550,4079
6646,4080
7146,4081
7824,4082
8820,4083
9189,4084
10541,4085
1114,4086
11224,4087
12927,4088
18421,4089
4329,4090
6155,4091
8711,4092
9863,4093
10752,4094
1466,4095
16767,4096
6475,4097
6662,4098
745,4099
7519,4100
7794,4101
9496,4102
10544,4103
10872,4104
11227,4105
12174,4106
14514,4107
1760,4108
1916,4109
3616,4110
6459,4111
10871,4112
15183,4113
15284,4114
16692,4115
4568,4116
6433,4117
6661,4118
8207,4119
9188,4120
10191,4121
21646,4122
22435,4123
2644,4124
719,4125
7808,4126
8489,4127
9443,4128
9853,4129
10512,4130
1110,4131
24243,4132
5056,4133
5760,4134
6149,4135
742,4136
8003,4137
8739,4138
10537,4139
1115,4140
11220,4141
1205,4142
14511,4143
16689,4144
22499,4145
7377,4146
9152,4147
10875,4148
14556,4149
15279,4150
2890,4151
5302,4152
6450,4153
7134,4154
7529,4155
8493,4156
10566,4157
10759,4158
1109,4159
11196,4160
11249,4161
16258,4162
23218,4163
24253,4164
9887,4165
1444,4166
19214,4167
19888,4168
2185,4169
2459,4170
392,4171
4341,4172
5756,4173
6150,4174
12876,4175
14555,4176
5303,4177
6057,4178
7156,4179
7835,4180
8471,4181
8516,4182
9596,4183
1455,4184
17552,4185
23360,4186
2904,4187
3186,4188
4665,4189
5038,4190
5049,4191
6837,4192
12039,4193
12198,4194
14411,4195
1443,4196
23310,4197
2460,4198
4039,4199
6060,4200
7148,4201
11189,4202
1210,4203
14503,4204
15175,4205
16685,4206
18996,4207
19188,4208
2504,4209
3252,4210
10507,4211
1911,4212
21599,4213
22500,4214
3187,4215
6059,4216
7830,4217
9195,4218
9876,4219
14507,4220
347,4221
3959,4222
4333,4223
5266,4224
6448,4225
7810,4226
8212,4227
9150,4228
10183,4229
13674,4230
15927,4231
16816,4232
16883,4233
2631,4234
7834,4235
8515,4236
9199,4237
10107,4238
10281,4239
2177,4240
23314,4241
24242,4242
3957,4243
4334,4244
5749,4245
9155,4246
10510,4247
14512,4248
24241,4249
5994,4250
6156,4251
7138,4252
7816,4253
8119,4254
9180,4255
12924,4256
15934,4257
18192,4258
19215,4259
2458,4260
6451,4261
6748,4262
8210,4263
8494,4264
10181,4265
14595,4266
1464,4267
15505,4268
2189,4269
2912,4270
4540,4271
7116,4272
7345,4273
10760,4274
15355,4275
1909,4276
2186,4277
24075,4278
3618,4279
7836,4280
8518,4281
8816,4282
10553,4283
10761,4284
16862,4285
19958,4286
478,4287
5039,4288
6465,4289
8117,4290
9874,4291
12951,4292
14402,4293
15933,4294
16686,4295
1923,4296
23292,4297
2553,4298
3206,4299
5035,4300
11209,4301
13607,4302
1448,4303
14614,4304
1832,4305
21577,4306
726,4307
8214,4308
8695,4309
13807,4310
1461,4311
23215,4312
5040,4313
5054,4314
740,4315
9394,4316
9498,4317
9595,4318
10076,4319
10513,4320
11241,4321
12938,4322
17614,4323
8817,4324
9198,4325
9597,4326
9879,4327
10067,4328
10188,4329
12132,4330
14398,4331
2436,4332
6840,4333
7140,4334
7818,4335
8499,4336
10550,4337
10970,4338
12830,4339
14410,4340
19995,4341
24171,4342
3896,4343
7111,4344
9501,4345
12912,4346
14396,4347
15374,4348
2898,4349
4668,4350
6647,4351
7126,4352
7804,4353
8216,4354
12937,4355
18412,4356
2170,4357
2183,4358
2548,4359
298,4360
3331,4361
3630,4362
4340,4363
10068,4364
14520,4365
4336,4366
4748,4367
5751,4368
731,4369
7346,4370
8474,4371
9500,4372
10282,4373
10869,4374
11238,4375
13747,4376
18991,4377
19959,4378
7829,4379
8070,4380
9194,4381
2178,4382
22455,4383
22518,4384
3249,4385
5045,4386
5993,4387
7153,4388
7791,4389
9599,4390
12220,4391
15184,4392
20757,4393
2634,4394
3250,4395
6431,4396
6663,4397
7149,4398
7827,4399
10549,4400
12037,4401
14395,4402
15375,4403
16798,4404
2549,4405
8012,4406
9603,4407
9870,4408
10546,4409
15283,4410
16690,4411
1737,4412
17441,4413
1915,4414
20008,4415
2550,4416
721,4417
10975,4418
13617,4419
14406,4420
20020,4421
23304,4422
395,4423
7344,4424
7819,4425
8476,4426
10529,4427
10876,4428
11212,4429
13766,4430
21580,4431
2167,4432
3185,4433
488,4434
5044,4435
12156,4436
22432,4437
2503,4438
4324,4439
6160,4440
8487,4441
9170,4442
9507,4443
9851,4444
10180,4445
19095,4446
21673,4447
275,4448
7839,4449
8201,4450
8521,4451
9158,4452
9205,4453
13764,4454
15181,4455
15282,4456
326,4457
7789,4458
7821,4459
8502,4460
8821,4461
9605,4462
13616,4463
15179,4464
15936,4465
1829,4466
21588,4467
24223,4468
2483,4469
4751,4470
5741,4471
11193,4472
11217,4473
12129,4474
21661,4475
2642,4476
6678,4477
7135,4478
9177,4479
9506,4480
10508,4481
21578,4482
24225,4483
4045,4484
6444,4485
7128,4486
727,4487
8761,4488
8825,4489
10278,4490
1044,4491
10560,4492
11243,4493
16076,4494
1825,4495
23214,4496
7112,4497
9881,4498
10974,4499
11226,4500
15169,4501
16130,4502
17567,4503
21591,4504
6062,4505
9184,4506
9865,4507
14408,4508
15182,4509
15939,4510
16797,4511
17613,4512
4328,4513
6746,4514
8713,4515
9604,4516
1735,4517
20010,4518
20597,4519
24156,4520
4042,4521
6447,4522
7131,4523
7809,4524
8824,4525
16695,4526
22454,4527
24224,4528
2633,4529
5742,4530
6468,4531
7152,4532
7376,4533
8116,4534
16794,4535
1919,4536
19224,4537
3619,4538
6452,4539
7814,4540
8120,4541
9393,4542
9859,4543
10531,4544
15278,4545
19795,4546
3251,4547
3857,4548
7132,4549
8772,4550
8928,4551
9174,4552
10106,4553
2188,4554
22519,4555
2911,4556
391,4557
7318,4558
8202,4559
9156,4560
9202,4561
1111,4562
11195,4563
12199,4564
20687,4565
5052,4566
6835,4567
7157,4568
8517,4569
9421,4570
10280,4571
12175,4572
16800,4573
2181,4574
3617,4575
4601,4576
5050,4577
5367,4578
9878,4579
11194,4580
11235,4581
22451,4582
23378,4583
6464,4584
6745,4585
9422,4586
9601,4587
9873,4588
10539,4589
12033,4590
13722,4591
19213,4592
5288,4593
6430,4594
6841,4595
7436,4596
9861,4597
1066,4598
12028,4599
13612,4600
15932,4601
21579,4602
3960,4603
489,4604
5966,4605
9831,4606
10562,4607
11245,4608
1196,4609
13014,4610
3832,4611
5057,4612
5978,4613
8475,4614
9497,4615
14521,4616
1454,4617
16680,4618
17568,4619
2180,4620
6016,4621
6058,4622
8205,4623
9196,4624
1016,4625
10535,4626
1450,4627
16681,4628
16793,4629
23380,4630
6158,4631
7437,4632
9178,4633
19982,4634
24150,4635
2554,4636
3207,4637
6443,4638
7127,4639
718,4640
7532,4641
7805,4642
10291,4643
10874,4644
15281,4645
15304,4646
15935,4647
16688,4648
17439,4649
18990,4650
8071,4651
1116,4652
13718,4653
21644,4654
2899,4655
3897,4656
6159,4657
9175,4658
9833,4659
9856,4660
1117,4661
11211,4662
13714,4663
1922,4664
21643,4665
4603,4666
5748,4667
6426,4668
7130,4669
12497,4670
10060,4671
10495,4672
11128,4673
11968,4674
12291,4675
12325,4676
12474,4677
12523,4678
12761,4679
13548,4680
13551,4681
14341,4682
14509,4683
15093,4684
15106,4685
15850,4686
15906,4687
16418,4688
16600,4689
16611,4690
16894,4691
16975,4692
1743,4693
17721,4694
17939,4695
18676,4696
18729,4697
18737,4698
18952,4699
19156,4700
19210,4701
19331,4702
19399,4703
19400,4704
19401,4705
20005,4706
20312,4707
20805,4708
21078,4709
21732,4710
21931,4711
22584,4712
22785,4713
22790,4714
23294,4715
23643,4716
23695,4717
2466,4718
2557,4719
3600,4720
3884,4721
5682,4722
5726,4723
6133,4724
6262,4725
6358,4726
7507,4727
7980,4728
8664,4729
9376,4730
9768,4731
22064,4732
1542,4733
11535,4734
11673,4735
11681,4736
12402,4737
12467,4738
12754,4739
12756,4740
13084,4741
13260,4742
13267,4743
13547,4744
14053,4745
14060,4746
14337,4747
14504,4748
14627,4749
14846,4750
14910,4751
15100,4752
15147,4753
15471,4754
15849,4755
15862,4756
16231,4757
1648,4758
16607,4759
16612,4760
17358,4761
17363,4762
17687,4763
18151,4764
18223,4765
19236,4766
19514,4767
19529,4768
19539,4769
20330,4770
20337,4771
20999,4772
21391,4773
21638,4774
21976,4775
22246,4776
22433,4777
22631,4778
23297,4779
23352,4780
23442,4781
23558,4782
2366,4783
24216,4784
2489,4785
3256,4786
3599,4787
6136,4788
7777,4789
8458,4790
8766,4791
8902,4792
9088,4793
930,4794
17138,4795
20407,4796
5807,4797
12571,4798
10443,4799
11127,4800
11500,4801
11962,4802
12004,4803
12117,4804
12123,4805
13537,4806
13544,4807
14057,4808
1425,4809
14327,4810
14334,4811
14718,4812
14842,4813
14849,4814
14904,4815
15101,4816
15102,4817
15602,4818
15609,4819
15670,4820
15856,4821
16427,4822
16812,4823
17115,4824
17926,4825
18600,4826
18602,4827
18709,4828
19272,4829
19816,4830
20327,4831
20559,4832
20614,4833
20882,4834
20883,4835
21001,4836
21079,4837
21132,4838
21932,4839
22245,4840
23288,4841
23970,4842
3081,4843
3999,4844
440,4845
4480,4846
5434,4847
5724,4848
6644,4849
6730,4850
6820,4851
703,4852
7327,4853
7390,4854
8073,4855
8166,4856
8399,4857
8774,4858
9087,4859
15633,4860
17912,4861
10061,4862
10084,4863
11178,4864
11528,4865
11957,4866
11971,4867
11972,4868
12130,4869
12528,4870
12748,4871
12762,4872
12763,4873
12797,4874
13083,4875
13553,4876
13726,4877
14342,4878
14343,4879
14513,4880
14873,4881
14902,4882
15608,4883
16362,4884
17114,4885
17170,4886
17175,4887
17352,4888
17645,4889
17685,4890
1899,4891
19221,4892
19330,4893
19398,4894
19478,4895
19481,4896
20083,4897
20276,4898
20920,4899
20996,4900
21077,4901
21930,4902
21985,4903
22621,4904
22699,4905
22837,4906
23386,4907
24250,4908
3601,4909
4670,4910
4731,4911
4979,4912
5203,4913
5727,4914
6359,4915
7043,4916
7044,4917
7983,4918
8401,4919
8720,4920
9377,4921
9402,4922
1541,4923
2988,4924
23777,4925
20671,4926
5844,4927
5144,4928
7948,4929
10713,4930
10711,4931
10026,4932
3728,4933
9213,4934
8527,4935
7845,4936
2197,4937
23463,4938
15461,4939
16970,4940
22606,4941
17710,4942
18511,4943
17717,4944
19309,4945
20108,4946
14697,4947
23468,4948
12318,4949
21766,4950
23464,4951
12315,4952
20908,4953
23474,4954
22615,4955
21769,4956
21762,4957
21774,4958
17723,4959
14695,4960
18509,4961
13909,4962
13120,4963
13898,4964
23479,4965
23462,4966
12312,4967
23481,4968
3997,4969
11519,4970
13904,4971
4709,4972
21753,4973
20903,4974
12314,4975
23467,4976
20122,4977
17712,4978
18516,4979
22607,4980
16215,4981
23471,4982
20121,4983
13109,4984
22624,4985
17709,4986
19310,4987
22622,4988
20904,4989
23473,4990
20914,4991
23472,4992
15464,4993
20107,4994
20115,4995
20910,4996
15470,4997
16964,4998
13913,4999
20922,5000
20901,5001
19311,5002
11520,5003
11522,5004
13112,5005
18523,5006
20907,5007
18522,5008
13899,5009
22610,5010
21768,5011
20921,5012
20902,5013
12311,5014
13111,5015
5411,5016
16978,5017
13105,5018
21755,5019
21767,5020
22614,5021
3297,5022
21756,5023
13902,5024
20112,5025
21758,5026
21760,5027
17715,5028
22617,5029
14702,5030
16223,5031
14710,5032
3290,5033
19317,5034
20917,5035
23484,5036
3295,5037
16966,5038
19318,5039
22616,5040
13917,5041
21759,5042
21771,5043
19324,5044
16211,5045
20109,5046
13901,5047
13905,5048
20916,5049
17724,5050
21754,5051
20905,5052
21773,5053
16225,5054
18517,5055
19323,5056
14708,5057
10031,5058
10115,5059
10376,5060
10403,5061
10438,5062
10799,5063
10850,5064
10929,5065
10954,5066
11089,5067
11122,5068
11490,5069
11499,5070
11694,5071
11956,5072
11964,5073
11966,5074
12190,5075
12422,5076
12486,5077
12494,5078
12710,5079
12747,5080
12755,5081
12757,5082
12759,5083
12774,5084
12775,5085
12920,5086
12984,5087
13212,5088
13546,5089
13550,5090
13719,5091
14336,5092
14338,5093
14340,5094
14707,5095
14801,5096
14867,5097
15105,5098
15148,5099
15560,5100
15890,5101
16180,5102
16232,5103
16308,5104
16313,5105
1650,5106
16563,5107
16610,5108
16639,5109
16640,5110
16896,5111
17313,5112
17351,5113
17377,5114
1744,5115
17695,5116
17771,5117
18170,5118
18246,5119
18344,5120
18598,5121
18710,5122
18970,5123
19046,5124
19295,5125
1935,5126
19720,5127
20076,5128
20120,5129
20198,5130
20285,5131
20365,5132
20521,5133
20586,5134
20746,5135
21114,5136
21354,5137
21657,5138
21852,5139
22422,5140
22513,5141
22585,5142
22586,5143
22821,5144
22904,5145
23070,5146
23153,5147
23282,5148
23373,5149
2368,5150
23680,5151
23932,5152
24013,5153
24237,5154
3090,5155
3175,5156
3262,5157
3492,5158
3548,5159
3575,5160
4006,5161
4199,5162
4257,5163
4878,5164
4907,5165
5414,5166
5610,5167
5663,5168
5699,5169
6927,5170
7450,5171
7493,5172
7655,5173
8189,5174
8258,5175
8437,5176
8747,5177
9077,5178
932,5179
9429,5180
9758,5181
23784,5182
4068,5183
510,5184
1051,5185
11061,5186
11608,5187
11705,5188
11917,5189
11918,5190
11919,5191
11963,5192
11965,5193
11983,5194
12124,5195
12168,5196
12371,5197
12708,5198
12709,5199
12963,5200
13033,5201
13076,5202
13085,5203
13214,5204
13279,5205
13499,5206
13500,5207
13501,5208
13545,5209
13562,5210
13758,5211
13923,5212
14072,5213
14289,5214
14290,5215
14291,5216
14333,5217
14335,5218
14548,5219
14784,5220
14796,5221
14798,5222
14861,5223
14872,5224
15092,5225
15098,5226
15621,5227
15813,5228
15855,5229
15859,5230
15874,5231
15905,5232
1595,5233
15981,5234
16181,5235
16224,5236
16314,5237
1642,5238
16599,5239
16605,5240
16609,5241
16638,5242
16656,5243
16899,5244
16985,5245
17132,5246
17350,5247
17360,5248
17390,5249
17408,5250
1766,5251
17969,5252
18111,5253
18168,5254
18244,5255
18394,5256
18479,5257
1881,5258
18968,5259
19195,5260
19718,5261
19773,5262
19840,5263
20093,5264
20519,5265
20576,5266
20638,5267
20965,5268
21084,5269
21113,5270
21406,5271
21569,5272
21733,5273
21777,5274
22247,5275
22421,5276
22587,5277
22822,5278
23289,5279
23560,5280
23679,5281
23762,5282
24136,5283
24147,5284
332,5285
3776,5286
3901,5287
3969,5288
4170,5289
446,5290
4607,5291
5189,5292
5309,5293
5382,5294
5890,5295
6118,5296
6204,5297
6303,5298
6799,5299
6821,5300
6889,5301
6972,5302
6989,5303
7574,5304
7671,5305
8132,5306
8354,5307
9009,5308
11008,5309
20412,5310
4779,5311
10140,5312
10249,5313
10433,5314
10442,5315
10716,5316
10824,5317
10934,5318
11119,5319
11126,5320
1126,5321
1161,5322
11916,5323
12106,5324
12107,5325
12153,5326
12292,5327
12406,5328
12423,5329
12753,5330
12796,5331
13077,5332
13289,5333
13570,5334
13584,5335
13744,5336
1410,5337
14360,5338
14374,5339
14497,5340
14534,5341
14659,5342
14665,5343
14802,5344
15054,5345
15055,5346
15271,5347
15301,5348
15480,5349
15631,5350
15632,5351
15810,5352
15811,5353
15812,5354
16059,5355
16131,5356
16182,5357
16380,5358
16386,5359
16560,5360
16561,5361
16562,5362
16598,5363
16624,5364
17063,5365
17067,5366
17126,5367
17310,5368
17311,5369
17312,5370
17349,5371
17356,5372
17375,5373
17564,5374
17731,5375
17770,5376
18169,5377
18345,5378
18767,5379
18969,5380
19149,5381
19333,5382
19404,5383
2007,5384
20084,5385
21197,5386
21390,5387
21694,5388
21734,5389
21937,5390
21966,5391
22280,5392
23069,5393
23108,5394
2353,5395
23530,5396
23562,5397
23931,5398
3075,5399
3463,5400
3547,5401
355,5402
3804,5403
405,5404
444,5405
4511,5406
4680,5407
4906,5408
5217,5409
5423,5410
5609,5411
5697,5412
5918,5413
6270,5414
6286,5415
6356,5416
6357,5417
6704,5418
689,5419
6956,5420
7289,5421
7485,5422
7639,5423
7717,5424
7727,5425
8398,5426
8968,5427
8970,5428
9086,5429
9456,5430
9482,5431
9653,5432
9692,5433
9766,5434
9767,5435
1000,5436
10445,5437
10751,5438
10768,5439
11129,5440
11135,5441
11489,5442
11541,5443
11702,5444
11967,5445
11969,5446
12005,5447
12214,5448
12245,5449
12324,5450
12485,5451
12758,5452
12915,5453
12925,5454
13007,5455
13278,5456
13290,5457
13549,5458
13706,5459
13876,5460
14071,5461
14082,5462
14130,5463
14339,5464
14494,5465
14588,5466
14618,5467
14658,5468
14860,5469
14950,5470
15094,5471
15426,5472
15851,5473
15863,5474
16601,5475
16613,5476
16626,5477
16657,5478
16718,5479
17061,5480
17066,5481
1719,5482
17364,5483
17409,5484
17471,5485
17679,5486
17686,5487
17815,5488
18113,5489
18114,5490
18225,5491
18494,5492
18913,5493
18914,5494
18915,5495
19025,5496
19487,5497
1969,5498
19719,5499
20313,5500
20520,5501
20522,5502
20752,5503
21355,5504
21670,5505
21772,5506
21816,5507
21848,5508
21967,5509
22210,5510
22437,5511
22526,5512
22630,5513
22791,5514
23071,5515
23441,5516
23933,5517
23934,5518
2620,5519
2658,5520
281,5521
3383,5522
4020,5523
4284,5524
441,5525
4512,5526
4679,5527
4908,5528
4963,5529
4995,5530
5218,5531
5381,5532
5581,5533
5665,5534
5698,5535
5919,5536
5983,5537
613,5538
6242,5539
6304,5540
6360,5541
6379,5542
6582,5543
6887,5544
6990,5545
7063,5546
7486,5547
7490,5548
7740,5549
8034,5550
8257,5551
8295,5552
8355,5553
8969,5554
9096,5555
942,5556
9652,5557
9769,5558
9783,5559
18811,5560
7557,5561
1229,5562
21215,5563
5479,5564
2670,5565
19873,5566
3048,5567
4452,5568
4450,5569
9357,5570
9965,5571
9281,5572
1527,5573
3683,5574
6621,5575
3796,5576
20625,5577
1656,5578
23145,5579
22292,5580
5202,5581
3799,5582
7989,5583
12053,5584
8669,5585
12844,5586
12841,5587
16730,5588
6618,5589
23141,5590
7297,5591
15209,5592
8663,5593
7299,5594
5897,5595
18222,5596
5210,5597
22294,5598
13636,5599
11430,5600
4505,5601
15963,5602
16734,5603
18234,5604
4493,5605
7307,5606
13643,5607
13639,5608
3775,5609
4507,5610
15216,5611
19031,5612
10063,5613
1647,5614
3093,5615
12050,5616
22295,5617
20631,5618
3793,5619
9375,5620
17485,5621
13635,5622
6622,5623
938,5624
6612,5625
23144,5626
14430,5627
15968,5628
21439,5629
6614,5630
3800,5631
19827,5632
24001,5633
931,5634
7306,5635
22290,5636
6609,5637
17487,5638
5911,5639
8673,5640
24003,5641
7987,5642
20617,5643
19830,5644
5199,5645
19035,5646
19032,5647
5903,5648
16717,5649
4506,5650
3798,5651
5910,5652
5194,5653
4482,5654
2373,5655
5912,5656
21438,5657
20628,5658
5188,5659
937,5660
21442,5661
19833,5662
24004,5663
16732,5664
14432,5665
8671,5666
17481,5667
7294,5668
5895,5669
18236,5670
4500,5671
12049,5672
11432,5673
1649,5674
7991,5675
24002,5676
5209,5677
17470,5678
17486,5679
5906,5680
14426,5681
5914,5682
5212,5683
3797,5684
18232,5685
17479,5686
9374,5687
3095,5688
6619,5689
8666,5690
3088,5691
16723,5692
21437,5693
10059,5694
3008,5695
7551,5696
9999,5697
10997,5698
5116,5699
1565,5700
6865,5701
10310,5702
14963,5703
9335,5704
10705,5705
6572,5706
8622,5707
11210,5708
2175,5709
9854,5710
9848,5711
15379,5712
11449,5713
3228,5714
16891,5715
13043,5716
6726,5717
7415,5718
12243,5719
14620,5720
9484,5721
15381,5722
7417,5723
2527,5724
8803,5725
16143,5726
6725,5727
16138,5728
19244,5729
21693,5730
14626,5731
16889,5732
14622,5733
13036,5734
13038,5735
16136,5736
5345,5737
13830,5738
8097,5739
16135,5740
6042,5741
6727,5742
5344,5743
11452,5744
7414,5745
8098,5746
19245,5747
16897,5748
3938,5749
11450,5750
9485,5751
11582,5752
17023,5753
22678,5754
10037,5755
10114,5756
1025,5757
10319,5758
10321,5759
10361,5760
10377,5761
10723,5762
10798,5763
10891,5764
11005,5765
11037,5766
1124,5767
11408,5768
11419,5769
11529,5770
11533,5771
1185,5772
11888,5773
12001,5774
12131,5775
12135,5776
12191,5777
12255,5778
1231,5779
12321,5780
1234,5781
12428,5782
1245,5783
12487,5784
12511,5785
12680,5786
12930,5787
12985,5788
13305,5789
13456,5790
13471,5791
13472,5792
13473,5793
13555,5794
13581,5795
13779,5796
13908,5797
13912,5798
14098,5799
14160,5800
14248,5801
14264,5802
14344,5803
14345,5804
14371,5805
14568,5806
14700,5807
15020,5808
15028,5809
15030,5810
15052,5811
15109,5812
15203,5813
15286,5814
15328,5815
15329,5816
15462,5817
1561,5818
15777,5819
15785,5820
15787,5821
15960,5822
16085,5823
1613,5824
16187,5825
16559,5826
16712,5827
17192,5828
17285,5829
17309,5830
17463,5831
17696,5832
17711,5833
17793,5834
17800,5835
18099,5836
18100,5837
18123,5838
18362,5839
1842,5840
18529,5841
18599,5842
18887,5843
18890,5844
18899,5845
18925,5846
19284,5847
19315,5848
1938,5849
19691,5850
19694,5851
19700,5852
19702,5853
19731,5854
1983,5855
19953,5856
19957,5857
20128,5858
20129,5859
20192,5860
20317,5861
20410,5862
20490,5863
20499,5864
20503,5865
20504,5866
20532,5867
2058,5868
20756,5869
21208,5870
21323,5871
21324,5872
21331,5873
21332,5874
21336,5875
21696,5876
21700,5877
22178,5878
22179,5879
22187,5880
22188,5881
22192,5882
22194,5883
22514,5884
22583,5885
22804,5886
22807,5887
22924,5888
23040,5889
23053,5890
23055,5891
23307,5892
2333,5893
23374,5894
23662,5895
23665,5896
23902,5897
23915,5898
23917,5899
24238,5900
2465,5901
2564,5902
2565,5903
2619,5904
2699,5905
2790,5906
2827,5907
306,5908
3174,5909
3270,5910
3362,5911
3391,5912
3534,5913
3550,5914
3883,5915
4088,5916
4159,5917
4176,5918
4242,5919
464,5920
4684,5921
4688,5922
4798,5923
4904,5924
4947,5925
513,5926
526,5927
531,5928
5386,5929
541,5930
5499,5931
5650,5932
622,5933
6300,5934
6328,5935
634,5936
675,5937
6870,5938
6925,5939
6986,5940
7451,5941
7578,5942
7644,5943
7647,5944
7721,5945
8233,5946
8327,5947
8330,5948
8351,5949
8402,5950
8403,5951
843,5952
8746,5953
880,5954
893,5955
8984,5956
8993,5957
9047,5958
9316,5959
9428,5960
9523,5961
9622,5962
9657,5963
9667,5964
9693,5965
9729,5966
12373,5967
18573,5968
22679,5969
10044,5970
10269,5971
10322,5972
10446,5973
1073,5974
10730,5975
10823,5976
11039,5977
11130,5978
1132,5979
11415,5980
11498,5981
11536,5982
11718,5983
11780,5984
11869,5985
11878,5986
11882,5987
11883,5988
11885,5989
12000,5990
12127,5991
12154,5992
12260,5993
12323,5994
12328,5995
1251,5996
12510,5997
12572,5998
1261,5999
12660,6000
12662,6001
12671,6002
12675,6003
12678,6004
12760,6005
12792,6006
12918,6007
12949,6008
13128,6009
13455,6010
13464,6011
13468,6012
13713,6013
13723,6014
13922,6015
13982,6016
14043,6017
14097,6018
14247,6019
14255,6020
14259,6021
14535,6022
14671,6023
14704,6024
15027,6025
15051,6026
15107,6027
15302,6028
15396,6029
15683,6030
15864,6031
15958,6032
16060,6033
16176,6034
16400,6035
16525,6036
16526,6037
16532,6038
16533,6039
16535,6040
16558,6041
16615,6042
16710,6043
16813,6044
16885,6045
17282,6046
17283,6047
17308,6048
17366,6049
17404,6050
17461,6051
17565,6052
17795,6053
1788,6054
18008,6055
18087,6056
18090,6057
18095,6058
18096,6059
18211,6060
18353,6061
18380,6062
1846,6063
18484,6064
18688,6065
1869,6066
18807,6067
18809,6068
18886,6069
18889,6070
18896,6071
19154,6072
19296,6073
19500,6074
19613,6075
1966,6076
19693,6077
19701,6078
19703,6079
1973,6080
19730,6081
20118,6082
20123,6083
20298,6084
2040,6085
20492,6086
20500,6087
2066,6088
20897,6089
21321,6090
21334,6091
21364,6092
21697,6093
21843,6094
21854,6095
22061,6096
22176,6097
22190,6098
22191,6099
22695,6100
22706,6101
2284,6102
22915,6103
23047,6104
23052,6105
23080,6106
23296,6107
23300,6108
23487,6109
23552,6110
23779,6111
23913,6112
23914,6113
24158,6114
2511,6115
2700,6116
2761,6117
2787,6118
3214,6119
3267,6120
3292,6121
3363,6122
3387,6123
3489,6124
354,6125
3551,6126
3974,6127
4069,6128
408,6129
411,6130
4187,6131
4196,6132
4260,6133
465,6134
4732,6135
4805,6136
4884,6137
4894,6138
5156,6139
527,6140
5380,6141
5387,6142
542,6143
5433,6144
548,6145
5480,6146
5492,6147
5513,6148
5606,6149
5649,6150
5669,6151
5857,6152
6019,6153
621,6154
6276,6155
6593,6156
6703,6157
6962,6158
7277,6159
7544,6160
7560,6161
7645,6162
7648,6163
7667,6164
7917,6165
8010,6166
8138,6167
8272,6168
8293,6169
8328,6170
8331,6171
8598,6172
8691,6173
8945,6174
8958,6175
8987,6176
9011,6177
9360,6178
9640,6179
9641,6180
9677,6181
13962,6182
18575,6183
23536,6184
13167,6185
17773,6186
22670,6187
10311,6188
10354,6189
10362,6190
10410,6191
10413,6192
1050,6193
11038,6194
11096,6195
11099,6196
11117,6197
1129,6198
11407,6199
11530,6200
11534,6201
1186,6202
11870,6203
11879,6204
11884,6205
11886,6206
12128,6207
12169,6208
1260,6209
12661,6210
12663,6211
12672,6212
12676,6213
12677,6214
12923,6215
12964,6216
1323,6217
13369,6218
1341,6219
1342,6220
13454,6221
13465,6222
13469,6223
13470,6224
13497,6225
13759,6226
13842,6227
13981,6228
14161,6229
14246,6230
14256,6231
14260,6232
14261,6233
14262,6234
14287,6235
14549,6236
14635,6237
14660,6238
14887,6239
14923,6240
14954,6241
15019,6242
15029,6243
15108,6244
15144,6245
15315,6246
15433,6247
1562,6248
15647,6249
15713,6250
15776,6251
15784,6252
15786,6253
15865,6254
15866,6255
15902,6256
1599,6257
16043,6258
1610,6259
16219,6260
16296,6261
16469,6262
16527,6263
16534,6264
16536,6265
16571,6266
16614,6267
16616,6268
16972,6269
17036,6270
17049,6271
17152,6272
17220,6273
17277,6274
17284,6275
17286,6276
17365,6277
1765,6278
17794,6279
18010,6280
18012,6281
18097,6282
18395,6283
1843,6284
18521,6285
18618,6286
18897,6287
18924,6288
1898,6289
19196,6290
19285,6291
19390,6292
1948,6293
19519,6294
19699,6295
19704,6296
1978,6297
19785,6298
20094,6299
20114,6300
20193,6301
20498,6302
20501,6303
20531,6304
21098,6305
21101,6306
21207,6307
21322,6308
21335,6309
21337,6310
21951,6311
21954,6312
22177,6313
22193,6314
22442,6315
22447,6316
22493,6317
22619,6318
23038,6319
23039,6320
2319,6321
23301,6322
23306,6323
23353,6324
23410,6325
23440,6326
23476,6327
23551,6328
23670,6329
23900,6330
23901,6331
23916,6332
24163,6333
24168,6334
24217,6335
2488,6336
2568,6337
2729,6338
2826,6339
3191,6340
3266,6341
331,6342
3315,6343
3364,6344
3382,6345
3396,6346
3900,6347
3973,6348
3977,6349
4021,6350
407,6351
4080,6352
4105,6353
4606,6354
4678,6355
4685,6356
4708,6357
4730,6358
4966,6359
512,6360
5157,6361
5160,6362
5308,6363
532,6364
5390,6365
5481,6366
5500,6367
5506,6368
5587,6369
5597,6370
5818,6371
5858,6372
5861,6373
603,6374
6187,6375
6339,6376
6344,6377
6551,6378
6596,6379
6872,6380
7028,6381
7045,6382
7280,6383
7587,6384
7609,6385
7668,6386
8271,6387
879,6388
890,6389
8974,6390
9010,6391
9045,6392
9066,6393
9448,6394
9585,6395
9637,6396
9638,6397
9727,6398
9748,6399
10038,6400
10050,6401
10083,6402
10205,6403
10317,6404
10341,6405
10351,6406
10352,6407
10409,6408
10431,6409
10683,6410
10735,6411
10736,6412
10767,6413
11036,6414
11062,6415
11095,6416
1128,6417
11368,6418
11409,6419
11420,6420
11521,6421
11602,6422
11719,6423
11871,6424
11872,6425
11880,6426
11887,6427
11889,6428
11890,6429
11928,6430
11975,6431
12136,6432
1227,6433
12320,6434
1250,6435
1258,6436
12664,6437
12665,6438
12673,6439
12679,6440
12682,6441
12707,6442
12719,6443
12766,6444
13071,6445
13220,6446
13457,6447
13466,6448
13474,6449
13498,6450
13510,6451
13582,6452
1388,6453
1396,6454
14249,6455
14257,6456
14263,6457
14265,6458
14288,6459
14516,6460
14864,6461
15025,6462
15031,6463
15110,6464
15145,6465
15289,6466
15346,6467
15432,6468
15648,6469
15867,6470
15903,6471
1614,6472
16186,6473
16376,6474
16401,6475
16440,6476
16537,6477
16905,6478
17128,6479
17153,6480
1718,6481
17287,6482
17713,6483
17900,6484
18009,6485
18363,6486
18418,6487
1845,6488
18483,6489
18495,6490
18498,6491
18510,6492
18512,6493
18515,6494
18680,6495
18698,6496
18888,6497
18900,6498
1897,6499
19164,6500
19250,6501
19252,6502
19314,6503
19394,6504
19611,6505
19705,6506
20017,6507
20493,6508
20494,6509
20505,6510
20818,6511
2105,6512
21086,6513
21325,6514
21338,6515
21339,6516
21340,6517
21671,6518
21749,6519
21757,6520
21842,6521
22062,6522
22180,6523
22195,6524
22452,6525
22527,6526
22609,6527
22700,6528
2285,6529
22916,6530
22920,6531
23037,6532
23041,6533
23054,6534
23056,6535
23057,6536
23311,6537
23315,6538
23387,6539
23557,6540
23652,6541
23780,6542
23899,6543
23903,6544
23911,6545
23918,6546
23919,6547
23920,6548
24173,6549
24251,6550
2560,6551
2567,6552
2618,6553
2666,6554
2669,6555
2779,6556
280,6557
2829,6558
3058,6559
3381,6560
3478,6561
3481,6562
3490,6563
3858,6564
4018,6565
4019,6566
4062,6567
4087,6568
4099,6569
4185,6570
4259,6571
4567,6572
4729,6573
4778,6574
4789,6575
508,6576
511,6577
5430,6578
547,6579
5490,6580
5498,6581
5598,6582
5607,6583
6082,6584
6240,6585
6243,6586
6275,6587
6343,6588
6667,6589
667,6590
6767,6591
6908,6592
6961,6593
7350,6594
7456,6595
7556,6596
7577,6597
7722,6598
7956,6599
8033,6600
8238,6601
8278,6602
9091,6603
9354,6604
9364,6605
9366,6606
9401,6607
9666,6608
9749,6609
9771,6610
999,6611
10184,6612
12498,6613
16387,6614
20148,6615
21627,6616
2500,6617
3729,6618
4169,6619
6467,6620
7151,6621
8468,6622
8510,6623
8920,6624
10182,6625
12025,6626
1460,6627
15340,6628
17913,6629
20314,6630
22654,6631
2909,6632
4584,6633
5580,6634
6151,6635
7264,6636
739,6637
10027,6638
10125,6639
11706,6640
19205,6641
19516,6642
20949,6643
3248,6644
3462,6645
3629,6646
4339,6647
5451,6648
5754,6649
6429,6650
10186,6651
11188,6652
11398,6653
12828,6654
13620,6655
14409,6656
14874,6657
17139,6658
19176,6659
2049,6660
21804,6661
8924,6662
9466,6663
11494,6664
12772,6665
1401,6666
17589,6667
21103,6668
21956,6669
2664,6670
2778,6671
2799,6672
4982,6673
5685,6674
8247,6675
9425,6676
10818,6677
11980,6678
18397,6679
18739,6680
22579,6681
22809,6682
23667,6683
4076,6684
4981,6685
5684,6686
620,6687
7053,6688
8947,6689
12287,6690
12773,6691
15349,6692
19505,6693
1956,6694
20303,6695
2057,6696
278,6697
3509,6698
3563,6699
4272,6700
7730,6701
9629,6702
10313,6703
1340,6704
1351,6705
13559,6706
18738,6707
19243,6708
19281,6709
4270,6710
4980,6711
5487,6712
5683,6713
631,6714
988,6715
5913,6716
7990,6717
12845,6718
18231,6719
19817,6720
4504,6721
14434,6722
15975,6723
21441,6724
23143,6725
4503,6726
1654,6727
22291,6728
7979,6729
929,6730
15976,6731
7985,6732
18228,6733
4496,6734
5196,6735
5211,6736
13640,6737
7303,6738
15204,6739
19034,6740
7984,6741
12047,6742
7992,6743
8675,6744
7304,6745
17483,6746
19029,6747
3786,6748
5213,6749
24005,6750
10748,6751
19021,6752
14428,6753
14427,6754
5900,6755
4349,6756
3640,6757
3642,6758
19370,6759
23531,6760
2657,6761
1029,6762
2917,6763
5059,6764
2922,6765
19371,6766
20169,6767
20974,6768
3926,6769
1469,6770
10571,6771
5762,6772
11250,6773
3643,6774
3641,6775
19374,6776
21818,6777
23526,6778
8768,6779
7353,6780
15517,6781
20964,6782
22669,6783
16155,6784
19551,6785
15399,6786
3519,6787
14639,6788
4224,6789
19254,6790
19549,6791
9493,6792
4664,6793
1106,6794
9494,6795
4936,6796
22863,6797
662,6798
21157,6799
22859,6800
5639,6801
23722,6802
23718,6803
23720,6804
19560,6805
4229,6806
22012,6807
4228,6808
17958,6809
21154,6810
658,6811
1379,6812
2096,6813
21160,6814
3520,6815
18757,6816
22009,6817
22865,6818
20356,6819
3522,6820
2814,6821
2816,6822
1377,6823
4935,6824
5637,6825
660,6826
17960,6827
3524,6828
4230,6829
19557,6830
22008,6831
18758,6832
2094,6833
20357,6834
1381,6835
1033,6836
10863,6837
16010,6838
18404,6839
20145,6840
5060,6841
5764,6842
720,6843
749,6844
10568,6845
11251,6846
18546,6847
19206,6848
21511,6849
2891,6850
314,6851
3246,6852
9208,6853
1442,6854
1476,6855
16833,6856
1749,6857
20692,6858
20946,6859
2201,6860
2542,6861
4352,6862
11255,6863
7163,6864
6481,6865
13688,6866
12878,6867
1470,6868
19194,6869
2194,6870
22650,6871
3615,6872
389,6873
5313,6874
750,6875
1468,6876
18393,6877
19890,6878
21797,6879
3956,6880
4325,6881
4611,6882
748,6883
7840,6884
10572,6885
10861,6886
13147,6887
1475,6888
15252,6889
18435,6890
20787,6891
755,6892
9832,6893
752,6894
2198,6895
8523,6896
23264,6897
13146,6898
1706,6899
19093,6900
3613,6901
3929,6902
6478,6903
7162,6904
8524,6905
8813,6906
19094,6907
21799,6908
2517,6909
3151,6910
388,6911
8526,6912
9211,6913
9830,6914
9892,6915
2193,6916
23509,6917
24076,6918
2429,6919
2545,6920
3220,6921
3637,6922
4347,6923
7786,6924
10567,6925
11558,6926
16099,6927
18193,6928
19893,6929
2544,6930
3167,6931
9207,6932
9888,6933
11559,6934
13795,6935
1477,6936
18993,6937
23220,6938
2448,6939
5064,6940
5365,6941
5768,6942
12349,6943
15343,6944
17433,6945
18295,6946
3876,6947
4351,6948
8812,6949
9209,6950
9890,6951
7841,6952
10570,6953
10573,6954
20731,6955
16021,6956
751,6957
6482,6958
756,6959
18203,6960
5123,6961
4416,6962
17453,6963
709,6964
3605,6965
7103,6966
1430,6967
1300,6968
580,6969
2735,6970
4139,6971
2023,6972
4847,6973
2737,6974
4141,6975
8309,6976
2736,6977
9026,6978
4843,6979
6943,6980
4850,6981
1305,6982
6256,6983
3430,6984
8308,6985
10391,6986
585,6987
2021,6988
16348,6989
4842,6990
16349,6991
2020,6992
18650,6993
1301,6994
21052,6995
4140,6996
11079,6997
4136,6998
3427,6999
4845,7000
8310,7001
4142,7002
17853,7003
2738,7004
583,7005
10392,7006
9024,7007
18503,7008
3994,7009
4705,7010
13143,7011
2168,7012
24100,7013
24234,7014
315,7015
5366,7016
7844,7017
9212,7018
9893,7019
10122,7020
10179,7021
19347,7022
21527,7023
22510,7024
3639,7025
7842,7026
8525,7027
9154,7028
1034,7029
16245,7030
1820,7031
18311,7032
23370,7033
5063,7034
5767,7035
7165,7036
9835,7037
3125,7038
435,7039
3995,7040
19305,7041
10178,7042
19110,7043
20943,7044
2196,7045
2889,7046
2919,7047
3150,7048
4350,7049
8079,7050
1107,7051
11254,7052
1474,7053
20942,7054
2166,7055
2411,7056
7396,7057
754,7058
987,7059
1440,7060
14473,7061
19974,7062
22652,7063
3247,7064
5058,7065
6477,7066
7161,7067
8779,7068
23189,7069
20103,7070
17705,7071
18504,7072
5406,7073
17704,7074
21750,7075
16069,7076
22651,7077
24094,7078
3638,7079
4348,7080
5314,7081
5763,7082
7110,7083
9495,7084
11253,7085
1473,7086
1821,7087
18545,7088
20707,7089
20786,7090
3906,7091
5740,7092
753,7093
10177,7094
19987,7095
20705,7096
2199,7097
23504,7098
3197,7099
5036,7100
6480,7101
7164,7102
1686,7103
21486,7104
13938,7105
1471,7106
15172,7107
16850,7108
1822,7109
22383,7110
5062,7111
5766,7112
8728,7113
15491,7114
15929,7115
16098,7116
18313,7117
4353,7118
4663,7119
7355,7120
7846,7121
8529,7122
15342,7123
16682,7124
18544,7125
2200,7126
24102,7127
2923,7128
8038,7129
8811,7130
9894,7131
4437,7132
6580,7133
9343,7134
9342,7135
11256,7136
2921,7137
8528,7138
2920,7139
21158,7140
23721,7141
1382,7142
22010,7143
22007,7144
23719,7145
22864,7146
21155,7147
22862,7148
20358,7149
3521,7150
21159,7151
19558,7152
23717,7153
2092,7154
1378,7155
659,7156
2817,7157
22013,7158
20355,7159
22860,7160
21156,7161
23723,7162
17959,7163
22861,7164
2093,7165
2095,7166
657,7167
5638,7168
4934,7169
1380,7170
2097,7171
4231,7172
3523,7173
18756,7174
4227,7175
22011,7176
2815,7177
19559,7178
661,7179
19838,7180
19042,7181
20636,7182
20898,7183
17702,7184
19302,7185
2404,7186
1658,7187
940,7188
3096,7189
4703,7190
5405,7191
3993,7192
22338,7193
18241,7194
7993,7195
7308,7196
19841,7197
19045,7198
20639,7199
20100,7200
3286,7201
1868,7202
968,7203
22339,7204
4702,7205
5404,7206
18501,7207
11365,7208
842,7209
841,7210
6550,7211
2879,7212
17427,7213
7778,7214
15165,7215
2018,7216
6254,7217
4844,7218
5545,7219
3426,7220
4134,7221
2019,7222
2740,7223
2744,7224
586,7225
3431,7226
5548,7227
1298,7228
579,7229
4849,7230
5550,7231
4138,7232
7625,7233
2015,7234
4135,7235
7627,7236
8311,7237
3428,7238
5544,7239
17102,7240
6257,7241
17854,7242
18652,7243
4851,7244
5552,7245
4848,7246
5549,7247
4846,7248
5547,7249
3429,7250
4137,7251
1297,7252
578,7253
2022,7254
2743,7255
2742,7256
3433,7257
17101,7258
17852,7259
11077,7260
9023,7261
1303,7262
584,7263
1302,7264
15595,7265
19454,7266
20251,7267
2739,7268
582,7269
21904,7270
22757,7271
2741,7272
3432,7273
10393,7274
9709,7275
6940,7276
7624,7277
11078,7278
5543,7279
5546,7280
581,7281
6255,7282
6941,7283
3434,7284
5551,7285
1304,7286
18651,7287
1299,7288
2017,7289
6942,7290
7626,7291
9025,7292
9708,7293
2016,7294
9707,7295
10851,7296
16740,7297
24011,7298
21449,7299
4525,7300
12241,7301
3802,7302
4509,7303
7994,7304
22324,7305
10168,7306
11446,7307
1659,7308
16738,7309
15980,7310
3818,7311
22325,7312
14438,7313
13647,7314
22304,7315
11180,7316
1120,7317
11595,7318
12496,7319
13291,7320
1333,7321
1429,7322
20782,7323
21532,7324
343,7325
4043,7326
5720,7327
707,7328
11594,7329
15922,7330
16096,7331
16385,7332
17911,7333
21416,7334
22270,7335
23127,7336
2413,7337
2771,7338
4669,7339
5287,7340
7526,7341
11704,7342
12093,7343
17137,7344
17671,7345
17782,7346
19791,7347
2050,7348
20591,7349
22269,7350
23364,7351
23988,7352
485,7353
6689,7354
1083,7355
11596,7356
16379,7357
18312,7358
19973,7359
21968,7360
22823,7361
2556,7362
3602,7363
4046,7364
4312,7365
5015,7366
5023,7367
10449,7368
11497,7369
16838,7370
17044,7371
17889,7372
17899,7373
18697,7374
19756,7375
7003,7376
7363,7377
7563,7378
9093,7379
9773,7380
14328,7381
15431,7382
18687,7383
19198,7384
19502,7385
20300,7386
329,7387
4785,7388
642,7389
7046,7390
7723,7391
8404,7392
8967,7393
11133,7394
11978,7395
12769,7396
13539,7397
13875,7398
14589,7399
22793,7400
22806,7401
23664,7402
2439,7403
2802,7404
520,7405
8253,7406
11955,7407
11977,7408
12768,7409
13558,7410
16939,7411
19491,7412
21134,7413
3152,7414
3479,7415
3921,7416
4186,7417
521,7418
6884,7419
4940,7420
5643,7421
11754,7422
12546,7423
14930,7424
15690,7425
14134,7426
14928,7427
16443,7428
15686,7429
13341,7430
12544,7431
20370,7432
19572,7433
20367,7434
14925,7435
7008,7436
6322,7437
17972,7438
18771,7439
16442,7440
15685,7441
9755,7442
9073,7443
16446,7444
17198,7445
15687,7446
13340,7447
11749,7448
17195,7449
13343,7450
14135,7451
16445,7452
15688,7453
21169,7454
23732,7455
11753,7456
23734,7457
17197,7458
14927,7459
23731,7460
21168,7461
12542,7462
16444,7463
17199,7464
16447,7465
18769,7466
19570,7467
14132,7468
11750,7469
15689,7470
14929,7471
22020,7472
22873,7473
22022,7474
22875,7475
11752,7476
23733,7477
22021,7478
13339,7479
7690,7480
8373,7481
12545,7482
13342,7483
21167,7484
14131,7485
3527,7486
4235,7487
18768,7488
19569,7489
20368,7490
21170,7491
12541,7492
13338,7493
14926,7494
17196,7495
12543,7496
22874,7497
14133,7498
11751,7499
18242,7500
13826,7501
5215,7502
16134,7503
19041,7504
15223,7505
8800,7506
8799,7507
1371,7508
23713,7509
22853,7510
21999,7511
5731,7512
4315,7513
6419,7514
5026,7515
14823,7516
16334,7517
11654,7518
16339,7519
14828,7520
13243,7521
6918,7522
17094,7523
14824,7524
21903,7525
6234,7526
16337,7527
12449,7528
17093,7529
2005,7530
17089,7531
17092,7532
14826,7533
12450,7534
16340,7535
15586,7536
11050,7537
14032,7538
16338,7539
13245,7540
11655,7541
19452,7542
12451,7543
14035,7544
14037,7545
15583,7546
11656,7547
17848,7548
15582,7549
15587,7550
17091,7551
5536,7552
20249,7553
13244,7554
14036,7555
17491,7556
23151,7557
5916,7558
8678,7559
23149,7560
15982,7561
2377,7562
12058,7563
18459,7564
1090,7565
20057,7566
20860,7567
8127,7568
6755,7569
9514,7570
6070,7571
13240,7572
15585,7573
14827,7574
16336,7575
17090,7576
16341,7577
11657,7578
18648,7579
10715,7580
19044,7581
2314,7582
6623,7583
19808,7584
8633,7585
3098,7586
19842,7587
10660,7588
10662,7589
7904,7590
2260,7591
5013,7592
5716,7593
9137,7594
1417,7595
12448,7596
11658,7597
12453,7598
8286,7599
13242,7600
6919,7601
9682,7602
4835,7603
11400,7604
2316,7605
3037,7606
875,7607
19009,7608
7950,7609
7951,7610
2317,7611
5823,7612
1572,7613
2291,7614
6558,7615
1431,7616
5730,7617
7781,7618
708,7619
18731,7620
15667,7621
16424,7622
19535,7623
20333,7624
23689,7625
14907,7626
17176,7627
867,7628
3039,7629
3030,7630
11401,7631
5139,7632
6567,7633
8634,7634
10032,7635
5101,7636
813,7637
5804,7638
5803,7639
7083,7640
9798,7641
9123,7642
13587,7643
17111,7644
15605,7645
14845,7646
16359,7647
21653,7648
11383,7649
15311,7650
4432,7651
20773,7652
19219,7653
2307,7654
7251,7655
1062,7656
10991,7657
11165,7658
11701,7659
19983,7660
20286,7661
22690,7662
23678,7663
5374,7664
7753,7665
9127,7666
9807,7667
9976,7668
10990,7669
11167,7670
14081,7671
14871,7672
15523,7673
18684,7674
20012,7675
2558,7676
292,7677
6406,7678
7089,7679
7224,7680
7755,7681
10483,7682
12493,7683
13187,7684
13288,7685
17886,7686
23545,7687
24228,7688
3689,7689
3964,7690
6005,7691
6394,7692
9128,7693
9808,7694
11164,7695
17673,7696
1797,7697
19488,7698
20183,7699
20772,7700
21965,7701
22820,7702
2983,7703
9112,7704
9126,7705
9623,7706
9806,7707
11125,7708
11502,7709
12987,7710
18590,7711
18595,7712
19726,7713
20290,7714
23106,7715
23968,7716
4893,7717
4925,7718
5596,7719
8046,7720
1048,7721
13087,7722
19397,7723
19492,7724
1965,7725
22212,7726
22803,7727
23355,7728
23661,7729
2800,7730
6354,7731
7038,7732
8396,7733
13801,7734
14325,7735
15090,7736
15847,7737
1716,7738
17890,7739
17897,7740
18695,7741
19728,7742
22589,7743
22840,7744
4085,7745
4800,7746
10439,7747
13880,7748
20194,7749
21097,7750
21942,7751
21950,7752
2430,7753
3212,7754
3560,7755
4214,7756
4976,7757
5497,7758
5679,7759
5694,7760
7059,7761
1408,7762
2856,7763
1035,7764
22509,7765
19238,7766
18376,7767
8781,7768
8730,7769
16068,7770
18417,7771
2089,7772
2529,7773
19555,7774
20866,7775
1091,7776
20351,7777
3231,7778
4223,7779
13857,7780
6756,7781
12271,7782
9516,7783
13063,7784
8828,7785
13856,7786
8829,7787
4594,7788
2474,7789
3199,7790
7397,7791
10831,7792
10779,7793
3198,7794
7356,7795
9962,7796
7897,7797
10644,7798
11328,7799
13583,7800
15904,7801
5006,7802
18180,7803
6434,7804
1445,7805
10515,7806
7118,7807
22385,7808
316,7809
2412,7810
9463,7811
974,7812
5245,7813
20034,7814
9412,7815
9293,7816
4397,7817
2984,7818
3688,7819
4302,7820
696,7821
2868,7822
695,7823
11517,7824
12288,7825
12352,7826
14731,7827
15122,7828
15222,7829
15378,7830
15879,7831
15957,7832
16628,7833
17372,7834
17493,7835
17791,7836
18155,7837
18956,7838
18957,7839
19761,7840
19763,7841
19898,7842
20190,7843
20563,7844
20564,7845
20788,7846
20899,7847
21397,7848
21448,7849
21518,7850
21636,7851
21728,7852
21798,7853
22491,7854
23112,7855
23437,7856
24010,7857
3194,7858
3903,7859
4086,7860
522,7861
6364,7862
6793,7863
7048,7864
7382,7865
972,7866
10770,7867
11514,7868
12351,7869
13984,7870
1399,7871
14693,7872
15347,7873
16013,7874
16014,7875
16103,7876
16961,7877
17460,7878
17606,7879
20078,7880
20146,7881
20640,7882
2124,7883
2125,7884
2126,7885
21727,7886
21796,7887
22375,7888
23436,7889
2687,7890
2846,7891
2847,7892
2848,7893
3561,7894
3562,7895
3805,7896
4271,7897
4786,7898
4795,7899
6366,7900
6369,7901
680,7902
7413,7903
7726,7904
7996,7905
8407,7906
8680,7907
8722,7908
9404,7909
10166,7910
11515,7911
11560,7912
1242,7913
13646,7914
13896,7915
13897,7916
1400,7917
14437,7918
16629,7919
16709,7920
17379,7921
17380,7922
18156,7923
18407,7924
18480,7925
19209,7926
19348,7927
19392,7928
20877,7929
21450,7930
22252,7931
22303,7932
22580,7933
23113,7934
23371,7935
23508,7936
23975,7937
24085,7938
24086,7939
24087,7940
308,7941
3379,7942
4590,7943
5292,7944
5496,7945
6365,7946
6368,7947
678,7948
679,7949
7049,7950
7052,7951
8406,7952
10450,7953
11495,7954
11979,7955
12770,7956
13034,7957
13081,7958
13940,7959
15200,7960
15493,7961
15878,7962
17681,7963
17706,7964
18154,7965
18381,7966
18955,7967
19101,7968
19182,7969
19762,7970
20105,7971
20562,7972
20947,7973
20990,7974
21395,7975
21396,7976
22250,7977
22251,7978
23111,7979
23460,7980
23973,7981
23974,7982
2678,7983
3132,7984
3380,7985
4630,7986
4796,7987
5332,7988
5962,7989
6021,7990
6625,7991
6634,7992
7310,7993
7995,7994
941,7995
24058,7996
7768,7997
19078,7998
17418,7999
24057,8000
12860,8001
15916,8002
17194,8003
5774,8004
5775,8005
3652,8006
1491,8007
3580,8008
11994,8009
15897,8010
23123,8011
9518,8012
15414,8013
8129,8014
16924,8015
20657,8016
5605,8017
19064,8018
21969,8019
21471,8020
22315,8021
13300,8022
15652,8023
9007,8024
13869,8025
1411,8026
17133,8027
19189,8028
19909,8029
23677,8030
2661,8031
4616,8032
4780,8033
4880,8034
4986,8035
4997,8036
5700,8037
1011,8038
10992,8039
11488,8040
11992,8041
12784,8042
13685,8043
16383,8044
17135,8045
17393,8046
17887,8047
18963,8048
1947,8049
20813,8050
10323,8051
1412,8052
14663,8053
14870,8054
19911,8055
21648,8056
22819,8057
2773,8058
5691,8059
5702,8060
691,8061
8056,8062
9624,8063
11011,8064
1336,8065
14664,8066
14868,8067
15628,8068
15882,8069
21615,8070
23236,8071
2520,8072
2662,8073
6377,8074
7061,8075
7739,8076
12193,8077
1349,8078
15541,8079
16565,8080
20339,8081
2064,8082
21011,8083
22209,8084
22601,8085
2464,8086
5590,8087
6341,8088
7025,8089
15058,8090
15815,8091
17315,8092
1763,8093
17891,8094
18912,8095
20208,8096
21748,8097
23659,8098
24219,8099
629,8100
6886,8101
7004,8102
11921,8103
13008,8104
14294,8105
14911,8106
16294,8107
18112,8108
21863,8109
23458,8110
2785,8111
3477,8112
4887,8113
8385,8114
9400,8115
11920,8116
13503,8117
14293,8118
14781,8119
18689,8120
20896,8121
21012,8122
21352,8123
21948,8124
22476,8125
22801,8126
4923,8127
5329,8128
4254,8129
16511,8130
14226,8131
18072,8132
13133,8133
16237,8134
8194,8135
20675,8136
14722,8137
15486,8138
6823,8139
17505,8140
11545,8141
11546,8142
18534,8143
10261,8144
8895,8145
9579,8146
17506,8147
21493,8148
22854,8149
20354,8150
23714,8151
4932,8152
12795,8153
15146,8154
5710,8155
17407,8156
18766,8157
13336,8158
11746,8159
17191,8160
8600,8161
11369,8162
11370,8163
16993,8164
21781,8165
23493,8166
24230,8167
3701,8168
9995,8169
7237,8170
14530,8171
15487,8172
21783,8173
23491,8174
7919,8175
11366,8176
2280,8177
1585,8178
864,8179
19005,8180
14541,8181
20931,8182
2623,8183
4737,8184
12339,8185
12999,8186
14723,8187
19337,8188
20064,8189
1094,8190
18466,8191
19268,8192
16175,8193
16929,8194
15421,8195
11484,8196
10056,8197
10131,8198
10132,8199
10133,8200
10194,8201
10212,8202
10213,8203
10217,8204
10218,8205
10219,8206
10271,8207
10326,8208
10338,8209
10348,8210
10365,8211
10422,8212
10426,8213
10461,8214
1047,8215
1052,8216
10726,8217
10738,8218
10742,8219
10815,8220
10816,8221
10817,8222
10893,8223
10898,8224
10899,8225
10901,8226
10906,8227
10922,8228
10951,8229
10959,8230
11009,8231
11040,8232
11044,8233
11046,8234
11047,8235
11049,8236
11051,8237
11063,8238
11097,8239
11112,8240
11144,8241
1123,8242
1135,8243
1137,8244
11372,8245
1139,8246
1140,8247
11423,8248
11433,8249
11457,8250
1147,8251
11503,8252
11509,8253
11516,8254
1153,8255
11549,8256
1155,8257
11571,8258
11603,8259
11616,8260
11634,8261
11640,8262
11641,8263
11653,8264
11698,8265
11755,8266
11756,8267
11790,8268
11800,8269
11808,8270
11810,8271
11818,8272
11819,8273
11824,8274
11825,8275
11831,8276
11835,8277
11836,8278
11839,8279
11840,8280
11841,8281
11844,8282
11847,8283
11849,8284
11857,8285
11868,8286
11874,8287
11913,8288
11945,8289
11947,8290
11952,8291
11974,8292
12048,8293
12056,8294
12088,8295
12167,8296
12171,8297
12172,8298
12242,8299
12244,8300
12253,8301
1226,8302
12262,8303
12285,8304
12301,8305
12308,8306
12309,8307
12340,8308
12341,8309
12345,8310
1236,8311
12389,8312
12410,8313
12431,8314
12443,8315
12447,8316
12469,8317
12490,8318
12505,8319
12515,8320
12547,8321
12548,8322
12567,8323
12593,8324
12601,8325
12602,8326
12603,8327
12611,8328
12612,8329
12617,8330
12618,8331
12619,8332
12621,8333
12624,8334
12625,8335
12628,8336
12629,8337
12633,8338
12634,8339
12637,8340
12640,8341
12641,8342
12650,8343
12654,8344
12667,8345
12697,8346
12706,8347
1271,8348
1273,8349
12765,8350
1277,8351
1278,8352
12842,8353
1286,8354
12962,8355
12966,8356
12967,8357
13039,8358
1307,8359
13088,8360
13104,8361
13135,8362
13136,8363
13139,8364
13140,8365
13192,8366
13218,8367
13222,8368
13224,8369
13261,8370
13262,8371
13281,8372
13285,8373
13306,8374
13344,8375
13346,8376
13356,8377
13357,8378
13358,8379
13364,8380
13392,8381
13395,8382
13396,8383
13404,8384
13410,8385
13412,8386
13414,8387
13418,8388
13421,8389
13426,8390
13430,8391
13433,8392
13437,8393
13438,8394
13445,8395
13447,8396
13448,8397
13459,8398
13460,8399
13461,8400
13488,8401
13495,8402
13529,8403
13533,8404
13534,8405
1360,8406
13757,8407
13761,8408
13762,8409
1384,8410
13889,8411
13891,8412
13894,8413
13895,8414
13932,8415
1395,8416
13985,8417
14012,8418
14018,8419
14034,8420
14056,8421
14074,8422
14077,8423
14099,8424
14136,8425
14138,8426
14148,8427
14149,8428
14150,8429
14156,8430
14184,8431
14187,8432
14188,8433
14191,8434
14196,8435
14202,8436
14204,8437
14209,8438
14210,8439
14213,8440
14214,8441
14218,8442
14222,8443
14225,8444
14228,8445
14229,8446
14235,8447
14239,8448
14240,8449
14251,8450
14252,8451
14253,8452
14281,8453
14319,8454
14323,8455
14324,8456
14477,8457
14547,8458
14551,8459
14552,8460
14611,8461
14621,8462
14666,8463
14670,8464
14682,8465
14686,8466
14687,8467
14715,8468
14728,8469
14765,8470
14776,8471
14785,8472
14789,8473
14806,8474
14811,8475
14822,8476
14862,8477
14863,8478
14890,8479
14893,8480
14905,8481
14934,8482
14942,8483
14943,8484
14944,8485
14945,8486
14947,8487
14968,8488
14969,8489
14972,8490
14974,8491
14977,8492
14978,8493
14980,8494
14982,8495
14985,8496
14987,8497
14996,8498
14999,8499
15004,8500
15005,8501
15008,8502
15009,8503
15014,8504
15053,8505
15085,8506
15194,8507
15210,8508
15213,8509
1525,8510
15261,8511
15317,8512
15318,8513
15371,8514
15382,8515
15393,8516
15444,8517
15448,8518
15526,8519
15535,8520
15537,8521
15540,8522
15565,8523
15569,8524
15570,8525
15581,8526
15590,8527
15623,8528
15644,8529
15650,8530
15653,8531
15665,8532
15694,8533
15701,8534
15702,8535
15703,8536
15704,8537
15727,8538
15728,8539
15736,8540
15737,8541
15739,8542
15741,8543
15744,8544
15746,8545
15755,8546
15757,8547
15758,8548
15763,8549
15764,8550
15767,8551
15771,8552
15778,8553
15788,8554
15807,8555
15857,8556
15868,8557
15972,8558
16019,8559
16073,8560
16074,8561
16075,8562
16126,8563
16199,8564
16203,8565
1621,8566
16230,8567
16299,8568
1632,8569
16321,8570
16344,8571
16360,8572
16375,8573
16382,8574
16397,8575
16406,8576
16422,8577
16426,8578
16430,8579
16450,8580
16468,8581
16483,8582
16484,8583
16487,8584
16494,8585
16496,8586
16497,8587
16499,8588
16507,8589
16510,8590
16512,8591
16522,8592
16722,8593
16724,8594
16729,8595
16770,8596
16825,8597
16826,8598
16827,8599
16912,8600
16942,8601
16956,8602
16983,8603
17040,8604
17052,8605
17065,8606
17074,8607
17078,8608
17088,8609
17097,8610
17108,8611
17112,8612
17134,8613
17149,8614
17158,8615
17174,8616
17177,8617
17178,8618
17202,8619
17215,8620
17234,8621
17235,8622
17238,8623
17240,8624
17245,8625
17246,8626
17250,8627
17261,8628
17266,8629
17269,8630
17270,8631
17271,8632
17273,8633
17342,8634
17347,8635
17368,8636
17475,8637
17477,8638
17482,8639
17522,8640
17577,8641
17578,8642
1762,8643
17647,8644
17650,8645
17666,8646
1767,8647
17700,8648
17701,8649
17708,8650
17741,8651
17788,8652
17818,8653
17819,8654
17838,8655
17846,8656
17855,8657
17864,8658
17883,8659
17904,8660
17915,8661
17936,8662
17954,8663
17968,8664
17973,8665
17974,8666
17989,8667
17991,8668
17995,8669
18032,8670
18033,8671
18042,8672
18048,8673
18064,8674
18069,8675
18080,8676
18084,8677
18144,8678
18148,8679
18153,8680
18239,8681
18329,8682
18335,8683
18398,8684
18461,8685
18471,8686
18486,8687
1849,8688
18497,8689
18499,8690
1852,8691
1853,8692
18536,8693
1854,8694
18541,8695
18593,8696
1861,8697
18619,8698
1862,8699
18625,8700
18629,8701
18634,8702
18635,8703
18638,8704
18644,8705
18646,8706
18653,8707
18656,8708
1866,8709
18662,8710
18681,8711
18734,8712
18735,8713
18752,8714
18772,8715
18773,8716
18801,8717
18831,8718
18832,8719
18841,8720
18860,8721
18863,8722
18868,8723
18880,8724
18884,8725
1889,8726
18891,8727
18923,8728
1895,8729
19022,8730
19028,8731
19128,8732
19136,8733
19199,8734
19200,8735
19299,8736
19306,8737
19308,8738
19391,8739
19422,8740
19428,8741
19432,8742
19448,8743
19449,8744
19450,8745
19457,8746
19466,8747
19485,8748
19510,8749
1952,8750
19522,8751
1953,8752
19554,8753
19582,8754
19583,8755
19585,8756
19636,8757
19637,8758
19639,8759
19642,8760
19645,8761
19648,8762
19653,8763
19668,8764
19672,8765
19681,8766
19687,8767
19716,8768
19729,8769
19751,8770
19758,8771
1977,8772
1982,8773
19821,8774
1984,8775
1988,8776
19896,8777
1992,8778
19923,8779
19924,8780
19926,8781
1994,8782
19990,8783
19993,8784
20032,8785
20040,8786
20068,8787
20082,8788
20086,8789
20104,8790
20138,8791
20141,8792
20206,8793
20225,8794
20228,8795
20235,8796
20236,8797
20245,8798
2025,8799
2027,8800
20283,8801
20308,8802
20349,8803
20379,8804
20381,8805
20382,8806
20384,8807
20390,8808
20395,8809
20435,8810
20436,8811
20438,8812
20444,8813
20450,8814
20452,8815
20467,8816
20471,8817
20483,8818
20486,8819
2052,8820
20552,8821
20610,8822
20619,8823
2069,8824
20723,8825
20725,8826
20789,8827
20792,8828
20834,8829
2086,8830
2087,8831
20889,8832
20936,8833
20940,8834
21010,8835
21025,8836
21035,8837
21036,8838
21041,8839
21049,8840
21058,8841
21096,8842
21107,8843
21110,8844
21117,8845
21126,8846
21148,8847
21152,8848
21172,8849
21173,8850
21179,8851
21180,8852
21191,8853
21205,8854
21206,8855
21210,8856
21245,8857
21247,8858
21248,8859
21261,8860
21262,8861
21265,8862
21271,8863
21280,8864
21287,8865
21288,8866
21290,8867
21306,8868
21314,8869
21328,8870
2134,8871
21350,8872
21392,8873
21425,8874
21430,8875
2151,8876
21519,8877
2154,8878
21552,8879
21637,8880
21640,8881
21641,8882
21729,8883
21787,8884
21887,8885
21888,8886
21892,8887
21901,8888
21910,8889
21913,8890
21917,8891
21939,8892
21960,8893
21963,8894
21970,8895
21979,8896
21997,8897
22004,8898
22025,8899
22026,8900
22033,8901
22100,8902
22102,8903
22103,8904
22105,8905
22116,8906
22117,8907
22135,8908
22143,8909
22150,8910
22153,8911
22169,8912
2218,8913
22183,8914
22275,8915
22276,8916
22278,8917
22372,8918
22373,8919
22402,8920
22405,8921
22407,8922
2249,8923
22492,8924
22495,8925
22496,8926
22590,8927
22637,8928
22644,8929
22712,8930
22714,8931
22728,8932
22734,8933
22736,8934
22737,8935
22744,8936
22745,8937
22756,8938
22761,8939
22766,8940
22770,8941
22787,8942
22815,8943
22818,8944
22846,8945
22893,8946
22955,8947
22957,8948
22959,8949
22975,8950
22992,8951
22993,8952
22994,8953
22999,8954
23000,8955
23001,8956
23002,8957
23004,8958
23009,8959
23016,8960
23025,8961
23036,8962
23050,8963
23105,8964
23129,8965
23142,8966
23147,8967
2318,8968
23224,8969
23225,8970
23227,8971
23253,8972
23260,8973
23350,8974
23351,8975
23356,8976
23357,8977
23431,8978
23494,8979
23496,8980
23501,8981
23554,8982
23570,8983
23573,8984
23588,8985
23595,8986
23596,8987
23613,8988
23615,8989
2362,8990
23621,8991
23624,8992
23625,8993
23628,8994
23660,8995
23673,8996
23676,8997
23715,8998
23743,8999
23744,9000
23751,9001
23754,9002
23755,9003
23773,9004
23815,9005
23817,9006
23835,9007
23852,9008
23853,9009
23854,9010
23859,9011
23861,9012
23864,9013
23869,9014
23876,9015
23881,9016
23886,9017
23898,9018
23972,9019
24007,9020
24088,9021
24115,9022
24122,9023
2418,9024
24214,9025
24215,9026
24220,9027
2423,9028
2490,9029
2563,9030
2583,9031
2588,9032
2705,9033
2711,9034
2714,9035
2723,9036
2727,9037
2774,9038
2810,9039
2824,9040
2836,9041
2839,9042
2989,9043
3084,9044
3140,9045
3192,9046
3193,9047
3269,9048
328,9049
3289,9050
333,9051
3352,9052
3356,9053
3359,9054
3385,9055
3388,9056
3401,9057
3402,9058
3405,9059
3407,9060
3409,9061
3416,9062
3439,9063
3441,9064
3472,9065
3488,9066
3515,9067
3531,9068
3559,9069
3572,9070
3756,9071
3777,9072
3787,9073
3840,9074
3844,9075
3902,9076
3952,9077
3980,9078
3984,9079
3986,9080
4033,9081
4064,9082
4070,9083
4093,9084
4107,9085
4108,9086
4118,9087
4147,9088
4149,9089
4188,9090
4195,9091
421,9092
4221,9093
424,9094
4251,9095
427,9096
4281,9097
431,9098
4311,9099
434,9100
4484,9101
4490,9102
4494,9103
4541,9104
4552,9105
4555,9106
457,9107
4608,9108
4682,9109
4687,9110
4695,9111
4707,9112
4744,9113
4815,9114
4824,9115
4826,9116
4827,9117
4833,9118
4857,9119
4863,9120
4881,9121
4882,9122
4883,9123
4903,9124
4919,9125
4920,9126
4954,9127
4956,9128
4959,9129
4965,9130
4974,9131
4992,9132
503,9133
5127,9134
514,9135
5169,9136
5179,9137
5190,9138
5253,9139
5310,9140
5351,9141
5372,9142
5393,9143
5395,9144
5403,9145
543,9146
5508,9147
5517,9148
5526,9149
5528,9150
553,9151
5535,9152
554,9153
5564,9154
5583,9155
5585,9156
5586,9157
5622,9158
5632,9159
565,9160
5677,9161
5695,9162
5870,9163
588,9164
5880,9165
5891,9166
593,9167
6009,9168
6010,9169
6045,9170
6095,9171
6103,9172
6106,9173
6127,9174
6131,9175
6177,9176
6179,9177
6218,9178
6221,9179
6231,9180
6233,9181
6281,9182
6302,9183
6315,9184
6316,9185
6319,9186
6331,9187
6335,9188
6338,9189
6414,9190
6415,9191
6435,9192
650,9193
653,9194
6588,9195
6615,9196
666,9197
6693,9198
6694,9199
6695,9200
6729,9201
6769,9202
6771,9203
6779,9204
6788,9205
6790,9206
6791,9207
6817,9208
6876,9209
6899,9210
6901,9211
6902,9212
6906,9213
6916,9214
692,9215
6967,9216
6987,9217
6988,9218
7000,9219
7001,9220
7002,9221
7019,9222
7119,9223
7267,9224
7300,9225
7379,9226
7380,9227
7381,9228
7418,9229
7464,9230
7468,9231
7469,9232
7477,9233
7478,9234
7499,9235
7500,9236
7548,9237
7564,9238
7592,9239
7593,9240
7599,9241
7600,9242
7601,9243
7612,9244
7642,9245
7650,9246
7669,9247
7682,9248
7684,9249
7696,9250
7702,9251
7718,9252
7811,9253
7921,9254
7978,9255
8061,9256
8062,9257
8063,9258
8064,9259
8065,9260
8144,9261
8145,9262
815,9263
8159,9264
8181,9265
8182,9266
8239,9267
8270,9268
8276,9269
8277,9270
8283,9271
8284,9272
8285,9273
8325,9274
8333,9275
8365,9276
8377,9277
8378,9278
8379,9279
8604,9280
8659,9281
8662,9282
8763,9283
8764,9284
8765,9285
8843,9286
8854,9287
8856,9288
8859,9289
8901,9290
8933,9291
8955,9292
8962,9293
8983,9294
8986,9295
8998,9296
9000,9297
901,9298
9062,9299
9097,9300
913,9301
9140,9302
9228,9303
925,9304
9324,9305
9348,9306
9356,9307
9368,9308
9372,9309
9445,9310
9446,9311
9447,9312
9524,9313
9526,9314
9527,9315
9537,9316
9538,9317
9542,9318
9549,9319
9584,9320
9615,9321
9645,9322
9654,9323
9655,9324
9671,9325
9721,9326
9726,9327
9744,9328
979,9329
981,9330
9818,9331
9821,9332
1001,9333
10053,9334
10062,9335
10066,9336
10079,9337
10080,9338
10081,9339
10085,9340
10086,9341
10169,9342
10208,9343
10211,9344
10216,9345
10223,9346
10224,9347
10226,9348
10234,9349
10235,9350
10251,9351
10304,9352
10324,9353
10337,9354
10364,9355
10366,9356
10406,9357
10427,9358
10429,9359
10441,9360
10693,9361
10719,9362
10763,9363
10764,9364
10769,9365
10855,9366
10892,9367
10895,9368
10907,9369
10913,9370
10937,9371
10944,9372
10981,9373
10993,9374
10995,9375
11024,9376
11034,9377
11045,9378
11048,9379
11092,9380
11113,9381
11115,9382
11179,9383
1130,9384
1136,9385
11373,9386
1143,9387
1145,9388
1146,9389
1148,9390
11551,9391
11614,9392
11615,9393
11631,9394
11635,9395
11638,9396
11639,9397
11642,9398
11651,9399
11674,9400
11678,9401
11699,9402
1172,9403
11758,9404
11760,9405
11766,9406
11770,9407
11771,9408
11803,9409
11804,9410
11812,9411
11814,9412
11815,9413
11816,9414
11829,9415
11830,9416
11838,9417
11843,9418
11853,9419
11856,9420
11858,9421
11876,9422
11881,9423
11891,9424
11909,9425
11948,9426
11949,9427
11950,9428
12051,9429
12055,9430
12096,9431
12213,9432
12216,9433
12217,9434
12218,9435
1225,9436
12290,9437
12296,9438
1232,9439
12343,9440
12346,9441
12388,9442
12408,9443
12409,9444
1241,9445
12426,9446
12472,9447
1249,9448
12491,9449
12550,9450
12552,9451
12558,9452
12562,9453
12563,9454
12564,9455
12565,9456
12596,9457
12597,9458
12605,9459
12607,9460
12623,9461
12631,9462
12632,9463
12636,9464
1264,9465
12646,9466
12649,9467
12653,9468
12656,9469
12698,9470
1270,9471
12705,9472
12739,9473
12740,9474
12741,9475
1276,9476
1279,9477
1280,9478
1283,9479
12849,9480
13006,9481
13009,9482
13010,9483
13011,9484
1311,9485
1313,9486
13138,9487
13204,9488
13215,9489
13221,9490
13228,9491
13283,9492
13349,9493
1335,9494
13354,9495
13355,9496
13361,9497
13390,9498
13391,9499
13398,9500
13400,9501
13401,9502
13402,9503
13407,9504
13413,9505
13419,9506
13424,9507
13429,9508
13436,9509
13439,9510
13440,9511
13496,9512
13531,9513
1355,9514
13552,9515
13556,9516
1359,9517
13634,9518
13681,9519
13799,9520
13800,9521
13802,9522
13803,9523
13804,9524
13847,9525
1387,9526
13882,9527
13890,9528
13931,9529
13951,9530
1397,9531
13974,9532
13980,9533
13994,9534
14017,9535
14119,9536
14129,9537
14141,9538
14182,9539
14183,9540
14190,9541
14192,9542
14193,9543
14194,9544
14199,9545
14208,9546
14211,9547
14216,9548
14217,9549
14221,9550
14231,9551
14232,9552
14286,9553
14320,9554
14355,9555
14470,9556
14479,9557
14587,9558
14590,9559
14591,9560
14592,9561
14625,9562
14632,9563
14672,9564
14690,9565
14692,9566
14725,9567
14726,9568
14764,9569
14769,9570
14779,9571
14812,9572
14817,9573
14820,9574
14825,9575
14830,9576
14833,9577
14894,9578
14908,9579
14939,9580
14948,9581
14970,9582
14971,9583
14973,9584
14975,9585
14981,9586
14986,9587
14990,9588
14994,9589
14997,9590
15003,9591
15011,9592
15023,9593
15048,9594
15056,9595
15121,9596
15130,9597
15206,9598
15256,9599
15348,9600
15350,9601
15351,9602
15380,9603
15423,9604
15434,9605
15454,9606
15476,9607
15545,9608
1555,9609
15567,9610
15576,9611
15578,9612
15589,9613
15603,9614
15630,9615
15654,9616
15666,9617
15729,9618
15730,9619
15732,9620
15733,9621
15734,9622
15745,9623
15749,9624
15750,9625
15753,9626
15759,9627
15762,9628
15769,9629
15780,9630
1586,9631
15887,9632
15965,9633
16104,9634
16106,9635
16107,9636
16108,9637
16189,9638
16198,9639
16201,9640
16207,9641
16209,9642
16210,9643
16242,9644
16318,9645
16319,9646
16330,9647
16331,9648
16332,9649
16407,9650
16461,9651
16478,9652
16488,9653
16502,9654
16504,9655
16505,9656
16508,9657
16514,9658
16519,9659
16520,9660
1653,9661
1655,9662
1657,9663
16591,9664
16619,9665
16719,9666
16727,9667
16733,9668
16855,9669
16856,9670
16858,9671
16859,9672
16860,9673
16893,9674
16950,9675
16951,9676
16954,9677
16959,9678
16960,9679
16962,9680
16982,9681
16996,9682
17046,9683
17071,9684
17072,9685
17077,9686
17082,9687
17083,9688
17084,9689
17085,9690
17096,9691
1715,9692
17216,9693
17253,9694
17255,9695
17256,9696
17259,9697
17262,9698
17268,9699
17303,9700
17307,9701
17344,9702
17472,9703
17480,9704
17607,9705
17608,9706
17609,9707
17610,9708
17611,9709
17697,9710
17736,9711
17806,9712
17807,9713
17816,9714
17825,9715
17826,9716
17831,9717
17837,9718
17839,9719
17842,9720
17843,9721
17844,9722
17906,9723
17909,9724
17932,9725
17938,9726
17956,9727
17984,9728
17988,9729
17993,9730
18004,9731
18007,9732
18034,9733
18043,9734
18047,9735
18055,9736
18057,9737
18065,9738
18068,9739
18071,9740
18082,9741
18083,9742
18089,9743
18092,9744
18093,9745
18226,9746
18230,9747
18233,9748
18235,9749
18332,9750
18334,9751
18336,9752
1834,9753
18448,9754
1851,9755
18540,9756
1857,9757
1860,9758
18606,9759
18616,9760
18636,9761
1864,9762
18643,9763
1865,9764
18655,9765
18704,9766
18707,9767
18718,9768
18730,9769
18736,9770
18753,9771
18755,9772
18783,9773
18803,9774
18833,9775
18838,9776
18842,9777
18844,9778
18846,9779
18847,9780
18854,9781
18856,9782
18867,9783
18870,9784
18881,9785
18882,9786
18892,9787
18893,9788
18947,9789
19033,9790
19102,9791
19105,9792
19129,9793
19135,9794
19137,9795
19220,9796
19280,9797
19283,9798
19300,9799
19301,9800
19307,9801
19341,9802
19342,9803
19438,9804
1944,9805
19446,9806
19455,9807
19462,9808
19490,9809
19507,9810
19513,9811
19523,9812
19534,9813
19538,9814
19552,9815
19556,9816
19575,9817
19586,9818
19643,9819
19646,9820
19649,9821
19652,9822
19659,9823
19661,9824
19662,9825
19664,9826
19669,9827
19671,9828
19674,9829
19685,9830
19686,9831
19689,9832
19692,9833
19696,9834
19697,9835
1972,9836
19753,9837
1976,9838
1979,9839
19824,9840
19832,9841
1987,9842
19899,9843
19929,9844
1993,9845
19933,9846
19934,9847
1995,9848
1997,9849
2000,9850
2003,9851
20044,9852
20079,9853
20096,9854
20099,9855
20137,9856
20139,9857
20140,9858
20218,9859
20229,9860
20230,9861
20238,9862
2024,9863
20243,9864
20244,9865
20252,9866
20288,9867
20305,9868
20311,9869
20321,9870
2033,9871
20332,9872
20336,9873
20353,9874
20373,9875
20385,9876
20388,9877
20389,9878
20440,9879
20442,9880
20445,9881
20448,9882
20449,9883
20451,9884
20458,9885
20460,9886
20461,9887
20463,9888
20468,9889
20473,9890
20488,9891
20491,9892
20495,9893
20496,9894
2054,9895
2055,9896
20554,9897
20561,9898
20573,9899
20622,9900
20630,9901
20698,9902
20699,9903
2070,9904
20726,9905
20730,9906
20733,9907
2077,9908
2088,9909
20886,9910
2090,9911
21029,9912
21030,9913
21037,9914
21038,9915
21039,9916
21059,9917
21080,9918
21118,9919
21131,9920
21145,9921
2115,9922
21153,9923
21174,9924
21198,9925
21242,9926
21250,9927
21252,9928
21254,9929
21258,9930
21266,9931
21268,9932
21272,9933
21273,9934
21274,9935
21279,9936
21281,9937
21282,9938
21284,9939
21285,9940
21296,9941
21308,9942
21315,9943
21316,9944
21317,9945
21521,9946
21548,9947
2155,9948
21551,9949
21712,9950
2172,9951
21731,9952
21738,9953
21785,9954
21788,9955
21841,9956
21872,9957
21873,9958
21876,9959
21883,9960
21889,9961
21890,9962
21891,9963
21911,9964
21934,9965
21971,9966
21983,9967
21984,9968
21998,9969
22002,9970
22006,9971
22027,9972
22097,9973
22107,9974
22108,9975
22109,9976
22113,9977
22121,9978
22124,9979
22127,9980
22128,9981
22129,9982
22134,9983
22136,9984
22137,9985
22139,9986
22140,9987
22141,9988
22146,9989
22151,9990
22163,9991
22171,9992
22172,9993
22219,9994
22376,9995
22403,9996
22406,9997
2251,9998
22577,9999
22635,10000
22638,10001
22639,10002
22643,10003
22693,10004
22724,10005
22735,10006
22739,10007
22742,10008
22758,10009
22786,10010
22814,10011
22816,10012
22831,10013
22835,10014
22836,10015
22850,10016
22858,10017
22877,10018
22879,10019
22880,10020
22887,10021
22888,10022
22889,10023
22890,10024
22891,10025
22892,10026
22894,10027
22900,10028
22913,10029
22914,10030
22951,10031
22952,10032
22956,10033
22961,10034
22963,10035
22965,10036
22970,10037
22971,10038
22980,10039
22983,10040
22987,10041
22996,10042
22998,10043
23008,10044
23012,10045
23013,10046
23022,10047
23023,10048
23024,10049
23030,10050
23031,10051
23045,10052
23067,10053
23139,10054
2323,10055
23257,10056
23258,10057
23263,10058
23418,10059
23461,10060
23495,10061
23586,10062
23589,10063
23592,10064
23593,10065
23594,10066
23605,10067
23614,10068
23616,10069
23644,10070
23672,10071
23674,10072
23693,10073
23694,10074
2372,10075
23735,10076
23737,10077
23738,10078
23746,10079
23747,10080
23748,10081
23749,10082
2375,10083
23750,10084
23752,10085
23763,10086
23772,10087
23811,10088
23812,10089
23816,10090
23821,10091
23823,10092
23825,10093
23830,10094
23831,10095
23840,10096
23843,10097
23847,10098
23856,10099
23858,10100
23868,10101
23871,10102
23872,10103
23873,10104
23883,10105
23885,10106
23892,10107
23893,10108
23942,10109
23999,10110
24117,10111
24123,10112
24125,10113
2420,10114
2438,10115
2442,10116
2531,10117
2566,10118
2570,10119
2572,10120
2586,10121
2675,10122
2695,10123
2698,10124
2701,10125
2704,10126
2715,10127
2718,10128
2724,10129
2726,10130
2745,10131
2754,10132
277,10133
2775,10134
2786,10135
2791,10136
2798,10137
2811,10138
2813,10139
282,10140
2834,10141
2837,10142
2840,10143
2878,10144
2937,10145
3065,10146
3066,10147
3142,10148
3159,10149
3160,10150
3161,10151
3281,10152
3282,10153
3283,10154
3320,10155
3321,10156
3394,10157
3415,10158
3435,10159
3436,10160
3438,10161
3445,10162
3452,10163
3453,10164
3456,10165
3487,10166
3491,10167
3506,10168
3584,10169
3593,10170
3758,10171
3779,10172
3833,10173
384,10174
3843,10175
3868,10176
3869,10177
3870,10178
3937,10179
3941,10180
3981,10181
3982,10182
3983,10183
3989,10184
3990,10185
401,10186
4026,10187
4027,10188
4073,10189
409,10190
4095,10191
4102,10192
4104,10193
4114,10194
4115,10195
4116,10196
4125,10197
4143,10198
4144,10199
4146,10200
4160,10201
4163,10202
417,10203
4172,10204
4194,10205
4197,10206
4198,10207
422,10208
4222,10209
4249,10210
4282,10211
4308,10212
4310,10213
4392,10214
4464,10215
4465,10216
4467,10217
4486,10218
4498,10219
4551,10220
4577,10221
4643,10222
4692,10223
4738,10224
4774,10225
4776,10226
4777,10227
4797,10228
4817,10229
4820,10230
4821,10231
4822,10232
4823,10233
4831,10234
4834,10235
4852,10236
4858,10237
4867,10238
487,10239
4871,10240
4879,10241
4905,10242
4975,10243
5171,10244
5192,10245
5279,10246
5280,10247
534,10248
5373,10249
5385,10250
540,10251
5402,10252
5409,10253
5440,10254
545,10255
5475,10256
5477,10257
5491,10258
5519,10259
5521,10260
5555,10261
5557,10262
5559,10263
5562,10264
5574,10265
5582,10266
560,10267
5603,10268
5621,10269
5646,10270
5647,10271
5659,10272
566,10273
5678,10274
5893,10275
5915,10276
594,10277
5981,10278
5982,10279
5984,10280
6040,10281
6066,10282
6087,10283
6091,10284
6129,10285
6130,10286
6143,10287
6146,10288
6176,10289
6189,10290
6190,10291
6225,10292
6226,10293
6227,10294
623,10295
6292,10296
6298,10297
6299,10298
630,10299
6325,10300
6326,10301
6336,10302
6353,10303
639,10304
655,10305
6555,10306
6589,10307
6620,10308
6651,10309
6652,10310
6665,10311
6666,10312
6668,10313
674,10314
6770,10315
6773,10316
6774,10317
6775,10318
6777,10319
6780,10320
6785,10321
6787,10322
6828,10323
6831,10324
6892,10325
6909,10326
6912,10327
6958,10328
6963,10329
6978,10330
6985,10331
7009,10332
7012,10333
7015,10334
7017,10335
7099,10336
7145,10337
7239,10338
7305,10339
7319,10340
7334,10341
7335,10342
7348,10343
7349,10344
7351,10345
7416,10346
7458,10347
7459,10348
7461,10349
7465,10350
7466,10351
7467,10352
7470,10353
7476,10354
7479,10355
7588,10356
7594,10357
7595,10358
7605,10359
7646,10360
7649,10361
7660,10362
7691,10363
7703,10364
7720,10365
7737,10366
7750,10367
7903,10368
7971,10369
7972,10370
7988,10371
8005,10372
8017,10373
8031,10374
8032,10375
8035,10376
8102,10377
8141,10378
8143,10379
8157,10380
8186,10381
8244,10382
8255,10383
8280,10384
8281,10385
8312,10386
8322,10387
8329,10388
8332,10389
8343,10390
8350,10391
8374,10392
8380,10393
8395,10394
8431,10395
8548,10396
857,10397
8611,10398
8656,10399
8668,10400
8672,10401
8674,10402
8687,10403
8699,10404
8716,10405
8717,10406
8721,10407
878,10408
8802,10409
883,10410
8851,10411
8852,10412
8857,10413
8858,10414
8867,10415
8869,10416
8900,10417
8941,10418
8944,10419
8952,10420
8956,10421
8973,10422
8989,10423
8991,10424
8992,10425
8996,10426
9027,10427
9046,10428
9059,10429
9074,10430
9084,10431
9090,10432
9092,10433
9141,10434
9298,10435
9349,10436
935,10437
9369,10438
9378,10439
9379,10440
939,10441
9398,10442
9399,10443
9403,10444
9531,10445
9534,10446
9540,10447
9541,10448
9551,10449
9581,10450
9582,10451
9583,10452
9651,10453
9663,10454
9665,10455
9668,10456
9670,10457
9672,10458
9679,10459
9694,10460
9728,10461
9747,10462
9757,10463
9764,10464
9770,10465
9772,10466
9842,10467
996,10468
10040,10469
10052,10470
10109,10471
10110,10472
10111,10473
10116,10474
10170,10475
1019,10476
1020,10477
10207,10478
10209,10479
1021,10480
10215,10481
1022,10482
10225,10483
10233,10484
10236,10485
1026,10486
10267,10487
1027,10488
10306,10489
10308,10490
10342,10491
10350,10492
10353,10493
10359,10494
10367,10495
10378,10496
10418,10497
10430,10498
10496,10499
10739,10500
10793,10501
10794,10502
10800,10503
10880,10504
10896,10505
10897,10506
10902,10507
10904,10508
10905,10509
10909,10510
10911,10511
10919,10512
10920,10513
10953,10514
10996,10515
11016,10516
11032,10517
11035,10518
11043,10519
11098,10520
11104,10521
11108,10522
11116,10523
1134,10524
11377,10525
11404,10526
1142,10527
11424,10528
11459,10529
11472,10530
1149,10531
11504,10532
11510,10533
11511,10534
11550,10535
11554,10536
11605,10537
11632,10538
11649,10539
11650,10540
11675,10541
11695,10542
11696,10543
11700,10544
11714,10545
11721,10546
11724,10547
11759,10548
11769,10549
11773,10550
11801,10551
11802,10552
11806,10553
11809,10554
11811,10555
11813,10556
11820,10557
11826,10558
11828,10559
11832,10560
11837,10561
11842,10562
11845,10563
11852,10564
11862,10565
11863,10566
11875,10567
11914,10568
11998,10569
12054,10570
12057,10571
12189,10572
12194,10573
12195,10574
12196,10575
1224,10576
12247,10577
12284,10578
12295,10579
12302,10580
12306,10581
12307,10582
12342,10583
12395,10584
12399,10585
12432,10586
12435,10587
12436,10588
12444,10589
12445,10590
12468,10591
12488,10592
12506,10593
12513,10594
12516,10595
12551,10596
12561,10597
12583,10598
12594,10599
12595,10600
12599,10601
12604,10602
12606,10603
12608,10604
12613,10605
12630,10606
12635,10607
12638,10608
12642,10609
12645,10610
12651,10611
12655,10612
1266,10613
12668,10614
12674,10615
12700,10616
12743,10617
12838,10618
12848,10619
12851,10620
12983,10621
12988,10622
12989,10623
12990,10624
13040,10625
1306,10626
13096,10627
13097,10628
1310,10629
13103,10630
13202,10631
13216,10632
13229,10633
13236,10634
13237,10635
13280,10636
13286,10637
13301,10638
13307,10639
13310,10640
13345,10641
13347,10642
13348,10643
13359,10644
1337,10645
13388,10646
13389,10647
13393,10648
13397,10649
13399,10650
13405,10651
13406,10652
13422,10653
13423,10654
13427,10655
13428,10656
13431,10657
13434,10658
13443,10659
13444,10660
13446,10661
13449,10662
13491,10663
1350,10664
13632,10665
13641,10666
13642,10667
13680,10668
1376,10669
13778,10670
13782,10671
13783,10672
1385,10673
13867,10674
13930,10675
13933,10676
13979,10677
13995,10678
14009,10679
14010,10680
14016,10681
14019,10682
14020,10683
14021,10684
14028,10685
14029,10686
14054,10687
14076,10688
14079,10689
14094,10690
14100,10691
14137,10692
14139,10693
14140,10694
14151,10695
14155,10696
14180,10697
14181,10698
14185,10699
14189,10700
14197,10701
14198,10702
14205,10703
14215,10704
14219,10705
14220,10706
14223,10707
14230,10708
14236,10709
14238,10710
14241,10711
14242,10712
1428,10713
14285,10714
14321,10715
14346,10716
14423,10717
14433,10718
14436,10719
14478,10720
14567,10721
14571,10722
14572,10723
14694,10724
14743,10725
14805,10726
14808,10727
14818,10728
14819,10729
14843,10730
14865,10731
14884,10732
14909,10733
14933,10734
14949,10735
14953,10736
14988,10737
14989,10738
14991,10739
14992,10740
14993,10741
15000,10742
15002,10743
15006,10744
15010,10745
15016,10746
15017,10747
15022,10748
15084,10749
15089,10750
15104,10751
15111,10752
15214,10753
15255,10754
1526,10755
15262,10756
15332,10757
15333,10758
15384,10759
15390,10760
15455,10761
15456,10762
15477,10763
15488,10764
15490,10765
15504,10766
15525,10767
15558,10768
15559,10769
15564,10770
15577,10771
15579,10772
15596,10773
15625,10774
15669,10775
15693,10776
15705,10777
15706,10778
15707,10779
15708,10780
15712,10781
15731,10782
15740,10783
15743,10784
15747,10785
15748,10786
15751,10787
15752,10788
15756,10789
15761,10790
15765,10791
15768,10792
1577,10793
15772,10794
15773,10795
15774,10796
15779,10797
15805,10798
15841,10799
15842,10800
15846,10801
15861,10802
15877,10803
15970,10804
15973,10805
1598,10806
16012,10807
1603,10808
16087,10809
16088,10810
16089,10811
16137,10812
16144,10813
16188,10814
16208,10815
1624,10816
16241,10817
16243,10818
16287,10819
16317,10820
16320,10821
16323,10822
16325,10823
16333,10824
16335,10825
16350,10826
16377,10827
16403,10828
16423,10829
16449,10830
16463,10831
16464,10832
16485,10833
16486,10834
16489,10835
16493,10836
16495,10837
16498,10838
16500,10839
16501,10840
16503,10841
1651,10842
16513,10843
16516,10844
16517,10845
16523,10846
16524,10847
16528,10848
16529,10849
16557,10850
16570,10851
16592,10852
16596,10853
16618,10854
16771,10855
16776,10856
16778,10857
16839,10858
16840,10859
16841,10860
16890,10861
16903,10862
16937,10863
16940,10864
16952,10865
16953,10866
1699,10867
16995,10868
1702,10869
1704,10870
17051,10871
17070,10872
17073,10873
17086,10874
17103,10875
17129,10876
17155,10877
17159,10878
17179,10879
17201,10880
17236,10881
17237,10882
17239,10883
17244,10884
17249,10885
17251,10886
17252,10887
17254,10888
17258,10889
17264,10890
17267,10891
17274,10892
17278,10893
17279,10894
17300,10895
17321,10896
17341,10897
17343,10898
17362,10899
17369,10900
1738,10901
1739,10902
1740,10903
1745,10904
17523,10905
17528,10906
17590,10907
17591,10908
17592,10909
17644,10910
17649,10911
17688,10912
17739,10913
17740,10914
17742,10915
17809,10916
17820,10917
17830,10918
17836,10919
17847,10920
17861,10921
17878,10922
17908,10923
17910,10924
17920,10925
17931,10926
17937,10927
17957,10928
17982,10929
17983,10930
18036,10931
18038,10932
18044,10933
18046,10934
18049,10935
18050,10936
18056,10937
18058,10938
18067,10939
18070,10940
18091,10941
18229,10942
18300,10943
18326,10944
18408,10945
18409,10946
1844,10947
1848,10948
18485,10949
18496,10950
1850,10951
18500,10952
18505,10953
18535,10954
18537,10955
18538,10956
1855,10957
1858,10958
18605,10959
18620,10960
18626,10961
18630,10962
18637,10963
18639,10964
18659,10965
1867,10966
18685,10967
18702,10968
18706,10969
18708,10970
18749,10971
18751,10972
18781,10973
18782,10974
18794,10975
18835,10976
18837,10977
18843,10978
18845,10979
18848,10980
18849,10981
18855,10982
18857,10983
18866,10984
18869,10985
18954,10986
18978,10987
19040,10988
19127,10989
19130,10990
19211,10991
19282,10992
19298,10993
19338,10994
19339,10995
19340,10996
19409,10997
1941,10998
19410,10999
19431,11000
19433,11001
19439,11002
19447,11003
19463,11004
1949,11005
19508,11006
19509,11007
19512,11008
19533,11009
19536,11010
19537,11011
19548,11012
19550,11013
19567,11014
19580,11015
19584,11016
19589,11017
19603,11018
19608,11019
1961,11020
19640,11021
19650,11022
19654,11023
19660,11024
19673,11025
19682,11026
19684,11027
19760,11028
19783,11029
1980,11030
19828,11031
20004,11032
20006,11033
20007,11034
2001,11035
2004,11036
20098,11037
20136,11038
20142,11039
20158,11040
20219,11041
20224,11042
20233,11043
20247,11044
2026,11045
20261,11046
20279,11047
2028,11048
20306,11049
20310,11050
20320,11051
20331,11052
20334,11053
20335,11054
20346,11055
20378,11056
20383,11057
2039,11058
20402,11059
20439,11060
20441,11061
20447,11062
20453,11063
20459,11064
20470,11065
20472,11066
20481,11067
2053,11068
20616,11069
20626,11070
20732,11071
20803,11072
20804,11073
20806,11074
20807,11075
20808,11076
20880,11077
2091,11078
20937,11079
20938,11080
21013,11081
2102,11082
21021,11083
21024,11084
21026,11085
21032,11086
2104,11087
21050,11088
21060,11089
21081,11090
21106,11091
21111,11092
2112,11093
21127,11094
21130,11095
2114,11096
21150,11097
21171,11098
21175,11099
21181,11100
21183,11101
21184,11102
21185,11103
21187,11104
21188,11105
21240,11106
21241,11107
21249,11108
21251,11109
21253,11110
21256,11111
21257,11112
21264,11113
21269,11114
21278,11115
21289,11116
21291,11117
21293,11118
21295,11119
21298,11120
21301,11121
21307,11122
21309,11123
2135,11124
21389,11125
21431,11126
21440,11127
21520,11128
21522,11129
21546,11130
21555,11131
21656,11132
21660,11133
21704,11134
21713,11135
21737,11136
21752,11137
21789,11138
21860,11139
21862,11140
21878,11141
21881,11142
21884,11143
21902,11144
21906,11145
21909,11146
21912,11147
21933,11148
21959,11149
21964,11150
21980,11151
21996,11152
22003,11153
22005,11154
22024,11155
22028,11156
22032,11157
22034,11158
22036,11159
22037,11160
22038,11161
22040,11162
22041,11163
22044,11164
22059,11165
22095,11166
22096,11167
22104,11168
22106,11169
22111,11170
22112,11171
22120,11172
22123,11173
22133,11174
22144,11175
22148,11176
2215,11177
22156,11178
22160,11179
22164,11180
22165,11181
22167,11182
22170,11183
22196,11184
22242,11185
22244,11186
22284,11187
22374,11188
22410,11189
22512,11190
22516,11191
22604,11192
22642,11193
22692,11194
22694,11195
22697,11196
22725,11197
22730,11198
22740,11199
22746,11200
22754,11201
22755,11202
22762,11203
22765,11204
22802,11205
22852,11206
22856,11207
22878,11208
22881,11209
22897,11210
22905,11211
22950,11212
22958,11213
22960,11214
22962,11215
22964,11216
22969,11217
22976,11218
22977,11219
22979,11220
22982,11221
22984,11222
22986,11223
22995,11224
22997,11225
23003,11226
23005,11227
23007,11228
23010,11229
23021,11230
23027,11231
23044,11232
23103,11233
23128,11234
23135,11235
23137,11236
23226,11237
23228,11238
23265,11239
23372,11240
2342,11241
2343,11242
23447,11243
23449,11244
23497,11245
23499,11246
2357,11247
23583,11248
23584,11249
23587,11250
23598,11251
23599,11252
23601,11253
23603,11254
23606,11255
23620,11256
2369,11257
23706,11258
23711,11259
23716,11260
23736,11261
23739,11262
23745,11263
23810,11264
23819,11265
23820,11266
23822,11267
23824,11268
23829,11269
23836,11270
23837,11271
23839,11272
23842,11273
23844,11274
23846,11275
23855,11276
23857,11277
23865,11278
23867,11279
23870,11280
23882,11281
23888,11282
23906,11283
23907,11284
23997,11285
24084,11286
24119,11287
24127,11288
2421,11289
24236,11290
2461,11291
2462,11292
2463,11293
2467,11294
2468,11295
2573,11296
2574,11297
2576,11298
2579,11299
2582,11300
2589,11301
2673,11302
2702,11303
2706,11304
2722,11305
2725,11306
2747,11307
2749,11308
2776,11309
2780,11310
2857,11311
2877,11312
2895,11313
2943,11314
301,11315
3011,11316
302,11317
303,11318
3046,11319
3064,11320
307,11321
3079,11322
3091,11323
3143,11324
3145,11325
3173,11326
3255,11327
3275,11328
3278,11329
3327,11330
3358,11331
3367,11332
3399,11333
3400,11334
3403,11335
3406,11336
3408,11337
3417,11338
3418,11339
3443,11340
3465,11341
3468,11342
3503,11343
3505,11344
3517,11345
3543,11346
3544,11347
3545,11348
374,11349
3784,11350
3789,11351
3794,11352
3842,11353
3882,11354
3962,11355
3963,11356
3972,11357
3976,11358
3985,11359
3988,11360
3996,11361
4044,11362
4065,11363
4109,11364
4110,11365
4111,11366
4123,11367
414,11368
4145,11369
415,11370
4151,11371
416,11372
4175,11373
418,11374
4210,11375
4212,11376
4213,11377
4252,11378
4253,11379
4269,11380
428,11381
4303,11382
4309,11383
4479,11384
4491,11385
4495,11386
4501,11387
451,11388
4548,11389
4588,11390
4589,11391
4649,11392
4691,11393
4698,11394
4699,11395
4754,11396
4773,11397
4803,11398
4812,11399
4818,11400
4825,11401
4853,11402
4862,11403
4868,11404
4895,11405
4918,11406
4921,11407
4933,11408
4957,11409
5020,11410
5099,11411
5168,11412
518,11413
5207,11414
5250,11415
5251,11416
5290,11417
5291,11418
536,11419
539,11420
5394,11421
5400,11422
5401,11423
5482,11424
5504,11425
5518,11426
5522,11427
5523,11428
5524,11429
5525,11430
5527,11431
5534,11432
5553,11433
5554,11434
5560,11435
5563,11436
557,11437
5570,11438
5571,11439
558,11440
5608,11441
561,11442
5623,11443
5624,11444
5634,11445
564,11446
5668,11447
567,11448
5723,11449
5869,11450
587,11451
5872,11452
5908,11453
5951,11454
5953,11455
5996,11456
5997,11457
6053,11458
6090,11459
6092,11460
6093,11461
6101,11462
6104,11463
6105,11464
6132,11465
615,11466
617,11467
6171,11468
6185,11469
6191,11470
6192,11471
6217,11472
6223,11473
6224,11474
6236,11475
6277,11476
6295,11477
6301,11478
6332,11479
6337,11480
6454,11481
6556,11482
6560,11483
6583,11484
6638,11485
6680,11486
6681,11487
6728,11488
6768,11489
6772,11490
6776,11491
6778,11492
6786,11493
6789,11494
6815,11495
6903,11496
6910,11497
6921,11498
6981,11499
7011,11500
7016,11501
7022,11502
7027,11503
7037,11504
7042,11505
706,11506
723,11507
7296,11508
7321,11509
7480,11510
7504,11511
7505,11512
7562,11513
7568,11514
7571,11515
7586,11516
7591,11517
7596,11518
7598,11519
7663,11520
7670,11521
7693,11522
7697,11523
7699,11524
7714,11525
7736,11526
7981,11527
8139,11528
8147,11529
8150,11530
8151,11531
8160,11532
8162,11533
8187,11534
8241,11535
8252,11536
8261,11537
8275,11538
8279,11539
8282,11540
8289,11541
8296,11542
8346,11543
8353,11544
8383,11545
8384,11546
8417,11547
848,11548
8665,11549
8741,11550
8742,11551
8748,11552
8801,11553
8841,11554
8844,11555
8847,11556
8849,11557
8855,11558
8860,11559
8868,11560
8892,11561
8893,11562
8899,11563
8909,11564
8940,11565
8942,11566
8971,11567
8980,11568
8982,11569
8990,11570
8997,11571
903,11572
9039,11573
904,11574
9041,11575
9065,11576
9076,11577
9083,11578
9102,11579
920,11580
933,11581
9423,11582
9424,11583
9430,11584
9525,11585
9529,11586
9539,11587
9550,11588
9575,11589
9634,11590
9636,11591
9656,11592
9669,11593
9673,11594
9674,11595
9676,11596
9680,11597
9681,11598
9723,11599
9763,11600
985,11601
9974,11602
9981,11603
9992,11604
10141,11605
10210,11606
10214,11607
10220,11608
10221,11609
10222,11610
10259,11611
10260,11612
10266,11613
10272,11614
10273,11615
10327,11616
10328,11617
10355,11618
10356,11619
10360,11620
10404,11621
10411,11622
10432,11623
10590,11624
10657,11625
1068,11626
1069,11627
1070,11628
1074,11629
10825,11630
10894,11631
10900,11632
10903,11633
10908,11634
10910,11635
10912,11636
10921,11637
10945,11638
10946,11639
10958,11640
11022,11641
11023,11642
11025,11643
11093,11644
11118,11645
1131,11646
11403,11647
1141,11648
11411,11649
11454,11650
11468,11651
11492,11652
1150,11653
1152,11654
1154,11655
11548,11656
11552,11657
11555,11658
11637,11659
11652,11660
11697,11661
11712,11662
11723,11663
11757,11664
11765,11665
11767,11666
11768,11667
1177,11668
11775,11669
1178,11670
11798,11671
11799,11672
11805,11673
11807,11674
11822,11675
11823,11676
11827,11677
1183,11678
11834,11679
11846,11680
11848,11681
11850,11682
11851,11683
11859,11684
11860,11685
11873,11686
11915,11687
11940,11688
11961,11689
11973,11690
12052,11691
12246,11692
12254,11693
12303,11694
12433,11695
12434,11696
12446,11697
12452,11698
12489,11699
1253,11700
12549,11701
12556,11702
12557,11703
12559,11704
12560,11705
1259,11706
12591,11707
12592,11708
12598,11709
12600,11710
12615,11711
12616,11712
1262,11713
12620,11714
12622,11715
12627,11716
12639,11717
12643,11718
12644,11719
1265,11720
12652,11721
12666,11722
1267,11723
12681,11724
12704,11725
1272,11726
12731,11727
12738,11728
1274,11729
1275,11730
12752,11731
12764,11732
12776,11733
1284,11734
12846,11735
1285,11736
12889,11737
12948,11738
13059,11739
1309,11740
13098,11741
13141,11742
13183,11743
13189,11744
13203,11745
13223,11746
13226,11747
13227,11748
13238,11749
13239,11750
13241,11751
13263,11752
13264,11753
13282,11754
13299,11755
13360,11756
1338,11757
13386,11758
13387,11759
13394,11760
13408,11761
13409,11762
13411,11763
13415,11764
13416,11765
13417,11766
13425,11767
13432,11768
13435,11769
13442,11770
13522,11771
1354,11772
13543,11773
13573,11774
1361,11775
13637,11776
1367,11777
1374,11778
13743,11779
13829,11780
13836,11781
13881,11782
13929,11783
13934,11784
13976,11785
13996,11786
14014,11787
14015,11788
14030,11789
14031,11790
14033,11791
14055,11792
14075,11793
14078,11794
14092,11795
14103,11796
14146,11797
14152,11798
14172,11799
14178,11800
14179,11801
14186,11802
14200,11803
14201,11804
14203,11805
14206,11806
14207,11807
14224,11808
14227,11809
14234,11810
14237,11811
14363,11812
14431,11813
14533,11814
14623,11815
14673,11816
14678,11817
14685,11818
14688,11819
14727,11820
14770,11821
14787,11822
14807,11823
14810,11824
14813,11825
14821,11826
14829,11827
14831,11828
14869,11829
14888,11830
14889,11831
14931,11832
14932,11833
14979,11834
14983,11835
14984,11836
14995,11837
14998,11838
15001,11839
15012,11840
15013,11841
15021,11842
15050,11843
15088,11844
15099,11845
15254,11846
15300,11847
1543,11848
15435,11849
15436,11850
15447,11851
15449,11852
15450,11853
15489,11854
15566,11855
15571,11856
15580,11857
15584,11858
15606,11859
15624,11860
15629,11861
15649,11862
15664,11863
15668,11864
15691,11865
15692,11866
15709,11867
15738,11868
15742,11869
15754,11870
15760,11871
15770,11872
15802,11873
15809,11874
15837,11875
15845,11876
15893,11877
15961,11878
15967,11879
15979,11880
1602,11881
16058,11882
16183,11883
1619,11884
16197,11885
16200,11886
16202,11887
16204,11888
16229,11889
16290,11890
16293,11891
16324,11892
1635,11893
16351,11894
16356,11895
16381,11896
16396,11897
16402,11898
16405,11899
16421,11900
16425,11901
16439,11902
16448,11903
16451,11904
16458,11905
16459,11906
16460,11907
16492,11908
16506,11909
16509,11910
16515,11911
16518,11912
16521,11913
16595,11914
16617,11915
16713,11916
16721,11917
16728,11918
16737,11919
16811,11920
16888,11921
16901,11922
16904,11923
1691,11924
16941,11925
16955,11926
16957,11927
16994,11928
16997,11929
17031,11930
17043,11931
1708,11932
17087,11933
17104,11934
17173,11935
17200,11936
17203,11937
17210,11938
17211,11939
17212,11940
17243,11941
17247,11942
17248,11943
17257,11944
17260,11945
17263,11946
17265,11947
17272,11948
17322,11949
17346,11950
17367,11951
17465,11952
17474,11953
17490,11954
17563,11955
17672,11956
17684,11957
17698,11958
17707,11959
17821,11960
17828,11961
17829,11962
1783,11963
17835,11964
1784,11965
17845,11966
1785,11967
17866,11968
17884,11969
1789,11970
17905,11971
17907,11972
17919,11973
17930,11974
17935,11975
17950,11976
17952,11977
17955,11978
17971,11979
17981,11980
17985,11981
18002,11982
18003,11983
18031,11984
18035,11985
18037,11986
18040,11987
18041,11988
18045,11989
18053,11990
18054,11991
18059,11992
18060,11993
18061,11994
18062,11995
18063,11996
18066,11997
18075,11998
18078,11999
18079,12000
18215,12001
18327,12002
18333,12003
1837,12004
18383,12005
18384,12006
18385,12007
18506,12008
18507,12009
1859,12010
18621,12011
18631,12012
18642,12013
18645,12014
18664,12015
18682,12016
18686,12017
18703,12018
18705,12019
18713,12020
18717,12021
18728,12022
18733,12023
18770,12024
18780,12025
18784,12026
18787,12027
18788,12028
18790,12029
18830,12030
18834,12031
18836,12032
18839,12033
18840,12034
18852,12035
18853,12036
18858,12037
18859,12038
18861,12039
18862,12040
18864,12041
18865,12042
18871,12043
18874,12044
18877,12045
18878,12046
18883,12047
1890,12048
18908,12049
18948,12050
18949,12051
19014,12052
19026,12053
19100,12054
19103,12055
19132,12056
19185,12057
19186,12058
19246,12059
19249,12060
19278,12061
19288,12062
19343,12063
19344,12064
19369,12065
19389,12066
1939,12067
1940,12068
19423,12069
19427,12070
19434,12071
19436,12072
19437,12073
19440,12074
19441,12075
19451,12076
19458,12077
19461,12078
19464,12079
19468,12080
19486,12081
19498,12082
1950,12083
19520,12084
19532,12085
1954,12086
19571,12087
19573,12088
19574,12089
19581,12090
19590,12091
19596,12092
19635,12093
19638,12094
19641,12095
19644,12096
19647,12097
19651,12098
19657,12099
19658,12100
19663,12101
19665,12102
19666,12103
19667,12104
19670,12105
19695,12106
1971,12107
19750,12108
19755,12109
1981,12110
19813,12111
1985,12112
1989,12113
19897,12114
1990,12115
19922,12116
19928,12117
1996,12118
19979,12119
19980,12120
2002,12121
20039,12122
20042,12123
20055,12124
20063,12125
20106,12126
20207,12127
20220,12128
20227,12129
20231,12130
20237,12131
20246,12132
20255,12133
20258,12134
20266,12135
20284,12136
20307,12137
20318,12138
20319,12139
2032,12140
20347,12141
20352,12142
20369,12143
20371,12144
20372,12145
20380,12146
20403,12147
20437,12148
20443,12149
20446,12150
20456,12151
20457,12152
20462,12153
20464,12154
20465,12155
20466,12156
20469,12157
20480,12158
20484,12159
20485,12160
20551,12161
20615,12162
20695,12163
20696,12164
20697,12165
20721,12166
20727,12167
2075,12168
2076,12169
20778,12170
20779,12171
2083,12172
2084,12173
20841,12174
20878,12175
20891,12176
20900,12177
20933,12178
20935,12179
20939,12180
20991,12181
20993,12182
21008,12183
21009,12184
2101,12185
21020,12186
21031,12187
21040,12188
21051,12189
21056,12190
21063,12191
21066,12192
21105,12193
21109,12194
2113,12195
21142,12196
2116,12197
2117,12198
21182,12199
21186,12200
21190,12201
21238,12202
21239,12203
21243,12204
21244,12205
21246,12206
21259,12207
21260,12208
21263,12209
21267,12210
21270,12211
21277,12212
21283,12213
21292,12214
21294,12215
21305,12216
21311,12217
21312,12218
21313,12219
21326,12220
21327,12221
21333,12222
21363,12223
21421,12224
2145,12225
2150,12226
2153,12227
21542,12228
21543,12229
21544,12230
21547,12231
21550,12232
21622,12233
21623,12234
21692,12235
21751,12236
21786,12237
21790,12238
21867,12239
21877,12240
21882,12241
21893,12242
21915,12243
21918,12244
21949,12245
21958,12246
21995,12247
22023,12248
22035,12249
22039,12250
22058,12251
22093,12252
22094,12253
22098,12254
22099,12255
22101,12256
22114,12257
22115,12258
22118,12259
22119,12260
22122,12261
22125,12262
22126,12263
22131,12264
22132,12265
22138,12266
22142,12267
22145,12268
22147,12269
22149,12270
22161,12271
22166,12272
22175,12273
22181,12274
22182,12275
22218,12276
22249,12277
22398,12278
22399,12279
22401,12280
22409,12281
22477,12282
22603,12283
22605,12284
22641,12285
22715,12286
22729,12287
22731,12288
22732,12289
22741,12290
22743,12291
22760,12292
22771,12293
22772,12294
22788,12295
22812,12296
22813,12297
22817,12298
22834,12299
22851,12300
22876,12301
22885,12302
22886,12303
22896,12304
22899,12305
22902,12306
22912,12307
22918,12308
22949,12309
22953,12310
22954,12311
22967,12312
22968,12313
22973,12314
22974,12315
22978,12316
22981,12317
22985,12318
22991,12319
23006,12320
23020,12321
23026,12322
23028,12323
23035,12324
23042,12325
23043,12326
23104,12327
23110,12328
23131,12329
23252,12330
23254,12331
23256,12332
23262,12333
23336,12334
23337,12335
23338,12336
2338,12337
2339,12338
23405,12339
23444,12340
2349,12341
23498,12342
2354,12343
23571,12344
23572,12345
23574,12346
23590,12347
23591,12348
23600,12349
23602,12350
23604,12351
23618,12352
23630,12353
23645,12354
23646,12355
23671,12356
23675,12357
23753,12358
23760,12359
23771,12360
23808,12361
23809,12362
23813,12363
23814,12364
23818,12365
23827,12366
23828,12367
23833,12368
23834,12369
23838,12370
23841,12371
23845,12372
23851,12373
23860,12374
23862,12375
23863,12376
23866,12377
23880,12378
23884,12379
23889,12380
23890,12381
23897,12382
23904,12383
23905,12384
23961,12385
23966,12386
24006,12387
24083,12388
2410,12389
24114,12390
24116,12391
24118,12392
24120,12393
24124,12394
24126,12395
24198,12396
24199,12397
24200,12398
2431,12399
2506,12400
2507,12401
2512,12402
2571,12403
2575,12404
2577,12405
2580,12406
2581,12407
2584,12408
2587,12409
2590,12410
2612,12411
2616,12412
2663,12413
2674,12414
2676,12415
2693,12416
2696,12417
2703,12418
2709,12419
2710,12420
2712,12421
2716,12422
2717,12423
2719,12424
2720,12425
2748,12426
2753,12427
2796,12428
2797,12429
2805,12430
2835,12431
2838,12432
2876,12433
3041,12434
3060,12435
3071,12436
3076,12437
3153,12438
3209,12439
3210,12440
3211,12441
3215,12442
3229,12443
3273,12444
3274,12445
3277,12446
3279,12447
3284,12448
3285,12449
3311,12450
3370,12451
3390,12452
3397,12453
3410,12454
3411,12455
3444,12456
3454,12457
3466,12458
3467,12459
3469,12460
3486,12461
349,12462
350,12463
3504,12464
351,12465
3518,12466
3541,12467
3542,12468
3705,12469
375,12470
3764,12471
3774,12472
3780,12473
3792,12474
3854,12475
3855,12476
3918,12477
3919,12478
3920,12479
3924,12480
3991,12481
3992,12482
402,12483
4098,12484
410,12485
4113,12486
4117,12487
4119,12488
4161,12489
4174,12490
4179,12491
419,12492
4193,12493
420,12494
4211,12495
4239,12496
4250,12497
426,12498
4268,12499
429,12500
432,12501
433,12502
4391,12503
4460,12504
4471,12505
4481,12506
4487,12507
4499,12508
4550,12509
456,12510
4561,12511
4562,12512
4563,12513
462,12514
4623,12515
4624,12516
4625,12517
4626,12518
4690,12519
4693,12520
4694,12521
4700,12522
4701,12523
4706,12524
471,12525
4728,12526
4782,12527
4810,12528
4816,12529
4819,12530
4832,12531
4869,12532
4927,12533
4930,12534
4944,12535
4955,12536
4960,12537
4962,12538
4991,12539
505,12540
5150,12541
5183,12542
5187,12543
5193,12544
5205,12545
5243,12546
5252,12547
5262,12548
5263,12549
5264,12550
528,12551
5326,12552
5327,12553
5328,12554
5384,12555
5389,12556
5397,12557
5408,12558
5446,12559
546,12560
5478,12561
5483,12562
551,12563
5511,12564
5516,12565
552,12566
5520,12567
5533,12568
555,12569
556,12570
5572,12571
5584,12572
559,12573
5633,12574
5635,12575
5656,12576
5657,12577
5658,12578
5661,12579
5664,12580
5884,12581
5894,12582
590,12583
592,12584
5944,12585
5950,12586
596,12587
5963,12588
5964,12589
6020,12590
6084,12591
6086,12592
6088,12593
6089,12594
6094,12595
6102,12596
6107,12597
6108,12598
616,12599
6178,12600
618,12601
6180,12602
6186,12603
6200,12604
6207,12605
6209,12606
6214,12607
6216,12608
6222,12609
6228,12610
6229,12611
6230,12612
6244,12613
6259,12614
6273,12615
6314,12616
6333,12617
6374,12618
640,12619
641,12620
6445,12621
647,12622
654,12623
6600,12624
6604,12625
6607,12626
6643,12627
6702,12628
6812,12629
6849,12630
6885,12631
6888,12632
6907,12633
6911,12634
6913,12635
6914,12636
6915,12637
6922,12638
6928,12639
6959,12640
6984,12641
7020,12642
7023,12643
7057,12644
7058,12645
7178,12646
7285,12647
7292,12648
7326,12649
7389,12650
7391,12651
7427,12652
7445,12653
7460,12654
7463,12655
7506,12656
7536,12657
7550,12658
7597,12659
7602,12660
7606,12661
7662,12662
7666,12663
7683,12664
7700,12665
7701,12666
7735,12667
7776,12668
7898,12669
7927,12670
7970,12671
7977,12672
8009,12673
8072,12674
8074,12675
8140,12676
8142,12677
8146,12678
8148,12679
8149,12680
8158,12681
8161,12682
8188,12683
8231,12684
8240,12685
8262,12686
8268,12687
8290,12688
8345,12689
8349,12690
8352,12691
8366,12692
8367,12693
8376,12694
8381,12695
8457,12696
856,12697
8603,12698
8605,12699
8610,12700
8654,12701
866,12702
8661,12703
876,12704
8775,12705
8845,12706
8846,12707
8848,12708
8850,12709
8870,12710
8957,12711
8972,12712
8985,12713
8988,12714
899,12715
8994,12716
8999,12717
9044,12718
9067,12719
9075,12720
9082,12721
9139,12722
916,12723
9160,12724
9457,12725
9510,12726
9530,12727
9532,12728
9536,12729
9552,12730
9577,12731
9642,12732
9675,12733
9683,12734
9735,12735
9740,12736
9762,12737
9820,12738
9841,12739
989,12740
10681,12741
13822,12742
14598,12743
21556,12744
23425,12745
3694,12746
6138,12747
6552,12748
7236,12749
10684,12750
12223,12751
13029,12752
15484,12753
19264,12754
23266,12755
4402,12756
6554,12757
7238,12758
12236,12759
13016,12760
13925,12761
15265,12762
17663,12763
4409,12764
5108,12765
5115,12766
5817,12767
3005,12768
5113,12769
3698,12770
5299,12771
12892,12772
14610,12773
1563,12774
20060,12775
2283,12776
3006,12777
7512,12778
8592,12779
8701,12780
13927,12781
19265,12782
19935,12783
2281,12784
3004,12785
3155,12786
7229,12787
7337,12788
9312,12789
12267,12790
12337,12791
15370,12792
16780,12793
6553,12794
6654,12795
7909,12796
7918,12797
8601,12798
3931,12799
3000,12800
837,12801
7914,12802
16865,12803
16991,12804
19104,12805
3864,12806
3939,12807
6545,12808
8602,12809
9315,12810
9998,12811
16238,12812
17616,12813
18302,12814
20864,12815
2282,12816
4573,12817
5107,12818
9313,12819
9996,12820
14724,12821
15357,12822
1559,12823
18301,12824
18463,12825
5275,12826
5809,12827
5815,12828
839,12829
12893,12830
15358,12831
20853,12832
22539,12833
2994,12834
4724,12835
5137,12836
5839,12837
865,12838
1584,12839
16781,12840
17617,12841
18208,12842
18456,12843
2271,12844
2304,12845
23398,12846
2613,12847
11442,12848
1180,12849
16866,12850
17533,12851
18206,12852
22556,12853
5133,12854
5835,12855
9986,12856
3201,12857
3002,12858
11364,12859
5816,12860
3003,12861
5990,12862
9997,12863
5814,12864
12029,12865
12034,12866
9858,12867
10525,12868
2128,12869
4273,12870
22254,12871
2849,12872
22564,12873
22839,12874
8937,12875
9319,12876
11330,12877
11736,12878
17180,12879
643,12880
5625,12881
17943,12882
21137,12883
13324,12884
1364,12885
6174,12886
7545,12887
9620,12888
22843,12889
10688,12890
15529,12891
7218,12892
17661,12893
3511,12894
15531,12895
6173,12896
8938,12897
18743,12898
7686,12899
22841,12900
22845,12901
3510,12902
20344,12903
21988,12904
5627,12905
17946,12906
20861,12907
11600,12908
7240,12909
21989,12910
6317,12911
10645,12912
2078,12913
5628,12914
20343,12915
19541,12916
21992,12917
20338,12918
16285,12919
17037,12920
6172,12921
21993,12922
14912,12923
19263,12924
19543,12925
14772,12926
16284,12927
17039,12928
2080,12929
9280,12930
3507,12931
17181,12932
21986,12933
16282,12934
7922,12935
1365,12936
18742,12937
17940,12938
21987,12939
5626,12940
22347,12941
12862,12942
24060,12943
14480,12944
15485,12945
21715,12946
2995,12947
5271,12948
7235,12949
7916,12950
8599,12951
8710,12952
11547,12953
16023,12954
3699,12955
4407,12956
4575,12957
4646,12958
5972,12959
8597,12960
9304,12961
1557,12962
16022,12963
18423,12964
21716,12965
21782,12966
5111,12967
5277,12968
5813,12969
9987,12970
3847,12971
12072,12972
18280,12973
19081,12974
986,12975
10678,12976
1391,12977
1556,12978
19266,12979
20934,12980
23390,12981
828,12982
836,12983
992,12984
1548,12985
16779,12986
20865,12987
22530,12988
2278,12989
23492,12990
273,12991
3001,12992
9993,12993
11473,12994
19138,12995
21675,12996
2434,12997
4406,12998
5106,12999
5112,13000
5439,13001
7234,13002
14453,13003
12866,13004
19874,13005
23200,13006
12068,13007
24062,13008
19932,13009
10679,13010
11357,13011
15264,13012
20022,13013
22567,13014
22634,13015
3866,13016
9311,13017
9994,13018
13689,13019
1711,13020
20062,13021
20823,13022
20932,13023
3697,13024
4405,13025
5808,13026
5812,13027
10672,13028
16239,13029
17532,13030
17664,13031
19226,13032
3157,13033
3700,13034
4408,13035
7915,13036
12097,13037
13015,13038
1549,13039
1560,13040
1710,13041
20061,13042
5114,13043
6139,13044
840,13045
15263,13046
10682,13047
11367,13048
13132,13049
13808,13050
22411,13051
22566,13052
2433,13053
829,13054
9314,13055
1558,13056
20734,13057
20930,13058
2272,13059
2279,13060
23426,13061
4569,13062
838,13063
9392,13064
10643,13065
7217,13066
9963,13067
6532,13068
14373,13069
16655,13070
12003,13071
18980,13072
7820,13073
1321,13074
8501,13075
814,13076
10375,13077
5566,13078
17105,13079
21929,13080
14839,13081
2159,13082
18188,13083
7105,13084
21922,13085
2258,13086
5046,13087
6241,13088
1452,13089
2163,13090
20594,13091
9827,13092
17874,13093
12464,13094
22781,13095
18666,13096
11671,13097
18671,13098
7147,13099
10551,13100
2981,13101
19475,13102
9691,13103
17106,13104
18670,13105
4156,13106
17871,13107
17107,13108
713,13109
5030,13110
5737,13111
728,13112
21071,13113
11183,13114
14394,13115
1432,13116
7611,13117
19477,13118
12466,13119
11219,13120
1534,13121
7629,13122
3450,13123
21928,13124
24063,13125
22350,13126
23203,13127
12073,13128
9840,13129
10516,13130
2171,13131
11198,13132
8410,13133
6367,13134
7729,13135
13566,13136
1568,13137
23697,13138
6747,13139
16286,13140
8227,13141
8228,13142
10488,13143
19540,13144
1363,13145
4922,13146
644,13147
13145,13148
1433,13149
15312,13150
16165,13151
24082,13152
2882,13153
4305,13154
4612,13155
711,13156
1056,13157
10883,13158
17573,13159
17746,13160
18298,13161
19793,13162
20593,13163
22271,13164
3595,13165
10196,13166
13678,13167
17745,13168
24210,13169
2871,13170
337,13171
3610,13172
5031,13173
5735,13174
23701,13175
15533,13176
6858,13177
8226,13178
8453,13179
10002,13180
5368,13181
10777,13182
1437,13183
14729,13184
19790,13185
19895,13186
23385,13187
5738,13188
715,13189
7441,13190
13605,13191
14651,13192
15924,13193
17601,13194
21414,13195
21417,13196
22370,13197
22648,13198
9410,13199
10093,13200
10882,13201
12881,13202
19346,13203
20590,13204
6421,13205
6650,13206
7783,13207
8464,13208
8369,13209
23699,13210
4217,13211
17947,13212
21135,13213
4924,13214
11371,13215
10185,13216
14771,13217
6859,13218
8939,13219
2079,13220
11173,13221
1362,13222
6318,13223
19545,13224
18740,13225
17941,13226
10806,13227
13679,13228
13937,13229
1435,13230
2161,13231
21654,13232
22267,13233
2884,13234
9513,13235
12348,13236
14564,13237
19789,13238
21516,13239
2885,13240
3609,13241
4319,13242
8125,13243
8753,13244
10502,13245
13775,13246
14469,13247
15411,13248
16998,13249
20589,13250
4593,13251
7106,13252
714,13253
3010,13254
15671,13255
10145,13256
10500,13257
12085,13258
1434,13259
18377,13260
21795,13261
4304,13262
712,13263
8126,13264
10829,13265
13936,13266
15168,13267
15925,13268
16678,13269
2147,13270
21514,13271
24193,13272
7442,13273
10198,13274
19099,13275
19178,13276
20944,13277
3594,13278
5028,13279
5732,13280
710,13281
9461,13282
12812,13283
8368,13284
21133,13285
8823,13286
10989,13287
17038,13288
8229,13289
23696,13290
13323,13291
3508,13292
24018,13293
21458,13294
20644,13295
13648,13296
12289,13297
12821,13298
14349,13299
18953,13300
19759,13301
20304,13302
20560,13303
21087,13304
21104,13305
22481,13306
5318,13307
7555,13308
7566,13309
12826,13310
13567,13311
14357,13312
14579,13313
16623,13314
1730,13315
17903,13316
2056,13317
21394,13318
22811,13319
23438,13320
5488,13321
8235,13322
11017,13323
14350,13324
18701,13325
19506,13326
2176,13327
21940,13328
22248,13329
22504,13330
22581,13331
23109,13332
23971,13333
6868,13334
7373,13335
10455,13336
11208,13337
11496,13338
11988,13339
12779,13340
21957,13341
22470,13342
22810,13343
3361,13344
4885,13345
6196,13346
7724,13347
8785,13348
14570,13349
15804,13350
16554,13351
17304,13352
1741,13353
17817,13354
21093,13355
21136,13356
21864,13357
21946,13358
22199,13359
3971,13360
4888,13361
15047,13362
17576,13363
17942,13364
18103,13365
1840,13366
18690,13367
20517,13368
22716,13369
22799,13370
23657,13371
2486,13372
4804,13373
8382,13374
11910,13375
12215,13376
12701,13377
13492,13378
17945,13379
19411,13380
19420,13381
19497,13382
23061,13383
3264,13384
3476,13385
5591,13386
8718,13387
11895,13388
1347,13389
15046,13390
15803,13391
16553,13392
17892,13393
21621,13394
23575,13395
2562,13396
2694,13397
2801,13398
4627,13399
627,13400
11340,13401
2038,13402
2759,13403
7142,13404
8462,13405
15167,13406
10499,13407
6260,13408
6946,13409
21075,13410
23641,13411
20275,13412
21076,13413
15599,13414
16353,13415
22602,13416
19304,13417
4704,13418
18667,13419
19471,13420
2883,13421
17429,13422
3611,13423
7902,13424
730,13425
18502,13426
19303,13427
17703,13428
16354,13429
18672,13430
11670,13431
14049,13432
17872,13433
23639,13434
17868,13435
22775,13436
18669,13437
19473,13438
17873,13439
20273,13440
6538,13441
6463,13442
7782,13443
5029,13444
9145,13445
14840,13446
15600,13447
14841,13448
22783,13449
19474,13450
20272,13451
4864,13452
5565,13453
22780,13454
23638,13455
15601,13456
16355,13457
3287,13458
1156,13459
20101,13460
6537,13461
22778,13462
23636,13463
5407,13464
20102,13465
3288,13466
17875,13467
18673,13468
11672,13469
23642,13470
16687,13471
9823,13472
3608,13473
7102,13474
13259,13475
14052,13476
4157,13477
4865,13478
19476,13479
20274,13480
18251,13481
3103,13482
15225,13483
21455,13484
398,13485
4219,13486
10873,13487
1369,13488
10190,13489
5631,13490
2082,13491
399,13492
20271,13493
20876,13494
14668,13495
21926,13496
11493,13497
20269,13498
13080,13499
21074,13500
12539,13501
13188,13502
6857,13503
8230,13504
673,13505
2832,13506
6458,13507
13939,13508
14471,13509
2148,13510
23346,13511
2495,13512
3606,13513
4316,13514
5027,13515
8832,13516
10197,13517
16677,13518
17428,13519
18392,13520
18988,13521
19237,13522
23505,13523
24091,13524
700,13525
11182,13526
1422,13527
17747,13528
19193,13529
20033,13530
20700,13531
6754,13532
9143,13533
9824,13534
18818,13535
19620,13536
23792,13537
21222,13538
22077,13539
2110,13540
18819,13541
18020,13542
22301,13543
19839,13544
20637,13545
23793,13546
18019,13547
10094,13548
13001,13549
14472,13550
18985,13551
2160,13552
23506,13553
3607,13554
4317,13555
6069,13556
13794,13557
15412,13558
18185,13559
18189,13560
18989,13561
19794,13562
21794,13563
22378,13564
9411,13565
1436,13566
14582,13567
17425,13568
20144,13569
5032,13570
5736,13571
5945,13572
8729,13573
8830,13574
12394,13575
20366,13576
2660,13577
6861,13578
2901,13579
23154,13580
18247,13581
19047,13582
22081,13583
21226,13584
15715,13585
14956,13586
4952,13587
5654,13588
19624,13589
20423,13590
18022,13591
18821,13592
22936,13593
3540,13594
10305,13595
14924,13596
16283,13597
6862,13598
8507,13599
11556,13600
16673,13601
17583,13602
21525,13603
2473,13604
5734,13605
6068,13606
6420,13607
7104,13608
10498,13609
11181,13610
12350,13611
12979,13612
16919,13613
18184,13614
18304,13615
3888,13616
5733,13617
10501,13618
11184,13619
11557,13620
16832,13621
1750,13622
18984,13623
20701,13624
8831,13625
9826,13626
3538,13627
4246,13628
21224,13629
4951,13630
20420,13631
19621,13632
18021,13633
18820,13634
19623,13635
20422,13636
23795,13637
22935,13638
12852,13639
22302,13640
23152,13641
11604,13642
12540,13643
15532,13644
9625,13645
19619,13646
22076,13647
2376,13648
4510,13649
3097,13650
22075,13651
22930,13652
20418,13653
18017,13654
7136,13655
10884,13656
2158,13657
22471,13658
23507,13659
24089,13660
2881,13661
699,13662
9142,13663
9462,13664
13144,13665
1421,13666
19106,13667
2428,13668
4318,13669
7443,13670
8780,13671
9144,13672
9825,13673
10146,13674
18303,13675
20945,13676
21616,13677
2870,13678
6418,13679
7444,13680
7780,13681
8461,13682
1392,13683
2109,13684
671,13685
23790,13686
22932,13687
18817,13688
17489,13689
15218,13690
2374,13691
15217,13692
2880,13693
5729,13694
4314,13695
4313,13696
19542,13697
15113,13698
17371,13699
16428,13700
10448,13701
19544,13702
12767,13703
4216,13704
18187,13705
6422,13706
10503,13707
23533,13708
10451,13709
22397,13710
24110,13711
3837,13712
22676,13713
13170,13714
21824,13715
12374,13716
6724,13717
18572,13718
980,13719
24111,13720
22395,13721
7100,13722
1438,13723
7108,13724
13564,13725
9481,13726
13959,13727
15516,13728
20968,13729
11579,13730
23528,13731
13166,13732
2156,13733
11185,13734
9829,13735
9776,13736
23249,13737
1698,13738
23248,13739
20171,13740
18571,13741
20970,13742
22673,13743
13960,13744
21821,13745
12240,13746
17426,13747
4320,13748
8466,13749
23535,13750
13827,13751
14758,13752
17775,13753
17376,13754
19917,13755
20716,13756
19125,13757
18574,13758
20174,13759
17774,13760
13613,13761
10540,13762
15177,13763
9169,13764
17870,13765
18668,13766
1403,13767
4983,13768
14051,13769
21073,13770
12780,13771
21070,13772
21923,13773
8411,13774
22782,13775
23640,13776
14734,13777
17636,13778
18987,13779
19124,13780
19792,13781
19988,13782
20592,13783
3961,13784
5016,13785
11177,13786
15492,13787
21632,13788
2494,13789
4321,13790
7784,13791
8465,13792
9512,13793
973,13794
10494,13795
15258,13796
1771,13797
20953,13798
22487,13799
2886,13800
6752,13801
9147,13802
9828,13803
13068,13804
19275,13805
20070,13806
14456,13807
14449,13808
18284,13809
18243,13810
20972,13811
19086,13812
19883,13813
15994,13814
14583,13815
14732,13816
1725,13817
1833,13818
22268,13819
24113,13820
5024,13821
5728,13822
6416,13823
11186,13824
13002,13825
16674,13826
19345,13827
23237,13828
287,13829
5034,13830
6067,13831
6424,13832
1006,13833
10195,13834
10504,13835
11187,13836
12092,13837
12209,13838
15921,13839
18547,13840
9148,13841
18472,13842
19273,13843
3965,13844
24014,13845
21820,13846
15166,13847
15923,13848
16676,13849
17584,13850
21413,13851
21801,13852
2472,13853
3254,13854
6637,13855
12980,13856
16244,13857
17424,13858
22381,13859
3887,13860
6423,13861
7107,13862
7785,13863
8124,13864
10881,13865
12185,13866
15164,13867
20951,13868
21531,13869
2164,13870
2887,13871
3178,13872
716,13873
18473,13874
20870,13875
4674,13876
16751,13877
18283,13878
18286,13879
19372,13880
24012,13881
13151,13882
16675,13883
1794,13884
18186,13885
18986,13886
21617,13887
22394,13888
5371,13889
5719,13890
10493,13891
13683,13892
2162,13893
22647,13894
23331,13895
361,13896
6753,13897
8463,13898
9146,13899
1080,13900
11176,13901
13945,13902
14650,13903
16773,13904
22472,13905
3612,13906
4322,13907
5033,13908
3803,13909
16172,13910
16173,13911
17675,13912
19083,13913
5940,13914
9382,13915
19375,13916
4307,13917
3598,13918
8456,13919
5017,13920
22080,13921
21225,13922
6361,13923
11970,13924
22934,13925
23794,13926
13554,13927
14163,13928
13371,13929
10444,13930
20419,13931
18018,13932
19920,13933
19918,13934
18322,13935
13594,13936
11163,13937
12808,13938
3129,13939
13659,13940
20679,13941
19043,13942
13963,13943
19882,13944
22354,13945
13660,13946
978,13947
13686,13948
4547,13949
13596,13950
7766,13951
10482,13952
21451,13953
17024,13954
17527,13955
5948,13956
5248,13957
7765,13958
14385,13959
6403,13960
15993,13961
19084,13962
24065,13963
21822,13964
18245,13965
21540,13966
4545,13967
19122,13968
5917,13969
16665,13970
17415,13971
9805,13972
18282,13973
6630,13974
14455,13975
15519,13976
12746,13977
13878,13978
16606,13979
17357,13980
22382,13981
22808,13982
23340,13983
23402,13984
23666,13985
2688,13986
4792,13987
5589,13988
7041,13989
13790,13990
18592,13991
19115,13992
19504,13993
20188,13994
20302,13995
20557,13996
20881,13997
22792,13998
2453,13999
7719,14000
8400,14001
9089,14002
13538,14003
13684,14004
13769,14005
13877,14006
15103,14007
15860,14008
17361,14009
17901,14010
18699,14011
19395,14012
23650,14013
320,14014
3375,14015
15091,14016
19286,14017
2067,14018
23329,14019
24095,14020
2689,14021
2788,14022
4083,14023
4178,14024
4978,14025
5681,14026
7040,14027
9467,14028
11580,14029
1023,14030
11893,14031
12685,14032
13781,14033
15443,14034
17290,14035
18617,14036
18693,14037
19494,14038
20342,14039
23049,14040
4183,14041
6893,14042
14681,14043
15033,14044
15790,14045
16540,14046
16824,14047
20340,14048
21943,14049
22798,14050
23048,14051
23656,14052
3189,14053
5505,14054
6208,14055
13169,14056
10339,14057
10765,14058
13477,14059
15782,14060
16196,14061
18101,14062
18744,14063
20217,14064
20292,14065
20507,14066
2062,14067
2783,14068
5269,14069
16269,14070
1071,14071
1344,14072
14011,14073
18901,14074
19706,14075
20506,14076
21092,14077
21945,14078
23909,14079
24197,14080
3386,14081
645,14082
8137,14083
23534,14084
16756,14085
19080,14086
15996,14087
14384,14088
10480,14089
10481,14090
21478,14091
19067,14092
22331,14093
874,14094
16441,14095
21482,14096
24046,14097
3122,14098
23201,14099
19082,14100
14452,14101
14386,14102
8447,14103
7087,14104
10030,14105
17970,14106
15997,14107
19876,14108
13661,14109
12016,14110
13595,14111
7086,14112
4530,14113
24044,14114
23184,14115
15684,14116
9345,14117
16755,14118
14450,14119
12861,14120
3731,14121
17417,14122
15155,14123
9125,14124
19066,14125
960,14126
22328,14127
11748,14128
7005,14129
1370,14130
2806,14131
21141,14132
14348,14133
22777,14134
16620,14135
22779,14136
16352,14137
6362,14138
10447,14139
13258,14140
17509,14141
16752,14142
16754,14143
17385,14144
17386,14145
21404,14146
16822,14147
15313,14148
17574,14149
1594,14150
17602,14151
16851,14152
7333,14153
12865,14154
19877,14155
12070,14156
4280,14157
2855,14158
18967,14159
9346,14160
15238,14161
15995,14162
12863,14163
20572,14164
2133,14165
15885,14166
15326,14167
20001,14168
20800,14169
10029,14170
18281,14171
20672,14172
12067,14173
4439,14174
15884,14175
18965,14176
16635,14177
24194,14178
18378,14179
23332,14180
1119,14181
16166,14182
400,14183
2555,14184
16185,14185
15672,14186
18482,14187
18741,14188
23702,14189
14669,14190
17683,14191
2081,14192
2398,14193
23181,14194
24041,14195
10134,14196
10239,14197
10274,14198
10368,14199
10440,14200
1049,14201
10925,14202
11124,14203
11427,14204
11505,14205
11584,14206
11621,14207
11659,14208
11661,14209
11925,14210
11939,14211
12170,14212
12415,14213
12420,14214
12716,14215
12732,14216
12736,14217
12965,14218
13091,14219
13168,14220
13198,14221
13208,14222
13247,14223
13378,14224
13507,14225
13516,14226
1357,14227
13760,14228
13883,14229
13884,14230
13961,14231
14039,14232
14297,14233
14306,14234
14312,14235
14550,14236
14676,14237
14709,14238
14782,14239
14792,14240
14847,14241
15074,14242
15077,14243
15080,14244
15266,14245
15544,14246
15551,14247
15552,14248
15588,14249
15607,14250
15831,14251
15834,14252
1588,14253
16145,14254
16297,14255
16305,14256
16580,14257
16581,14258
16587,14259
16775,14260
17055,14261
17057,14262
17331,14263
17332,14264
17338,14265
17634,14266
1764,14267
17722,14268
17799,14269
17802,14270
17803,14271
17814,14272
17998,14273
17999,14274
18000,14275
18116,14276
18132,14277
18139,14278
18338,14279
18396,14280
18433,14281
18491,14282
18492,14283
18601,14284
18613,14285
1872,14286
18797,14287
18799,14288
18917,14289
18933,14290
18940,14291
19140,14292
19197,14293
1936,14294
19416,14295
1970,14296
19723,14297
19746,14298
19814,14299
19937,14300
19991,14301
20043,14302
20213,14303
20399,14304
20524,14305
20547,14306
20790,14307
21002,14308
2122,14309
21357,14310
21375,14311
21384,14312
21558,14313
21639,14314
21740,14315
21839,14316
21851,14317
22086,14318
22230,14319
22239,14320
22283,14321
22413,14322
22494,14323
22596,14324
22675,14325
22709,14326
22719,14327
22911,14328
23091,14329
23098,14330
23100,14331
23132,14332
23267,14333
23354,14334
23453,14335
23488,14336
2351,14337
23578,14338
2361,14339
23953,14340
23962,14341
23992,14342
24130,14343
24218,14344
2487,14345
2559,14346
2594,14347
2599,14348
2648,14349
2841,14350
2844,14351
3073,14352
3083,14353
3190,14354
330,14355
3300,14356
3341,14357
3552,14358
3555,14359
3782,14360
3838,14361
3899,14362
4261,14363
4264,14364
4489,14365
4605,14366
4644,14367
4677,14368
472,14369
4747,14370
4866,14371
4916,14372
4967,14373
4970,14374
5195,14375
5247,14376
5306,14377
5307,14378
5567,14379
5619,14380
5648,14381
5673,14382
5896,14383
5949,14384
6114,14385
6311,14386
6312,14387
6327,14388
6347,14389
6348,14390
637,14391
6803,14392
6997,14393
6998,14394
7031,14395
7032,14396
7252,14397
7708,14398
7937,14399
8101,14400
8164,14401
8363,14402
8389,14403
8620,14404
9080,14405
918,14406
924,14407
9331,14408
9371,14409
3905,14410
1055,14411
2493,14412
1587,14413
8727,14414
10092,14415
286,14416
23186,14417
2401,14418
22335,14419
10015,14420
10082,14421
10171,14422
10369,14423
10766,14424
11053,14425
11384,14426
11618,14427
11620,14428
11944,14429
11946,14430
12045,14431
12102,14432
12104,14433
12412,14434
12414,14435
12735,14436
12737,14437
12839,14438
13206,14439
13207,14440
13527,14441
13528,14442
13530,14443
1386,14444
13914,14445
13998,14446
14000,14447
14317,14448
14318,14449
14425,14450
14485,14451
14674,14452
14756,14453
15063,14454
15079,14455
15082,14456
15083,14457
15260,14458
15385,14459
15473,14460
15547,14461
15820,14462
15836,14463
15839,14464
15840,14465
15962,14466
16220,14467
16361,14468
1646,14469
16467,14470
16586,14471
16590,14472
16973,14473
17030,14474
17050,14475
17113,14476
1717,14477
17218,14478
17337,14479
17689,14480
17716,14481
17725,14482
17798,14483
17801,14484
18001,14485
18121,14486
18137,14487
18142,14488
18143,14489
18419,14490
18444,14491
18487,14492
18524,14493
18597,14494
18800,14495
18826,14496
18921,14497
18922,14498
18943,14499
18944,14500
1907,14501
19222,14502
19289,14503
19290,14504
19413,14505
19482,14506
19602,14507
19630,14508
19727,14509
19749,14510
19822,14511
19938,14512
20018,14513
20019,14514
20087,14515
20088,14516
20195,14517
20196,14518
20199,14519
20210,14520
20248,14521
20280,14522
20401,14523
20528,14524
20529,14525
20550,14526
20620,14527
20621,14528
20720,14529
2073,14530
20737,14531
2074,14532
20819,14533
20820,14534
20888,14535
20915,14536
20919,14537
20966,14538
20995,14539
20997,14540
21014,14541
21204,14542
21362,14543
21388,14544
21435,14545
21562,14546
21672,14547
21739,14548
21817,14549
21819,14550
21849,14551
21865,14552
21866,14553
22217,14554
22236,14555
22243,14556
22288,14557
22396,14558
22528,14559
22595,14560
22701,14561
22720,14562
23078,14563
2308,14564
23097,14565
23269,14566
23272,14567
23388,14568
23452,14569
23478,14570
23527,14571
23556,14572
23577,14573
2364,14574
23940,14575
23959,14576
23965,14577
23967,14578
24252,14579
2440,14580
2441,14581
2591,14582
2647,14583
279,14584
2794,14585
2795,14586
3031,14587
3086,14588
3138,14589
3163,14590
3501,14591
3502,14592
3557,14593
3558,14594
3871,14595
3872,14596
3968,14597
4034,14598
4126,14599
4208,14600
4209,14601
4266,14602
4267,14603
4579,14604
4746,14605
4917,14606
4972,14607
4973,14608
5204,14609
5268,14610
5675,14611
5676,14612
5968,14613
6109,14614
6237,14615
6350,14616
6351,14617
6613,14618
665,14619
7034,14620
7035,14621
7253,14622
7298,14623
7419,14624
7711,14625
7712,14626
8392,14627
8393,14628
8667,14629
8719,14630
8932,14631
9685,14632
998,14633
7935,14634
19070,14635
5233,14636
21480,14637
10112,14638
10113,14639
1024,14640
10700,14641
10797,14642
11052,14643
11385,14644
11386,14645
11453,14646
11538,14647
11609,14648
11622,14649
11624,14650
11927,14651
11936,14652
1194,14653
11942,14654
12192,14655
12249,14656
12330,14657
12413,14658
12416,14659
12417,14660
12455,14661
12570,14662
12727,14663
12733,14664
12888,14665
12986,14666
13090,14667
13119,14668
13182,14669
13205,14670
13265,14671
13367,14672
13508,14673
13521,14674
13524,14675
13526,14676
1358,14677
13780,14678
13989,14679
14058,14680
14170,14681
14298,14682
14308,14683
14314,14684
14316,14685
14569,14686
14624,14687
14630,14688
14755,14689
14757,14690
14790,14691
15075,14692
15076,14693
15081,14694
15330,14695
15548,14696
15832,14697
15833,14698
15838,14699
16025,14700
16086,14701
16222,14702
16300,14703
1638,14704
16583,14705
16584,14706
16588,14707
16837,14708
1697,14709
17053,14710
17219,14711
17334,14712
17335,14713
17339,14714
1742,14715
17588,14716
17726,14717
17879,14718
18118,14719
18134,14720
18141,14721
18218,14722
18220,14723
18340,14724
18520,14725
18525,14726
18569,14727
18609,14728
18647,14729
18677,14730
18919,14731
18935,14732
18942,14733
18945,14734
19017,14735
19019,14736
19412,14737
19414,14738
19725,14739
19744,14740
19748,14741
19818,14742
19936,14743
20089,14744
20197,14745
20209,14746
20211,14747
20429,14748
20526,14749
20527,14750
20549,14751
20553,14752
20893,14753
21000,14754
21359,14755
21379,14756
21382,14757
21385,14758
21433,14759
21559,14760
21560,14761
21658,14762
21741,14763
21744,14764
21850,14765
22214,14766
22234,14767
22240,14768
22286,14769
22416,14770
22592,14771
22593,14772
22594,14773
22627,14774
22671,14775
22674,14776
22702,14777
22704,14778
22707,14779
22910,14780
23075,14781
23093,14782
23095,14783
23101,14784
23102,14785
23134,14786
23250,14787
23270,14788
23375,14789
23450,14790
23451,14791
23559,14792
23561,14793
23768,14794
23770,14795
23937,14796
23955,14797
23957,14798
23963,14799
23964,14800
23996,14801
24133,14802
24239,14803
24240,14804
2629,14805
305,14806
3261,14807
3299,14808
3384,14809
3532,14810
4090,14811
4092,14812
4240,14813
4712,14814
4745,14815
4915,14816
4945,14817
5201,14818
5249,14819
5379,14820
5620,14821
5885,14822
5899,14823
5902,14824
6238,14825
6313,14826
6352,14827
638,14828
6569,14829
6610,14830
6923,14831
6999,14832
7036,14833
7295,14834
7364,14835
7487,14836
7535,14837
7680,14838
7681,14839
7713,14840
8047,14841
8168,14842
8217,14843
8287,14844
8364,14845
8394,14846
8744,14847
8745,14848
9332,14849
9426,14850
9427,14851
8052,14852
10121,14853
6686,14854
10698,14855
19861,14856
24038,14857
23178,14858
3724,14859
10014,14860
10139,14861
10241,14862
1072,14863
10741,14864
10927,14865
10931,14866
10932,14867
11054,14868
11583,14869
11610,14870
11625,14871
11660,14872
11923,14873
11931,14874
11932,14875
11938,14876
12099,14877
12155,14878
12250,14879
12375,14880
12404,14881
12714,14882
12722,14883
12723,14884
12729,14885
12895,14886
12896,14887
12950,14888
13093,14889
13195,14890
13199,14891
13211,14892
13366,14893
13505,14894
13513,14895
13520,14896
13692,14897
13745,14898
13992,14899
14003,14900
14295,14901
14302,14902
14303,14903
14310,14904
14481,14905
14483,14906
14797,14907
15067,14908
15070,14909
15303,14910
15439,14911
15553,14912
15818,14913
15827,14914
16061,14915
16272,14916
1628,14917
1630,14918
1640,14919
16568,14920
16573,14921
16577,14922
16578,14923
16714,14924
16814,14925
16943,14926
17032,14927
17095,14928
17318,14929
17324,14930
17328,14931
17329,14932
17330,14933
17566,14934
17641,14935
17648,14936
17811,14937
1787,14938
18129,14939
18136,14940
18138,14941
18216,14942
18610,14943
18930,14944
18937,14945
19292,14946
19325,14947
19601,14948
19736,14949
19739,14950
19743,14951
20090,14952
20092,14953
20170,14954
20214,14955
20400,14956
20537,14957
20540,14958
20544,14959
20717,14960
20718,14961
20719,14962
20843,14963
20894,14964
21004,14965
21016,14966
21018,14967
21019,14968
21202,14969
21231,14970
21368,14971
21373,14972
21377,14973
21381,14974
21383,14975
21539,14976
21742,14977
21745,14978
21746,14979
21826,14980
21853,14981
21858,14982
21868,14983
21870,14984
22054,14985
22055,14986
22223,14987
22225,14988
22228,14989
22232,14990
22238,14991
22412,14992
22546,14993
22599,14994
22703,14995
22708,14996
22722,14997
22907,14998
22909,14999
23084,15000
23089,15001
23099,15002
2347,15003
23564,15004
23566,15005
23579,15006
2359,15007
23767,15008
23801,15009
23951,15010
23960,15011
24128,15012
2510,15013
2628,15014
3213,15015
3330,15016
3451,15017
3499,15018
3500,15019
353,15020
3769,15021
3922,15022
3923,15023
4004,15024
4036,15025
4158,15026
4206,15027
4207,15028
4476,15029
4629,15030
4715,15031
4758,15032
4914,15033
5182,15034
5330,15035
5331,15036
5417,15037
5460,15038
5617,15039
5618,15040
5883,15041
5888,15042
6078,15043
6111,15044
6119,15045
6261,15046
6645,15047
6796,15048
6947,15049
7026,15050
7328,15051
7572,15052
7603,15053
7679,15054
7706,15055
7936,15056
8011,15057
8362,15058
8387,15059
8618,15060
868,15061
8692,15062
8693,15063
9003,15064
9078,15065
908,15066
911,15067
922,15068
9330,15069
9559,15070
9686,15071
9759,15072
9761,15073
10144,15074
360,15075
8778,15076
10484,15077
12809,15078
15158,15079
11166,15080
23969,15081
11669,15082
23635,15083
13535,15084
21072,15085
23637,15086
14838,15087
15598,15088
11954,15089
9085,15090
12465,15091
21927,15092
12959,15093
17575,15094
16823,15095
20736,15096
18323,15097
17534,15098
16018,15099
18339,15100
19123,15101
13694,15102
24129,15103
23268,15104
12894,15105
12100,15106
4546,15107
3196,15108
336,15109
1770,15110
21631,15111
9409,15112
10776,15113
1005,15114
14584,15115
22525,15116
13796,15117
12103,15118
3839,15119
12897,15120
12898,15121
13695,15122
14476,15123
19921,15124
14484,15125
22417,15126
23251,15127
22414,15128
24134,15129
24249,15130
17585,15131
16082,15132
16834,15133
2416,15134
22415,15135
19139,15136
20735,15137
12094,15138
16782,15139
19141,15140
21561,15141
24112,15142
24132,15143
23271,15144
7320,15145
7369,15146
10805,15147
9435,15148
14563,15149
20774,15150
19179,15151
19975,15152
23330,15153
16024,15154
18321,15155
14482,15156
13693,15157
12101,15158
12098,15159
15267,15160
21557,15161
19919,15162
21541,15163
22393,15164
13691,15165
10828,15166
1079,15167
9460,15168
8459,15169
3604,15170
2157,15171
3603,15172
15870,15173
5653,15174
23796,15175
11131,15176
1394,15177
22079,15178
4248,15179
12574,15180
11132,15181
11976,15182
2831,15183
672,15184
3195,15185
17635,15186
4610,15187
17513,15188
20681,15189
6631,15190
8002,15191
12077,15192
13669,15193
23205,15194
15999,15195
16758,15196
15241,15197
23204,15198
21499,15199
13102,15200
15453,15201
8163,15202
5315,15203
7481,15204
16206,15205
11513,15206
10775,15207
1724,15208
3166,15209
24066,15210
5241,15211
22353,15212
3831,15213
14460,15214
12079,15215
21504,15216
24064,15217
12872,15218
17515,15219
12868,15220
13671,15221
1726,15222
1032,15223
9434,15224
10804,15225
16004,15226
12870,15227
16002,15228
19880,15229
21503,15230
17510,15231
23209,15232
14458,15233
23207,15234
20680,15235
21501,15236
6632,15237
15452,15238
13101,15239
14691,15240
8754,15241
10827,15242
1793,15243
3219,15244
1795,15245
20677,15246
12075,15247
3830,15248
13666,15249
13667,15250
13665,15251
19881,15252
8001,15253
19087,15254
22355,15255
15242,15256
5240,15257
6792,15258
7482,15259
16963,15260
7756,15261
21410,15262
8436,15263
7079,15264
19752,15265
12372,15266
11941,15267
17772,15268
17022,15269
21387,15270
18939,15271
22677,15272
3904,15273
18434,15274
5312,15275
12074,15276
21502,15277
7316,15278
8686,15279
14459,15280
16003,15281
22352,15282
15240,15283
17511,15284
16000,15285
19085,15286
14457,15287
19039,15288
20635,15289
19837,15290
4613,15291
24009,15292
21446,15293
22299,15294
10091,15295
2447,15296
3875,15297
21500,15298
5942,15299
13668,15300
4539,15301
15244,15302
24069,15303
20683,15304
18285,15305
13670,15306
16762,15307
22351,15308
12873,15309
2449,15310
313,15311
8752,15312
10120,15313
15246,15314
16761,15315
16760,15316
20678,15317
20682,15318
16757,15319
22356,15320
12076,15321
12871,15322
15243,15323
24067,15324
7317,15325
13644,15326
21445,15327
14435,15328
9436,15329
10143,15330
2516,15331
3928,15332
2518,15333
19879,15334
17514,15335
4538,15336
21498,15337
12869,15338
12867,15339
16001,15340
8685,15341
23206,15342
23208,15343
17512,15344
5941,15345
18238,15346
20634,15347
19038,15348
13532,15349
15061,15350
17898,15351
18146,15352
18696,15353
20191,15354
20555,15355
20887,15356
21941,15357
22543,15358
24203,15359
5502,15360
9809,15361
11951,15362
12742,15363
12997,15364
13597,15365
14322,15366
18591,15367
18920,15368
20289,15369
21099,15370
21846,15371
21952,15372
22591,15373
8733,15374
1039,15375
14558,15376
15087,15377
16594,15378
17345,15379
17792,15380
21088,15381
22698,15382
22805,15383
23073,15384
23448,15385
23663,15386
8448,15387
10151,15388
13089,15389
15086,15390
15843,15391
16593,15392
17316,15393
18596,15394
19393,15395
19501,15396
20299,15397
22794,15398
24191,15399
6405,15400
11633,15401
1346,15402
16531,15403
17275,15404
18094,15405
18894,15406
22515,15407
22844,15408
304,15409
3975,15410
4097,15411
5592,15412
626,15413
22672,15414
12427,15415
16072,15416
17895,15417
18088,15418
19698,15419
20497,15420
21990,15421
22184,15422
3474,15423
3898,15424
4686,15425
4891,15426
8981,15427
20172,15428
11578,15429
12670,15430
13219,15431
13462,15432
15775,15433
15781,15434
18745,15435
2061,15436
2782,15437
3268,15438
4889,15439
5281,15440
5969,15441
7584,15442
10340,15443
12669,15444
16429,15445
16530,15446
17280,15447
21320,15448
22797,15449
23335,15450
23655,15451
352,15452
4181,15453
5388,15454
6215,15455
21825,15456
20925,15457
20926,15458
16977,15459
22333,15460
1681,15461
19068,15462
24043,15463
23183,15464
21479,15465
2399,15466
23182,15467
3120,15468
18268,15469
22332,15470
24042,15471
11448,15472
20708,15473
9483,15474
11532,15475
12329,15476
22626,15477
22336,15478
21483,15479
966,15480
2403,15481
24047,15482
1684,15483
1685,15484
23187,15485
3124,15486
3826,15487
3123,15488
4533,15489
14475,15490
19322,15491
3294,15492
15469,15493
23185,15494
5935,15495
3824,15496
5234,15497
964,15498
4531,15499
22334,15500
21481,15501
5934,15502
1682,15503
2400,15504
3121,15505
13035,15506
20710,15507
9556,15508
16228,15509
1874,15510
24097,15511
2397,15512
18266,15513
20660,15514
21477,15515
24040,15516
23179,15517
19862,15518
1679,15519
22330,15520
23180,15521
961,15522
24039,15523
10853,15524
1368,15525
3257,15526
14655,15527
23708,15528
13860,15529
17949,15530
4672,15531
5630,15532
14048,15533
21736,15534
12463,15535
23446,15536
20885,15537
23633,15538
12294,15539
21925,15540
3801,15541
5214,15542
4508,15543
23348,15544
12960,15545
21633,15546
21634,15547
24212,15548
13755,15549
12165,15550
15314,15551
14545,15552
24211,15553
16070,15554
23347,15555
9057,15556
16958,15557
13294,15558
22300,15559
15221,15560
23150,15561
13004,15562
13797,15563
16100,15564
16101,15565
14585,15566
8016,15567
15345,15568
21669,15569
16853,15570
17604,15571
15344,15572
12211,15573
8871,15574
6624,15575
5216,15576
7309,15577
19208,15578
17586,15579
20002,15580
15327,15581
16835,15582
20801,15583
18406,15584
20802,15585
16083,15586
12982,15587
12187,15588
20003,15589
11707,15590
13892,15591
23148,15592
18240,15593
24008,15594
8872,15595
20775,15596
19976,15597
4560,15598
24196,15599
21619,15600
24195,15601
3852,15602
18379,15603
5960,15604
22474,15605
19180,15606
23333,15607
6290,15608
6385,15609
4294,15610
14367,15611
15136,15612
21139,15613
17348,15614
23700,15615
12744,15616
12745,15617
23703,15618
9765,15619
23698,15620
10852,15621
15373,15622
10137,15623
6699,15624
6697,15625
8067,15626
6014,15627
8769,15628
10822,15629
7385,15630
8069,15631
16127,15632
9452,15633
15220,15634
15034,15635
13645,15636
10167,15637
3165,15638
4581,15639
10090,15640
8724,15641
284,15642
8725,15643
3873,15644
1722,15645
10089,15646
5987,15647
5284,15648
7354,15649
10650,15650
11447,15651
1746,15652
10802,15653
312,15654
6685,15655
9432,15656
10119,15657
8749,15658
10117,15659
8050,15660
2470,15661
7367,15662
6000,15663
12850,15664
16631,15665
13828,15666
7698,15667
358,15668
4634,15669
6708,15670
5335,15671
1076,15672
5337,15673
8078,15674
1791,15675
3927,15676
6023,15677
8776,15678
10142,15679
19836,15680
9129,15681
15915,15682
7767,15683
7088,15684
12462,15685
13255,15686
16597,15687
13256,15688
17869,15689
11953,15690
23107,15691
1320,15692
601,15693
7715,15694
13257,15695
14050,15696
3485,15697
14613,15698
10821,15699
6015,15700
6013,15701
7384,15702
6698,15703
9451,15704
10138,15705
8068,15706
7386,15707
16881,15708
8770,15709
6586,15710
3734,15711
7658,15712
5282,15713
5283,15714
10774,15715
10773,15716
1003,15717
9407,15718
4580,15719
2445,15720
6671,15721
8037,15722
4582,15723
3874,15724
10592,15725
1490,15726
18455,15727
5349,15728
5447,15729
5967,15730
8039,15731
9285,15732
9336,15733
9968,15734
4899,15735
2469,15736
10118,15737
1031,15738
6001,15739
8750,15740
10803,15741
9431,15742
10801,15743
2471,15744
1747,15745
311,15746
6684,15747
5148,15748
9738,15749
1077,15750
5336,15751
6024,15752
4633,15753
357,15754
4635,15755
7395,15756
2514,15757
3218,15758
6707,15759
9458,15760
10826,15761
7954,15762
4990,15763
6373,15764
5693,15765
3570,15766
4247,15767
3539,15768
3549,15769
2111,15770
2833,15771
5666,15772
23072,15773
5655,15774
4953,15775
19721,15776
1393,15777
22931,15778
8677,15779
10916,15780
9545,15781
9548,15782
13094,15783
10229,15784
6783,15785
6098,15786
15446,15787
8865,15788
14684,15789
10917,15790
10231,15791
24209,15792
12208,15793
21447,15794
13887,15795
10914,15796
13095,15797
7471,15798
8153,15799
7472,15800
3987,15801
13888,15802
6781,15803
8152,15804
14683,15805
10228,15806
6181,15807
9511,15808
1963,15809
2685,15810
529,15811
8679,15812
6096,15813
9546,15814
9547,15815
15445,15816
10915,15817
7474,15818
8862,15819
6782,15820
10230,15821
8864,15822
6097,15823
9544,15824
12184,15825
22298,15826
10918,15827
8155,15828
10232,15829
6784,15830
7473,15831
6100,15832
6099,15833
7475,15834
8154,15835
8863,15836
8866,15837
8156,15838
24192,15839
1125,15840
12160,15841
14788,15842
17797,15843
18115,15844
19914,15845
21691,15846
22208,15847
22795,15848
4892,15849
4964,15850
5595,15851
5667,15852
11617,15853
12204,15854
15814,15855
16564,15856
17314,15857
18319,15858
19499,15859
20297,15860
21089,15861
21353,15862
23555,15863
2561,15864
9415,15865
10126,15866
12179,15867
12411,15868
12711,15869
13502,15870
17896,15871
1839,15872
18694,15873
23245,15874
23653,15875
4258,15876
4801,15877
4961,15878
10835,15879
1343,15880
20523,15881
2065,15882
21356,15883
21847,15884
22211,15885
22717,15886
23242,15887
404,15888
4184,15889
4256,15890
5958,15891
23529,15892
10796,15893
11861,15894
11864,15895
12657,15896
13450,15897
20293,15898
2060,15899
21140,15900
21659,15901
2781,15902
4811,15903
6083,15904
8269,15905
19373,15906
1345,15907
14117,15908
15015,15909
15316,15910
17893,15911
21310,15912
23029,15913
23891,15914
4103,15915
4604,15916
625,15917
6900,15918
8842,15919
11865,15920
12429,15921
18420,15922
19495,15923
21091,15924
21944,15925
23032,15926
23887,15927
23894,15928
3162,15929
412,15930
4218,15931
5512,15932
12370,15933
18081,15934
18691,15935
19183,15936
19688,15937
20487,15938
22168,15939
22842,15940
23654,15941
2509,15942
3395,15943
413,15944
4807,15945
5594,15946
20973,15947
7270,15948
2387,15949
5928,15950
24029,15951
951,15952
1669,15953
2389,15954
5227,15955
953,15956
1670,15957
954,15958
3110,15959
1672,15960
1772,15961
10778,15962
4442,15963
23170,15964
19856,15965
1674,15966
3817,15967
22321,15968
23171,15969
4524,15970
21468,15971
3111,15972
21467,15973
956,15974
22320,15975
19610,15976
7796,15977
23982,15978
18966,15979
15129,15980
5849,15981
3109,15982
19060,15983
19061,15984
19855,15985
18260,15986
18261,15987
2388,15988
22319,15989
1673,15990
5930,15991
24028,15992
23168,15993
3179,15994
8637,15995
22318,15996
21465,15997
5226,15998
19854,15999
20652,16000
3816,16001
4521,16002
4522,16003
3814,16004
18259,16005
5228,16006
5929,16007
10830,16008
23705,16009
20350,16010
20348,16011
4220,16012
2037,16013
11668,16014
21069,16015
20270,16016
12164,16017
3935,16018
2525,16019
369,16020
6039,16021
1057,16022
288,16023
12210,16024
8797,16025
16887,16026
9479,16027
7412,16028
10264,16029
10453,16030
13560,16031
13774,16032
14778,16033
15539,16034
1751,16035
18160,16036
18808,16037
18961,16038
20875,16039
8477,16040
14597,16041
15883,16042
16633,16043
1709,16044
17382,16045
17384,16046
19336,16047
21726,16048
977,16049
12338,16050
13078,16051
13809,16052
15125,16053
18165,16054
19771,16055
20571,16056
2414,16057
990,16058
13871,16059
13926,16060
15886,16061
16113,16062
16636,16063
17387,16064
21537,16065
23117,16066
271,16067
12186,16068
6723,16069
1802,16070
8095,16071
16133,16072
5295,16073
3851,16074
3226,16075
4640,16076
5342,16077
1088,16078
362,16079
5378,16080
13073,16081
13074,16082
20074,16083
13325,16084
21138,16085
8370,16086
17944,16087
1054,16088
5225,16089
3812,16090
949,16091
18254,16092
338,16093
1007,16094
1723,16095
21459,16096
17496,16097
22312,16098
19849,16099
4094,16100
10344,16101
11028,16102
1257,16103
19287,16104
21953,16105
15239,16106
20676,16107
24059,16108
8051,16109
19054,16110
3106,16111
20647,16112
24021,16113
10807,16114
1792,16115
4519,16116
5926,16117
6628,16118
1667,16119
1081,16120
7068,16121
5005,16122
13577,16123
17396,16124
2758,16125
3449,16126
22776,16127
23634,16128
19470,16129
20268,16130
19472,16131
21924,16132
1769,16133
5927,16134
3815,16135
4523,16136
2390,16137
5246,16138
1696,16139
9408,16140
20654,16141
5229,16142
24031,16143
20653,16144
21193,16145
12689,16146
15793,16147
18105,16148
12749,16149
18594,16150
18806,16151
1968,16152
20989,16153
23550,16154
2686,16155
4084,16156
5495,16157
6882,16158
6002,16159
23169,16160
952,16161
955,16162
1671,16163
21534,16164
9459,16165
3108,16166
4520,16167
19059,16168
21466,16169
19116,16170
7746,16171
9110,16172
15898,16173
16644,16174
19622,16175
20421,16176
22078,16177
21223,16178
18822,16179
18023,16180
23791,16181
21221,16182
2492,16183
22297,16184
16735,16185
22296,16186
20632,16187
9739,16188
12499,16189
8726,16190
16736,16191
23146,16192
18237,16193
15978,16194
15791,16195
16821,16196
16949,16197
19707,16198
21330,16199
22046,16200
23051,16201
3907,16202
7503,16203
7585,16204
9664,16205
11898,16206
13928,16207
20508,16208
23062,16209
23924,16210
6766,16211
8019,16212
8709,16213
975,16214
12222,16215
13480,16216
14271,16217
15036,16218
1695,16219
16992,16220
18102,16221
2432,16222
6081,16223
10204,16224
14268,16225
15259,16226
17737,16227
18905,16228
19710,16229
20511,16230
7336,16231
9391,16232
16602,16233
1748,16234
19037,16235
15219,16236
15977,16237
21444,16238
23682,16239
8777,16240
19834,16241
21443,16242
17488,16243
19036,16244
6976,16245
11136,16246
15120,16247
16627,16248
11985,16249
20969,16250
21823,16251
13165,16252
13964,16253
19119,16254
22392,16255
10206,16256
19421,16257
3412,16258
4120,16259
5529,16260
19875,16261
23199,16262
22346,16263
2784,16264
19120,16265
20713,16266
12955,16267
14270,16268
15044,16269
16551,16270
17301,16271
1841,16272
19117,16273
20840,16274
21090,16275
21947,16276
22718,16277
22800,16278
6203,16279
10100,16280
12699,16281
13997,16282
14800,16283
16552,16284
17302,16285
17598,16286
19493,16287
19709,16288
20296,16289
21095,16290
21536,16291
4683,16292
10810,16293
12974,16294
13490,16295
14280,16296
16312,16297
20291,16298
20295,16299
20509,16300
21094,16301
21535,16302
22206,16303
23576,16304
3265,16305
11907,16306
13489,16307
14279,16308
15440,16309
17526,16310
18902,16311
2059,16312
21015,16313
23658,16314
5258,16315
6029,16316
628,16317
7573,16318
16271,16319
20971,16320
13958,16321
13171,16322
4192,16323
8341,16324
17276,16325
14940,16326
21300,16327
11855,16328
18074,16329
10346,16330
11031,16331
14153,16332
3392,16333
6212,16334
6896,16335
8267,16336
9660,16337
9662,16338
5602,16339
9056,16340
21144,16341
2809,16342
23710,16343
20345,16344
17193,16345
11747,16346
19568,16347
13337,16348
15018,16349
10265,16350
14147,16351
19177,16352
19675,16353
21875,16354
22727,16355
4958,16356
6334,16357
7018,16358
8080,16359
9528,16360
17615,16361
19677,16362
20134,16363
20476,16364
20709,16365
22154,16366
22155,16367
3156,16368
3272,16369
12648,16370
21533,16371
23014,16372
23015,16373
23875,16374
3865,16375
5392,16376
6653,16377
6824,16378
11854,16379
12647,16380
16864,16381
18873,16382
21299,16383
21529,16384
22636,16385
3979,16386
5276,16387
9008,16388
1289,16389
8294,16390
9690,16391
19496,16392
21042,16393
21894,16394
22747,16395
9533,16396
20673,16397
15998,16398
18279,16399
11060,16400
15592,16401
7610,16402
10374,16403
1281,16404
1282,16405
17822,16406
17824,16407
18623,16408
19426,16409
22031,16410
5530,16411
562,16412
22946,16413
13385,16414
22092,16415
21286,16416
10490,16417
9813,16418
7772,16419
12020,16420
14596,16421
15268,16422
1902,16423
20432,16424
21236,16425
22091,16426
22945,16427
272,16428
3280,16429
11796,16430
12589,16431
12900,16432
15356,16433
20135,16434
22090,16435
23806,16436
5398,16437
991,16438
13134,16439
16112,16440
18029,16441
18828,16442
19634,16443
19940,16444
20433,16445
4574,16446
4696,16447
7695,16448
16922,16449
15415,16450
10888,16451
8130,16452
21495,16453
22348,16454
21494,16455
4182,16456
7092,16457
9133,16458
7094,16459
14389,16460
12437,16461
13231,16462
14022,16463
14936,16464
17079,16465
19444,16466
20240,16467
21044,16468
23609,16469
6408,16470
8450,16471
6410,16472
13600,16473
13563,16474
9775,16475
15876,16476
16625,16477
20879,16478
21730,16479
23439,16480
13082,16481
14353,16482
9095,16483
15119,16484
15875,16485
11984,16486
14352,16487
17378,16488
7050,16489
11981,16490
7725,16491
13561,16492
12771,16493
16836,16494
22489,16495
8698,16496
19977,16497
1030,16498
10136,16499
3164,16500
8077,16501
455,16502
1176,16503
2611,16504
10258,16505
11137,16506
15783,16507
7855,16508
20475,16509
16765,16510
20817,16511
21701,16512
23524,16513
2936,16514
386,16515
4361,16516
5845,16517
6490,16518
6639,16519
8036,16520
8538,16521
10329,16522
18568,16523
21211,16524
5019,16525
11982,16526
11986,16527
12777,16528
14351,16529
17587,16530
17738,16531
20992,16532
21844,16533
22065,16534
22582,16535
24070,16536
310,16537
3846,16538
15561,16539
17769,16540
13362,16541
7098,16542
10820,16543
1263,16544
13467,16545
14154,16546
14258,16547
16071,16548
20097,16549
20729,16550
21784,16551
22189,16552
23210,16553
23910,16554
544,16555
23525,16556
21022,16557
7775,16558
11764,16559
11636,16560
12430,16561
14145,16562
16240,16563
18073,16564
18331,16565
18872,16566
19090,16567
19676,16568
20776,16569
3546,16570
7394,16571
7462,16572
22668,16573
4306,16574
10001,16575
10003,16576
10004,16577
10005,16578
10013,16579
10016,16580
10017,16581
10018,16582
10019,16583
10020,16584
10021,16585
10022,16586
10023,16587
10025,16588
10033,16589
10036,16590
10042,16591
10047,16592
10048,16593
10049,16594
10054,16595
10055,16596
10057,16597
10058,16598
10073,16599
10074,16600
1008,16601
1009,16602
10095,16603
10096,16604
10097,16605
10098,16606
1010,16607
10101,16608
10102,16609
10103,16610
10104,16611
1012,16612
10123,16613
10127,16614
10128,16615
10129,16616
1013,16617
1014,16618
10147,16619
10148,16620
1015,16621
10152,16622
10153,16623
10154,16624
10155,16625
10157,16626
10158,16627
10159,16628
10162,16629
10163,16630
10164,16631
10172,16632
10173,16633
10174,16634
10175,16635
10176,16636
10193,16637
10199,16638
10200,16639
10201,16640
10202,16641
10203,16642
10227,16643
10237,16644
10238,16645
10240,16646
10242,16647
10243,16648
10244,16649
10245,16650
10246,16651
10247,16652
10248,16653
10250,16654
10263,16655
10270,16656
10275,16657
10283,16658
10286,16659
10287,16660
10292,16661
10293,16662
10294,16663
10295,16664
10296,16665
10297,16666
10298,16667
10299,16668
10300,16669
10301,16670
10302,16671
10309,16672
10312,16673
10330,16674
10334,16675
10335,16676
10336,16677
10343,16678
10345,16679
10347,16680
10349,16681
10357,16682
10358,16683
1036,16684
10363,16685
1037,16686
10370,16687
10371,16688
10372,16689
10373,16690
1038,16691
10385,16692
10386,16693
10388,16694
10390,16695
10394,16696
10395,16697
10396,16698
10397,16699
10398,16700
10399,16701
1040,16702
10400,16703
10401,16704
10402,16705
10405,16706
10407,16707
10408,16708
1041,16709
10412,16710
10414,16711
10415,16712
10416,16713
10417,16714
10419,16715
1042,16716
10420,16717
10421,16718
10423,16719
10424,16720
10425,16721
10428,16722
1043,16723
10434,16724
10435,16725
10437,16726
10452,16727
10456,16728
10467,16729
10468,16730
10469,16731
10470,16732
10471,16733
10472,16734
10473,16735
10474,16736
10475,16737
10476,16738
10478,16739
10479,16740
10485,16741
10486,16742
10487,16743
10489,16744
10491,16745
10492,16746
10505,16747
10509,16748
10514,16749
10517,16750
10518,16751
10519,16752
10520,16753
10521,16754
10527,16755
10569,16756
10574,16757
10575,16758
10576,16759
10577,16760
10578,16761
10579,16762
1058,16763
10580,16764
10581,16765
10582,16766
10583,16767
10584,16768
10585,16769
10586,16770
10587,16771
10588,16772
1059,16773
10591,16774
10593,16775
10594,16776
10595,16777
10596,16778
10597,16779
10598,16780
10599,16781
1060,16782
10600,16783
10601,16784
10602,16785
10603,16786
10604,16787
10605,16788
10606,16789
10607,16790
10608,16791
10609,16792
10610,16793
10611,16794
10612,16795
10613,16796
10614,16797
10616,16798
10617,16799
10618,16800
10619,16801
10620,16802
10621,16803
10622,16804
10623,16805
10624,16806
10625,16807
10626,16808
10628,16809
10629,16810
1063,16811
10630,16812
10631,16813
10632,16814
10633,16815
10634,16816
10635,16817
10636,16818
10637,16819
10638,16820
1064,16821
10640,16822
10641,16823
10642,16824
10647,16825
10649,16826
1065,16827
10655,16828
10671,16829
10673,16830
10677,16831
10685,16832
10686,16833
10687,16834
10689,16835
10690,16836
10694,16837
10696,16838
10699,16839
10702,16840
10703,16841
10704,16842
10706,16843
10707,16844
10708,16845
10709,16846
10710,16847
10712,16848
10717,16849
10718,16850
10720,16851
10722,16852
10729,16853
10733,16854
10734,16855
10737,16856
10743,16857
10744,16858
10745,16859
10746,16860
10747,16861
10749,16862
10757,16863
10758,16864
10780,16865
10781,16866
10782,16867
10784,16868
10785,16869
10786,16870
10787,16871
10788,16872
10811,16873
10812,16874
10813,16875
1082,16876
10832,16877
10836,16878
10837,16879
10838,16880
10839,16881
1084,16882
10841,16883
10842,16884
10843,16885
10845,16886
10847,16887
10848,16888
1085,16889
10854,16890
10856,16891
10857,16892
10858,16893
10859,16894
1086,16895
10860,16896
10862,16897
1087,16898
10877,16899
10878,16900
10879,16901
10885,16902
10886,16903
10889,16904
10890,16905
10923,16906
10924,16907
10926,16908
10928,16909
10930,16910
10933,16911
10935,16912
10936,16913
10943,16914
10949,16915
1095,16916
10952,16917
10955,16918
10956,16919
10957,16920
1096,16921
10960,16922
10966,16923
10968,16924
10969,16925
1097,16926
10972,16927
10973,16928
10978,16929
10979,16930
1098,16931
10980,16932
10982,16933
10983,16934
10984,16935
10985,16936
10986,16937
10987,16938
10988,16939
1099,16940
10998,16941
1100,16942
1101,16943
11010,16944
11012,16945
11013,16946
11014,16947
1102,16948
11020,16949
11021,16950
11026,16951
11027,16952
11029,16953
1103,16954
11030,16955
11033,16956
1104,16957
11041,16958
11042,16959
1105,16960
11055,16961
11056,16962
11057,16963
11058,16964
11059,16965
11067,16966
11071,16967
11072,16968
11074,16969
11076,16970
1108,16971
11080,16972
11081,16973
11082,16974
11083,16975
11084,16976
11085,16977
11086,16978
11087,16979
11088,16980
11090,16981
11091,16982
11094,16983
11100,16984
11101,16985
11102,16986
11103,16987
11105,16988
11106,16989
11107,16990
11109,16991
11110,16992
11111,16993
11114,16994
11120,16995
11121,16996
11123,16997
11134,16998
11139,16999
11150,17000
11151,17001
11152,17002
11153,17003
11154,17004
11155,17005
11156,17006
11157,17007
11158,17008
11159,17009
11160,17010
11161,17011
11162,17012
11168,17013
11169,17014
11170,17015
11171,17016
11172,17017
11175,17018
1118,17019
11192,17020
11200,17021
11201,17022
11202,17023
11203,17024
11204,17025
1122,17026
11252,17027
11257,17028
11258,17029
11259,17030
11260,17031
11261,17032
11262,17033
11263,17034
11264,17035
11265,17036
11266,17037
11267,17038
11268,17039
11269,17040
1127,17041
11270,17042
11271,17043
11274,17044
11277,17045
11278,17046
11279,17047
11280,17048
11281,17049
11282,17050
11283,17051
11284,17052
11285,17053
11286,17054
11287,17055
11288,17056
11289,17057
11290,17058
11291,17059
11292,17060
11293,17061
11294,17062
11295,17063
11296,17064
11297,17065
11298,17066
11299,17067
11300,17068
11301,17069
11302,17070
11303,17071
11304,17072
11305,17073
11306,17074
11307,17075
11308,17076
11309,17077
11311,17078
11313,17079
11314,17080
11315,17081
11316,17082
11317,17083
11318,17084
11319,17085
11320,17086
11321,17087
11322,17088
11323,17089
11324,17090
11325,17091
11326,17092
11327,17093
1133,17094
11331,17095
11334,17096
11356,17097
11358,17098
11362,17099
11363,17100
11374,17101
11375,17102
11378,17103
11379,17104
1138,17105
11381,17106
11387,17107
11388,17108
11389,17109
11390,17110
11391,17111
11392,17112
11393,17113
11394,17114
11395,17115
11396,17116
11397,17117
11399,17118
11402,17119
11414,17120
11418,17121
11421,17122
11422,17123
11426,17124
11428,17125
11429,17126
11431,17127
1144,17128
11443,17129
11444,17130
11445,17131
11451,17132
11455,17133
11458,17134
11460,17135
11461,17136
11464,17137
11465,17138
11466,17139
11467,17140
11470,17141
11476,17142
11477,17143
11478,17144
11479,17145
11480,17146
11481,17147
11482,17148
11483,17149
11485,17150
11501,17151
11506,17152
11507,17153
11508,17154
1151,17155
11512,17156
11537,17157
11539,17158
11540,17159
11543,17160
11544,17161
11553,17162
11561,17163
11563,17164
11564,17165
11565,17166
11566,17167
11567,17168
11569,17169
1157,17170
11570,17171
11572,17172
11573,17173
11574,17174
11575,17175
11576,17176
11577,17177
1158,17178
11581,17179
11585,17180
11586,17181
1159,17182
11599,17183
1160,17184
11601,17185
11606,17186
11607,17187
11611,17188
11612,17189
11613,17190
11619,17191
11623,17192
11626,17193
11627,17194
11628,17195
11629,17196
1163,17197
11630,17198
1164,17199
11643,17200
11644,17201
11645,17202
11646,17203
11647,17204
11648,17205
1165,17206
1166,17207
11662,17208
11663,17209
11664,17210
11666,17211
11667,17212
1167,17213
11677,17214
11679,17215
1168,17216
11680,17217
11682,17218
11683,17219
11684,17220
11685,17221
11686,17222
11687,17223
11688,17224
11689,17225
1169,17226
11690,17227
11691,17228
11692,17229
11693,17230
1170,17231
11708,17232
11709,17233
11710,17234
11711,17235
11713,17236
11715,17237
11716,17238
11717,17239
11720,17240
11722,17241
11725,17242
11726,17243
11727,17244
11728,17245
11729,17246
11730,17247
11731,17248
11732,17249
11733,17250
11734,17251
11735,17252
11738,17253
11739,17254
11740,17255
11742,17256
11762,17257
11763,17258
11772,17259
11774,17260
11776,17261
11777,17262
11778,17263
11781,17264
11782,17265
11783,17266
11784,17267
11785,17268
11786,17269
11787,17270
11788,17271
11789,17272
11791,17273
11792,17274
11793,17275
11794,17276
11795,17277
11797,17278
1181,17279
11817,17280
1182,17281
11821,17282
11833,17283
11866,17284
11867,17285
11877,17286
1188,17287
1189,17288
11892,17289
11894,17290
11896,17291
11897,17292
11899,17293
1190,17294
11900,17295
11901,17296
11902,17297
11903,17298
11904,17299
11905,17300
11906,17301
1191,17302
11911,17303
11912,17304
11922,17305
11924,17306
11926,17307
11929,17308
1193,17309
11930,17310
11933,17311
11934,17312
11935,17313
11937,17314
11943,17315
1195,17316
11958,17317
11959,17318
11960,17319
1197,17320
1198,17321
11990,17322
11991,17323
1200,17324
12006,17325
12007,17326
12008,17327
12009,17328
1201,17329
12010,17330
12011,17331
12012,17332
12013,17333
12014,17334
12015,17335
12017,17336
12018,17337
12019,17338
1202,17339
12021,17340
12022,17341
12023,17342
12024,17343
12026,17344
12027,17345
1203,17346
1204,17347
12040,17348
12041,17349
12042,17350
12043,17351
12044,17352
12046,17353
1206,17354
1207,17355
1208,17356
12081,17357
12086,17358
1209,17359
12108,17360
12109,17361
1211,17362
12110,17363
12111,17364
12112,17365
12113,17366
12114,17367
12115,17368
12116,17369
12118,17370
12119,17371
1212,17372
12120,17373
12121,17374
12122,17375
12125,17376
12126,17377
1213,17378
12144,17379
12146,17380
12147,17381
12148,17382
12149,17383
1215,17384
12150,17385
12151,17386
12152,17387
12157,17388
12158,17389
12159,17390
12161,17391
12162,17392
12163,17393
1217,17394
12177,17395
12178,17396
1218,17397
12180,17398
12181,17399
12182,17400
12183,17401
1219,17402
1220,17403
12201,17404
12202,17405
12203,17406
12205,17407
12206,17408
12207,17409
1221,17410
1222,17411
12226,17412
1223,17413
12235,17414
12237,17415
12238,17416
12239,17417
12251,17418
12252,17419
12259,17420
12261,17421
12266,17422
12270,17423
12272,17424
12274,17425
12275,17426
12276,17427
12277,17428
12279,17429
12282,17430
12283,17431
12286,17432
12293,17433
12297,17434
12298,17435
12299,17436
12300,17437
12304,17438
12305,17439
12327,17440
12331,17441
12332,17442
12334,17443
12335,17444
12344,17445
1235,17446
12355,17447
12356,17448
12357,17449
12358,17450
12359,17451
12360,17452
12361,17453
12362,17454
12363,17455
12364,17456
12365,17457
12366,17458
12367,17459
12368,17460
12369,17461
12377,17462
12378,17463
1238,17464
1239,17465
12390,17466
12391,17467
12392,17468
12393,17469
12398,17470
1240,17471
12400,17472
12401,17473
12403,17474
12405,17475
12407,17476
12418,17477
12419,17478
12421,17479
12424,17480
12425,17481
12438,17482
12439,17483
12440,17484
12441,17485
12442,17486
12454,17487
12456,17488
12457,17489
12458,17490
1246,17491
12460,17492
12461,17493
1247,17494
12471,17495
12473,17496
12475,17497
12476,17498
12477,17499
12478,17500
12479,17501
12480,17502
12481,17503
12482,17504
12483,17505
12484,17506
12500,17507
12501,17508
12502,17509
12503,17510
12504,17511
12507,17512
12508,17513
12509,17514
12512,17515
12514,17516
12517,17517
12518,17518
12519,17519
12520,17520
12521,17521
12522,17522
12524,17523
12525,17524
12526,17525
12527,17526
12530,17527
12531,17528
12532,17529
12533,17530
12534,17531
1254,17532
1255,17533
12553,17534
12554,17535
12555,17536
1256,17537
12568,17538
12569,17539
12573,17540
12575,17541
12576,17542
12577,17543
12578,17544
12579,17545
12580,17546
12581,17547
12582,17548
12584,17549
12585,17550
12586,17551
12587,17552
12588,17553
12590,17554
12609,17555
12610,17556
12614,17557
12626,17558
12658,17559
12659,17560
1268,17561
12683,17562
12684,17563
12686,17564
12687,17565
12688,17566
1269,17567
12690,17568
12691,17569
12692,17570
12693,17571
12694,17572
12695,17573
12696,17574
12702,17575
12703,17576
12712,17577
12713,17578
12715,17579
12717,17580
12718,17581
12720,17582
12721,17583
12724,17584
12725,17585
12726,17586
12728,17587
12730,17588
12734,17589
12750,17590
12751,17591
12782,17592
12783,17593
12798,17594
12799,17595
12800,17596
12801,17597
12802,17598
12803,17599
12804,17600
12805,17601
12806,17602
12807,17603
12810,17604
12811,17605
12813,17606
12814,17607
12815,17608
12816,17609
12818,17610
12819,17611
12833,17612
12834,17613
12835,17614
12836,17615
12840,17616
12843,17617
12847,17618
1287,17619
12879,17620
1288,17621
12880,17622
12883,17623
12901,17624
12902,17625
12903,17626
12904,17627
12905,17628
12906,17629
12907,17630
12908,17631
12909,17632
12910,17633
12911,17634
12913,17635
12914,17636
12916,17637
12917,17638
12919,17639
12921,17640
1293,17641
12939,17642
12941,17643
12942,17644
12943,17645
12944,17646
12945,17647
12946,17648
12947,17649
12952,17650
12953,17651
12954,17652
12956,17653
12957,17654
12958,17655
1296,17656
12971,17657
12972,17658
12973,17659
12975,17660
12976,17661
12977,17662
12978,17663
12993,17664
12994,17665
12995,17666
12996,17667
13000,17668
13026,17669
13028,17670
13030,17671
13032,17672
13037,17673
13041,17674
13042,17675
13044,17676
13045,17677
13048,17678
13049,17679
13050,17680
13051,17681
13053,17682
13054,17683
13058,17684
13062,17685
13064,17686
13066,17687
13067,17688
13069,17689
13070,17690
13079,17691
1308,17692
13086,17693
13092,17694
13099,17695
13100,17696
13107,17697
13108,17698
13114,17699
13117,17700
13118,17701
1312,17702
13121,17703
13122,17704
13123,17705
13124,17706
13125,17707
13126,17708
13130,17709
13137,17710
1314,17711
13149,17712
1315,17713
13150,17714
13152,17715
13153,17716
13154,17717
13155,17718
13156,17719
13157,17720
13158,17721
1316,17722
13160,17723
13161,17724
13162,17725
13163,17726
13164,17727
1317,17728
13172,17729
13173,17730
1318,17731
13184,17732
13185,17733
13186,17734
1319,17735
13191,17736
13193,17737
13194,17738
13196,17739
13197,17740
13200,17741
13201,17742
13209,17743
13210,17744
13213,17745
13217,17746
1322,17747
13225,17748
13230,17749
13232,17750
13233,17751
13234,17752
13235,17753
1324,17754
13246,17755
13248,17756
13249,17757
1325,17758
13250,17759
13252,17760
13253,17761
13254,17762
1326,17763
13266,17764
13268,17765
13269,17766
1327,17767
13270,17768
13271,17769
13272,17770
13273,17771
13274,17772
13275,17773
13276,17774
13277,17775
1328,17776
13284,17777
1329,17778
13293,17779
13295,17780
13296,17781
13297,17782
13298,17783
1330,17784
13302,17785
13303,17786
13304,17787
13308,17788
13309,17789
1331,17790
13311,17791
13312,17792
13313,17793
13314,17794
13315,17795
13316,17796
13317,17797
13318,17798
13319,17799
1332,17800
13320,17801
13326,17802
13328,17803
13329,17804
13331,17805
13332,17806
13333,17807
13350,17808
13351,17809
13352,17810
13353,17811
13365,17812
13368,17813
13370,17814
13372,17815
13373,17816
13374,17817
13375,17818
13376,17819
13377,17820
13379,17821
13380,17822
13381,17823
13382,17824
13383,17825
13384,17826
13403,17827
13420,17828
13441,17829
13451,17830
13452,17831
13453,17832
13458,17833
13463,17834
13475,17835
13476,17836
13478,17837
13479,17838
1348,17839
13481,17840
13482,17841
13483,17842
13484,17843
13485,17844
13486,17845
13487,17846
13493,17847
13494,17848
13504,17849
13506,17850
13509,17851
13511,17852
13512,17853
13514,17854
13515,17855
13517,17856
13518,17857
13519,17858
13523,17859
13525,17860
13540,17861
13541,17862
13542,17863
13557,17864
1356,17865
13565,17866
13568,17867
13571,17868
13586,17869
13588,17870
13589,17871
13590,17872
13591,17873
13592,17874
13593,17875
13598,17876
13599,17877
13601,17878
13602,17879
13603,17880
13604,17881
13608,17882
13610,17883
13611,17884
13624,17885
13625,17886
13626,17887
13627,17888
13628,17889
13629,17890
13631,17891
13633,17892
13638,17893
13649,17894
13657,17895
13658,17896
1366,17897
13673,17898
13677,17899
13682,17900
13687,17901
13696,17902
13697,17903
13698,17904
13699,17905
13700,17906
13701,17907
13702,17908
13703,17909
13704,17910
13705,17911
13707,17912
13708,17913
13709,17914
13710,17915
13711,17916
13712,17917
13715,17918
13716,17919
13720,17920
13728,17921
13729,17922
1373,17923
13736,17924
13737,17925
13738,17926
13740,17927
13741,17928
13742,17929
13748,17930
13749,17931
13750,17932
13752,17933
13753,17934
13767,17935
13768,17936
13772,17937
13773,17938
13786,17939
13787,17940
13788,17941
13789,17942
13793,17943
13811,17944
13814,17945
13825,17946
1383,17947
13831,17948
13832,17949
13833,17950
13835,17951
13837,17952
13838,17953
13839,17954
13841,17955
13843,17956
13845,17957
13846,17958
13848,17959
13851,17960
13852,17961
13855,17962
13858,17963
13859,17964
13861,17965
13862,17966
13863,17967
13870,17968
13872,17969
13873,17970
13874,17971
13885,17972
13886,17973
13893,17974
13900,17975
13903,17976
13906,17977
13910,17978
13911,17979
13915,17980
13916,17981
13918,17982
13919,17983
13920,17984
13921,17985
13924,17986
13941,17987
13942,17988
13943,17989
13944,17990
13946,17991
13947,17992
13948,17993
13949,17994
13950,17995
13953,17996
13954,17997
13955,17998
13956,17999
13957,18000
13965,18001
13966,18002
13977,18003
13978,18004
1398,18005
13986,18006
13987,18007
13988,18008
13990,18009
13991,18010
13993,18011
13999,18012
14001,18013
14002,18014
14004,18015
14005,18016
14006,18017
14007,18018
14008,18019
14013,18020
1402,18021
14023,18022
14025,18023
14026,18024
14027,18025
14038,18026
14040,18027
14041,18028
14042,18029
14044,18030
14045,18031
14046,18032
14047,18033
14059,18034
1406,18035
14061,18036
14062,18037
14063,18038
14064,18039
14065,18040
14066,18041
14067,18042
14068,18043
14069,18044
14070,18045
14073,18046
14086,18047
14087,18048
14088,18049
14089,18050
14090,18051
14091,18052
14093,18053
14095,18054
14096,18055
14101,18056
14102,18057
14104,18058
14105,18059
14106,18060
14107,18061
14108,18062
14109,18063
14110,18064
14111,18065
14112,18066
14113,18067
14114,18068
14121,18069
14122,18070
14124,18071
14125,18072
14142,18073
14143,18074
14144,18075
14157,18076
14158,18077
14159,18078
1416,18079
14162,18080
14164,18081
14165,18082
14166,18083
14167,18084
14168,18085
14169,18086
14171,18087
14173,18088
14174,18089
14175,18090
14176,18091
14177,18092
1418,18093
1419,18094
14195,18095
1420,18096
14212,18097
14233,18098
1424,18099
14243,18100
14244,18101
14245,18102
14250,18103
14254,18104
14266,18105
14267,18106
14269,18107
14272,18108
14273,18109
14274,18110
14275,18111
14276,18112
14277,18113
14278,18114
14282,18115
14283,18116
14284,18117
14292,18118
14296,18119
14299,18120
14300,18121
14301,18122
14304,18123
14305,18124
14307,18125
14309,18126
14311,18127
14313,18128
14315,18129
14326,18130
14329,18131
14330,18132
14331,18133
14332,18134
14347,18135
14354,18136
14356,18137
14358,18138
14361,18139
14376,18140
14377,18141
14378,18142
14380,18143
14381,18144
14382,18145
14383,18146
14387,18147
14388,18148
1439,18149
14390,18150
14391,18151
14392,18152
14393,18153
14397,18154
14399,18155
14400,18156
14413,18157
14414,18158
14415,18159
14416,18160
14417,18161
14418,18162
14419,18163
14421,18164
14424,18165
14429,18166
14439,18167
14448,18168
1446,18169
14463,18170
1447,18171
14474,18172
14487,18173
14488,18174
14489,18175
14490,18176
14491,18177
14492,18178
14493,18179
14495,18180
14496,18181
14498,18182
14499,18183
14500,18184
14501,18185
14502,18186
14505,18187
14506,18188
14510,18189
14518,18190
14524,18191
14526,18192
14527,18193
14528,18194
14531,18195
14532,18196
14538,18197
14539,18198
14540,18199
14542,18200
14543,18201
14546,18202
14557,18203
14561,18204
14562,18205
14575,18206
14576,18207
14577,18208
14578,18209
14580,18210
14581,18211
14602,18212
14616,18213
14617,18214
14628,18215
14629,18216
14631,18217
14634,18218
14637,18219
14638,18220
14640,18221
14641,18222
14647,18223
14648,18224
14649,18225
14652,18226
14653,18227
14654,18228
14656,18229
14657,18230
14667,18231
14675,18232
14677,18233
14679,18234
14680,18235
14689,18236
14696,18237
14703,18238
14705,18239
14706,18240
14711,18241
14712,18242
14713,18243
14714,18244
14716,18245
14717,18246
14719,18247
1472,18248
14720,18249
14721,18250
14730,18251
14733,18252
14735,18253
14736,18254
14737,18255
14738,18256
14739,18257
14740,18258
14741,18259
14742,18260
14745,18261
14746,18262
14747,18263
14748,18264
14749,18265
14750,18266
14751,18267
14752,18268
14753,18269
14754,18270
14759,18271
14766,18272
14767,18273
14768,18274
14774,18275
14777,18276
1478,18277
14780,18278
14783,18279
14786,18280
1479,18281
14791,18282
14793,18283
14794,18284
14795,18285
14799,18286
1480,18287
14803,18288
14804,18289
14809,18290
1481,18291
14814,18292
14815,18293
14816,18294
1482,18295
1483,18296
14832,18297
14834,18298
14835,18299
14836,18300
14837,18301
1484,18302
14844,18303
14848,18304
1485,18305
14850,18306
14851,18307
14852,18308
14853,18309
14854,18310
14855,18311
14856,18312
14857,18313
14858,18314
14859,18315
1486,18316
14866,18317
1487,18318
14876,18319
14877,18320
14878,18321
14879,18322
1488,18323
14880,18324
14881,18325
14882,18326
14883,18327
14885,18328
14886,18329
1489,18330
14891,18331
14892,18332
14895,18333
14896,18334
14897,18335
14898,18336
14899,18337
14900,18338
14901,18339
14903,18340
14913,18341
14915,18342
14916,18343
1492,18344
14920,18345
1493,18346
14935,18347
14937,18348
14938,18349
1494,18350
14941,18351
14946,18352
1495,18353
14951,18354
14952,18355
14955,18356
14957,18357
14958,18358
14959,18359
1496,18360
14960,18361
14961,18362
14962,18363
14964,18364
14965,18365
14966,18366
14967,18367
1497,18368
14976,18369
1498,18370
1499,18371
1500,18372
15007,18373
1501,18374
1502,18375
15024,18376
15026,18377
1503,18378
15032,18379
15035,18380
15037,18381
15038,18382
15039,18383
1504,18384
15040,18385
15041,18386
15042,18387
15043,18388
15049,18389
15057,18390
15059,18391
1506,18392
15060,18393
15062,18394
15064,18395
15065,18396
15066,18397
15068,18398
15069,18399
1507,18400
15071,18401
15072,18402
15073,18403
15078,18404
1508,18405
1509,18406
15095,18407
15096,18408
15097,18409
1510,18410
1511,18411
15112,18412
15114,18413
15115,18414
15116,18415
15117,18416
15118,18417
1512,18418
15123,18419
15124,18420
15126,18421
15127,18422
15128,18423
1513,18424
15131,18425
15132,18426
15133,18427
1514,18428
1515,18429
15150,18430
15151,18431
15152,18432
15153,18433
15154,18434
15156,18435
15157,18436
15159,18437
1516,18438
15160,18439
15161,18440
15162,18441
15163,18442
1517,18443
15173,18444
15174,18445
1518,18446
15187,18447
15188,18448
15189,18449
1519,18450
15190,18451
15191,18452
15192,18453
15193,18454
15199,18455
1520,18456
15201,18457
15205,18458
15207,18459
15208,18460
1521,18461
15211,18462
15212,18463
15215,18464
1522,18465
1523,18466
15234,18467
15235,18468
1524,18469
15253,18470
15269,18471
15270,18472
15272,18473
15273,18474
15274,18475
15275,18476
15276,18477
15277,18478
1528,18479
15285,18480
15287,18481
15291,18482
15293,18483
15294,18484
15295,18485
15297,18486
15298,18487
15299,18488
15306,18489
15307,18490
15308,18491
15309,18492
15310,18493
15321,18494
15322,18495
15323,18496
15324,18497
15325,18498
15335,18499
15336,18500
15337,18501
15338,18502
15339,18503
15359,18504
15362,18505
15372,18506
15376,18507
15377,18508
15383,18509
15386,18510
15387,18511
15388,18512
15389,18513
15392,18514
15394,18515
15395,18516
15398,18517
15402,18518
15404,18519
15407,18520
15408,18521
15409,18522
15410,18523
15413,18524
15416,18525
15417,18526
15418,18527
15419,18528
15427,18529
15428,18530
15429,18531
15430,18532
15437,18533
15438,18534
15441,18535
15442,18536
15451,18537
15465,18538
15466,18539
15467,18540
15468,18541
15472,18542
15474,18543
15475,18544
15478,18545
15479,18546
15481,18547
15482,18548
15483,18549
15496,18550
15497,18551
15498,18552
15499,18553
1550,18554
15500,18555
15501,18556
15502,18557
15503,18558
15506,18559
15507,18560
15508,18561
15509,18562
1551,18563
15510,18564
15511,18565
15512,18566
15513,18567
15514,18568
15515,18569
1552,18570
15520,18571
15527,18572
15528,18573
15530,18574
15538,18575
15542,18576
15543,18577
15546,18578
15549,18579
15550,18580
15554,18581
15555,18582
15556,18583
15557,18584
15562,18585
15563,18586
15568,18587
15572,18588
15573,18589
15574,18590
15575,18591
15591,18592
15593,18593
15594,18594
15597,18595
15604,18596
15610,18597
15611,18598
15612,18599
15613,18600
15614,18601
15615,18602
15616,18603
15617,18604
15618,18605
15619,18606
15620,18607
15622,18608
15626,18609
15636,18610
15637,18611
15638,18612
15639,18613
1564,18614
15640,18615
15641,18616
15642,18617
15643,18618
15645,18619
15646,18620
15651,18621
15655,18622
15656,18623
15657,18624
15658,18625
15659,18626
15660,18627
15661,18628
15662,18629
15663,18630
15673,18631
15675,18632
15680,18633
15695,18634
15696,18635
15697,18636
15698,18637
15699,18638
1570,18639
1571,18640
15710,18641
15711,18642
15714,18643
15716,18644
15717,18645
15718,18646
15719,18647
15720,18648
15721,18649
15722,18650
15723,18651
15724,18652
15725,18653
15726,18654
1573,18655
15735,18656
1574,18657
1576,18658
15766,18659
15789,18660
15792,18661
15794,18662
15795,18663
15796,18664
15797,18665
15798,18666
15799,18667
15800,18668
15806,18669
15808,18670
15816,18671
15817,18672
15819,18673
15821,18674
15822,18675
15823,18676
15824,18677
15825,18678
15826,18679
15828,18680
15829,18681
15830,18682
15835,18683
15844,18684
15852,18685
15853,18686
15854,18687
15869,18688
15871,18689
15872,18690
15873,18691
15880,18692
15881,18693
15888,18694
15889,18695
1589,18696
1590,18697
15901,18698
15908,18699
15909,18700
1591,18701
15910,18702
15911,18703
15912,18704
15913,18705
15914,18706
15917,18707
15918,18708
15919,18709
1592,18710
15920,18711
15928,18712
1593,18713
15930,18714
15931,18715
15944,18716
15945,18717
15946,18718
15947,18719
15948,18720
15949,18721
15956,18722
15959,18723
1596,18724
15964,18725
15966,18726
15969,18727
1597,18728
15971,18729
15974,18730
16009,18731
16011,18732
16015,18733
16027,18734
16028,18735
16029,18736
16030,18737
16031,18738
16032,18739
16033,18740
16034,18741
16035,18742
16038,18743
1604,18744
16040,18745
16042,18746
16044,18747
16045,18748
16051,18749
16052,18750
16053,18751
16055,18752
16056,18753
16057,18754
1606,18755
16064,18756
16065,18757
16066,18758
16067,18759
1607,18760
16077,18761
16078,18762
16079,18763
16080,18764
16081,18765
16084,18766
1609,18767
16091,18768
16092,18769
16093,18770
16094,18771
16095,18772
16102,18773
16118,18774
1612,18775
16132,18776
16139,18777
16140,18778
16142,18779
16146,18780
16147,18781
16149,18782
1615,18783
16150,18784
16151,18785
16152,18786
16154,18787
16156,18788
16157,18789
16161,18790
16162,18791
16163,18792
16164,18793
16167,18794
16168,18795
16169,18796
16170,18797
16171,18798
16184,18799
16190,18800
16191,18801
16192,18802
16193,18803
16194,18804
16195,18805
1620,18806
16205,18807
1622,18808
16221,18809
16226,18810
16227,18811
16233,18812
16234,18813
16236,18814
16246,18815
16248,18816
16249,18817
1625,18818
16250,18819
16251,18820
16252,18821
16253,18822
16254,18823
16255,18824
16256,18825
16257,18826
16259,18827
1626,18828
16260,18829
16261,18830
16262,18831
16263,18832
16264,18833
16265,18834
16266,18835
16267,18836
16268,18837
1627,18838
16270,18839
16279,18840
16281,18841
1629,18842
16291,18843
16292,18844
16295,18845
16298,18846
16301,18847
16302,18848
16303,18849
16304,18850
16306,18851
16307,18852
16309,18853
1631,18854
16310,18855
16311,18856
16315,18857
16316,18858
16322,18859
16326,18860
16327,18861
16329,18862
1633,18863
1634,18864
16342,18865
16343,18866
16345,18867
16346,18868
16347,18869
16357,18870
16358,18871
1636,18872
16363,18873
16364,18874
16365,18875
16366,18876
16367,18877
16368,18878
16369,18879
1637,18880
16370,18881
16371,18882
16372,18883
16373,18884
16374,18885
16378,18886
16389,18887
1639,18888
16390,18889
16391,18890
16392,18891
16393,18892
16394,18893
16395,18894
16398,18895
16399,18896
16404,18897
16408,18898
16409,18899
1641,18900
16410,18901
16411,18902
16412,18903
16413,18904
16414,18905
16415,18906
16416,18907
16417,18908
16419,18909
16420,18910
1643,18911
16431,18912
16432,18913
16433,18914
16436,18915
16437,18916
1644,18917
1645,18918
16452,18919
16453,18920
16456,18921
16462,18922
16465,18923
16466,18924
16470,18925
16471,18926
16472,18927
16473,18928
16474,18929
16475,18930
16476,18931
16477,18932
16479,18933
16480,18934
16481,18935
16482,18936
16490,18937
16491,18938
1652,18939
16538,18940
16539,18941
16541,18942
16542,18943
16543,18944
16544,18945
16545,18946
16546,18947
16547,18948
16548,18949
16549,18950
16550,18951
16555,18952
16556,18953
16566,18954
16567,18955
16569,18956
16572,18957
16574,18958
16575,18959
16576,18960
16579,18961
16582,18962
16585,18963
16589,18964
1660,18965
16603,18966
16604,18967
1661,18968
16621,18969
16622,18970
16630,18971
16632,18972
16634,18973
16637,18974
16652,18975
16658,18976
16659,18977
1666,18978
16660,18979
16661,18980
16662,18981
16663,18982
16664,18983
16666,18984
16667,18985
16668,18986
16669,18987
16670,18988
16671,18989
16672,18990
1668,18991
16683,18992
16684,18993
16696,18994
16697,18995
16698,18996
16699,18997
16700,18998
16701,18999
16703,19000
16704,19001
16705,19002
16708,19003
16711,19004
16715,19005
16716,19006
16720,19007
16725,19008
16726,19009
16731,19010
16766,19011
16768,19012
16774,19013
16777,19014
16783,19015
16784,19016
16785,19017
16786,19018
16787,19019
16788,19020
16789,19021
16790,19022
16791,19023
16792,19024
16796,19025
16799,19026
16801,19027
16803,19028
16804,19029
16805,19030
16806,19031
16808,19032
16809,19033
16810,19034
16818,19035
16819,19036
16820,19037
16828,19038
16829,19039
16830,19040
16831,19041
16843,19042
16844,19043
16845,19044
16846,19045
16847,19046
16870,19047
16892,19048
16895,19049
16898,19050
1690,19051
16902,19052
16906,19053
16908,19054
16909,19055
16910,19056
16911,19057
16915,19058
16916,19059
16917,19060
16918,19061
16920,19062
16921,19063
16923,19064
16925,19065
16926,19066
16927,19067
16928,19068
16934,19069
16935,19070
16936,19071
16938,19072
16944,19073
16945,19074
16946,19075
16947,19076
16948,19077
16971,19078
16974,19079
16976,19080
16979,19081
16980,19082
16981,19083
16984,19084
16986,19085
16987,19086
16988,19087
16990,19088
16999,19089
17000,19090
17001,19091
17003,19092
17004,19093
17005,19094
17006,19095
17007,19096
17008,19097
17009,19098
17010,19099
17011,19100
17012,19101
17013,19102
17014,19103
17015,19104
17016,19105
17017,19106
17018,19107
17019,19108
17020,19109
17021,19110
17025,19111
17033,19112
17034,19113
17035,19114
17045,19115
17047,19116
17048,19117
17054,19118
17056,19119
17058,19120
17059,19121
17060,19122
17062,19123
17064,19124
17068,19125
17069,19126
17075,19127
17076,19128
17080,19129
17081,19130
17098,19131
17099,19132
17100,19133
17109,19134
17110,19135
17116,19136
17117,19137
17118,19138
17119,19139
1712,19140
17120,19141
17121,19142
17122,19143
17123,19144
17124,19145
17125,19146
17127,19147
17130,19148
17141,19149
17142,19150
17143,19151
17144,19152
17145,19153
17146,19154
17147,19155
17148,19156
17150,19157
17151,19158
17154,19159
17156,19160
17157,19161
17160,19162
17161,19163
17162,19164
17163,19165
17164,19166
17165,19167
17166,19168
17167,19169
17168,19170
17169,19171
17171,19172
17172,19173
17182,19174
17183,19175
17184,19176
17185,19177
17186,19178
17189,19179
17204,19180
17205,19181
17207,19182
17208,19183
17209,19184
17213,19185
17214,19186
17217,19187
17221,19188
17223,19189
17224,19190
17225,19191
17226,19192
17227,19193
17228,19194
17229,19195
17230,19196
17231,19197
17232,19198
17233,19199
17241,19200
17242,19201
1727,19202
1728,19203
17281,19204
17288,19205
17289,19206
1729,19207
17291,19208
17292,19209
17293,19210
17294,19211
17295,19212
17296,19213
17297,19214
17298,19215
17299,19216
17305,19217
17306,19218
1731,19219
17317,19220
17319,19221
1732,19222
17320,19223
17323,19224
17325,19225
17326,19226
17327,19227
1733,19228
17333,19229
17336,19230
1734,19231
17340,19232
17353,19233
17354,19234
17355,19235
17370,19236
17373,19237
17374,19238
17381,19239
17383,19240
17388,19241
17389,19242
17391,19243
17392,19244
17410,19245
17411,19246
17412,19247
17413,19248
17414,19249
17416,19250
17419,19251
17420,19252
17421,19253
17422,19254
17423,19255
17434,19256
17435,19257
17447,19258
17448,19259
17449,19260
17450,19261
17451,19262
17452,19263
17459,19264
17462,19265
17466,19266
17467,19267
17468,19268
17469,19269
17473,19270
17476,19271
17478,19272
17484,19273
17504,19274
17519,19275
1752,19276
17524,19277
17529,19278
1753,19279
17535,19280
17536,19281
17537,19282
17538,19283
17539,19284
17540,19285
17541,19286
17542,19287
17543,19288
17544,19289
17545,19290
17547,19291
17551,19292
17553,19293
17555,19294
17556,19295
17557,19296
17558,19297
1756,19298
17560,19299
17561,19300
17562,19301
17569,19302
1757,19303
17570,19304
17571,19305
17572,19306
17579,19307
1758,19308
17580,19309
17581,19310
17582,19311
17594,19312
17595,19313
17596,19314
17597,19315
17622,19316
17637,19317
17638,19318
17639,19319
17640,19320
17646,19321
17651,19322
17652,19323
17654,19324
17655,19325
17656,19326
17658,19327
17660,19328
17662,19329
17667,19330
17670,19331
17674,19332
17680,19333
17690,19334
17691,19335
17692,19336
17693,19337
17694,19338
17699,19339
17714,19340
17718,19341
17719,19342
17720,19343
17727,19344
17728,19345
1773,19346
17732,19347
17733,19348
17734,19349
17735,19350
1774,19351
17743,19352
17749,19353
1775,19354
17753,19355
17754,19356
17755,19357
17756,19358
17757,19359
17758,19360
17759,19361
17760,19362
17761,19363
17762,19364
17763,19365
17764,19366
17765,19367
17766,19368
17767,19369
17768,19370
17776,19371
17777,19372
1778,19373
17785,19374
17786,19375
17787,19376
1779,19377
17796,19378
17804,19379
17805,19380
17808,19381
17810,19382
17812,19383
17813,19384
17823,19385
17827,19386
17832,19387
17833,19388
17834,19389
17840,19390
17849,19391
17850,19392
17851,19393
17856,19394
17857,19395
17858,19396
17859,19397
17860,19398
17862,19399
17865,19400
17867,19401
17876,19402
17877,19403
17880,19404
17881,19405
17882,19406
17894,19407
17902,19408
17914,19409
17916,19410
17917,19411
17918,19412
17921,19413
17922,19414
17923,19415
17924,19416
17925,19417
17927,19418
17928,19419
17929,19420
17933,19421
17934,19422
17948,19423
17951,19424
17953,19425
1796,19426
17962,19427
17964,19428
17965,19429
17966,19430
17975,19431
17976,19432
17977,19433
17978,19434
17979,19435
1798,19436
17986,19437
17987,19438
1799,19439
17990,19440
17992,19441
17994,19442
17996,19443
17997,19444
1800,19445
18005,19446
18006,19447
1801,19448
18011,19449
18014,19450
18015,19451
18016,19452
18024,19453
18025,19454
18026,19455
18028,19456
18030,19457
18039,19458
1804,19459
1805,19460
18051,19461
18052,19462
18076,19463
18077,19464
1808,19465
18086,19466
1809,19467
18098,19468
1810,19469
18104,19470
18106,19471
18107,19472
18108,19473
18109,19474
1811,19475
18110,19476
18117,19477
18119,19478
1812,19479
18120,19480
18122,19481
18124,19482
18125,19483
18126,19484
18127,19485
18128,19486
1813,19487
18130,19488
18131,19489
18133,19490
18135,19491
1814,19492
18140,19493
18145,19494
18147,19495
18149,19496
1815,19497
18150,19498
18152,19499
18157,19500
18158,19501
18159,19502
1816,19503
18161,19504
18164,19505
18166,19506
1817,19507
18171,19508
18179,19509
1818,19510
18181,19511
18182,19512
18183,19513
1819,19514
18194,19515
18195,19516
18198,19517
18199,19518
18200,19519
18201,19520
18202,19521
18207,19522
18209,19523
18212,19524
18213,19525
18217,19526
18224,19527
18227,19528
18274,19529
18293,19530
18294,19531
18297,19532
18307,19533
18308,19534
18316,19535
18320,19536
18341,19537
18342,19538
18343,19539
18346,19540
18347,19541
18348,19542
18349,19543
18350,19544
18351,19545
18352,19546
18354,19547
18355,19548
18356,19549
18357,19550
1836,19551
18367,19552
18368,19553
18370,19554
18371,19555
18372,19556
18373,19557
18374,19558
1838,19559
18389,19560
18390,19561
18391,19562
18399,19563
18400,19564
18401,19565
18402,19566
18415,19567
18416,19568
18422,19569
18430,19570
18436,19571
18437,19572
18438,19573
18439,19574
18443,19575
18445,19576
18446,19577
18447,19578
18449,19579
18450,19580
18451,19581
18453,19582
18454,19583
18460,19584
18465,19585
18468,19586
18469,19587
1847,19588
18488,19589
18489,19590
18490,19591
18493,19592
18513,19593
18514,19594
18518,19595
18519,19596
18526,19597
18527,19598
18530,19599
18531,19600
18532,19601
18533,19602
18539,19603
18542,19604
18548,19605
18549,19606
18551,19607
18552,19608
18553,19609
18554,19610
18555,19611
18556,19612
18557,19613
18558,19614
18559,19615
1856,19616
18560,19617
18561,19618
18562,19619
18563,19620
18564,19621
18565,19622
18566,19623
18567,19624
18570,19625
18576,19626
18584,19627
18585,19628
18586,19629
18588,19630
18603,19631
18604,19632
18607,19633
18608,19634
18611,19635
18612,19636
18614,19637
18615,19638
18622,19639
18624,19640
18627,19641
18628,19642
1863,19643
18632,19644
18633,19645
18640,19646
18641,19647
18649,19648
18654,19649
18657,19650
18658,19651
18660,19652
18663,19653
18665,19654
18674,19655
18675,19656
18678,19657
18679,19658
18692,19659
1870,19660
1871,19661
18712,19662
18714,19663
18715,19664
18716,19665
18719,19666
18720,19667
18721,19668
18722,19669
18723,19670
18724,19671
18725,19672
18726,19673
18727,19674
1873,19675
18732,19676
18747,19677
18748,19678
1875,19679
18750,19680
18754,19681
18759,19682
1876,19683
18760,19684
18761,19685
18763,19686
18764,19687
1877,19688
18774,19689
18775,19690
18776,19691
18777,19692
18778,19693
18779,19694
1878,19695
18785,19696
18786,19697
18789,19698
1879,19699
18791,19700
18792,19701
18793,19702
18795,19703
18796,19704
18798,19705
1880,19706
18802,19707
18804,19708
18805,19709
18810,19710
18813,19711
18814,19712
18815,19713
18816,19714
1882,19715
18823,19716
18824,19717
18825,19718
18827,19719
18829,19720
1883,19721
18850,19722
18851,19723
18875,19724
18876,19725
18879,19726
1888,19727
18885,19728
18895,19729
18898,19730
18903,19731
18904,19732
18906,19733
18907,19734
18909,19735
18910,19736
18911,19737
18916,19738
18918,19739
18926,19740
18927,19741
18928,19742
18929,19743
18931,19744
18932,19745
18934,19746
18936,19747
18938,19748
1894,19749
18941,19750
18946,19751
18950,19752
18951,19753
18958,19754
18959,19755
18960,19756
18971,19757
18981,19758
18982,19759
18983,19760
18994,19761
18995,19762
18997,19763
18998,19764
18999,19765
1900,19766
19000,19767
19001,19768
19002,19769
19006,19770
19008,19771
1901,19772
19010,19773
19011,19774
19012,19775
19015,19776
19016,19777
19018,19778
19023,19779
19024,19780
19027,19781
1903,19782
1904,19783
1905,19784
1906,19785
19063,19786
19071,19787
19074,19788
1908,19789
19098,19790
1910,19791
19121,19792
1913,19793
19133,19794
19134,19795
19142,19796
19143,19797
19144,19798
19145,19799
19146,19800
19147,19801
19148,19802
19150,19803
19151,19804
19152,19805
19153,19806
19155,19807
19157,19808
19158,19809
19168,19810
19169,19811
1917,19812
19172,19813
19173,19814
19174,19815
19175,19816
19181,19817
19190,19818
19191,19819
19192,19820
19202,19821
19203,19822
19204,19823
1921,19824
19217,19825
19218,19826
19225,19827
19239,19828
1924,19829
19240,19830
19241,19831
19242,19832
19247,19833
19248,19834
1925,19835
19251,19836
19253,19837
19255,19838
19256,19839
1926,19840
19260,19841
19261,19842
19269,19843
1927,19844
19270,19845
19271,19846
19274,19847
19279,19848
1928,19849
1929,19850
19291,19851
19293,19852
19294,19853
19297,19854
1930,19855
1931,19856
19312,19857
19313,19858
19316,19859
19319,19860
1932,19861
19320,19862
19321,19863
19326,19864
19327,19865
19328,19866
19329,19867
1933,19868
19332,19869
19334,19870
19335,19871
1934,19872
19349,19873
19350,19874
19351,19875
19352,19876
19353,19877
19354,19878
19355,19879
19356,19880
19357,19881
19358,19882
19359,19883
19360,19884
19361,19885
19362,19886
19363,19887
19364,19888
19365,19889
19366,19890
19367,19891
19368,19892
1937,19893
19376,19894
19385,19895
19386,19896
19387,19897
19388,19898
19396,19899
19402,19900
19403,19901
19405,19902
19406,19903
19408,19904
19415,19905
19417,19906
19418,19907
19419,19908
1942,19909
19424,19910
19425,19911
19429,19912
19430,19913
19435,19914
19442,19915
19443,19916
19445,19917
19453,19918
19456,19919
19459,19920
19460,19921
19465,19922
19467,19923
19469,19924
19479,19925
19480,19926
19483,19927
19484,19928
1951,19929
19517,19930
19518,19931
19521,19932
19524,19933
19525,19934
19526,19935
19527,19936
19528,19937
19530,19938
19531,19939
19547,19940
1955,19941
19553,19942
19561,19943
19563,19944
19576,19945
19577,19946
19579,19947
19587,19948
19588,19949
19591,19950
19593,19951
19594,19952
19595,19953
19597,19954
19598,19955
19599,19956
19600,19957
19604,19958
19605,19959
19606,19960
19607,19961
19612,19962
19614,19963
19615,19964
19616,19965
19617,19966
19618,19967
19625,19968
19626,19969
19627,19970
19628,19971
19629,19972
19631,19973
19632,19974
19633,19975
1964,19976
19655,19977
19656,19978
19678,19979
19679,19980
19680,19981
19683,19982
19690,19983
19708,19984
19711,19985
19712,19986
19713,19987
19714,19988
19715,19989
19717,19990
19722,19991
19724,19992
19732,19993
19733,19994
19734,19995
19735,19996
19737,19997
19738,19998
1974,19999
19740,20000
19741,20001
19742,20002
19745,20003
19747,20004
1975,20005
19754,20006
19757,20007
19764,20008
19765,20009
19766,20010
19767,20011
19769,20012
19770,20013
19772,20014
19774,20015
19775,20016
19776,20017
19788,20018
19797,20019
19798,20020
19799,20021
19800,20022
19801,20023
19802,20024
19809,20025
19810,20026
19815,20027
19819,20028
19820,20029
19823,20030
19825,20031
19826,20032
19831,20033
19848,20034
19858,20035
1986,20036
19889,20037
19891,20038
19894,20039
19900,20040
19903,20041
19904,20042
19905,20043
1991,20044
19915,20045
19930,20046
19939,20047
19941,20048
19942,20049
19943,20050
19944,20051
19945,20052
19946,20053
19947,20054
19948,20055
19949,20056
19950,20057
19951,20058
19952,20059
19955,20060
19960,20061
19961,20062
19963,20063
19965,20064
19968,20065
19969,20066
19970,20067
19971,20068
19972,20069
1998,20070
19985,20071
19986,20072
1999,20073
19996,20074
19997,20075
19998,20076
20000,20077
20011,20078
20013,20079
20014,20080
20015,20081
20021,20082
20035,20083
20036,20084
20037,20085
20038,20086
20041,20087
20045,20088
20046,20089
20047,20090
20052,20091
20054,20092
20056,20093
20058,20094
20059,20095
2006,20096
20065,20097
20066,20098
20067,20099
20069,20100
20071,20101
20075,20102
20077,20103
2008,20104
20081,20105
20085,20106
20091,20107
20095,20108
2010,20109
2011,20110
20110,20111
20111,20112
20113,20113
20116,20114
20117,20115
20119,20116
2012,20117
20124,20118
20125,20119
20126,20120
20127,20121
20131,20122
20132,20123
20133,20124
2014,20125
20147,20126
20149,20127
20150,20128
20151,20129
20152,20130
20153,20131
20155,20132
20156,20133
20157,20134
20159,20135
20160,20136
20161,20137
20162,20138
20163,20139
20164,20140
20165,20141
20166,20142
20167,20143
20168,20144
20173,20145
20175,20146
20184,20147
20185,20148
20186,20149
20187,20150
20189,20151
20200,20152
20201,20153
20202,20154
20203,20155
20204,20156
20205,20157
20212,20158
20215,20159
20216,20160
20221,20161
20222,20162
20223,20163
20226,20164
20232,20165
20234,20166
20239,20167
20241,20168
20242,20169
20253,20170
20254,20171
20256,20172
20257,20173
20259,20174
20260,20175
20262,20176
20263,20177
20264,20178
20265,20179
20267,20180
20277,20181
20278,20182
20281,20183
20282,20184
2029,20185
20294,20186
2030,20187
2031,20188
20316,20189
20322,20190
20323,20191
20324,20192
20325,20193
20326,20194
20328,20195
20329,20196
2034,20197
2035,20198
20359,20199
2036,20200
20374,20201
20375,20202
20377,20203
20386,20204
20387,20205
20391,20206
20393,20207
20394,20208
20396,20209
20397,20210
20398,20211
20404,20212
20405,20213
20406,20214
20409,20215
2041,20216
20411,20217
20413,20218
20414,20219
20415,20220
20416,20221
20417,20222
2042,20223
20424,20224
20425,20225
20426,20226
20427,20227
20428,20228
2043,20229
20430,20230
20431,20231
20434,20232
2044,20233
2045,20234
20454,20235
20455,20236
2046,20237
2047,20238
20474,20239
20477,20240
20478,20241
20479,20242
2048,20243
20482,20244
20489,20245
20502,20246
20510,20247
20512,20248
20513,20249
20514,20250
20515,20251
20516,20252
20518,20253
20525,20254
20530,20255
20533,20256
20534,20257
20535,20258
20536,20259
20538,20260
20539,20261
20541,20262
20542,20263
20543,20264
20545,20265
20546,20266
20548,20267
20556,20268
20558,20269
20565,20270
20566,20271
20567,20272
20569,20273
20570,20274
20574,20275
20575,20276
20588,20277
20598,20278
20599,20279
20600,20280
20601,20281
20604,20282
20607,20283
20608,20284
20611,20285
20612,20286
20613,20287
20618,20288
20623,20289
20624,20290
20627,20291
20629,20292
2063,20293
20641,20294
20656,20295
20688,20296
20690,20297
20694,20298
20702,20299
20711,20300
20714,20301
20715,20302
2072,20303
20738,20304
20739,20305
20740,20306
20741,20307
20742,20308
20743,20309
20744,20310
20745,20311
20747,20312
20748,20313
20749,20314
20750,20315
20751,20316
20753,20317
20754,20318
20759,20319
20760,20320
20762,20321
20764,20322
20765,20323
20767,20324
20768,20325
20769,20326
20770,20327
20771,20328
20784,20329
20785,20330
20795,20331
20796,20332
20797,20333
20799,20334
20812,20335
20814,20336
20815,20337
20816,20338
20822,20339
20835,20340
20836,20341
20837,20342
20838,20343
20842,20344
20844,20345
20845,20346
20846,20347
20849,20348
2085,20349
20852,20350
20857,20351
20863,20352
20869,20353
20884,20354
20890,20355
20892,20356
20895,20357
20906,20358
20909,20359
20911,20360
20912,20361
20913,20362
20923,20363
20924,20364
20927,20365
20928,20366
20929,20367
20941,20368
20948,20369
20950,20370
20952,20371
20954,20372
20955,20373
20956,20374
20957,20375
20958,20376
20959,20377
20960,20378
20961,20379
20962,20380
20963,20381
20975,20382
20994,20383
20998,20384
2100,20385
21003,20386
21005,20387
21006,20388
21007,20389
21017,20390
21023,20391
21028,20392
2103,20393
21033,20394
21034,20395
21043,20396
21045,20397
21046,20398
21047,20399
21048,20400
21053,20401
21054,20402
21055,20403
21057,20404
21061,20405
21062,20406
21064,20407
21065,20408
21067,20409
21068,20410
2108,20411
21082,20412
21083,20413
21100,20414
21116,20415
21119,20416
21120,20417
21121,20418
21122,20419
21123,20420
21124,20421
21125,20422
21128,20423
21146,20424
21147,20425
21149,20426
21151,20427
21165,20428
21176,20429
21177,20430
21178,20431
2118,20432
21189,20433
2119,20434
21192,20435
21194,20436
21195,20437
21196,20438
21199,20439
2120,20440
21200,20441
21201,20442
21203,20443
21209,20444
2121,20445
21214,20446
21217,20447
21218,20448
21219,20449
21220,20450
21227,20451
21228,20452
21229,20453
2123,20454
21230,20455
21232,20456
21233,20457
21234,20458
21235,20459
21237,20460
21255,20461
2127,20462
21275,20463
21276,20464
21297,20465
21302,20466
21303,20467
21304,20468
2131,20469
21318,20470
21319,20471
21329,20472
21341,20473
21342,20474
21343,20475
21344,20476
21345,20477
21346,20478
21347,20479
21348,20480
21349,20481
21351,20482
21358,20483
2136,20484
21360,20485
21361,20486
21365,20487
21366,20488
21367,20489
21369,20490
21370,20491
21371,20492
21372,20493
21374,20494
21376,20495
21378,20496
21380,20497
21386,20498
21393,20499
21398,20500
21399,20501
2140,20502
21400,20503
21403,20504
21405,20505
21411,20506
21412,20507
21418,20508
2142,20509
21423,20510
21426,20511
21427,20512
21428,20513
21429,20514
21432,20515
21434,20516
21436,20517
2144,20518
21452,20519
21453,20520
21456,20521
21470,20522
21485,20523
21487,20524
2149,20525
21490,20526
21507,20527
21509,20528
21510,20529
21512,20530
21513,20531
21515,20532
21526,20533
21563,20534
21564,20535
21565,20536
21566,20537
21567,20538
21568,20539
21570,20540
21571,20541
21572,20542
21573,20543
21574,20544
21575,20545
21576,20546
21581,20547
21583,20548
21584,20549
21585,20550
21586,20551
21590,20552
21592,20553
21593,20554
21595,20555
21596,20556
21597,20557
21600,20558
21603,20559
21604,20560
21605,20561
21607,20562
21608,20563
21609,20564
21610,20565
21611,20566
21612,20567
21613,20568
21614,20569
21625,20570
21626,20571
21629,20572
21630,20573
21647,20574
21650,20575
21651,20576
21652,20577
21664,20578
21665,20579
21666,20580
21667,20581
21668,20582
21674,20583
21681,20584
21684,20585
21686,20586
21687,20587
21688,20588
21689,20589
21695,20590
21699,20591
21702,20592
21703,20593
21705,20594
21708,20595
21710,20596
21711,20597
21719,20598
21721,20599
2173,20600
21735,20601
2174,20602
21743,20603
21747,20604
21761,20605
21763,20606
21764,20607
21765,20608
21775,20609
21776,20610
21778,20611
21779,20612
21780,20613
21791,20614
21792,20615
21800,20616
21803,20617
21805,20618
21807,20619
21808,20620
21809,20621
21810,20622
21811,20623
21812,20624
21813,20625
21814,20626
21815,20627
21827,20628
21840,20629
21845,20630
21855,20631
21856,20632
21857,20633
21859,20634
21861,20635
21869,20636
21871,20637
21874,20638
21879,20639
21880,20640
21885,20641
21886,20642
21895,20643
21896,20644
21897,20645
21898,20646
21899,20647
21900,20648
21905,20649
21907,20650
21908,20651
21914,20652
21916,20653
21919,20654
21920,20655
21921,20656
21935,20657
21936,20658
2195,20659
21972,20660
21973,20661
21974,20662
21975,20663
21977,20664
21978,20665
21981,20666
21994,20667
22001,20668
22015,20669
22018,20670
2202,20671
2203,20672
22030,20673
2204,20674
22042,20675
22043,20676
22045,20677
22048,20678
22049,20679
2205,20680
22050,20681
22051,20682
22052,20683
22053,20684
22056,20685
22057,20686
2206,20687
22060,20688
22063,20689
22068,20690
2207,20691
22071,20692
22072,20693
22073,20694
22074,20695
2208,20696
22082,20697
22083,20698
22084,20699
22085,20700
22087,20701
22088,20702
22089,20703
2209,20704
2210,20705
2211,20706
22110,20707
2212,20708
2213,20709
22130,20710
22152,20711
22157,20712
22158,20713
22159,20714
2216,20715
22162,20716
22173,20717
22174,20718
22185,20719
22186,20720
2219,20721
22197,20722
22198,20723
2220,20724
22200,20725
22201,20726
22202,20727
22203,20728
22204,20729
22205,20730
22207,20731
2221,20732
22213,20733
22215,20734
22216,20735
22220,20736
22221,20737
22222,20738
22224,20739
22226,20740
22227,20741
22229,20742
2223,20743
22231,20744
22233,20745
22235,20746
22237,20747
2224,20748
22241,20749
2225,20750
22253,20751
22255,20752
22258,20753
22259,20754
2226,20755
22260,20756
22261,20757
22266,20758
2227,20759
22273,20760
22279,20761
2228,20762
22281,20763
22282,20764
22285,20765
22287,20766
22289,20767
2229,20768
22293,20769
2230,20770
22306,20771
2231,20772
22310,20773
2232,20774
22322,20775
22323,20776
2233,20777
2234,20778
22340,20779
22344,20780
2235,20781
2236,20782
22360,20783
22362,20784
22363,20785
22365,20786
22366,20787
22368,20788
2237,20789
22379,20790
2238,20791
22389,20792
2239,20793
22391,20794
2240,20795
2241,20796
22418,20797
22419,20798
2242,20799
22420,20800
22423,20801
22424,20802
22425,20803
22426,20804
22427,20805
22428,20806
22429,20807
2243,20808
22430,20809
22431,20810
22436,20811
22438,20812
22439,20813
2244,20814
22440,20815
22441,20816
22448,20817
22449,20818
2245,20819
22450,20820
22453,20821
22458,20822
22459,20823
2246,20824
22460,20825
22462,20826
22463,20827
22464,20828
22465,20829
22466,20830
22467,20831
22468,20832
22469,20833
2247,20834
2248,20835
22480,20836
22484,20837
22485,20838
22486,20839
2250,20840
22502,20841
22503,20842
22506,20843
22507,20844
22508,20845
2252,20846
22520,20847
22521,20848
22522,20849
22523,20850
22524,20851
22529,20852
22540,20853
22542,20854
22545,20855
22547,20856
22549,20857
22550,20858
22551,20859
22553,20860
22554,20861
22558,20862
22559,20863
22561,20864
22562,20865
22563,20866
22571,20867
22572,20868
22578,20869
22588,20870
22597,20871
22598,20872
22600,20873
22613,20874
22618,20875
22623,20876
22628,20877
22629,20878
22632,20879
22633,20880
22640,20881
22645,20882
22653,20883
22655,20884
22656,20885
22657,20886
22658,20887
22659,20888
22661,20889
22662,20890
22663,20891
22664,20892
22665,20893
22666,20894
22667,20895
2268,20896
22680,20897
22696,20898
2270,20899
22705,20900
22710,20901
22711,20902
22713,20903
22721,20904
22723,20905
22726,20906
22733,20907
22738,20908
22748,20909
22749,20910
22750,20911
22751,20912
22752,20913
22753,20914
22759,20915
2276,20916
22763,20917
22764,20918
22767,20919
22768,20920
22773,20921
22774,20922
22789,20923
22796,20924
22824,20925
22825,20926
22826,20927
22827,20928
22828,20929
22829,20930
22830,20931
22832,20932
22833,20933
22847,20934
22848,20935
22855,20936
22857,20937
22867,20938
2287,20939
22883,20940
22884,20941
2289,20942
22895,20943
22898,20944
2290,20945
22903,20946
22906,20947
22908,20948
22917,20949
22919,20950
2292,20951
22923,20952
22926,20953
22927,20954
22928,20955
22929,20956
2293,20957
22937,20958
22938,20959
22939,20960
2294,20961
22940,20962
22941,20963
22943,20964
22944,20965
22947,20966
22948,20967
22966,20968
22972,20969
22988,20970
22989,20971
22990,20972
23011,20973
23017,20974
23018,20975
23019,20976
23033,20977
23034,20978
23046,20979
23058,20980
23059,20981
23060,20982
23063,20983
23064,20984
23065,20985
23066,20986
23068,20987
23074,20988
23076,20989
23077,20990
23079,20991
23081,20992
23082,20993
23083,20994
23085,20995
23086,20996
23087,20997
23088,20998
2309,20999
23090,21000
23092,21001
23094,21002
23096,21003
2310,21004
2311,21005
23114,21006
23115,21007
23116,21008
2312,21009
23120,21010
23121,21011
23122,21012
23125,21013
23126,21014
2313,21015
23130,21016
23133,21017
23136,21018
23138,21019
23140,21020
2315,21021
23157,21022
23173,21023
23191,21024
23196,21025
23197,21026
23219,21027
23229,21028
23230,21029
23231,21030
23232,21031
23235,21032
2324,21033
2326,21034
2327,21035
23273,21036
23274,21037
23275,21038
23276,21039
23277,21040
23278,21041
23279,21042
2328,21043
23280,21044
23281,21045
23283,21046
23284,21047
23285,21048
23286,21049
23287,21050
2329,21051
23290,21052
23291,21053
23293,21054
23295,21055
23298,21056
23299,21057
2330,21058
23302,21059
23303,21060
23308,21061
2331,21062
23317,21063
23318,21064
2332,21065
23320,21066
23321,21067
23322,21068
23323,21069
23325,21070
23326,21071
23327,21072
23328,21073
23339,21074
23343,21075
23344,21076
23345,21077
2335,21078
23362,21079
23363,21080
23366,21081
23367,21082
23368,21083
23369,21084
23381,21085
23382,21086
23383,21087
23384,21088
23399,21089
23401,21090
23404,21091
23407,21092
23408,21093
23409,21094
2341,21095
23411,21096
23412,21097
23413,21098
23420,21099
23421,21100
23422,21101
23423,21102
23430,21103
23434,21104
23435,21105
2344,21106
23445,21107
23454,21108
23455,21109
23456,21110
23457,21111
23459,21112
2346,21113
23470,21114
23475,21115
2348,21116
23480,21117
23483,21118
23485,21119
23489,21120
23490,21121
2350,21122
23500,21123
23502,21124
23511,21125
23512,21126
23513,21127
23514,21128
23515,21129
23516,21130
23517,21131
23518,21132
23519,21133
2352,21134
23520,21135
23521,21136
23522,21137
23523,21138
23537,21139
2355,21140
23553,21141
2356,21142
23563,21143
23565,21144
23567,21145
23568,21146
23569,21147
23580,21148
23581,21149
23582,21150
23585,21151
23597,21152
2360,21153
23607,21154
23608,21155
23610,21156
23611,21157
23612,21158
23617,21159
23619,21160
23622,21161
23623,21162
23626,21163
23627,21164
23629,21165
2363,21166
23631,21167
23632,21168
23647,21169
23648,21170
2365,21171
23651,21172
2367,21173
23683,21174
23684,21175
23685,21176
23686,21177
23687,21178
23688,21179
23690,21180
23691,21181
2370,21182
23707,21183
2371,21184
23712,21185
23725,21186
23740,21187
23741,21188
23742,21189
23757,21190
23759,21191
23761,21192
23764,21193
23765,21194
23766,21195
23769,21196
23774,21197
23775,21198
23776,21199
23778,21200
2378,21201
23783,21202
23786,21203
23787,21204
23788,21205
23789,21206
2379,21207
23797,21208
23798,21209
23799,21210
23800,21211
23803,21212
23804,21213
23805,21214
23807,21215
23826,21216
23832,21217
23848,21218
23849,21219
23850,21220
23874,21221
23877,21222
23878,21223
23879,21224
23895,21225
23896,21226
23908,21227
2391,21228
23912,21229
23921,21230
23922,21231
23923,21232
23925,21233
23926,21234
23927,21235
23928,21236
23929,21237
23930,21238
23935,21239
23936,21240
23938,21241
23939,21242
23941,21243
23943,21244
23944,21245
23945,21246
23946,21247
23947,21248
23948,21249
23949,21250
23950,21251
23952,21252
23954,21253
23956,21254
23958,21255
23976,21256
23977,21257
23978,21258
23979,21259
23983,21260
23984,21261
23986,21262
23987,21263
23991,21264
23993,21265
23994,21266
23995,21267
23998,21268
24000,21269
24050,21270
24051,21271
24055,21272
24056,21273
24078,21274
24080,21275
24081,21276
2409,21277
24092,21278
24104,21279
24107,21280
24135,21281
24137,21282
24138,21283
24139,21284
24140,21285
24141,21286
24142,21287
24143,21288
24144,21289
24145,21290
24146,21291
24148,21292
24149,21293
2415,21294
24151,21295
24152,21296
24153,21297
24154,21298
24155,21299
24157,21300
24159,21301
24160,21302
24161,21303
24164,21304
24165,21305
24169,21306
24170,21307
24179,21308
24180,21309
24183,21310
24184,21311
24187,21312
24188,21313
24189,21314
24190,21315
24201,21316
24202,21317
24206,21318
24207,21319
24208,21320
2422,21321
24226,21322
24227,21323
24231,21324
24232,21325
24233,21326
24245,21327
24246,21328
24247,21329
24248,21330
2425,21331
24254,21332
2426,21333
2427,21334
2435,21335
2450,21336
2451,21337
2452,21338
2454,21339
2455,21340
2456,21341
2457,21342
2475,21343
2479,21344
2480,21345
2481,21346
2496,21347
2497,21348
2498,21349
2501,21350
2502,21351
2519,21352
2521,21353
2522,21354
2523,21355
2524,21356
2528,21357
2532,21358
2533,21359
2534,21360
2535,21361
2536,21362
2537,21363
2538,21364
2539,21365
2540,21366
2541,21367
2543,21368
2569,21369
2578,21370
2585,21371
2592,21372
2593,21373
2595,21374
2596,21375
2597,21376
2598,21377
2600,21378
2601,21379
2602,21380
2603,21381
2604,21382
2605,21383
2610,21384
2621,21385
2622,21386
2624,21387
2625,21388
2626,21389
2627,21390
2630,21391
2632,21392
2635,21393
2639,21394
2640,21395
2641,21396
2643,21397
2646,21398
2649,21399
2650,21400
2651,21401
2652,21402
2653,21403
2654,21404
2655,21405
2656,21406
2659,21407
2671,21408
2672,21409
2677,21410
2682,21411
2683,21412
2690,21413
2691,21414
2692,21415
2697,21416
2707,21417
2708,21418
2713,21419
2721,21420
2728,21421
2730,21422
2732,21423
2733,21424
2734,21425
274,21426
2746,21427
2750,21428
2751,21429
2752,21430
2755,21431
2756,21432
2757,21433
2760,21434
2762,21435
2763,21436
2764,21437
2765,21438
2766,21439
2767,21440
2768,21441
2769,21442
2793,21443
2803,21444
2812,21445
2818,21446
2821,21447
2823,21448
2825,21449
2830,21450
2842,21451
2843,21452
2845,21453
2850,21454
2858,21455
2865,21456
2867,21457
2872,21458
2874,21459
289,21460
2896,21461
2897,21462
290,21463
291,21464
2918,21465
2924,21466
2925,21467
2926,21468
2927,21469
2928,21470
2929,21471
293,21472
2930,21473
2931,21474
2932,21475
2933,21476
2934,21477
2935,21478
2938,21479
294,21480
2940,21481
2942,21482
2944,21483
2945,21484
2946,21485
2947,21486
2948,21487
2949,21488
295,21489
2950,21490
2951,21491
2952,21492
2953,21493
2954,21494
2955,21495
2956,21496
2957,21497
2958,21498
2959,21499
296,21500
2960,21501
2961,21502
2962,21503
2963,21504
2964,21505
2965,21506
2966,21507
2967,21508
2968,21509
2969,21510
2970,21511
2971,21512
2972,21513
2973,21514
2974,21515
2975,21516
2977,21517
2991,21518
2993,21519
2996,21520
2999,21521
3013,21522
3014,21523
3015,21524
3016,21525
3017,21526
3019,21527
3027,21528
3029,21529
3032,21530
3035,21531
3036,21532
3038,21533
3040,21534
3049,21535
3050,21536
3051,21537
3052,21538
3053,21539
3054,21540
3055,21541
3057,21542
3059,21543
3063,21544
3068,21545
3069,21546
3070,21547
3072,21548
3074,21549
3077,21550
3078,21551
3082,21552
3085,21553
3087,21554
3089,21555
3092,21556
3099,21557
3100,21558
3102,21559
3104,21560
3112,21561
3113,21562
3131,21563
3136,21564
3137,21565
3144,21566
3147,21567
3148,21568
3149,21569
3158,21570
317,21571
3170,21572
3171,21573
318,21574
3180,21575
3181,21576
3182,21577
3183,21578
3184,21579
319,21580
3200,21581
3203,21582
3204,21583
3205,21584
321,21585
3217,21586
322,21587
3221,21588
3222,21589
3224,21590
3225,21591
323,21592
3232,21593
3233,21594
3234,21595
3236,21596
3237,21597
3238,21598
3239,21599
324,21600
3240,21601
3241,21602
3242,21603
3243,21604
3244,21605
3245,21606
3253,21607
3258,21608
3259,21609
3263,21610
3271,21611
3276,21612
3291,21613
3293,21614
3296,21615
3298,21616
3301,21617
3302,21618
3303,21619
3304,21620
3305,21621
3310,21622
3316,21623
3317,21624
3318,21625
3319,21626
3322,21627
3323,21628
3325,21629
3326,21630
3328,21631
3329,21632
3334,21633
3335,21634
3336,21635
3337,21636
3338,21637
3339,21638
3340,21639
3342,21640
3344,21641
3345,21642
3346,21643
3347,21644
3348,21645
3349,21646
3350,21647
3351,21648
3354,21649
3355,21650
3365,21651
3366,21652
3368,21653
3369,21654
3374,21655
3376,21656
3377,21657
3378,21658
3389,21659
339,21660
3393,21661
3398,21662
340,21663
3404,21664
341,21665
3413,21666
3414,21667
3419,21668
3421,21669
3422,21670
3425,21671
3437,21672
344,21673
3440,21674
3442,21675
3446,21676
3447,21677
3448,21678
345,21679
3455,21680
3457,21681
3458,21682
3459,21683
346,21684
3460,21685
3461,21686
3473,21687
3475,21688
3484,21689
3493,21690
3494,21691
3495,21692
3496,21693
3497,21694
3498,21695
3512,21696
3513,21697
3514,21698
3516,21699
3526,21700
3528,21701
3530,21702
3533,21703
3535,21704
3536,21705
3537,21706
3553,21707
3554,21708
3556,21709
3564,21710
3565,21711
3567,21712
3574,21713
3576,21714
3585,21715
3586,21716
3587,21717
3588,21718
3589,21719
3590,21720
3591,21721
3592,21722
3596,21723
3597,21724
3621,21725
3622,21726
363,21727
364,21728
3644,21729
3645,21730
3646,21731
3647,21732
3648,21733
3649,21734
365,21735
3650,21736
3654,21737
3655,21738
3656,21739
3658,21740
3659,21741
366,21742
3660,21743
3661,21744
3662,21745
3663,21746
3664,21747
3665,21748
3666,21749
3667,21750
3668,21751
3669,21752
367,21753
3670,21754
3671,21755
3672,21756
3673,21757
3674,21758
3675,21759
3676,21760
3678,21761
3679,21762
368,21763
3681,21764
3684,21765
3685,21766
3686,21767
3693,21768
3695,21769
3696,21770
3707,21771
3708,21772
3709,21773
3710,21774
3711,21775
3713,21776
3718,21777
3723,21778
3725,21779
3726,21780
3727,21781
3735,21782
3736,21783
3739,21784
3740,21785
3742,21786
3744,21787
3746,21788
3747,21789
3748,21790
3749,21791
3750,21792
3751,21793
376,21794
3760,21795
3761,21796
3762,21797
3763,21798
3765,21799
3766,21800
3768,21801
377,21802
3771,21803
3772,21804
3773,21805
3778,21806
378,21807
3781,21808
3783,21809
3785,21810
3788,21811
379,21812
3790,21813
380,21814
3806,21815
3808,21816
3810,21817
382,21818
3829,21819
383,21820
3834,21821
3841,21822
3849,21823
385,21824
3850,21825
3860,21826
3863,21827
3867,21828
387,21829
3879,21830
3889,21831
3890,21832
3891,21833
3892,21834
3893,21835
3908,21836
3909,21837
3910,21838
3912,21839
3913,21840
3914,21841
3930,21842
3933,21843
3934,21844
3942,21845
3943,21846
3944,21847
3946,21848
3947,21849
3948,21850
3949,21851
3950,21852
3951,21853
3953,21854
3954,21855
3955,21856
3966,21857
3970,21858
3978,21859
3998,21860
4000,21861
4001,21862
4002,21863
4003,21864
4005,21865
4007,21866
4008,21867
4009,21868
4010,21869
4015,21870
4016,21871
4017,21872
4022,21873
4023,21874
4024,21875
4025,21876
4028,21877
4029,21878
403,21879
4030,21880
4032,21881
4035,21882
4040,21883
4041,21884
4047,21885
4049,21886
4050,21887
4051,21888
4052,21889
4053,21890
4054,21891
4055,21892
4056,21893
4057,21894
4058,21895
406,21896
4060,21897
4061,21898
4071,21899
4074,21900
4075,21901
4081,21902
4082,21903
4089,21904
4091,21905
4096,21906
4100,21907
4101,21908
4106,21909
4112,21910
4121,21911
4122,21912
4124,21913
4127,21914
4129,21915
4130,21916
4132,21917
4133,21918
4148,21919
4150,21920
4152,21921
4153,21922
4154,21923
4155,21924
4162,21925
4164,21926
4165,21927
4166,21928
4167,21929
4168,21930
4177,21931
4180,21932
4191,21933
4200,21934
4201,21935
4202,21936
4203,21937
4204,21938
4205,21939
4225,21940
4226,21941
423,21942
4233,21943
4236,21944
4237,21945
4238,21946
4241,21947
4243,21948
4244,21949
4245,21950
425,21951
4255,21952
4262,21953
4263,21954
4265,21955
4274,21956
4276,21957
4285,21958
4286,21959
4295,21960
4296,21961
4297,21962
4298,21963
4299,21964
430,21965
4300,21966
4301,21967
4330,21968
4331,21969
4332,21970
4354,21971
4355,21972
4356,21973
4357,21974
4358,21975
4359,21976
436,21977
4360,21978
4363,21979
4364,21980
4365,21981
4366,21982
4367,21983
4368,21984
4369,21985
437,21986
4370,21987
4371,21988
4372,21989
4373,21990
4374,21991
4375,21992
4376,21993
4377,21994
4378,21995
4379,21996
438,21997
4380,21998
4381,21999
4382,22000
4383,22001
4384,22002
4385,22003
4386,22004
4387,22005
4388,22006
4389,22007
439,22008
4393,22009
4394,22010
4401,22011
4403,22012
4404,22013
4412,22014
4415,22015
4417,22016
4419,22017
442,22018
4424,22019
4426,22020
443,22021
4433,22022
4434,22023
4435,22024
4436,22025
4445,22026
4446,22027
4447,22028
4448,22029
4449,22030
445,22031
4451,22032
4453,22033
4454,22034
4455,22035
4457,22036
4458,22037
4459,22038
4468,22039
4469,22040
447,22041
4470,22042
4472,22043
4473,22044
4475,22045
4478,22046
448,22047
4483,22048
4485,22049
4488,22050
449,22051
4492,22052
4497,22053
450,22054
4513,22055
4514,22056
453,22057
4536,22058
454,22059
4556,22060
4557,22061
4558,22062
4566,22063
4576,22064
4585,22065
4592,22066
4595,22067
4596,22068
4597,22069
4598,22070
4599,22071
4614,22072
4615,22073
4617,22074
4618,22075
4619,22076
4620,22077
4621,22078
4636,22079
4637,22080
4639,22081
4642,22082
4650,22083
4651,22084
4652,22085
4653,22086
4654,22087
4655,22088
4656,22089
4657,22090
4658,22091
4659,22092
4660,22093
4662,22094
467,22095
4673,22096
468,22097
4681,22098
4689,22099
469,22100
4697,22101
470,22102
4711,22103
4713,22104
4714,22105
4716,22106
4717,22107
4718,22108
4719,22109
4720,22110
4721,22111
473,22112
4733,22113
4734,22114
4735,22115
4736,22116
4739,22117
474,22118
4740,22119
4741,22120
4742,22121
4743,22122
4749,22123
4750,22124
4752,22125
4753,22126
4755,22127
4756,22128
4757,22129
4759,22130
4760,22131
4761,22132
4762,22133
4763,22134
4764,22135
4765,22136
4766,22137
4767,22138
4768,22139
4769,22140
477,22141
4771,22142
4772,22143
4781,22144
4783,22145
4784,22146
479,22147
4794,22148
480,22149
4802,22150
4806,22151
4809,22152
481,22153
4813,22154
4814,22155
482,22156
4828,22157
4829,22158
4830,22159
4836,22160
4838,22161
484,22162
4841,22163
4854,22164
4855,22165
4856,22166
4859,22167
486,22168
4860,22169
4861,22170
4870,22171
4872,22172
4873,22173
4874,22174
4875,22175
4876,22176
4890,22177
4898,22178
490,22179
4900,22180
4901,22181
4902,22182
4909,22183
491,22184
4910,22185
4911,22186
4912,22187
4913,22188
492,22189
4926,22190
4928,22191
493,22192
4931,22193
4937,22194
494,22195
4941,22196
4942,22197
4943,22198
4948,22199
4949,22200
4950,22201
496,22202
4968,22203
4969,22204
497,22205
4971,22206
4977,22207
498,22208
4984,22209
499,22210
4994,22211
4996,22212
500,22213
5007,22214
5008,22215
5009,22216
501,22217
5010,22218
5011,22219
5012,22220
5014,22221
5018,22222
502,22223
5025,22224
5041,22225
5042,22226
5043,22227
506,22228
5061,22229
5065,22230
5066,22231
5067,22232
5068,22233
5069,22234
5070,22235
5072,22236
5073,22237
5074,22238
5075,22239
5077,22240
5078,22241
5079,22242
5081,22243
5082,22244
5083,22245
5084,22246
5085,22247
5086,22248
5087,22249
5088,22250
5089,22251
5090,22252
5091,22253
5093,22254
5094,22255
5095,22256
5096,22257
5100,22258
5104,22259
5109,22260
5110,22261
5118,22262
5120,22263
5121,22264
5122,22265
5125,22266
5130,22267
5138,22268
5140,22269
5141,22270
5142,22271
5143,22272
5149,22273
515,22274
5151,22275
5152,22276
5153,22277
5154,22278
5159,22279
516,22280
5161,22281
5162,22282
5163,22283
5164,22284
517,22285
5173,22286
5174,22287
5175,22288
5176,22289
5177,22290
5178,22291
5181,22292
5184,22293
5185,22294
5186,22295
519,22296
5191,22297
5197,22298
5198,22299
5200,22300
5206,22301
5208,22302
5219,22303
5220,22304
5222,22305
5224,22306
5255,22307
5257,22308
5267,22309
5270,22310
5278,22311
5294,22312
5296,22313
5297,22314
5298,22315
530,22316
5300,22317
5301,22318
5316,22319
5317,22320
5319,22321
5320,22322
5321,22323
5322,22324
5323,22325
5334,22326
5338,22327
5339,22328
5340,22329
5341,22330
5346,22331
5347,22332
535,22333
5350,22334
5352,22335
5353,22336
5354,22337
5355,22338
5356,22339
5357,22340
5358,22341
5359,22342
5360,22343
5361,22344
5362,22345
5363,22346
5364,22347
537,22348
5375,22349
5376,22350
538,22351
5383,22352
5391,22353
5396,22354
5399,22355
5412,22356
5413,22357
5415,22358
5416,22359
5418,22360
5419,22361
5420,22362
5421,22363
5422,22364
5435,22365
5436,22366
5437,22367
5438,22368
5441,22369
5442,22370
5444,22371
5445,22372
5448,22373
5449,22374
5452,22375
5454,22376
5455,22377
5456,22378
5457,22379
5458,22380
5459,22381
5461,22382
5462,22383
5463,22384
5464,22385
5465,22386
5466,22387
5467,22388
5468,22389
5469,22390
5470,22391
5471,22392
5473,22393
5474,22394
5476,22395
5484,22396
5485,22397
5486,22398
549,22399
5493,22400
5494,22401
550,22402
5501,22403
5503,22404
5507,22405
5509,22406
5510,22407
5514,22408
5515,22409
5531,22410
5532,22411
5537,22412
5538,22413
5539,22414
5540,22415
5542,22416
5556,22417
5558,22418
5561,22419
5568,22420
5569,22421
5573,22422
5575,22423
5576,22424
5577,22425
5578,22426
5579,22427
5593,22428
5601,22429
5604,22430
5611,22431
5612,22432
5613,22433
5614,22434
5615,22435
5616,22436
5629,22437
563,22438
5640,22439
5644,22440
5651,22441
5652,22442
5660,22443
5662,22444
5670,22445
5671,22446
5672,22447
5674,22448
568,22449
5680,22450
5686,22451
5687,22452
5689,22453
569,22454
570,22455
5711,22456
5712,22457
5713,22458
5714,22459
5715,22460
5717,22461
5718,22462
5721,22463
5722,22464
574,22465
5746,22466
5747,22467
5765,22468
5769,22469
577,22470
5770,22471
5771,22472
5772,22473
5773,22474
5776,22475
5777,22476
5780,22477
5781,22478
5782,22479
5784,22480
5785,22481
5786,22482
5787,22483
5788,22484
5789,22485
5790,22486
5791,22487
5792,22488
5793,22489
5795,22490
5796,22491
5797,22492
5798,22493
5800,22494
5801,22495
5806,22496
5810,22497
5811,22498
5820,22499
5822,22500
5824,22501
5825,22502
5827,22503
5829,22504
5832,22505
5834,22506
5840,22507
5842,22508
5850,22509
5853,22510
5854,22511
5860,22512
5862,22513
5863,22514
5868,22515
5873,22516
5874,22517
5875,22518
5876,22519
5877,22520
5878,22521
5879,22522
5882,22523
5886,22524
5887,22525
5889,22526
589,22527
5892,22528
5898,22529
5901,22530
5904,22531
5907,22532
5909,22533
591,22534
5920,22535
5923,22536
5924,22537
595,22538
5955,22539
597,22540
5970,22541
5971,22542
598,22543
5986,22544
5988,22545
5989,22546
599,22547
5992,22548
600,22549
6003,22550
6006,22551
6007,22552
602,22553
6025,22554
6026,22555
6027,22556
6030,22557
6031,22558
6032,22559
6033,22560
6034,22561
6036,22562
6037,22563
604,22564
6043,22565
6044,22566
6046,22567
6048,22568
605,22569
6050,22570
6051,22571
6052,22572
6056,22573
606,22574
6065,22575
607,22576
6071,22577
6072,22578
6073,22579
6074,22580
6075,22581
6079,22582
608,22583
6080,22584
6085,22585
609,22586
610,22587
611,22588
6110,22589
6112,22590
6113,22591
6115,22592
6116,22593
6117,22594
612,22595
6120,22596
6123,22597
6125,22598
6128,22599
6134,22600
6137,22601
6140,22602
6141,22603
6142,22604
6144,22605
6145,22606
6147,22607
6154,22608
6161,22609
6162,22610
6163,22611
6164,22612
6165,22613
6166,22614
6167,22615
6168,22616
6169,22617
6170,22618
6188,22619
6194,22620
6197,22621
6198,22622
6199,22623
6201,22624
6202,22625
6205,22626
6206,22627
6210,22628
6211,22629
6213,22630
6219,22631
6220,22632
6232,22633
6235,22634
6239,22635
624,22636
6247,22637
6248,22638
6249,22639
6251,22640
6252,22641
6253,22642
6258,22643
6263,22644
6264,22645
6265,22646
6266,22647
6267,22648
6268,22649
6269,22650
6271,22651
6272,22652
6274,22653
6278,22654
6279,22655
6280,22656
6282,22657
6283,22658
6284,22659
6289,22660
6291,22661
6293,22662
6294,22663
6296,22664
6297,22665
6305,22666
6306,22667
6307,22668
6308,22669
6309,22670
6310,22671
6323,22672
6329,22673
6330,22674
6340,22675
6342,22676
6345,22677
6346,22678
6349,22679
636,22680
6376,22681
6378,22682
6393,22683
6395,22684
6396,22685
6397,22686
6398,22687
6399,22688
6400,22689
6401,22690
6402,22691
6404,22692
6407,22693
6411,22694
6413,22695
6417,22696
6425,22697
6436,22698
6437,22699
6438,22700
6439,22701
6440,22702
646,22703
6479,22704
648,22705
6484,22706
6485,22707
6486,22708
6487,22709
6488,22710
6489,22711
6491,22712
6493,22713
6494,22714
6495,22715
6496,22716
6497,22717
6498,22718
6499,22719
6500,22720
6501,22721
6502,22722
6503,22723
6504,22724
6505,22725
6506,22726
6507,22727
6508,22728
6509,22729
651,22730
6510,22731
6511,22732
6512,22733
6513,22734
6514,22735
6515,22736
6516,22737
6517,22738
6518,22739
652,22740
6520,22741
6521,22742
6522,22743
6523,22744
6524,22745
6525,22746
6526,22747
6527,22748
6528,22749
6529,22750
6530,22751
6531,22752
6534,22753
6535,22754
656,22755
6562,22756
6566,22757
6568,22758
6571,22759
6573,22760
6574,22761
6575,22762
6576,22763
6577,22764
6587,22765
6594,22766
6597,22767
6598,22768
6599,22769
6602,22770
6603,22771
6605,22772
6606,22773
6608,22774
6611,22775
6616,22776
6617,22777
6626,22778
6635,22779
664,22780
6640,22781
6642,22782
6648,22783
6649,22784
6656,22785
6670,22786
6672,22787
6673,22788
6674,22789
6676,22790
6687,22791
6688,22792
6690,22793
6691,22794
670,22795
6709,22796
6710,22797
6712,22798
6713,22799
6714,22800
6715,22801
6716,22802
6717,22803
6718,22804
6720,22805
6721,22806
6733,22807
6734,22808
6735,22809
6736,22810
6737,22811
6738,22812
6739,22813
6740,22814
6741,22815
6749,22816
6750,22817
6751,22818
6757,22819
6758,22820
6759,22821
676,22822
6760,22823
6763,22824
6764,22825
6765,22826
677,22827
6794,22828
6795,22829
6797,22830
6798,22831
6800,22832
6801,22833
6802,22834
6804,22835
6805,22836
6809,22837
681,22838
6810,22839
6811,22840
6813,22841
6818,22842
6819,22843
682,22844
6822,22845
6825,22846
6826,22847
6827,22848
6829,22849
6830,22850
6832,22851
6836,22852
6839,22853
6842,22854
6843,22855
6844,22856
6845,22857
6846,22858
6847,22859
6848,22860
685,22861
6850,22862
6851,22863
6852,22864
6853,22865
6854,22866
6855,22867
6856,22868
6864,22869
6866,22870
6873,22871
6874,22872
6877,22873
6883,22874
6890,22875
6891,22876
6894,22877
6895,22878
6897,22879
6898,22880
6904,22881
6905,22882
6917,22883
6920,22884
6924,22885
6926,22886
693,22887
6933,22888
6934,22889
6936,22890
6938,22891
6939,22892
694,22893
6944,22894
6945,22895
6948,22896
6949,22897
6950,22898
6951,22899
6952,22900
6953,22901
6954,22902
6955,22903
6957,22904
6960,22905
6964,22906
6965,22907
6966,22908
6968,22909
6969,22910
697,22911
6970,22912
6975,22913
6977,22914
6979,22915
698,22916
6980,22917
6982,22918
6983,22919
6991,22920
6992,22921
6993,22922
6994,22923
6995,22924
6996,22925
7010,22926
7013,22927
7014,22928
702,22929
7024,22930
7029,22931
7030,22932
7033,22933
7060,22934
7062,22935
7076,22936
7077,22937
7078,22938
7080,22939
7081,22940
7082,22941
7084,22942
7085,22943
7090,22944
7091,22945
7095,22946
7096,22947
7097,22948
7101,22949
7109,22950
7113,22951
7120,22952
7121,22953
7122,22954
7123,22955
7166,22956
7167,22957
7168,22958
7169,22959
717,22960
7170,22961
7171,22962
7172,22963
7173,22964
7174,22965
7175,22966
7176,22967
7177,22968
7179,22969
7180,22970
7181,22971
7182,22972
7183,22973
7184,22974
7185,22975
7186,22976
7187,22977
7188,22978
7189,22979
7190,22980
7191,22981
7192,22982
7193,22983
7194,22984
7195,22985
7196,22986
7197,22987
7198,22988
7199,22989
7200,22990
7201,22991
7202,22992
7203,22993
7204,22994
7205,22995
7206,22996
7207,22997
7208,22998
7209,22999
7210,23000
7211,23001
7212,23002
7213,23003
7215,23004
7216,23005
7221,23006
7222,23007
7230,23008
7233,23009
724,23010
7242,23011
7246,23012
725,23013
7250,23014
7254,23015
7255,23016
7256,23017
7257,23018
7258,23019
7259,23020
7260,23021
7263,23022
7266,23023
7271,23024
7275,23025
7278,23026
7281,23027
7282,23028
7284,23029
7286,23030
7287,23031
7288,23032
7290,23033
7291,23034
7293,23035
7301,23036
7302,23037
7311,23038
7313,23039
7323,23040
7325,23041
7331,23042
7332,23043
7357,23044
7358,23045
7359,23046
7370,23047
7371,23048
7372,23049
7374,23050
7375,23051
7398,23052
7399,23053
7400,23054
7401,23055
7402,23056
7403,23057
7404,23058
7405,23059
7406,23060
7407,23061
7409,23062
7410,23063
7420,23064
7421,23065
7422,23066
7423,23067
7424,23068
7425,23069
7428,23070
7429,23071
7438,23072
7439,23073
7440,23074
7446,23075
7447,23076
7448,23077
7449,23078
7452,23079
7453,23080
7454,23081
7455,23082
7457,23083
7483,23084
7484,23085
7488,23086
7489,23087
7491,23088
7492,23089
7494,23090
7495,23091
7496,23092
7498,23093
7508,23094
7509,23095
7510,23096
7511,23097
7513,23098
7514,23099
7515,23100
7516,23101
7517,23102
7518,23103
7521,23104
7522,23105
7524,23106
7527,23107
7528,23108
7531,23109
7533,23110
7534,23111
7537,23112
7538,23113
7539,23114
7540,23115
7541,23116
7542,23117
7543,23118
7552,23119
7559,23120
7561,23121
7569,23122
757,23123
7570,23124
7575,23125
7576,23126
7579,23127
758,23128
7580,23129
7581,23130
7582,23131
7583,23132
7589,23133
759,23134
7590,23135
760,23136
7604,23137
7607,23138
7608,23139
761,23140
7617,23141
7618,23142
762,23143
7620,23144
7622,23145
7628,23146
763,23147
7630,23148
7631,23149
7632,23150
7633,23151
7634,23152
7635,23153
7636,23154
7637,23155
7638,23156
764,23157
7640,23158
7641,23159
7643,23160
765,23161
7651,23162
7652,23163
7653,23164
7654,23165
7657,23166
7659,23167
766,23168
7661,23169
7664,23170
7665,23171
767,23172
7672,23173
7673,23174
7674,23175
7675,23176
7676,23177
7677,23178
7678,23179
768,23180
7687,23181
7688,23182
769,23183
7694,23184
770,23185
7704,23186
7705,23187
7707,23188
7709,23189
771,23190
7710,23191
773,23192
7731,23193
7738,23194
774,23195
7741,23196
7748,23197
775,23198
7754,23199
7757,23200
7758,23201
7759,23202
776,23203
7760,23204
7761,23205
7762,23206
7763,23207
7764,23208
7769,23209
777,23210
7770,23211
7771,23212
7773,23213
7774,23214
7779,23215
778,23216
7787,23217
779,23218
7798,23219
7799,23220
780,23221
7800,23222
7802,23223
7803,23224
781,23225
782,23226
783,23227
784,23228
7843,23229
7848,23230
7849,23231
785,23232
7851,23233
7852,23234
7853,23235
7854,23236
7857,23237
7859,23238
786,23239
7860,23240
7861,23241
7862,23242
7863,23243
7864,23244
7865,23245
7866,23246
7867,23247
7868,23248
7869,23249
787,23250
7870,23251
7871,23252
7872,23253
7873,23254
7874,23255
7875,23256
7876,23257
7877,23258
7878,23259
7879,23260
788,23261
7880,23262
7881,23263
7882,23264
7883,23265
7884,23266
7885,23267
7886,23268
7887,23269
7888,23270
7889,23271
789,23272
7890,23273
7891,23274
7893,23275
7894,23276
7895,23277
7896,23278
7899,23279
790,23280
7901,23281
791,23282
7910,23283
7913,23284
792,23285
7924,23286
7925,23287
7928,23288
7929,23289
793,23290
7934,23291
7938,23292
7939,23293
794,23294
7940,23295
7941,23296
7942,23297
7943,23298
7944,23299
7946,23300
795,23301
7957,23302
7958,23303
796,23304
7962,23305
7963,23306
7965,23307
7966,23308
7967,23309
7968,23310
7969,23311
797,23312
7973,23313
7974,23314
7975,23315
7976,23316
798,23317
7982,23318
7986,23319
799,23320
7997,23321
800,23322
8006,23323
8007,23324
8008,23325
801,23326
8014,23327
8015,23328
802,23329
8020,23330
803,23331
804,23332
8040,23333
8041,23334
8042,23335
8043,23336
805,23337
8053,23338
8054,23339
8057,23340
8058,23341
806,23342
807,23343
808,23344
8081,23345
8082,23346
8083,23347
8085,23348
8086,23349
8087,23350
8088,23351
8089,23352
8090,23353
8092,23354
8093,23355
8099,23356
8100,23357
8103,23358
8104,23359
8105,23360
8106,23361
8107,23362
8108,23363
8109,23364
8111,23365
8112,23366
8121,23367
8122,23368
8123,23369
8131,23370
8133,23371
8134,23372
8135,23373
8136,23374
8165,23375
8167,23376
8169,23377
8170,23378
8171,23379
8172,23380
8173,23381
8174,23382
8175,23383
8176,23384
8177,23385
8178,23386
8183,23387
8184,23388
8191,23389
8193,23390
8195,23391
8196,23392
8197,23393
8198,23394
8199,23395
8200,23396
8203,23397
8204,23398
8206,23399
8208,23400
8209,23401
8213,23402
8215,23403
8218,23404
8219,23405
8220,23406
8221,23407
8222,23408
8223,23409
8224,23410
8225,23411
8232,23412
8234,23413
8243,23414
8246,23415
8254,23416
8256,23417
8259,23418
8260,23419
8263,23420
8264,23421
8265,23422
8266,23423
827,23424
8273,23425
8274,23426
8288,23427
8291,23428
8292,23429
830,23430
8301,23431
8302,23432
8306,23433
831,23434
8313,23435
8314,23436
8315,23437
8316,23438
8317,23439
8318,23440
8319,23441
8320,23442
8321,23443
8323,23444
8324,23445
8326,23446
8334,23447
8335,23448
8336,23449
8337,23450
8340,23451
8342,23452
8344,23453
8347,23454
8348,23455
835,23456
8356,23457
8357,23458
8358,23459
8359,23460
8360,23461
8361,23462
8371,23463
8375,23464
8386,23465
8388,23466
8390,23467
8391,23468
8408,23469
8412,23470
8420,23471
8421,23472
8422,23473
8438,23474
8439,23475
8440,23476
8441,23477
8442,23478
8443,23479
8444,23480
8445,23481
8446,23482
8449,23483
8451,23484
8452,23485
8454,23486
8455,23487
8460,23488
8478,23489
8479,23490
8480,23491
8481,23492
8483,23493
8484,23494
849,23495
850,23496
851,23497
852,23498
8532,23499
8534,23500
8535,23501
8536,23502
8537,23503
854,23504
8540,23505
8541,23506
8542,23507
8543,23508
8544,23509
8545,23510
8546,23511
8547,23512
8549,23513
8550,23514
8551,23515
8552,23516
8553,23517
8554,23518
8555,23519
8556,23520
8557,23521
8558,23522
8559,23523
8560,23524
8561,23525
8562,23526
8563,23527
8564,23528
8565,23529
8566,23530
8567,23531
8568,23532
8569,23533
8570,23534
8571,23535
8572,23536
8573,23537
8574,23538
8576,23539
8577,23540
8578,23541
8579,23542
8581,23543
8582,23544
8584,23545
859,23546
8593,23547
8606,23548
8607,23549
8608,23550
8609,23551
8613,23552
8617,23553
8619,23554
8623,23555
8624,23556
8625,23557
8626,23558
8629,23559
8639,23560
8646,23561
8647,23562
8649,23563
8650,23564
8651,23565
8652,23566
8653,23567
8657,23568
8658,23569
8660,23570
8670,23571
8681,23572
8682,23573
8688,23574
8689,23575
869,23576
8690,23577
8696,23578
8697,23579
870,23580
871,23581
873,23582
8731,23583
8732,23584
8734,23585
8735,23586
8736,23587
8737,23588
8755,23589
8758,23590
8759,23591
8760,23592
877,23593
8782,23594
8783,23595
8786,23596
8787,23597
8788,23598
8790,23599
8791,23600
8792,23601
8795,23602
8796,23603
8804,23604
8805,23605
8806,23606
8807,23607
8808,23608
8809,23609
8810,23610
8826,23611
8827,23612
8833,23613
8834,23614
8835,23615
8836,23616
8837,23617
8838,23618
8839,23619
884,23620
8840,23621
8853,23622
886,23623
8861,23624
887,23625
8873,23626
8874,23627
8875,23628
8876,23629
8877,23630
8878,23631
8879,23632
8880,23633
8881,23634
8882,23635
8883,23636
8884,23637
8885,23638
8887,23639
889,23640
8890,23641
8891,23642
8897,23643
8898,23644
8904,23645
8905,23646
8906,23647
8907,23648
8908,23649
8910,23650
8911,23651
8915,23652
8916,23653
8917,23654
8918,23655
8919,23656
892,23657
8921,23658
8923,23659
8925,23660
8926,23661
8927,23662
8929,23663
8930,23664
8935,23665
8936,23666
895,23667
8959,23668
8960,23669
8963,23670
8975,23671
8976,23672
8977,23673
8978,23674
8979,23675
898,23676
8995,23677
900,23678
9001,23679
9002,23680
9004,23681
9005,23682
9006,23683
9015,23684
9017,23685
9018,23686
9019,23687
902,23688
9021,23689
9028,23690
9029,23691
9030,23692
9031,23693
9032,23694
9033,23695
9034,23696
9035,23697
9036,23698
9037,23699
9038,23700
9040,23701
9042,23702
9043,23703
9048,23704
9049,23705
905,23706
9050,23707
9051,23708
9052,23709
9053,23710
9054,23711
9055,23712
9058,23713
9060,23714
9061,23715
9063,23716
9064,23717
9068,23718
9069,23719
907,23720
9070,23721
9071,23722
9079,23723
9081,23724
9094,23725
9099,23726
910,23727
9100,23728
9101,23729
9103,23730
9113,23731
9114,23732
9115,23733
9116,23734
9118,23735
9119,23736
912,23737
9120,23738
9124,23739
9130,23740
9131,23741
9132,23742
9134,23743
9135,23744
9136,23745
914,23746
9149,23747
915,23748
9151,23749
9159,23750
9161,23751
9162,23752
9163,23753
9164,23754
9166,23755
9167,23756
9168,23757
917,23758
919,23759
9210,23760
9214,23761
9215,23762
9216,23763
9218,23764
9219,23765
9220,23766
9221,23767
9222,23768
9224,23769
9225,23770
9226,23771
9227,23772
9229,23773
923,23774
9230,23775
9231,23776
9232,23777
9233,23778
9234,23779
9235,23780
9236,23781
9237,23782
9238,23783
9239,23784
9240,23785
9241,23786
9242,23787
9243,23788
9244,23789
9245,23790
9246,23791
9247,23792
9248,23793
9249,23794
9250,23795
9251,23796
9252,23797
9253,23798
9254,23799
9255,23800
9256,23801
9257,23802
9258,23803
9259,23804
926,23805
9260,23806
9261,23807
9263,23808
9264,23809
9265,23810
9267,23811
9268,23812
9269,23813
927,23814
9270,23815
9271,23816
9272,23817
9273,23818
9274,23819
9275,23820
9276,23821
9277,23822
9278,23823
9279,23824
928,23825
9283,23826
9284,23827
9296,23828
9303,23829
9305,23830
9320,23831
9321,23832
9322,23833
9325,23834
9326,23835
9327,23836
9333,23837
9337,23838
9339,23839
934,23840
9341,23841
9347,23842
9352,23843
9358,23844
936,23845
9363,23846
9365,23847
9370,23848
9373,23849
9413,23850
9414,23851
9416,23852
9417,23853
9418,23854
9419,23855
943,23856
9437,23857
9440,23858
9441,23859
9442,23860
9450,23861
9464,23862
9465,23863
9468,23864
9469,23865
947,23866
9470,23867
9471,23868
9472,23869
9473,23870
9474,23871
9477,23872
9478,23873
948,23874
9486,23875
9487,23876
9488,23877
9489,23878
9490,23879
9491,23880
9492,23881
9509,23882
9515,23883
9517,23884
9519,23885
9520,23886
9521,23887
9522,23888
9535,23889
9543,23890
9553,23891
9554,23892
9555,23893
9557,23894
9558,23895
9560,23896
9561,23897
9562,23898
9563,23899
9564,23900
9565,23901
9566,23902
9567,23903
9568,23904
9569,23905
9572,23906
9574,23907
9576,23908
9586,23909
9588,23910
9589,23911
9590,23912
9591,23913
9592,23914
9607,23915
9608,23916
9609,23917
9611,23918
9612,23919
9614,23920
9616,23921
9617,23922
9618,23923
9619,23924
9627,23925
9628,23926
9635,23927
9639,23928
9643,23929
9644,23930
9646,23931
9650,23932
9658,23933
9659,23934
9661,23935
9678,23936
9684,23937
9687,23938
9688,23939
9689,23940
9698,23941
9700,23942
9701,23943
9702,23944
9703,23945
9706,23946
9710,23947
9711,23948
9712,23949
9713,23950
9714,23951
9715,23952
9716,23953
9717,23954
9718,23955
9719,23956
9720,23957
9722,23958
9724,23959
9725,23960
9730,23961
9731,23962
9732,23963
9733,23964
9734,23965
9736,23966
9737,23967
9741,23968
9742,23969
9743,23970
9745,23971
9746,23972
9750,23973
9751,23974
9752,23975
9753,23976
9756,23977
9760,23978
9774,23979
9779,23980
9780,23981
9781,23982
9792,23983
9793,23984
9794,23985
9795,23986
9796,23987
9797,23988
9799,23989
9800,23990
9801,23991
9803,23992
9804,23993
9810,23994
9811,23995
9812,23996
9814,23997
9815,23998
9816,23999
9817,24000
983,24001
9834,24002
9843,24003
9844,24004
9845,24005
9847,24006
9850,24007
9889,24008
9891,24009
9895,24010
9896,24011
9897,24012
9898,24013
9899,24014
9900,24015
9901,24016
9902,24017
9903,24018
9904,24019
9906,24020
9907,24021
9908,24022
9909,24023
9911,24024
9912,24025
9913,24026
9914,24027
9915,24028
9916,24029
9917,24030
9918,24031
9919,24032
9920,24033
9921,24034
9922,24035
9923,24036
9924,24037
9925,24038
9926,24039
9927,24040
9928,24041
9929,24042
993,24043
9930,24044
9931,24045
9932,24046
9933,24047
9934,24048
9935,24049
9936,24050
9937,24051
9938,24052
9939,24053
9940,24054
9941,24055
9942,24056
9943,24057
9944,24058
9945,24059
9946,24060
9947,24061
9948,24062
9949,24063
9950,24064
9951,24065
9952,24066
9953,24067
9954,24068
9955,24069
9956,24070
9957,24071
9959,24072
9960,24073
9961,24074
9966,24075
9967,24076
9988,24077
7955,24078
6038,24079
9351,24080
8638,24081
8025,24082
16873,24083
24071,24084
199,24085
195,24086
23211,24087
24072,24088
4443,24089
181,24090
206,24091
13672,24092
225,24093
20686,24094
205,24095
189,24096
1184,24097
24061,24098
21506,24099
23212,24100
12080,24101
9705,24102
18291,24103
15249,24104
19092,24105
18290,24106
19887,24107
22359,24108
19091,24109
14462,24110
161,24111
14603,24112
19079,24113
8022,24114
8704,24115
218,24116
258,24117
6657,24118
84,24119
80,24120
8705,24121
8024,24122
13815,24123
69,24124
89,24125
13021,24126
101,24127
15363,24128
88,24129
75,24130
463,24131
23161,24132
4012,24133
17624,24134
16120,24135
8023,24136
23704,24137
8706,24138
16119,24139
6658,24140
7340,24141
17623,24142
15364,24143
16871,24144
16872,24145
53,24146
160,24147
18278,24148
188,24149
193,24150
96,24151
125,24152
168,24153
260,24154
155,24155
139,24156
141,24157
149,24158
18013,24159
10732,24160
3312,24161
18027,24162
151,24163
158,24164
270,24165
17863,24166
9022,24167
170,24168
142,24169
269,24170
159,24171
152,24172
148,24173
156,24174
138,24175
52,24176
19859,24177
74,24178
78,24179
60,24180
127,24181
48,24182
33,24183
35,24184
43,24185
11417,24186
22942,24187
45,24188
50,24189
135,24190
649,24191
21161,24192
62,24193
36,24194
134,24195
51,24196
46,24197
42,24198
49,24199
32,24200
10035,24201
23802,24202
10961,24203
18661,24204
22769,24205
7623,24206
8307,24207
1914,24208
483,24209
475,24210
19803,24211
4423,24212
5124,24213
4418,24214
2636,24215
10289,24216
18812,24217
11471,24218
20859,24219
22925,24220
23785,24221
12396,24222
3715,24223
5826,24224
4063,24225
10307,24226
5831,24227
853,24228
3357,24229
22067,24230
2273,24231
6546,24232
21213,24233
24182,24234
19966,24235
17042,24236
7411,24237
10846,24238
16289,24239
24181,24240
18365,24241
8094,24242
23319,24243
19166,24244
219,24245
12875,24246
12874,24247
97,24248
7341,24249
12228,24250
259,24251
265,24252
126,24253
131,24254
