Node ID,Order
1,0
10,1
10033,2
10037,3
10044,4
10453,5
10454,6
10458,7
10465,8
10506,9
10546,10
10549,11
10550,12
10554,13
10597,14
10598,15
10616,16
10625,17
10631,18
10654,19
10667,20
10682,21
10733,22
11,23
11129,24
11133,25
11147,26
11151,27
11158,28
10475,29
10469,30
11159,31
11174,32
11176,33
11177,34
11181,35
10498,36
11196,37
11206,38
11207,39
11209,40
11248,41
11258,42
11261,43
11271,44
11282,45
11297,46
11299,47
11301,48
11309,49
10587,50
11315,51
11337,52
11351,53
11398,54
11718,55
11798,56
11801,57
11810,58
11814,59
11823,60
10222,61
11827,62
11838,63
11840,64
11864,65
11865,66
11875,67
11879,68
11882,69
11888,70
11890,71
11895,72
11899,73
11905,74
11922,75
11924,76
11937,77
11957,78
11958,79
11964,80
11966,81
11969,82
11982,83
12,84
12002,85
12008,86
12011,87
10470,88
12083,89
12099,90
12107,91
12129,92
12131,93
12174,94
12190,95
12192,96
12194,97
12202,98
12218,99
12225,100
12595,101
12596,102
12618,103
12622,104
12627,105
12630,106
12195,107
12636,108
12647,109
11854,110
12660,111
12662,112
12668,113
12669,114
12680,115
12682,116
12690,117
12715,118
12716,119
12718,120
12742,121
12746,122
12754,123
12755,124
12770,125
12777,126
12788,127
12824,128
12905,129
12916,130
12919,131
12923,132
12927,133
12938,134
12946,135
12949,136
12951,137
12953,138
12957,139
12970,140
12972,141
12977,142
12978,143
12984,144
12987,145
12989,146
12994,147
13,148
13009,149
13397,150
13437,151
13457,152
13459,153
13505,154
13517,155
12726,156
13538,157
13539,158
13544,159
13547,160
12756,161
13575,162
13576,163
13585,164
13606,165
13702,166
13706,167
13711,168
13718,169
13725,170
13743,171
13745,172
13752,173
13753,174
13760,175
13769,176
13770,177
13772,178
13779,179
13782,180
13783,181
13787,182
13804,183
13811,184
13876,185
10445,186
14,187
14180,188
14187,189
14206,190
14207,191
14208,192
10066,193
14241,194
14249,195
14251,196
11868,197
14257,198
14259,199
13464,200
14269,201
14304,202
13506,203
14309,204
13509,205
14311,206
14299,207
12207,208
14318,209
1434,210
14343,211
13553,212
12748,213
14351,214
14365,215
14372,216
1441,217
14412,218
14414,219
13625,220
14477,221
14482,222
14511,223
1453,224
14535,225
14543,226
14549,227
14553,228
14559,229
14571,230
14573,231
14589,232
14591,233
1460,234
14600,235
1479,236
14874,237
14982,238
12962,239
14989,240
14572,241
14990,242
12217,243
14997,244
15,245
15021,246
15030,247
15031,248
15025,249
15037,250
15044,251
14270,252
12955,253
15062,254
15077,255
14312,256
1509,257
15090,258
14325,259
15092,260
15094,261
10751,262
15135,263
15140,264
15171,265
12200,266
15172,267
15189,268
15198,269
15203,270
14098,271
1523,272
10641,273
15251,274
15260,275
14476,276
12079,277
15264,278
15266,279
15271,280
15284,281
153,282
15300,283
15302,284
15303,285
15312,286
15318,287
1532,288
15320,289
15337,290
15347,291
15350,292
15351,293
15355,294
1545,295
1549,296
13015,297
1559,298
15728,299
15736,300
15738,301
15746,302
15748,303
15750,304
13010,305
15758,306
15774,307
14567,308
15775,309
15776,310
15782,311
15787,312
10891,313
14264,314
13473,315
15794,316
15792,317
15813,318
15817,319
15820,320
15825,321
15068,322
15838,323
14298,324
15843,325
15086,326
15849,327
15863,328
15871,329
15883,330
15910,331
15911,332
15154,333
15936,334
15943,335
10511,336
12991,337
15945,338
15188,339
11268,340
15957,341
16,342
16013,343
16023,344
16050,345
16076,346
16077,347
16081,348
16087,349
16106,350
16107,351
16112,352
16439,353
16461,354
15048,355
11891,356
16483,357
16488,358
11803,359
16493,360
13389,361
16510,362
14214,363
16528,364
15017,365
16535,366
16564,367
15814,368
16574,369
16577,370
16594,371
1660,372
16601,373
16675,374
16681,375
16684,376
16707,377
16709,378
16770,379
16771,380
16775,381
16018,382
16796,383
16797,384
16810,385
16819,386
16820,387
16825,388
16826,389
16827,390
16828,391
16844,392
16850,393
16860,394
16865,395
16869,396
1697,397
17,398
17141,399
17235,400
13762,401
17240,402
16484,403
14552,404
17274,405
17279,406
17292,407
13741,408
17302,409
17315,410
17316,411
17318,412
17334,413
17382,414
14597,415
17389,416
16637,417
16632,418
17397,419
17402,420
17410,421
17425,422
14582,423
17430,424
16815,425
17438,426
17456,427
17458,428
17524,429
17533,430
17534,431
17544,432
17560,433
17566,434
17572,435
17578,436
17580,437
17582,438
17587,439
17588,440
17591,441
17594,442
17595,443
17597,444
17606,445
17607,446
17610,447
18,448
18031,449
18040,450
18044,451
18060,452
18087,453
17565,454
18094,455
17275,456
18111,457
14548,458
18114,459
18118,460
18121,461
18125,462
18145,463
18146,464
13532,465
15061,466
18155,467
18160,468
13560,469
13774,470
18167,471
18178,472
18184,473
12979,474
18189,475
18190,476
14536,477
18192,478
18193,479
16099,480
18298,481
18317,482
18343,483
1835,484
1427,485
18359,486
18381,487
18385,488
18387,489
18389,490
18395,491
18830,492
18832,493
18838,494
14971,495
12216,496
18840,497
18853,498
18856,499
18057,500
18854,501
16108,502
18859,503
18868,504
18069,505
13421,506
16074,507
18878,508
18880,509
18892,510
18092,511
18089,512
16855,513
18906,514
18106,515
18917,516
18396,517
18920,518
12997,519
18930,520
15818,521
12950,522
18945,523
18946,524
18120,525
18951,526
18953,527
18957,528
18964,529
16105,530
18976,531
18979,532
18988,533
19,534
19105,535
19110,536
19147,537
19148,538
19149,539
19164,540
19171,541
19175,542
19188,543
19191,544
19195,545
19200,546
19207,547
19210,548
19215,549
19221,550
19222,551
19228,552
19294,553
19516,554
19549,555
19613,556
19636,557
15317,558
19653,559
19663,560
19717,561
19720,562
19724,563
14562,564
19728,565
13801,566
19737,567
14296,568
12958,569
19741,570
19744,571
19725,572
19746,573
19756,574
16838,575
19771,576
15125,577
13809,578
19795,579
19796,580
14537,581
19806,582
19816,583
19890,584
19899,585
19900,586
19916,587
19923,588
19926,589
19941,590
19947,591
19951,592
19954,593
17627,594
19958,595
19969,596
19979,597
19986,598
19990,599
19996,600
19998,601
2,602
157,603
13734,604
20,605
200,606
19131,607
19927,608
20004,609
20006,610
20007,611
20013,612
20015,613
20019,614
201,615
20312,616
20432,617
20435,618
17577,619
20447,620
12594,621
20458,622
17611,623
20491,624
13006,625
20496,626
19692,627
12213,628
20498,629
13759,630
20500,631
20510,632
18415,633
20521,634
20522,635
18913,636
13007,637
20535,638
20542,639
20543,640
19742,641
15060,642
20546,643
19745,644
15819,645
20556,646
16566,647
20559,648
20563,649
20575,650
20578,651
18173,652
20579,653
19779,654
20585,655
20596,656
20689,657
20696,658
207,659
20701,660
20753,661
20763,662
19964,663
20771,664
20776,665
20778,666
20785,667
20788,668
20789,669
20794,670
208,671
20803,672
20808,673
20820,674
20826,675
209,676
21,677
211,678
1000,679
1004,680
1006,681
10079,682
10080,683
10084,684
10086,685
10095,686
10097,687
10098,688
10104,689
10109,690
10126,691
10129,692
1013,693
10131,694
10133,695
1014,696
10141,697
10156,698
1020,699
1027,700
1036,701
1037,702
1044,703
1047,704
1049,705
1052,706
1069,707
1072,708
1073,709
10760,710
10763,711
10764,712
10766,713
10767,714
10769,715
10770,716
10777,717
10785,718
10789,719
10793,720
10794,721
10795,722
10811,723
10813,724
10823,725
10829,726
1086,727
12092,728
12130,729
13026,730
13704,731
13713,732
13720,733
13823,734
14118,735
14470,736
14506,737
15371,738
16019,739
16789,740
16885,741
1700,742
1702,743
1709,744
1710,745
12097,746
1713,747
12931,748
1716,749
1717,750
12104,751
12898,752
1719,753
12915,754
1739,755
16778,756
1740,757
1741,758
1744,759
1745,760
13680,761
1751,762
17548,763
1760,764
14514,765
17628,766
17636,767
17639,768
17641,769
1766,770
12124,771
1775,772
1781,773
13717,774
1787,775
1788,776
12127,777
1789,778
15254,779
1796,780
18334,781
18335,782
18353,783
18363,784
18435,785
15252,786
18438,787
19124,788
19150,789
19154,790
19233,791
16772,792
19895,793
19905,794
19920,795
16756,796
17509,797
19960,798
20029,799
20030,800
13821,801
15280,802
10755,803
1693,804
179,805
20031,806
20706,807
15237,808
19867,809
19069,810
12961,811
20717,812
18321,813
12075,814
17514,815
18266,816
19976,817
20718,818
19919,819
19087,820
20723,821
20751,822
20754,823
20835,824
20837,825
13698,826
20840,827
19117,828
21115,829
2113,830
21136,831
21144,832
212,833
21260,834
13386,835
18383,836
1785,837
20721,838
21264,839
21267,840
21269,841
12983,842
21270,843
21272,844
12623,845
14587,846
21292,847
21299,848
16864,849
21310,850
15316,851
21332,852
15329,853
21338,854
11880,855
20818,856
21342,857
14542,858
20836,859
12904,860
21343,861
21353,862
12204,863
21362,864
21365,865
15059,866
21393,867
20558,868
14329,869
15844,870
19754,871
12712,872
20021,873
21401,874
19967,875
13031,876
18306,877
21405,878
21409,879
11989,880
13012,881
21413,882
17584,883
21416,884
21417,885
2146,886
18369,887
21514,888
21521,889
21530,890
12071,891
18287,892
21476,893
20777,894
21538,895
21549,896
21554,897
21555,898
21560,899
21566,900
21568,901
21571,902
2158,903
21580,904
21583,905
21593,906
21610,907
21621,908
21623,909
21624,910
21632,911
21637,912
21640,913
21648,914
21650,915
21651,916
1753,917
12910,918
21654,919
10806,920
13679,921
21657,922
21658,923
1024,924
19936,925
19139,926
16002,927
16760,928
21664,929
1733,930
13709,931
21668,932
21670,933
10768,934
20752,935
21671,936
21674,937
21677,938
2168,939
21680,940
19118,941
13023,942
180,943
21681,944
21563,945
17504,946
21686,947
21688,948
12901,949
21689,950
20838,951
20715,952
2182,953
2188,954
2192,955
2195,956
2199,957
22,958
220,959
18324,960
2201,961
1476,962
1442,963
16833,964
1749,965
20692,966
2205,967
21614,968
2207,969
2209,970
16830,971
22090,972
15356,973
22093,974
17563,975
221,976
19126,977
18325,978
2210,979
13768,980
22101,981
21246,982
22094,983
22104,984
22109,985
14183,986
14590,987
2211,988
12201,989
22133,990
19211,991
22139,992
22142,993
20457,994
22165,995
20804,996
1026,997
22168,998
18081,999
19183,1000
22183,1001
22188,1002
16085,1003
2219,1004
22214,1005
16086,1006
22215,1007
19218,1008
10780,1009
14496,1010
22222,1011
22246,1012
22247,1013
17350,1014
18394,1015
1051,1016
22252,1017
22256,1018
12940,1019
22257,1020
15353,1021
22264,1022
22374,1023
22375,1024
22380,1025
17507,1026
1687,1027
22404,1028
13652,1029
16743,1030
11412,1031
22415,1032
12870,1033
16761,1034
22416,1035
21561,1036
14458,1037
12076,1038
21481,1039
20802,1040
10117,1041
10801,1042
22419,1043
2242,1044
22422,1045
22427,1046
22434,1047
22437,1048
22440,1049
2245,1050
22467,1051
10154,1052
19143,1053
22472,1054
1080,1055
16773,1056
19122,1057
12861,1058
12067,1059
22480,1060
17638,1061
16788,1062
22486,1063
22492,1064
22496,1065
22501,1066
22515,1067
22516,1068
10111,1069
22527,1070
1718,1071
15289,1072
22534,1073
11438,1074
20728,1075
21598,1076
13024,1077
143,1078
22349,1079
15247,1080
20663,1081
21655,1082
22535,1083
22536,1084
18432,1085
22408,1086
19878,1087
16763,1088
2255,1089
22586,1090
13546,1091
14336,1092
12747,1093
22596,1094
18139,1095
18940,1096
18116,1097
226,1098
227,1099
228,1100
22811,1101
2282,1102
2284,1103
22840,1104
22924,1105
22945,1106
14596,1107
22949,1108
22951,1109
16856,1110
10085,1111
20699,1112
22954,1113
21239,1114
22477,1115
22967,1116
21238,1117
16811,1118
22974,1119
22984,1120
22991,1121
18384,1122
22995,1123
23,1124
230,1125
103,1126
23011,1127
23030,1128
12656,1129
19685,1130
15348,1131
23031,1132
23039,1133
23047,1134
23049,1135
13781,1136
1023,1137
20342,1138
14348,1139
23053,1140
19700,1141
14568,1142
23054,1143
23060,1144
20799,1145
23062,1146
20508,1147
23064,1148
23065,1149
12696,1150
18104,1151
20814,1152
23067,1153
11881,1154
23070,1155
23071,1156
23178,1157
19975,1158
23206,1159
22330,1160
23214,1161
2322,1162
10039,1163
23224,1164
23227,1165
23232,1166
23233,1167
23235,1168
23245,1169
20348,1170
23248,1171
18286,1172
23253,1173
23263,1174
23274,1175
23276,1176
23279,1177
23289,1178
23293,1179
23295,1180
23297,1181
23299,1182
23314,1183
23336,1184
23338,1185
23339,1186
18436,1187
21584,1188
23340,1189
23344,1190
23350,1191
20834,1192
19896,1193
23352,1194
23353,1195
23356,1196
23357,1197
23360,1198
23366,1199
23372,1200
23373,1201
10799,1202
20746,1203
23374,1204
1025,1205
23307,1206
23375,1207
10797,1208
21559,1209
20735,1210
19880,1211
20678,1212
23380,1213
1016,1214
16793,1215
23382,1216
1729,1217
12911,1218
23386,1219
234,1220
22400,1221
23255,1222
23193,1223
21472,1224
23402,1225
22382,1226
235,1227
20724,1228
18328,1229
23690,1230
23762,1231
23811,1232
19220,1233
1001,1234
20698,1235
23823,1236
21242,1237
13011,1238
23834,1239
14178,1240
23837,1241
22096,1242
16089,1243
1738,1244
21546,1245
23841,1246
23809,1247
19980,1248
23845,1249
13415,1250
14533,1251
1074,1252
23851,1253
23853,1254
12171,1255
10132,1256
23859,1257
23870,1258
17251,1259
15332,1260
23876,1261
23886,1262
23351,1263
23893,1264
18881,1265
16104,1266
23897,1267
23898,1268
12167,1269
1767,1270
12088,1271
23899,1272
23904,1273
23035,1274
23905,1275
23043,1276
22175,1277
12948,1278
23910,1279
16071,1280
10820,1281
20729,1282
23210,1283
23933,1284
20520,1285
14588,1286
23935,1287
22508,1288
23936,1289
15325,1290
10123,1291
12119,1292
23937,1293
14569,1294
23938,1295
20815,1296
23959,1297
18137,1298
18921,1299
20018,1300
23962,1301
21384,1302
20524,1303
19991,1304
17634,1305
19140,1306
18339,1307
12077,1308
14459,1309
23183,1310
23971,1311
14350,1312
22504,1313
23977,1314
23115,1315
16621,1316
19190,1317
1060,1318
16015,1319
2398,1320
12959,1321
23988,1322
23364,1323
24,1324
236,1325
12890,1326
12095,1327
12858,1328
1675,1329
23724,1330
24052,1331
21469,1332
24054,1333
23172,1334
24062,1335
24065,1336
23184,1337
20800,1338
24069,1339
1684,1340
2407,1341
24075,1342
24084,1343
24087,1344
24093,1345
1688,1346
2410,1347
24109,1348
23247,1349
18289,1350
24115,1351
24122,1352
24123,1353
24125,1354
24128,1355
21557,1356
24133,1357
23271,1358
21501,1359
24067,1360
2400,1361
12187,1362
24136,1363
24144,1364
24149,1365
24155,1366
2416,1367
16004,1368
15246,1369
23185,1370
19208,1371
1746,1372
24168,1373
24169,1374
2417,1375
18271,1376
23175,1377
24170,1378
24174,1379
12231,1380
184,1381
2418,1382
24189,1383
10153,1384
24145,1385
2419,1386
15229,1387
17499,1388
20848,1389
11310,1390
2385,1391
21806,1392
2106,1393
24030,1394
19844,1395
16114,1396
24191,1397
10151,1398
24197,1399
1071,1400
24198,1401
1070,1402
23254,1403
24199,1404
2420,1405
24200,1406
24203,1407
22543,1408
24204,1409
20839,1410
14468,1411
16048,1412
20648,1413
24206,1414
23399,1415
12109,1416
24210,1417
24212,1418
24216,1419
24218,1420
24228,1421
24233,1422
24234,1423
24236,1424
10116,1425
23226,1426
24237,1427
24243,1428
24246,1429
1010,1430
22425,1431
24247,1432
1009,1433
16035,1434
24248,1435
24252,1436
10082,1437
19938,1438
12103,1439
24066,1440
21500,1441
22336,1442
13004,1443
24253,1444
10759,1445
23218,1446
2426,1447
2435,1448
20702,1449
24050,1450
13658,1451
2436,1452
12132,1453
2437,1454
12140,1455
2438,1456
19934,1457
2439,1458
2440,1459
21562,1460
22417,1461
12872,1462
13670,1463
2441,1464
23269,1465
22414,1466
12868,1467
22351,1468
2448,1469
23220,1470
2451,1471
14510,1472
2452,1473
19946,1474
2454,1475
22448,1476
2458,1477
12924,1478
2459,1479
19888,1480
2461,1481
18326,1482
2462,1483
2463,1484
23265,1485
2464,1486
20339,1487
12795,1488
2465,1489
18362,1490
2466,1491
19156,1492
2469,1493
2472,1494
2475,1495
22426,1496
2479,1497
21574,1498
2488,1499
22442,1500
2489,1501
22433,1502
2494,1503
2496,1504
20743,1505
2497,1506
14498,1507
25,1508
241,1509
20722,1510
2504,1511
14503,1512
2507,1513
23252,1514
2509,1515
22842,1516
2512,1517
19100,1518
26,1519
242,1520
23259,1521
24121,1522
14443,1523
18262,1524
27,1525
243,1526
23246,1527
24108,1528
20685,1529
2715,1530
23024,1531
272,1532
15268,1533
21495,1534
277,1535
18332,1536
279,1537
22396,1538
23251,1539
17515,1540
16762,1541
28,1542
261,1543
19165,1544
18364,1545
16007,1546
20664,1547
280,1548
24173,1549
2802,1550
282,1551
15256,1552
2837,1553
2115,1554
19659,1555
16859,1556
2853,1557
19994,1558
10814,1559
12929,1560
2854,1561
15331,1562
2861,1563
2863,1564
287,1565
23237,1566
13686,1567
19082,1568
19877,1569
2401,1570
22525,1571
1724,1572
2447,1573
2886,1574
10494,1575
22487,1576
1771,1577
15258,1578
18322,1579
15996,1580
16754,1581
24041,1582
16823,1583
289,1584
19948,1585
29,1586
266,1587
21606,1588
22461,1589
290,1590
12126,1591
2911,1592
292,1593
2930,1594
12159,1595
20035,1596
22439,1597
2931,1598
12973,1599
2935,1600
20011,1601
293,1602
14518,1603
2948,1604
2226,1605
2949,1606
295,1607
24142,1608
2971,1609
2979,1610
10069,1611
23394,1612
16017,1613
17626,1614
17632,1615
16020,1616
12864,1617
186,1618
2405,1619
298,1620
12937,1621
2987,1622
2978,1623
2998,1624
11435,1625
16125,1626
19908,1627
16744,1628
15986,1629
3,1630
171,1631
301,1632
1704,1633
303,1634
16776,1635
304,1636
22844,1637
3075,1638
16386,1639
10716,1640
3084,1641
310,1642
3118,1643
3123,1644
15344,1645
3124,1646
16853,1647
10089,1648
3128,1649
18269,1650
13756,1651
3136,1652
18761,1653
3138,1654
3139,1655
18272,1656
24035,1657
3140,1658
3141,1659
21545,1660
24053,1661
24032,1662
22277,1663
21424,1664
3143,1665
3148,1666
2523,1667
13699,1668
3149,1669
315,1670
24100,1671
3153,1672
3154,1673
21523,1674
3165,1675
3167,1676
19893,1677
3170,1678
14499,1679
3172,1680
13732,1681
3173,1682
3174,1683
19957,1684
3175,1685
13719,1686
3181,1687
17543,1688
3182,1689
22379,1690
3186,1691
17552,1692
3188,1693
13721,1694
3190,1695
21558,1696
24129,1697
15999,1698
15240,1699
23182,1700
15314,1701
10822,1702
10138,1703
3191,1704
24163,1705
3192,1706
24088,1707
3193,1708
22373,1709
3194,1710
3195,1711
320,1712
13684,1713
2806,1714
3204,1715
12114,1716
3206,1717
23292,1718
3207,1719
24150,1720
3209,1721
19928,1722
3213,1723
12896,1724
12101,1725
13667,1726
12869,1727
24040,1728
21619,1729
1076,1730
3219,1731
3224,1732
19939,1733
323,1734
16040,1735
324,1736
16027,1737
3278,1738
14189,1739
11811,1740
17237,1741
16841,1742
1019,1743
24127,1744
330,1745
18338,1746
13694,1747
23205,1748
22352,1749
2399,1750
12165,1751
332,1752
24147,1753
3349,1754
337,1755
13678,1756
345,1757
15274,1758
3462,1759
3471,1760
349,1761
12889,1762
350,1763
24120,1764
351,1765
22401,1766
3535,1767
3541,1768
11834,1769
23337,1770
3210,1771
24124,1772
3568,1773
12173,1774
1761,1775
13731,1776
3569,1777
16842,1778
357,1779
3602,1780
3609,1781
2885,1782
19789,1783
14564,1784
3625,1785
363,1786
24140,1787
3634,1788
364,1789
22438,1790
3645,1791
23328,1792
10836,1793
24153,1794
3646,1795
3650,1796
20812,1797
1012,1798
20760,1799
3655,1800
3657,1801
3667,1802
2208,1803
14539,1804
3203,1805
19152,1806
37,1807
3714,1808
3733,1809
3784,1810
23706,1811
21993,1812
3807,1813
3823,1814
23349,1815
21685,1816
3824,1817
20002,1818
312,1819
1031,1820
3826,1821
17604,1822
3830,1823
3831,1824
3834,1825
3839,1826
3842,1827
3843,1828
3846,1829
24070,1830
3848,1831
3849,1832
3850,1833
10152,1834
16033,1835
3853,1836
3854,1837
1784,1838
21542,1839
3855,1840
1783,1841
19132,1842
3857,1843
3858,1844
10083,1845
23311,1846
3864,1847
19104,1848
14453,1849
3867,1850
1193,1851
19858,1852
21470,1853
3868,1854
21548,1855
3871,1856
20720,1857
19921,1858
21504,1859
20683,1860
1685,1861
15345,1862
3873,1863
3876,1864
18295,1865
3882,1866
3883,1867
12135,1868
3888,1869
18304,1870
1698,1871
18283,1872
19084,1873
24044,1874
20001,1875
10121,1876
10805,1877
3889,1878
21567,1879
3890,1880
21575,1881
3892,1882
13703,1883
3893,1884
12917,1885
3894,1886
16037,1887
3895,1888
12082,1889
3898,1890
21990,1891
3899,1892
24130,1893
12100,1894
23204,1895
19085,1896
22332,1897
16070,1898
16127,1899
16881,1900
3902,1901
23225,1902
3904,1903
3908,1904
24151,1905
3909,1906
19144,1907
3916,1908
23316,1909
3918,1910
3919,1911
18333,1912
3920,1913
24126,1914
3928,1915
3930,1916
16029,1917
3933,1918
16783,1919
4,1920
172,1921
408,1922
19701,1923
18896,1924
12671,1925
16060,1926
2511,1927
23300,1928
4278,1929
19212,1930
4288,1931
4289,1932
4296,1933
16080,1934
4317,1935
3607,1936
18985,1937
13001,1938
10094,1939
14472,1940
4318,1941
4324,1942
12156,1943
2503,1944
22432,1945
4332,1946
4339,1947
4355,1948
22468,1949
4360,1950
15339,1951
4361,1952
4405,1953
4428,1954
11361,1955
12981,1956
4454,1957
11782,1958
4456,1959
2334,1960
4461,1961
4463,1962
3094,1963
4527,1964
4532,1965
4538,1966
20660,1967
4539,1968
2403,1969
16101,1970
4540,1971
4541,1972
4542,1973
14454,1974
17516,1975
22329,1976
19978,1977
4547,1978
14452,1979
12070,1980
22335,1981
13796,1982
3166,1983
3875,1984
4548,1985
4549,1986
19925,1987
23194,1988
23177,1989
4550,1990
4553,1991
19931,1992
14445,1993
19065,1994
4554,1995
4558,1996
4560,1997
4561,1998
3215,1999
20695,2000
4563,2001
2506,2002
20727,2003
4567,2004
4570,2005
18428,2006
14921,2007
4574,2008
19940,2009
21494,2010
4577,2011
20733,2012
4579,2013
20737,2014
14484,2015
24064,2016
18285,2017
23187,2018
21669,2019
1722,2020
2445,2021
4580,2022
4585,2023
21597,2024
4587,2025
22456,2026
4589,2027
21520,2028
4593,2029
14469,2030
4598,2031
24143,2032
4602,2033
24175,2034
4604,2035
14117,2036
4608,2037
17522,2038
4610,2039
4612,2040
24082,2041
4614,2042
12118,2043
4615,2044
18348,2045
4622,2046
19162,2047
4623,2048
18327,2049
4624,2050
22398,2051
4625,2052
22409,2053
4626,2054
23262,2055
4627,2056
2801,2057
4634,2058
4636,2059
22423,2060
4639,2061
13696,2062
4955,2063
18864,2064
19657,2065
1708,2066
20039,2067
23256,2068
4970,2069
4987,2070
13763,2071
4988,2072
18410,2073
4993,2074
22573,2075
14379,2076
5,2077
177,2078
3146,2079
21553,2080
15230,2081
20658,2082
20609,2083
19811,2084
5022,2085
5036,2086
19987,2087
3197,2088
20705,2089
5067,2090
24202,2091
17637,2092
19952,2093
5070,2094
16829,2095
3183,2096
17541,2097
5090,2098
5092,2099
5107,2100
17616,2101
4573,2102
18302,2103
12866,2104
5116,2105
5128,2106
2997,2107
12224,2108
21683,2109
12089,2110
5146,2111
10754,2112
15368,2113
11745,2114
5150,2115
2339,2116
14172,2117
3041,2118
5166,2119
5167,2120
5220,2121
5224,2122
5234,2123
15327,2124
5235,2125
12188,2126
5241,2127
5247,2128
19123,2129
13669,2130
16003,2131
21479,2132
13755,2133
5250,2134
5252,2135
5254,2136
22342,2137
19857,2138
3753,2139
5256,2140
5258,2141
5262,2142
3924,2143
24083,2144
5263,2145
20841,2146
19922,2147
5264,2148
5266,2149
347,2150
14507,2151
5268,2152
5269,2153
10765,2154
18744,2155
5270,2156
10758,2157
19904,2158
20822,2159
10757,2160
19903,2161
13953,2162
20415,2163
22391,2164
4536,2165
5274,2166
5276,2167
21529,2168
18279,2169
5278,2170
3112,2171
3113,2172
4035,2173
5282,2174
5284,2175
4582,2176
5291,2177
15255,2178
5296,2179
12125,2180
5308,2181
22447,2182
5309,2183
21569,2184
5312,2185
5313,2186
12878,2187
5314,2188
24094,2189
5319,2190
19155,2191
5321,2192
12111,2193
5326,2194
24114,2195
5328,2196
21550,2197
5329,2198
4923,2199
17407,2200
5330,2201
20719,2202
21541,2203
22355,2204
23208,2205
23180,2206
22474,2207
5331,2208
21539,2209
22393,2210
15242,2211
17512,2212
5332,2213
3132,2214
5336,2215
5339,2216
20741,2217
5660,2218
12945,2219
5673,2220
5674,2221
4971,2222
21361,2223
23384,2224
1727,2225
20747,2226
5676,2227
5679,2228
3560,2229
10439,2230
2430,2231
3212,2232
4214,2233
5682,2234
5687,2235
5688,2236
5692,2237
12197,2238
3881,2239
24074,2240
5695,2241
5703,2242
4999,2243
5709,2244
5741,2245
24223,2246
2483,2247
21588,2248
5745,2249
23389,2250
10075,2251
19097,2252
5746,2253
5747,2254
13608,2255
13786,2256
2457,2257
14487,2258
5750,2259
5743,2260
13013,2261
10077,2262
12935,2263
5767,2264
5771,2265
16067,2266
344,2267
19955,2268
5778,2269
5782,2270
5079,2271
3649,2272
12178,2273
1756,2274
12115,2275
5784,2276
3665,2277
10577,2278
18373,2279
2522,2280
14500,2281
5795,2282
5808,2283
20823,2284
1711,2285
13689,2286
5813,2287
5817,2288
5833,2289
5848,2290
3861,2291
16123,2292
14127,2293
11665,2294
15681,2295
10381,2296
11066,2297
16438,2298
17190,2299
5851,2300
11405,2301
20766,2302
5852,2303
5867,2304
5921,2305
2286,2306
5935,2307
17586,2308
10802,2309
10118,2310
5937,2311
5236,2312
1683,2313
14566,2314
309,2315
1028,2316
22386,2317
12062,2318
17501,2319
3116,2320
2395,2321
17495,2322
22505,2323
5938,2324
3828,2325
18267,2326
22475,2327
3216,2328
5333,2329
23234,2330
13651,2331
12853,2332
1676,2333
5231,2334
5939,2335
20655,2336
3061,2337
3754,2338
5942,2339
21483,2340
13797,2341
4581,2342
5283,2343
5944,2344
5949,2345
18323,2346
20681,2347
21502,2348
1681,2349
12960,2350
10137,2351
10821,2352
5951,2353
5952,2354
18330,2355
5238,2356
2393,2357
10727,2358
18462,2359
5956,2360
22343,2361
2392,2362
1618,2363
5165,2364
10034,2365
21676,2366
15367,2367
2098,2368
5959,2369
10834,2370
21517,2371
2386,2372
5960,2373
3927,2374
3218,2375
5965,2376
1067,2377
24167,2378
5969,2379
5281,2380
18745,2381
5971,2382
274,2383
12081,2384
19071,2385
19561,2386
5980,2387
5981,2388
20726,2389
5982,2390
23257,2391
5984,2392
3833,2393
5987,2394
5988,2395
23287,2396
5995,2397
19163,2398
5996,2399
19127,2400
5997,2401
14478,2402
6,2403
178,2404
1705,2405
2424,2406
20670,2407
24033,2408
2337,2409
1617,2410
6003,2411
12112,2412
6005,2413
3689,2414
20351,2415
6010,2416
19136,2417
6014,2418
6018,2419
23312,2420
6019,2421
23296,2422
6022,2423
6023,2424
6026,2425
18342,2426
6029,2427
17526,2428
20345,2429
6035,2430
10615,2431
6090,2432
18056,2433
18855,2434
16500,2435
16088,2436
302,2437
2421,2438
6226,2439
5519,2440
12653,2441
10208,2442
23885,2443
6334,2444
4958,2445
19177,2446
6336,2447
6339,2448
6342,2449
12947,2450
5338,2451
22420,2452
6346,2453
17317,2454
16057,2455
2519,2456
19943,2457
6354,2458
6362,2459
6363,2460
15292,2461
6364,2462
21636,2463
3903,2464
21518,2465
6370,2466
3856,2467
22544,2468
13727,2469
6371,2470
21642,2471
6372,2472
20791,2473
16880,2474
14116,2475
10646,2476
6395,2477
13000,2478
5989,2479
16792,2480
6398,2481
6400,2482
6405,2483
5630,2484
6419,2485
6426,2486
21643,2487
4603,2488
13714,2489
6441,2490
645,2491
10447,2492
6483,2493
18426,2494
10756,2495
3738,2496
6484,2497
2427,2498
6485,2499
13750,2500
2501,2501
15285,2502
6488,2503
19204,2504
6490,2505
2936,2506
20817,2507
6514,2508
6516,2509
6539,2510
13817,2511
21422,2512
20024,2513
20026,2514
17521,2515
15365,2516
146,2517
20827,2518
17841,2519
3045,2520
40,2521
5819,2522
15401,2523
5779,2524
6584,2525
6585,2526
19227,2527
21679,2528
6631,2529
6633,2530
6635,2531
6637,2532
17527,2533
15997,2534
15238,2535
19070,2536
17585,2537
1032,2538
313,2539
6638,2540
6652,2541
3160,2542
21551,2543
6653,2544
3865,2545
21533,2546
15998,2547
6664,2548
12877,2549
6665,2550
6666,2551
22403,2552
6668,2553
6671,2554
6672,2555
15277,2556
6680,2557
1699,2558
6683,2559
5999,2560
24103,2561
12063,2562
12857,2563
22327,2564
2394,2565
24015,2566
21649,2567
10124,2568
19592,2569
6685,2570
6001,2571
6686,2572
6687,2573
14505,2574
6689,2575
12093,2576
22853,2577
6690,2578
18355,2579
6691,2580
16791,2581
6692,2582
12134,2583
6693,2584
6696,2585
6698,2586
67,2587
670,2588
6701,2589
12137,2590
6702,2591
22399,2592
6705,2593
6707,2594
6708,2595
6024,2596
6713,2597
18357,2598
6714,2599
18350,2600
68,2601
699,2602
22471,2603
7,2604
182,2605
70,2606
700,2607
18392,2608
19237,2609
24091,2610
24110,2611
14449,2612
13659,2613
19067,2614
15313,2615
1055,2616
336,2617
7005,2618
7015,2619
7038,2620
22212,2621
23355,2622
1048,2623
2800,2624
7053,2625
7056,2626
16090,2627
300,2628
21601,2629
7058,2630
7064,2631
7069,2632
4277,2633
24222,2634
2484,2635
23313,2636
707,2637
1429,2638
5720,2639
20782,2640
343,2641
21532,2642
1371,2643
7075,2644
13735,2645
6719,2646
19907,2647
10659,2648
7077,2649
12182,2650
4596,2651
13705,2652
7078,2653
4566,2654
10781,2655
22431,2656
7081,2657
7076,2658
16056,2659
710,2660
7107,2661
7109,2662
15306,2663
5323,2664
20738,2665
7111,2666
19995,2667
3896,2668
24171,2669
712,2670
4304,2671
18377,2672
10145,2673
12085,2674
7124,2675
2888,2676
19229,2677
5976,2678
19107,2679
7125,2680
4323,2681
5957,2682
7126,2683
14396,2684
6647,2685
15374,2686
12912,2687
7128,2688
6444,2689
10508,2690
24225,2691
7144,2692
7146,2693
15926,2694
6646,2695
16884,2696
17550,2697
7157,2698
5052,2699
11195,2700
12199,2701
7161,2702
5058,2703
1440,2704
19974,2705
7162,2706
7169,2707
24201,2708
1064,2709
12121,2710
7176,2711
7179,2712
2203,2713
18372,2714
1085,2715
23273,2716
7181,2717
1478,2718
19172,2719
367,2720
12110,2721
7190,2722
72,2723
7201,2724
7206,2725
6522,2726
4358,2727
17579,2728
2480,2729
23298,2730
7224,2731
19555,2732
7241,2733
1162,2734
7257,2735
11396,2736
4909,2737
7268,2738
22531,2739
21678,2740
7279,2741
6595,2742
4441,2743
20023,2744
17629,2745
21166,2746
7280,2747
7283,2748
7285,2749
7312,2750
16807,2751
7313,2752
22306,2753
16084,2754
5294,2755
4592,2756
22389,2757
13657,2758
14448,2759
5923,2760
5222,2761
21452,2762
12180,2763
7316,2764
19068,2765
21633,2766
6699,2767
6015,2768
7319,2769
7321,2770
7325,2771
7329,2772
14615,2773
18361,2774
7332,2775
19241,2776
14488,2777
7337,2778
3155,2779
19935,2780
18280,2781
7338,2782
23396,2783
20831,2784
18337,2785
13663,2786
19072,2787
1987,2788
14939,2789
22337,2790
12212,2791
24178,2792
14605,2793
210,2794
2444,2795
1721,2796
3135,2797
12064,2798
14447,2799
1677,2800
7339,2801
10161,2802
12087,2803
12143,2804
194,2805
7315,2806
7343,2807
19902,2808
11342,2809
7348,2810
19137,2811
7349,2812
19135,2813
7350,2814
22452,2815
7362,2816
14515,2817
7363,2818
7003,2819
5731,2820
7365,2821
7367,2822
311,2823
7368,2824
18299,2825
15248,2826
22869,2827
19562,2828
7371,2829
18308,2830
7372,2831
5255,2832
7373,2833
2176,2834
5631,2835
7379,2836
23260,2837
7380,2838
20725,2839
7381,2840
19128,2841
7383,2842
18315,2843
16749,2844
17502,2845
4517,2846
7388,2847
23305,2848
7389,2849
21547,2850
7392,2851
12090,2852
21488,2853
22341,2854
21454,2855
24017,2856
5221,2857
7324,2858
6711,2859
22882,2860
7394,2861
18331,2862
19090,2863
7398,2864
16786,2865
7399,2866
23275,2867
7403,2868
13701,2869
7404,2870
12120,2871
741,2872
6428,2873
19201,2874
1759,2875
14466,2876
749,2877
720,2878
18404,2879
1033,2880
16010,2881
7538,2882
12573,2883
759,2884
23326,2885
10838,2886
22418,2887
762,2888
16065,2889
4620,2890
24154,2891
765,2892
15322,2893
7375,2894
18352,2895
7671,2896
7694,2897
7707,2898
7709,2899
7716,2900
7724,2901
22470,2902
7730,2903
7739,2904
774,2905
7742,2906
1404,2907
22478,2908
5325,2909
12922,2910
7745,2911
4290,2912
18162,2913
15352,2914
7752,2915
5273,2916
16876,2917
11343,2918
778,2919
7785,2920
17424,2921
12980,2922
3887,2923
22381,2924
5948,2925
19876,2926
15995,2927
5233,2928
16082,2929
7786,2930
2429,2931
3220,2932
24076,2933
7792,2934
20811,2935
3880,2936
19892,2937
780,2938
7808,2939
719,2940
21646,2941
7809,2942
7827,2943
7149,2944
6431,2945
12220,2946
6663,2947
20757,2948
7837,2949
7849,2950
6649,2951
346,2952
14490,2953
7854,2954
14578,2955
3879,2956
23303,2957
786,2958
787,2959
7870,2960
1480,2961
19174,2962
365,2963
23283,2964
7892,2965
79,2966
7907,2967
7916,2968
7235,2969
2995,2970
5271,2971
7917,2972
18380,2973
18008,2974
3926,2975
23264,2976
23189,2977
22338,2978
22324,2979
793,2980
5068,2981
15310,2982
1063,2983
18354,2984
7952,2985
13813,2986
18429,2987
14922,2988
7970,2989
7998,2990
1663,2991
18388,2992
3911,2993
7692,2994
7999,2995
8,2996
183,2997
5954,2998
3845,2999
21489,3000
18263,3001
5864,3002
8000,3003
21474,3004
8001,3005
8002,3006
8005,3007
8007,3008
8008,3009
10147,3010
13707,3011
8010,3012
3214,3013
13723,3014
8014,3015
18439,3016
23278,3017
8015,3018
20037,3019
16042,3020
8016,3021
8019,3022
8021,3023
21682,3024
19234,3025
17531,3026
13662,3027
21594,3028
16875,3029
229,3030
102,3031
8025,3032
218,3033
8026,3034
2939,3035
8027,3036
17549,3037
8031,3038
20730,3039
8032,3040
24117,3041
8034,3042
14494,3043
8035,3044
19102,3045
8036,3046
6639,3047
16765,3048
8037,3049
8038,3050
24102,3051
8042,3052
24161,3053
8043,3054
19949,3055
8045,3056
19160,3057
8046,3058
4925,3059
8047,3060
5249,3061
7320,3062
6632,3063
7317,3064
3121,3065
20003,3066
6000,3067
6684,3068
8048,3069
19906,3070
18275,3071
17497,3072
18252,3073
24019,3074
18249,3075
14560,3076
1754,3077
12566,3078
8053,3079
22430,3080
8054,3081
20740,3082
8055,3083
10914,3084
12891,3085
13816,3086
10240,3087
10923,3088
10036,3089
1158,3090
13099,3091
13117,3092
13910,3093
12046,3094
13919,3095
14711,3096
150,3097
15207,3098
15453,3099
15465,3100
13633,3101
15472,3102
15474,3103
15475,3104
16205,3105
1633,3106
1661,3107
167,3108
16976,3109
16979,3110
175,3111
176,3112
17704,3113
17720,3114
18501,3115
18514,3116
18227,3117
18518,3118
10058,3119
18527,3120
1880,3121
19045,3122
19305,3123
19313,3124
19316,3125
14429,3126
19322,3127
19809,3128
19856,3129
20110,3130
20117,3131
10745,3132
20119,3133
20126,3134
203,3135
204,3136
20635,3137
20667,3138
20674,3139
11028,3140
15793,3141
20898,3142
16740,3143
20911,3144
20912,3145
10747,3146
20913,3147
20923,3148
20924,3149
1644,3150
20925,3151
22289,3152
22304,3153
22602,3154
22301,3155
22747,3156
22092,3157
23133,3158
23138,3159
233,3160
106,3161
23459,3162
2346,3163
23483,3164
23485,3165
2355,3166
2370,3167
240,3168
110,3169
244,3170
111,3171
246,3172
113,3173
2478,3174
10917,3175
1755,3176
10232,3177
13887,3178
13888,3179
14683,3180
15445,3181
15446,3182
16049,3183
15290,3184
10237,3185
10238,3186
10243,3187
10245,3188
10055,3189
10247,3190
10248,3191
10935,3192
1163,3193
1167,3194
12329,3195
13101,3196
13114,3197
13122,3198
14689,3199
15221,3200
15466,3201
15969,3202
16716,3203
16971,3204
15211,3205
17718,3206
17728,3207
18503,3208
18504,3209
1868,3210
15980,3211
1876,3212
1877,3213
19304,3214
19327,3215
19328,3216
19329,3217
19825,3218
19826,3219
19838,3220
19839,3221
19855,3222
20124,3223
21445,3224
21468,3225
21764,3226
10749,3227
22618,3228
23170,3229
23241,3230
16874,3231
10244,3232
10246,3233
10250,3234
11537,3235
11539,3236
11540,3237
1166,3238
1168,3239
1169,3240
1170,3241
13123,3242
13125,3243
13915,3244
10744,3245
144,3246
145,3247
154,3248
15451,3249
1609,3250
16227,3251
16974,3252
1652,3253
16977,3254
174,3255
17462,3256
18502,3257
187,3258
1870,3259
1874,3260
1878,3261
1882,3262
1625,3263
19319,3264
19326,3265
19820,3266
20100,3267
1659,3268
20101,3269
20102,3270
20116,3271
19027,3272
1804,3273
17476,3274
17925,3275
20607,3276
213,3277
214,3278
21432,3279
21750,3280
20639,3281
21763,3282
15212,3283
21775,3284
222,3285
22287,3286
223,3287
22613,3288
22626,3289
23140,3290
23150,3291
23152,3292
23154,3293
23470,3294
15974,3295
23486,3296
2356,3297
239,3298
109,3299
23994,3300
24008,3301
249,3302
116,3303
251,3304
118,3305
254,3306
121,3307
255,3308
122,3309
2592,3310
2595,3311
11421,3312
2596,3313
1612,3314
2597,3315
2598,3316
10048,3317
2601,3318
14421,3319
2604,3320
1626,3321
2605,3322
262,3323
128,3324
268,3325
133,3326
3033,3327
18288,3328
1257,3329
18105,3330
10204,3331
19710,3332
20511,3333
14268,3334
21042,3335
22946,3336
23167,3337
10947,3338
1180,3339
1182,3340
13130,3341
13482,3342
13927,3343
14358,3344
16988,3345
18206,3346
18528,3347
18532,3348
12799,3349
18533,3350
16549,3351
1902,3352
20929,3353
15040,3354
20930,3355
20932,3356
21780,3357
15796,3358
22091,3359
22636,3360
18873,3361
2606,3362
2615,3363
3074,3364
3089,3365
3096,3366
3100,3367
3110,3368
3280,3369
21236,3370
3287,3371
12852,3372
3291,3373
19823,3374
3293,3375
19023,3376
3298,3377
1629,3378
3307,3379
1530,3380
3750,3381
3761,3382
3762,3383
3766,3384
3771,3385
3773,3386
3785,3387
38,3388
3801,3389
3806,3390
39,3391
3936,3392
3987,3393
3995,3394
3998,3395
4000,3396
4001,3397
4005,3398
1634,3399
4008,3400
11426,3401
4009,3402
10737,3403
4013,3404
4014,3405
11354,3406
4023,3407
12009,3408
4024,3409
20515,3410
4094,3411
21193,3412
435,3413
1658,3414
436,3415
437,3416
3087,3417
439,3418
44,3419
443,3420
3053,3421
4431,3422
4458,3423
4459,3424
4478,3425
4488,3426
4497,3427
4508,3428
4510,3429
4513,3430
4524,3431
4526,3432
10264,3433
10955,3434
1181,3435
1189,3436
11902,3437
13134,3438
13926,3439
14716,3440
13592,3441
15886,3442
15913,3443
16233,3444
16991,3445
16992,3446
15036,3447
18808,3448
1900,3449
19634,3450
19715,3451
19767,3452
20927,3453
22632,3454
13487,3455
3316,3456
12801,3457
3317,3458
23066,3459
4016,3460
18158,3461
458,3462
1529,3463
4641,3464
20650,3465
15226,3466
1601,3467
16987,3468
16698,3469
4696,3470
20433,3471
18029,3472
18828,3473
47,3474
4703,3475
3802,3476
4704,3477
20637,3478
4705,3479
20636,3480
4711,3481
4716,3482
4718,3483
4719,3484
4721,3485
4453,3486
4722,3487
10006,3488
4725,3489
3719,3490
4733,3491
5162,3492
5181,3493
5184,3494
13837,3495
3078,3496
3484,3497
5185,3498
5186,3499
5197,3500
5208,3501
5226,3502
5406,3503
19841,3504
11446,3505
15223,3506
15982,3507
5407,3508
2376,3509
5413,3510
17469,3511
5415,3512
22285,3513
15386,3514
2367,3515
12026,3516
5416,3517
4483,3518
5419,3519
2352,3520
5347,3521
5420,3522
20612,3523
5421,3524
5422,3525
5438,3526
20513,3527
5439,3528
5812,3529
5854,3530
5868,3531
5874,3532
5875,3533
5879,3534
5898,3535
59,3536
5907,3537
5909,3538
598,3539
23707,3540
1317,3541
14167,3542
2034,3543
11785,3544
10302,3545
6081,3546
14271,3547
13480,3548
18102,3549
12222,3550
2432,3551
1695,3552
23199,3553
6096,3554
3109,3555
6097,3556
24028,3557
6110,3558
5862,3559
6112,3560
5863,3561
18449,3562
1615,3563
6115,3564
19016,3565
6116,3566
5860,3567
6117,3568
6120,3569
3736,3570
22551,3571
19010,3572
10020,3573
1593,3574
18719,3575
6210,3576
17295,3577
16948,3578
12691,3579
11900,3580
15035,3581
14531,3582
64,3583
6402,3584
65,3585
6510,3586
6587,3587
6599,3588
66,3589
6602,3590
6603,3591
6608,3592
6611,3593
6624,3594
6626,3595
6710,3596
24135,3597
17735,3598
16545,3599
3304,3600
3059,3601
6724,3602
18243,3603
19043,3604
6781,3605
3111,3606
6782,3607
22319,3608
6783,3609
2389,3610
6794,3611
12044,3612
6795,3613
20613,3614
6798,3615
6804,3616
11418,3617
6805,3618
2331,3619
6813,3620
20566,3621
6822,3622
15800,3623
6824,3624
12648,3625
7021,3626
1125,3627
12289,3628
13869,3629
19759,3630
20560,3631
14349,3632
22481,3633
4997,3634
1411,3635
4986,3636
19189,3637
4616,3638
19909,3639
22854,3640
5318,3641
12821,3642
4219,3643
5667,3644
18115,3645
22208,3646
12160,3647
21691,3648
19914,3649
23705,3650
7234,3651
7282,3652
7293,3653
13832,3654
11429,3655
4203,3656
5561,3657
651,3658
4152,3659
22082,3660
4860,3661
15719,3662
73,3663
7302,3664
7308,3665
7336,3666
7473,3667
20652,3668
7483,3669
4457,3670
7488,3671
21426,3672
7489,3673
4469,3674
7492,3675
3746,3676
16152,3677
5159,3678
6330,3679
11387,3680
7494,3681
7503,3682
22046,3683
7508,3684
13591,3685
7510,3686
10476,3687
7965,3688
7967,3689
20046,3690
5163,3691
2309,3692
3032,3693
7968,3694
7973,3695
7974,3696
7986,3697
8056,3698
19911,3699
23714,3700
8057,3701
22450,3702
17714,3703
16725,3704
8058,3705
24160,3706
22628,3707
3783,3708
16142,3709
23136,3710
4204,3711
21054,3712
21151,3713
4855,3714
11786,3715
5556,3716
14168,3717
6850,3718
8059,3719
15288,3720
8061,3721
18329,3722
8062,3723
21552,3724
8063,3725
4555,3726
8064,3727
22402,3728
8065,3729
21519,3730
8066,3731
14612,3732
5947,3733
15232,3734
17503,3735
4516,3736
3809,3737
2381,3738
13751,3739
3202,3740
17980,3741
8067,3742
7384,3743
10229,3744
1669,3745
8071,3746
15281,3747
8075,3748
2513,3749
12885,3750
19073,3751
18273,3752
21475,3753
24037,3754
5922,3755
6641,3756
10149,3757
20376,3758
8076,3759
24099,3760
19871,3761
15988,3762
21473,3763
3114,3764
8080,3765
10265,3766
14147,3767
8081,3768
17537,3769
8083,3770
6027,3771
20714,3772
19915,3773
1383,3774
8087,3775
20749,3776
15467,3777
16720,3778
8091,3779
3134,3780
7947,3781
8100,3782
6617,3783
18724,3784
8139,3785
13449,3786
15772,3787
13446,3788
18408,3789
307,3790
23228,3791
8152,3792
21467,3793
8154,3794
3814,3795
8155,3796
21465,3797
8165,3798
22282,3799
8167,3800
5164,3801
8173,3802
8174,3803
2329,3804
8176,3805
2344,3806
8177,3807
4446,3808
8183,3809
23978,3810
8221,3811
8280,3812
12558,3813
829,3814
13808,3815
2433,3816
22411,3817
13132,3818
8372,3819
838,3820
8382,3821
18103,3822
17576,3823
2486,3824
17942,3825
8385,3826
18112,3827
13008,3828
8386,3829
13742,3830
6025,3831
12902,3832
8390,3833
20525,3834
12183,3835
1752,3836
23286,3837
10924,3838
7281,3839
8397,3840
1121,3841
13879,3842
2152,3843
1426,3844
7039,3845
6355,3846
15848,3847
4571,3848
14606,3849
22377,3850
8180,3851
8404,3852
8412,3853
3564,3854
8413,3855
22497,3856
6008,3857
19956,3858
8424,3859
7743,3860
684,3861
15319,3862
10130,3863
20755,3864
8441,3865
8442,3866
845,3867
2257,3868
1533,3869
20994,3870
2214,3871
16920,3872
20081,3873
14347,3874
3863,3875
195,3876
5025,3877
6656,3878
161,3879
53,3880
6396,3881
676,3882
6340,3883
21344,3884
22200,3885
15026,3886
15024,3887
17281,3888
5970,3889
19225,3890
10074,3891
13682,3892
18274,3893
19074,3894
5465,3895
18810,3896
7748,3897
80,3898
8340,3899
8408,3900
15117,3901
5680,3902
15112,3903
14326,3904
3860,3905
10073,3906
19063,3907
22323,3908
24254,3909
3158,3910
23229,3911
2653,3912
5476,3913
8472,3914
20009,3915
4586,3916
12142,3917
8474,3918
10068,3919
7346,3920
14520,3921
8476,3922
20020,3923
7344,3924
23304,3925
8493,3926
8498,3927
8506,3928
8516,3929
7835,3930
8471,3931
14555,3932
5303,3933
12876,3934
8532,3935
7331,3936
2502,3937
23281,3938
8170,3939
8534,3940
18400,3941
1042,3942
21595,3943
18513,3944
8539,3945
21720,3946
12832,3947
4661,3948
11276,3949
6492,3950
6519,3951
23443,3952
16608,3953
17359,3954
13536,3955
24185,3956
10160,3957
16016,3958
7129,3959
1962,3960
12778,3961
2873,3962
4791,3963
3577,3964
7847,3965
24186,3966
8540,3967
855,3968
8558,3969
11262,3970
16818,3971
5322,3972
14501,3973
856,3974
8569,3975
8583,3976
8596,3977
16852,3978
285,3979
22390,3980
6121,3981
20605,3982
17657,3983
4429,3984
3721,3985
86,3986
8602,3987
8621,3988
8628,3989
8633,3990
7950,3991
6567,3992
19219,3993
8635,3994
14601,3995
17630,3996
15682,3997
6929,3998
14128,3999
7613,4000
13335,4001
8297,4002
12538,4003
3420,4004
14919,4005
8636,4006
18424,4007
19231,4008
7689,4009
10379,4010
8638,4011
8639,4012
8642,4013
12258,4014
23482,4015
8192,4016
2828,4017
10325,4018
6875,4019
8423,4020
16179,4021
4287,4022
4998,4023
20568,4024
8630,4025
17653,4026
16702,4027
14644,4028
11344,4029
3940,4030
1505,4031
381,4032
6557,4033
16277,4034
21112,4035
3687,4036
18587,4037
6579,4038
10680,4039
6590,4040
11568,4041
19609,4042
816,4043
4775,4044
19511,4045
5071,4046
8242,4047
20309,4048
17888,4049
5701,4050
18478,4051
690,4052
8339,4053
21938,4054
10477,4055
18474,4056
8488,4057
18197,4058
3620,4059
8644,4060
22314,4061
10724,4062
8648,4063
7964,4064
4440,4065
13020,4066
19232,4067
4234,4068
8649,4069
16906,4070
2330,4071
10699,4072
10013,4073
6235,4074
22908,4075
8651,4076
12575,4077
16342,4078
15711,4079
6571,4080
8652,4081
15394,4082
6597,4083
11388,4084
10703,4085
8653,4086
8658,4087
18446,4088
4473,4089
14900,4090
8668,4091
8683,4092
24048,4093
16854,4094
10088,4095
10772,4096
23244,4097
12065,4098
12859,4099
3811,4100
5925,4101
24016,4102
13791,4103
5991,4104
11779,4105
6227,4106
6912,4107
15011,4108
8685,4109
1679,4110
18379,4111
1791,4112
2514,4113
7475,4114
4522,4115
8686,4116
24043,4117
21634,4118
6697,4119
6013,4120
13094,4121
869,4122
1589,4123
10370,4124
17761,4125
8690,4126
1082,4127
20742,4128
6801,4129
8693,4130
3922,4131
12895,4132
13693,4133
13666,4134
21498,4135
21477,4136
24196,4137
5335,4138
4633,4139
6784,4140
19854,4141
8694,4142
8696,4143
19242,4144
19146,4145
87,4146
8704,4147
193,4148
78,4149
8709,4150
8710,4151
14480,4152
15485,4153
8599,4154
8716,4155
19933,4156
8717,4157
8687,4158
8719,4159
14485,4160
13695,4161
14460,4162
15244,4163
24047,4164
14585,4165
284,4166
1003,4167
8153,4168
22321,4169
8720,4170
13726,4171
8721,4172
13681,4173
8722,4174
16014,4175
8724,4176
10773,4177
7471,4178
3817,4179
16887,4180
17496,4181
5229,4182
18566,4183
23146,4184
14751,4185
19362,4186
2625,4187
6169,4188
8725,4189
8728,4190
22383,4191
4702,4192
14438,4193
8729,4194
5945,4195
22395,4196
15994,4197
13660,4198
3122,4199
7333,4200
286,4201
1005,4202
11513,4203
22299,4204
8730,4205
10779,4206
5245,4207
12860,4208
22315,4209
10261,4210
1585,4211
20853,4212
5839,4213
5137,4214
2994,4215
15358,4216
22539,4217
12893,4218
23200,4219
4724,4220
865,4221
8732,4222
23277,4223
19335,4224
13486,4225
8175,4226
2341,4227
8733,4228
13597,4229
23708,4230
8734,4231
18356,4232
13911,4233
20627,4234
8739,4235
8003,4236
874,4237
1594,4238
1587,4239
21631,4240
5315,4241
4613,4242
20708,4243
8740,4244
24176,4245
8741,4246
5953,4247
8742,4248
20732,4249
8743,4250
7685,4251
11332,4252
8745,4253
23270,4254
24132,4255
20680,4256
15243,4257
1682,4258
12982,4259
2470,4260
1747,4261
8746,4262
12930,4263
8747,4264
23282,4265
8748,4266
18300,4267
8753,4268
21516,4269
1156,4270
22302,4271
12240,4272
24012,4273
18245,4274
8755,4275
24148,4276
6113,4277
3057,4278
8757,4279
12882,4280
1892,4281
19058,4282
18441,4283
3743,4284
18258,4285
10725,4286
8591,4287
8758,4288
20759,4289
20111,4290
6616,4291
8759,4292
13715,4293
13918,4294
10746,4295
8760,4296
14502,4297
4002,4298
7290,4299
8761,4300
21578,4301
8762,4302
18358,4303
8763,4304
22407,4305
8764,4306
22405,4307
8765,4308
2423,4309
8766,4310
14504,4311
8767,4312
21528,4313
16745,4314
17498,4315
4528,4316
3821,4317
17494,4318
22483,4319
342,4320
16457,4321
8769,4322
8771,4323
12936,4324
8772,4325
15278,4326
8775,4327
1691,4328
8779,4329
14473,4330
3993,4331
7994,4332
8782,4333
16032,4334
18530,4335
8439,4336
8783,4337
16785,4338
12335,4339
17294,4340
8784,4341
11761,4342
8785,4343
11208,4344
2082,4345
8787,4346
14491,4347
445,4348
3070,4349
8788,4350
16038,4351
17719,4352
17473,4353
16139,4354
12840,4355
2793,4356
23626,4357
19547,4358
22768,4359
15717,4360
3447,4361
16473,4362
6853,4363
8789,4364
14486,4365
7856,4366
6055,4367
4362,4368
3653,4369
8530,4370
23324,4371
10840,4372
24131,4373
8793,4374
19108,4375
1569,4376
8794,4377
12899,4378
8797,4379
21459,4380
20654,4381
16736,4382
18542,4383
21813,4384
8798,4385
24023,4386
21460,4387
17732,4388
467,4389
2946,4390
7871,4391
882,4392
17554,4393
16005,4394
16759,4395
10252,4396
10939,4397
1173,4398
1174,4399
1582,4400
15985,4401
10263,4402
1187,4403
13127,4404
1600,4405
11562,4406
14730,4407
1540,4408
16247,4409
10663,4410
17730,4411
17744,4412
17748,4413
1539,4414
17751,4415
11346,4416
18205,4417
18550,4418
1886,4419
1893,4420
15955,4421
1896,4422
20048,4423
20130,4424
20854,4425
21802,4426
22646,4427
22660,4428
1537,4429
2298,4430
13057,4431
19004,4432
23503,4433
11353,4434
23510,4435
2608,4436
21419,4437
2985,4438
2992,4439
3313,4440
3691,4441
3717,4442
4399,4443
13854,4444
459,4445
2299,4446
461,4447
466,4448
5103,4449
5425,4450
3692,4451
23427,4452
2269,4453
1546,4454
2256,4455
10753,4456
5428,4457
15196,4458
5431,4459
4398,4460
15406,4461
5432,4462
6542,4463
13061,4464
10664,4465
6731,4466
6807,4467
17457,4468
6808,4469
6814,4470
3023,4471
19258,4472
2300,4473
1580,4474
6816,4475
7225,4476
7231,4477
16115,4478
11441,4479
7502,4480
21420,4481
7906,4482
7932,4483
808,4484
819,4485
2986,4486
820,4487
16914,4488
2264,4489
821,4490
811,4491
16116,4492
12234,4493
22537,4494
23216,4495
12353,4496
17625,4497
147,4498
41,4499
7226,4500
7322,4501
6629,4502
1270,4503
22887,4504
3306,4505
7314,4506
21484,4507
13005,4508
824,4509
8587,4510
8588,4511
7905,4512
11338,4513
13018,4514
20830,4515
23213,4516
12229,4517
13148,4518
23395,4519
23261,4520
21497,4521
19885,4522
2402,4523
20016,4524
1720,4525
2443,4526
24096,4527
19870,4528
19075,4529
1664,4530
264,4531
130,4532
3690,4533
8589,4534
1531,4535
16868,4536
13820,4537
11440,4538
22387,4539
15989,4540
16747,4541
17071,4542
16318,4543
11856,4544
19866,4545
13798,4546
10771,4547
10087,4548
18314,4549
13654,4550
12856,4551
22308,4552
23158,4553
19845,4554
17600,4555
24077,4556
16121,4557
137,4558
31,4559
5285,4560
4946,4561
860,4562
20856,4563
5131,4564
4425,4565
10675,4566
16117,4567
22533,4568
12091,4569
10948,4570
23202,4571
19089,4572
19863,4573
19989,4574
5311,4575
4609,4576
15257,4577
20666,4578
19868,4579
23159,4580
22309,4581
19843,4582
23342,4583
23400,4584
15700,4585
861,4586
8615,4587
12264,4588
6564,4589
7248,4590
832,4591
16867,4592
23397,4593
8616,4594
13849,4595
10011,4596
886,4597
8863,4598
18259,4599
5342,4600
6628,4601
19059,4602
17488,4603
8864,4604
5930,4605
8873,4606
17467,4607
8874,4608
2365,4609
8876,4610
4470,4611
8877,4612
19015,4613
8881,4614
22279,4615
8882,4616
7284,4617
11460,4618
7969,4619
22074,4620
2313,4621
10294,4622
17449,4623
379,4624
8356,4625
8884,4626
8885,4627
5149,4628
8887,4629
5853,4630
889,4631
20846,4632
3052,4633
7604,4634
21200,4635
7940,4636
10720,4637
18567,4638
20165,4639
7608,4640
8894,4641
19007,4642
23414,4643
19807,4644
20606,4645
892,4646
20845,4647
2332,4648
4743,4649
7254,4650
14752,4651
5471,4652
7542,4653
7938,4654
8931,4655
14084,4656
15627,4657
21415,4658
18470,4659
895,4660
896,4661
5147,4662
5973,4663
16877,4664
22870,4665
10253,4666
12333,4667
15953,4668
2263,4669
23416,4670
8614,4671
7931,4672
7232,4673
13812,4674
897,4675
5865,4676
10721,4677
24255,4678
16124,4679
22871,4680
10254,4681
4727,4682
5830,4683
13850,4684
4422,4685
2297,4686
11359,4687
6544,4688
8702,4689
20833,4690
24090,4691
10950,4692
3127,4693
2406,4694
1680,4695
5261,4696
1075,4697
4632,4698
19912,4699
15231,4700
23195,4701
14440,4702
20645,4703
2380,4704
13739,4705
8084,4706
16455,4707
8976,4708
23063,4709
8136,4710
17293,4711
16543,4712
16542,4713
6642,4714
8082,4715
17536,4716
14720,4717
23925,4718
450,4719
6598,4720
16150,4721
898,4722
23789,4723
6577,4724
7672,4725
8996,4726
9,4727
190,4728
19167,4729
18366,4730
90,4731
902,4732
9066,4733
15144,4734
6551,4735
907,4736
9072,4737
6245,4738
10436,4739
6930,4740
9080,4741
23354,4742
2487,4743
22413,4744
23268,4745
16758,4746
17511,4747
3120,4748
14545,4749
7385,4750
8068,4751
8865,4752
1670,4753
9089,4754
9094,4755
16055,4756
5340,4757
12883,4758
13100,4759
3099,4760
91,4761
9101,4762
15335,4763
1015,4764
12914,4765
14712,4766
10743,4767
9113,4768
19985,4769
1774,4770
16031,4771
16981,4772
3765,4773
19247,4774
5178,4775
15636,4776
9121,4777
6392,4778
19170,4779
13824,4780
2259,4781
9138,4782
5974,4783
16122,4784
5244,4785
1567,4786
914,4787
15661,4788
9153,4789
12176,4790
4600,4791
22443,4792
9156,4793
22519,4794
10106,4795
7318,4796
9164,4797
11192,4798
18399,4799
2481,4800
13697,4801
449,4802
16711,4803
9165,4804
917,4805
9192,4806
12817,4807
15354,4808
92,4809
9208,4810
2891,4811
19206,4812
314,4813
21511,4814
3994,4815
19042,4816
10851,4817
18242,4818
17491,4819
10715,4820
11400,4821
867,4822
21653,4823
1035,4824
4594,4825
22385,4826
24058,4827
20657,4828
13133,4829
8194,4830
11370,4831
17663,4832
5115,4833
4409,4834
5108,4835
13016,4836
12236,4837
15265,4838
13925,4839
24060,4840
8600,4841
23425,4842
7236,4843
10681,4844
3694,4845
14598,4846
13822,4847
21556,4848
22347,4849
6138,4850
6552,4851
9214,4852
23325,4853
9218,4854
12952,4855
1779,4856
24146,4857
8169,4858
1636,4859
18445,4860
3077,4861
1447,4862
9219,4863
17571,4864
4619,4865
13700,4866
9220,4867
16066,4868
4618,4869
18351,4870
1157,4871
21429,4872
14629,4873
3082,4874
8359,4875
20254,4876
23712,4877
21055,4878
13374,4879
21907,4880
12577,4881
16263,4882
9221,4883
14557,4884
5301,4885
13712,4886
4713,4887
23993,4888
9226,4889
13789,4890
6676,4891
21586,4892
18519,4893
5904,4894
923,4895
9239,4896
9243,4897
9245,4898
9249,4899
4356,4900
21625,4901
18437,4902
19945,4903
4714,4904
18217,4905
17646,4906
23991,4907
3497,4908
23631,4909
7687,4910
21068,4911
13376,4912
21920,4913
15720,4914
14747,4915
9266,4916
8533,4917
22482,4918
1777,4919
5946,4920
22849,4921
9279,4922
7167,4923
15359,4924
13028,4925
12235,4926
16028,4927
15235,4928
1666,4929
18293,4930
16873,4931
22653,4932
2248,4933
258,4934
125,4935
9284,4936
9286,4937
9287,4938
13019,4939
17631,4940
23393,4941
24073,4942
13022,4943
15494,4944
169,4945
61,4946
6541,4947
14646,4948
11349,4949
5805,4950
8004,4951
21496,4952
20684,4953
19865,4954
24235,4955
5998,4956
6682,4957
17525,4958
9299,4959
9308,4960
13003,4961
2446,4962
23223,4963
16006,4964
1891,4965
20361,4966
21163,4967
4011,4968
7243,4969
371,4970
11376,4971
10691,4972
9312,4973
9314,4974
9316,4975
843,4976
15328,4977
1029,4978
13688,4979
3125,4980
2404,4981
4525,4982
5650,4983
9328,4984
6548,4985
10070,4986
14609,4987
23238,4988
12069,4989
3126,4990
19864,4991
12166,4992
10819,4993
6012,4994
24101,4995
16748,4996
15990,4997
5932,4998
3820,4999
7501,5000
7933,5001
933,5002
19548,5003
20343,5004
4156,5005
19545,5006
4864,5007
18021,5008
5565,5009
18820,5010
22673,5011
9333,5012
14041,5013
9334,5014
9338,5015
17643,5016
19056,5017
18256,5018
20131,5019
10611,5020
23192,5021
10344,5022
12689,5023
16237,5024
11369,5025
18265,5026
10949,5027
11543,5028
11547,5029
12337,5030
12344,5031
14272,5032
15479,5033
16234,5034
16238,5035
16662,5036
16984,5037
12805,5038
17734,5039
14276,5040
18531,5041
18789,5042
1894,5043
19264,5044
20132,5045
19713,5046
20134,5047
20928,5048
21894,5049
13385,5050
22155,5051
22633,5052
12692,5053
22634,5054
23489,5055
17298,5056
23500,5057
18778,5058
2382,5059
17222,5060
23929,5061
23976,5062
2621,5063
3043,5064
1925,5065
3310,5066
15123,5067
4015,5068
17381,5069
4022,5070
4407,5071
4736,5072
5712,5073
6139,5074
6399,5075
6553,5076
6554,5077
6883,5078
15880,5079
13079,5080
20565,5081
19765,5082
17373,5083
22506,5084
3891,5085
12304,5086
7238,5087
4402,5088
12223,5089
13029,5090
23266,5091
12862,5092
15484,5093
10684,5094
7731,5095
840,5096
8895,5097
864,5098
18456,5099
2304,5100
18208,5101
2271,5102
17617,5103
23398,5104
16781,5105
12068,5106
2613,5107
1584,5108
8930,5109
9120,5110
9252,5111
9311,5112
9313,5113
934,5114
8804,5115
3092,5116
4205,5117
9345,5118
10029,5119
10698,5120
14563,5121
8754,5122
9350,5123
5272,5124
14607,5125
23728,5126
8889,5127
10010,5128
21706,5129
22274,5130
2301,5131
10674,5132
8903,5133
2261,5134
372,5135
817,5136
11345,5137
9014,5138
12535,5139
7616,5140
14126,5141
8300,5142
11743,5143
6932,5144
13330,5145
9351,5146
8022,5147
188,5148
74,5149
9353,5150
1212,5151
6162,5152
2224,5153
6736,5154
1500,5155
7191,5156
382,5157
6506,5158
11296,5159
10579,5160
17570,5161
3205,5162
21573,5163
3296,5164
2360,5165
936,5166
16892,5167
5206,5168
13317,5169
9362,5170
10046,5171
3732,5172
12227,5173
20028,5174
4939,5175
10940,5176
13251,5177
5642,5178
7247,5179
22557,5180
11380,5181
10695,5182
7911,5183
17618,5184
22538,5185
19901,5186
24068,5187
10256,5188
12078,5189
20659,5190
21620,5191
1790,5192
3925,5193
3133,5194
4535,5195
19869,5196
5933,5197
24036,5198
6627,5199
17559,5200
10833,5201
16454,5202
8185,5203
6563,5204
8190,5205
10661,5206
22569,5207
9012,5208
7007,5209
9294,5210
9365,5211
16151,5212
3749,5213
10016,5214
10702,5215
1222,5216
9367,5217
10051,5218
7953,5219
20824,5220
20027,5221
20364,5222
11065,5223
19566,5224
2607,5225
5129,5226
12265,5227
6135,5228
2262,5229
23428,5230
818,5231
1538,5232
7220,5233
17619,5234
17633,5235
13027,5236
20703,5237
19884,5238
19088,5239
10364,5240
11048,5241
23023,5242
3825,5243
14586,5244
4840,5245
6669,5246
5985,5247
19114,5248
17500,5249
12061,5250
19847,5251
19052,5252
20643,5253
15341,5254
4583,5255
22066,5256
669,5257
8179,5258
7497,5259
10670,5260
8248,5261
858,5262
3021,5263
833,5264
17621,5265
16879,5266
18305,5267
10262,5268
15245,5269
14461,5270
1578,5271
3119,5272
22490,5273
2491,5274
1768,5275
18309,5276
15227,5277
14442,5278
4529,5279
5232,5280
18248,5281
21628,5282
1061,5283
6324,5284
9013,5285
18765,5286
9370,5287
9380,5288
10064,5289
24020,5290
21457,5291
20642,5292
13771,5293
2476,5294
22901,5295
9381,5296
23727,5297
18762,5298
19407,5299
3423,5300
4421,5301
8304,5302
18204,5303
9383,5304
283,5305
7352,5306
24098,5307
12854,5308
12060,5309
19053,5310
23160,5311
18250,5312
16097,5313
3877,5314
668,5315
9385,5316
276,5317
13733,5318
9387,5319
15369,5320
19910,5321
5427,5322
16706,5323
20053,5324
7249,5325
6565,5326
8594,5327
9389,5328
231,5329
104,5330
9390,5331
16026,5332
5102,5333
21718,5334
11341,5335
10656,5336
10653,5337
5975,5338
10072,5339
24079,5340
18296,5341
21714,5342
4537,5343
13052,5344
3034,5345
22552,5346
5239,5347
24027,5348
21464,5349
3324,5350
13322,5351
4515,5352
22473,5353
7360,5354
22367,5355
7920,5356
3704,5357
11360,5358
4572,5359
8641,5360
10701,5361
4031,5362
15634,5363
495,5364
19515,5365
2770,5366
11205,5367
8707,5368
10233,5369
10920,5370
10921,5371
10922,5372
10927,5373
11514,5374
11515,5375
11519,5376
1152,5377
11521,5378
10050,5379
11528,5380
1172,5381
12302,5382
12307,5383
12308,5384
11423,5385
12310,5386
12312,5387
12314,5388
12315,5389
12323,5390
12324,5391
12325,5392
12846,5393
13096,5394
13103,5395
13110,5396
13119,5397
13120,5398
11430,5399
136,5400
13641,5401
13643,5402
13894,5403
13914,5404
14437,5405
14692,5406
10053,5407
14699,5408
14701,5409
14704,5410
14709,5411
15450,5412
15460,5413
15461,5414
162,5415
16213,5416
11416,5417
1628,5418
1651,5419
16718,5420
16733,5421
16951,5422
16952,5423
16955,5424
16956,5425
16959,5426
16960,5427
17711,5428
17716,5429
17717,5430
17722,5431
17723,5432
18215,5433
18222,5434
18234,5435
185,5436
18500,5437
18508,5438
18510,5439
10038,5440
18511,5441
18520,5442
1867,5443
12838,5444
19031,5445
191,5446
19325,5447
1640,5448
198,5449
20106,5450
17490,5451
20118,5452
16710,5453
20120,5454
202,5455
20620,5456
20630,5457
21431,5458
21433,5459
21462,5460
17508,5461
13962,5462
1469,5463
20974,5464
217,5465
21757,5466
11420,5467
21762,5468
21766,5469
12841,5470
21769,5471
21774,5472
21777,5473
22292,5474
22603,5475
22606,5476
1656,5477
22615,5478
15209,5479
22619,5480
1599,5481
22741,5482
14979,5483
10908,5484
13409,5485
14201,5486
12592,5487
20779,5488
1068,5489
13098,5490
21544,5491
232,5492
105,5493
2338,5494
2342,5495
23462,5496
16734,5497
23465,5498
23467,5499
10063,5500
23468,5501
23469,5502
23474,5503
23478,5504
14425,5505
23488,5506
2349,5507
23531,5508
2358,5509
23592,5510
11843,5511
2362,5512
23992,5513
24034,5514
10260,5515
10266,5516
10951,5517
10954,5518
1183,5519
12345,5520
12349,5521
13136,5522
13139,5523
13141,5524
13550,5525
13930,5526
13931,5527
13936,5528
13938,5529
1471,5530
14729,5531
1437,5532
14734,5533
14999,5534
15168,5535
15477,5536
11820,5537
15480,5538
15489,5539
15490,5540
16242,5541
16985,5542
16994,5543
16995,5544
16998,5545
17360,5546
17739,5547
11813,5548
17745,5549
18037,5550
18066,5551
18529,5552
18535,5553
11842,5554
18536,5555
12634,5556
18546,5557
10568,5558
18857,5559
18987,5560
19330,5561
11972,5562
19331,5563
14341,5564
19340,5565
16489,5566
19341,5567
19342,5568
19344,5569
14203,5570
20136,5571
20137,5572
20141,5573
14204,5574
20142,5575
20144,5576
20459,5577
20933,5578
21786,5579
13394,5580
21789,5581
11826,5582
21801,5583
15166,5584
22098,5585
22102,5586
22107,5587
22169,5588
22637,5589
14974,5590
22639,5591
19661,5592
22641,5593
22644,5594
15739,5595
22650,5596
2194,5597
22651,5598
22652,5599
22956,5600
22964,5601
22982,5602
22985,5603
23009,5604
23108,5605
23495,5606
20463,5607
23496,5608
21280,5609
23497,5610
23505,5611
17428,5612
23843,5613
23890,5614
250,5615
117,5616
253,5617
120,5618
256,5619
123,5620
2587,5621
2588,5622
16722,5623
263,5624
129,5625
2835,5626
2838,5627
30,5628
3062,5629
3067,5630
3083,5631
3281,5632
16727,5633
3282,5634
10062,5635
3284,5636
3289,5637
24007,5638
3396,5639
23901,5640
3780,5641
3794,5642
3796,5643
3997,5644
4006,5645
24013,5646
4018,5647
23920,5648
4020,5649
17364,5650
4026,5651
13401,5652
4249,5653
4253,5654
431,5655
11433,5656
4348,5657
4351,5658
4465,5659
4491,5660
4499,5661
451,5662
12848,5663
456,5664
465,5665
11885,5666
4700,5667
15967,5668
4709,5669
3775,5670
4729,5671
11872,5672
4738,5673
14194,5674
5031,5675
5156,5676
5158,5677
5170,5678
5195,5679
5202,5680
5390,5681
12663,5682
11870,5683
12661,5684
19196,5685
331,5686
23306,5687
1186,5688
23476,5689
54,5690
5400,5691
19828,5692
5402,5693
20622,5694
5403,5695
5409,5696
5417,5697
10741,5698
5423,5699
5217,5700
5433,5701
14247,5702
5656,5703
5736,5704
5858,5705
5869,5706
5870,5707
5890,5708
5897,5709
6045,5710
4484,5711
6109,5712
1646,5713
6111,5714
5883,5715
6118,5716
19840,5717
6127,5718
23004,5719
6319,5720
22843,5721
23628,5722
22846,5723
21917,5724
17973,5725
22770,5726
18772,5727
22756,5728
1360,5729
6477,5730
6604,5731
6610,5732
6613,5733
6618,5734
674,5735
6789,5736
3079,5737
6817,5738
12612,5739
7016,5740
71,5741
714,5742
7163,5743
10179,5744
7276,5745
7292,5746
7297,5747
7299,5748
7307,5749
7465,5750
13429,5751
14221,5752
15749,5753
7335,5754
3870,5755
10937,5756
12096,5757
17736,5758
7305,5759
7476,5760
7477,5761
5190,5762
7478,5763
10056,5764
7486,5765
5218,5766
76,5767
7961,5768
7978,5769
7981,5770
7996,5771
8162,5772
1624,5773
8186,5774
21274,5775
8187,5776
18849,5777
83,5778
85,5779
8523,5780
3247,5781
8525,5782
3639,5783
8656,5784
8663,5785
8669,5786
8708,5787
12105,5788
3009,5789
23424,5790
8813,5791
6478,5792
8524,5793
3613,5794
1706,5795
3929,5796
19093,5797
13146,5798
20103,5799
18241,5800
885,5801
8869,5802
4486,5803
8902,5804
16612,5805
893,5806
913,5807
9154,5808
22510,5809
10122,5810
21527,5811
17702,5812
19347,5813
24011,5814
7842,5815
9317,5816
10000,5817
6547,5818
9318,5819
872,5820
9309,5821
932,5822
9360,5823
9376,5824
9377,5825
9379,5826
939,5827
9391,5828
15259,5829
17737,5830
18905,5831
22346,5832
9395,5833
19161,5834
13904,5835
13639,5836
9397,5837
18360,5838
9399,5839
18336,5840
940,5841
12241,5842
5215,5843
5916,5844
2314,5845
3037,5846
3030,5847
15311,5848
19238,5849
3199,5850
2412,5851
19078,5852
19064,5853
14722,5854
15486,5855
3701,5856
20060,5857
2283,5858
1563,5859
6823,5860
7237,5861
12267,5862
8592,5863
8601,5864
7918,5865
7909,5866
6654,5867
15370,5868
16780,5869
19081,5870
8701,5871
14610,5872
12892,5873
12072,5874
7512,5875
3006,5876
9400,5877
14911,5878
5710,5879
9401,5880
12136,5881
9402,5882
14513,5883
9403,5884
22376,5885
9405,5886
8723,5887
12887,5888
13655,5889
14446,5890
1678,5891
2396,5892
15983,5893
16849,5894
10783,5895
23781,5896
9407,5897
7472,5898
23171,5899
9413,5900
12116,5901
1875,5902
4455,5903
9414,5904
23280,5905
19334,5906
23927,5907
6802,5908
3063,5909
16149,5910
1622,5911
21220,5912
18557,5913
14114,5914
7263,5915
14107,5916
9415,5917
18319,5918
20350,5919
2030,5920
17953,5921
21057,5922
22940,5923
2751,5924
12582,5925
1929,5926
9417,5927
15275,5928
16980,5929
7976,5930
9418,5931
21596,5932
20909,5933
12847,5934
9420,5935
1694,5936
12230,5937
10236,5938
10251,5939
10925,5940
10934,5941
11517,5942
11520,5943
11522,5944
11529,5945
1154,5946
12303,5947
12306,5948
12311,5949
12319,5950
12321,5951
11408,5952
12322,5953
12328,5954
12330,5955
13097,5956
13104,5957
13111,5958
13895,5959
13913,5960
140,5961
14685,5962
14686,5963
14690,5964
14698,5965
14700,5966
15449,5967
15454,5968
15455,5969
15463,5970
14422,5971
15464,5972
1613,5973
16198,5974
12849,5975
16199,5976
16203,5977
16204,5978
16219,5979
16224,5980
163,5981
164,5982
166,5983
16712,5984
16729,5985
16954,5986
16961,5987
16962,5988
16964,5989
16969,5990
16973,5991
17461,5992
17493,5993
17707,5994
17713,5995
18507,5996
16737,5997
18512,5998
10735,5999
18522,6000
18523,6001
18525,6002
1866,6003
16724,6004
1869,6005
1872,6006
19019,6007
192,6008
19307,6009
1657,6010
19308,6011
19310,6012
19311,6013
196,6014
19852,6015
20099,6016
18226,6017
20104,6018
20115,6019
19827,6020
20617,6021
20665,6022
10329,6023
10362,6024
15561,6025
13362,6026
18264,6027
10259,6028
11548,6029
11550,6030
11555,6031
11557,6032
11558,6033
10567,6034
1177,6035
12341,6036
12346,6037
12348,6038
12601,6039
12616,6040
13138,6041
13933,6042
13945,6043
14715,6044
14727,6045
15491,6046
16229,6047
16230,6048
13418,6049
16231,6050
14337,6051
16240,6052
14145,6053
16495,6054
16508,6055
17273,6056
17738,6057
17741,6058
17746,6059
18059,6060
18071,6061
18537,6062
18538,6063
18540,6064
18047,6065
18547,6066
10504,6067
1890,6068
1898,6069
11886,6070
19346,6071
20139,6072
20145,6073
20169,6074
20198,6075
14338,6076
11499,6077
12757,6078
16610,6079
11956,6080
20464,6081
20593,6082
20901,6083
17487,6084
20902,6085
20904,6086
20910,6087
20915,6088
20921,6089
16717,6090
20935,6091
18834,6092
20936,6093
20438,6094
20938,6095
20940,6096
17245,6097
20942,6098
1474,6099
20953,6100
21001,6101
15856,6102
11500,6103
14334,6104
11962,6105
13537,6106
21029,6107
15753,6108
21211,6109
21244,6110
21251,6111
21284,6112
21293,6113
21435,6114
216,6115
21701,6116
21751,6117
15961,6118
21784,6119
14154,6120
1263,6121
21790,6122
17260,6123
21795,6124
10500,6125
21797,6126
1468,6127
2198,6128
1107,6129
22065,6130
21844,6131
20992,6132
11986,6133
22278,6134
22284,6135
22290,6136
224,6137
100,6138
22513,6139
10115,6140
12920,6141
14707,6142
22604,6143
12057,6144
22607,6145
22295,6146
22610,6147
19032,6148
22612,6149
22621,6150
10061,6151
22631,6152
1648,6153
22638,6154
14190,6155
23028,6156
23038,6157
23137,6158
23144,6159
23147,6160
2345,6161
23460,6162
23472,6163
21439,6164
23473,6165
14430,6166
23494,6167
13426,6168
23498,6169
12620,6170
23504,6171
23509,6172
23536,6173
2361,6174
23855,6175
23996,6176
24001,6177
24003,6178
245,6179
112,6180
248,6181
115,6182
252,6183
119,6184
257,6185
124,6186
2586,6187
2589,6188
2618,6189
21325,6190
2619,6191
19694,6192
2657,6193
3060,6194
3064,6195
3090,6196
3285,6197
19014,6198
3311,6199
22125,6200
3320,6201
23825,6202
3321,6203
12607,6204
34,6205
3612,6206
3637,6207
3755,6208
3758,6209
3774,6210
3792,6211
3798,6212
3991,6213
16721,6214
4021,6215
23900,6216
3977,6217
21322,6218
22177,6219
13454,6220
12964,6221
1050,6222
16972,6223
23301,6224
4250,6225
4319,6226
432,6227
12052,6228
434,6229
12842,6230
441,6231
4471,6232
4506,6233
4511,6234
462,6235
17243,6236
464,6237
23055,6238
4698,6239
4731,6240
11971,6241
4732,6242
5060,6243
5169,6244
5189,6245
5192,6246
5199,6247
5411,6248
5194,6249
5440,6250
14994,6251
55,6252
56,6253
5657,6254
5762,6255
2545,6256
4347,6257
2193,6258
58,6259
5845,6260
5871,6261
5884,6262
5891,6263
5894,6264
5908,6265
5910,6266
5911,6267
5919,6268
6101,6269
15973,6270
6102,6271
6105,6272
2357,6273
6106,6274
5880,6275
17647,6276
1632,6277
2086,6278
21913,6279
21997,6280
22766,6281
17974,6282
23624,6283
18773,6284
5535,6285
4920,6286
6129,6287
22171,6288
6130,6289
21258,6290
643,6291
17105,6292
1363,6293
21075,6294
23641,6295
21222,6296
23792,6297
13170,6298
6481,6299
6592,6300
6593,6301
6614,6302
6620,6303
6796,6304
6821,6305
14335,6306
7164,6307
7298,6308
7306,6309
7310,6310
7327,6311
7487,6312
19017,6313
7500,6314
21288,6315
7505,6316
22112,6317
754,6318
11254,6319
2166,6320
77,6321
7783,6322
7972,6323
7977,6324
8073,6325
23288,6326
14718,6327
81,6328
8157,6329
18233,6330
8161,6331
8164,6332
4489,6333
8166,6334
20614,6335
8189,6336
8377,6337
8529,6338
8665,6339
8672,6340
8673,6341
8680,6342
8738,6343
20691,6344
8684,6345
10235,6346
10239,6347
10931,6348
11516,6349
11523,6350
11526,6351
11534,6352
11538,6353
13115,6354
13116,6355
13634,6356
13889,6357
12048,6358
12244,6359
13902,6360
13908,6361
14688,6362
14693,6363
14702,6364
14708,6365
10059,6366
14710,6367
15202,6368
15456,6369
15471,6370
15473,6371
16200,6372
16207,6373
16208,6374
16209,6375
16210,6376
16211,6377
16216,6378
10043,6379
16217,6380
10728,6381
16220,6382
12839,6383
16223,6384
16225,6385
1635,6386
16893,6387
16965,6388
16966,6389
16968,6390
17474,6391
14623,6392
17475,6393
17481,6394
17701,6395
17708,6396
12056,6397
12242,6398
17726,6399
18239,6400
18505,6401
10739,6402
18515,6403
1614,6404
16905,6405
18517,6406
16723,6407
18524,6408
1864,6409
1865,6410
18752,6411
1881,6412
18244,6413
19026,6414
19033,6415
19062,6416
15236,6417
18575,6418
10571,6419
19306,6420
1621,6421
19314,6422
19323,6423
19324,6424
14426,6425
19370,6426
11255,6427
19371,6428
19824,6429
20098,6430
18229,6431
20123,6432
10730,6433
20900,6434
20917,6435
12049,6436
20919,6437
20920,6438
21437,6439
21442,6440
21755,6441
21756,6442
21760,6443
16732,6444
21767,6445
21438,6446
21773,6447
21998,6448
20344,6449
22283,6450
16145,6451
22288,6452
15385,6453
19822,6454
20248,6455
19602,6456
22605,6457
15979,6458
16888,6459
22611,6460
10740,6461
22614,6462
20628,6463
22616,6464
22620,6465
22630,6466
18225,6467
23174,6468
10269,6469
10944,6470
10946,6471
10953,6472
11541,6473
11549,6474
11551,6475
11552,6476
11559,6477
1178,6478
11967,6479
12342,6480
12350,6481
13140,6482
11847,6483
13143,6484
13145,6485
13147,6486
13922,6487
13923,6488
13929,6489
13937,6490
13939,6491
14185,6492
1435,6493
14725,6494
14726,6495
14728,6496
13414,6497
14973,6498
15476,6499
15488,6500
11809,6501
15855,6502
16232,6503
16244,6504
16982,6505
15745,6506
16983,6507
16997,6508
11805,6509
17238,6510
17740,6511
17742,6512
18544,6513
18545,6514
11253,6515
18843,6516
1889,6517
1895,6518
12624,6519
1897,6520
1899,6521
19339,6522
16503,6523
19343,6524
19345,6525
20128,6526
18099,6527
20129,6528
13456,6529
20444,6530
20446,6531
20468,6532
20937,6533
18869,6534
20943,6535
20945,6536
20946,6537
21262,6538
21296,6539
21785,6540
21787,6541
21788,6542
22122,6543
22138,6544
22176,6545
22642,6546
18067,6547
22960,6548
22969,6549
22973,6550
22978,6551
22996,6552
23052,6553
2333,6554
12255,6555
11419,6556
23461,6557
23484,6558
11432,6559
23487,6560
23501,6561
12637,6562
23506,6563
2160,6564
2375,6565
23815,6566
23821,6567
23868,6568
23892,6569
23918,6570
24006,6571
2590,6572
2612,6573
15754,6574
2882,6575
2919,6576
2923,6577
3031,6578
2308,6579
3058,6580
3065,6581
3086,6582
3088,6583
16897,6584
19021,6585
18758,6586
3228,6587
12845,6588
3283,6589
12051,6590
3295,6591
1649,6592
3297,6593
3300,6594
11427,6595
3315,6596
18097,6597
3445,6598
22850,6599
2033,6600
11758,6601
2754,6602
12550,6603
17085,6604
2077,6605
3606,6606
3757,6607
13840,6608
1623,6609
15952,6610
3764,6611
23405,6612
3071,6613
2805,6614
17940,6615
21066,6616
2084,6617
21918,6618
20369,6619
22771,6620
19571,6621
3805,6622
388,6623
3988,6624
15214,6625
16137,6626
21440,6627
3992,6628
19813,6629
16901,6630
17465,6631
21995,6632
19464,6633
21142,6634
21063,6635
16448,6636
21915,6637
17200,6638
14821,6639
3504,6640
3507,6641
19477,6642
3996,6643
14436,6644
4004,6645
4019,6646
12664,6647
4027,6648
19643,6649
4105,6650
16527,6651
2568,6652
15019,6653
17277,6654
14246,6655
12169,6656
4125,6657
22141,6658
10216,6659
16504,6660
17255,6661
17253,6662
17609,6663
433,6664
14431,6665
13829,6666
16728,6667
17950,6668
2080,6669
21074,6670
4216,6671
22782,6672
20419,6673
23640,6674
18018,6675
23534,6676
4352,6677
4467,6678
14632,6679
457,6680
23861,6681
4606,6682
12128,6683
18521,6684
1610,6685
4701,6686
13637,6687
3229,6688
4706,6689
4707,6690
23129,6691
4708,6692
11407,6693
4728,6694
14983,6695
4933,6696
21992,6697
14048,6698
21139,6699
12462,6700
13255,6701
3539,6702
4247,6703
23529,6704
5034,6705
5160,6706
5172,6707
5188,6708
5201,6709
5204,6710
18444,6711
5205,6712
17952,6713
17181,6714
5209,6715
13036,6716
5279,6717
14479,6718
22635,6719
5401,6720
5207,6721
5410,6722
19812,6723
5414,6724
2368,6725
16896,6726
1650,6727
18710,6728
10031,6729
3008,6730
11582,6731
17023,6732
22678,6733
3640,6734
3246,6735
11251,6736
3642,6737
2542,6738
4349,6739
10863,6740
5434,6741
10443,6742
20883,6743
11127,6744
5625,6745
5633,6746
21986,6747
5733,6748
5764,6749
5768,6750
5855,6751
16153,6752
5856,6753
5872,6754
5881,6755
5888,6756
5895,6757
5899,6758
11453,6759
22286,6760
14170,6761
5912,6762
5914,6763
6040,6764
5915,6765
6103,6766
3787,6767
6104,6768
3091,6769
6131,6770
19687,6771
6132,6772
16498,6773
6136,6774
17358,6775
6259,6776
20347,6777
16351,6778
14931,6779
17104,6780
15691,6781
15580,6782
17087,6783
2796,6784
6300,6785
13581,6786
1561,6787
6359,6788
6418,6789
6423,6790
6569,6791
6589,6792
3066,6793
17988,6794
6600,6795
19249,6796
11411,6797
662,6798
6728,6799
4501,6800
22003,6801
20338,6802
17107,6803
17941,6804
15601,6805
16355,6806
22935,6807
23795,6808
21821,6809
6785,6810
6786,6811
14433,6812
6799,6813
1642,6814
16899,6815
3776,6816
11705,6817
1595,6818
6803,6819
2351,6820
6812,6821
18062,6822
7277,6823
21697,6824
5857,6825
4196,6826
12792,6827
7294,6828
7300,6829
7303,6830
22865,6831
7413,6832
20640,6833
17460,6834
7415,6835
14434,6836
23722,6837
2737,6838
22864,6839
1298,6840
20370,6841
579,6842
19572,6843
6918,6844
7416,6845
19832,6846
17956,6847
7479,6848
5893,6849
7480,6850
4479,6851
15390,6852
7490,6853
7493,6854
19046,6855
7499,6856
19668,6857
7504,6858
12655,6859
752,6860
10178,6861
2196,6862
4350,6863
2889,6864
3150,6865
755,6866
7602,6867
12452,6868
2075,6869
7686,6870
7960,6871
2804,6872
2738,6873
22011,6874
1299,6875
12541,6876
2017,6877
13338,6878
5536,6879
7971,6880
18448,6881
7983,6882
17645,6883
5203,6884
14873,6885
7988,6886
7991,6887
8079,6888
8102,6889
3779,6890
22002,6891
21988,6892
11671,6893
21135,6894
18669,6895
18022,6896
19473,6897
18821,6898
23528,6899
5559,6900
2088,6901
18655,6902
23738,6903
4858,6904
22880,6905
16331,6906
14908,6907
8158,6908
8160,6909
23135,6910
16144,6911
20616,6912
18749,6913
2078,6914
22765,6915
19550,6916
21060,6917
21171,6918
21912,6919
22024,6920
22755,6921
8168,6922
19818,6923
8182,6924
22116,6925
8188,6926
15770,6927
8368,6928
17875,6929
18673,6930
22075,6931
22930,6932
14758,6933
8598,6934
8654,6935
23753,6936
11403,6937
8610,6938
8661,6939
12246,6940
6607,6941
13183,6942
3518,6943
17031,6944
21987,6945
8666,6946
8667,6947
11384,6948
7253,6949
8674,6950
10169,6951
1655,6952
2090,6953
1311,6954
18743,6955
2811,6956
8312,6957
22027,6958
879,6959
23410,6960
2319,6961
18012,6962
8802,6963
2372,6964
18755,6965
3510,6966
22781,6967
4217,6968
17872,6969
23639,6970
4852,6971
19556,6972
3436,6973
11760,6974
4144,6975
12552,6976
14817,6977
4952,6978
5654,6979
20968,6980
883,6981
5171,6982
16478,6983
878,6984
857,6985
8851,6986
17256,6987
16505,6988
16502,6989
16858,6990
8852,6991
23858,6992
22998,6993
12631,6994
13803,6995
3869,6996
3989,6997
17480,6998
3937,6999
18230,7000
22006,7001
10981,7002
20252,7003
22841,7004
12464,7005
22858,7006
2024,7007
19575,7008
23699,7009
11670,7010
14049,7011
14956,7012
15715,7013
15516,7014
2745,7015
20373,7016
20244,7017
17843,7018
19538,7019
23694,7020
8867,7021
12055,7022
15380,7023
18235,7024
18753,7025
22845,7026
23633,7027
23703,7028
1320,7029
5655,7030
601,7031
4953,7032
12370,7033
8868,7034
3789,7035
10170,7036
7296,7037
2091,7038
19541,7039
17871,7040
18740,7041
22780,7042
19623,7043
23638,7044
20422,7045
13960,7046
8892,7047
23836,7048
8893,7049
22144,7050
8899,7051
890,7052
13842,7053
5157,7054
14887,7055
5818,7056
1562,7057
15315,7058
14161,7059
19374,7060
21818,7061
10570,7062
1821,7063
23526,7064
10573,7065
10177,7066
6480,7067
753,7068
1473,7069
5740,7070
20786,7071
3906,7072
20707,7073
3286,7074
16738,7075
7841,7076
8768,7077
20731,7078
1686,7079
8800,7080
2377,7081
3098,7082
7951,7083
8634,7084
2307,7085
16068,7086
3198,7087
20034,7088
15916,7089
13300,7090
16958,7091
15034,7092
17506,7093
14541,7094
20931,7095
2623,7096
11364,7097
20062,7098
3002,7099
22567,7100
3201,7101
19932,7102
23203,7103
20644,7104
15225,7105
2374,7106
3697,7107
4737,7108
5816,7109
17664,7110
4408,7111
7915,7112
10672,7113
19226,7114
3157,7115
17532,7116
16239,7117
3700,7118
8900,7119
18842,7120
899,7121
16904,7122
1602,7123
4460,7124
10272,7125
10273,7126
10958,7127
13059,7128
16402,7129
18642,7130
18003,7131
20055,7132
23571,7133
23771,7134
11468,7135
19263,7136
21421,7137
3705,7138
4193,7139
5446,7140
471,7141
16396,7142
728,7143
3010,7144
6537,7145
11604,7146
12540,7147
15532,7148
17426,7149
4320,7150
5371,7151
18986,7152
18186,7153
5719,7154
21617,7155
1794,7156
22394,7157
13151,7158
21540,7159
16755,7160
18281,7161
19861,7162
20774,7163
10827,7164
10143,7165
6753,7166
8603,7167
7178,7168
10657,7169
10590,7170
13189,7171
18703,7172
19389,7173
1939,7174
14869,7175
1940,7176
1950,7177
16381,7178
20307,7179
21109,7180
2674,7181
22813,7182
4782,7183
21105,7184
616,7185
20319,7186
6178,7187
23671,7188
618,7189
17919,7190
6186,7191
17905,7192
4174,7193
14103,7194
6273,7195
13543,7196
8231,7197
21958,7198
1338,7199
16405,7200
8240,7201
14078,7202
3467,7203
13522,7204
8605,7205
7427,7206
6374,7207
14363,7208
16183,7209
4991,7210
6445,7211
2150,7212
7922,7213
1534,7214
10989,7215
17038,7216
3608,7217
7443,7218
8229,7219
7102,7220
7444,7221
8461,7222
7780,7223
2870,7224
21616,7225
10146,7226
18303,7227
19125,7228
866,7229
1543,7230
14772,7231
11183,7232
16284,7233
14394,7234
17039,7235
1432,7236
10198,7237
5732,7238
5028,7239
3594,7240
19178,7241
7442,7242
15925,7243
16678,7244
2147,7245
24193,7246
8126,7247
876,7248
7927,7249
8957,7250
15629,7251
18686,7252
23110,7253
901,7254
15393,7255
10726,7256
10738,7257
11790,7258
2318,7259
5127,7260
9027,7261
21174,7262
18643,7263
15578,7264
17084,7265
21131,7266
22835,7267
903,7268
11459,7269
3046,7270
10052,7271
12583,7272
1598,7273
1577,7274
904,7275
17649,7276
1603,7277
2343,7278
19589,7279
11404,7280
6560,7281
9087,7282
22245,7283
16812,7284
8774,7285
12117,7286
440,7287
3081,7288
6730,7289
4480,7290
18709,7291
911,7292
22546,7293
18216,7294
10014,7295
7936,7296
9146,7297
8463,7298
10493,7299
23331,7300
361,7301
13683,7302
22647,7303
2162,7304
4545,7305
14450,7306
20672,7307
24038,7308
19179,7309
1793,7310
2516,7311
16228,7312
18240,7313
916,7314
918,7315
4644,7316
23132,7317
8620,7318
7937,7319
920,7320
18751,7321
4754,7322
5628,7323
18670,7324
6318,7325
19474,7326
20272,7327
19621,7328
20420,7329
20970,7330
921,7331
9211,7332
8526,7333
9212,7334
5366,7335
922,7336
12250,7337
2359,7338
924,7339
22086,7340
11659,7341
22911,7342
930,7343
14627,7344
18223,7345
19514,7346
9330,7347
8618,7348
9331,7349
11661,7350
9349,7351
10693,7352
9354,7353
9361,7354
9364,7355
17153,7356
2285,7357
11368,7358
15346,7359
1388,7360
15517,7361
20964,7362
22669,7363
6482,7364
4663,7365
7353,7366
16021,7367
21486,7368
22339,7369
22325,7370
23524,7371
751,7372
1822,7373
5062,7374
5766,7375
756,7376
7846,7377
4353,7378
15929,7379
16098,7380
7355,7381
18313,7382
5404,7383
13647,7384
8538,7385
8799,7386
12058,7387
19842,7388
2317,7389
10032,7390
7251,7391
18417,7392
7356,7393
8811,7394
2200,7395
9368,7396
12253,7397
9356,7398
3756,7399
14947,7400
7267,7401
9324,7402
9369,7403
20044,7404
2323,7405
4464,7406
13215,7407
1387,7408
10719,7409
13847,7410
13951,7411
11113,7412
1555,7413
1586,7414
17082,7415
17661,7416
1452,7417
10002,7418
18004,7419
21712,7420
23418,7421
11373,7422
10688,7423
2258,7424
15533,7425
2883,7426
6069,7427
6143,7428
6828,7429
6298,7430
6831,7431
6146,7432
6858,7433
17429,7434
15412,7435
18989,7436
19794,7437
18185,7438
13794,7439
7239,7440
6555,7441
7902,7442
12394,7443
20366,7444
2660,7445
1438,7446
6067,7447
6424,7448
11186,7449
16674,7450
13002,7451
6861,7452
7100,7453
1833,7454
5728,7455
5024,7456
22268,7457
14583,7458
1725,7459
24113,7460
14732,7461
6416,7462
7108,7463
10195,7464
11187,7465
8226,7466
3611,7467
8548,7468
384,7469
15887,7470
4821,7471
11766,7472
2000,7473
21876,7474
17268,7475
4831,7476
1283,7477
12646,7478
566,7479
23589,7480
13436,7481
4692,7482
7750,7483
7145,7484
4308,7485
4797,7486
17984,7487
5491,7488
18783,7489
2718,7490
560,7491
15769,7492
10895,7493
16520,7494
17831,7495
20229,7496
18870,7497
21883,7498
20460,7499
23008,7500
3981,7501
18068,7502
18867,7503
417,7504
20473,7505
19674,7506
18055,7507
422,7508
7903,7509
10304,7510
10993,7511
13980,7512
17906,7513
19513,7514
22816,7515
2937,7516
1232,7517
15630,7518
1944,7519
18704,7520
2054,7521
16591,7522
4776,7523
22814,7524
4777,7525
23674,7526
2775,7527
19523,7528
5477,7529
4198,7530
6176,7531
2791,7532
6189,7533
3491,7534
8244,7535
23672,7536
19490,7537
16407,7538
8322,7539
8380,7540
11639,7541
14812,7542
11829,7543
18844,7544
10907,7545
20238,7546
20448,7547
14981,7548
13391,7549
20449,7550
1145,7551
18846,7552
22980,7553
12597,7554
7467,7555
22983,7556
22124,7557
11804,7558
14592,7559
3159,7560
19301,7561
23999,7562
3142,7563
8017,7564
8431,7565
15423,7566
20561,7567
3584,7568
13204,7569
14355,7570
19586,7571
1972,7572
20385,7573
4822,7574
4114,7575
13439,7576
6087,7577
14231,7578
13228,7579
15734,7580
19438,7581
13400,7582
21891,7583
21250,7584
1148,7585
22961,7586
12605,7587
23812,7588
6780,7589
8611,7590
8699,7591
8830,7592
5032,7593
1436,7594
8858,7595
14193,7596
11815,7597
22097,7598
8941,7599
1355,7600
5582,7601
20321,7602
8952,7603
2070,7604
4879,7605
15121,7606
20079,7607
8956,7608
20311,7609
1335,7610
15654,7611
11092,7612
9059,7613
9148,7614
15921,7615
12209,7616
9298,7617
15531,7618
2163,7619
6173,7620
20594,7621
14651,7622
13605,7623
15924,7624
21414,7625
17601,7626
7441,7627
715,7628
5738,7629
19790,7630
23385,7631
8938,7632
937,7633
9372,7634
938,7635
16889,7636
5211,7637
18757,7638
2021,7639
22860,7640
2742,7641
23731,7642
3433,7643
21168,7644
15586,7645
9382,7646
14455,7647
22328,7648
23332,7649
8778,7650
9398,7651
16201,7652
1653,7653
19129,7654
22643,7655
19649,7656
94,7657
9410,7658
22370,7659
19303,7660
18247,7661
22648,7662
9411,7663
22378,7664
21794,7665
24111,7666
19883,7667
22354,7668
24046,7669
16851,7670
10092,7671
10776,7672
16206,7673
21446,7674
9412,7675
17194,7676
15652,7677
21493,7678
12339,7679
12999,7680
14723,7681
19337,7682
3003,7683
20061,7684
1560,7685
5114,7686
5814,7687
23426,7688
1558,7689
2279,7690
2272,7691
4569,7692
5990,7693
15263,7694
12073,7695
13648,7696
21455,7697
15217,7698
9007,7699
9392,7700
20734,7701
942,7702
14618,7703
4512,7704
14950,7705
4908,7706
9421,7707
20687,7708
20109,7709
5212,7710
9422,7711
22451,7712
13905,7713
18232,7714
9423,7715
4699,7716
20626,7717
17644,7718
15970,7719
1376,7720
15525,7721
2747,7722
22856,7723
2026,7724
13348,7725
21906,7726
14140,7727
15577,7728
6171,7729
6317,7730
19475,7731
2079,7732
14840,7733
15600,7734
3538,7735
4246,7736
20171,7737
9424,7738
10919,7739
13642,7740
15262,7741
16890,7742
12054,7743
19338,7744
15752,7745
5634,7746
21989,7747
20271,7748
19542,7749
17870,7750
18668,7751
21225,7752
22080,7753
11580,7754
5560,7755
3517,7756
3443,7757
15693,7758
4151,7759
14933,7760
13237,7761
9426,7762
18340,7763
19141,7764
22627,7765
23209,7766
22356,7767
22334,7768
18406,7769
5902,7770
14624,7771
7295,7772
10700,7773
11385,7774
8749,7775
9427,7776
12888,7777
12094,7778
16222,7779
18220,7780
12249,7781
21503,7782
20682,7783
23134,7784
18647,7785
3532,7786
9332,7787
11386,7788
6238,7789
9428,7790
15462,7791
15960,7792
20756,7793
1185,7794
22179,7795
9429,7796
18344,7797
10929,7798
18246,7799
10850,7800
23153,7801
22904,7802
4907,7803
943,7804
12239,7805
5219,7806
22833,7807
18816,7808
12392,7809
9430,7810
17523,7811
10267,7812
14694,7813
11424,7814
16903,7815
10040,7816
22986,7817
5168,7818
11472,7819
11649,7820
14953,7821
15504,7822
14743,7823
13307,7824
15558,7825
21713,7826
22059,7827
20158,7828
20861,7829
21704,7830
3011,7831
3327,7832
11108,7833
6556,7834
6583,7835
11377,7836
7147,7837
11371,7838
6538,7839
10305,7840
14924,7841
16283,7842
11185,7843
2156,7844
3254,7845
15923,7846
16676,7847
6862,7848
7240,7849
2981,7850
14771,7851
6859,7852
5029,7853
16919,7854
7782,7855
6068,7856
6420,7857
5734,7858
16673,7859
17583,7860
2473,7861
21525,7862
11556,7863
23249,7864
16751,7865
15993,7866
4530,7867
15326,7868
7104,7869
8052,7870
7369,7871
15452,7872
13644,7873
8124,7874
848,7875
2943,7876
6053,7877
8909,7878
7663,7879
8939,7880
9102,7881
12284,7882
18978,7883
2135,7884
6454,7885
1961,7886
17983,7887
5723,7888
22694,7889
18782,7890
561,7891
9145,7892
9431,7893
8862,7894
2388,7895
1802,7896
3106,7897
9433,7898
24106,7899
10065,7900
10938,7901
1179,7902
20360,7903
4232,7904
4131,7905
2296,7906
4430,7907
4808,7908
5134,7909
9020,7910
17455,7911
9434,7912
8752,7913
3294,7914
5216,7915
9435,7916
14691,7917
14435,7918
13035,7919
11707,7920
12850,7921
5148,7922
12184,7923
3179,7924
5295,7925
10807,7926
21534,7927
23682,7928
4875,7929
13293,7930
2528,7931
10686,7932
5579,7933
9230,7934
9436,7935
20710,7936
9437,7937
16034,7938
1871,7939
2335,7940
15395,7941
10049,7942
14164,7943
10017,7944
13950,7945
16265,7946
22663,7947
9438,7948
13363,7949
9439,7950
20693,7951
17729,7952
19962,7953
16218,7954
11908,7955
23163,7956
1803,7957
18442,7958
22316,7959
21463,7960
15478,7961
17451,7962
23448,7963
17345,7964
15087,7965
23073,7966
14558,7967
1039,7968
24024,7969
23164,7970
15481,7971
10618,7972
3248,7973
3265,7974
13490,7975
22206,7976
20509,7977
12974,7978
10810,7979
21535,7980
23710,7981
17860,7982
21147,7983
1314,7984
13377,7985
3629,7986
3737,7987
3339,7988
11298,7989
4444,7990
4861,7991
12580,7992
21808,7993
5343,7994
18257,7995
19057,7996
14719,7997
5435,7998
5754,7999
6429,8000
19205,8001
10125,8002
10027,8003
4224,8004
7509,8005
18199,8006
7877,8007
8191,8008
3668,8009
8448,8010
17949,8011
21062,8012
18747,8013
21914,8014
18024,8015
22767,8016
22938,8017
1930,8018
881,8019
1209,8020
8560,8021
1099,8022
9250,8023
3241,8024
10613,8025
1503,8026
9323,8027
16158,8028
22272,8029
2295,8030
834,8031
944,8032
15296,8033
3932,8034
17206,8035
9441,8036
21585,8037
12327,8038
3788,8039
9442,8040
23285,8041
9443,8042
22435,8043
15470,8044
931,8045
14626,8046
5196,8047
3520,8048
585,8049
20355,8050
2022,8051
17197,8052
2743,8053
14927,8054
16340,8055
9444,8056
12138,8057
11525,8058
3047,8059
20847,8060
3741,8061
2808,8062
9445,8063
1153,8064
17477,8065
3844,8066
12340,8067
12603,8068
9446,8069
11509,8070
15261,8071
13932,8072
19672,8073
4494,8074
13039,8075
8662,8076
22004,8077
1364,8078
3439,8079
19554,8080
2027,8081
11756,8082
4147,8083
12548,8084
19450,8085
18735,8086
9447,8087
18499,8088
4552,8089
13135,8090
22103,8091
6615,8092
15382,8093
23142,8094
21148,8095
18656,8096
2087,8097
21137,8098
12463,8099
22761,8100
13344,8101
23700,8102
13256,8103
17869,8104
2111,8105
2833,8106
19373,8107
593,8108
14136,8109
17088,8110
6316,8111
9448,8112
16043,8113
20114,8114
4730,8115
22193,8116
6596,8117
945,8118
20783,8119
1776,8120
5645,8121
9451,8122
6098,8123
5227,8124
9453,8125
20758,8126
17712,8127
3093,8128
9457,8129
19897,8130
5408,8131
1619,8132
7506,8133
23828,8134
946,8135
19050,8136
13792,8137
3168,8138
1389,8139
9460,8140
16963,8141
19038,8142
9461,8143
19099,8144
20944,8145
3288,8146
3097,8147
13827,8148
3803,8149
5917,8150
3731,8151
4439,8152
3724,8153
23330,8154
1795,8155
2518,8156
24097,8157
9462,8158
24089,8159
19917,8160
19083,8161
18282,8162
19066,8163
23507,8164
24194,8165
10144,8166
10828,8167
6792,8168
18238,8169
9142,8170
9464,8171
16030,8172
21779,8173
13588,8174
8171,8175
5176,8176
9465,8177
17538,8178
23490,8179
22202,8180
4010,8181
5850,8182
13845,8183
7271,8184
14742,8185
3621,8186
6573,8187
2312,8188
4200,8189
9468,8190
23291,8191
5412,8192
11428,8193
16895,8194
2371,8195
16416,8196
15597,8197
15673,8198
14047,8199
13373,8200
14837,8201
12576,8202
1932,8203
9471,8204
12113,8205
10242,8206
3768,8207
9475,8208
10024,8209
1214,8210
13321,8211
16989,8212
16235,8213
20051,8214
15950,8215
19262,8216
2982,8217
23429,8218
4396,8219
5443,8220
21982,8221
11676,8222
10523,8223
6064,8224
7223,8225
11273,8226
4072,8227
14080,8228
7549,8229
13287,8230
19489,8231
5696,8232
21725,8233
688,8234
1409,8235
7858,8236
7923,8237
13975,8238
4395,8239
504,8240
6288,8241
6974,8242
21085,8243
8110,8244
9340,8245
1216,8246
16384,8247
2277,8248
16278,8249
12495,8250
17885,8251
704,8252
4671,8253
5725,8254
5021,8255
9476,8256
16328,8257
8676,8258
14619,8259
948,8260
23157,8261
16102,8262
5986,8263
6670,8264
24107,8265
22344,8266
23197,8267
3104,8268
947,8269
21453,8270
12205,8271
7358,8272
16777,8273
9486,8274
23998,8275
7657,8276
9495,8277
3638,8278
5763,8279
7110,8280
16069,8281
95,8282
9508,8283
10522,8284
951,8285
952,8286
15219,8287
15515,8288
17765,8289
953,8290
369,8291
949,8292
4523,8293
22296,8294
9544,8295
23168,8296
16133,8297
24021,8298
1671,8299
11574,8300
21444,8301
9545,8302
5928,8303
2525,8304
3812,8305
3815,8306
12363,8307
16735,8308
6827,8309
9546,8310
19060,8311
9547,8312
19061,8313
9548,8314
24029,8315
9549,8316
15972,8317
9551,8318
935,8319
14625,8320
23139,8321
1225,8322
11699,8323
13974,8324
4222,8325
12388,8326
5562,8327
19552,8328
1313,8329
22879,8330
5627,8331
594,8332
23737,8333
17844,8334
14820,8335
15589,8336
16332,8337
21984,8338
3506,8339
6190,8340
12491,8341
20288,8342
14894,8343
10406,8344
9090,8345
9552,8346
3076,8347
20042,8348
2354,8349
2083,8350
18742,8351
20270,8352
17944,8353
19472,8354
21924,8355
21221,8356
23630,8357
23791,8358
13964,8359
647,8360
18664,8361
20372,8362
22772,8363
19574,8364
11652,8365
17935,8366
9553,8367
7311,8368
11445,8369
2379,8370
12527,8371
17109,8372
11735,8373
16357,8374
18732,8375
17876,8376
18674,8377
20417,8378
16281,8379
7843,8380
9210,8381
2543,8382
9555,8383
1641,8384
15389,8385
5889,8386
725,8387
9556,8388
23148,8389
13828,8390
9557,8391
6605,8392
9558,8393
9352,8394
20849,8395
10722,8396
14419,8397
7515,8398
2897,8399
8629,8400
19525,8401
9559,8402
4476,8403
956,8404
9562,8405
8646,8406
9564,8407
23130,8408
16147,8409
20611,8410
5616,8411
9566,8412
3742,8413
9567,8414
4449,8415
9569,8416
3739,8417
13051,8418
7958,8419
6493,8420
957,8421
5866,8422
3752,8423
7269,8424
23391,8425
20828,8426
663,8427
9570,8428
1579,8429
23417,8430
3022,8431
20602,8432
1553,8433
15361,8434
23392,8435
12884,8436
13664,8437
1887,8438
22357,8439
3424,8440
22922,8441
10331,8442
9575,8443
23865,8444
9577,8445
13408,8446
9578,8447
5836,8448
11469,8449
3720,8450
9579,8451
19005,8452
22556,8453
5835,8454
5133,8455
9580,8456
19804,8457
21707,8458
20603,8459
3716,8460
2274,8461
13017,8462
20832,8463
9581,8464
21317,8465
9582,8466
14199,8467
9583,8468
22128,8469
9584,8470
13404,8471
9585,8472
9586,8473
17413,8474
9587,8475
14115,8476
22784,8477
5076,8478
7426,8479
9589,8480
7803,8481
959,8482
15224,8483
19216,8484
10099,8485
22921,8486
9592,8487
1497,8488
8109,8489
777,8490
96,8491
9609,8492
4376,8493
20869,8494
2232,8495
2954,8496
5069,8497
13767,8498
3184,8499
961,8500
19180,8501
8776,8502
9458,8503
8866,8504
5228,8505
9612,8506
7195,8507
3949,8508
19798,8509
4374,8510
9613,8511
20408,8512
4799,8513
1252,8514
11987,8515
20080,8516
11138,8517
9615,8518
9625,8519
8466,8520
14650,8521
4322,8522
5033,8523
963,8524
21635,8525
1053,8526
334,8527
1692,8528
10750,8529
5237,8530
15984,8531
22307,8532
19048,8533
24205,8534
22541,8535
2822,8536
9639,8537
6760,8538
7090,8539
16870,8540
189,8541
22258,8542
18152,8543
15852,8544
19757,8545
2118,8546
75,8547
7704,8548
7024,8549
18110,8550
1712,8551
22529,8552
3131,8553
20656,8554
10164,8555
10848,8556
23173,8557
10707,8558
2391,8559
22322,8560
4576,8561
8625,8562
964,8563
16835,8564
9432,8565
8750,8566
10915,8567
18260,8568
6723,8569
19054,8570
23169,8571
15501,8572
19037,8573
14754,8574
17009,8575
23502,8576
23520,8577
4767,8578
8199,8579
8906,8580
8908,8581
9659,8582
13481,8583
7455,8584
9664,8585
7585,8586
15791,8587
16949,8588
10206,8589
17276,8590
15018,8591
19496,8592
1281,8593
1282,8594
17822,8595
17824,8596
18623,8597
19426,8598
22031,8599
23051,8600
19707,8601
19421,8602
14940,8603
21330,8604
16821,8605
21875,8606
3412,8607
21300,8608
3272,8609
19677,8610
20476,8611
22154,8612
17615,8613
3156,8614
20709,8615
20673,8616
3907,8617
4120,8618
11855,8619
5392,8620
23015,8621
23875,8622
23014,8623
5529,8624
18074,8625
3979,8626
5530,8627
9679,8628
23022,8629
968,8630
3818,8631
544,8632
13467,8633
969,8634
23188,8635
17605,8636
1002,8637
4146,8638
20353,8639
3438,8640
5555,8641
8374,8642
9074,8643
20243,8644
10366,8645
17096,8646
17938,8647
5621,8648
9406,8649
22388,8650
15233,8651
15992,8652
3105,8653
2384,8654
23156,8655
18414,8656
6675,8657
21212,8658
9695,8659
6321,8660
11064,8661
17188,8662
1290,8663
15679,8664
11068,8665
21164,8666
571,8667
22017,8668
10382,8669
14914,8670
9696,8671
17967,8672
7615,8673
19565,8674
9697,8675
14123,8676
11070,8677
20362,8678
10384,8679
1292,8680
15676,8681
19564,8682
573,8683
11737,8684
970,8685
19458,8686
20661,8687
23334,8688
4631,8689
5635,8690
20255,8691
14932,8692
21056,8693
15692,8694
12446,8695
13238,8696
1361,8697
6706,8698
19111,8699
15228,8700
15987,8701
23176,8702
22326,8703
1662,8704
16054,8705
4638,8706
19578,8707
9704,8708
23782,8709
8250,8710
9705,8711
23704,8712
971,8713
1175,8714
1689,8715
17855,8716
17954,8717
18653,8718
13346,8719
19457,8720
14138,8721
20662,8722
21049,8723
18646,8724
17177,8725
24213,8726
2609,8727
4400,8728
9449,8729
10135,8730
19113,8731
18277,8732
20669,8733
3115,8734
958,8735
16741,8736
19984,8737
2499,8738
3529,8739
562,8740
972,8741
20899,8742
15222,8743
973,8744
15492,8745
19918,8746
19080,8747
16752,8748
23181,8749
17575,8750
17635,8751
18434,8752
20926,8753
5214,8754
10852,8755
3485,8756
8465,8757
8677,8758
7270,8759
12164,8760
1054,8761
1769,8762
2492,8763
19119,8764
4192,8765
6284,8766
14876,8767
9738,8768
22298,8769
8637,8770
3851,8771
1792,8772
9459,8773
8777,8774
20713,8775
9056,8776
8337,8777
17914,8778
17662,8779
5822,8780
612,8781
9229,8782
975,8783
13928,8784
11898,8785
19875,8786
6766,8787
23924,8788
9754,8789
8298,8790
20363,8791
572,8792
14917,8793
1291,8794
15677,8795
2009,8796
16434,8797
2731,8798
4938,8799
6250,8800
5641,8801
6935,8802
6320,8803
7619,8804
7006,8805
8303,8806
17961,8807
576,8808
22014,8809
10389,8810
11075,8811
6581,8812
7265,8813
20850,8814
7949,8815
8632,8816
23989,8817
18425,8818
18427,8819
21492,8820
976,8821
24105,8822
19886,8823
4518,8824
16739,8825
17492,8826
18210,8827
10275,8828
1194,8829
1195,8830
13249,8831
15663,8832
16343,8833
13365,8834
17011,8835
17018,8836
17095,8837
17172,8838
1908,8839
13318,8840
21199,8841
22909,8842
22933,8843
11052,8844
11660,8845
12375,8846
11583,8847
12377,8848
12454,8849
12455,8850
12458,8851
14038,8852
14952,8853
15520,8854
14759,8855
17025,8856
17776,8857
11733,8858
17927,8859
18569,8860
18576,8861
12378,8862
18727,8863
18795,8864
19376,8865
16419,8866
20175,8867
12524,8868
20281,8869
19599,8870
20329,8871
20966,8872
20975,8873
21125,8874
21827,8875
22671,8876
14755,8877
22680,8878
21124,8879
23527,8880
23537,8881
21978,8882
23648,8883
17997,8884
23686,8885
23766,8886
23767,8887
23768,8888
2630,8889
14112,8890
11679,8891
21203,8892
3028,8893
13978,8894
17035,8895
17769,8896
18568,8897
2266,8898
18584,8899
22668,8900
23525,8901
4126,8902
18001,8903
4240,8904
4306,8905
474,8906
18725,8907
13266,8908
22906,8909
4745,8910
4747,8911
4917,8912
5018,8913
5019,8914
5619,8915
5620,8916
6147,8917
23688,8918
6237,8919
18800,8920
11618,8921
6239,8922
11776,8923
638,8924
6923,8925
22910,8926
19414,8927
6924,8928
12568,8929
20212,8930
7098,8931
7680,8932
14058,8933
13367,8934
7775,8935
8200,8936
17929,8937
8225,8938
11732,8939
19483,8940
20398,8941
21017,8942
8287,8943
4945,8944
16300,8945
8288,8946
14159,8947
16301,8948
8361,8949
8362,8950
8364,8951
8833,8952
5722,8953
3597,8954
9001,8955
21201,8956
11623,8957
9002,8958
14157,8959
17059,8960
9006,8961
17996,8962
17062,8963
9619,8964
1424,8965
9515,8966
702,8967
2874,8968
11154,8969
10471,8970
2140,8971
14580,8972
8041,8973
19133,8974
506,8975
11059,8976
20409,8977
9688,8978
22053,8979
14795,8980
9760,8981
23345,8982
1773,8983
24141,8984
10930,8985
8650,8986
9768,8987
13548,8988
16600,8989
20805,8990
3884,8991
16975,8992
23294,8993
7507,8994
18952,8995
7980,8996
9769,8997
15851,8998
22526,8999
281,9000
12925,9001
21772,9002
19025,9003
12245,9004
17471,9005
20313,9006
2620,9007
6582,9008
1565,9009
13167,9010
11250,9011
17773,9012
22670,9013
2544,9014
3641,9015
3643,9016
5365,9017
5064,9018
1477,9019
18993,9020
13795,9021
8812,9022
977,9023
15239,9024
19336,9025
17384,9026
9770,9027
12290,9028
12741,9029
13552,9030
20554,9031
13882,9032
19753,9033
18947,9034
14286,9035
21738,9036
11950,9037
17344,9038
13496,9039
22219,9040
2701,9041
23747,9042
4095,9043
22889,9044
1997,9045
1280,9046
540,9047
11770,9048
7594,9049
22892,9050
7720,9051
23942,9052
2695,9053
23746,9054
8992,9055
12562,9056
4115,9057
4823,9058
23872,9059
1136,9060
23012,9061
17837,9062
18636,9063
20440,9064
10226,9065
15732,9066
21039,9067
11812,9068
1860,9069
13398,9070
15733,9071
22963,9072
9541,9073
21252,9074
20442,9075
22952,9076
9668,9077
23750,9078
21872,9079
4116,9080
22163,9081
8141,9082
21308,9083
21030,9084
22735,9085
23593,9086
19664,9087
23856,9088
1143,9089
22137,9090
21282,9091
13424,9092
6774,9093
21285,9094
22140,9095
9670,9096
22888,9097
16319,9098
17072,9099
12649,9100
7461,9101
16519,9102
15567,9103
17826,9104
18065,9105
20230,9106
19671,9107
1851,9108
7017,9109
3982,9110
17259,9111
9531,9112
19669,9113
22146,9114
9772,9115
19283,9116
11949,9117
12296,9118
12740,9119
13531,9120
12705,9121
16619,9122
11024,9123
12563,9124
2840,9125
1976,9126
11771,9127
20218,9128
9778,9129
17682,9130
9098,9131
8409,9132
7047,9133
12145,9134
10844,9135
20704,9136
10849,9137
22625,9138
10257,9139
24022,9140
23162,9141
13185,9142
17034,9143
2174,9144
2684,9145
6041,9146
19835,9147
20633,9148
5843,9149
2306,9150
11275,9151
1105,9152
1192,9153
3244,9154
3654,9155
4781,9156
17414,9157
1122,9158
6188,9159
13593,9160
4673,9161
15156,9162
17416,9163
11153,9164
23383,9165
632,9166
6673,9167
12921,9168
15468,9169
6606,9170
15388,9171
6749,9172
4330,9173
7273,9174
18543,9175
7291,9176
6289,9177
7428,9178
10591,9179
1235,9180
1951,9181
4071,9182
16661,9183
3966,9184
12010,9185
12802,9186
11152,9187
5008,9188
13069,9189
11156,9190
10473,9191
7807,9192
5369,9193
810,9194
1092,9195
2530,9196
10651,9197
11336,9198
10589,9199
17603,9200
2976,9201
2253,9202
373,9203
4647,9204
7850,9205
22488,9206
16882,9207
18318,9208
6806,9209
5837,9210
13055,9211
1583,9212
809,9213
11335,9214
8111,9215
6491,9216
11012,9217
2672,9218
15152,9219
20071,9220
516,9221
7082,9222
14656,9223
7761,9224
7084,9225
4295,9226
823,9227
3680,9228
10312,9229
10998,9230
14330,9231
14774,9232
14332,9233
15096,9234
1942,9235
16604,9236
6866,9237
18950,9238
8234,9239
14331,9240
8243,9241
8245,9242
23668,9243
5588,9244
826,9245
11474,9246
10669,9247
13060,9248
15405,9249
11352,9250
8440,9251
7759,9252
3585,9253
24207,9254
1059,9255
1160,9256
13708,9257
21428,9258
8484,9259
8121,9260
5041,9261
3622,9262
7113,9263
12181,9264
12275,9265
12014,9266
12806,9267
11611,9268
16634,9269
13210,9270
19403,9271
17333,9272
19740,9273
20541,9274
11506,9275
18934,9276
18133,9277
18117,9278
22705,9279
11935,9280
4597,9281
5376,9282
12807,9283
12015,9284
12405,9285
15128,9286
20200,9287
20548,9288
21869,9289
20545,9290
23563,9291
21378,9292
17693,9293
23954,9294
2692,9295
15078,9296
5955,9297
8531,9298
21618,9299
1078,9300
863,9301
1554,9302
13754,9303
16128,9304
19913,9305
12066,9306
1885,9307
22868,9308
17963,9309
3308,9310
4427,9311
23415,9312
3025,9313
2302,9314
2275,9315
14544,9316
335,9317
23222,9318
17517,9319
3525,9320
21027,9321
22016,9322
473,9323
21128,9324
4839,9325
5135,9326
5424,9327
3018,9328
18458,9329
1575,9330
5126,9331
6549,9332
7930,9333
8305,9334
10009,9335
8888,9336
2303,9337
12263,9338
862,9339
19805,9340
7912,9341
5260,9342
359,9343
6636,9344
23198,9345
2614,9346
2820,9347
2099,9348
3026,9349
452,9350
9118,9351
11482,9352
7757,9353
7080,9354
10468,9355
18390,9356
340,9357
10926,9358
15273,9359
22281,9360
4734,9361
5346,9362
19815,9363
14086,9364
13852,9365
10001,9366
4876,9367
8438,9368
9167,9369
19797,9370
10889,9371
12206,9372
19274,9373
3258,9374
6404,9375
6674,9376
17529,9377
22640,9378
7764,9379
8444,9380
7763,9381
14783,9382
16579,9383
19402,9384
21003,9385
2123,9386
21403,9387
18612,9388
12728,9389
12297,9390
21871,9391
22231,9392
4968,9393
13885,9394
5671,9395
3553,9396
18119,9397
20014,9398
1728,9399
21570,9400
20203,9401
7030,9402
8172,9403
5161,9404
8445,9405
15543,9406
13519,9407
21855,9408
15069,9409
22259,9410
14791,9411
23582,9412
15826,9413
17694,9414
2691,9415
16585,9416
535,9417
6349,9418
7033,9419
18490,9420
8446,9421
1254,9422
13196,9423
19772,9424
17810,9425
14315,9426
17690,9427
19415,9428
18938,9429
21386,9430
22241,9431
22216,9432
22524,9433
23096,9434
23454,9435
15829,9436
13518,9437
23076,9438
18416,9439
2450,9440
24157,9441
13916,9442
20998,9443
13525,9444
3751,9445
14634,9446
4091,9447
16589,9448
4265,9449
8578,9450
376,9451
771,9452
2246,9453
1238,9454
22919,9455
23553,9456
770,9457
14581,9458
7357,9459
18539,9460
16471,9461
20963,9462
21815,9463
4443,9464
13815,9465
139,9466
33,9467
6530,9468
8040,9469
19121,9470
18320,9471
17964,9472
7620,9473
3713,9474
15402,9475
21708,9476
16704,9477
3019,9478
3684,9479
1808,9480
10647,9481
22051,9482
5100,9483
4394,9484
5829,9485
7222,9486
10655,9487
8582,9488
8731,9489
21576,9490
6797,9491
3748,9492
11461,9493
3055,9494
11585,9495
16472,9496
10960,9497
13965,9498
17763,9499
22662,9500
2626,9501
2655,9502
14767,9503
12525,9504
20959,9505
16420,9506
23647,9507
22057,9508
17056,9509
16303,9510
17813,9511
22235,9512
22597,9513
21380,9514
23958,9515
21360,9516
3556,9517
19291,9518
2845,9519
5267,9520
10096,9521
5503,9522
21376,9523
18493,9524
16576,9525
17327,9526
6310,9527
6829,9528
6144,9529
6996,9530
7678,9531
7630,9532
2103,9533
8313,9534
2825,9535
13999,9536
11619,9537
15550,9538
17054,9539
17336,9540
17340,9541
18488,9542
18489,9543
11943,9544
12734,9545
23939,9546
20816,9547
1008,9548
9081,9549
17691,9550
8391,9551
7710,9552
23077,9553
9171,9554
9283,9555
9300,9556
9329,9557
9519,9558
16664,9559
9124,9560
12403,9561
15072,9562
17805,9563
16572,9564
20570,9565
14004,9566
2120,9567
13092,9568
23565,9569
17326,9570
2842,9571
677,9572
18918,9573
23368,9574
317,9575
19145,9576
17804,9577
4262,9578
8879,9579
10734,9580
13048,9581
7966,9582
13172,9583
13319,9584
14741,9585
15503,9586
19358,9587
4056,9588
3350,9589
6141,9590
6920,9591
11777,9592
8619,9593
10956,9594
13246,9595
12569,9596
16267,9597
20166,9598
23523,9599
22666,9600
2728,9601
5468,9602
6568,9603
11662,9604
12456,9605
19598,9606
6832,9607
22830,9608
9028,9609
11778,9610
9628,9611
11960,9612
9684,9613
18798,9614
18611,9615
12418,9616
16304,9617
16575,9618
19747,9619
20892,9620
22237,9621
12730,9622
21358,9623
23456,9624
23580,9625
23956,9626
20091,9627
23094,9628
22233,9629
22213,9630
13773,9631
9687,9632
18796,9633
14002,9634
11626,9635
14793,9636
15555,9637
15822,9638
16192,9639
15065,9640
23092,9641
12298,9642
11934,9643
12725,9644
12717,9645
24232,9646
5297,9647
14495,9648
442,9649
3747,9650
7029,9651
15438,9652
6345,9653
5670,9654
11926,9655
21652,9656
4595,9657
12907,9658
18603,9659
9561,9660
3054,9661
22547,9662
9703,9663
10694,9664
12266,9665
13851,9666
7929,9667
11379,9668
10671,9669
3693,9670
18624,9671
17978,9672
1999,9673
20221,9674
14143,9675
22030,9676
22726,9677
17208,9678
23585,9679
11763,9680
2973,9681
3413,9682
16456,9683
4829,9684
23741,9685
5531,9686
12554,9687
805,9688
18465,9689
5800,9690
13352,9691
18628,9692
8613,9693
9303,9694
11356,9695
2974,9696
22733,9697
18052,9698
9710,9699
23769,9700
15549,9701
16302,9702
15835,9703
17812,9704
16582,9705
20890,9706
13523,9707
14313,9708
21743,9709
18941,9710
18140,9711
22721,9712
14307,9713
19293,9714
23074,9715
23369,9716
3180,9717
978,9718
23201,9719
12865,9720
23186,9721
14584,9722
10775,9723
10091,9724
11532,9725
22300,9726
10167,9727
7658,9728
21447,9729
4442,9730
12210,9731
1723,9732
9408,9733
8726,9734
22392,9735
8341,9736
611,9737
6975,9738
18460,9739
10687,9740
7654,9741
7177,9742
5363,9743
7857,9744
2671,9745
6873,9746
10478,9747
5375,9748
12013,9749
14383,9750
6874,9751
14381,9752
21721,9753
12803,9754
7085,9755
20069,9756
10479,9757
11162,9758
9115,9759
22523,9760
9787,9761
5690,9762
12968,9763
2485,9764
12933,9765
12317,9766
11413,9767
12257,9768
1605,9769
12347,9770
4929,9771
9792,9772
12151,9773
4637,9774
24137,9775
2602,9776
3069,9777
18447,9778
468,9779
12798,9780
5175,9781
18712,9782
9794,9783
15324,9784
7370,9785
15276,9786
12334,9787
2593,9788
8443,9789
926,9790
11455,9791
2363,9792
4898,9793
9795,9794
21667,9795
9796,9796
9116,9797
3586,9798
12975,9799
6688,9800
9797,9801
98,9802
980,9803
19086,9804
19882,9805
21482,9806
17602,9807
8727,9808
9409,9809
7481,9810
24009,9811
9483,9812
13294,9813
13645,9814
3734,9815
12208,9816
10778,9817
288,9818
1007,9819
1696,9820
12499,9821
4167,9822
5601,9823
23422,9824
2289,9825
4168,9826
9800,9827
13861,9828
9801,9829
10203,9830
9802,9831
9122,9832
9809,9833
1368,9834
21065,9835
648,9836
2035,9837
16476,9838
2756,9839
21228,9840
16261,9841
981,9842
8181,9843
11824,9844
9819,9845
20025,9846
6660,9847
11598,9848
14083,9849
3012,9850
1171,9851
16886,9852
20862,9853
3343,9854
11703,9855
18683,9856
2875,9857
5931,9858
5230,9859
11600,9860
10551,9861
10185,9862
15529,9863
16282,9864
11219,9865
3770,9866
4477,9867
19003,9868
14642,9869
5046,9870
5368,9871
6126,9872
21698,9873
6463,9874
6543,9875
22568,9876
3020,9877
1536,9878
15518,9879
635,9880
730,9881
2901,9882
13564,9883
18472,9884
13596,9885
14386,9886
18597,9887
13527,9888
19273,9889
20195,9890
13530,9891
20997,9892
20550,9893
23556,9894
13528,9895
3965,9896
10482,9897
4280,9898
13998,9899
12737,9900
20888,9901
11946,9902
23965,9903
23078,9904
22528,9905
7087,9906
17050,9907
17801,9908
18967,9909
14000,9910
18944,9911
20196,9912
22236,9913
22701,9914
18143,9915
14674,9916
12735,9917
11944,9918
7546,9919
7656,9920
2051,9921
2864,9922
7711,9923
7766,9924
8393,9925
8447,9926
20199,9927
20995,9928
16590,9929
21849,9930
17337,9931
2855,9932
21014,9933
4972,9934
4973,9935
20087,9936
4267,9937
3558,9938
23940,9939
23388,9940
8507,9941
8627,9942
7274,9943
6570,9944
8823,9945
16687,9946
7136,9947
17376,9948
16172,9949
16173,9950
16665,9951
17415,9952
15155,9953
12404,9954
13199,9955
15067,9956
16578,9957
17417,9958
13195,9959
15884,9960
17675,9961
18138,9962
18965,9963
21004,9964
11932,9965
21870,9966
20544,9967
20894,9968
21377,9969
22232,9970
12714,9971
16061,9972
2510,9973
14483,9974
11610,9975
15267,9976
19743,9977
19881,9978
16001,9979
19862,9980
3852,9981
4715,9982
3769,9983
20843,9984
5182,9985
20170,9986
23801,9987
2628,9988
3330,9989
4914,9990
5617,9991
5618,9992
6261,9993
22055,9994
7603,9995
21202,9996
21016,9997
11625,9998
12723,9999
16943,10000
23089,10001
23951,10002
11923,10003
16814,10004
353,10005
8078,10006
7395,10007
6099,10008
4521,10009
4640,10010
5926,10011
4520,10012
13157,10013
16255,10014
17010,10015
21443,10016
4768,10017
868,10018
9282,10019
1093,10020
11350,10021
5080,10022
13983,10023
1353,10024
7547,10025
2068,10026
619,10027
17406,10028
9213,10029
9290,10030
20867,10031
2217,10032
2288,10033
20987,10034
4897,10035
6054,10036
8585,10037
6863,10038
5600,10039
23649,10040
15149,10041
16174,10042
15907,10043
19786,10044
8432,10045
9686,10046
11054,10047
22054,10048
9003,10049
22907,10050
13211,10051
14797,10052
21019,10053
20537,10054
13093,10055
19736,10056
21368,10057
15439,10058
22223,10059
22225,10060
23084,10061
7706,10062
6645,10063
4629,10064
22412,10065
13691,10066
13992,10067
18129,10068
5240,10069
5941,10070
24039,10071
23333,10072
10142,10073
10826,10074
6119,10075
8156,10076
5929,10077
8387,10078
8692,10079
3923,10080
14481,10081
10932,10082
12098,10083
13665,10084
12867,10085
16714,10086
21858,10087
14302,10088
23179,10089
24195,10090
5337,10091
4635,10092
6100,10093
3816,10094
1088,10095
1667,10096
21466,10097
11572,10098
19036,10099
15513,10100
20961,10101
4032,10102
4057,10103
908,10104
17648,10105
2347,10106
21231,10107
16272,10108
21826,10109
4036,10110
3500,10111
4207,10112
3451,10113
19601,10114
5460,10115
17032,10116
4206,10117
4758,10118
3499,10119
6947,10120
13366,10121
21018,10122
14003,10123
22228,10124
6078,10125
19739,10126
20540,10127
16568,10128
12155,10129
10139,10130
13692,10131
10241,10132
16024,10133
1630,10134
20677,10135
19879,10136
23566,10137
21373,10138
2397,10139
20775,10140
358,10141
1077,10142
10918,10143
22318,10144
3226,10145
4519,10146
3108,10147
17768,10148
19834,10149
17019,10150
20941,10151
22667,10152
4769,10153
13250,10154
6142,10155
11058,10156
6145,10157
15591,10158
7572,10159
17324,10160
21746,10161
16573,10162
7679,10163
4158,10164
20400,10165
18610,10166
21868,10167
22722,10168
17329,10169
21745,10170
18136,10171
18937,10172
14295,10173
23960,10174
20090,10175
17330,10176
11938,10177
8197,10178
9078,10179
8011,10180
9776,10181
18473,10182
20870,10183
14385,10184
13595,10185
20197,10186
15081,10187
2133,10188
17053,10189
17339,10190
20211,10191
13521,10192
13090,10193
15832,10194
15075,10195
20526,10196
23450,10197
16588,10198
23559,10199
22240,10200
24239,10201
305,10202
23250,10203
21000,10204
21382,10205
24112,10206
23207,10207
12871,10208
4090,10209
4674,10210
4712,10211
18218,10212
5934,10213
16083,10214
6403,10215
7086,10216
13989,10217
14308,10218
15885,10219
11624,10220
12416,10221
15833,10222
18935,10223
21850,10224
22704,10225
15076,10226
20089,10227
16583,10228
23102,10229
5379,10230
23093,10231
23955,10232
11927,10233
16837,10234
1742,10235
16025,10236
16782,10237
17510,10238
16757,10239
22707,10240
18134,10241
3299,10242
1638,10243
14630,10244
4531,10245
20801,10246
10119,10247
10803,10248
5885,10249
14757,10250
20429,10251
22674,10252
2629,10253
6313,10254
6999,10255
18677,10256
17219,10257
7474,10258
18261,10259
7535,10260
13182,10261
1358,10262
7681,10263
17879,10264
23770,10265
13205,10266
15548,10267
18609,10268
23964,10269
23451,10270
17335,10271
16584,10272
13508,10273
15330,10274
7713,10275
7765,10276
12016,10277
11609,10278
20572,10279
12413,10280
12417,10281
14316,10282
19412,10283
11942,10284
21379,10285
22702,10286
12733,10287
22594,10288
14314,10289
13524,10290
21359,10291
13780,10292
23561,10293
18141,10294
23957,10295
21744,10296
22234,10297
3384,10298
20553,10299
22593,10300
13526,10301
7364,10302
8050,10303
2471,10304
10230,10305
1673,10306
8095,10307
20647,10308
8217,10309
4915,10310
13265,10311
12570,10312
20209,10313
11622,10314
14790,10315
18942,10316
21385,10317
21741,10318
23963,10319
23101,10320
23075,10321
3261,10322
19748,10323
20549,10324
18919,10325
12986,10326
10113,10327
4092,10328
11936,10329
20893,10330
12727,10331
23095,10332
8394,10333
22592,10334
6352,10335
7036,10336
20527,10337
24240,10338
10112,10339
8744,10340
955,10341
10957,10342
11663,10343
11056,10344
15977,10345
17020,10346
17766,10347
18556,10348
1904,10349
2006,10350
22665,10351
10372,10352
4766,10353
7607,10354
8291,10355
3954,10356
4354,10357
9689,10358
6741,10359
10574,10360
1955,10361
13368,10362
9805,10363
9125,10364
16635,10365
15553,10366
13513,10367
17811,10368
20214,10369
15070,10370
21853,10371
12729,10372
22238,10373
22703,10374
22708,10375
14303,10376
22599,10377
12722,10378
11931,10379
23099,10380
21742,10381
21383,10382
23564,10383
15827,10384
20092,10385
17328,10386
23579,10387
13520,10388
19292,10389
14310,10390
21381,10391
7026,10392
9761,10393
9759,10394
7328,10395
982,10396
1701,10397
12059,10398
19860,10399
3056,10400
894,10401
5847,10402
11436,10403
14608,10404
12537,10405
3309,10406
10668,10407
13853,10408
7614,10409
23730,10410
12459,10411
22019,10412
4128,10413
22872,10414
10380,10415
17187,10416
825,10417
9571,10418
3024,10419
20855,10420
1581,10421
5132,10422
9822,10423
10497,10424
2869,10425
14525,10426
7408,10427
19384,10428
9823,10429
10884,10430
2881,10431
9824,10432
1422,10433
19193,10434
20033,10435
20700,10436
17747,10437
11182,10438
3837,10439
18284,10440
20679,10441
22331,10442
17574,10443
2493,10444
1770,10445
8163,10446
19837,10447
9825,10448
9144,10449
1421,10450
2428,10451
8780,10452
19106,10453
13144,10454
20716,10455
5940,10456
6630,10457
960,10458
18378,10459
360,10460
1079,10461
7482,10462
20634,10463
10853,10464
6290,10465
19836,10466
7954,10467
24192,10468
10830,10469
362,10470
1081,10471
19116,10472
6976,10473
1331,10474
19517,10475
20059,10476
2287,10477
2769,10478
7175,10479
5364,10480
5072,10481
3366,10482
12006,10483
16928,10484
16658,10485
517,10486
18981,10487
12277,10488
13586,10489
14376,10490
10467,10491
8960,10492
15909,10493
15419,10494
17412,10495
18181,10496
11150,10497
16809,10498
3221,10499
15272,10500
1188,10501
16660,10502
9826,10503
8831,10504
10501,10505
11184,10506
18984,10507
16832,10508
1750,10509
9827,10510
10882,10511
8464,10512
6421,10513
20590,10514
6650,10515
10093,10516
12881,10517
17703,10518
19047,10519
9481,10520
24014,10521
21451,10522
10030,10523
9346,10524
7935,10525
24249,10526
1726,10527
2449,10528
14475,10529
8871,10530
10650,10531
9828,10532
9829,10533
10881,10534
2887,10535
716,10536
15164,10537
12185,10538
3178,10539
21531,10540
20951,10541
2164,10542
5248,10543
13661,10544
12863,10545
21480,10546
16834,10547
10804,10548
10120,10549
15469,10550
7309,10551
11447,10552
4899,10553
8679,10554
5849,10555
12186,10556
8051,10557
6002,10558
1748,10559
19120,10560
5602,10561
2048,10562
4191,10563
22563,10564
15193,10565
2677,10566
20406,10567
3461,10568
4363,10569
3953,10570
5073,10571
3365,10572
515,10573
5485,10574
22063,10575
16295,10576
15542,10577
18150,10578
23445,10579
12750,10580
11026,10581
11027,10582
15797,10583
18907,10584
7454,10585
20512,10586
19711,10587
19708,10588
22507,10589
7559,10590
7760,10591
11481,10592
3587,10593
13589,10594
7762,10595
3259,10596
15153,10597
8263,10598
13485,10599
16194,10600
11903,10601
12694,10602
11896,10603
23367,10604
318,10605
4720,10606
11422,10607
9114,10608
14561,10609
9521,10610
23926,10611
21347,10612
12687,10613
24231,10614
5298,10615
14493,10616
14713,10617
17733,10618
900,10619
20045,10620
1620,10621
19618,10622
5448,10623
17934,10624
19479,10625
23691,10626
20277,10627
21981,10628
14844,10629
11252,10630
15604,10631
10569,10632
10862,10633
1472,10634
7552,10635
7946,10636
10296,10637
11303,10638
13313,10639
3335,10640
16700,10641
1096,10642
380,10643
6512,10644
7197,10645
5772,10646
8460,10647
14777,10648
13568,10649
12286,10650
21398,10651
22253,10652
15115,10653
7569,10654
19766,10655
14667,10656
18159,10657
18960,10658
16622,10659
8927,10660
18999,10661
7423,10662
5085,10663
5787,10664
3648,10665
12177,10666
1757,10667
9646,10668
18006,10669
13193,10670
13986,10671
15854,10672
11501,10673
17355,10674
4096,10675
22205,10676
537,10677
4255,10678
6764,10679
23928,10680
7579,10681
17299,10682
16947,10683
8839,10684
20514,10685
18107,10686
23922,10687
20000,10688
9804,10689
17674,10690
14382,10691
12012,10692
983,10693
6864,10694
570,10695
23757,10696
9830,10697
3151,10698
2517,10699
19094,10700
17705,10701
21799,10702
7993,10703
10168,10704
19041,10705
23149,10706
19808,10707
19009,10708
5139,10709
20773,10710
8781,10711
10831,10712
974,10713
24057,10714
21471,10715
11545,10716
11546,10717
11366,10718
18534,10719
20864,10720
2280,10721
18463,10722
7919,10723
3939,10724
839,10725
5815,10726
5809,10727
15357,10728
5275,10729
18301,10730
14724,10731
19874,10732
9315,10733
9831,10734
5966,10735
1066,10736
21579,10737
17724,10738
9374,10739
9834,10740
12971,10741
1043,10742
18341,10743
1883,10744
18212,10745
23407,10746
15959,10747
2221,10748
9835,10749
23370,10750
1034,10751
18311,10752
16245,10753
19302,10754
21449,10755
13826,10756
23151,10757
19044,10758
2316,10759
3039,10760
11383,10761
22509,10762
2474,10763
316,10764
7165,10765
1820,10766
5063,10767
7768,10768
5605,10769
13892,10770
16631,10771
20675,10772
16993,10773
21781,10774
23493,10775
24230,10776
3005,10777
21715,10778
3698,10779
21716,10780
5111,10781
1557,10782
5113,10783
4646,10784
3699,10785
5299,10786
3847,10787
24063,10788
24018,10789
18251,10790
11553,10791
11139,10792
17489,10793
22696,10794
8597,10795
9099,10796
13874,10797
15118,10798
9304,10799
5972,10800
4575,10801
9779,10802
15872,10803
12976,10804
1038,10805
13137,10806
23778,10807
319,10808
2415,10809
3137,10810
13108,10811
14816,10812
2310,10813
11467,10814
16157,10815
10023,10816
18454,10817
3727,10818
4435,10819
4937,10820
5151,10821
19251,10822
21699,10823
22549,10824
2327,10825
3050,10826
12355,10827
13943,10828
13948,10829
15500,10830
1502,10831
17392,10832
22657,10833
11314,10834
22659,10835
4740,10836
10602,10837
5095,10838
5441,10839
4377,10840
5540,10841
5798,10842
6205,10843
19591,10844
6219,10845
6523,10846
6562,10847
20857,10848
22559,10849
5801,10850
1576,10851
3686,10852
6594,10853
6904,10854
18098,10855
7256,10856
10293,10857
10973,10858
10629,10859
16162,10860
1514,10861
1913,10862
3669,10863
3237,10864
477,10865
5788,10866
5086,10867
5797,10868
20066,10869
3679,10870
10637,10871
6848,10872
7278,10873
11564,10874
13149,10875
13150,10876
13942,10877
14736,10878
1522,10879
15497,10880
13626,10881
16253,10882
20955,10883
2243,10884
23514,10885
23516,10886
2961,10887
4285,10888
4434,10889
10966,10890
10979,10891
10982,10892
1198,10893
1200,10894
14415,10895
2966,10896
2532,10897
4041,10898
5358,10899
6508,10900
7527,10901
7207,10902
10856,10903
7531,10904
7533,10905
782,10906
1102,10907
783,10908
4658,10909
16696,10910
7193,10911
7887,10912
789,10913
3946,10914
2955,10915
2233,10916
11266,10917
19997,10918
6007,10919
19153,10920
12331,10921
23518,10922
4485,10923
794,10924
10584,10925
20797,10926
321,10927
24164,10928
23480,10929
11431,10930
10854,10931
24000,10932
1356,10933
14836,10934
1373,10935
14046,10936
17228,10937
2750,10938
23797,10939
20957,10940
7944,10941
4404,10942
16279,10943
10520,10944
4760,10945
11203,10946
11476,10947
7955,10948
14603,10949
160,10950
52,10951
799,10952
1519,10953
1486,10954
8213,10955
8215,10956
8219,10957
15930,10958
835,10959
13977,10960
15173,10961
10879,10962
17434,10963
16683,10964
8535,10965
23363,10966
1041,10967
20744,10968
13126,10969
1637,10970
7513,10971
8556,10972
5360,10973
7873,10974
8570,10975
8584,10976
807,10977
8626,10978
7943,10979
2999,10980
15527,10981
14400,10982
3346,10983
13611,10984
6065,10985
15174,10986
15931,10987
10509,10988
8923,10989
2238,10990
6733,10991
4383,10992
3675,10993
8929,10994
10619,10995
4656,10996
9222,10997
22503,10998
10127,10999
23302,11000
22623,11001
5901,11002
16140,11003
5200,11004
6308,11005
591,11006
19553,11007
22759,11008
12579,11009
23617,11010
22937,11011
6165,11012
9244,11013
9254,11014
9264,11015
9270,11016
9271,11017
9276,11018
9326,11019
7246,11020
5350,11021
11331,11022
22043,11023
7901,11024
7221,11025
2250,11026
9358,11027
10042,11028
11389,11029
10287,11030
1206,11031
12356,11032
12357,11033
13946,11034
14739,11035
1510,11036
15498,11037
16248,11038
17753,11039
1926,11040
21803,11041
3676,11042
4029,11043
4365,11044
4370,11045
4384,11046
16916,11047
4741,11048
3656,11049
10176,11050
2220,11051
2942,11052
4752,11053
479,11054
5093,11055
6163,11056
6517,11057
6527,11058
6845,11059
6846,11060
3662,11061
1817,11062
7171,11063
7184,11064
7211,11065
15407,11066
7212,11067
7864,11068
6052,11069
6499,11070
11287,11071
5773,11072
7878,11073
7891,11074
8209,11075
15949,11076
10172,11077
16701,11078
17452,11079
8557,11080
8561,11081
3948,11082
7198,11083
6513,11084
10583,11085
16078,11086
8565,11087
5356,11088
20598,11089
19799,11090
8574,11091
7851,11092
24227,11093
9251,11094
18469,11095
9836,11096
21662,11097
10791,11098
14522,11099
23464,11100
16730,11101
6727,11102
17483,11103
660,11104
4136,11105
1380,11106
6940,11107
7624,11108
7690,11109
8373,11110
15583,11111
9837,11112
23379,11113
10790,11114
22364,11115
23463,11116
6621,11117
16135,11118
8675,11119
4935,11120
4140,11121
5638,11122
2741,11123
11752,11124
3432,11125
23733,11126
14035,11127
984,11128
1703,11129
16746,11130
3819,11131
1616,11132
2336,11133
11406,11134
9388,11135
16878,11136
23729,11137
460,11138
1544,11139
16159,11140
2990,11141
2267,11142
6122,11143
11382,11144
13056,11145
15197,11146
15954,11147
8299,11148
11744,11149
6246,11150
12536,11151
6931,11152
13334,11153
4837,11154
11741,11155
9016,11156
16435,11157
10383,11158
14918,11159
9288,11160
9306,11161
6655,11162
19235,11163
22384,11164
16753,11165
24049,11166
3444,11167
4726,11168
4930,11169
19461,11170
17203,11171
20258,11172
16451,11173
17845,11174
14829,11175
22834,11176
641,11177
9386,11178
18431,11179
12233,11180
17530,11181
14451,11182
23190,11183
2749,11184
21150,11185
1310,11186
2028,11187
21175,11188
22028,11189
11650,11190
19537,11191
3418,11192
3503,11193
4543,11194
5936,11195
14565,11196
6659,11197
267,11198
132,11199
8049,11200
7366,11201
4544,11202
13656,11203
15991,11204
22311,11205
2383,11206
23155,11207
24229,11208
10808,11209
23758,11210
9573,11211
10942,11212
7908,11213
962,11214
5961,11215
7393,11216
356,11217
12886,11218
19077,11219
19872,11220
20646,11221
18253,11222
3101,11223
14529,11224
3223,11225
22029,11226
9699,11227
15678,11228
11069,11229
15674,11230
1294,11231
14120,11232
10387,11233
12529,11234
575,11235
13327,11236
11073,11237
22866,11238
20250,11239
2819,11240
1295,11241
13630,11242
2013,11243
14420,11244
20049,11245
12837,11246
4438,11247
5841,11248
20825,11249
19230,11250
22345,11251
6722,11252
20671,11253
19873,11254
14963,11255
19445,11256
7941,11257
9845,11258
9846,11259
10192,11260
772,11261
11015,11262
11197,11263
1352,11264
4793,11265
18700,11266
3470,11267
7728,11268
18481,11269
7051,11270
7801,11271
8482,11272
1248,11273
1423,11274
1967,11275
19503,11276
20301,11277
9777,11278
8405,11279
22532,11280
9849,11281
2165,11282
3862,11283
15366,11284
12336,11285
13131,11286
5117,11287
22565,11288
7261,11289
15400,11290
20154,11291
23692,11292
847,11293
3230,11294
7945,11295
4048,11296
23681,11297
8886,11298
13834,11299
19020,11300
18221,11301
7262,11302
6578,11303
3702,11304
2305,11305
8595,11306
17668,11307
17669,11308
18382,11309
1786,11310
3682,11311
5097,11312
4390,11313
10314,11314
10316,11315
10318,11316
10320,11317
11001,11318
1230,11319
15899,11320
18175,11321
19777,11322
2665,11323
11995,11324
4066,11325
5706,11326
6182,11327
15143,11328
6732,11329
6533,11330
11329,11331
11003,11332
11007,11333
12397,11334
13190,11335
11149,11336
13572,11337
1943,11338
1946,11339
12786,11340
21408,11341
2667,11342
2894,11343
17041,11344
15138,11345
17790,11346
18475,11347
18589,11348
14362,11349
13868,11350
1957,11351
10466,11352
16177,11353
1959,11354
12785,11355
20581,11356
19781,11357
21407,11358
22262,11359
2680,11360
4067,11361
4279,11362
13784,11363
4788,11364
3578,11365
22575,11366
13574,11367
14364,11368
4790,11369
5000,11370
524,11371
525,11372
16643,11373
18477,11374
17395,11375
5289,11376
12139,11377
11524,11378
10045,11379
1228,11380
15896,11381
16907,11382
10731,11383
21143,11384
4862,11385
21996,11386
17861,11387
12551,11388
5563,11389
11759,11390
14818,11391
13236,11392
17179,11393
4918,11394
5704,11395
21723,11396
3579,11397
5705,11398
6184,11399
19782,11400
6380,11401
6381,11402
13075,11403
11142,11404
10459,11405
3566,11406
18386,11407
1782,11408
21587,11409
1233,11410
20918,11411
23985,11412
6384,11413
6387,11414
6591,11415
6880,11416
20582,11417
5377,11418
18176,11419
7055,11420
24221,11421
7065,11422
7378,11423
12926,11424
12326,11425
4462,11426
14633,11427
2340,11428
10692,11429
21709,11430
7553,11431
12791,11432
7558,11433
11141,11434
16933,11435
7732,11436
22479,11437
5324,11438
12932,11439
11527,11440
509,11441
6601,11442
13046,11443
7797,11444
15536,11445
17789,11446
18975,11447
3373,11448
18972,11449
21724,11450
18172,11451
16641,11452
2851,11453
20780,11454
3917,11455
12928,11456
11531,11457
18214,11458
3967,11459
19780,11460
20580,11461
4078,11462
4787,11463
13579,11464
4985,11465
523,11466
11148,11467
14661,11468
5265,11469
348,11470
14517,11471
13113,11472
6076,11473
14369,11474
6193,11475
20584,11476
13865,11477
19784,11478
15142,11479
18163,11480
6195,11481
16648,11482
6382,11483
23432,11484
6390,11485
6879,11486
11146,11487
12280,11488
6881,11489
11143,11490
18476,11491
10460,11492
7067,11493
7054,11494
4564,11495
7073,11496
14359,11497
16861,11498
7959,11499
8236,11500
8237,11501
12789,11502
4675,11503
17400,11504
15139,11505
2852,11506
20781,11507
8249,11508
6388,11509
8251,11510
2860,11511
8426,11512
17677,11513
8428,11514
8429,11515
6762,11516
7071,11517
5004,11518
13569,11519
17612,11520
10078,11521
21602,11522
16967,11523
8430,11524
846,11525
12371,11526
1566,11527
11673,11528
17138,11529
19539,11530
12467,11531
13260,11532
14910,11533
20337,11534
14053,11535
20330,11536
20965,11537
22822,11538
23679,11539
4170,11540
21113,11541
17132,11542
6972,11543
14872,11544
21084,11545
17969,11546
8354,11547
8580,11548
10315,11549
11002,11550
11004,11551
11006,11552
11199,11553
10332,11554
12790,11555
13578,11556
15137,11557
15424,11558
14368,11559
15141,11560
16288,11561
11996,11562
16642,11563
17676,11564
17399,11565
16647,11566
1945,11567
1960,11568
23980,11569
2668,11570
15892,11571
2679,11572
2139,11573
16931,11574
1414,11575
2681,11576
19778,11577
22576,11578
3372,11579
4079,11580
15891,11581
20873,11582
15134,11583
20577,11584
4275,11585
19187,11586
2505,11587
12133,11588
23477,11589
4989,11590
5489,11591
15894,11592
3260,11593
16645,11594
6867,11595
15900,11596
6871,11597
6878,11598
16651,11599
13072,11600
17403,11601
11999,11602
23981,11603
14593,11604
7347,11605
5943,11606
11518,11607
3080,11608
16900,11609
18219,11610
6375,11611
7554,11612
5708,11613
7565,11614
3582,11615
6077,11616
10463,11617
7567,11618
3581,11619
8427,11620
4676,11621
4291,11622
5002,11623
683,11624
8643,11625
13844,11626
10041,11627
21793,11628
23709,11629
2032,11630
22851,11631
2753,11632
22876,11633
596,11634
22023,11635
8700,11636
8715,11637
24177,11638
23466,11639
4466,11640
6869,11641
891,11642
8934,11643
21129,11644
12470,11645
6442,11646
5370,11647
10524,11648
8950,11649
8951,11650
7744,11651
8953,11652
18974,11653
8954,11654
18973,11655
23433,11656
11993,11657
17394,11658
8964,11659
7749,11660
11486,11661
4293,11662
3583,11663
8965,11664
17401,11665
12281,11666
16649,11667
18977,11668
7733,11669
23358,11670
327,11671
16046,11672
22608,11673
11425,11674
8949,11675
8966,11676
11145,11677
8999,11678
15584,11679
19451,11680
6314,11681
7683,11682
8367,11683
906,11684
8416,11685
9104,11686
9105,11687
9107,11688
22574,11689
2138,11690
1413,11691
1405,11692
9108,11693
16932,11694
7747,11695
7070,11696
23118,11697
8018,11698
1714,11699
16047,11700
12313,11701
3759,11702
16148,11703
8655,11704
8612,11705
14643,11706
3706,11707
2658,11708
14082,11709
4414,11710
17912,11711
21816,11712
13290,11713
21930,11714
12528,11715
20276,11716
21077,11717
21985,11718
22837,11719
19478,11720
17175,11721
5581,11722
11702,11723
22791,11724
613,11725
21967,11726
19487,11727
14130,11728
6990,11729
9109,11730
9291,11731
22570,11732
10658,11733
1535,11734
10994,11735
21962,11736
5821,11737
16280,11738
3483,11739
5802,11740
9301,11741
12268,11742
5105,11743
13982,11744
12572,11745
5807,11746
20412,11747
7544,11748
4894,11749
9310,11750
11597,11751
17136,11752
17131,11753
705,11754
9384,11755
8030,11756
9396,11757
14465,11758
15458,11759
1608,11760
8948,11761
9455,11762
13690,11763
14604,11764
18440,11765
197,11766
21505,11767
22358,11768
237,11769
107,11770
238,11771
108,11772
24166,11773
247,11774
114,11775
7245,11776
15403,11777
22560,11778
10007,11779
22069,11780
11008,11781
10322,11782
11780,11783
1251,11784
12571,11785
10997,11786
1966,11787
2066,11788
22649,11789
18085,11790
10887,11791
11494,11792
12273,11793
12287,11794
13065,11795
13864,11796
14681,11797
15431,11798
15790,11799
15033,11800
16654,11801
16930,11802
14370,11803
13580,11804
19787,11805
2130,11806
1707,11807
2141,11808
1415,11809
2143,11810
21748,11811
15058,11812
15815,11813
18912,11814
22265,11815
22579,11816
23048,11817
16824,11818
24219,11819
1763,11820
3189,11821
20340,11822
16620,11823
3264,11824
12701,11825
11910,11826
23061,11827
12215,11828
3363,11829
4069,11830
412,11831
23894,11832
23032,11833
23887,11834
18420,11835
3162,11836
4218,11837
4272,11838
3563,11839
12773,11840
15349,11841
278,11842
3509,11843
18671,11844
4779,11845
4924,11846
17873,11847
20273,11848
22936,11849
3540,11850
13166,11851
4981,11852
4982,11853
1401,11854
12772,11855
17589,11856
5388,11857
16530,11858
17280,11859
21320,11860
23335,11861
352,11862
16429,11863
21925,11864
23698,11865
13257,11866
1393,11867
14050,11868
22931,11869
20973,11870
5480,11871
18807,11872
23552,11873
17795,11874
20298,11875
5649,11876
5684,11877
11980,11878
18397,11879
10818,11880
18739,11881
6083,11882
12657,11883
13450,11884
11861,11885
21659,11886
10796,11887
21140,11888
2037,11889
13325,11890
2758,11891
19622,11892
3449,11893
20421,11894
20969,11895
6412,11896
2862,11897
16857,11898
4578,11899
19546,11900
18666,11901
17947,11902
17868,11903
19624,11904
20967,11905
2071,11906
22775,11907
20423,11908
11579,11909
6047,11910
10648,11911
6561,11912
22070,11913
10995,11914
20407,11915
6985,11916
7004,11917
14839,11918
15146,11919
644,11920
15599,11921
16353,11922
18020,11923
18819,11924
12374,11925
7227,11926
5783,11927
7550,11928
6984,11929
7723,11930
7046,11931
14328,11932
19198,11933
329,11934
642,11935
21929,11936
4315,11937
4922,11938
20275,11939
21076,11940
2110,11941
22077,11942
21824,11943
8128,11944
6409,11945
7093,11946
82,11947
8418,11948
22317,11949
8433,11950
19184,11951
2508,11952
15534,11953
20341,11954
11475,11955
12376,11956
4896,11957
5599,11958
3464,11959
5799,11960
8434,11961
19992,11962
6011,11963
10303,11964
21991,11965
12269,11966
21922,11967
23532,11968
23701,11969
18667,11970
19471,11971
18019,11972
23793,11973
18572,11974
6287,11975
6973,11976
2772,11977
20587,11978
8435,11979
23376,11980
8631,11981
18452,11982
20050,11983
20851,11984
10714,11985
3730,11986
10278,11987
10282,11988
10291,11989
10970,11990
10974,11991
10975,11992
11226,11993
1196,11994
14410,11995
15935,11996
1922,11997
2633,11998
16695,11999
2634,12000
15184,12001
2642,12002
3331,12003
2183,12004
4045,12005
4748,12006
4336,12007
4751,12008
13616,12009
488,12010
489,12011
12028,12012
5044,12013
5057,12014
5145,12015
5846,12016
10276,12017
10962,12018
10563,12019
10963,12020
10967,12021
10971,12022
1199,12023
12831,12024
14744,12025
1918,12026
12823,12027
2190,12028
2637,12029
2645,12030
17437,12031
2900,12032
3333,12033
13622,12034
4037,12035
3627,12036
4038,12037
4342,12038
4410,12039
11587,12040
11246,12041
11590,12042
11592,12043
12379,12044
12380,12045
12383,12046
12385,12047
13174,12048
10564,12049
13175,12050
13176,12051
11240,12052
13178,12053
14763,12054
11225,12055
15186,12056
15521,12057
16273,12058
17779,12059
10548,12060
17781,12061
11221,12062
1826,12063
19379,12064
10547,12065
19382,12066
10533,12067
19383,12068
10530,12069
20179,12070
20180,12071
12031,12072
20977,12073
20983,12074
21828,12075
21831,12076
1459,12077
21836,12078
22681,12079
1467,12080
22683,12081
22691,12082
18196,12083
1831,12084
10528,12085
12820,12086
23538,12087
23541,12088
23542,12089
23543,12090
23547,12091
2913,12092
3614,12093
3623,12094
3628,12095
3632,12096
10866,12097
3635,12098
10865,12099
396,12100
14404,12101
13615,12102
476,12103
5055,12104
5453,12105
10538,12106
5757,12107
5053,12108
5759,12109
5761,12110
11244,12111
5744,12112
16111,12113
6063,12114
12032,12115
6148,12116
6152,12117
5753,12118
6158,12119
6159,12120
2899,12121
6160,12122
6455,12123
6462,12124
1827,12125
13621,12126
12829,12127
4326,12128
12969,12129
1045,12130
19159,12131
16970,12132
20625,12133
19244,12134
18228,12135
2096,12136
6466,12137
6476,12138
6743,12139
4338,12140
6835,12141
6838,12142
6840,12143
7130,12144
7135,12145
7140,12146
7155,12147
10867,12148
1458,12149
727,12150
729,12151
734,12152
735,12153
1457,12154
736,12155
17431,12156
15305,12157
6700,12158
18292,12159
13952,12160
20903,12161
15216,12162
6471,12163
7433,12164
1451,12165
746,12166
10864,12167
10565,12168
747,12169
7525,12170
11230,12171
6061,12172
12827,12173
12035,12174
7530,12175
12822,12176
4667,12177
11213,12178
7532,12179
7788,12180
7793,12181
13806,12182
7795,12183
20821,12184
7805,12185
7819,12186
7823,12187
7829,12188
7831,12189
7832,12190
7432,12191
8013,12192
1780,12193
8029,12194
14523,12195
10965,12196
10557,12197
14697,12198
12053,12199
8113,12200
744,12201
1465,12202
8114,12203
4344,12204
7158,12205
7790,12206
13765,12207
325,12208
13676,12209
20108,12210
7989,12211
8202,12212
8211,12213
11216,12214
397,12215
8216,12216
2898,12217
8308,12218
2817,12219
3429,12220
21169,12221
4137,12222
23732,12223
14826,12224
844,12225
11588,12226
11589,12227
10558,12228
13179,12229
12038,12230
13181,12231
13970,12232
13971,12233
17026,12234
17027,12235
11232,12236
17028,12237
11229,12238
17029,12239
17783,12240
12030,12241
10876,12242
11212,12243
10529,12244
17784,12245
18577,12246
18579,12247
15938,12248
18580,12249
14405,12250
1829,12251
15179,12252
18581,12253
10534,12254
18583,12255
1449,12256
19378,12257
19380,12258
10543,12259
20182,12260
20981,12261
17446,12262
20984,12263
20985,12264
11214,12265
2167,12266
13766,12267
21829,12268
21830,12269
21832,12270
21834,12271
10552,12272
21838,12273
14401,12274
22682,12275
22685,12276
23549,12277
2550,12278
17441,12279
16690,12280
2903,12281
3185,12282
3353,12283
15178,12284
10874,12285
17439,12286
16688,12287
18990,12288
15304,12289
3960,12290
13612,12291
15932,12292
4059,12293
14403,12294
1116,12295
4770,12296
5047,12297
5758,12298
6058,12299
2180,12300
1454,12301
16680,12302
17568,12303
6016,12304
14521,12305
20905,12306
6062,12307
6446,12308
1117,12309
5748,12310
11211,12311
6473,12312
6619,12313
721,12314
20008,12315
1737,12316
15283,12317
1915,12318
22617,12319
7806,12320
8116,12321
6468,12322
7152,12323
5742,12324
24224,12325
7376,12326
22454,12327
21759,12328
17486,12329
16136,12330
19034,12331
3522,12332
2020,12333
22861,12334
1302,12335
14132,12336
15595,12337
11750,12338
13245,12339
8205,12340
8485,12341
4668,12342
7804,12343
8486,12344
2554,12345
6443,12346
7127,12347
718,12348
19982,12349
8487,12350
8490,12351
8495,12352
8500,12353
395,12354
14406,12355
13617,12356
8508,12357
3250,12358
8509,12359
4666,12360
7150,12361
8513,12362
3626,12363
8517,12364
1111,12365
8519,12366
7431,12367
3633,12368
4343,12369
15170,12370
7330,12371
16129,12372
12084,12373
17710,12374
23145,12375
8671,12376
8712,12377
5242,12378
13898,12379
4505,12380
11449,12381
7520,12382
4345,12383
7990,12384
22863,12385
580,12386
23721,12387
4844,12388
11754,12389
5545,12390
12546,12391
16334,12392
8718,12393
17945,12394
20269,12395
19544,12396
21070,12397
14163,12398
21923,12399
13371,12400
16269,12401
8773,12402
22838,12403
12466,12404
21133,12405
11672,12406
20418,12407
23642,12408
18017,12409
17775,12410
5098,12411
19267,12412
2197,12413
3683,12414
8815,12415
3636,12416
4346,12417
11191,12418
23361,12419
2482,12420
8821,12421
7821,12422
8502,12423
7789,12424
13764,12425
326,12426
15282,12427
19317,12428
4500,12429
8824,12430
6447,12431
7131,12432
20597,12433
20010,12434
1735,12435
24156,12436
13917,12437
17470,12438
4042,12439
8825,12440
8913,12441
8914,12442
737,12443
6742,12444
10559,12445
11242,12446
4327,12447
8928,12448
8945,12449
4187,12450
4884,12451
15683,12452
9173,12453
9174,12454
3251,12455
10531,12456
7132,12457
9175,12458
9178,12459
9179,12460
9186,12461
9193,12462
3958,12463
16693,12464
15941,12465
7117,12466
3859,12467
5977,12468
14519,12469
1912,12470
11237,12471
20908,12472
23141,12473
2527,12474
22291,12475
4228,12476
6943,12477
19558,12478
17102,12479
16446,12480
6257,12481
17198,12482
12449,12483
9196,12484
9197,12485
5367,12486
9200,12487
9202,12488
9203,12489
9344,12490
10028,12491
10277,12492
10279,12493
10281,12494
10285,12495
10288,12496
1205,12497
1210,12498
13159,12499
13618,12500
15175,12501
15505,12502
1464,12503
16258,12504
16689,12505
1909,12506
1911,12507
1916,12508
1923,12509
14402,12510
2186,12511
2644,12512
2910,12513
3007,12514
11591,12515
12381,12516
12382,12517
12384,12518
12387,12519
11215,12520
13177,12521
13180,12522
13967,12523
13968,12524
15185,12525
15524,12526
14407,12527
16274,12528
16276,12529
17778,12530
17780,12531
1830,12532
18578,12533
15940,12534
18582,12535
19377,12536
1463,12537
19381,12538
17440,12539
1115,12540
11220,12541
10537,12542
20181,12543
20976,12544
20979,12545
20980,12546
20982,12547
20986,12548
17436,12549
2179,12550
21833,12551
21837,12552
2187,12553
2191,12554
22684,12555
22686,12556
22688,12557
22689,12558
23539,12559
23540,12560
23548,12561
15176,12562
2546,12563
1462,12564
2553,12565
15933,12566
16686,12567
3252,12568
16685,12569
18996,12570
11189,12571
3332,12572
17444,12573
3624,12574
478,12575
5035,12576
5051,12577
5472,12578
10526,12579
1832,12580
1448,12581
5749,12582
3957,12583
4334,12584
2177,12585
5752,12586
6149,12587
6150,12588
5756,12589
6155,12590
6449,12591
6453,12592
10189,12593
6459,12594
6465,12595
6472,12596
6474,12597
6837,12598
2904,12599
7133,12600
7137,12601
7143,12602
10872,12603
10544,12604
11227,12605
3616,12606
726,12607
13607,12608
733,12609
4665,12610
1455,12611
5049,12612
5038,12613
742,12614
1110,12615
5056,12616
5760,12617
10512,12618
743,12619
10181,12620
2912,12621
2189,12622
7116,12623
14595,12624
7345,12625
7519,12626
6475,12627
7523,12628
732,12629
7812,12630
10875,12631
7134,12632
6450,12633
2890,12634
14556,12635
5302,12636
15279,12637
20922,12638
6609,12639
7529,12640
7813,12641
7815,12642
20595,12643
13746,12644
7826,12645
6060,12646
12039,12647
14411,12648
1443,12649
12198,12650
2460,12651
23310,12652
13112,12653
4039,12654
7148,12655
7830,12656
7833,12657
7838,12658
7430,12659
7159,12660
7987,12661
7417,12662
1654,12663
22012,12664
4843,12665
21159,12666
3428,12667
5544,12668
8115,12669
5048,12670
4337,12671
18191,12672
16063,12673
7387,12674
12141,12675
16215,12676
20631,12677
8118,12678
8207,12679
15183,12680
10871,12681
16692,12682
8210,12683
15934,12684
6748,12685
8212,12686
6448,12687
8469,12688
20793,12689
5305,12690
14508,12691
1920,12692
10532,12693
20121,12694
8491,12695
3959,12696
7810,12697
4333,12698
8494,12699
6451,12700
8497,12701
8119,12702
7816,12703
7138,12704
10510,12705
24241,12706
5994,12707
14512,12708
21768,12709
5903,12710
21693,12711
4496,12712
21160,12713
10391,12714
22013,12715
1297,12716
11753,12717
578,12718
23734,12719
12450,12720
6156,12721
8505,12722
8511,12723
6059,12724
8514,12725
8695,12726
14614,12727
21577,12728
16978,12729
4482,12730
13043,12731
19817,12732
22859,12733
2023,12734
22007,12735
2744,12736
16443,12737
586,12738
15686,12739
14828,12740
8214,12741
8803,12742
7979,12743
17958,12744
4850,12745
23717,12746
17854,12747
15687,12748
18652,12749
13340,12750
17093,12751
14827,12752
8816,12753
8518,12754
7836,12755
3618,12756
8818,12757
2902,12758
8512,12759
7115,12760
14594,12761
5979,12762
13730,12763
13109,12764
17485,12765
5450,12766
8819,12767
15942,12768
7828,12769
8922,12770
17443,12771
9073,12772
9150,12773
9152,12774
22499,12775
7377,12776
9155,12777
24242,12778
10107,12779
9172,12780
9180,12781
9182,12782
9183,12783
9188,12784
6433,12785
4568,12786
6661,12787
9189,12788
8820,12789
7824,12790
9190,12791
9195,12792
9206,12793
9375,12794
9425,12795
2799,12796
17106,12797
1362,12798
14841,12799
21224,12800
22783,12801
4951,12802
18571,12803
19372,12804
21822,12805
15684,12806
9454,12807
16039,12808
10977,12809
22624,12810
13635,12811
13830,12812
12047,12813
2816,12814
1301,12815
2095,12816
2739,12817
22020,12818
582,12819
22873,12820
19452,12821
9484,12822
23143,12823
19560,12824
2736,12825
20358,12826
2015,12827
17972,12828
4135,12829
18771,12830
21903,12831
13240,12832
9485,12833
5900,12834
1381,12835
9024,12836
661,12837
2016,12838
14133,12839
9493,12840
709,12841
11256,12842
2879,12843
17044,12844
18697,12845
7563,12846
17899,12847
17889,12848
10449,12849
11497,12850
8127,12851
5013,12852
13857,12853
13583,12854
1431,12855
16175,12856
18590,12857
2128,12858
14373,12859
20876,12860
15113,12861
1403,12862
16185,12863
18617,12864
21864,12865
21946,12866
23969,12867
15870,12868
11633,12869
19752,12870
21736,12871
17348,12872
16597,12873
3549,12874
4097,12875
1346,12876
4183,12877
4302,12878
15541,12879
2064,12880
3580,12881
21011,12882
1349,12883
4811,12884
2060,12885
4893,12886
5590,12887
626,12888
5592,12889
16531,12890
3975,12891
18894,12892
6341,12893
22601,12894
6361,12895
6893,12896
18693,12897
19494,12898
12685,12899
15443,12900
11893,12901
17290,12902
7025,12903
16565,12904
22209,12905
12193,12906
7083,12907
18595,12908
5596,12909
20290,12910
23968,12911
11502,12912
23106,12913
11125,12914
19726,12915
8269,12916
2781,12917
20293,12918
8410,12919
17817,12920
21093,12921
4888,12922
17304,12923
3971,12924
16554,12925
15804,12926
22199,12927
14570,12928
9496,12929
1466,12930
745,12931
7794,12932
10752,12933
6662,12934
16767,12935
20107,12936
3800,12937
9497,12938
11245,12939
10562,12940
8475,12941
13014,12942
5978,12943
3832,12944
21754,12945
3095,12946
9499,12947
7154,12948
6470,12949
9157,12950
9500,12951
5751,12952
731,12953
9501,12954
12830,12955
9504,12956
7139,12957
12825,12958
18992,12959
18413,12960
297,12961
22444,12962
10290,12963
23479,12964
15963,12965
13038,12966
15204,12967
20356,12968
16349,12969
17959,12970
1303,12971
18769,12972
584,12973
19570,12974
16338,12975
9506,12976
11217,12977
9177,12978
11193,12979
21661,12980
6678,12981
9507,12982
9593,12983
2916,12984
1823,12985
2915,12986
9595,12987
5054,12988
9498,12989
740,12990
1461,12991
5040,12992
13807,12993
9394,12994
23215,12995
13105,12996
2373,12997
9596,12998
7156,12999
6057,13000
9597,13001
11241,13002
8817,13003
9598,13004
1456,13005
1112,13006
2905,13007
9599,13008
2178,13009
9600,13010
10555,13011
6744,13012
17445,13013
16694,13014
6427,13015
9601,13016
9602,13017
9604,13018
14408,13019
9605,13020
15181,13021
9606,13022
10542,13023
2551,13024
6457,13025
7141,13026
9621,13027
2792,13028
1334,13029
2866,13030
9626,13031
4190,13032
614,13033
9117,13034
15420,13035
14375,13036
9632,13037
18177,13038
9633,13039
6386,13040
21722,13041
10462,13042
9640,13043
7560,13044
23779,13045
21843,13046
22695,13047
2787,13048
621,13049
5606,13050
9641,13051
8958,13052
22061,13053
9648,13054
20583,13055
11487,13056
14366,13057
11997,13058
9649,13059
22263,13060
20871,13061
23124,13062
967,13063
19223,13064
4628,13065
17546,13066
14769,13067
17518,13068
11061,13069
12485,13070
14043,13071
14072,13072
14906,13073
11456,13074
12248,13075
14846,13076
16141,13077
16176,13078
12000,13079
17404,13080
19030,13081
19369,13082
19481,13083
14902,13084
15608,13085
17170,13086
16362,13087
17114,13088
19829,13089
10026,13090
12351,13091
12352,13092
15493,13093
16628,13094
19348,13095
20562,13096
21976,13097
11681,13098
19529,13099
13267,13100
14060,13101
3562,13102
3601,13103
3791,13104
4197,13105
4502,13106
3795,13107
21796,13108
23508,13109
3728,13110
5727,13111
4670,13112
11178,13113
12797,13114
19398,13115
12763,13116
20083,13117
20996,13118
22699,13119
14342,13120
17685,13121
12762,13122
5905,13123
10711,13124
14731,13125
20146,13126
20947,13127
23112,13128
23973,13129
3561,13130
6303,13131
13279,13132
6304,13133
13278,13134
678,13135
679,13136
680,13137
6889,13138
6989,13139
14861,13140
15621,13141
15905,13142
16656,13143
7044,13144
7645,13145
3489,13146
7777,13147
8132,13148
17408,13149
11608,13150
11963,13151
13085,13152
13545,13153
14784,13154
16605,13155
22587,13156
15098,13157
14333,13158
16599,13159
13758,13160
23560,13161
11965,13162
21733,13163
16609,13164
15859,13165
8257,13166
8295,13167
6242,13168
5698,13169
11489,13170
15426,13171
17679,13172
4995,13173
4284,13174
16626,13175
17061,13176
17066,13177
18113,13178
18914,13179
18494,13180
7063,13181
6379,13182
11135,13183
17815,13184
4963,13185
8328,13186
7667,13187
6276,13188
5669,13189
6962,13190
3551,13191
5380,13192
4260,13193
11039,13194
1261,13195
15027,13196
22191,13197
2700,13198
19703,13199
20897,13200
12678,13201
3974,13202
23914,13203
17282,13204
11878,13205
8352,13206
8355,13207
14071,13208
12005,13209
14860,13210
17409,13211
14658,13212
16657,13213
1969,13214
12758,13215
17686,13216
14339,13217
13549,13218
21848,13219
3383,13220
6360,13221
23441,13222
16613,13223
8401,13224
13083,13225
7043,13226
4979,13227
17352,13228
24250,13229
8458,13230
3256,13231
3599,13232
15147,13233
12402,13234
15100,13235
17687,13236
16607,13237
20999,13238
23558,13239
15862,13240
23442,13241
17363,13242
18151,13243
21391,13244
21638,13245
19236,13246
11535,13247
2366,13248
8969,13249
18915,13250
5381,13251
9009,13252
19773,13253
13076,13254
16181,13255
16638,13256
17390,13257
11983,13258
13214,13259
13500,13260
18479,13261
18968,13262
18168,13263
14798,13264
14289,13265
15874,13266
16314,13267
13499,13268
20576,13269
21406,13270
13562,13271
14796,13272
11919,13273
5382,13274
12708,13275
11917,13276
19718,13277
12963,13278
3901,13279
6204,13280
14291,13281
20093,13282
13501,13283
7574,13284
14290,13285
3969,13286
11918,13287
12709,13288
20519,13289
12168,13290
4607,13291
22421,13292
446,13293
20638,13294
13033,13295
15981,13296
9011,13297
12760,13298
11498,13299
10446,13300
11130,13301
14671,13302
17366,13303
16615,13304
18484,13305
15107,13306
15864,13307
1973,13308
13468,13309
19730,13310
21364,13311
23080,13312
3387,13313
16532,13314
4805,13315
18096,13316
542,13317
12675,13318
3267,13319
8272,13320
16533,13321
5387,13322
17283,13323
11883,13324
14255,13325
12154,13326
8987,13327
22190,13328
8138,13329
21334,13330
23913,13331
18095,13332
8691,13333
6703,13334
12918,13335
3292,13336
18211,13337
12260,13338
15958,13339
8293,13340
18809,13341
527,13342
5492,13343
22915,13344
22706,13345
21854,13346
19500,13347
18688,13348
16400,13349
2040,13350
12510,13351
2761,13352
14097,13353
7648,13354
17308,13355
8331,13356
16558,13357
19296,13358
15051,13359
548,13360
13455,13361
1846,13362
11869,13363
5513,13364
16526,13365
411,13366
18090,13367
20492,13368
18886,13369
16813,13370
354,13371
11536,13372
11415,13373
15396,13374
24158,13375
13128,13376
18889,13377
9088,13378
13084,13379
9677,13380
19693,13381
1132,13382
21321,13383
16525,13384
9707,13385
11751,13386
14036,13387
9755,13388
16337,13389
9773,13390
9093,13391
9783,13392
7740,13393
6887,13394
22210,13395
9096,13396
9652,13397
21355,13398
4679,13399
23934,13400
5665,13401
19719,13402
12214,13403
5983,13404
9784,13405
15425,13406
2859,13407
2137,13408
2129,13409
19981,13410
3208,13411
24162,13412
21770,13413
19013,13414
13047,13415
17464,13416
15951,13417
23419,13418
4411,13419
23530,13420
21966,13421
3703,13422
14842,13423
15633,13424
15670,13425
15602,13426
16427,13427
17770,13428
15632,13429
21932,13430
21132,13431
21079,13432
14904,13433
14057,13434
20327,13435
15609,13436
17926,13437
14849,13438
17115,13439
3463,13440
15631,13441
16380,13442
11119,13443
5724,13444
6286,13445
13289,13446
21937,13447
18767,13448
703,13449
19272,13450
1425,13451
12004,13452
18600,13453
15102,13454
18602,13455
20882,13456
23970,13457
8399,13458
15101,13459
14327,13460
6644,13461
7390,13462
12123,13463
3999,13464
6820,13465
9653,13466
9692,13467
2007,13468
1410,13469
13077,13470
14665,13471
16182,13472
13570,13473
14360,13474
16624,13475
17063,13476
17067,13477
16561,13478
17311,13479
18169,13480
18969,13481
405,13482
15811,13483
15054,13484
23069,13485
14534,13486
16131,13487
689,13488
5697,13489
12423,13490
15810,13491
17375,13492
14802,13493
16560,13494
1126,13495
17310,13496
11916,13497
3547,13498
12153,13499
6704,13500
12106,13501
10249,13502
3804,13503
7727,13504
8968,13505
16562,13506
8970,13507
17312,13508
4680,13509
15055,13510
15812,13511
23931,13512
13744,13513
355,13514
9482,13515
5918,13516
21197,13517
10433,13518
17126,13519
5609,13520
6270,13521
4906,13522
6956,13523
12796,13524
7639,13525
13584,13526
14659,13527
14374,13528
12406,13529
11126,13530
19404,13531
20084,13532
23562,13533
12753,13534
12292,13535
6357,13536
17356,13537
21390,13538
17564,13539
9456,13540
7485,13541
2353,13542
9766,13543
9086,13544
17349,13545
16059,13546
10824,13547
18345,13548
19333,13549
10442,13550
444,13551
7289,13552
9767,13553
21734,13554
8398,13555
6356,13556
16598,13557
15301,13558
10140,13559
1161,13560
14497,13561
17731,13562
22280,13563
21694,13564
7717,13565
9785,13566
20872,13567
9788,13568
21402,13569
16109,13570
8714,13571
22457,13572
16214,13573
5155,13574
23406,13575
888,13576
1375,13577
15522,13578
20178,13579
13619,13580
22758,13581
23544,13582
11236,13583
4335,13584
10868,13585
4842,13586
23723,13587
11077,13588
17199,13589
655,13590
23616,13591
23735,13592
5557,13593
22877,13594
4834,13595
11651,13596
21983,13597
15603,13598
19534,13599
23614,13600
23693,13601
11674,13602
15666,13603
2798,13604
21080,13605
20332,13606
11678,13607
2155,13608
401,13609
2878,13610
23763,13611
23772,13612
6746,13613
15939,13614
15182,13615
4328,13616
17613,13617
7595,13618
13355,13619
23586,13620
17825,13621
23013,13622
7605,13623
4392,13624
8117,13625
10553,13626
8255,13627
12565,13628
8713,13629
9023,13630
16447,13631
14032,13632
9789,13633
8414,13634
22498,13635
1046,13636
14464,13637
13106,13638
6183,13639
909,13640
15391,13641
23990,13642
3571,13643
20858,13644
7244,13645
2107,13646
23777,13647
6179,13648
3488,13649
7609,13650
18010,13651
9790,13652
12781,13653
12219,13654
10762,13655
13675,13656
16212,13657
1611,13658
12256,13659
5859,13660
12386,13661
13935,13662
14762,13663
1547,13664
16691,13665
18464,13666
22687,13667
13623,13668
2807,13669
2735,13670
1382,13671
3426,13672
14930,13673
4134,13674
15690,13675
11654,13676
12448,13677
18731,13678
6456,13679
10188,13680
6909,13681
13354,13682
3415,13683
2724,13684
15003,13685
6773,13686
16514,13687
17077,13688
17839,13689
18847,13690
23605,13691
23816,13692
10913,13693
18833,13694
18034,13695
14182,13696
23840,13697
1857,13698
22121,13699
13413,13700
15729,13701
17608,13702
5280,13703
13890,13704
15965,13705
23258,13706
20140,13707
21266,13708
6777,13709
20451,13710
21268,13711
13390,13712
6651,13713
3161,13714
10234,13715
15206,13716
4551,13717
12343,13718
19652,13719
7334,13720
10081,13721
19300,13722
17472,13723
10855,13724
16719,13725
14119,13726
19929,13727
21059,13728
21145,13729
19462,13730
13349,13731
21911,13732
14141,13733
15576,13734
1359,13735
17083,13736
18736,13737
3511,13738
21069,13739
7434,13740
7435,13741
17442,13742
6461,13743
13609,13744
16110,13745
8370,13746
19470,13747
18822,13748
20268,13749
18023,13750
13165,13751
8499,13752
7818,13753
14398,13754
10067,13755
9297,13756
11602,13757
18009,13758
2988,13759
1229,13760
10317,13761
2105,13762
21215,13763
10310,13764
1227,13765
3481,13766
4062,13767
4087,13768
5479,13769
4778,13770
22920,13771
21842,13772
5598,13773
21086,13774
16440,13775
9631,13776
9791,13777
9111,13778
23119,13779
13805,13780
9838,13781
16863,13782
9848,13783
985,13784
16241,13785
20439,13786
9851,13787
9170,13788
9852,13789
20988,13790
21102,13791
701,13792
533,13793
21955,13794
4886,13795
15858,13796
9853,13797
10191,13798
8489,13799
9855,13800
5739,13801
16817,13802
3915,13803
16036,13804
20122,13805
1647,13806
16143,13807
929,13808
21154,13809
1305,13810
2092,13811
4851,13812
11749,13813
5552,13814
17195,13815
2005,13816
9610,13817
8492,13818
2552,13819
13614,13820
9856,13821
9833,13822
21644,13823
3897,13824
9857,13825
9176,13826
9859,13827
3619,13828
19224,13829
9393,13830
16794,13831
1919,13832
21771,13833
5906,13834
5345,13835
6452,13836
7984,13837
2814,13838
18650,13839
2093,13840
19454,13841
15689,13842
20251,13843
14929,13844
11655,13845
8120,13846
7814,13847
9860,13848
10536,13849
8467,13850
4565,13851
23403,13852
16795,13853
23481,13854
4493,13855
11452,13856
3786,13857
3524,13858
4845,13859
4231,13860
5546,13861
21167,13862
581,13863
14131,13864
17848,13865
6157,13866
8496,13867
9505,13868
9862,13869
7817,13870
17432,13871
24244,13872
10105,13873
21589,13874
10976,13875
11223,13876
22622,13877
6612,13878
19245,13879
10748,13880
22008,13881
9863,13882
1114,13883
11224,13884
10541,13885
4329,13886
18421,13887
8711,13888
9864,13889
16679,13890
16062,13891
6017,13892
22446,13893
20914,13894
15968,13895
3938,13896
14428,13897
2094,13898
583,13899
2815,13900
6942,13901
14926,13902
7626,13903
17196,13904
20249,13905
9865,13906
9184,13907
15169,13908
17567,13909
16130,13910
21591,13911
19318,13912
24002,13913
14622,13914
13640,13915
22009,13916
16348,13917
21156,13918
17101,13919
12542,13920
17852,13921
16444,13922
11050,13923
18648,13924
4835,13925
17176,13926
9866,13927
10187,13928
15937,13929
15180,13930
5037,13931
23359,13932
8060,13933
13724,13934
13909,13935
13636,13936
11450,13937
14427,13938
20357,13939
10392,13940
19559,13941
2638,13942
9025,13943
12543,13944
9185,13945
9708,13946
22874,13947
13244,13948
9867,13949
9503,13950
11228,13951
10545,13952
7114,13953
23377,13954
10792,13955
9869,13956
9502,13957
11231,13958
12036,13959
987,13960
7396,13961
2411,13962
5405,13963
4509,13964
16134,13965
8678,13966
6623,13967
875,13968
11401,13969
4432,13970
18376,13971
7397,13972
9463,13973
17418,13974
21969,13975
17505,13976
14530,13977
15487,13978
21783,13979
22727,13980
23491,13981
3000,13982
3931,13983
7018,13984
7914,13985
11473,13986
4406,13987
5112,13988
5106,13989
21675,13990
2434,13991
19138,13992
837,13993
20865,13994
2278,13995
8872,13996
7698,13997
9528,13998
19675,13999
9533,14000
21286,14001
7695,14002
4182,14003
12437,14004
13231,14005
14022,14006
14936,14007
17079,14008
19444,14009
20240,14010
21044,14011
23609,14012
986,14013
22350,14014
21458,14015
3103,14016
15218,14017
9870,14018
14395,14019
8012,14020
15375,14021
16798,14022
17715,14023
14432,14024
15381,14025
4503,14026
4229,14027
9026,14028
3521,14029
7627,14030
16442,14031
8311,14032
15685,14033
6234,14034
9603,14035
12037,14036
2549,14037
9871,14038
7825,14039
8470,14040
14554,14041
5304,14042
23309,14043
10284,14044
11233,14045
1113,14046
23471,14047
3793,14048
16138,14049
7985,14050
1379,14051
3430,14052
659,14053
4846,14054
16445,14055
5547,14056
15688,14057
17092,14058
9873,14059
6745,14060
11235,14061
6464,14062
11194,14063
23378,14064
9874,14065
5039,14066
16862,14067
10761,14068
9875,14069
10869,14070
9194,14071
11238,14072
18991,14073
13747,14074
8070,14075
19959,14076
20112,14077
19833,14078
12243,14079
15975,14080
23718,14081
4141,14082
21155,14083
4849,14084
20367,14085
5550,14086
14925,14087
17094,14088
9876,14089
10507,14090
22500,14091
3187,14092
21599,14093
20907,14094
19830,14095
16891,14096
18231,14097
21157,14098
4139,14099
22010,14100
2019,14101
14134,14102
2740,14103
14928,14104
16339,14105
15585,14106
11658,14107
15667,14108
9877,14109
11190,14110
21645,14111
9878,14112
2181,14113
3617,14114
12175,14115
4601,14116
16800,14117
10280,14118
13901,14119
3797,14120
5050,14121
6042,14122
7304,14123
5637,14124
11079,14125
4934,14126
10393,14127
22021,14128
9709,14129
13339,14130
14037,14131
12453,14132
16424,14133
17111,14134
5694,14135
13063,14136
6434,14137
522,14138
17791,14139
19763,14140
20190,14141
18956,14142
21728,14143
20564,14144
21397,14145
23437,14146
4086,14147
15122,14148
12288,14149
15879,14150
19761,14151
17372,14152
7048,14153
22491,14154
7382,14155
19898,14156
21798,14157
6793,14158
24010,14159
15378,14160
21448,14161
8962,14162
21210,14163
13985,14164
9518,14165
4254,14166
1135,14167
18766,14168
23016,14169
14018,14170
15569,14171
12625,14172
16497,14173
21035,14174
20452,14175
10219,14176
15744,14177
14985,14178
16496,14179
14547,14180
3984,14181
11831,14182
14209,14183
5310,14184
22372,14185
12309,14186
21425,14187
17650,14188
6588,14189
20610,14190
10271,14191
10959,14192
10426,14193
11571,14194
12443,14195
14890,14196
16912,14197
11372,14198
18461,14199
18801,14200
12262,14201
1953,14202
21206,14203
22275,14204
22276,14205
22564,14206
23570,14207
22712,14208
2989,14209
3352,14210
4033,14211
4195,14212
4744,14213
15644,14214
4903,14215
11097,14216
17968,14217
11063,14218
6174,14219
2159,14220
16165,14221
6987,14222
711,14223
1433,14224
4305,14225
7545,14226
18188,14227
10883,14228
19793,14229
22271,14230
3595,14231
17573,14232
1056,14233
7820,14234
1568,14235
11340,14236
12539,14237
13188,14238
18187,14239
3961,14240
19792,14241
20592,14242
5016,14243
19988,14244
6857,14245
6422,14246
7921,14247
8230,14248
10503,14249
6752,14250
8604,14251
2218,14252
3952,14253
3572,14254
14666,14255
2563,14256
13488,14257
12697,14258
23050,14259
14806,14260
3407,14261
18080,14262
4992,14263
4682,14264
1384,14265
11049,14266
10365,14267
12650,14268
17819,14269
18619,14270
15008,14271
19716,14272
1271,14273
15788,14274
21180,14275
3402,14276
2711,14277
20483,14278
15444,14279
13445,14280
18629,14281
14218,14282
1854,14283
12633,14284
20228,14285
11841,14286
22734,14287
22999,14288
10217,14289
11839,14290
3405,14291
22033,14292
2723,14293
4107,14294
21179,14295
4108,14296
23744,14297
23588,14298
21025,14299
17266,14300
421,14301
23000,14302
4815,14303
20379,14304
22728,14305
18625,14306
13438,14307
4954,14308
14987,14309
19199,14310
5517,14311
23743,14312
16321,14313
17074,14314
554,14315
1273,14316
17270,14317
565,14318
22153,14319
3980,14320
14229,14321
14811,14322
11808,14323
1861,14324
13395,14325
18638,14326
22745,14327
13396,14328
22955,14329
6231,14330
6331,14331
16499,14332
6335,14333
6694,14334
17700,14335
17482,14336
14621,14337
15213,14338
3515,14339
17180,14340
21910,14341
20349,14342
21058,14343
17202,14344
21926,14345
16428,14346
14051,14347
21073,14348
22934,14349
23621,14350
16450,14351
17846,14352
11653,14353
15581,14354
23615,14355
23794,14356
13169,14357
4919,14358
5253,14359
20138,14360
6916,14361
11849,14362
1137,14363
692,14364
7001,14365
7002,14366
7019,14367
1849,14368
16512,14369
11640,14370
21036,14371
12617,14372
21261,14373
21887,14374
19648,14375
6779,14376
15737,14377
14978,14378
19637,14379
24220,14380
6009,14381
6791,14382
7468,14383
14980,14384
17246,14385
18033,14386
7811,14387
19391,14388
20382,14389
6414,14390
18593,14391
19583,14392
13222,14393
815,14394
11603,14395
17040,14396
12490,14397
21960,14398
3359,14399
4064,14400
22818,14401
503,14402
21963,14403
6177,14404
23673,14405
6988,14406
8283,14407
7599,14408
17271,14409
14682,14410
21306,14411
12431,14412
13430,14413
1140,14414
11844,14415
22736,14416
23596,14417
14225,14418
10899,14419
23869,14420
10212,14421
22150,14422
1395,14423
11835,14424
18398,14425
16126,14426
12301,14427
19821,14428
4956,14429
22992,14430
19993,14431
10817,14432
15448,14433
19924,14434
4490,14435
7696,14436
15757,14437
23852,14438
20792,14439
328,14440
6788,14441
19022,14442
7418,14443
20619,14444
17788,14445
20308,14446
21152,14447
17943,14448
22779,14449
18741,14450
21072,14451
1394,14452
23637,14453
22079,14454
17772,14455
20172,14456
588,14457
23715,14458
1307,14459
14934,14460
2025,14461
15694,14462
20245,14463
2727,14464
7682,14465
8379,14466
17078,14467
18634,14468
16494,14469
21265,14470
21888,14471
22117,14472
424,14473
11825,14474
8659,14475
11457,14476
10742,14477
1226,14478
16430,14479
17904,14480
22839,14481
1321,14482
23625,14483
23697,14484
2038,14485
2759,14486
2832,14487
650,14488
4863,14489
12547,14490
5564,14491
11755,14492
6233,14493
12447,14494
14034,14495
14822,14496
16344,14497
15590,14498
1525,14499
5622,14500
17108,14501
15665,14502
6315,14503
12469,14504
21979,14505
673,14506
23533,14507
7684,14508
13262,14509
21126,14510
17112,14511
2154,14512
5372,14513
4311,14514
20395,14515
666,14516
8854,14517
14210,14518
21271,14519
15741,14520
13757,14521
333,14522
8856,14523
23835,14524
22975,14525
15727,14526
16073,14527
6695,14528
14687,14529
3777,14530
6729,14531
21430,14532
4221,14533
13324,14534
11668,14535
19466,14536
21138,14537
22776,14538
22078,14539
23634,14540
21223,14541
21823,14542
20971,14543
11747,14544
5632,14545
17864,14546
18662,14547
21172,14548
22025,14549
23613,14550
19449,14551
17936,14552
21901,14553
17178,14554
8365,14555
8859,14556
8901,14557
8933,14558
8937,14559
8501,14560
6747,14561
7142,14562
6458,14563
10451,14564
13068,14565
13594,14566
14384,14567
13198,14568
13516,14569
17385,14570
17802,14571
16581,14572
19275,14573
11163,14574
10480,14575
16297,14576
17386,14577
18601,14578
1970,14579
12732,14580
20070,14581
12808,14582
10481,14583
14782,14584
17799,14585
12736,14586
21002,14587
21404,14588
21851,14589
22239,14590
22709,14591
23098,14592
23453,14593
15074,14594
15831,14595
19723,14596
19197,14597
10134,14598
19937,14599
20736,14600
17513,14601
12074,14602
22333,14603
23348,14604
15373,14605
14613,14606
10916,14607
2387,14608
2594,14609
3555,14610
3782,14611
3935,14612
4967,14613
5225,14614
5927,14615
13163,14616
17757,14617
18565,14618
19366,14619
19368,14620
20167,14621
21792,14622
22297,14623
13957,14624
17008,14625
2656,14626
1934,14627
3351,14628
6348,14629
7517,14630
8101,14631
5896,14632
10368,14633
14039,14634
17998,14635
18000,14636
472,14637
6311,14638
7252,14639
13247,14640
15588,14641
1588,14642
13961,14643
13168,14644
18797,14645
17814,14646
12420,14647
16305,14648
18613,14649
18799,14650
11621,14651
12415,14652
14792,14653
15834,14654
13883,14655
1936,14656
19416,14657
20547,14658
23953,14659
13884,14660
18132,14661
18933,14662
14297,14663
21639,14664
4261,14665
14676,14666
3552,14667
2841,14668
13507,14669
22494,14670
18433,14671
4605,14672
23267,14673
12894,14674
15241,14675
16000,14676
17803,14677
18268,14678
23091,14679
24211,14680
2599,14681
3073,14682
6997,14683
4866,14684
17999,14685
7032,14686
18492,14687
7708,14688
11505,14689
7031,14690
6347,14691
11925,14692
14550,14693
5307,14694
3838,14695
15544,14696
4546,14697
21499,14698
14457,14699
24042,14700
23347,14701
6114,14702
8069,14703
7386,14704
14684,14705
8198,14706
8363,14707
8389,14708
8998,14709
15009,14710
6771,14711
17269,14712
1286,14713
13224,14714
16507,14715
1852,14716
14996,14717
14222,14718
11836,14719
12967,14720
14611,14721
19428,14722
3840,14723
18541,14724
15755,14725
4251,14726
7464,14727
20467,14728
18064,14729
12629,14730
12172,14731
1762,14732
6790,14733
8159,14734
8378,14735
1139,14736
9147,14737
9228,14738
10326,14739
1236,14740
19510,14741
1952,14742
11698,14743
4070,14744
21110,14745
4881,14746
19522,14747
514,14748
23676,14749
2774,14750
16406,14751
5583,14752
14893,14753
5586,14754
12515,14755
6302,14756
6876,14757
13285,14758
4883,14759
17158,14760
7642,14761
11974,14762
8239,14763
21107,14764
5585,14765
15653,14766
14862,14767
12765,14768
8325,14769
21392,14770
8955,14771
22815,14772
4882,14773
18144,14774
925,14775
9319,14776
814,14777
16286,14778
8227,14779
15167,14780
10197,14781
16677,14782
8228,14783
10499,14784
6754,14785
8462,14786
8832,14787
4316,14788
5027,14789
2148,14790
23346,14791
2495,14792
14471,14793
22397,14794
14456,14795
3129,14796
21478,14797
16822,14798
3905,14799
3196,14800
13102,14801
19039,14802
11448,14803
9057,14804
15220,14805
6586,14806
24209,14807
1772,14808
1057,14809
338,14810
5246,14811
9143,14812
9348,14813
15194,14814
13192,14815
15540,14816
17991,14817
23754,14818
9371,14819
20043,14820
19814,14821
13378,14822
10274,14823
11584,14824
22675,14825
2648,14826
21839,14827
1357,14828
3341,14829
4916,14830
6312,14831
14847,14832
6327,14833
637,14834
5567,14835
20399,14836
15551,14837
13208,14838
11939,14839
15552,14840
14306,14841
13091,14842
18491,14843
17331,14844
16580,14845
11124,14846
12170,14847
1764,14848
20213,14849
21375,14850
22230,14851
4264,14852
4677,14853
2122,14854
2844,14855
10440,14856
12965,14857
6998,14858
15607,14859
5648,14860
23578,14861
17055,14862
17057,14863
17332,14864
22719,14865
16587,14866
21740,14867
17338,14868
15080,14869
21357,14870
20790,14871
23100,14872
2559,14873
5306,14874
9452,14875
8770,14876
10231,14877
1672,14878
9512,14879
7784,14880
4321,14881
9537,14882
13412,14883
12619,14884
9538,14885
14202,14886
13410,14887
954,14888
6039,14889
18254,14890
2390,14891
19367,14892
20632,14893
13164,14894
501,14895
5445,14896
9005,14897
9542,14898
21245,14899
22100,14900
11800,14901
16075,14902
10815,14903
1155,14904
19028,14905
20040,14906
15210,14907
15526,14908
14765,14909
3356,14910
4188,14911
653,14912
11009,14913
11736,14914
12389,14915
16382,14916
3441,14917
2810,14918
4149,14919
22026,14920
4857,14921
21173,14922
19448,14923
11051,14924
17097,14925
18644,14926
16426,14927
13261,14928
17174,14929
18734,14930
2249,14931
17666,14932
22787,14933
16422,14934
5351,14935
11330,14936
10375,14937
10488,14938
15535,14939
2069,14940
21939,14941
5566,14942
19540,14943
6260,14944
18818,14945
6946,14946
19620,14947
22676,14948
20972,14949
13963,14950
16441,14951
1289,14952
15592,14953
7119,14954
10194,14955
6435,14956
15537,14957
13364,14958
14776,14959
2824,14960
7548,14961
17134,14962
2052,14963
18153,14964
9000,14965
7000,14966
14056,14967
14905,14968
16360,14969
2151,14970
20068,14971
6415,14972
12567,14973
16468,14974
12410,14975
11616,14976
23755,14977
7564,14978
4281,14979
12285,14980
2134,14981
20206,14982
21096,14983
7612,14984
23773,14985
16299,14986
17052,14987
15650,14988
13281,14989
21970,14990
14074,14991
21117,14992
14863,14993
14099,14994
15623,14995
13306,14996
16375,14997
14281,14998
18497,14999
21350,15000
1988,15001
15014,15002
10893,15003
16522,15004
18884,15005
23025,15006
24215,15007
20032,15008
3401,15009
21314,15010
553,15011
15771,15012
6769,15013
20486,15014
18084,15015
9140,15016
18471,15017
9524,15018
13448,15019
14240,15020
9588,15021
1288,15022
9590,15023
10373,15024
9620,15025
7105,15026
10196,15027
5735,15028
3610,15029
2871,15030
9645,15031
23660,15032
3472,15033
17215,15034
7593,15035
9721,15036
10461,15037
23431,15038
23972,15039
11144,15040
14789,15041
14150,15042
21729,15043
7718,15044
14670,15045
18486,15046
13529,15047
15857,15048
19729,15049
20082,15050
20086,15051
14319,15052
11947,15053
15807,15054
11046,15055
13356,15056
20552,15057
17368,15058
11634,15059
20384,15060
20889,15061
19751,15062
11945,15063
11040,15064
11913,15065
11047,15066
14943,15067
15702,15068
23105,15069
16942,15070
15085,15071
17342,15072
19758,15073
17818,15074
18923,15075
19582,15076
2839,15077
1977,15078
19585,15079
1277,15080
1994,15081
15764,15082
3388,15083
14942,15084
4974,15085
1123,15086
15868,15087
14012,15088
22893,15089
4965,15090
5393,15091
15005,15092
20236,15093
14972,15094
21892,15095
22744,15096
14191,15097
22959,15098
2583,15099
16487,15100
12602,15101
427,15102
19642,15103
22105,15104
20436,15105
22495,15106
4695,15107
21248,15108
14188,15109
14969,15110
5677,15111
3559,15112
13495,15113
1984,15114
15703,15115
543,15116
14944,15117
6218,15118
20381,15119
15565,15120
6338,15121
2705,15122
14149,15123
6902,15124
14148,15125
4826,15126
4118,15127
11857,15128
7600,15129
8284,15130
23881,15131
8285,15132
7601,15133
14228,15134
8983,15135
23751,15136
19422,15137
8986,15138
13357,15139
5526,15140
3409,15141
15004,15142
8144,15143
15763,15144
15570,15145
17838,15146
19639,15147
1862,15148
14184,15149
13392,15150
18831,15151
21041,15152
12621,15153
10906,15154
18048,15155
20450,15156
18032,15157
13761,15158
21247,15159
3986,15160
22957,15161
23817,15162
12593,15163
21641,15164
9097,15165
17065,15166
13358,15167
4824,15168
1278,15169
9526,15170
14235,15171
19432,15172
22135,15173
10218,15174
22737,15175
17261,15176
10213,15177
12640,15178
13433,15179
12628,15180
23595,15181
20471,15182
10898,15183
23854,15184
22994,15185
14213,15186
9671,15187
15701,15188
4827,15189
5528,15190
15767,15191
9527,15192
19681,15193
20225,15194
18863,15195
3416,15196
21287,15197
1853,15198
23001,15199
18860,15200
17250,15201
12966,15202
10816,15203
13891,15204
4833,15205
2836,15206
10901,15207
22143,15208
23002,15209
5179,15210
8145,15211
23864,15212
21290,15213
22993,15214
14551,15215
9739,15216
5578,15217
16389,15218
1332,15219
23423,15220
5120,15221
5776,15222
6740,15223
11274,15224
11013,15225
6397,15226
12276,15227
11155,15228
8959,15229
4297,15230
16926,15231
10474,15232
11157,15233
9644,15234
10472,15235
8838,15236
12007,15237
14377,15238
979,15239
9793,15240
12163,15241
21687,15242
8880,15243
4472,15244
9813,15245
15415,15246
9133,15247
8450,15248
9775,15249
21730,15250
9095,15251
14352,15252
7725,15253
22489,15254
10136,15255
1176,15256
15783,15257
20097,15258
22189,15259
14258,15260
21022,15261
11764,15262
11636,15263
12430,15264
19676,15265
9821,15266
21010,15267
14156,15268
13218,15269
23554,15270
17995,15271
3385,15272
4093,15273
20390,15274
10348,15275
6899,15276
14945,15277
9655,15278
21191,15279
8276,15280
7592,15281
15704,15282
1992,15283
2714,15284
16397,15285
17883,15286
17149,15287
18681,15288
17915,15289
19485,15290
10422,15291
20283,15292
12505,15293
14077,15294
12641,15295
5395,15296
4959,15297
11641,15298
11819,15299
18635,15300
19645,15301
1147,15302
14977,15303
20235,15304
14196,15305
6095,15306
12611,15307
11818,15308
17234,15309
7469,15310
18841,15311
18042,15312
14968,15313
9818,15314
14785,15315
21205,15316
22714,15317
23573,15318
3531,15319
7669,15320
9654,15321
10338,15322
17989,15323
6221,15324
6906,15325
11112,15326
6967,15327
9062,15328
6281,15329
9726,15330
11952,15331
11503,15332
13088,15333
14323,15334
13533,15335
12706,15336
11044,15337
15778,15338
17347,15339
18148,15340
22590,15341
13534,15342
14324,15343
15053,15344
5508,15345
18891,15346
4687,15347
6901,15348
12667,15349
7702,15350
1982,15351
11874,15352
3269,15353
14252,15354
13460,15355
23036,15356
24214,15357
2490,15358
8270,15359
13461,15360
8277,15361
14253,15362
19299,15363
21328,15364
9744,15365
7650,15366
13447,15367
8333,15368
12654,15369
8843,15370
14239,15371
9879,15372
9198,15373
10513,15374
17614,15375
10076,15376
988,15377
19243,15378
18738,15379
10313,15380
1351,15381
5487,15382
631,15383
1340,15384
5683,15385
19281,15386
4980,15387
4270,15388
13559,15389
7629,15390
23696,15391
13259,15392
1392,15393
14052,15394
2109,15395
18574,15396
9494,15397
1430,15398
2920,15399
15165,15400
6884,15401
4186,15402
19491,15403
11977,15404
16939,15405
12768,15406
13558,15407
11955,15408
3152,15409
3921,15410
21134,15411
3450,15412
13323,15413
4157,15414
4865,15415
23790,15416
5026,15417
521,15418
3479,15419
6070,15420
1417,15421
671,15422
20174,15423
708,15424
13587,15425
20194,15426
21097,15427
5497,15428
21950,15429
21942,15430
4976,15431
13880,15432
9516,15433
18180,15434
11484,15435
2849,15436
13080,15437
12767,15438
17683,15439
18980,15440
13566,15441
23575,15442
1347,15443
2694,15444
627,15445
17892,15446
15046,15447
2562,15448
15803,15449
16553,15450
695,15451
14781,15452
22801,15453
23123,15454
21012,15455
21948,15456
18689,15457
13503,15458
20896,15459
14293,15460
11920,15461
21352,15462
22476,15463
8411,15464
10444,15465
14011,15466
21945,15467
3386,15468
21092,15469
1344,15470
20506,15471
8137,15472
19706,15473
18901,15474
23909,15475
9085,15476
11976,15477
10340,15478
12294,15479
18939,15480
23655,15481
6215,15482
22797,15483
4181,15484
9765,15485
7715,15486
19721,15487
3395,15488
23654,15489
4807,15490
5594,15491
18691,15492
20487,15493
413,15494
19688,15495
9880,15496
10183,15497
7834,15498
8515,15499
15927,15500
16816,15501
16883,15502
13674,15503
13899,15504
19035,15505
2631,15506
8098,15507
24005,15508
19557,15509
4142,15510
18756,15511
3434,15512
18768,15513
5551,15514
19569,15515
15587,15516
16341,15517
6919,15518
23689,15519
16359,15520
2856,15521
8829,15522
7118,15523
1954,15524
22918,15525
2676,15526
21949,15527
2678,15528
20990,15529
22251,15530
11495,15531
21396,15532
23974,15533
11979,15534
3380,15535
18154,15536
13081,15537
18955,15538
23111,15539
4796,15540
21395,15541
17681,15542
22250,15543
15878,15544
10450,15545
19182,15546
5483,15547
5962,15548
4630,15549
19101,15550
13940,15551
17706,15552
19762,15553
6021,15554
6200,15555
6634,15556
20105,15557
6625,15558
6885,15559
18787,15560
7995,15561
13034,15562
8349,15563
9199,15564
941,15565
15200,15566
16924,15567
18072,15568
17191,15569
6244,15570
14678,15571
4960,15572
18908,15573
21333,15574
5384,15575
2101,15576
1274,15577
1989,15578
1272,15579
12652,15580
1990,15581
2712,15582
16518,15583
4819,15584
5520,15585
21305,15586
10210,15587
23020,15588
11637,15589
22731,15590
22145,15591
23591,15592
23862,15593
420,15594
18861,15595
19666,15596
19658,15597
555,15598
20480,15599
5658,15600
419,15601
18865,15602
19670,15603
18054,15604
5964,15605
21692,15606
16957,15607
21543,15608
5183,15609
19246,15610
23131,15611
10328,15612
10432,15613
1367,15614
17866,15615
19543,15616
20991,15617
18780,15618
21071,15619
15671,15620
22778,15621
19619,15622
23636,15623
22076,15624
23535,15625
19375,15626
15519,15627
11748,15628
4927,15629
19468,15630
17971,15631
20266,15632
18770,15633
21051,15634
13241,15635
14033,15636
4211,15637
23646,15638
16421,15639
505,15640
11118,15641
10404,15642
13573,15643
19278,15644
22249,15645
15893,15646
12776,15647
20878,15648
12752,15649
12738,15650
15099,15651
19288,15652
21867,15653
11768,15654
22218,15655
23104,15656
23444,15657
23966,15658
10355,15659
12559,15660
15050,15661
1267,15662
11767,15663
2696,15664
22035,15665
3410,15666
2719,15667
11850,15668
4268,15669
11961,15670
15436,15671
21363,15672
1981,15673
19581,15674
528,15675
17981,15676
14014,15677
2720,15678
23880,15679
6086,15680
18079,15681
20231,15682
11846,15683
23590,15684
19667,15685
5533,15686
23866,15687
10214,15688
6209,15689
20380,15690
19423,15691
20220,15692
18078,15693
640,15694
16356,15695
15664,15696
6888,15697
12560,15698
4117,15699
1996,15700
6913,15701
6228,15702
22161,15703
7606,15704
6922,15705
7700,15706
7898,15707
8142,15708
14234,15709
18631,15710
19434,15711
14998,15712
2116,15713
3274,15714
21294,15715
22149,15716
4832,15717
20469,15718
10900,15719
22147,15720
23006,15721
18053,15722
19185,15723
5327,15724
16202,15725
24118,15726
13934,15727
5193,15728
11454,15729
4487,15730
5478,15731
18705,15732
654,15733
22760,15734
1374,15735
23618,15736
20371,15737
5626,15738
21928,15739
3508,15740
19476,15741
20274,15742
18817,15743
22932,15744
17774,15745
592,15746
19573,15747
14031,15748
13239,15749
14831,15750
16425,15751
2076,15752
7536,15753
8366,15754
22788,15755
17173,15756
13264,15757
2153,15758
17672,15759
2876,15760
15709,15761
16293,15762
22058,15763
22899,15764
8845,15765
18877,15766
17828,15767
14995,15768
20227,15769
18061,15770
22732,15771
20465,15772
1141,15773
2575,15774
19665,15775
8146,15776
16506,15777
17257,15778
22132,15779
8376,15780
21277,15781
4562,15782
8848,15783
16509,15784
12639,15785
18852,15786
8850,15787
3542,15788
20466,15789
8988,15790
21182,15791
17821,15792
18621,15793
14227,15794
9075,15795
12681,15796
2709,15797
11765,15798
4113,15799
12557,15800
21877,15801
19427,15802
4816,15803
14146,15804
2002,15805
1285,15806
17265,15807
551,15808
22886,15809
1284,15810
22729,15811
11851,15812
5516,15813
22885,15814
14807,15815
15566,15816
17263,15817
552,15818
12556,15819
13223,15820
14015,15821
13435,15822
6088,15823
12643,15824
14813,15825
15571,15826
19441,15827
21243,15828
1150,15829
22119,15830
10221,15831
22953,15832
22981,15833
23813,15834
23838,15835
18045,15836
19635,15837
5963,15838
7020,15839
7463,15840
8381,15841
19440,15842
21040,15843
14186,15844
21893,15845
19651,15846
10220,15847
22099,15848
429,15849
20437,15850
19638,15851
5397,15852
8846,15853
11848,15854
12434,15855
14200,15856
19437,15857
19647,15858
2581,15859
21259,15860
22114,15861
12591,15862
19186,15863
6094,15864
12615,15865
11822,15866
11799,15867
9532,15868
18063,15869
23863,15870
22131,15871
2431,15872
3211,15873
24116,15874
10945,15875
18862,15876
8870,15877
20615,15878
9536,15879
9642,15880
17907,15881
5584,15882
18717,15883
11093,15884
11973,15885
17684,15886
15837,15887
16617,15888
11025,15889
1837,15890
19750,15891
20551,15892
2117,15893
1259,15894
21186,15895
22039,15896
2716,15897
21020,15898
11859,15899
4962,15900
7460,15901
23884,15902
17829,15903
21031,15904
21283,15905
21882,15906
18858,15907
10903,15908
20462,15909
23860,15910
2577,15911
13425,15912
6089,15913
9762,15914
9082,15915
1262,15916
12704,15917
16460,15918
3397,15919
17212,15920
6229,15921
6914,15922
13442,15923
9881,15924
1825,15925
11243,15926
10560,15927
7112,15928
9883,15929
391,15930
9884,15931
8473,15932
21663,15933
6677,15934
23217,15935
17709,15936
6622,15937
8097,15938
7992,15939
1377,15940
21052,15941
657,15942
21904,15943
22022,15944
22757,15945
22875,15946
12451,15947
8912,15948
8520,15949
9885,15950
9204,15951
6432,15952
12221,15953
8028,15954
17520,15955
19309,15956
3799,15957
15379,15958
5913,15959
4936,15960
1300,15961
21158,15962
2018,15963
4940,15964
6254,15965
5643,15966
14823,15967
9594,15968
11247,15969
8814,15970
9886,15971
10180,15972
7839,15973
8521,15974
9158,15975
21673,15976
275,15977
19095,15978
3290,15979
18236,15980
6725,15981
15976,15982
658,15983
6256,15984
1378,15985
4848,15986
13343,15987
5549,15988
14135,15989
17089,15990
16336,15991
8201,15992
9205,15993
9887,15994
1109,15995
11249,15996
10566,15997
9888,15998
9207,15999
9889,16000
3955,16001
2918,16002
6417,16003
15538,16004
16291,16005
18959,16006
13872,16007
23114,16008
22578,16009
18157,16010
18958,16011
8254,16012
682,16013
16184,16014
4984,16015
4274,16016
15114,16017
20784,16018
2498,16019
13893,16020
23231,16021
5920,16022
13032,16023
6128,16024
7997,16025
13320,16026
16358,16027
14113,16028
17110,16029
12526,16030
11677,16031
12471,16032
22929,16033
19385,16034
15530,16035
9847,16036
7438,16037
9159,16038
9166,16039
9151,16040
12162,16041
13862,16042
12804,16043
15418,16044
15157,16045
15914,16046
13988,16047
15127,16048
15554,16049
15830,16050
16663,16051
13990,16052
18164,16053
19405,16054
20215,16055
21005,16056
17325,16057
21371,16058
21856,16059
18932,16060
21857,16061
20538,16062
22224,16063
14677,16064
12721,16065
13512,16066
16569,16067
21630,16068
22229,16069
23581,16070
2121,16071
22598,16072
15071,16073
15828,16074
11123,16075
18391,16076
3200,16077
24138,16078
1879,16079
22710,16080
23085,16081
339,16082
12913,16083
13197,16084
1873,16085
10047,16086
2843,16087
3744,16088
3910,16089
19930,16090
21791,16091
18898,16092
5672,16093
6202,16094
21374,16095
15437,16096
23952,16097
23090,16098
6763,16099
22226,16100
23087,16101
7457,16102
23912,16103
20502,16104
1998,16105
15699,16106
17075,16107
16322,16108
21297,16109
22186,16110
9079,16111
24208,16112
1058,16113
19944,16114
1164,16115
9363,16116
13841,16117
9520,16118
13590,16119
14380,16120
15126,16121
14006,16122
16307,16123
1398,16124
20202,16125
12724,16126
20534,16127
20895,16128
14300,16129
11929,16130
17319,16131
22485,16132
23567,16133
2119,16134
16944,16135
15824,16136
23568,16137
19734,16138
5317,16139
21564,16140
12407,16141
2603,16142
4451,16143
13049,16144
7962,16145
13372,16146
11586,16147
12366,16148
13161,16149
13954,16150
14753,16151
15514,16152
11731,16153
16254,16154
17743,16155
11057,16156
17777,16157
20184,16158
17171,16159
11680,16160
21977,16161
21935,16162
22056,16163
22829,16164
23522,16165
23765,16166
22723,16167
12419,16168
17060,16169
18130,16170
16191,16171
18131,16172
16190,16173
13514,16174
18931,16175
569,16176
6826,16177
11664,16178
6830,16179
12364,16180
14832,16181
6056,16182
7166,16183
7518,16184
23687,16185
22789,16186
19600,16187
14001,16188
13209,16189
15073,16190
17058,16191
11933,16192
14675,16193
14305,16194
13515,16195
17320,16196
17692,16197
19192,16198
4802,16199
4969,16200
23455,16201
4263,16202
3554,16203
5316,16204
8224,16205
8246,16206
19606,16207
8256,16208
18928,16209
16945,16210
18127,16211
23947,16212
8292,16213
3245,16214
4074,16215
18804,16216
12401,16217
11607,16218
15853,16219
21735,16220
17354,16221
16316,16222
11901,16223
5065,16224
1240,16225
21209,16226
4784,16227
23776,16228
6201,16229
17048,16230
11959,16231
22588,16232
13541,16233
17069,16234
22203,16235
15441,16236
12695,16237
11904,16238
18903,16239
21629,16240
22540,16241
2600,16242
13631,16243
538,16244
15039,16245
8264,16246
14273,16247
14680,16248
22201,16249
21345,16250
13479,16251
22484,16252
8840,16253
13483,16254
14274,16255
22198,16256
8975,16257
16548,16258
6765,16259
15041,16260
15798,16261
23059,16262
9522,16263
16546,16264
17296,16265
23921,16266
23343,16267
341,16268
448,16269
15201,16270
11466,16271
3735,16272
16256,16273
9658,16274
19712,16275
6080,16276
14275,16277
13484,16278
989,16279
8072,16280
15447,16281
4481,16282
13836,16283
5187,16284
20352,16285
10327,16286
10356,16287
1365,16288
13258,16289
17211,16290
2081,16291
12465,16292
21927,16293
22817,16294
2663,16295
23675,16296
2748,16297
17955,16298
1309,16299
12549,16300
2831,16301
3466,16302
11723,16303
590,16304
11757,16305
20246,16306
14030,16307
18645,16308
15668,16309
23645,16310
18728,16311
2797,16312
14055,16313
19532,16314
5950,16315
20939,16316
14224,16317
672,16318
22677,16319
21825,16320
13171,16321
13337,16322
6849,16323
13976,16324
14770,16325
1354,16326
375,16327
6180,16328
22812,16329
3469,16330
6959,16331
17367,16332
16941,16333
12731,16334
12764,16335
17322,16336
20891,16337
11940,16338
23961,16339
2703,16340
16458,16341
5664,16342
1985,16343
17210,16344
3411,16345
4119,16346
15001,16347
2571,16348
15760,16349
13227,16350
19436,16351
13411,16352
23600,16353
23833,16354
2580,16355
21263,16356
22118,16357
8149,16358
22115,16359
8262,16360
17985,16361
8290,16362
4391,16363
20063,16364
8985,16365
18784,16366
559,16367
2717,16368
12644,16369
3273,16370
16515,16371
16324,16372
18035,16373
20237,16374
12598,16375
23604,16376
23818,16377
10912,16378
18836,16379
19641,16380
13387,16381
2584,16382
23814,16383
3279,16384
12600,16385
11807,16386
14179,16387
21622,16388
8994,16389
16459,16390
6915,16391
6230,16392
9280,16393
7611,16394
12812,16395
9530,16396
13432,16397
6333,16398
20456,16399
9683,16400
18733,16401
13263,16402
17930,16403
15606,16404
8457,16405
7445,16406
3370,16407
7735,16408
11492,16409
7057,16410
14787,16411
19498,16412
21008,16413
4179,16414
21190,16415
1265,16416
7666,16417
10411,16418
7776,16419
22902,16420
22912,16421
23574,16422
22715,16423
18788,16424
6928,16425
20403,16426
21009,16427
23572,16428
15649,16429
12489,16430
14889,16431
11697,16432
19520,16433
13282,16434
14075,16435
14888,16436
20318,16437
15624,16438
7701,16439
17698,16440
15802,16441
2710,16442
21313,16443
16197,16444
17272,16445
15013,16446
20484,16447
6911,16448
16521,16449
7597,16450
18883,16451
6084,16452
23889,16453
21312,16454
14237,16455
7326,16456
8009,16457
6020,16458
19103,16459
6107,16460
8074,16461
20697,16462
6108,16463
8140,16464
15012,16465
20485,16466
11860,16467
6643,16468
7391,16469
9690,16470
10374,16471
12020,16472
8130,16473
14389,16474
13600,16475
16625,16476
13082,16477
15875,16478
7050,16479
12771,16480
19977,16481
8077,16482
10258,16483
20475,16484
7462,16485
18872,16486
18073,16487
3546,16488
9841,16489
9510,16490
9160,16491
17043,16492
16290,16493
23760,16494
4239,16495
9820,16496
402,16497
9139,16498
13203,16499
11775,16500
20993,16501
19596,16502
1971,16503
2145,16504
1253,16505
18002,16506
20207,16507
13996,16508
2693,16509
18790,16510
4944,16511
11022,16512
6207,16513
19590,16514
4810,16515
5511,16516
3486,16517
4161,16518
6214,16519
8268,16520
13360,16521
8345,16522
3454,16523
7662,16524
4869,16525
22166,16526
5572,16527
21311,16528
10894,16529
23026,16530
18874,16531
4690,16532
18075,16533
12433,16534
13226,16535
13417,16536
14810,16537
17247,16538
22126,16539
3277,16540
4694,16541
14984,16542
17248,16543
8148,16544
15742,16545
13416,16546
8972,16547
11023,16548
22896,16549
6907,16550
6222,16551
14152,16552
556,16553
1275,16554
18713,16555
18682,16556
9067,16557
9044,16558
17346,16559
13881,16560
14673,16561
15435,16562
15845,16563
15088,16564
11915,16565
10360,16566
12666,16567
16595,16568
18948,16569
18949,16570
19755,16571
15809,16572
3390,16573
11873,16574
1131,16575
23042,16576
4098,16577
21326,16578
546,16579
21327,16580
6216,16581
22182,16582
5389,16583
7023,16584
9675,16585
22181,16586
410,16587
19695,16588
9740,16589
17884,16590
13299,16591
19486,16592
11712,16593
20284,16594
14092,16595
9735,16596
5661,16597
4693,16598
18871,16599
17835,16600
22743,16601
16492,16602
22968,16603
1859,16604
18041,16605
23602,16606
18839,16607
10910,16608
20443,16609
19644,16610
23808,16611
16058,16612
10825,16613
426,16614
23827,16615
5243,16616
18506,16617
16713,16618
12254,16619
2616,16620
9890,16621
9209,16622
17433,16623
15343,16624
9891,16625
7779,16626
12398,16627
20567,16628
23434,16629
22255,16630
21400,16631
15873,16632
21666,16633
291,16634
6198,16635
23116,16636
15429,16637
21399,16638
16630,16639
17374,16640
13793,16641
10782,16642
11512,16643
9650,16644
23979,16645
16938,16646
15124,16647
15881,16648
15116,16649
22522,16650
9892,16651
9893,16652
7844,16653
9894,16654
16682,16655
15342,16656
99,16657
990,16658
2414,16659
12338,16660
18165,16661
20676,16662
9900,16663
12157,16664
3914,16665
9903,16666
21647,16667
4599,16668
22429,16669
8875,16670
5892,16671
13042,16672
1643,16673
14399,16674
9904,16675
9905,16676
18403,16677
10809,16678
10268,16679
13292,16680
2635,16681
3836,16682
15495,16683
15635,16684
22000,16685
14636,16686
4749,16687
11322,16688
1809,16689
6285,16690
3677,16691
3235,16692
6528,16693
2533,16694
11320,16695
10635,16696
766,16697
15323,16698
7374,16699
7948,16700
14639,16701
4416,16702
20057,16703
4450,16704
20949,16705
6572,16706
5451,16707
11706,16708
7904,16709
1091,16710
10644,16711
18466,16712
2291,16713
23545,16714
13288,16715
2984,16716
3652,16717
10323,16718
14870,16719
5804,16720
13187,16721
12493,16722
17886,16723
8575,16724
8916,16725
802,16726
19269,16727
11325,16728
10640,16729
9128,16730
3964,16731
9274,16732
9343,16733
485,16734
17137,16735
841,16736
17782,16737
11704,16738
2050,16739
20591,16740
17671,16741
19791,16742
22269,16743
9624,16744
22819,16745
2773,16746
1412,16747
14663,16748
691,16749
5702,16750
5691,16751
9808,16752
10483,16753
6394,16754
9858,16755
10190,16756
4314,16757
15177,16758
3375,16759
17901,16760
400,16761
15158,16762
13860,16763
14367,16764
13074,16765
13577,16766
15898,16767
16627,16768
16312,16769
21094,16770
2157,16771
17792,16772
23576,16773
20295,16774
20291,16775
14280,16776
23663,16777
7767,16778
4801,16779
18694,16780
5693,16781
12411,16782
17896,16783
23653,16784
13502,16785
1839,16786
12711,16787
4258,16788
4961,16789
12179,16790
8436,16791
22698,16792
22805,16793
21088,16794
8456,16795
19395,16796
18699,16797
23650,16798
17361,16799
13877,16800
15103,16801
15860,16802
991,16803
12900,16804
20135,16805
12589,16806
22348,16807
5398,16808
11796,16809
23806,16810
9910,16811
1237,16812
12492,16813
4173,16814
11140,16815
11491,16816
10457,16817
9782,16818
18962,16819
9911,16820
11014,16821
15908,16822
13070,16823
17411,16824
16659,16825
5711,16826
17561,16827
10148,16828
19942,16829
3301,16830
5437,16831
15150,16832
5877,16833
12252,16834
3763,16835
7561,16836
7758,16837
8837,16838
9643,16839
12800,16840
14657,16841
14378,16842
15151,16843
5007,16844
15298,16845
9916,16846
10596,16847
2925,16848
24188,16849
366,16850
14489,16851
10933,16852
905,16853
16902,16854
5873,16855
6309,16856
992,16857
1391,16858
20934,16859
836,16860
19266,16861
1556,16862
10678,16863
828,16864
23390,16865
9920,16866
9238,16867
9901,16868
15308,16869
1065,16870
12906,16871
9563,16872
5174,16873
13839,16874
7286,16875
14110,16876
18660,16877
22847,16878
17862,16879
20262,16880
13375,16881
22083,16882
11573,16883
9922,16884
8108,16885
9240,16886
2944,16887
10582,16888
20795,16889
5300,16890
22424,16891
7491,16892
8657,16893
14631,16894
10054,16895
18723,16896
20259,16897
14913,16898
20260,16899
21061,16900
11787,16901
23798,16902
20956,16903
9925,16904
2204,16905
21613,16906
10837,16907
16787,16908
8878,16909
2348,16910
13045,16911
910,16912
7676,16913
18665,16914
1366,16915
1319,16916
11784,16917
600,16918
17225,16919
15510,16920
9926,16921
383,16922
5078,16923
5781,16924
11265,16925
15321,16926
9927,16927
7853,16928
22520,16929
2456,16930
18347,16931
4717,16932
19018,16933
993,16934
22362,16935
21485,16936
16347,16937
11397,16938
16156,16939
10712,16940
16264,16941
14955,16942
17229,16943
1184,16944
14835,16945
15594,16946
1596,16947
17100,16948
17652,16949
10717,16950
17851,16951
10718,16952
16908,16953
18649,16954
1933,16955
19364,16956
19453,16957
23783,16958
23786,16959
24061,16960
23161,16961
10732,16962
11417,16963
23802,16964
1914,16965
2636,16966
22925,16967
2654,16968
18814,16969
3038,16970
19253,16971
2315,16972
20962,16973
22068,16974
3347,16975
4055,16976
22071,16977
4132,16978
11395,16979
16910,16980
17654,16981
10710,16982
1221,16983
18014,16984
20162,16985
17221,16986
3036,16987
17015,16988
1906,16989
11280,16990
1819,16991
1494,16992
11010,16993
16925,16994
15159,16995
16118,16996
19616,16997
19770,16998
14356,16999
17353,17000
15095,17001
18147,17002
206,17003
3329,17004
4053,17005
20413,17006
463,17007
18013,17008
4762,17009
11781,17010
4841,17011
502,17012
5075,17013
5143,17014
16909,17015
11399,17016
12365,17017
1564,17018
10685,17019
18011,17020
19614,17021
17787,17022
21702,17023
4436,17024
15509,17025
14162,17026
5449,17027
1498,17028
10858,17029
5467,17030
22073,17031
5469,17032
21217,17033
5542,17034
11402,17035
15398,17036
1597,17037
1219,17038
13370,17039
1223,17040
16262,17041
18015,17042
18451,17043
20163,17044
22923,17045
1239,17046
4763,17047
4243,17048
18586,17049
5651,17050
6038,17051
19079,17052
18278,17053
19859,17054
10035,17055
6253,17056
2311,17057
20052,17058
1591,17059
11575,17060
19363,17061
19615,17062
20960,17063
20416,17064
6938,17065
6939,17066
20359,17067
577,17068
2818,17069
1296,17070
2014,17071
21232,17072
22087,17073
7013,17074
7266,17075
12367,17076
17021,17077
2108,17078
19386,17079
21218,17080
4949,17081
7622,17082
1592,17083
23411,17084
10709,17085
17764,17086
21219,17087
17786,17088
7541,17089
20414,17090
2659,17091
7865,17092
8306,17093
7942,17094
22554,17095
23412,17096
11392,17097
20411,17098
870,17099
22553,17100
1590,17101
23519,17102
19617,17103
8223,17104
4244,17105
873,17106
19255,17107
3035,17108
15511,17109
16470,17110
18563,17111
18564,17112
18813,17113
22928,17114
877,17115
14638,17116
16154,17117
3040,17118
13162,17119
22664,17120
23787,17121
4061,17122
5652,17123
19387,17124
89,17125
8910,17126
19359,17127
11334,17128
22571,17129
1528,17130
2252,17131
5770,17132
12226,17133
18430,17134
20739,17135
15234,17136
5924,17137
3810,17138
20641,17139
14546,17140
15372,17141
8915,17142
1524,17143
17667,17144
9021,17145
15956,17146
13846,17147
14641,17148
15199,17149
13955,17150
21810,17151
23521,17152
18815,17153
3536,17154
4245,17155
6575,17156
19612,17157
4783,17158
9337,17159
16266,17160
18016,17161
19365,17162
20186,17163
18585,17164
3537,17165
6170,17166
22927,17167
1937,17168
20187,17169
9341,17170
14640,17171
10025,17172
14748,17173
15714,17174
4765,17175
23788,17176
4771,17177
4772,17178
500,17179
22926,17180
19388,17181
10877,17182
10527,17183
6194,17184
8133,17185
18179,17186
15362,17187
13565,17188
13557,17189
18122,17190
20530,17191
18916,17192
19722,17193
20518,17194
18422,17195
225,17196
101,17197
9347,17198
9450,17199
17785,17200
18316,17201
24056,17202
23196,17203
22310,17204
13649,17205
3102,17206
12161,17207
23401,17208
19134,17209
13186,17210
7097,17211
10885,17212
6413,17213
5721,17214
698,17215
1420,17216
7754,17217
12956,17218
22542,17219
13687,17220
8232,17221
16345,17222
8375,17223
2721,17224
21023,17225
21879,17226
11821,17227
9635,17228
8131,17229
16667,17230
17622,17231
18166,17232
205,17233
88,17234
9706,17235
18759,17236
10390,17237
11076,17238
13379,17239
14171,17240
1905,17241
2627,17242
3328,17243
2975,17244
21719,17245
4393,17246
7899,17247
23430,17248
9930,17249
1101,17250
9248,17251
9932,17252
4359,17253
9933,17254
10614,17255
7172,17256
18401,17257
10812,17258
20745,17259
12332,17260
3085,17261
9935,17262
19271,17263
7875,17264
9936,17265
9937,17266
7852,17267
19203,17268
322,17269
12122,17270
17727,17271
919,17272
13044,17273
16715,17274
4913,17275
4155,17276
3514,17277
20264,17278
18823,17279
3448,17280
19627,17281
1218,17282
9938,17283
9255,17284
6487,17285
20796,17286
10128,17287
17542,17288
13153,17289
11304,17290
18526,17291
3778,17292
13835,17293
5191,17294
7677,17295
14745,17296
15506,17297
19467,17298
4928,17299
20265,17300
21229,17301
2757,17302
20426,17303
497,17304
2652,17305
4052,17306
9236,17307
994,17308
19096,17309
21753,17310
4507,17311
6833,17312
7160,17313
390,17314
7414,17315
5213,17316
4230,17317
8310,17318
3523,17319
6255,17320
3527,17321
6941,17322
4235,17323
15582,17324
8286,17325
19535,17326
15605,17327
7059,17328
8522,17329
2914,17330
8828,17331
1445,17332
15414,17333
16511,17334
13336,17335
21841,17336
2675,17337
18007,17338
14779,17339
17046,17340
14948,17341
4073,17342
2786,17343
4786,17344
13984,17345
2687,17346
2848,17347
23436,17348
2126,17349
4271,17350
21727,17351
2125,17352
2847,17353
4795,17354
2846,17355
20078,17356
2124,17357
1399,17358
6369,17359
6366,17360
7726,17361
16103,17362
8350,17363
8407,17364
9404,17365
9839,17366
11434,17367
9942,17368
7882,17369
10585,17370
24245,17371
9419,17372
22436,17373
21776,17374
4492,17375
9947,17376
22572,17377
10628,17378
15192,17379
1485,17380
17581,17381
995,17382
9953,17383
14647,17384
10634,17385
11319,17386
11267,17387
18402,17388
1040,17389
9954,17390
1810,17391
2241,17392
2964,17393
7173,17394
16831,17395
6006,17396
21592,17397
17001,17398
23475,17399
17478,17400
18443,17401
12843,17402
14901,17403
19460,17404
22001,17405
17858,17406
16477,17407
20257,17408
15721,17409
21809,17410
9957,17411
2932,17412
16079,17413
9440,17414
16044,17415
20113,17416
8670,17417
6044,17418
7301,17419
21123,17420
16259,17421
17012,17422
595,17423
13326,17424
2031,17425
14962,17426
2752,17427
14169,17428
1931,17429
10988,17430
7537,17431
16270,17432
12818,17433
10193,17434
13610,17435
1246,17436
20189,17437
18171,17438
17680,17439
18971,17440
19776,17441
1406,17442
2136,17443
16934,17444
23362,17445
4082,17446
19775,17447
16935,17448
22261,17449
12783,17450
2131,17451
24226,17452
1758,17453
18346,17454
17006,17455
4007,17456
17468,17457
12251,17458
7975,17459
5142,17460
14903,17461
9103,17462
8420,17463
685,17464
22502,17465
9918,17466
6738,17467
11283,17468
5777,17469
9752,17470
11682,17471
11684,17472
12475,17473
13268,17474
13269,17475
14850,17476
14852,17477
14853,17478
15611,17479
16413,17480
17166,17481
16371,17482
16414,17483
17921,17484
14069,17485
17162,17486
11691,17487
12483,17488
18720,17489
21122,17490
11080,17491
21975,17492
23684,17493
15616,17494
22826,17495
16370,17496
17122,17497
14391,17498
3494,17499
14070,17500
4201,17501
12484,17502
13277,17503
3591,17504
4301,17505
15413,17506
4910,17507
15614,17508
4202,17509
13272,17510
11168,17511
14065,17512
5012,17513
11772,17514
5568,17515
5569,17516
12814,17517
6263,17518
12022,17519
6265,17520
13604,17521
6951,17522
12816,17523
6757,17524
14393,17525
20391,17526
6954,17527
16411,17528
11690,17529
12482,17530
3589,17531
4299,17532
11478,17533
2142,17534
17992,17535
7447,17536
11171,17537
19593,17538
7674,17539
17881,17540
6992,17541
16369,17542
15919,17543
17121,17544
15162,17545
12274,17546
16669,17547
11716,17548
7773,17549
8318,17550
17165,17551
6266,17552
16671,17553
6952,17554
18982,17555
13066,17556
18182,17557
17990,17558
8449,17559
6075,17560
2063,17561
1348,17562
8452,17563
11480,17564
12023,17565
23759,17566
8454,17567
10886,17568
4300,17569
21194,17570
9029,17571
15658,17572
6267,17573
14898,17574
10397,17575
11083,17576
16672,17577
693,17578
10201,17579
17423,17580
11774,17581
9131,17582
6759,17583
9811,17584
4902,17585
9959,17586
20065,17587
8577,17588
7894,17589
6486,17590
19202,17591
996,17592
22406,17593
16996,17594
2834,17595
3990,17596
9378,17597
4643,17598
4498,17599
11045,17600
23749,17601
2813,17602
10324,17603
17909,17604
17946,17605
16352,17606
23702,17607
14838,17608
15598,17609
12574,17610
3435,17611
21153,17612
19455,17613
4143,17614
4248,17615
17022,17616
11578,17617
13958,17618
19568,17619
4774,17620
18707,17621
4172,17622
18718,17623
487,17624
14764,17625
3941,17626
5475,17627
20305,17628
6958,17629
7009,17630
7218,17631
6241,17632
7588,17633
22891,17634
1995,17635
21873,17636
23883,17637
6770,17638
11858,17639
2003,17640
12632,17641
23594,17642
14217,17643
2726,17644
22151,17645
2572,17646
23871,17647
5659,17648
22134,17649
13802,17650
1715,17651
6775,17652
21281,17653
22136,17654
21279,17655
6787,17656
7691,17657
17842,17658
14825,17659
14830,17660
16330,17661
19446,17662
20336,17663
2251,17664
22786,17665
22831,17666
22836,17667
23644,17668
18730,17669
2531,17670
639,17671
21934,17672
17932,17673
12472,17674
4310,17675
5373,17676
1241,17677
7099,17678
14833,17679
18803,17680
18606,17681
17807,17682
11115,17683
7012,17684
22913,17685
11615,17686
12409,17687
13361,17688
7737,17689
22577,17690
4282,17691
15545,17692
630,17693
623,17694
20388,17695
2704,17696
8453,17697
8944,17698
19507,17699
2055,17700
15130,17701
19280,17702
20573,17703
9092,17704
21731,17705
12739,17706
13556,17707
1397,17708
16189,17709
11948,17710
14320,17711
17307,17712
1979,17713
23748,17714
2698,17715
22894,17716
4104,17717
22890,17718
1279,17719
22724,17720
15762,17721
8973,17722
23752,17723
1993,17724
1276,17725
23873,17726
8143,17727
11853,17728
11642,17729
21038,17730
11816,17731
10224,17732
13402,17733
21890,17734
21254,17735
22108,17736
7470,17737
14975,17738
14192,17739
15730,17740
9534,17741
19662,17742
20461,17743
14216,17744
9540,17745
22965,17746
9651,17747
6299,17748
4867,17749
14129,17750
9694,17751
17697,17752
5385,17753
12698,17754
9728,17755
10429,17756
9046,17757
9747,17758
7646,17759
21971,17760
8329,17761
21118,17762
6963,17763
17303,17764
20096,17765
11909,17766
4817,17767
21315,17768
6225,17769
21316,17770
16950,17771
7458,17772
8281,17773
22172,17774
10892,17775
20488,17776
19689,17777
18082,17778
13800,17779
7351,17780
9842,17781
6066,17782
2172,17783
1249,17784
22693,17785
17993,17786
6326,17787
9141,17788
1834,17789
11179,17790
13994,17791
3593,17792
17806,17793
22914,17794
12408,17795
11614,17796
17216,17797
10337,17798
11631,17799
12564,17800
4905,17801
3452,17802
534,17803
21198,17804
17816,17805
18616,17806
22900,17807
13221,17808
5647,17809
6353,17810
14672,17811
10441,17812
15434,17813
20886,17814
5678,17815
4975,17816
6892,17817
12426,17818
20389,17819
3394,17820
4102,17821
5646,17822
7703,17823
8989,17824
8991,17825
19696,17826
9084,17827
8395,17828
11034,17829
18093,17830
9663,17831
6325,17832
5521,17833
4820,17834
8343,17835
5574,17836
7660,17837
4871,17838
6978,17839
3456,17840
4163,17841
5603,17842
6292,17843
13283,17844
17262,17845
10211,17846
15759,17847
21037,17848
21889,17849
13407,17850
1146,17851
20445,17852
19646,17853
14970,17854
22113,17855
10223,17856
22742,17857
18043,17858
23831,17859
22971,17860
8857,17861
22970,17862
23830,17863
9665,17864
20495,17865
2566,17866
9672,17867
10427,17868
7649,17869
3487,17870
8332,17871
4194,17872
3453,17873
19686,17874
4160,17875
18882,17876
7459,17877
18083,17878
14232,17879
2570,17880
13440,17881
11638,17882
14017,17883
21273,17884
22129,17885
22739,17886
14986,17887
3983,17888
14211,17889
13419,17890
6091,17891
22127,17892
7466,17893
22987,17894
23847,17895
11830,17896
13799,17897
2442,17898
9757,17899
1264,17900
18893,17901
1130,17902
23045,17903
11876,17904
9764,17905
11635,17906
15023,17907
15056,17908
545,17909
15780,17910
409,17911
19697,17912
9963,17913
2171,17914
11017,17915
19506,17916
6868,17917
18701,17918
21940,17919
22248,17920
22581,17921
23109,17922
9964,17923
10665,17924
2222,17925
4648,17926
6860,17927
633,17928
8527,17929
4664,17930
3605,17931
2921,17932
17427,17933
4785,17934
19502,17935
6755,17936
5716,17937
5730,17938
1965,17939
23661,17940
6756,17941
15904,17942
16929,17943
4273,17944
14668,17945
16655,17946
17371,17947
18482,17948
13535,17949
11131,17950
11941,17951
12427,17952
22716,17953
23446,17954
12744,17955
11953,17956
23657,17957
4891,17958
4983,17959
11970,17960
5505,17961
22798,17962
5666,17963
4103,17964
6208,17965
23656,17966
21943,17967
16540,17968
625,17969
6367,17970
4804,17971
22799,17972
18690,17973
15047,17974
1840,17975
20517,17976
6900,17977
1345,17978
17893,17979
15015,17980
696,17981
11994,17982
20208,17983
23659,17984
6886,17985
629,17986
17891,17987
8842,17988
23029,17989
23891,17990
8967,17991
20300,17992
18687,17993
8981,17994
17895,17995
3474,17996
20497,17997
4686,17998
19698,17999
22184,18000
18088,18001
16072,18002
9281,18003
2175,18004
4076,18005
22809,18006
8947,18007
23667,18008
620,18009
9630,18010
23669,18011
2777,18012
12793,18013
15422,18014
16653,18015
17405,18016
9798,18017
19397,18018
22803,18019
19492,18020
8396,18021
13087,18022
9965,18023
11210,18024
2664,18025
21956,18026
8247,18027
21103,18028
2778,18029
5685,18030
9966,18031
11257,18032
8020,18033
21684,18034
19142,18035
13921,18036
3685,18037
3829,18038
8682,18039
19848,18040
3808,18041
19181,18042
5334,18043
3217,18044
16774,18045
20185,18046
24055,18047
21490,18048
21456,18049
14439,18050
3596,18051
10199,18052
2872,18053
2149,18054
4514,18055
12149,18056
5014,18057
5718,18058
6393,18059
12944,18060
6712,18061
3144,18062
20168,18063
7401,18064
13906,18065
3841,18066
7957,18067
12259,18068
17651,18069
1604,18070
2324,18071
23409,18072
19810,18073
19011,18074
11565,18075
10626,18076
13947,18077
14738,18078
16249,18079
17756,18080
18997,18081
19355,18082
19356,18083
10599,18084
22656,18085
23122,18086
23513,18087
10632,18088
23515,18089
20600,18090
4433,18091
1201,18092
16260,18093
11284,18094
1103,18095
4447,18096
15496,18097
10622,18098
15499,18099
11295,18100
17754,18101
20155,18102
22658,18103
3325,18104
10594,18105
4739,18106
4756,18107
3663,18108
5152,18109
14735,18110
16252,18111
14413,18112
17755,18113
11285,18114
18551,18115
16699,18116
18555,18117
1903,18118
21807,18119
23517,18120
14418,18121
2938,18122
3666,18123
4994,18124
5444,18125
2940,18126
5791,18127
7200,18128
7255,18129
18559,18130
2641,18131
6164,18132
10600,18133
10859,18134
7182,18135
6497,18136
7867,18137
7881,18138
7884,18139
7889,18140
7939,18141
1204,18142
1215,18143
15507,18144
5089,18145
14649,18146
1511,18147
791,18148
8541,18149
4660,18150
6494,18151
8543,18152
8545,18153
8550,18154
8107,18155
8553,18156
5361,18157
13624,18158
8572,18159
8103,18160
6525,18161
7209,18162
5066,18163
21612,18164
8905,18165
11291,18166
9237,18167
9261,18168
6735,18169
9470,18170
9627,18171
6926,18172
19577,18173
12439,18174
9917,18175
1818,18176
7180,18177
7860,18178
9897,18179
19173,18180
1799,18181
12108,18182
20156,18183
8883,18184
5173,18185
15392,18186
3760,18187
9070,18188
599,18189
3512,18190
1318,18191
14959,18192
22773,18193
19626,18194
8936,18195
9919,18196
9215,18197
19970,18198
6031,18199
9928,18200
2926,18201
9944,18202
9967,18203
10649,18204
758,18205
9968,18206
5349,18207
10592,18208
9285,18209
1490,18210
1963,18211
23982,18212
21726,18213
16633,18214
2685,18215
18966,18216
13078,18217
20571,18218
529,18219
15129,18220
13871,18221
16636,18222
17387,18223
23117,18224
16113,18225
271,18226
21537,18227
24059,18228
1220,18229
4012,18230
18027,18231
483,18232
10289,18233
23785,18234
4063,18235
3357,18236
21213,18237
4948,18238
5474,18239
5967,18240
6181,18241
19610,18242
15539,18243
14778,18244
18961,18245
20875,18246
19287,18247
12749,18248
16602,18249
2784,18250
10346,18251
10349,18252
10357,18253
11033,18254
11041,18255
1325,18256
13304,18257
14013,18258
14153,18259
14804,18260
15645,18261
18714,18262
22042,18263
3473,18264
22898,18265
11042,18266
10358,18267
23033,18268
4180,18269
19588,18270
2707,18271
549,18272
22173,18273
5509,18274
18879,18275
5510,18276
4809,18277
18086,18278
605,18279
6212,18280
11030,18281
19587,18282
6297,18283
4101,18284
3393,18285
13453,18286
6898,18287
17917,18288
6983,18289
6905,18290
6220,18291
23896,18292
6965,18293
7582,18294
15646,18295
6897,18296
20386,18297
7583,18298
14946,18299
7589,18300
12509,18301
6278,18302
17916,18303
10415,18304
16398,18305
6964,18306
17150,18307
11101,18308
7665,18309
11102,18310
21192,18311
6279,18312
22045,18313
8039,18314
18455,18315
8265,18316
14885,18317
6211,18318
17987,18319
8266,18320
18785,18321
550,18322
5515,18323
20489,18324
1847,18325
14243,18326
13441,18327
14233,18328
22157,18329
13738,18330
8088,18331
21507,18332
8193,18333
1570,18334
8267,18335
3389,18336
17214,18337
10363,18338
8273,18339
16462,18340
8274,18341
7590,18342
19683,18343
8348,18344
8978,18345
14886,18346
1324,18347
13303,18348
2697,18349
17213,18350
2762,18351
11717,18352
604,18353
14096,18354
2041,18355
4901,18356
8979,18357
3530,18358
9049,18359
14095,18360
2042,18361
12508,18362
9336,18363
5447,18364
9511,18365
7796,18366
8477,18367
21953,18368
17045,18369
16292,18370
18594,18371
18806,18372
1968,18373
20204,18374
16541,18375
20989,18376
21845,18377
19396,18378
14284,18379
23550,18380
10334,18381
22049,18382
2686,18383
2690,18384
18793,18385
4084,18386
1964,18387
21196,18388
4089,18389
22903,18390
4794,18391
20394,18392
530,18393
16465,18394
5495,18395
3378,18396
19594,18397
6882,18398
6197,18399
17217,18400
9660,18401
1975,18402
20387,18403
1268,18404
4813,18405
13451,18406
1133,18407
12658,18408
22158,18409
21303,18410
21302,18411
12943,18412
7405,18413
21510,18414
13924,18415
5122,18416
9661,18417
21189,18418
1986,18419
1269,18420
14244,18421
3978,18422
11866,18423
15766,18424
15007,18425
18076,18426
8006,18427
10157,18428
19098,18429
8898,18430
20604,18431
9662,18432
10347,18433
17986,18434
4814,18435
4106,18436
18885,18437
4689,18438
13452,18439
20479,18440
19680,18441
18875,18442
16052,18443
10841,18444
12879,18445
14714,18446
7250,18447
9678,18448
21319,18449
5391,18450
23034,18451
18876,18452
18077,18453
19679,18454
15294,18455
11443,18456
16011,18457
10952,18458
11381,18459
9730,18460
18715,18461
11100,18462
17151,18463
9048,18464
16399,18465
10414,18466
5604,18467
2043,18468
6982,18469
1326,18470
606,18471
6296,18472
8347,18473
10417,18474
7664,18475
9731,18476
13302,18477
2763,18478
9064,18479
10416,18480
9746,18481
9050,18482
11114,18483
9732,18484
10428,18485
2764,18486
9745,18487
11103,18488
9063,18489
6280,18490
4238,18491
6966,18492
4943,18493
4112,18494
3404,18495
20482,18496
6085,18497
22162,18498
20477,18499
19678,18500
23874,18501
16805,18502
6717,18503
16766,18504
4017,18505
5130,18506
9969,18507
7900,18508
9223,18509
18405,18510
8751,18511
1884,18512
3722,18513
22555,18514
5136,18515
5838,18516
10676,18517
997,18518
14773,18519
3480,18520
4215,18521
11333,18522
17874,18523
20868,18524
7845,18525
1106,18526
1527,18527
7103,18528
8369,18529
16354,18530
18672,18531
21226,18532
22081,18533
13959,18534
21820,18535
17024,18536
17970,18537
8294,18538
7610,18539
7772,18540
10888,18541
7094,18542
6410,18543
15876,18544
23439,18545
15119,18546
17378,18547
13561,18548
8528,18549
520,18550
22806,18551
7778,18552
8253,18553
23664,18554
22793,18555
12769,18556
13875,18557
11978,18558
8698,18559
3164,18560
2611,18561
7855,18562
386,18563
8946,18564
2789,18565
1339,18566
12794,18567
12278,18568
9514,18569
9137,18570
12271,18571
5006,18572
15421,18573
22254,18574
11493,18575
10448,18576
12003,18577
12780,18578
13554,18579
10339,18580
14669,18581
11954,18582
11132,18583
13219,18584
19411,18585
20217,18586
2061,18587
2062,18588
20885,18589
12745,18590
21387,18591
23107,18592
12429,18593
21944,18594
23072,18595
2783,18596
20292,18597
20507,18598
16196,18599
18101,18600
13477,18601
2868,18602
15897,18603
16294,18604
21863,18605
2785,18606
3476,18607
3477,18608
4887,18609
11921,18610
23458,18611
14294,18612
5512,18613
21091,18614
19495,18615
7584,18616
2782,18617
4889,18618
12670,18619
3268,18620
13462,18621
15781,18622
7729,18623
19420,18624
19497,18625
5591,18626
13492,18627
7781,18628
4085,18629
17897,18630
9123,18631
4800,18632
18695,18633
17890,18634
15847,18635
22589,18636
9629,18637
20303,18638
9854,18639
1956,18640
19505,18641
2057,18642
9970,18643
8703,18644
9971,18645
14599,18646
11439,18647
13819,18648
18310,18649
19109,18650
20143,18651
4534,18652
11018,18653
11019,18654
1243,18655
13973,18656
15895,18657
16275,18658
16650,18659
14662,18660
19276,18661
16646,18662
17398,18663
23546,18664
11218,18665
3827,18666
17853,18667
18659,18668
20346,18669
19463,18670
14137,18671
20261,18672
13345,18673
21902,18674
20247,18675
21050,18676
19536,18677
24045,18678
13776,18679
3886,18680
3177,18681
20712,18682
16750,18683
21491,18684
1665,18685
4212,18686
4227,18687
1304,18688
18651,18689
20368,18690
21170,18691
17091,18692
11657,18693
4921,18694
5001,18695
20073,18696
5223,18697
22305,18698
23365,18699
6004,18700
23756,18701
3392,18702
4100,18703
22895,18704
6124,18705
7228,18706
16913,18707
10666,18708
7342,18709
165,18710
57,18711
7437,18712
10535,18713
1450,18714
7734,18715
15334,18716
10108,18717
12934,18718
12316,18719
507,18720
8504,18721
394,18722
8995,18723
2708,18724
14245,18725
17699,18726
22174,18727
23878,18728
23018,18729
20478,18730
17557,18731
12237,18732
22365,18733
6818,18734
3718,18735
9106,18736
9181,18737
8822,18738
9187,18739
9359,18740
11463,18741
8645,18742
11593,18743
13142,18744
11355,18745
13972,18746
21835,18747
11222,18748
5636,18749
17103,18750
23711,18751
15596,18752
16350,18753
16449,18754
17201,18755
15579,18756
16333,18757
17086,18758
21130,18759
3505,18760
5624,18761
6460,18762
1828,18763
7436,18764
10539,18765
8503,18766
7822,18767
2169,18768
18411,18769
299,18770
16041,18771
18516,18772
12050,18773
6153,18774
9786,18775
8415,18776
17593,18777
6679,18778
9861,18779
6430,18780
19213,18781
5288,18782
13722,18783
20916,18784
17479,18785
6841,18786
12033,18787
9868,18788
9872,18789
10870,18790
9191,18791
11234,18792
2892,18793
20809,18794
1018,18795
24172,18796
12318,18797
12844,18798
5344,18799
19029,18800
17960,18801
3427,18802
2097,18803
11078,18804
12545,18805
5543,18806
13342,18807
11656,18808
9972,18809
1807,18810
9289,18811
2980,18812
2254,18813
9973,18814
3651,18815
8943,18816
21108,18817
8961,18818
21961,18819
20287,18820
8419,18821
20874,18822
3573,18823
4283,18824
19768,18825
9974,18826
10306,18827
10308,18828
1224,18829
12395,18830
14079,18831
17910,18832
1941,18833
19508,18834
20310,18835
2215,18836
1949,18837
21964,18838
2673,18839
4065,18840
21106,18841
6185,18842
18708,18843
18685,18844
19760,18845
6191,18846
21959,18847
3468,18848
13310,18849
7562,18850
20306,18851
4175,18852
20320,18853
7670,18854
8241,18855
19512,18856
3465,18857
17920,18858
2039,18859
17369,18860
8353,18861
8940,18862
19509,18863
8942,18864
21111,18865
615,18866
12516,18867
9039,18868
19783,18869
13867,18870
18954,18871
11998,18872
15877,18873
15559,18874
14151,18875
19282,18876
15104,18877
15842,18878
11504,18879
16592,18880
17343,18881
10353,18882
11914,18883
12561,18884
21013,18885
13359,18886
5524,18887
7042,18888
17321,18889
1980,18890
17982,18891
536,18892
18781,18893
14805,18894
9634,18895
11700,18896
1337,18897
11724,18898
9636,18899
13286,18900
617,18901
23103,18902
9676,18903
11769,18904
3408,18905
9723,18906
15861,18907
18485,18908
14321,18909
16188,18910
17362,18911
10342,18912
16570,18913
20880,18914
17341,18915
14346,18916
17688,18917
15084,18918
15841,18919
16557,18920
21183,18921
21389,18922
22244,18923
6903,18924
22036,18925
17073,18926
7022,18927
1266,18928
22038,18929
7027,18930
539,18931
21188,18932
9656,18933
22041,18934
557,18935
9669,18936
21185,18937
21021,18938
9975,18939
7219,18940
15360,18941
13818,18942
20829,18943
21582,18944
10071,18945
17002,18946
173,18947
23239,18948
14444,18949
13969,18950
20176,18951
10561,18952
1824,18953
20668,18954
20978,18955
21909,18956
22852,18957
22762,18958
22878,18959
23620,18960
23736,18961
12445,18962
16335,18963
22754,18964
20334,18965
14843,18966
17931,18967
2906,18968
2548,18969
3630,18970
3631,18971
392,18972
4213,18973
21933,18974
20331,18975
4340,18976
2170,18977
18412,18978
4341,18979
2185,18980
1444,18981
19214,18982
5623,18983
11675,18984
19533,18985
17878,18986
10496,18987
63,18988
6921,18989
10367,18990
5099,18991
8586,18992
1806,18993
9292,18994
965,18995
13777,18996
4591,18997
5293,18998
3835,18999
12855,19000
13653,19001
3117,19002
3822,19003
16742,19004
19999,19005
8756,19006
20392,19007
6896,19008
10345,19009
18786,19010
5514,19011
3398,19012
12659,19013
3271,19014
23895,19015
21304,19016
22159,19017
23877,19018
21609,19019
9472,19020
21515,19021
11544,19022
7924,19023
9882,19024
9201,19025
722,19026
12992,19027
1736,19028
16008,19029
14695,19030
5210,19031
6726,19032
4504,19033
5639,19034
4847,19035
23719,19036
3431,19037
13341,19038
5548,19039
12544,19040
13243,19041
6834,19042
9682,19043
14907,19044
9977,19045
10652,19046
17620,19047
12232,19048
13025,19049
21524,19050
22445,19051
11437,19052
215,19053
2408,19054
10941,19055
10255,19056
10333,19057
1244,19058
12787,19059
14760,19060
14761,19061
18174,19062
17678,19063
1958,19064
20072,19065
20177,19066
3130,19067
18270,19068
22511,19069
3176,19070
3885,19071
19112,19072
18276,19073
19076,19074
19051,19075
19846,19076
19049,19077
20798,19078
2477,19079
22047,19080
11031,19081
4145,19082
22005,19083
4853,19084
14139,19085
5541,19086
1390,19087
3371,19088
14775,19089
4077,19090
5554,19091
13347,19092
14819,19093
14029,19094
15669,19095
17937,19096
5707,19097
16178,19098
5003,19099
4292,19100
5755,19101
393,19102
11239,19103
10556,19104
6213,19105
2823,19106
2713,19107
1991,19108
21318,19109
2569,19110
19690,19111
23019,19112
23879,19113
23017,19114
14528,19115
6469,19116
3249,19117
686,19118
14574,19119
7153,19120
5045,19121
738,19122
2547,19123
2907,19124
2184,19125
2893,19126
20810,19127
1017,19128
22361,19129
10964,19130
18509,19131
22294,19132
2908,19133
7751,19134
6761,19135
7074,19136
6391,19137
2132,19138
22517,19139
7361,19140
15250,19141
15457,19142
3360,19143
4474,19144
7791,19145
22518,19146
5993,19147
22455,19148
21758,19149
24004,19150
14620,19151
21441,19152
23720,19153
8289,19154
8309,19155
22862,19156
4138,19157
7008,19158
7625,19159
6322,19160
14824,19161
17090,19162
13242,19163
20333,19164
14845,19165
1408,19166
8425,19167
19277,19168
6383,19169
7066,19170
8790,19171
12086,19172
16236,19173
10689,19174
93,19175
9302,19176
17665,19177
19259,19178
2265,19179
1542,19180
1938,19181
23784,19182
1234,19183
2790,19184
5119,19185
4413,19186
12497,19187
21078,19188
23695,19189
21931,19190
17939,19191
22785,19192
18737,19193
23643,19194
18729,19195
18676,19196
16418,19197
4878,19198
22821,19199
513,19200
21208,19201
6262,19202
12523,19203
12474,19204
22790,19205
3600,19206
5726,19207
2557,19208
10495,19209
15906,19210
19399,19211
15106,19212
19400,19213
19401,19214
16611,19215
12291,19216
22584,19217
13551,19218
12761,19219
15093,19220
6358,19221
21732,19222
11128,19223
11968,19224
15850,19225
20005,19226
1743,19227
14509,19228
17721,19229
6133,19230
6870,19231
10321,19232
4242,19233
7655,19234
23680,19235
8664,19236
16894,19237
10060,19238
17771,19239
12494,19240
14867,19241
1935,19242
21114,19243
20285,19244
20365,19245
5610,19246
11089,19247
15560,19248
3492,19249
10403,19250
4199,19251
11694,19252
12486,19253
15148,19254
20586,19255
6927,19256
10376,19257
16639,19258
11490,19259
16180,19260
18970,19261
18170,19262
12422,19263
12774,19264
17313,19265
20076,19266
15890,19267
16640,19268
16308,19269
17377,19270
16313,19271
11122,19272
21354,19273
19295,19274
10438,19275
12710,19276
23932,19277
5699,19278
3575,19279
12775,19280
13212,19281
14801,19282
3548,19283
4257,19284
17695,19285
7450,19286
8258,19287
16563,19288
3262,19289
8437,19290
18598,19291
12759,19292
21852,19293
22585,19294
14340,19295
15105,19296
17351,19297
9077,19298
9622,19299
2827,19300
9647,19301
10464,19302
13866,19303
7072,19304
6389,19305
1407,19306
13785,19307
8044,19308
21508,19309
11000,19310
15459,19311
5180,19312
4645,19313
3767,19314
687,19315
13856,19316
10515,19317
11016,19318
1242,19319
1350,19320
18457,19321
15195,19322
19392,19323
21216,19324
16287,19325
22064,19326
10319,19327
11005,19328
23113,19329
22580,19330
23975,19331
17379,19332
3379,19333
1400,19334
18480,19335
3962,19336
1428,19337
18794,19338
20402,19339
4068,19340
3362,19341
3534,19342
20192,19343
17793,19344
22807,19345
4947,19346
510,19347
1231,19348
531,19349
5496,19350
16629,19351
20877,19352
17380,19353
18156,19354
5499,19355
23665,19356
2058,19357
4904,19358
6328,19359
4798,19360
4088,19361
23662,19362
6365,19363
19209,19364
5292,19365
24086,19366
13896,19367
21450,19368
6925,19369
20410,19370
526,19371
1245,19372
14160,19373
17800,19374
18599,19375
22804,19376
622,19377
12511,19378
7049,19379
23371,19380
4590,19381
24085,19382
11560,19383
13897,19384
22303,19385
10166,19386
13646,19387
7052,19388
6368,19389
7551,19390
7571,19391
14155,19392
7647,19393
13305,19394
8129,19395
14226,19396
11746,19397
10378,19398
18496,19399
15705,19400
15805,19401
16317,19402
22196,19403
3399,19404
23745,19405
3400,19406
22034,19407
3403,19408
3972,19409
4818,19410
5522,19411
21181,19412
21024,19413
564,19414
6224,19415
20378,19416
4123,19417
6337,19418
17300,19419
12674,19420
15564,19421
16320,19422
16513,19423
17070,19424
19682,19425
2001,19426
17267,19427
21307,19428
23584,19429
15768,19430
23587,19431
12645,19432
2722,19433
15006,19434
4110,19435
21309,19436
4111,19437
20481,19438
10896,19439
22160,19440
14016,19441
12638,19442
18626,19443
21291,19444
2574,19445
4825,19446
13444,19447
5523,19448
22164,19449
1134,19450
19684,19451
19431,19452
17254,19453
21881,19454
12635,19455
10902,19456
14220,19457
13428,19458
14215,19459
20806,19460
2576,19461
15751,19462
14992,19463
3417,19464
14993,19465
1142,19466
13427,19467
14219,19468
13423,19469
5525,19470
16516,19471
4691,19472
21298,19473
12436,19474
12604,19475
19439,19476
18036,19477
22746,19478
13393,19479
3985,19480
18038,19481
23819,19482
22950,19483
20807,19484
428,19485
19640,19486
15731,19487
22095,19488
18409,19489
5527,19490
23882,19491
5534,19492
23003,19493
10215,19494
21289,19495
2114,19496
11837,19497
558,19498
11852,19499
415,19500
14230,19501
13229,19502
18637,19503
17239,19504
1149,19505
22958,19506
18835,19507
23603,19508
23810,19509
17592,19510
23822,19511
10911,19512
12606,19513
13399,19514
16486,19515
12990,19516
4588,19517
22410,19518
6332,19519
17258,19520
16501,19521
7596,19522
22032,19523
21026,19524
20224,19525
17264,19526
416,19527
12642,19528
18639,19529
14205,19530
20233,19531
22976,19532
1858,19533
17244,19534
23599,19535
15740,19536
2579,19537
19650,19538
18845,19539
21241,19540
15333,19541
6093,19542
7598,19543
8233,19544
634,19545
4176,19546
17192,19547
10377,19548
7451,19549
14371,19550
12001,19551
8279,19552
19580,19553
22730,19554
21878,19555
7699,19556
8282,19557
12651,19558
10209,19559
14236,19560
17830,19561
21884,19562
18070,19563
2725,19564
18058,19565
1855,19566
22997,19567
23857,19568
21278,19569
16840,19570
1021,19571
3145,19572
8327,19573
6986,19574
7644,19575
8330,19576
20317,19577
8351,19578
12487,19579
19731,19580
4159,19581
20532,19582
1124,19583
18925,19584
11037,19585
20503,19586
3391,19587
4684,19588
18899,19589
8406,19590
18407,19591
308,19592
8844,19593
23021,19594
18630,19595
19660,19596
10904,19597
14991,19598
21032,19599
2112,19600
14988,19601
21295,19602
567,19603
18866,19604
418,19605
20470,19606
7697,19607
13422,19608
17590,19609
6681,19610
11510,19611
14423,19612
5251,19613
8847,19614
4252,19615
3544,19616
15747,19617
16839,19618
10110,19619
17528,19620
16243,19621
4957,19622
8849,19623
23005,19624
3543,19625
8860,19626
11806,19627
12599,19628
21240,19629
9047,19630
15052,19631
9065,19632
9529,19633
23010,19634
9550,19635
13632,19636
15384,19637
4495,19638
23716,19639
1306,19640
14912,19641
17957,19642
22777,19643
15672,19644
11669,19645
23635,19646
23796,19647
3358,19648
17908,19649
4044,19650
22692,19651
4649,19652
10645,19653
10996,19654
4773,19655
18702,19656
4812,19657
21184,19658
4895,19659
2776,19660
2857,19661
5482,19662
18706,19663
2053,19664
17159,19665
5553,19666
22881,19667
5653,19668
12372,19669
22672,19670
16271,19671
17193,19672
587,19673
23739,19674
12444,19675
14028,19676
17847,19677
19447,19678
14909,19679
12468,19680
20335,19681
14054,19682
16423,19683
21127,19684
4210,19685
21081,19686
21980,19687
20279,19688
4309,19689
3963,19690
5020,19691
14949,19692
19603,19693
21862,19694
19410,19695
22044,19696
6192,19697
6217,19698
22037,19699
23583,19700
6236,19701
1526,19702
374,19703
2895,19704
10880,19705
706,19706
3255,19707
2877,19708
22697,19709
22905,19710
4303,19711
15712,19712
17809,19713
13202,19714
2102,19715
4803,19716
5504,19717
11773,19718
723,19719
7736,19720
16937,19721
8252,19722
15708,19723
7568,19724
1385,19725
14009,19726
8296,19727
2104,19728
21860,19729
19409,19730
14100,19731
6277,19732
11721,19733
5570,19734
12513,19735
11098,19736
11696,19737
16403,19738
17155,19739
12488,19740
12700,19741
19298,19742
13491,19743
4109,19744
11862,19745
10207,19746
16523,19747
5518,19748
11863,19749
6910,19750
14242,19751
6768,19752
15773,19753
22170,19754
14238,19755
13778,19756
2467,19757
21522,19758
6815,19759
15016,19760
8417,19761
17051,19762
22802,19763
2780,19764
15706,19765
10359,19766
8971,19767
22897,19768
7591,19769
8275,19770
8346,19771
4868,19772
6295,19773
5571,19774
6981,19775
10418,19776
11104,19777
23027,19778
23888,19779
8980,19780
11032,19781
7693,19782
9008,19783
11060,19784
10490,19785
9041,19786
16618,19787
16940,19788
22242,19789
15111,19790
23449,19791
5668,19792
11035,19793
22040,19794
8261,19795
21187,19796
3406,19797
20219,19798
15765,19799
6772,19800
16517,19801
14020,19802
12608,19803
14021,19804
17836,19805
18837,19806
20441,19807
10225,19808
22106,19809
22962,19810
11802,19811
12988,19812
2582,19813
23820,19814
21249,19815
8151,19816
23824,19817
21253,19818
14181,19819
9083,19820
9525,19821
22167,19822
22156,19823
414,19824
21301,19825
12432,19826
16323,19827
15743,19828
10905,19829
17249,19830
11832,19831
18050,19832
23598,19833
23846,19834
6776,19835
18848,19836
18049,19837
23844,19838
8147,19839
19654,19840
20453,19841
9667,19842
22194,19843
1842,19844
23917,19845
9680,19846
8997,19847
13443,19848
1848,19849
15010,19850
14808,19851
15756,19852
19433,19853
2004,19854
22148,19855
2573,19856
23867,19857
23007,19858
3275,19859
14223,19860
11845,19861
17252,19862
12196,19863
3545,19864
1850,19865
19673,19866
20472,19867
5290,19868
11511,19869
23997,19870
13040,19871
24119,19872
11554,19873
13431,19874
9691,19875
11173,19876
16922,19877
7092,19878
6408,19879
13563,19880
20879,19881
14353,19882
11984,19883
11981,19884
16836,19885
1030,19886
455,19887
11137,19888
22582,19889
9693,19890
14344,19891
16187,19892
19284,19893
14345,19894
13555,19895
22583,19896
3550,19897
2699,19898
13472,19899
2564,19900
18100,19901
20504,19902
20499,19903
24238,19904
10114,19905
15286,19906
12428,19907
19315,19908
10723,19909
8402,19910
7721,19911
18123,19912
541,19913
15028,19914
7578,19915
17285,19916
2565,19917
15785,19918
19702,19919
22187,19920
22514,19921
306,19922
19953,19923
11533,19924
8403,19925
15109,19926
675,19927
880,19928
21700,19929
8984,19930
21336,19931
9657,19932
23915,19933
5386,19934
22192,19935
13471,19936
21331,19937
9729,19938
17309,19939
17696,19940
16559,19941
10361,19942
1983,19943
15020,19944
21324,19945
4688,19946
22178,19947
21323,19948
19691,19949
12985,19950
8993,19951
14248,19952
3270,19953
15777,19954
18890,19955
18887,19956
12191,19957
10798,19958
13912,19959
17463,19960
21696,19961
9523,19962
23040,19963
23902,19964
20490,19965
9758,19966
5663,19967
9763,19968
14285,19969
2702,19970
19584,19971
2706,19972
20383,19973
22725,19974
9681,19975
15761,19976
5394,19977
15002,19978
16325,19979
18046,19980
22740,19981
22977,19982
23606,19983
22123,19984
6092,19985
23842,19986
11828,19987
6778,19988
8855,19989
22979,19990
22120,19991
13388,19992
21660,19993
1022,19994
16953,19995
19130,19996
23499,19997
2369,19998
12247,19999
23839,20000
9978,20001
21717,20002
9295,20003
11347,20004
9979,20005
16160,20006
11348,20007
6540,20008
6536,20009
998,20010
23272,20011
17798,20012
24134,20013
13671,20014
12873,20015
2591,20016
12045,20017
10171,20018
20621,20019
1907,20020
19630,20021
10015,20022
2074,20023
21817,20024
2073,20025
4034,20026
2794,20027
17113,20028
4533,20029
12211,20030
665,20031
7354,20032
3874,20033
10228,20034
22320,20035
7412,20036
19849,20037
20653,20038
10270,20039
14740,20040
15978,20041
17007,20042
17767,20043
18562,20044
20161,20045
21811,20046
4058,20047
4127,20048
499,20049
6854,20050
7516,20051
8196,20052
8907,20053
9685,20054
10369,20055
11053,20056
16467,20057
17218,20058
12414,20059
11620,20060
19413,20061
19749,20062
19290,20063
18943,20064
18142,20065
20528,20066
18419,20067
22720,20068
23097,20069
3872,20070
3968,20071
5675,20072
23452,20073
3557,20074
4266,20075
19727,20076
20819,20077
3163,20078
12102,20079
12897,20080
17725,20081
22353,20082
13668,20083
2364,20084
7419,20085
15962,20086
18826,20087
14756,20088
21819,20089
2647,20090
17030,20091
3502,20092
4208,20093
4209,20094
19482,20095
20401,20096
4746,20097
2795,20098
20280,20099
21204,20100
15547,20101
12412,20102
15840,20103
21739,20104
15083,20105
21865,20106
22243,20107
18487,20108
21388,20109
23577,20110
23967,20111
20529,20112
7712,20113
19289,20114
7035,20115
6351,20116
18922,20117
21672,20118
8932,20119
3501,20120
16361,20121
1386,20122
21866,20123
13206,20124
13207,20125
14317,20126
16586,20127
17689,20128
15082,20129
15839,20130
20088,20131
15836,20132
15079,20133
20210,20134
22217,20135
5968,20136
8392,20137
22595,20138
6350,20139
7034,20140
15063,20141
966,20142
16100,20143
10090,20144
10774,20145
13095,20146
1674,20147
9479,20148
22312,20149
24031,20150
16257,20151
10371,20152
11055,20153
16268,20154
18237,20155
15512,20156
13248,20157
14040,20158
18560,20159
20157,20160
12457,20161
3326,20162
3419,20163
5470,20164
8112,20165
5769,20166
8963,20167
18805,20168
9004,20169
4662,20170
10330,20171
22917,20172
11606,20173
12400,20174
13542,20175
12293,20176
15097,20177
1256,20178
21348,20179
3644,20180
3368,20181
4241,20182
4806,20183
18909,20184
5484,20185
19607,20186
17047,20187
14780,20188
4977,20189
13086,20190
12751,20191
1255,20192
16550,20193
16193,20194
15043,20195
14278,20196
1974,20197
18108,20198
23923,20199
19217,20200
5507,20201
11906,20202
16946,20203
5662,20204
18109,20205
11897,20206
6079,20207
20516,20208
21349,20209
18904,20210
6894,20211
14277,20212
14679,20213
15799,20214
15042,20215
7453,20216
19714,20217
22204,20218
12688,20219
8134,20220
9980,20221
2941,20222
10999,20223
3482,20224
6175,20225
4189,20226
4171,20227
9982,20228
812,20229
23341,20230
21690,20231
22371,20232
13903,20233
14441,20234
15575,20235
13629,20236
12261,20237
17655,20238
19008,20239
18209,20240
11362,20241
13184,20242
18194,20243
20852,20244
12836,20245
12043,20246
370,20247
2325,20248
22548,20249
3107,20250
11542,20251
14875,20252
2321,20253
17750,20254
17140,20255
4445,20256
11465,20257
20047,20258
22550,20259
21423,20260
20608,20261
10018,20262
10299,20263
10301,20264
12358,20265
12361,20266
12362,20267
13949,20268
1501,20269
15131,20270
16250,20271
17749,20272
19351,20273
1513,20274
19353,20275
11313,20276
4448,20277
469,20278
470,20279
4757,20280
5074,20281
5154,20282
11566,20283
11570,20284
1191,20285
13155,20286
15944,20287
18549,20288
18554,20289
23984,20290
3322,20291
2236,20292
3661,20293
3725,20294
10985,20295
10987,20296
1207,20297
1508,20298
3342,20299
10595,20300
4047,20301
1496,20302
4369,20303
10857,20304
2225,20305
2947,20306
4742,20307
11279,20308
4755,20309
482,20310
2237,20311
5362,20312
1493,20313
5426,20314
5454,20315
5457,20316
10612,20317
5786,20318
5844,20319
3048,20320
6154,20321
1512,20322
6166,20323
18994,20324
6498,20325
6511,20326
6971,20327
5794,20328
6049,20329
7183,20330
7192,20331
1816,20332
7196,20333
2537,20334
7233,20335
11599,20336
7259,20337
10021,20338
2276,20339
7524,20340
2240,20341
16161,20342
7543,20343
17435,20344
6750,20345
18195,20346
18995,20347
773,20348
776,20349
10860,20350
7787,20351
16064,20352
17640,20353
16784,20354
10936,20355
5153,20356
5464,20357
781,20358
16918,20359
10607,20360
11292,20361
763,20362
14538,20363
19240,20364
17540,20365
6800,20366
7872,20367
3950,20368
788,20369
2536,20370
18998,20371
18198,20372
764,20373
12954,20374
19239,20375
8479,20376
13855,20377
7798,20378
8555,20379
6507,20380
10581,20381
8559,20382
7876,20383
11264,20384
15309,20385
5320,20386
8573,20387
8590,20388
14645,20389
8806,20390
792,20391
5792,20392
1482,20393
15307,20394
8827,20395
7121,20396
7799,20397
887,20398
1607,20399
10704,20400
10968,20401
10980,20402
10983,20403
11563,20404
1190,20405
12833,20406
13152,20407
13156,20408
17000,20409
1518,20410
18548,20411
11318,20412
20149,20413
20151,20414
2231,20415
2953,20416
1098,20417
1507,20418
3659,20419
4382,20420
491,20421
2227,20422
2539,20423
15187,20424
5780,20425
6825,20426
12040,20427
6839,20428
6847,20429
5077,20430
6051,20431
4368,20432
3660,20433
10580,20434
7885,20435
798,20436
18468,20437
5796,20438
5094,20439
2928,20440
8554,20441
2929,20442
13748,20443
20036,20444
22428,20445
11569,20446
4003,20447
3072,20448
8807,20449
8918,20450
8921,20451
7890,20452
6048,20453
797,20454
1517,20455
2206,20456
8697,20457
8925,20458
17450,20459
2534,20460
15191,20461
15948,20462
1484,20463
912,20464
9235,20465
8810,20466
4364,20467
9273,20468
9335,20469
8920,20470
16387,20471
4169,20472
7151,20473
10184,20474
6467,20475
8510,20476
8468,20477
21627,20478
2500,20479
1203,20480
2640,20481
3729,20482
16155,20483
18203,20484
18459,20485
10660,20486
19551,20487
20148,20488
12498,20489
4437,20490
11365,20491
11595,20492
13291,20493
4043,20494
12496,20495
1333,20496
11180,20497
1120,20498
5091,20499
5823,20500
22690,20501
11701,20502
5101,20503
10991,20504
23678,20505
20286,20506
7421,20507
5793,20508
3674,20509
3647,20510
7886,20511
377,20512
8206,20513
10633,20514
16915,20515
7210,20516
6526,20517
9491,20518
7863,20519
8546,20520
11263,20521
9617,20522
4367,20523
8809,20524
9807,20525
5374,20526
9127,20527
11165,20528
7753,20529
19983,20530
1062,20531
3337,20532
486,20533
5084,20534
1813,20535
4375,20536
9253,20537
1814,20538
11302,20539
10617,20540
9607,20541
8568,20542
1811,20543
6521,20544
7205,20545
9843,20546
6425,20547
17569,20548
4621,20549
17535,20550
14749,20551
6437,20552
7495,20553
3740,20554
14637,20555
7275,20556
6495,20557
9902,20558
13749,20559
3912,20560
16790,20561
17003,20562
7484,20563
20618,20564
15387,20565
3781,20566
4911,20567
9921,20568
7425,20569
10601,20570
11286,20571
1483,20572
12158,20573
3913,20574
14492,20575
13920,20576
1631,20577
21695,20578
2350,20579
5442,20580
8360,20581
2036,20582
21994,20583
21067,20584
17227,20585
21919,20586
14961,20587
15508,20588
17014,20589
6851,20590
8935,20591
8218,20592
7859,20593
9931,20594
9946,20595
9263,20596
4357,20597
21626,20598
4617,20599
24159,20600
21805,20601
22629,20602
15208,20603
13037,20604
21436,20605
20326,20606
22763,20607
18750,20608
18658,20609
17226,20610
4153,20611
14960,20612
7539,20613
9948,20614
9488,20615
9265,20616
2959,20617
9949,20618
8104,20619
2960,20620
9952,20621
9269,20622
7170,20623
14540,20624
1778,20625
19158,20626
19350,20627
21765,20628
13638,20629
20842,20630
20624,20631
17168,20632
2755,20633
18748,20634
2963,20635
3446,20636
12578,20637
5459,20638
17759,20639
6945,20640
16475,20641
8542,20642
3243,20643
9618,20644
6167,20645
9915,20646
9233,20647
3496,20648
12476,20649
12477,20650
11728,20651
10396,20652
12478,20653
12520,20654
11082,20655
12815,20656
13316,20657
14851,20658
15610,20659
15612,20660
16364,20661
16410,20662
10400,20663
15656,20664
11086,20665
17119,20666
17125,20667
10489,20668
10202,20669
11172,20670
17163,20671
14068,20672
14897,20673
13275,20674
17924,20675
18183,20676
19484,20677
17164,20678
11689,20679
16412,20680
12481,20681
13274,20682
21411,20683
21974,20684
4942,20685
3414,20686
20223,20687
12555,20688
17832,20689
18632,20690
14212,20691
5612,20692
11692,20693
6264,20694
21121,20695
6305,20696
10401,20697
11087,20698
2865,20699
6306,20700
15615,20701
11120,20702
14066,20703
10485,20704
14855,20705
15160,20706
15416,20707
694,20708
12272,20709
1416,20710
6949,20711
14109,20712
6950,20713
7010,20714
5532,20715
563,20716
21177,20717
21886,20718
21034,20719
12626,20720
6294,20721
7631,20722
7632,20723
13599,20724
7633,20725
11169,20726
7661,20727
8315,20728
14388,20729
16170,20730
12019,20731
11713,20732
13284,20733
15643,20734
4124,20735
19430,20736
23850,20737
8317,20738
18722,20739
7634,20740
7769,20741
9035,20742
18983,20743
9069,20744
7638,20745
9132,20746
7448,20747
10486,20748
17209,20749
19424,20750
11715,20751
21874,20752
17979,20753
1287,20754
568,20755
23848,20756
9136,20757
9517,20758
19788,20759
4237,20760
4830,20761
4122,20762
18777,20763
15568,20764
13225,20765
20455,20766
2578,20767
18851,20768
17241,20769
11817,20770
11797,20771
7323,20772
10842,20773
22366,20774
8890,20775
19802,20776
9061,20777
9714,20778
7091,20779
14653,20780
9716,20781
23986,20782
11479,20783
23125,20784
2100,20785
20222,20786
12507,20787
17823,20788
11762,20789
18633,20790
17833,20791
22989,20792
1856,20793
23849,20794
17242,20795
16491,20796
14177,20797
22464,20798
6282,20799
10424,20800
4870,20801
6968,20802
11110,20803
8791,20804
18297,20805
6809,20806
3711,20807
9060,20808
5573,20809
9058,20810
9751,20811
9037,20812
3590,20813
9719,20814
5715,20815
8834,20816
5011,20817
13353,20818
6917,20819
6232,20820
13351,20821
20232,20822
19435,20823
21276,20824
6980,20825
9051,20826
11111,20827
7651,20828
9535,20829
22990,20830
14195,20831
21255,20832
22947,20833
17556,20834
12238,20835
19891,20836
1888,20837
7242,20838
9733,20839
10425,20840
9743,20841
8334,20842
19518,20843
2044,20844
14091,20845
2765,20846
13298,20847
3457,20848
12503,20849
4164,20850
11711,20851
9810,20852
14093,20853
15626,20854
14883,20855
14866,20856
17148,20857
16378,20858
17130,20859
20226,20860
19429,20861
11833,20862
21178,20863
23742,20864
21880,20865
21028,20866
23832,20867
8853,20868
19656,20869
12610,20870
13403,20871
12590,20872
16804,20873
10158,20874
16768,20875
7498,20876
3014,20877
9812,20878
14941,20879
4121,20880
19425,20881
23740,20882
17076,20883
14809,20884
18850,20885
4900,20886
8335,20887
11109,20888
6969,20889
7652,20890
10423,20891
9741,20892
6283,20893
16395,20894
9816,20895
7446,20896
10491,20897
18779,20898
4828,20899
18622,20900
22883,20901
23597,20902
22738,20903
21275,20904
9742,20905
3455,20906
8344,20907
4162,20908
6293,20909
9734,20910
6979,20911
9052,20912
12504,20913
10419,20914
17147,20915
11105,20916
14882,20917
607,20918
15642,20919
1327,20920
17146,20921
4872,20922
16394,20923
11106,20924
20377,20925
9053,20926
19579,20927
17834,20928
20234,20929
22972,20930
425,20931
12614,20932
23807,20933
21237,20934
19633,20935
15293,20936
11444,20937
16009,20938
10943,20939
854,20940
9956,20941
19270,20942
2965,20943
9976,20944
2089,20945
2529,20946
5558,20947
4225,20948
17856,20949
18654,20950
14166,20951
21227,20952
6852,20953
17016,20954
11581,20955
11202,20956
13062,20957
2173,20958
21840,20959
17388,20960
15428,20961
11990,20962
12782,20963
3376,20964
15889,20965
12283,20966
15132,20967
17391,20968
4276,20969
5493,20970
15888,20971
15427,20972
19774,20973
20574,20974
3567,20975
5689,20976
6648,20977
20038,20978
23284,20979
17005,20980
13571,20981
20127,20982
5177,20983
20844,20984
5878,20985
5141,20986
22828,20987
12473,20988
16666,20989
16171,20990
18692,20991
17894,20992
22796,20993
14144,20994
21033,20995
21885,20996
20454,20997
423,20998
19655,20999
16490,21000
12609,21001
18030,21002
14527,21003
5396,21004
18051,21005
23826,21006
18039,21007
18829,21008
12147,21009
624,21010
22884,21011
18627,21012
17827,21013
22130,21014
1144,21015
13420,21016
15735,21017
14976,21018
20434,21019
13737,21020
3276,21021
22988,21022
22110,21023
22966,21024
22948,21025
12942,21026
6033,21027
19889,21028
7406,21029
17551,21030
454,21031
5121,21032
8089,21033
22360,21034
6125,21035
852,21036
9473,21037
22368,21038
9572,21039
1573,21040
9574,21041
21418,21042
9962,21043
20064,21044
12029,21045
10643,21046
398,21047
2880,21048
1119,21049
10484,21050
13613,21051
3257,21052
4307,21053
2688,21054
23666,21055
4792,21056
22808,21057
5589,21058
6385,21059
5378,21060
7041,21061
13878,21062
16606,21063
17357,21064
7068,21065
7555,21066
20304,21067
7746,21068
11136,21069
22718,21070
21947,21071
6203,21072
22800,21073
21090,21074
16551,21075
1841,21076
17301,21077
8459,21078
20191,21079
18696,21080
7756,21081
5502,21082
17898,21083
21941,21084
20555,21085
20887,21086
9129,21087
17797,21088
4990,21089
14788,21090
4892,21091
5595,21092
22795,21093
4964,21094
9293,21095
2661,21096
23677,21097
5774,21098
4780,21099
17133,21100
4880,21101
5700,21102
9840,21103
7566,21104
21104,21105
21087,21106
9983,21107
9984,21108
11339,21109
16848,21110
3169,21111
16769,21112
13650,21113
14696,21114
17642,21115
3745,21116
3813,21117
884,21118
11464,21119
18450,21120
19012,21121
18213,21122
11390,21123
11561,21124
1211,21125
13941,21126
13944,21127
14733,21128
11321,21129
17004,21130
17447,21131
19354,21132
10624,21133
20948,21134
2247,21135
23408,21136
23512,21137
2643,21138
2969,21139
3051,21140
2328,21141
12360,21142
14737,21143
16246,21144
11324,21145
19349,21146
20150,21147
20950,21148
1516,21149
20954,21150
22655,21151
2958,21152
3323,21153
3574,21154
4028,21155
2235,21156
4387,21157
5081,21158
6140,21159
6509,21160
7199,21161
20067,21162
10620,21163
11305,21164
2934,21165
14577,21166
7203,21167
7208,21168
7216,21169
7359,21170
23290,21171
12359,21172
438,21173
5886,21174
16146,21175
3772,21176
19528,21177
1316,21178
17951,21179
23623,21180
11789,21181
597,21182
19629,21183
20159,21184
7963,21185
800,21186
8195,21187
10608,21188
8623,21189
8208,21190
20599,21191
15409,21192
18201,21193
19001,21194
8647,21195
16251,21196
16999,21197
19352,21198
20147,21199
20152,21200
13627,21201
20153,21202
2228,21203
2624,21204
2968,21205
3726,21206
10286,21207
10298,21208
1924,21209
1504,21210
1815,21211
5088,21212
784,21213
11300,21214
7868,21215
8536,21216
13788,21217
8551,21218
2540,21219
6503,21220
7188,21221
8576,21222
8919,21223
9224,21224
9267,21225
9272,21226
3944,21227
9275,21228
9355,21229
9489,21230
7194,21231
7874,21232
9614,21233
11293,21234
3242,21235
9616,21236
2223,21237
9906,21238
9923,21239
6737,21240
2945,21241
8547,21242
11269,21243
9940,21244
9950,21245
9487,21246
8571,21247
7888,21248
9908,21249
12996,21250
10101,21251
19157,21252
13118,21253
3790,21254
20041,21255
7982,21256
2072,21257
4854,21258
656,21259
1308,21260
11788,21261
589,21262
23799,21263
3345,21264
9955,21265
4385,21266
10588,21267
12203,21268
9985,21269
5348,21270
822,21271
13981,21272
1541,21273
17036,21274
17220,21275
18811,21276
23670,21277
2670,21278
3364,21279
4080,21280
19390,21281
21207,21282
512,21283
13369,21284
5481,21285
2826,21286
17049,21287
16296,21288
21098,21289
5500,21290
532,21291
21951,21292
1342,21293
19519,21294
10413,21295
15647,21296
11099,21297
17152,21298
1323,21299
13497,21300
603,21301
14287,21302
20094,21303
6187,21304
6865,21305
10311,21306
5597,21307
5587,21308
14923,21309
14660,21310
15902,21311
19785,21312
6872,21313
15713,21314
7557,21315
9010,21316
2729,21317
7045,21318
15433,21319
15865,21320
15108,21321
18618,21322
11884,21323
18924,21324
19285,21325
16614,21326
17365,21327
1978,21328
17284,21329
1129,21330
16534,21331
15784,21332
20531,21333
10354,21334
13469,21335
23440,21336
15866,21337
16616,21338
16571,21339
5506,21340
12676,21341
4685,21342
14260,21343
21335,21344
19699,21345
22493,21346
3900,21347
8271,21348
15029,21349
8974,21350
15786,21351
3973,21352
17286,21353
16536,21354
14256,21355
9637,21356
16469,21357
3382,21358
20193,21359
21101,21360
9638,21361
1948,21362
14954,21363
17794,21364
23551,21365
21954,21366
1341,21367
7668,21368
10410,21369
9748,21370
11096,21371
11117,21372
9045,21373
6344,21374
9727,21375
7028,21376
4678,21377
4966,21378
11038,21379
1260,21380
14262,21381
20501,21382
1843,21383
18897,21384
12677,21385
13465,21386
3266,21387
14261,21388
13470,21389
12672,21390
24217,21391
1765,21392
11530,21393
5861,21394
14635,21395
7587,21396
19704,21397
407,21398
21337,21399
23916,21400
9986,21401
16866,21402
11442,21403
9987,21404
18423,21405
5277,21406
14750,21407
16022,21408
21782,21409
6329,21410
9989,21411
13810,21412
999,21413
22609,21414
23315,21415
5430,21416
14265,21417
9366,21418
19250,21419
10736,21420
3490,21421
13582,21422
10683,21423
1250,21424
13071,21425
15903,21426
15145,21427
17900,21428
19394,21429
3478,21430
6243,21431
11062,21432
15867,21433
15432,21434
16186,21435
11975,21436
12766,21437
18483,21438
15110,21439
6343,21440
10351,21441
23919,21442
7577,21443
23057,21444
6082,21445
21339,21446
16537,21447
12673,21448
20017,21449
6667,21450
7722,21451
1396,21452
10352,21453
12679,21454
1128,21455
11887,21456
14263,21457
23911,21458
18418,21459
8033,21460
14516,21461
10341,21462
12320,21463
11409,21464
19252,21465
7956,21466
2829,21467
2666,21468
508,21469
511,21470
2669,21471
22916,21472
6240,21473
19611,21474
5490,21475
4789,21476
22062,21477
22700,21478
23557,21479
4185,21480
23652,21481
15648,21482
14864,21483
16401,21484
17128,21485
11719,21486
16376,21487
12707,21488
18680,21489
13498,21490
18495,21491
14288,21492
547,21493
11871,21494
18498,21495
667,21496
6908,21497
22180,21498
1845,21499
20494,21500
20493,21501
23037,21502
7556,21503
8238,21504
23780,21505
5498,21506
3381,21507
18698,21508
2779,21509
8278,21510
12665,21511
2567,21512
23903,21513
23041,21514
18888,21515
23387,21516
9749,21517
11095,21518
10431,21519
10409,21520
5607,21521
6275,21522
12719,21523
6961,21524
13510,21525
2560,21526
11928,21527
11036,21528
11889,21529
10205,21530
1258,21531
21340,21532
23056,21533
22195,21534
13466,21535
24251,21536
7456,21537
17287,21538
9666,21539
13474,21540
6767,21541
9771,21542
9091,21543
13220,21544
18900,21545
4259,21546
4099,21547
19705,21548
21749,21549
20505,21550
9990,21551
4559,21552
2515,21553
23221,21554
16764,21555
17758,21556
11734,21557
18675,21558
22832,21559
17877,21560
17933,21561
19480,21562
20278,21563
23726,21564
12393,21565
11601,21566
10521,21567
10878,21568
10514,21569
11204,21570
14024,21571
21162,21572
4723,21573
5061,21574
5765,21575
1108,21576
5828,21577
17659,21578
4420,21579
6252,21580
6479,21581
6937,21582
10008,21583
7101,21584
13191,21585
19764,21586
23435,21587
6199,21588
5686,21589
13873,21590
1402,21591
2127,21592
7570,21593
3565,21594
15430,21595
7621,21596
17454,21597
7926,21598
8896,21599
10012,21600
19257,21601
10697,21602
9100,21603
2850,21604
11134,21605
15297,21606
10832,21607
24092,21608
8184,21609
9149,21610
11483,21611
12150,21612
13863,21613
16927,21614
15912,21615
6401,21616
11160,21617
11612,21618
13993,21619
11930,21620
19406,21621
15823,21622
20569,21623
13213,21624
15557,21625
19732,21626
19735,21627
11508,21628
20536,21629
18128,21630
22711,21631
22221,21632
1838,21633
20533,21634
18124,21635
15816,21636
23950,21637
7400,21638
2422,21639
8689,21640
9119,21641
9307,21642
5259,21643
6028,21644
14467,21645
16802,21646
16329,21647
10706,21648
13053,21649
17459,21650
16708,21651
10677,21652
12391,21653
21703,21654
23413,21655
11391,21656
2617,21657
3712,21658
4710,21659
15801,21660
14664,21661
17673,21662
19286,21663
2556,21664
3945,21665
11312,21666
404,21667
21356,21668
22211,21669
4256,21670
4312,21671
4978,21672
5023,21673
5015,21674
19973,21675
1083,21676
18312,21677
21999,21678
4753,21679
484,21680
5681,21681
15091,21682
23329,21683
5785,21684
3240,21685
5083,21686
1506,21687
5842,21688
17762,21689
3029,21690
15528,21691
10517,21692
5958,21693
10835,21694
17760,21695
11278,21696
23242,21697
4220,21698
23629,21699
3513,21700
17865,21701
18663,21702
14958,21703
20425,21704
494,21705
5461,21706
2216,21707
1104,21708
1492,21709
6574,21710
6739,21711
7061,21712
6377,21713
15882,21714
21615,21715
2520,21716
23236,21717
3338,21718
4932,21719
5082,21720
4657,21721
5458,21722
6505,21723
17670,21724
7120,21725
6751,21726
11200,21727
7258,21728
17017,21729
7534,21730
10606,21731
7424,21732
6502,21733
7187,21734
7540,21735
760,21736
23327,21737
1084,21738
17539,21739
7848,21740
7913,21741
17033,21742
11201,21743
8220,21744
8480,21745
9126,21746
9161,21747
717,21748
9162,21749
8123,21750
10518,21751
1446,21752
1439,21753
22465,21754
9163,21755
9232,21756
9234,21757
2541,21758
9262,21759
9217,21760
18375,21761
10150,21762
13129,21763
16388,21764
23240,21765
17752,21766
18711,21767
18746,21768
15397,21769
10713,21770
19254,21771
17453,21772
20860,21773
2260,21774
2639,21775
4381,21776
16163,21777
3673,21778
18202,21779
10578,21780
18374,21781
480,21782
11317,21783
4877,21784
10627,21785
6558,21786
5803,21787
6842,21788
15947,21789
3236,21790
15190,21791
7402,21792
20750,21793
19320,21794
20623,21795
15383,21796
15966,21797
20952,21798
3498,21799
4154,21800
17948,21801
19465,21802
17224,21803
20263,21804
11783,21805
20958,21806
7420,21807
8567,21808
9268,21809
9325,21810
13058,21811
17658,21812
7928,21813
11378,21814
2993,21815
827,21816
11643,21817
11645,21818
12438,21819
14023,21820
14935,21821
16326,21822
16452,21823
17975,21824
19576,21825
20241,21826
21045,21827
15696,21828
22748,21829
21176,21830
2821,21831
2972,21832
4236,21833
8581,21834
16703,21835
13232,21836
14814,21837
11793,21838
3232,21839
4401,21840
2270,21841
6534,21842
17205,21843
14815,21844
806,21845
22752,21846
16482,21847
9342,21848
4046,21849
21968,21850
6550,21851
11596,21852
22823,21853
16379,21854
9357,21855
21804,21856
17139,21857
2049,21858
12828,21859
10186,21860
13620,21861
14409,21862
11188,21863
19176,21864
8622,21865
9466,21866
1917,21867
19801,21868
16917,21869
4380,21870
3672,21871
6844,21872
7528,21873
7204,21874
5355,21875
6520,21876
11311,21877
1481,21878
22469,21879
1798,21880
761,21881
19972,21882
2521,21883
8564,21884
5357,21885
8924,21886
9258,21887
9467,21888
14746,21889
11290,21890
17013,21891
18558,21892
1495,21893
24095,21894
21141,21895
7862,21896
10175,21897
4366,21898
3658,21899
10576,21900
8808,21901
779,21902
1499,21903
7168,21904
4557,21905
9469,21906
12909,21907
10928,21908
18553,21909
10605,21910
7287,21911
9492,21912
775,21913
11281,21914
11259,21915
20769,21916
8086,21917
12903,21918
19357,21919
950,21920
10165,21921
18255,21922
19055,21923
1901,21924
3042,21925
10300,21926
4025,21927
493,21928
6501,21929
7186,21930
7861,21931
8096,21932
20649,21933
19851,21934
19332,21935
2320,21936
10297,21937
2229,21938
4373,21939
1100,21940
2951,21941
492,21942
5436,21943
6504,21944
785,21945
10575,21946
21611,21947
8544,21948
15410,21949
6496,21950
8552,21951
3951,21952
7869,21953
4371,21954
2924,21955
24187,21956
10155,21957
9480,21958
22313,21959
19850,21960
8640,21961
10986,21962
1213,21963
11294,21964
4659,21965
10609,21966
7189,21967
9242,21968
10174,21969
11289,21970
10604,21971
2202,21972
18371,21973
10839,21974
12908,21975
1165,21976
17466,21977
13838,21978
3319,21979
7288,21980
8478,21981
9490,21982
8549,21983
7866,21984
9509,21985
9554,21986
2378,21987
9560,21988
915,21989
22545,21990
5882,21991
5614,21992
2029,21993
21149,21994
3442,21995
17223,21996
4150,21997
14957,21998
4764,21999
9565,22000
5876,22001
19248,22002
1627,22003
5615,22004
19469,22005
2649,22006
1927,22007
10593,22008
2803,22009
17867,22010
15718,22011
20267,22012
16474,22013
13160,22014
8222,22015
6168,22016
9576,22017
20474,22018
1138,22019
22152,22020
9611,22021
11307,22022
4655,22023
17448,22024
16697,22025
9774,22026
13740,22027
3222,22028
12305,22029
23230,22030
8681,22031
13825,22032
8897,22033
681,22034
9780,22035
9799,22036
11613,22037
19769,22038
15556,22039
16310,22040
18126,22041
21006,22042
21370,22043
21859,22044
12720,22045
23081,22046
23569,22047
23943,22048
23946,22049
403,22050
22220,22051
7452,22052
18927,22053
19733,22054
12713,22055
17562,22056
9803,22057
13200,22058
13991,22059
18604,22060
18929,22061
20201,22062
18936,22063
20539,22064
21367,22065
23120,22066
11628,22067
16306,22068
19738,22069
11507,22070
23945,22071
23457,22072
23083,22073
18926,22074
7705,22075
14532,22076
6709,22077
21565,22078
447,22079
3049,22080
13050,22081
2326,22082
13966,22083
15502,22084
18726,22085
22645,22086
17849,22087
5537,22088
7014,22089
12368,22090
12369,22091
11577,22092
13158,22093
13173,22094
13956,22095
11576,22096
14768,22097
19530,22098
19531,22099
17880,22100
20328,22101
14059,22102
20397,22103
21814,22104
23764,22105
12421,22106
11627,22107
16309,22108
14301,22109
19418,22110
22600,22111
13511,22112
23082,22113
21747,22114
23086,22115
12300,22116
23944,22117
21366,22118
23948,22119
21369,22120
13504,22121
12152,22122
6855,22123
14042,22124
7514,22125
17098,22126
7429,22127
757,22128
6877,22129
20405,22130
8388,22131
8911,22132
17928,22133
18678,22134
14158,22135
19417,22136
14005,22137
14794,22138
18614,22139
18135,22140
23088,22141
12299,22142
22227,22143
21372,22144
23949,22145
13886,22146
17323,22147
15066,22148
16567,22149
15299,22150
9591,22151
4836,22152
387,22153
3369,22154
3533,22155
13987,22156
13194,22157
16603,22158
20884,22159
18149,22160
10343,22161
12693,22162
6895,22163
21346,22164
16195,22165
15795,22166
15038,22167
13478,22168
16808,22169
7580,22170
16544,22171
15442,22172
8135,22173
17297,22174
16547,22175
9806,22176
9112,22177
20772,22178
1797,22179
10295,22180
2983,22181
20183,22182
22820,22183
3231,22184
11328,22185
19268,22186
10525,22187
3340,22188
3688,22189
1491,22190
11011,22191
14868,22192
2662,22193
15628,22194
1336,22195
399,22196
4223,22197
4313,22198
2555,22199
11166,22200
3603,22201
19393,22202
20299,22203
4672,22204
15136,22205
20074,22206
17396,22207
16644,22208
11985,22209
21015,22210
23658,22211
5455,22212
2952,22213
5359,22214
2230,22215
6515,22216
3947,22217
6532,22218
11198,22219
3361,22220
21957,22221
6196,22222
22810,22223
4885,22224
11988,22225
11496,22226
12779,22227
10455,22228
7079,22229
18596,22230
19501,22231
22794,22232
16593,22233
13089,22234
7088,22235
21847,22236
3570,22237
22717,22238
2065,22239
4184,22240
1343,22241
20523,22242
7573,22243
628,22244
2059,22245
13489,22246
15440,22247
14279,22248
11907,22249
18902,22250
8563,22251
7880,22252
9169,22253
4083,22254
2067,22255
5017,22256
2689,22257
2788,22258
4178,22259
7040,22260
9247,22261
10173,22262
9623,22263
21965,22264
19488,22265
11164,22266
9844,22267
10519,22268
10505,22269
9895,22270
4075,22271
23775,22272
5486,22273
18005,22274
5501,22275
17796,22276
13540,22277
20085,22278
9896,22279
22466,22280
6715,22281
21572,22282
4735,22283
5418,22284
4475,22285
23404,22286
21427,22287
2896,22288
9246,22289
9898,22290
9912,22291
9914,22292
9924,22293
9929,22294
10610,22295
11260,22296
20770,22297
8085,22298
9934,22299
9216,22300
19971,22301
6030,22302
13710,22303
13154,22304
16226,22305
5887,22306
6046,22307
1639,22308
7675,22309
18657,22310
3516,22311
17859,22312
19625,22313
23619,22314
15716,22315
5466,22316
9941,22317
9945,22318
4653,22319
12835,22320
13628,22321
2927,22322
24190,22323
8786,22324
19950,22325
14705,22326
928,22327
13041,22328
19819,22329
1928,22330
2650,22331
11277,22332
385,22333
6307,22334
1315,22335
21146,22336
22764,22337
14165,22338
23622,22339
20424,22340
4054,22341
3348,22342
18561,22343
20173,22344
724,22345
7440,22346
6436,22347
1247,22348
11991,22349
20077,22350
3377,22351
22260,22352
16936,22353
23121,22354
23983,22355
17383,22356
20768,22357
1800,22358
24139,22359
3302,22360
3068,22361
11458,22362
4030,22363
4468,22364
5140,22365
15662,22366
5494,22367
6376,22368
13870,22369
7060,22370
7738,22371
18161,22372
9913,22373
9231,22374
8358,22375
11683,22376
11685,22377
11730,22378
13270,22379
14064,22380
14848,22381
12017,22382
14896,22383
15417,22384
15613,22385
12519,22386
14067,22387
11727,22388
16366,22389
16367,22390
15657,22391
17117,22392
18721,22393
16373,22394
17923,22395
14859,22396
15161,22397
15619,22398
15918,22399
19527,22400
21083,22401
3475,22402
20294,22403
3493,22404
10402,22405
4890,22406
20375,22407
15573,22408
21898,22409
11794,22410
5593,22411
16453,22412
13233,22413
15574,22414
15725,22415
5611,22416
11088,22417
11693,22418
20588,22419
21412,22420
6074,22421
17421,22422
18776,22423
23607,22424
14879,22425
21043,22426
3528,22427
21048,22428
14027,22429
17233,22430
430,22431
23803,22432
17231,22433
16480,22434
15723,22435
13736,22436
6991,22437
8090,22438
13673,22439
2610,22440
2290,22441
23421,22442
8314,22443
14108,22444
8316,22445
13315,22446
850,22447
11375,22448
1550,22449
24183,22450
6037,22451
23308,22452
23318,22453
14462,22454
16872,22455
138,22456
32,22457
8835,22458
22266,22459
12553,22460
21897,22461
14881,22462
22750,22463
17204,22464
12441,22465
16327,22466
13384,22467
9030,22468
12522,22469
10395,22470
12018,22471
9031,22472
9032,22473
20325,22474
16372,22475
12811,22476
17124,22477
16668,22478
14654,22479
17420,22480
17207,22481
15572,22482
13230,22483
17144,22484
20374,22485
21899,22486
13234,22487
21234,22488
2767,22489
16392,22490
1329,22491
11709,22492
5399,22493
22089,22494
12585,22495
11792,22496
14964,22497
16051,22498
609,22499
12501,22500
4873,22501
15638,22502
7407,22503
20688,22504
6810,22505
19002,22506
19261,22507
5824,22508
3708,22509
7230,22510
21607,22511
6721,22512
15287,22513
24180,22514
13672,22515
13021,22516
141,22517
35,22518
6247,22519
13333,22520
11067,22521
14920,22522
5538,22523
15680,22524
11666,22525
15675,22526
9033,22527
10487,22528
9034,22529
13314,22530
10399,22531
11085,22532
9130,22533
9134,22534
9712,22535
12810,22536
8836,22537
17419,22538
13296,22539
3459,22540
16391,22541
21046,22542
23610,22543
14176,22544
9543,22545
14967,22546
22088,22547
21233,22548
13380,22549
6640,22550
8792,22551
21513,22552
7496,22553
10696,22554
11470,22555
9327,22556
16705,22557
9713,22558
14387,22559
13067,22560
13598,22561
14089,22562
5576,22563
6977,22564
10421,22565
11646,22566
14025,22567
11795,22568
17143,22569
9055,22570
18775,22571
9715,22572
11170,22573
16923,22574
12021,22575
14937,22576
22749,22577
14090,22578
21896,22579
13350,22580
23611,22581
21047,22582
13383,22583
1151,22584
14966,22585
15724,22586
18827,22587
16479,22588
14526,22589
6034,22590
16799,22591
8891,22592
10004,22593
1805,22594
11374,22595
849,22596
830,22597
23321,22598
8093,22599
17547,22600
22459,22601
21506,22602
17624,22603
151,22604
45,22605
9717,22606
14106,22607
7637,22608
7771,22609
8320,22610
12024,22611
14652,22612
14392,22613
17977,22614
21895,22615
16393,22616
19443,22617
14142,22618
22753,22619
21900,22620
23804,22621
2585,22622
22944,22623
16481,22624
17232,22625
11791,22626
12941,22627
10159,22628
24080,22629
453,22630
3027,22631
13848,22632
18207,22633
19006,22634
11358,22635
4556,22636
15377,22637
24104,22638
21604,22639
22359,22640
15364,22641
148,22642
42,22643
9718,22644
7673,22645
8321,22646
15920,22647
9036,22648
16670,22649
16921,22650
15163,22651
15697,22652
11644,22653
15640,22654
2045,22655
17145,22656
23608,22657
3458,22658
12502,22659
4165,22660
11710,22661
4941,22662
13235,22663
12442,22664
15726,22665
5575,22666
22824,22667
8861,22668
21235,22669
14965,22670
22943,22671
12584,22672
23323,22673
10843,22674
23219,22675
6123,22676
6566,22677
21705,22678
7934,22679
8617,22680
10673,22681
19965,22682
14617,22683
20711,22684
21605,22685
15593,22686
18291,22687
22018,22688
16346,22689
13332,22690
17099,22691
14125,22692
17850,22693
18763,22694
8706,22695
170,22696
62,22697
9737,22698
17976,22699
22751,22700
12440,22701
14174,22702
9750,22703
15620,22704
9068,22705
9038,22706
6411,22707
9720,22708
7095,22709
16167,22710
5713,22711
14938,22712
20239,22713
15641,22714
10420,22715
19442,22716
15695,22717
17080,22718
20316,22719
1328,22720
23612,22721
23805,22722
10227,22723
12588,22724
14173,22725
13381,22726
18028,22727
17555,22728
608,22729
14880,22730
8342,22731
2766,22732
12500,22733
5577,22734
6291,22735
4166,22736
16390,22737
4874,22738
17142,22739
6970,22740
15637,22741
9474,22742
20690,22743
8178,22744
5834,22745
20054,22746
4426,22747
22273,22748
9305,22749
18367,22750
10847,22751
21526,22752
22460,22753
19092,22754
6658,22755
269,22756
134,22757
9814,22758
6758,22759
7770,22760
15698,22761
18640,22762
13297,22763
11107,22764
17840,22765
18774,22766
14026,22767
11647,22768
12587,22769
1863,22770
14175,22771
19632,22772
20431,22773
17230,22774
12146,22775
21116,22776
6718,22777
22453,22778
6811,22779
8607,22780
20058,22781
10003,22782
9054,22783
7659,22784
9320,22785
5810,22786
12939,22787
7410,22788
19151,22789
3147,22790
12460,22791
17189,22792
13252,22793
14044,22794
16437,22795
21165,22796
14834,22797
14915,22798
23212,22799
16120,22800
158,22801
50,22802
6934,22803
13328,22804
11072,22805
11738,22806
6249,22807
14121,22808
10386,22809
22867,22810
9736,22811
15639,22812
2046,22813
14878,22814
2768,22815
13295,22816
1330,22817
11708,22818
2047,22819
14088,22820
610,22821
14877,22822
7653,22823
14087,22824
3460,22825
6323,22826
8336,22827
5644,22828
11648,22829
17081,22830
13382,22831
4697,22832
12586,22833
20430,22834
19631,22835
15722,22836
16803,22837
13030,22838
1690,22839
3305,22840
4424,22841
22558,22842
5832,22843
859,22844
2996,22845
19168,22846
8796,22847
18307,22848
22857,22849
9951,22850
9899,22851
9988,22852
20764,22853
10163,22854
14474,22855
14524,22856
24072,22857
4129,22858
11742,22859
2730,22860
16436,22861
3421,22862
12534,22863
2008,22864
12530,22865
8024,22866
155,22867
48,22868
9702,22869
17965,22870
2734,22871
16431,22872
9019,22873
17183,22874
2012,22875
22015,22876
4133,22877
23725,22878
13253,22879
18760,22880
3425,22881
17962,22882
14045,22883
17182,22884
17863,22885
2746,22886
18754,22887
21053,22888
21905,22889
4412,22890
5118,22891
20863,22892
5820,22893
2268,22894
2991,22895
649,22896
18661,22897
19803,22898
22769,22899
4423,22900
11471,22901
3715,22902
5831,22903
2273,22904
24182,22905
6535,22906
23320,22907
7411,22908
24181,22909
23319,22910
12875,22911
7341,22912
259,22913
126,22914
9478,22915
22340,22916
9991,22917
12998,22918
3878,22919
22369,22920
20761,22921
13907,22922
15045,22923
10182,22924
11488,22925
11992,22926
12784,22927
18467,22928
18963,22929
20242,22930
20813,22931
1011,22932
1202,22933
13685,22934
20354,22935
20881,22936
21461,22937
1089,22938
20651,22939
19853,22940
11410,22941
21778,22942
2526,22943
24026,22944
23166,22945
16986,22946
11308,22947
3227,22948
23165,22949
24025,22950
14717,22951
14416,22952
3044,22953
10292,22954
12041,22955
1097,22956
12834,22957
10623,22958
3334,22959
3336,22960
4669,22961
22270,22962
15922,22963
23127,22964
16096,22965
4683,22966
16552,22967
12699,22968
19709,22969
17598,22970
10100,22971
21536,22972
2809,22973
481,22974
1515,22975
5287,22976
10969,22977
10972,22978
2413,22979
23713,22980
2632,22981
11323,22982
3234,22983
10638,22984
1520,22985
1489,22986
16094,22987
1731,22988
13728,22989
21761,22990
15971,22991
4642,22992
16726,22993
5429,22994
5452,22995
3670,22996
5790,22997
6134,22998
19000,22999
6137,23000
6489,23001
6524,23002
15408,23003
10630,23004
6529,23005
4652,23006
6559,23007
6819,23008
4378,23009
6734,23010
2956,23011
2234,23012
6994,23013
4856,23014
22855,23015
3440,23016
12581,23017
4148,23018
18824,23019
20160,23020
7174,23021
23381,23022
7213,23023
10636,23024
7272,23025
4750,23026
18200,23027
6050,23028
5789,23029
5087,23030
6843,23031
739,23032
2909,23033
12025,23034
15340,23035
4584,23036
10283,23037
1910,23038
3678,23039
3681,23040
5353,23041
4389,23042
5096,23043
5354,23044
4386,23045
7264,23046
3519,23047
7422,23048
3671,23049
4379,23050
7521,23051
7522,23052
7628,23053
4226,23054
6258,23055
18025,23056
6944,23057
20427,23058
3344,23059
769,23060
16846,23061
7893,23062
2213,23063
15338,23064
795,23065
14648,23066
2239,23067
2962,23068
2933,23069
14576,23070
796,23071
803,23072
4650,23073
8204,23074
8400,23075
7719,23076
20557,23077
13790,23078
2453,23079
10978,23080
19115,23081
1370,23082
1921,23083
15946,23084
2646,23085
4372,23086
2538,23087
3664,23088
2950,23089
2212,23090
7202,23091
378,23092
6518,23093
8106,23094
7879,23095
8537,23096
21665,23097
1732,23098
22441,23099
19321,23100
15964,23101
8562,23102
1488,23103
12995,23104
8566,23105
768,23106
16845,23107
10786,23108
20748,23109
16221,23110
871,23111
16911,23112
11394,23113
18453,23114
19256,23115
11393,23116
10708,23117
3696,23118
14766,23119
5042,23120
7260,23121
6576,23122
11363,23123
6856,23124
8122,23125
12027,23126
12819,23127
15928,23128
12993,23129
3171,23130
15269,23131
5463,23132
8483,23133
8735,23134
24152,23135
1159,23136
22661,23137
8660,23138
8736,23139
24165,23140
14703,23141
19024,23142
13831,23143
18224,23144
7800,23145
8737,23146
17545,23147
13121,23148
5198,23149
13833,23150
21434,23151
7122,23152
8805,23153
11316,23154
8826,23155
7802,23156
4331,23157
14397,23158
14575,23159
1734,23160
15270,23161
3303,23162
11414,23163
4759,23164
6440,23165
8917,23166
2967,23167
3943,23168
2244,23169
4388,23170
767,23171
9256,23172
9259,23173
4654,23174
9277,23175
1095,23176
9339,23177
5110,23178
12390,23179
5462,23180
6439,23181
7123,23182
12270,23183
5043,23184
9373,23185
14628,23186
10057,23187
15660,23188
13254,23189
22848,23190
11667,23191
12461,23192
18026,23193
20428,23194
19360,23195
490,23196
9416,23197
9568,23198
1606,23199
13843,23200
10729,23201
6500,23202
9608,23203
7883,23204
1812,23205
12042,23206
14417,23207
9225,23208
22521,23209
2455,23210
13716,23211
14706,23212
15205,23213
11451,23214
14424,23215
6995,23216
20253,23217
2812,23218
19456,23219
22939,23220
3437,23221
22084,23222
4051,23223
9939,23224
3239,23225
9958,23226
10639,23227
11272,23228
17599,23229
5286,23230
1197,23231
23243,23232
12354,23233
1372,23234
11462,23235
14085,23236
3314,23237
20315,23238
5144,23239
15399,23240
4452,23241
10705,23242
22654,23243
17913,23244
5123,23245
1090,23246
10662,23247
1572,23248
15523,23249
14871,23250
20866,23251
6151,23252
20314,23253
5580,23254
6580,23255
6836,23256
7215,23257
5352,23258
6531,23259
7526,23260
17911,23261
7897,23262
1094,23263
12034,23264
4397,23265
10992,23266
16383,23267
5775,23268
1947,23269
17135,23270
17887,23271
17393,23272
7217,23273
10516,23274
5488,23275
17903,23276
2056,23277
21394,23278
23438,23279
13567,23280
14357,23281
16623,23282
14579,23283
1730,23284
1208,23285
12826,23286
10873,23287
1369,23288
23627,23289
2085,23290
21064,23291
21916,23292
18825,23293
22941,23294
4040,23295
2957,23296
4049,23297
2651,23298
5729,23299
10540,23300
16166,23301
12809,23302
14655,23303
20188,23304
19504,23305
3598,23306
18592,23307
20302,23308
22792,23309
3604,23310
18591,23311
21410,23312
21846,23313
21099,23314
21952,23315
20289,23316
14322,23317
22591,23318
11951,23319
4294,23320
13073,23321
15915,23322
23555,23323
20297,23324
5005,23325
6373,23326
11617,23327
19499,23328
21089,23329
17314,23330
2561,23331
801,23332
4651,23333
1521,23334
8105,23335
790,23336
19800,23337
813,23338
10990,23339
14081,23340
18684,23341
7089,23342
2558,23343
6406,23344
11167,23345
7755,23346
20012,23347
8203,23348
7896,23349
3942,23350
804,23351
2970,23352
8235,23353
8338,23354
7214,23355
842,23356
11594,23357
16385,23358
2771,23359
8579,23360
8926,23361
9110,23362
13997,23363
15120,23364
14800,23365
20296,23366
21095,23367
19493,23368
9227,23369
16847,23370
10784,23371
17553,23372
13900,23373
17484,23374
9257,23375
3238,23376
11306,23377
10621,23378
11270,23379
17596,23380
10102,23381
9907,23382
16093,23383
294,23384
9909,23385
16095,23386
5992,23387
19961,23388
19312,23389
15215,23390
23511,23391
10642,23392
8099,23393
16731,23394
17169,23395
10984,23396
21908,23397
4931,23398
1312,23399
22085,23400
4859,23401
19628,23402
4050,23403
19361,23404
4761,23405
6161,23406
7185,23407
9943,23408
2535,23409
9260,23410
9960,23411
7895,23412
1487,23413
16092,23414
10103,23415
21600,23416
20906,23417
21800,23418
11326,23419
22293,23420
9961,23421
3233,23422
9278,23423
11327,23424
10586,23425
15336,23426
10787,23427
16801,23428
13107,23429
19831,23430
6043,23431
20629,23432
16417,23433
17857,23434
5456,23435
10603,23436
16164,23437
11288,23438
652,23439
19459,23440
20256,23441
21230,23442
23800,23443
1217,23444
496,23445
18570,23446
8481,23447
7439,23448
6438,23449
2683,23450
3374,23451
4081,23452
2858,23453
19279,23454
14361,23455
15133,23456
6378,23457
12282,23458
7062,23459
4996,23460
7741,23461
20075,23462
4286,23463
3576,23464
10456,23465
16843,23466
10788,23467
21581,23468
13124,23469
18552,23470
8422,23471
9241,23472
4912,23473
14061,23474
14062,23475
14063,23476
16363,23477
16365,23478
16415,23479
11081,23480
17116,23481
17118,23482
14899,23483
14858,23484
15659,23485
15618,23486
17167,23487
11688,23488
14856,23489
20282,23490
12521,23491
15617,23492
11729,23493
14857,23494
17123,23495
20323,23496
10398,23497
17922,23498
11084,23499
20324,23500
21936,23501
20322,23502
22827,23503
13273,23504
23126,23505
23685,23506
11687,23507
10492,23508
12480,23509
11175,23510
23987,23511
13859,23512
17422,23513
18802,23514
13201,23515
21861,23516
18791,23517
15563,23518
21972,23519
3495,23520
11686,23521
3592,23522
4298,23523
5009,23524
6071,23525
3588,23526
20396,23527
18615,23528
16311,23529
16466,23530
11020,23531
17068,23532
17306,23533
22825,23534
6072,23535
6268,23536
636,23537
16368,23538
5613,23539
14854,23540
17120,23541
6407,23542
6948,23543
6955,23544
19524,23545
13276,23546
6269,23547
1419,23548
697,23549
11477,23550
5717,23551
19597,23552
11629,23553
14007,23554
22050,23555
14803,23556
23683,23557
6993,23558
13271,23559
10434,23560
18679,23561
13601,23562
7096,23563
7581,23564
7635,23565
5010,23566
13858,23567
5714,23568
20404,23569
15546,23570
12518,23571
14786,23572
20393,23573
7576,23574
6891,23575
15806,23576
4681,23577
15049,23578
14267,23579
21341,23580
22185,23581
15295,23582
3934,23583
19894,23584
3318,23585
7774,23586
13064,23587
8260,23588
23068,23589
8319,23590
19526,23591
6953,23592
2144,23593
7636,23594
1418,23595
10200,23596
2867,23597
22060,23598
17808,23599
11726,23600
18607,23601
6271,23602
16409,23603
664,23604
12425,23605
13217,23606
11912,23607
5383,23608
13494,23609
22197,23610
23058,23611
13463,23612
16053,23613
3225,23614
13677,23615
2622,23616
4417,23617
22561,23618
3709,23619
5825,23620
3695,23621
5257,23622
14616,23623
14463,23624
20762,23625
23211,23626
7640,23627
14895,23628
8323,23629
17161,23630
8357,23631
10394,23632
12479,23633
13603,23634
8451,23635
6073,23636
13602,23637
17157,23638
10407,23639
13309,23640
19419,23641
20216,23642
23930,23643
3970,23644
21351,23645
16538,23646
12683,23647
11877,23648
17558,23649
6032,23650
21512,23651
14721,23652
7925,23653
21711,23654
8455,23655
19604,23656
22713,23657
18608,23658
21120,23659
11090,23660
21973,23661
16374,23662
14105,23663
23761,23664
16315,23665
15562,23666
22207,23667
602,23668
13312,23669
6957,23670
15651,23671
8608,23672
8609,23673
21710,23674
20601,23675
3710,23676
5811,23677
12144,23678
8092,23679
2409,23680
19963,23681
12080,23682
2732,23683
14916,23684
2010,23685
17185,23686
6248,23687
16433,23688
6933,23689
17966,23690
8023,23691
270,23692
135,23693
8705,23694
260,23695
127,23696
9040,23697
21119,23698
10405,23699
11091,23700
13311,23701
14104,23702
1322,23703
19521,23704
927,23705
9321,23706
7910,23707
18368,23708
9477,23709
21590,23710
2425,23711
18290,23712
7340,23713
159,23714
51,23715
9711,23716
12813,23717
16169,23718
14390,23719
14892,23720
9722,23721
14891,23722
6274,23723
14101,23724
6960,23725
13308,23726
7643,23727
12514,23728
8326,23729
12512,23730
9724,23731
14102,23732
14008,23733
11630,23734
10437,23735
3263,23736
12703,23737
15032,23738
17288,23739
14254,23740
16806,23741
5341,23742
15253,23743
15482,23744
851,23745
17660,23746
1571,23747
10690,23748
4403,23749
19169,23750
15376,23751
13729,23752
15291,23753
10385,23754
12531,23755
11071,23756
11739,23757
24071,23758
6657,23759
168,23760
60,23761
9018,23762
14122,23763
9042,23764
11722,23765
14073,23766
22052,23767
2760,23768
15710,23769
12424,23770
10335,23771
12686,23772
9701,23773
13329,23774
2011,23775
18764,23776
2733,23777
16432,23778
574,23779
17184,23780
1293,23781
11121,23782
9756,23783
9781,23784
16091,23785
296,23786
18349,23787
11567,23788
20125,23789
1645,23790
16898,23791
23995,23792
10022,23793
14111,23794
21082,23795
15917,23796
7449,23797
17902,23798
21100,23799
23651,23800
19595,23801
4177,23802
23774,23803
16298,23804
21007,23805
16556,23806
1127,23807
18910,23808
12684,23809
13476,23810
21329,23811
7575,23812
8259,23813
13493,23814
406,23815
14283,23816
17289,23817
11892,23818
23908,23819
19968,23820
2524,23821
12880,23822
7511,23823
4415,23824
22562,23825
3707,23826
3013,23827
1551,23828
23322,23829
6720,23830
22449,23831
21603,23832
19887,23833
17623,23834
152,23835
46,23836
8421,23837
8688,23838
1801,23839
24081,23840
15483,23841
3017,23842
20056,23843
2294,23844
1574,23845
5109,23846
24184,23847
7409,23848
24078,23849
22458,23850
19091,23851
16871,23852
156,23853
49,23854
8302,23855
17186,23856
7618,23857
11740,23858
9700,23859
12532,23860
9017,23861
7688,23862
9815,23863
16168,23864
9135,23865
14951,23866
17064,23867
11725,23868
14799,23869
17994,23870
6890,23871
10336,23872
16555,23873
20095,23874
17305,23875
14266,23876
13475,23877
18895,23878
18370,23879
1087,23880
22363,23881
20133,23882
2293,23883
23420,23884
3016,23885
9322,23886
1552,23887
21608,23888
10845,23889
21509,23890
23317,23891
15249,23892
16119,23893
142,23894
36,23895
9817,23896
19605,23897
20205,23898
12517,23899
15622,23900
17160,23901
19408,23902
18792,23903
6206,23904
11021,23905
11911,23906
19297,23907
12702,23908
15789,23909
16539,23910
23046,23911
20767,23912
368,23913
20694,23914
7641,23915
16408,23916
8324,23917
15655,23918
6272,23919
18716,23920
8904,23921
3015,23922
15404,23923
2292,23924
10005,23925
831,23926
22463,23927
6036,23928
16045,23929
24179,23930
20686,23931
15363,23932
149,23933
43,23934
9043,23935
17918,23936
10408,23937
16404,23938
9698,23939
14124,23940
7617,23941
12533,23942
9015,23943
13331,23944
8301,23945
8371,23946
3422,23947
9071,23948
4130,23949
4838,23950
10435,23951
9725,23952
17156,23953
11094,23954
11720,23955
17127,23956
17154,23957
10412,23958
17882,23959
21195,23960
22048,23961
11029,23962
8977,23963
11894,23964
10890,23965
17291,23966
14250,23967
13458,23968
11867,23969
12148,23970
6716,23971
17519,23972
16990,23973
5827,23974
19260,23975
5125,23976
4419,23977
8593,23978
20765,23979
8795,23980
18294,23981
646,23982
9753,23983
5539,23984
5640,23985
11074,23986
3526,23987
10388,23988
4233,23989
6936,23990
19563,23991
6251,23992
5629,23993
23632,23994
4926,23995
21921,23996
22774,23997
5138,23998
5840,23999
13054,24000
3723,24001
5806,24002
5104,24003
2977,24004
22462,24005
10162,24006
21487,24007
16132,24008
24051,24009
23191,24010
1668,24011
18641,24012
3312,24013
22942,24014
10961,24015
475,24016
18812,24017
12396,24018
10307,24019
22067,24020
17042,24021
16289,24022
498,24023
22072,24024
3355,24025
1118,24026
8094,24027
219,24028
8624,24029
17656,24030
10019,24031
8606,24032
9022,24033
21161,24034
7623,24035
5124,24036
8307,24037
4418,24038
20859,24039
5826,24040
853,24041
6546,24042
19966,24043
10846,24044
18365,24045
19166,24046
12874,24047
12228,24048
265,24049
131,24050
9296,24051
10309,24052
21214,24053
519,24054
1836,24055
11161,24056
97,24057
9850,24058
18588,24059
12279,24060
16652,24061
14602,24062
10452,24063
15869,24064
15064,24065
15821,24066
15808,24067
14282,24068
181,24069
69,24070
9992,24071
23128,24072
13979,24073
5608,24074
9981,24075
16285,24076
17037,24077
18605,24078
5030,24079
6172,24080
5737,24081
15411,24082
10502,24083
6301,24084
13280,24085
15089,24086
12295,24087
15846,24088
16596,24089
21737,24090
23447,24091
4269,24092
12743,24093
7106,24094
20589,24095
13775,24096
713,24097
7586,24098
23044,24099
7714,24100
7037,24101
8125,24102
8383,24103
6223,24104
23906,24105
3976,24106
18091,24107
8384,24108
8982,24109
23907,24110
9076,24111
11043,24112
16529,24113
1844,24114
15779,24115
15022,24116
16524,24117
12189,24118
2468,24119
16012,24120
10350,24121
21752,24122
12851,24123
8801,24124
19040,24125
13216,24126
11116,24127
13995,24128
16464,24129
11632,24130
14010,24131
15707,24132
3367,24133
19608,24134
12399,24135
11605,24136
16463,24137
518,24138
10430,24139
11695,24140
19567,24141
9513,24142
2161,24143
2884,24144
22267,24145
9673,24146
8990,24147
7011,24148
18620,24149
17820,24150
11714,24151
14076,24152
12506,24153
14865,24154
13301,24155
15625,24156
14094,24157
16377,24158
14884,24159
17129,24160
15000,24161
10897,24162
13434,24163
12435,24164
14019,24165
21257,24166
23601,24167
12613,24168
10909,24169
14198,24170
13406,24171
23829,24172
8150,24173
22111,24174
21256,24175
16485,24176
21656,24177
10800,24178
9539,24179
13405,24180
14197,24181
17236,24182
22512,24183
9674,24184
17278,24185
8841,24186
9993,24187
1548,24188
22530,24189
273,24190
16779,24191
21812,24192
23492,24193
2830,24194
3001,24195
4060,24196
9994,24197
10679,24198
11357,24199
20022,24200
3866,24201
20164,24202
4950,24203
3354,24204
5473,24205
3253,24206
9168,24207
2682,24208
11485,24209
15901,24210
13814,24211
14354,24212
17370,24213
199,24214
23941,24215
23079,24216
15057,24217
14292,24218
18911,24219
84,24220
9995,24221
19265,24222
3004,24223
2281,24224
7229,24225
9996,24226
9997,24227
22566,24228
11367,24229
9998,24230
6545,24231
9999,24232
12373,24233
18573,24234
22679,24235
2917,24236
2922,24237
10861,24238
1475,24239
10572,24240
389,24241
1470,24242
5059,24243
3956,24244
748,24245
750,24246
3615,24247
19194,24248
7840,24249
4325,24250
18393,24251
4611,24252
9832,24253
20787,24254
