Node ID,Order
3,0
5,1
13314,2
11,3
20,4
26,5
28,6
261,7
14,8
21,9
12905,10
15,11
211,12
242,13
18,14
221,15
209,16
21549,17
22404,18
13652,19
2459,20
19888,21
4,22
172,23
976,24
177,25
3146,26
21553,27
15230,28
23,29
235,30
9,31
190,32
17607,33
10769,34
21521,35
19165,36
20658,37
228,38
4549,39
19925,40
23194,41
23177,42
19126,43
18325,44
24052,45
7,46
23259,47
16743,48
19167,49
18366,50
20350,51
17,52
220,53
18324,54
2417,55
18271,56
23175,57
9362,58
25,59
241,60
12938,61
10,62
200,63
19131,64
19927,65
5939,66
20655,67
3061,68
3754,69
8636,70
18424,71
19231,72
7689,73
171,74
4433,75
182,76
982,77
1701,78
12059,79
19860,80
3056,81
894,82
5847,83
7953,84
20824,85
20027,86
20364,87
19,88
15653,89
24105,90
19886,91
9837,92
23379,93
10790,94
22364,95
8684,96
19062,97
15236,98
23174,99
21755,100
5912,101
18364,102
16007,103
20664,104
3807,105
1,106
153,107
20763,108
16740,109
12,110
207,111
5256,112
5956,113
22343,114
15167,115
22678,116
3642,117
16,118
212,119
24109,120
23247,121
18289,122
4527,123
226,124
4553,125
19931,126
14445,127
19065,128
7797,129
12821,130
4219,131
20724,132
18328,133
24054,134
23172,135
7279,136
6595,137
21469,138
4456,139
6441,140
7125,141
4323,142
5957,143
9475,144
10024,145
24,146
7023,147
22,148
2378,149
20424,150
23724,151
13,152
208,153
21554,154
20355,155
4518,156
16739,157
17492,158
18210,159
22933,160
3028,161
2266,162
6705,163
7392,164
12090,165
21488,166
22341,167
21454,168
24017,169
5221,170
7324,171
6711,172
22882,173
2334,174
5848,175
3861,176
16123,177
14127,178
22000,179
969,180
23188,181
17605,182
1002,183
8,184
897,185
5865,186
10721,187
24255,188
16124,189
22871,190
4441,191
20023,192
17629,193
21166,194
11065,195
19566,196
9013,197
18765,198
236,199
12890,200
12095,201
12858,202
9214,203
23325,204
9471,205
12113,206
23198,207
2820,208
2099,209
5254,210
22342,211
19857,212
3753,213
5867,214
6585,215
18190,216
14536,217
7388,218
23305,219
16736,220
10098,221
24136,222
1881,223
18244,224
23018,225
23130,226
5927,227
22297,228
15155,229
18965,230
11176,231
22472,232
1080,233
16773,234
19122,235
12861,236
12067,237
23178,238
19975,239
3219,240
3928,241
10033,242
24034,243
9582,244
183,245
5954,246
3845,247
21489,248
18263,249
5864,250
896,251
5147,252
5973,253
16877,254
22870,255
16087,256
10794,257
1702,258
13930,259
20459,260
11436,261
14608,262
12537,263
3033,264
18288,265
23167,266
18533,267
16549,268
11133,269
13539,270
14589,271
2439,272
2802,273
6419,274
18945,275
22214,276
16086,277
8047,278
5249,279
7320,280
6632,281
7317,282
3121,283
20003,284
8668,285
7555,286
17315,287
23962,288
21384,289
20524,290
19991,291
17634,292
19140,293
18339,294
12077,295
14459,296
23183,297
24212,298
20386,299
17365,300
20531,301
2392,302
1618,303
5165,304
10034,305
21676,306
15367,307
2098,308
20312,309
21126,310
4526,311
166,312
6,313
178,314
1705,315
2424,316
20670,317
24033,318
2337,319
1617,320
9350,321
5272,322
14607,323
23728,324
9014,325
12535,326
7616,327
14126,328
8300,329
11743,330
6932,331
13330,332
8067,333
7384,334
15661,335
2030,336
17953,337
2751,338
21057,339
22940,340
12582,341
1929,342
1417,343
708,344
13587,345
19905,346
20609,347
19811,348
5146,349
10754,350
15368,351
11745,352
7614,353
23730,354
4128,355
22872,356
12459,357
22019,358
10380,359
17187,360
14107,361
10795,362
14118,363
21181,364
10708,365
3696,366
2838,367
24121,368
14443,369
18262,370
9367,371
21971,372
20401,373
18085,374
21748,375
15058,376
15815,377
18912,378
24219,379
1763,380
7004,381
15146,382
16594,383
13313,384
13563,385
9406,386
22388,387
15233,388
15992,389
3105,390
2384,391
23156,392
18414,393
6675,394
21212,395
18256,396
3043,397
10046,398
3732,399
12227,400
20028,401
4939,402
9696,403
17967,404
7615,405
19565,406
984,407
1703,408
16746,409
3819,410
1616,411
2336,412
11406,413
9388,414
16878,415
23729,416
8299,417
11744,418
6246,419
12536,420
5229,421
23146,422
11398,423
19549,424
20722,425
3139,426
18272,427
24035,428
4461,429
5167,430
8635,431
14601,432
17630,433
15682,434
27,435
243,436
23246,437
24108,438
20685,439
957,440
5866,441
3752,442
7269,443
23391,444
20828,445
663,446
15020,447
9799,448
19769,449
20917,450
12049,451
20665,452
18264,453
13945,454
3612,455
9409,456
9860,457
10536,458
8467,459
4565,460
23403,461
16795,462
16112,463
4574,464
19940,465
21494,466
13134,467
19634,468
17508,469
15194,470
6543,471
3020,472
1536,473
22568,474
9282,475
11350,476
5080,477
7546,478
7656,479
15518,480
635,481
2051,482
2864,483
10887,484
2141,485
1415,486
8435,487
15312,488
4612,489
24082,490
13145,491
2882,492
19613,493
3114,494
944,495
15296,496
3932,497
17206,498
5634,499
21989,500
22039,501
10699,502
10013,503
1360,504
8062,505
21552,506
13136,507
22102,508
6000,509
6684,510
17182,511
641,512
21208,513
17184,514
11838,515
14591,516
7349,517
19135,518
23495,519
20463,520
11297,521
9249,522
4356,523
21625,524
18437,525
19945,526
7677,527
12800,528
17456,529
15290,530
10242,531
3768,532
7481,533
19571,534
19227,535
21679,536
8372,537
10379,538
9072,539
6930,540
9754,541
6245,542
10436,543
8298,544
20363,545
572,546
14917,547
1291,548
2009,549
15677,550
16434,551
2731,552
4938,553
7404,554
12120,555
18719,556
8707,557
21462,558
136,559
198,560
185,561
263,562
253,563
1867,564
232,565
202,566
217,567
162,568
23463,569
23481,570
191,571
12838,572
4493,573
16960,574
4465,575
3281,576
16727,577
2588,578
16722,579
6621,580
18520,581
21433,582
256,583
250,584
21766,585
12841,586
3997,587
7307,588
8162,589
1624,590
12230,591
19852,592
163,593
164,594
224,595
252,596
248,597
196,598
257,599
140,600
192,601
245,602
8164,603
216,604
4489,605
19311,606
5911,607
21001,608
15856,609
15271,610
5423,611
5217,612
12528,613
20361,614
21163,615
890,616
5729,617
10540,618
3598,619
11366,620
642,621
4315,622
16874,623
9338,624
23192,625
18265,626
187,627
213,628
268,629
2382,630
239,631
145,632
17222,633
1874,634
24008,635
223,636
144,637
174,638
4015,639
17381,640
154,641
255,642
9553,643
7311,644
254,645
4714,646
18217,647
222,648
6883,649
15880,650
2182,651
9836,652
21662,653
10791,654
14522,655
23464,656
16730,657
5921,658
2286,659
6539,660
21422,661
13817,662
5819,663
20024,664
20026,665
20827,666
17521,667
15365,668
17841,669
3045,670
146,671
15833,672
24009,673
7079,674
19921,675
21504,676
20683,677
1685,678
15345,679
3873,680
4580,681
18237,682
16726,683
6994,684
23762,685
7671,686
2973,687
2390,688
20632,689
20304,690
19148,691
19329,692
3773,693
5767,694
9835,695
23370,696
1034,697
18311,698
16245,699
7165,700
19302,701
21449,702
17410,703
9792,704
12151,705
4637,706
2602,707
3069,708
24137,709
468,710
12798,711
13816,712
20667,713
20674,714
203,715
249,716
233,717
240,718
22602,719
22301,720
204,721
176,722
244,723
4719,724
5874,725
175,726
150,727
262,728
246,729
14711,730
7974,731
15775,732
5969,733
5281,734
18745,735
983,736
6864,737
19855,738
7285,739
831,740
22463,741
6036,742
16045,743
24179,744
20686,745
15363,746
149,747
4405,748
5808,749
20823,750
1711,751
13689,752
20932,753
5812,754
167,755
4414,756
17912,757
20276,758
22837,759
3060,760
24133,761
12330,762
23996,763
23271,764
21501,765
24067,766
2400,767
12187,768
7367,769
22458,770
19091,771
16871,772
156,773
13517,774
12726,775
23936,776
15325,777
10123,778
12119,779
6798,780
7967,781
11875,782
12668,783
15774,784
14567,785
1745,786
13680,787
22604,788
12057,789
9768,790
13548,791
16600,792
20805,793
3884,794
16975,795
7980,796
23294,797
7507,798
18952,799
1523,800
10641,801
3650,802
20812,803
1012,804
20760,805
20110,806
7302,807
7892,808
9905,809
18403,810
10809,811
3836,812
201,813
5952,814
18330,815
5238,816
2393,817
10727,818
18462,819
845,820
2257,821
1533,822
2214,823
16753,824
24049,825
962,826
5961,827
7393,828
6881,829
11143,830
356,831
12886,832
19077,833
19872,834
20646,835
18253,836
3101,837
14529,838
3223,839
22029,840
9849,841
2165,842
3862,843
15366,844
7261,845
18939,846
18006,847
22197,848
23058,849
13463,850
16053,851
3225,852
13677,853
14997,854
15750,855
13010,856
5982,857
16954,858
23257,859
12346,860
16508,861
5192,862
10654,863
13770,864
8757,865
12882,866
1892,867
19058,868
18441,869
3743,870
18258,871
10725,872
10268,873
14636,874
7948,875
4450,876
6572,877
13292,878
15495,879
15635,880
6285,881
3677,882
8591,883
3475,884
20294,885
16562,886
24213,887
9449,888
10135,889
19113,890
18277,891
20669,892
3115,893
958,894
16741,895
19984,896
2499,897
3529,898
5851,899
11405,900
20766,901
8539,902
8794,903
9476,904
12899,905
9389,906
16328,907
8676,908
231,909
2388,910
10458,911
22256,912
12940,913
6035,914
10615,915
18870,916
7241,917
5827,918
22224,919
12953,920
3204,921
12114,922
7488,923
21426,924
10025,925
23240,926
18746,927
5118,928
19317,929
4500,930
12331,931
4485,932
2168,933
24234,934
315,935
24100,936
13143,937
9212,938
11026,939
18907,940
10491,941
18779,942
12715,943
14543,944
3909,945
19144,946
9562,947
8646,948
20030,949
13821,950
15280,951
1693,952
7999,953
8683,954
523,955
24048,956
16854,957
10755,958
10088,959
10772,960
23244,961
12065,962
179,963
12859,964
3811,965
5925,966
24016,967
13791,968
5991,969
11779,970
24122,971
21787,972
23815,973
21980,974
2941,975
2478,976
1755,977
10229,978
1669,979
6097,980
24028,981
9169,982
5017,983
15616,984
22826,985
16370,986
8452,987
1020,988
12302,989
5951,990
21789,991
11826,992
21431,993
12752,994
12738,995
15099,996
22218,997
7192,998
287,999
23237,1000
19345,1001
5034,1002
13686,1003
19082,1004
19877,1005
2401,1006
22525,1007
1724,1008
2447,1009
12329,1010
15221,1011
18118,1012
23375,1013
10797,1014
21559,1015
20735,1016
8168,1017
19880,1018
20678,1019
19818,1020
5234,1021
15327,1022
6685,1023
6001,1024
11958,1025
8976,1026
23063,1027
6210,1028
17295,1029
9659,1030
13481,1031
8055,1032
9544,1033
23168,1034
3987,1035
4524,1036
16770,1037
20104,1038
16230,1039
13418,1040
22278,1041
22392,1042
8341,1043
15126,1044
18797,1045
7820,1046
1568,1047
11340,1048
6857,1049
6422,1050
8230,1051
13188,1052
10503,1053
18187,1054
12539,1055
5159,1056
6330,1057
11387,1058
251,1059
1356,1060
8158,1061
8661,1062
8000,1063
21474,1064
2622,1065
4417,1066
15219,1067
2195,1068
22104,1069
20566,1070
7255,1071
148,1072
2,1073
157,1074
13734,1075
3848,1076
21953,1077
6882,1078
18806,1079
18594,1080
15355,1081
10760,1082
24075,1083
12311,1084
3798,1085
4477,1086
19003,1087
15985,1088
1600,1089
5431,1090
460,1091
1896,1092
4398,1093
466,1094
8190,1095
1187,1096
12333,1097
2263,1098
10661,1099
1544,1100
4727,1101
3309,1102
8903,1103
5432,1104
820,1105
22660,1106
1537,1107
5103,1108
10668,1109
5425,1110
3692,1111
9979,1112
10263,1113
808,1114
3691,1115
6544,1116
2261,1117
372,1118
817,1119
11345,1120
9970,1121
6135,1122
2262,1123
3709,1124
5825,1125
3695,1126
5257,1127
14616,1128
14463,1129
20762,1130
23211,1131
8705,1132
260,1133
664,1134
16514,1135
17077,1136
17839,1137
23840,1138
18847,1139
23605,1140
23816,1141
16564,1142
15814,1143
21353,1144
12204,1145
9415,1146
18319,1147
20013,1148
10097,1149
16789,1150
1900,1151
19715,1152
18527,1153
902,1154
19222,1155
4579,1156
20737,1157
14484,1158
18524,1159
22288,1160
24064,1161
18285,1162
23187,1163
21669,1164
1722,1165
2445,1166
13888,1167
21468,1168
7950,1169
6567,1170
19219,1171
8730,1172
10779,1173
5245,1174
12860,1175
22315,1176
8895,1177
864,1178
9579,1179
10261,1180
1585,1181
19005,1182
20853,1183
5839,1184
5137,1185
2994,1186
15358,1187
22539,1188
12893,1189
4724,1190
23200,1191
18456,1192
2304,1193
18208,1194
2271,1195
17617,1196
23398,1197
16781,1198
2613,1199
12068,1200
8356,1201
234,1202
22400,1203
23255,1204
23193,1205
21472,1206
5166,1207
7283,1208
7952,1209
13813,1210
18429,1211
14922,1212
3313,1213
7225,1214
6929,1215
14128,1216
7613,1217
13335,1218
8297,1219
12538,1220
3420,1221
14919,1222
6931,1223
13334,1224
4837,1225
11741,1226
9016,1227
16435,1228
10383,1229
14918,1230
9699,1231
15678,1232
11069,1233
15674,1234
8353,1235
8643,1236
1880,1237
6587,1238
15266,1239
6803,1240
2351,1241
17534,1242
6631,1243
7316,1244
19068,1245
21633,1246
6699,1247
6015,1248
9548,1249
24029,1250
20596,1251
8694,1252
9453,1253
20758,1254
17712,1255
3093,1256
15943,1257
10511,1258
12991,1259
8740,1260
24176,1261
23467,1262
10063,1263
18874,1264
9075,1265
2709,1266
12681,1267
11765,1268
15284,1269
20910,1270
24001,1271
6812,1272
18062,1273
2444,1274
1721,1275
3135,1276
12064,1277
14447,1278
1677,1279
959,1280
15224,1281
19216,1282
10099,1283
22921,1284
2686,1285
17557,1286
12237,1287
22365,1288
6818,1289
3718,1290
823,1291
3680,1292
13300,1293
17506,1294
20931,1295
2623,1296
3002,1297
4737,1298
5816,1299
14541,1300
3201,1301
19932,1302
23203,1303
20644,1304
15225,1305
2374,1306
11364,1307
20062,1308
227,1309
3141,1310
21545,1311
24053,1312
24032,1313
22277,1314
21424,1315
3733,1316
4570,1317
18428,1318
14921,1319
17730,1320
11665,1321
6542,1322
15681,1323
10381,1324
17190,1325
11066,1326
16438,1327
9697,1328
14123,1329
11070,1330
20362,1331
10384,1332
19564,1333
1292,1334
15676,1335
573,1336
11737,1337
6250,1338
5641,1339
6935,1340
6320,1341
7619,1342
7006,1343
8303,1344
17961,1345
576,1346
22014,1347
10389,1348
7265,1349
13061,1350
10664,1351
821,1352
811,1353
16116,1354
12234,1355
23216,1356
22537,1357
7322,1358
6629,1359
7314,1360
21484,1361
17625,1362
147,1363
13005,1364
9405,1365
8723,1366
12887,1367
13655,1368
14446,1369
1678,1370
12353,1371
2396,1372
15983,1373
16849,1374
10783,1375
23781,1376
4084,1377
11075,1378
6581,1379
20850,1380
7949,1381
8632,1382
23989,1383
18425,1384
18427,1385
21492,1386
4475,1387
23404,1388
21427,1389
2896,1390
3140,1391
6127,1392
23004,1393
17427,1394
8967,1395
20300,1396
8629,1397
19525,1398
214,1399
7263,1400
9871,1401
7825,1402
8470,1403
14554,1404
5304,1405
23309,1406
23471,1407
3793,1408
8651,1409
12575,1410
6571,1411
1541,1412
18811,1413
6434,1414
989,1415
8072,1416
5950,1417
20939,1418
14224,1419
15447,1420
4481,1421
18906,1422
18106,1423
23060,1424
20799,1425
8054,1426
6120,1427
3736,1428
20309,1429
12916,1430
8165,1431
22282,1432
1430,1433
2920,1434
15165,1435
4233,1436
3821,1437
17494,1438
22483,1439
342,1440
16457,1441
16693,1442
15941,1443
7117,1444
3859,1445
5977,1446
14519,1447
20908,1448
23141,1449
20648,1450
8798,1451
24023,1452
21460,1453
4641,1454
20650,1455
15226,1456
1601,1457
9353,1458
17643,1459
14553,1460
9444,1461
12138,1462
11525,1463
3047,1464
20689,1465
22606,1466
1656,1467
15758,1468
16510,1469
14214,1470
23357,1471
8061,1472
18329,1473
10922,1474
2362,1475
12345,1476
14999,1477
5247,1478
19123,1479
13669,1480
16003,1481
21479,1482
13755,1483
6014,1484
6698,1485
6783,1486
2389,1487
2310,1488
11467,1489
18454,1490
8626,1491
7943,1492
16157,1493
10023,1494
7944,1495
4404,1496
3727,1497
4435,1498
835,1499
2999,1500
18838,1501
14971,1502
12216,1503
8717,1504
16198,1505
8687,1506
3320,1507
23825,1508
12849,1509
10918,1510
22318,1511
17300,1512
12674,1513
3154,1514
21523,1515
9165,1516
783,1517
10925,1518
918,1519
7366,1520
4544,1521
13656,1522
15991,1523
22311,1524
2383,1525
23155,1526
24229,1527
10808,1528
23758,1529
14311,1530
14299,1531
12207,1532
6672,1533
15277,1534
4000,1535
5162,1536
8369,1537
9834,1538
12971,1539
1043,1540
18341,1541
1883,1542
18212,1543
8219,1544
15930,1545
10879,1546
17434,1547
4438,1548
5841,1549
20825,1550
19230,1551
22345,1552
6722,1553
20671,1554
19873,1555
14963,1556
23315,1557
5430,1558
14265,1559
19834,1560
2284,1561
7917,1562
18380,1563
19371,1564
20974,1565
3926,1566
23264,1567
23189,1568
22338,1569
22324,1570
752,1571
20169,1572
2198,1573
18008,1574
18522,1575
5199,1576
7957,1577
23409,1578
17651,1579
1604,1580
5152,1581
16252,1582
14413,1583
19810,1584
19011,1585
19356,1586
10599,1587
12259,1588
2324,1589
4447,1590
7939,1591
11922,1592
16810,1593
1796,1594
21568,1595
7492,1596
3746,1597
22168,1598
18081,1599
844,1600
13181,1601
17029,1602
8485,1603
8500,1604
22682,1605
9203,1606
17784,1607
7806,1608
21333,1609
9243,1610
9925,1611
2204,1612
21613,1613
10837,1614
16787,1615
17754,1616
8878,1617
7867,1618
2348,1619
2509,1620
22842,1621
1432,1622
21769,1623
8663,1624
3293,1625
19023,1626
8368,1627
18035,1628
1777,1629
5946,1630
22849,1631
24087,1632
11515,1633
14437,1634
9480,1635
22313,1636
19850,1637
8640,1638
22427,1639
4716,1640
6603,1641
18315,1642
16749,1643
17502,1644
4517,1645
7998,1646
1663,1647
18388,1648
3911,1649
7692,1650
2282,1651
5107,1652
17616,1653
4573,1654
18302,1655
12866,1656
16238,1657
9313,1658
20864,1659
10590,1660
5313,1661
12878,1662
22650,1663
2194,1664
435,1665
1658,1666
757,1667
292,1668
7224,1669
19555,1670
19717,1671
5270,1672
10758,1673
19904,1674
22391,1675
4536,1676
20822,1677
10757,1678
19903,1679
13953,1680
20415,1681
6068,1682
6420,1683
5734,1684
16673,1685
17583,1686
2473,1687
21525,1688
23249,1689
16751,1690
11556,1691
15993,1692
4530,1693
15326,1694
8052,1695
7369,1696
15452,1697
13644,1698
12770,1699
18381,1700
5332,1701
3132,1702
23460,1703
7310,1704
23664,1705
24112,1706
23207,1707
12871,1708
5934,1709
16083,1710
8050,1711
2471,1712
10230,1713
1673,1714
14644,1715
11344,1716
6557,1717
3687,1718
12020,1719
15881,1720
15116,1721
13595,1722
2133,1723
20197,1724
15081,1725
8584,1726
807,1727
11734,1728
17814,1729
3641,1730
8345,1731
15649,1732
5153,1733
14852,1734
17166,1735
16371,1736
16414,1737
6951,1738
6265,1739
13604,1740
12816,1741
6757,1742
14393,1743
20391,1744
7972,1745
14199,1746
5971,1747
274,1748
7538,1749
12081,1750
19071,1751
19561,1752
12573,1753
8648,1754
7964,1755
4440,1756
13020,1757
19232,1758
4234,1759
20130,1760
13251,1761
5642,1762
9012,1763
7007,1764
9695,1765
6321,1766
11064,1767
17188,1768
1290,1769
15679,1770
571,1771
11068,1772
21164,1773
22017,1774
10382,1775
14914,1776
1294,1777
14120,1778
10387,1779
12529,1780
575,1781
13327,1782
11073,1783
22866,1784
20250,1785
2819,1786
1295,1787
13630,1788
2013,1789
14420,1790
20049,1791
8587,1792
15540,1793
17991,1794
15260,1795
14476,1796
12079,1797
6109,1798
24069,1799
1646,1800
1684,1801
8016,1802
8725,1803
9407,1804
7472,1805
23171,1806
14924,1807
22984,1808
24236,1809
10116,1810
23226,1811
13103,1812
8187,1813
18849,1814
5869,1815
837,1816
4218,1817
5326,1818
2590,1819
3764,1820
24114,1821
1178,1822
20446,1823
29,1824
266,1825
21606,1826
22461,1827
786,1828
18840,1829
22093,1830
17563,1831
9457,1832
19897,1833
5408,1834
7506,1835
23828,1836
1619,1837
21593,1838
21763,1839
15212,1840
13027,1841
20703,1842
19884,1843
19088,1844
11589,1845
10558,1846
3825,1847
14586,1848
6669,1849
5985,1850
19114,1851
17500,1852
12061,1853
19847,1854
19052,1855
20643,1856
15341,1857
4583,1858
22066,1859
23550,1860
20576,1861
21406,1862
13562,1863
11565,1864
10626,1865
17489,1866
23227,1867
14715,1868
13895,1869
5169,1870
17273,1871
4925,1872
21026,1873
20224,1874
17264,1875
6534,1876
17205,1877
23691,1878
14879,1879
22995,1880
23253,1881
8182,1882
22116,1883
11592,1884
6462,1885
8048,1886
19906,1887
18275,1888
17497,1889
18252,1890
24019,1891
18249,1892
14560,1893
1754,1894
12566,1895
5846,1896
4410,1897
20977,1898
9606,1899
16273,1900
6157,1901
22691,1902
18196,1903
10542,1904
10276,1905
2190,1906
3635,1907
10962,1908
10563,1909
9598,1910
1456,1911
8496,1912
9193,1913
10967,1914
2900,1915
1912,1916
23538,1917
6476,1918
11179,1919
3593,1920
22914,1921
24093,1922
1688,1923
970,1924
9580,1925
23541,1926
7155,1927
13971,1928
9875,1929
20661,1930
23334,1931
4631,1932
4816,1933
14146,1934
6706,1935
19111,1936
15228,1937
19804,1938
15987,1939
23176,1940
22326,1941
1662,1942
16054,1943
4638,1944
19578,1945
2939,1946
2804,1947
11629,1948
23683,1949
13319,1950
16802,1951
950,1952
4710,1953
15801,1954
10165,1955
8096,1956
20649,1957
19851,1958
2320,1959
19332,1960
18255,1961
19055,1962
3042,1963
4025,1964
7186,1965
4373,1966
5436,1967
6504,1968
3945,1969
11312,1970
9262,1971
9217,1972
18375,1973
10150,1974
480,1975
6842,1976
15947,1977
2639,1978
4381,1979
11317,1980
8027,1981
17549,1982
7525,1983
11230,1984
21762,1985
7299,1986
15962,1987
18826,1988
21819,1989
3502,1990
17732,1991
7871,1992
10767,1993
21757,1994
11420,1995
18363,1996
4729,1997
11872,1998
2567,1999
23903,2000
23041,2001
18888,2002
14144,2003
5461,2004
2216,2005
17595,2006
295,2007
24142,2008
10243,2009
3074,2010
18805,2011
888,2012
1375,2013
15522,2014
20178,2015
13619,2016
4335,2017
22183,2018
23898,2019
12167,2020
1767,2021
12088,2022
3289,2023
24007,2024
12923,2025
5506,2026
4708,2027
11407,2028
12676,2029
9064,2030
10733,2031
7694,2032
9333,2033
14041,2034
8200,2035
17929,2036
13957,2037
19368,2038
15045,2039
5189,2040
2273,2041
24182,2042
7411,2043
24181,2044
23319,2045
12875,2046
7341,2047
259,2048
12581,2049
8523,2050
22021,2051
9228,2052
10126,2053
23245,2054
20348,2055
18145,2056
18946,2057
18120,2058
20015,2059
10095,2060
13720,2061
23483,2062
8652,2063
8448,2064
17949,2065
4284,2066
16626,2067
19398,2068
12763,2069
14810,2070
22126,2071
22741,2072
14979,2073
10908,2074
13409,2075
14201,2076
12592,2077
20779,2078
1068,2079
13098,2080
2349,2081
21544,2082
9373,2083
17585,2084
1032,2085
313,2086
19322,2087
6624,2088
18875,2089
16052,2090
10841,2091
12879,2092
14714,2093
7250,2094
22851,2095
15237,2096
19867,2097
18583,2098
9648,2099
19069,2100
2743,2101
14927,2102
1449,2103
12961,2104
6696,2105
20583,2106
19382,2107
10533,2108
11412,2109
17751,2110
11346,2111
22569,2112
9294,2113
9977,2114
10652,2115
17620,2116
12232,2117
13025,2118
21524,2119
2408,2120
3130,2121
18270,2122
20177,2123
738,2124
22445,2125
11437,2126
215,2127
22511,2128
3176,2129
3885,2130
19112,2131
18276,2132
19076,2133
19051,2134
19846,2135
19049,2136
20798,2137
2477,2138
22047,2139
23667,2140
19059,2141
17488,2142
24206,2143
23399,2144
2601,2145
14421,2146
12109,2147
23489,2148
17298,2149
15825,2150
15068,2151
19724,2152
14562,2153
2475,2154
22426,2155
1876,2156
895,2157
20948,2158
2969,2159
3127,2160
2406,2161
17789,2162
23547,2163
3623,2164
18975,2165
1680,2166
5261,2167
1075,2168
4632,2169
19912,2170
15231,2171
23195,2172
14440,2173
20645,2174
2380,2175
13739,2176
8084,2177
16455,2178
4819,2179
23241,2180
3485,2181
8677,2182
7270,2183
12164,2184
1054,2185
1769,2186
2492,2187
19119,2188
4192,2189
18868,2190
18069,2191
13421,2192
16074,2193
9446,2194
15261,2195
13932,2196
11509,2197
4494,2198
19672,2199
5150,2200
2339,2201
14172,2202
3041,2203
856,2204
12525,2205
11864,2206
6083,2207
12657,2208
13450,2209
11861,2210
21659,2211
10796,2212
21140,2213
13978,2214
9464,2215
16030,2216
8171,2217
5176,2218
21779,2219
13588,2220
14657,2221
14378,2222
15151,2223
5007,2224
11771,2225
20994,2226
20081,2227
14347,2228
3863,2229
676,2230
6340,2231
21344,2232
22200,2233
15026,2234
15024,2235
195,2236
17281,2237
5970,2238
993,2239
19225,2240
10074,2241
13682,2242
22362,2243
21485,2244
17229,2245
24061,2246
23161,2247
10732,2248
11417,2249
23802,2250
1184,2251
5465,2252
18810,2253
1914,2254
18274,2255
19074,2256
8340,2257
6284,2258
14876,2259
6939,2260
20359,2261
9706,2262
18759,2263
10390,2264
13379,2265
11076,2266
577,2267
2818,2268
1296,2269
2014,2270
22087,2271
21232,2272
8910,2273
8915,2274
1524,2275
14171,2276
1905,2277
2627,2278
7899,2279
17307,2280
19882,2281
21482,2282
17602,2283
21308,2284
22735,2285
23856,2286
23593,2287
19664,2288
6774,2289
21285,2290
21030,2291
22139,2292
21878,2293
7699,2294
21108,2295
21109,2296
616,2297
20319,2298
16920,2299
5025,2300
6656,2301
6396,2302
161,2303
7748,2304
8408,2305
15117,2306
5680,2307
15112,2308
14326,2309
3860,2310
24254,2311
3158,2312
10073,2313
19063,2314
22323,2315
23229,2316
2653,2317
23039,2318
8890,2319
19802,2320
23708,2321
22002,2322
21988,2323
11671,2324
21135,2325
18669,2326
18022,2327
12031,2328
14761,2329
6469,2330
10595,2331
17266,2332
2091,2333
19541,2334
4145,2335
22005,2336
5554,2337
4853,2338
13347,2339
14139,2340
14819,2341
15669,2342
15034,2343
15251,2344
18508,2345
2358,2346
18981,2347
2894,2348
17790,2349
6381,2350
6880,2351
1959,2352
12785,2353
20582,2354
2680,2355
5704,2356
13752,2357
20837,2358
13698,2359
22633,2360
1169,2361
6599,2362
12692,2363
21532,2364
1371,2365
11751,2366
3730,2367
9597,2368
11241,2369
8817,2370
9879,2371
9198,2372
10513,2373
17614,2374
22109,2375
14183,2376
14590,2377
2438,2378
19934,2379
1172,2380
16733,2381
4738,2382
14194,2383
18837,2384
13736,2385
8090,2386
13673,2387
2610,2388
2290,2389
12382,2390
5752,2391
20356,2392
23686,2393
20491,2394
13006,2395
6668,2396
7319,2397
19307,2398
1657,2399
18435,2400
15252,2401
19305,2402
3096,2403
13147,2404
755,2405
12927,2406
15464,2407
6614,2408
3172,2409
13732,2410
16968,2411
5881,2412
7389,2413
21547,2414
19343,2415
22978,2416
21530,2417
12071,2418
18287,2419
17779,2420
21476,2421
6816,2422
8615,2423
20777,2424
8075,2425
10548,2426
2513,2427
12885,2428
19073,2429
18273,2430
21475,2431
24037,2432
5922,2433
6641,2434
10149,2435
20376,2436
3353,2437
15178,2438
4437,2439
11365,2440
11595,2441
13291,2442
4943,2443
15041,2444
15798,2445
5130,2446
18220,2447
19116,2448
6976,2449
12129,2450
2642,2451
7135,2452
23484,2453
11432,2454
2210,2455
13768,2456
8758,2457
20759,2458
20111,2459
6616,2460
15693,2461
5258,2462
6029,2463
17526,2464
1201,2465
8572,2466
20345,2467
2641,2468
9261,2469
1204,2470
5089,2471
2897,2472
5800,2473
13352,2474
21033,2475
4909,2476
13684,2477
2806,2478
400,2479
15158,2480
2157,2481
13860,2482
14367,2483
7767,2484
13074,2485
13577,2486
15898,2487
16627,2488
5693,2489
12411,2490
17896,2491
4801,2492
18694,2493
23653,2494
13502,2495
8436,2496
17792,2497
23663,2498
23698,2499
2798,2500
3027,2501
1377,2502
12746,2503
23340,2504
23402,2505
22382,2506
7005,2507
5933,2508
24036,2509
6627,2510
17559,2511
10833,2512
16454,2513
21270,2514
23845,2515
13415,2516
14533,2517
1074,2518
5944,2519
3311,2520
22125,2521
1305,2522
2092,2523
4851,2524
11749,2525
3577,2526
13706,2527
441,2528
5919,2529
6375,2530
12919,2531
2592,2532
6608,2533
19964,2534
23297,2535
8902,2536
16612,2537
19627,2538
11343,2539
12804,2540
16663,2541
18164,2542
15894,2543
5795,2544
6488,2545
19204,2546
6690,2547
18355,2548
16971,2549
15211,2550
3523,2551
6255,2552
3527,2553
17430,2554
16815,2555
6701,2556
12137,2557
22615,2558
15209,2559
10971,2560
9869,2561
9502,2562
11231,2563
10028,2564
3007,2565
1909,2566
10284,2567
11233,2568
18578,2569
5472,2570
10526,2571
17778,2572
2191,2573
23540,2574
3332,2575
17444,2576
23548,2577
15176,2578
2186,2579
8207,2580
15183,2581
18582,2582
6155,2583
9863,2584
15940,2585
10871,2586
16692,2587
9172,2588
9188,2589
6433,2590
4568,2591
15524,2592
14407,2593
14760,2594
5755,2595
6150,2596
5756,2597
6474,2598
8816,2599
8518,2600
7836,2601
23544,2602
16276,2603
9182,2604
1114,2605
11224,2606
10541,2607
4329,2608
18421,2609
11236,2610
2880,2611
13613,2612
4307,2613
2688,2614
1119,2615
10484,2616
8459,2617
23666,2618
4792,2619
22808,2620
5589,2621
7041,2622
7756,2623
9322,2624
1552,2625
21608,2626
10845,2627
21509,2628
23317,2629
9698,2630
14124,2631
9015,2632
7617,2633
12533,2634
13331,2635
8301,2636
8371,2637
15249,2638
16119,2639
142,2640
17580,2641
2479,2642
21574,2643
13919,2644
3766,2645
6597,2646
11388,2647
10703,2648
15520,2649
2630,2650
14112,2651
17776,2652
11733,2653
11679,2654
21203,2655
6169,2656
21480,2657
16834,2658
10804,2659
10120,2660
15469,2661
7309,2662
5125,2663
4419,2664
8593,2665
20765,2666
8795,2667
18294,2668
646,2669
886,2670
18892,2671
18092,2672
18089,2673
16855,2674
10086,2675
14470,2676
23461,2677
2375,2678
23285,2679
9557,2680
6605,2681
2937,2682
8244,2683
23672,2684
1232,2685
15630,2686
20408,2687
16229,2688
23028,2689
12894,2690
15241,2691
16000,2692
18268,2693
24211,2694
8069,2695
7386,2696
14684,2697
954,2698
4332,2699
9862,2700
7817,2701
17432,2702
24244,2703
10105,2704
21589,2705
10976,2706
11223,2707
22622,2708
6612,2709
11159,2710
6400,2711
7078,2712
4566,2713
10781,2714
22431,2715
7510,2716
10476,2717
10237,2718
16716,2719
17957,2720
16973,2721
21435,2722
19663,2723
23851,2724
24199,2725
3919,2726
432,2727
12052,2728
18333,2729
11548,2730
18059,2731
9343,2732
841,2733
13718,2734
6159,2735
2899,2736
19323,2737
21437,2738
4182,2739
14936,2740
14815,2741
17079,2742
19444,2743
23609,2744
20240,2745
12437,2746
4890,2747
20375,2748
5593,2749
16453,2750
13233,2751
21044,2752
15573,2753
13231,2754
20840,2755
19117,2756
21144,2757
18947,2758
14286,2759
4271,2760
22451,2761
13905,2762
18232,2763
9601,2764
9873,2765
5154,2766
3725,2767
10987,2768
11566,2769
6154,2770
788,2771
1512,2772
9921,2773
482,2774
2237,2775
19183,2776
6397,2777
4955,2778
18864,2779
19657,2780
1708,2781
20039,2782
23256,2783
11555,2784
5657,2785
12303,2786
3774,2787
17932,2788
16865,2789
3864,2790
19104,2791
16991,2792
14453,2793
8602,2794
8667,2795
11384,2796
7253,2797
20966,2798
4746,2799
2795,2800
21817,2801
2073,2802
19562,2803
19829,2804
10026,2805
15493,2806
20562,2807
19348,2808
678,2809
15320,2810
4602,2811
24175,2812
23468,2813
8669,2814
16138,2815
7985,2816
1379,2817
9600,2818
10555,2819
7278,2820
4434,2821
13149,2822
20955,2823
6508,2824
8916,2825
802,2826
8215,2827
9244,2828
1522,2829
19269,2830
11325,2831
19941,2832
17734,2833
14276,2834
9998,2835
10037,2836
22924,2837
4912,2838
14061,2839
636,2840
16368,2841
5613,2842
14063,2843
20324,2844
8319,2845
19526,2846
7636,2847
6953,2848
2144,2849
14854,2850
6407,2851
17120,2852
8451,2853
6073,2854
13602,2855
17157,2856
1418,2857
10200,2858
2867,2859
22060,2860
21657,2861
3175,2862
13719,2863
10954,2864
13550,2865
20120,2866
932,2867
13699,2868
10247,2869
907,2870
18555,2871
4994,2872
14677,2873
12721,2874
13512,2875
16569,2876
21630,2877
3200,2878
24138,2879
22710,2880
1879,2881
3744,2882
9287,2883
13019,2884
17631,2885
24073,2886
15494,2887
13022,2888
6541,2889
14646,2890
11349,2891
169,2892
23393,2893
8004,2894
21496,2895
20684,2896
19865,2897
24235,2898
23543,2899
729,2900
17028,2901
5553,2902
20982,2903
7826,2904
5998,2905
7433,2906
6682,2907
17525,2908
9380,2909
10064,2910
24020,2911
21457,2912
20642,2913
13771,2914
22881,2915
2476,2916
22901,2917
11229,2918
1602,2919
4460,2920
23771,2921
876,2922
7927,2923
10272,2924
5446,2925
18642,2926
18003,2927
3454,2928
7662,2929
4869,2930
22166,2931
5572,2932
21311,2933
10894,2934
471,2935
16396,2936
13361,2937
2326,2938
7014,2939
12369,2940
13966,2941
18726,2942
20774,2943
10827,2944
10143,2945
9556,2946
23148,2947
18467,2948
9958,2949
10639,2950
11272,2951
17599,2952
5286,2953
23243,2954
1372,2955
10052,2956
12583,2957
1598,2958
1577,2959
12016,2960
20572,2961
22702,2962
12733,2963
4594,2964
22385,2965
24058,2966
20657,2967
16237,2968
11369,2969
8194,2970
11370,2971
13133,2972
8600,2973
22395,2974
15994,2975
13660,2976
3122,2977
7333,2978
286,2979
1005,2980
11513,2981
22299,2982
20500,2983
408,2984
19701,2985
18896,2986
12671,2987
16060,2988
2511,2989
1869,2990
6593,2991
23300,2992
952,2993
20624,2994
17168,2995
2755,2996
18748,2997
6945,2998
3446,2999
12578,3000
16475,3001
9618,3002
10018,3003
7524,3004
10299,3005
1501,3006
2240,3007
8921,3008
7890,3009
16161,3010
9952,3011
9269,3012
7170,3013
14540,3014
1778,3015
19158,3016
21765,3017
13638,3018
10631,3019
11271,3020
17597,3021
8734,3022
18356,3023
13911,3024
20627,3025
5527,3026
23882,3027
16577,3028
17318,3029
17566,3030
1072,3031
20717,3032
5417,3033
10741,3034
18321,3035
12075,3036
17514,3037
18266,3038
19976,3039
4634,3040
5336,3041
8155,3042
21465,3043
7946,3044
11199,3045
7565,3046
4079,3047
15891,3048
3582,3049
8966,3050
11145,3051
6878,3052
16651,3053
12420,3054
4261,3055
19171,3056
10156,3057
1700,3058
2419,3059
15229,3060
17499,3061
2385,3062
24030,3063
19844,3064
4661,3065
11276,3066
6492,3067
7847,3068
24186,3069
8789,3070
14486,3071
7856,3072
6055,3073
4362,3074
3653,3075
8530,3076
23324,3077
10840,3078
24131,3079
9972,3080
1807,3081
9289,3082
2980,3083
20848,3084
11310,3085
5852,3086
5443,3087
21982,3088
8621,3089
20051,3090
15950,3091
9340,3092
21720,3093
12832,3094
6519,3095
7129,3096
1962,3097
2873,3098
2277,3099
1214,3100
12778,3101
13321,3102
11676,3103
10523,3104
16439,3105
16102,3106
5986,3107
6670,3108
24107,3109
22344,3110
23197,3111
3104,3112
947,3113
21453,3114
12205,3115
7358,3116
9619,3117
1424,3118
11961,3119
21363,3120
16444,3121
16528,3122
15017,3123
20803,3124
1027,3125
24084,3126
3996,3127
14436,3128
21551,3129
14726,3130
22996,3131
1143,3132
22137,3133
21282,3134
13424,3135
6652,3136
3160,3137
3283,3138
12051,3139
8746,3140
11529,3141
16712,3142
12930,3143
2619,3144
19694,3145
4688,3146
22178,3147
21323,3148
19691,3149
4374,3150
9900,3151
12157,3152
3914,3153
13711,3154
4733,3155
15472,3156
6510,3157
2355,3158
15826,3159
24149,3160
6112,3161
5863,3162
18438,3163
20751,3164
17718,3165
19826,3166
3322,3167
2236,3168
8806,3169
792,3170
5792,3171
21187,3172
2313,3173
10294,3174
17449,3175
1212,3176
7191,3177
382,3178
6506,3179
11296,3180
10579,3181
17570,3182
3205,3183
21573,3184
3296,3185
8930,3186
9935,3187
2360,3188
12854,3189
12060,3190
19053,3191
23160,3192
18250,3193
16097,3194
3877,3195
668,3196
5495,3197
10625,3198
11258,3199
3149,3200
8087,3201
20749,3202
23517,3203
14418,3204
6735,3205
15467,3206
16720,3207
1723,3208
9408,3209
4200,3210
16619,3211
2840,3212
10999,3213
3482,3214
22314,3215
10724,3216
17752,3217
18711,3218
13129,3219
16388,3220
4877,3221
22848,3222
1482,3223
456,3224
15242,3225
17512,3226
961,3227
19180,3228
8776,3229
9458,3230
8866,3231
5228,3232
7778,3233
15688,3234
7916,3235
7235,3236
2995,3237
5271,3238
8710,3239
14480,3240
15485,3241
8599,3242
21417,3243
7907,3244
9982,3245
812,3246
23341,3247
21690,3248
22371,3249
5426,3250
8590,3251
14441,3252
370,3253
2325,3254
3107,3255
22548,3256
5844,3257
3048,3258
9335,3259
2321,3260
17750,3261
17140,3262
11542,3263
14875,3264
6971,3265
5794,3266
8412,3267
3564,3268
9094,3269
16055,3270
5340,3271
13100,3272
3099,3273
12883,3274
10949,3275
7731,3276
206,3277
4269,3278
12743,3279
8982,3280
8384,3281
23907,3282
16488,3283
11803,3284
17610,3285
10080,3286
1865,3287
7988,3288
23263,3289
14725,3290
14973,3291
11827,3292
14206,3293
18830,3294
24200,3295
3918,3296
6102,3297
7977,3298
4550,3299
23498,3300
12620,3301
23720,3302
8309,3303
22862,3304
4138,3305
7625,3306
6322,3307
7008,3308
14824,3309
20198,3310
14338,3311
17713,3312
9354,3313
18724,3314
16363,3315
20323,3316
10398,3317
17922,3318
11084,3319
3592,3320
6268,3321
7774,3322
13064,3323
8455,3324
19604,3325
3083,3326
2837,3327
2115,3328
19659,3329
16859,3330
6666,3331
22403,3332
19342,3333
674,3334
8869,3335
4486,3336
6013,3337
13094,3338
951,3339
23191,3340
3312,3341
1668,3342
18641,3343
8624,3344
22942,3345
10961,3346
475,3347
18812,3348
23811,3349
19220,3350
1001,3351
20698,3352
16209,3353
8900,3354
18842,3355
7971,3356
14982,3357
12962,3358
1052,3359
4541,3360
1895,3361
12624,3362
4707,3363
23129,3364
3813,3365
9355,3366
12354,3367
3314,3368
20315,3369
14085,3370
8338,3371
22844,3372
1453,3373
13585,3374
7752,3375
5273,3376
16876,3377
16041,3378
18516,3379
12050,3380
6153,3381
7144,3382
7206,3383
6522,3384
4358,3385
17579,3386
2480,3387
23298,3388
23485,3389
3089,3390
24168,3391
1898,3392
11886,3393
6339,3394
4105,3395
16527,3396
10362,3397
23038,3398
3396,3399
23901,3400
5390,3401
12663,3402
11870,3403
12661,3404
19196,3405
331,3406
23476,3407
23306,3408
14207,3409
15300,3410
10141,3411
2410,3412
22603,3413
2338,3414
1183,3415
22985,3416
4694,3417
14984,3418
11732,3419
7243,3420
371,3421
11376,3422
10691,3423
9991,3424
12998,3425
3878,3426
22369,3427
20761,3428
21461,3429
1089,3430
20651,3431
19853,3432
11410,3433
481,3434
5452,3435
14766,3436
5042,3437
1515,3438
2526,3439
3227,3440
24026,3441
23166,3442
7272,3443
4750,3444
18200,3445
6843,3446
9259,3447
23165,3448
24025,3449
3044,3450
10292,3451
3336,3452
9939,3453
12041,3454
5429,3455
3670,3456
16461,3457
15048,3458
7595,3459
11891,3460
10364,3461
6227,3462
1270,3463
22887,3464
13355,3465
3815,3466
16735,3467
13164,3468
7517,3469
17386,3470
16305,3471
23953,3472
6239,3473
11776,3474
23293,3475
11539,3476
21432,3477
17518,3478
14906,3479
11456,3480
3791,3481
5905,3482
10711,3483
12248,3484
16141,3485
4502,3486
3795,3487
23508,3488
3728,3489
679,3490
1293,3491
11121,3492
22627,3493
5902,3494
6291,3495
8418,3496
22317,3497
8631,3498
20851,3499
18452,3500
20050,3501
1534,3502
17038,3503
10989,3504
9823,3505
8229,3506
7102,3507
3608,3508
1367,3509
19543,3510
17866,3511
4927,3512
20266,3513
18770,3514
19468,3515
17971,3516
21051,3517
8366,3518
15403,3519
6561,3520
22070,3521
20407,3522
8343,3523
14753,3524
12375,3525
6630,3526
960,3527
18378,3528
360,3529
1079,3530
7482,3531
20634,3532
9349,3533
10693,3534
12585,3535
11792,3536
14964,3537
16051,3538
7407,3539
20688,3540
6810,3541
19002,3542
5807,3543
20412,3544
9640,3545
7560,3546
23779,3547
7544,3548
4894,3549
9641,3550
8958,3551
22061,3552
3609,3553
2885,3554
19789,3555
14564,3556
8753,3557
21516,3558
12348,3559
4319,3560
1156,3561
22302,3562
258,3563
19951,3564
18518,3565
23515,3566
20600,3567
10058,3568
8304,3569
18204,3570
19653,3571
22671,3572
9549,3573
15972,3574
14087,3575
17548,3576
23474,3577
7297,3578
2637,3579
7823,3580
17375,3581
10125,3582
10027,3583
4224,3584
5451,3585
14639,3586
1198,3587
2966,3588
4416,3589
20949,3590
19516,3591
3462,3592
4339,3593
16580,3594
11124,3595
12170,3596
2079,3597
17475,3598
18752,3599
5625,3600
4070,3601
21110,3602
21929,3603
4922,3604
21076,3605
20275,3606
2110,3607
22077,3608
21824,3609
1364,3610
14839,3611
644,3612
15599,3613
16353,3614
18819,3615
18020,3616
12374,3617
14106,3618
7637,3619
7771,3620
2657,3621
6481,3622
1820,3623
11390,3624
8919,3625
1211,3626
9272,3627
8203,3628
7896,3629
6509,3630
9303,3631
11356,3632
2974,3633
21885,3634
20454,3635
13547,3636
12756,3637
22246,3638
24216,3639
8766,3640
14504,3641
16231,3642
14337,3643
22631,3644
1648,3645
10756,3646
3738,3647
3324,3648
13322,3649
459,3650
2299,3651
4229,3652
19926,3653
17741,3654
8377,3655
4540,3656
20902,3657
4506,3658
15505,3659
1464,3660
14559,3661
9439,3662
20693,3663
19962,3664
23163,3665
5343,3666
18257,3667
19057,3668
881,3669
8927,3670
1803,3671
15527,3672
16279,3673
10520,3674
7509,3675
18199,3676
13977,3677
18442,3678
24024,3679
23164,3680
22316,3681
21463,3682
4444,3683
15478,3684
3335,3685
16218,3686
11908,3687
1839,3688
3235,3689
3248,3690
3629,3691
5754,3692
6429,3693
23448,3694
17345,3695
15087,3696
23073,3697
14558,3698
1039,3699
22698,3700
22805,3701
8213,3702
17729,3703
9323,3704
3737,3705
10296,3706
11303,3707
18999,3708
7423,3709
5085,3710
5787,3711
8556,3712
5360,3713
7873,3714
12711,3715
4258,3716
4961,3717
9932,3718
17451,3719
3648,3720
12177,3721
16700,3722
14400,3723
3265,3724
13490,3725
22206,3726
20509,3727
12974,3728
10810,3729
21535,3730
23710,3731
23576,3732
10966,3733
20295,3734
16312,3735
9276,3736
21094,3737
20291,3738
22970,3739
11706,3740
20478,3741
9171,3742
9852,3743
701,3744
6334,3745
4958,3746
21894,3747
13385,3748
19177,3749
22747,3750
22092,3751
21042,3752
22946,3753
8080,3754
4696,3755
20433,3756
10265,3757
14147,3758
18029,3759
3053,3760
19785,3761
10354,3762
13469,3763
4685,3764
14260,3765
21335,3766
19699,3767
22493,3768
8493,3769
12099,3770
9559,3771
21004,3772
11932,3773
4476,3774
14482,3775
3830,3776
4538,3777
20660,3778
4560,3779
6708,3780
6024,3781
10232,3782
5226,3783
23030,3784
12656,3785
19685,3786
15348,3787
8721,3788
13681,3789
16207,3790
4467,3791
15476,3792
23892,3793
4300,3794
21194,3795
22894,3796
9387,3797
15369,3798
19910,3799
971,3800
1689,3801
21832,3802
17855,3803
17954,3804
18653,3805
5427,3806
16706,3807
20979,3808
6472,3809
19457,3810
14138,3811
9197,3812
13346,3813
21049,3814
13175,3815
5055,3816
21901,3817
17178,3818
5367,3819
9878,3820
2181,3821
3617,3822
12175,3823
4601,3824
16800,3825
10280,3826
13901,3827
3797,3828
21428,3829
20608,3830
16250,3831
7196,3832
19350,3833
13926,3834
15886,3835
12008,3836
9113,3837
19985,3838
1774,3839
16981,3840
16031,3841
18531,3842
5712,3843
12276,3844
3765,3845
5861,3846
9752,3847
14853,3848
18720,3849
6954,3850
16411,3851
11690,3852
4299,3853
12482,3854
3589,3855
11478,3856
2142,3857
9029,3858
15658,3859
6267,3860
14898,3861
11083,3862
693,3863
10397,3864
16672,3865
10201,3866
17423,3867
11774,3868
11682,3869
4910,3870
15614,3871
4202,3872
14065,3873
9131,3874
13272,3875
11168,3876
6759,3877
9811,3878
4902,3879
23961,3880
5664,3881
10830,3882
362,3883
19758,3884
18923,3885
7706,3886
6645,3887
4629,3888
22412,3889
6119,3890
908,3891
13691,3892
5240,3893
5941,3894
24039,3895
23333,3896
10142,3897
10826,3898
8156,3899
5929,3900
1088,3901
1667,3902
21466,3903
19036,3904
10081,3905
19929,3906
16242,3907
22956,3908
10913,3909
18833,3910
18034,3911
14182,3912
19300,3913
17472,3914
17382,3915
14597,3916
1709,3917
977,3918
19336,3919
15239,3920
4765,3921
23788,3922
17384,3923
23700,3924
20112,3925
19833,3926
3055,3927
16472,3928
6829,3929
11585,3930
6996,3931
13965,3932
3326,3933
22662,3934
6310,3935
2655,3936
20959,3937
10960,3938
7678,3939
17763,3940
16420,3941
23647,3942
22057,3943
17056,3944
499,3945
21722,3946
10462,3947
9787,3948
5690,3949
12968,3950
2485,3951
12933,3952
12317,3953
11413,3954
9414,3955
23280,3956
19334,3957
23927,3958
6802,3959
3063,3960
8053,3961
10238,3962
22430,3963
16988,3964
8441,3965
23994,3966
8003,3967
16964,3968
6149,3969
742,3970
7306,3971
18723,3972
20259,3973
14913,3974
21061,3975
11787,3976
14850,3977
7674,3978
17881,3979
6992,3980
16369,3981
17121,3982
15162,3983
15919,3984
20260,3985
23798,3986
20956,3987
12274,3988
16669,3989
11716,3990
3749,3991
10016,3992
9688,3993
1195,3994
19376,3995
9001,3996
18565,3997
22053,3998
13249,3999
9590,4000
16419,4001
14038,4002
23766,4003
10702,4004
20184,4005
17171,4006
21199,4007
14795,4008
14006,4009
20534,4010
13163,4011
21201,4012
21827,4013
15663,4014
23648,4015
1222,4016
501,4017
15514,4018
11731,4019
11680,4020
23765,4021
17997,4022
22723,4023
8256,4024
18928,4025
17060,4026
18130,4027
11323,4028
16851,4029
10092,4030
10776,4031
16206,4032
21446,4033
9483,4034
13294,4035
13645,4036
3734,4037
12208,4038
10778,4039
288,4040
1007,4041
1696,4042
12499,4043
4167,4044
5601,4045
23422,4046
2289,4047
282,4048
15256,4049
8186,4050
21274,4051
14692,4052
10053,4053
3810,4054
20641,4055
14546,4056
15372,4057
9450,4058
17785,4059
7097,4060
18316,4061
24056,4062
23196,4063
22310,4064
13649,4065
3102,4066
12161,4067
23401,4068
19134,4069
13186,4070
11761,4071
14022,4072
7883,4073
3930,4074
16029,4075
21006,4076
23946,4077
4721,4078
4453,4079
21324,4080
19647,4081
2581,4082
21259,4083
22114,4084
12591,4085
522,4086
4086,4087
15122,4088
17791,4089
19763,4090
20190,4091
18956,4092
10192,4093
7801,4094
8482,4095
1423,4096
7371,4097
18308,4098
13099,4099
1661,4100
10492,4101
6060,4102
12039,4103
14411,4104
1443,4105
12198,4106
2460,4107
23310,4108
13112,4109
7987,4110
4039,4111
17527,4112
15997,4113
15238,4114
18610,4115
22722,4116
17329,4117
23221,4118
16764,4119
23726,4120
8896,4121
10012,4122
21162,4123
6937,4124
14024,4125
10008,4126
4723,4127
7621,4128
17454,4129
5828,4130
18753,4131
22845,4132
23633,4133
23703,4134
1320,4135
5655,4136
22758,4137
655,4138
5557,4139
22877,4140
1944,4141
18704,4142
601,4143
23616,4144
23735,4145
4834,4146
23693,4147
4953,4148
12370,4149
10480,4150
1970,4151
12732,4152
18978,4153
6454,4154
5723,4155
13884,4156
18132,4157
18933,4158
14297,4159
21639,4160
4605,4161
23267,4162
17803,4163
2599,4164
3073,4165
8038,4166
24102,4167
18544,4168
2923,4169
18501,4170
22304,4171
741,4172
6428,4173
19201,4174
1759,4175
14466,4176
19310,4177
938,4178
10277,4179
2910,4180
18125,4181
20895,4182
14300,4183
11929,4184
17319,4185
22485,4186
5317,4187
21564,4188
2603,4189
4451,4190
13049,4191
7962,4192
13372,4193
23522,4194
12366,4195
17777,4196
6830,4197
22829,4198
16254,4199
11586,4200
21977,4201
13954,4202
22789,4203
19600,4204
12981,4205
7368,4206
18299,4207
15248,4208
22869,4209
4722,4210
10006,4211
9578,4212
16158,4213
22272,4214
2295,4215
5836,4216
765,4217
15322,4218
7375,4219
18352,4220
13125,4221
5898,4222
6583,4223
11377,4224
7571,4225
14155,4226
12557,4227
21877,4228
2002,4229
14807,4230
22252,4231
7398,4232
16786,4233
9566,4234
3742,4235
14119,4236
3511,4237
21069,4238
8370,4239
20268,4240
18023,4241
19470,4242
18822,4243
13165,4244
13258,4245
2081,4246
4324,4247
12156,4248
2503,4249
22432,4250
6160,4251
14710,4252
5895,4253
8487,4254
9507,4255
9851,4256
23299,4257
20119,4258
2370,4259
884,4260
23408,4261
7963,4262
8647,4263
3726,4264
20147,4265
10286,4266
9267,4267
11464,4268
19012,4269
18213,4270
18450,4271
3051,4272
2328,4273
8623,4274
8208,4275
20599,4276
1197,4277
801,4278
6836,4279
7215,4280
9616,4281
2223,4282
10298,4283
8551,4284
4028,4285
2235,4286
3323,4287
9923,4288
6737,4289
2945,4290
8547,4291
20950,4292
1516,4293
8576,4294
1921,4295
15946,4296
19352,4297
5088,4298
23512,4299
9275,4300
3234,4301
10638,4302
1520,4303
1489,4304
16094,4305
1731,4306
13728,4307
21761,4308
15971,4309
10283,4310
3678,4311
18776,4312
6215,4313
22797,4314
8267,4315
18715,4316
14349,4317
22481,4318
5318,4319
10985,4320
4369,4321
5457,4322
10612,4323
20313,4324
6582,4325
1565,4326
13167,4327
17773,4328
3643,4329
11250,4330
9954,4331
7489,4332
4469,4333
12103,4334
24066,4335
21500,4336
22336,4337
13004,4338
3165,4339
5282,4340
13887,4341
23170,4342
2036,4343
21994,4344
21919,4345
14961,4346
24068,4347
12078,4348
19380,4349
10543,4350
16274,4351
12383,4352
6466,4353
9704,4354
8505,4355
23782,4356
20659,4357
21620,4358
1790,4359
3925,4360
3133,4361
4535,4362
19548,4363
20343,4364
1961,4365
17983,4366
4156,4367
19545,4368
4864,4369
18021,4370
5565,4371
18820,4372
22673,4373
19463,4374
14137,4375
3990,4376
9378,4377
12083,4378
14744,4379
4342,4380
11519,4381
13643,4382
9179,4383
11332,4384
1093,4385
9213,4386
9965,4387
11210,4388
9493,4389
709,4390
11256,4391
2879,4392
8127,4393
5013,4394
1431,4395
18590,4396
13857,4397
13583,4398
4302,4399
7083,4400
4893,4401
3580,4402
16480,4403
10270,4404
2949,4405
9218,4406
12952,4407
1779,4408
24146,4409
8169,4410
1636,4411
20131,4412
10611,4413
4194,4414
16759,4415
19359,4416
1886,4417
10254,4418
2608,4419
21419,4420
3328,4421
2607,4422
2975,4423
6122,4424
11334,4425
9570,4426
1579,4427
23417,4428
3022,4429
6808,4430
10940,4431
7247,4432
3717,4433
5129,4434
5830,4435
8889,4436
10010,4437
21707,4438
20603,4439
3716,4440
2274,4441
13017,4442
10252,4443
860,4444
10253,4445
15953,4446
1174,4447
10939,4448
8616,4449
22571,4450
1528,4451
2252,4452
6807,4453
17457,4454
20053,4455
7249,4456
6565,4457
5770,4458
12226,4459
9571,4460
3024,4461
1173,4462
1582,4463
20602,4464
1553,4465
15361,4466
23392,4467
12884,4468
13664,4469
22357,4470
12384,4471
9190,4472
13178,4473
3430,4474
659,4475
4846,4476
16445,4477
17092,4478
963,4479
21635,4480
1053,4481
334,4482
1692,4483
18579,4484
15938,4485
10750,4486
5237,4487
15984,4488
22307,4489
19048,4490
24205,4491
22541,4492
15186,4493
6744,4494
17445,4495
16694,4496
2298,4497
7932,4498
12264,4499
6564,4500
7248,4501
832,4502
16867,4503
11382,4504
13056,4505
15197,4506
15954,4507
9306,4508
6655,4509
19235,4510
22384,4511
18430,4512
20739,4513
15234,4514
2822,4515
13849,4516
10011,4517
9328,4518
6548,4519
10070,4520
14609,4521
23238,4522
12069,4523
3126,4524
12379,4525
13968,4526
19378,4527
9200,4528
7501,4529
2187,4530
2546,4531
2913,4532
8815,4533
3636,4534
4346,4535
11191,4536
23361,4537
19864,4538
12166,4539
10819,4540
6012,4541
24101,4542
16748,4543
15990,4544
5932,4545
3820,4546
945,4547
20783,4548
1776,4549
5645,4550
2742,4551
23731,4552
3136,4553
18761,4554
17402,4555
18178,4556
7056,4557
16090,4558
300,4559
21601,4560
15460,4561
7961,4562
4021,4563
23900,4564
3977,4565
21322,4566
22177,4567
13454,4568
12964,4569
1050,4570
9321,4571
7910,4572
18368,4573
9477,4574
21590,4575
2425,4576
18290,4577
7340,4578
159,4579
4464,4580
1387,4581
10719,4582
8611,4583
13951,4584
11113,4585
4160,4586
18882,4587
6831,4588
6146,4589
9059,4590
5574,4591
7660,4592
4163,4593
6292,4594
10650,4595
21664,4596
1733,4597
13709,4598
15474,4599
1633,4600
17004,4601
17447,4602
9489,4603
7194,4604
7874,4605
10233,4606
13641,4607
20704,4608
12596,4609
15351,4610
10764,4611
18334,4612
2586,4613
8672,4614
22638,4615
14190,4616
2381,4617
13751,4618
3202,4619
17980,4620
7254,4621
21814,4622
11577,4623
19530,4624
17025,4625
13158,4626
5471,4627
6145,4628
17927,4629
7938,4630
18576,4631
13173,4632
19531,4633
14524,4634
24072,4635
8024,4636
155,4637
13702,4638
22632,4639
13487,4640
16771,4641
10953,4642
22969,4643
15456,4644
903,4645
17235,4646
13762,4647
8763,4648
1866,4649
16724,4650
22407,4651
12341,4652
12601,4653
22285,4654
15386,4655
2367,4656
12026,4657
22614,4658
20628,4659
17505,4660
14530,4661
3931,4662
986,4663
22350,4664
21458,4665
3103,4666
15218,4667
23491,4668
7914,4669
15487,4670
3000,4671
16794,4672
1919,4673
21771,4674
6452,4675
5906,4676
5345,4677
7984,4678
2814,4679
18650,4680
2093,4681
20251,4682
14929,4683
19454,4684
15689,4685
11655,4686
23064,4687
9521,4688
23926,4689
21347,4690
12687,4691
24231,4692
5298,4693
14713,4694
900,4695
14493,4696
17851,4697
10718,4698
7664,4699
8239,4700
21107,4701
9595,4702
5054,4703
14109,4704
7632,4705
13599,4706
23904,4707
23035,4708
4561,4709
3215,4710
20695,4711
18507,4712
16737,4713
17196,4714
16071,4715
10820,4716
20729,4717
23525,4718
7775,4719
10885,4720
6413,4721
5721,4722
698,4723
1420,4724
7754,4725
12956,4726
22542,4727
13903,4728
4445,4729
11465,4730
20047,4731
887,4732
1607,4733
10704,4734
491,4735
22550,4736
2227,4737
13156,4738
5780,4739
13687,4740
8232,4741
16345,4742
8375,4743
8918,4744
9273,4745
10968,4746
798,4747
23210,4748
21784,4749
14154,4750
10983,4751
12833,4752
2539,4753
15187,4754
8554,4755
2929,4756
13748,4757
20036,4758
22428,4759
11569,4760
4003,4761
3072,4762
22368,4763
9574,4764
21418,4765
7181,4766
1478,4767
19172,4768
367,4769
12110,4770
1901,4771
7861,4772
4008,4773
11426,4774
16731,4775
17169,4776
21936,4777
20322,4778
6955,4779
19524,4780
6269,4781
13276,4782
697,4783
1419,4784
21908,4785
4931,4786
1312,4787
22085,4788
4859,4789
19628,4790
4050,4791
11477,4792
5717,4793
1549,4794
13015,4795
1710,4796
12097,4797
6139,4798
840,4799
19579,4800
7176,4801
2784,4802
11031,4803
9660,4804
14153,4805
6212,4806
11090,4807
21973,4808
602,4809
13312,4810
15569,4811
12625,4812
8854,4813
14210,4814
21271,4815
15741,4816
13757,4817
3568,4818
12173,4819
1761,4820
13731,4821
23465,4822
885,4823
18953,4824
4354,4825
4923,4826
17407,4827
12362,4828
781,4829
16918,4830
10607,4831
11292,4832
763,4833
14538,4834
19240,4835
17540,4836
6800,4837
912,4838
4428,4839
3070,4840
4317,4841
3607,4842
18985,4843
13001,4844
10094,4845
14472,4846
980,4847
23506,4848
2160,4849
1177,4850
4250,4851
9149,4852
16927,4853
11483,4854
13863,4855
6401,4856
11160,4857
20569,4858
19406,4859
15823,4860
12150,4861
7400,4862
2422,4863
9576,4864
15912,4865
9803,4866
23120,4867
22711,4868
20474,4869
22221,4870
17390,4871
11983,4872
23067,4873
11881,4874
11048,4875
23023,4876
6912,4877
15011,4878
23589,4879
13436,4880
3516,4881
19228,4882
17628,4883
23233,4884
1237,4885
12492,4886
14709,4887
23992,4888
11453,4889
22286,4890
14170,4891
6569,4892
8580,4893
9633,4894
5036,4895
19987,4896
3197,4897
20705,4898
1868,4899
23504,4900
7164,4901
15980,4902
2497,4903
14498,4904
3316,4905
439,4906
5879,4907
12801,4908
19247,4909
5178,4910
15636,4911
12792,4912
8598,4913
643,4914
21075,4915
23792,4916
11206,4917
4993,4918
5896,4919
7252,4920
1588,4921
13961,4922
7267,4923
9324,4924
5435,4925
9250,4926
4454,4927
11782,4928
20975,4929
21125,4930
11871,4931
3153,4932
3920,4933
24126,4934
16994,4935
18037,4936
2587,4937
4499,4938
18146,4939
13532,4940
15061,4941
24203,4942
22543,4943
5502,4944
10301,4945
7183,4946
9809,4947
1368,4948
20191,4949
3257,4950
6385,4951
9129,4952
6847,4953
17898,4954
4990,4955
18696,4956
21941,4957
20555,4958
5077,4959
4047,4960
1496,4961
6051,4962
4368,4963
3660,4964
3729,4965
20148,4966
19551,4967
16155,4968
18203,4969
18459,4970
10660,4971
5823,4972
5101,4973
22690,4974
11701,4975
19958,4976
478,4977
13111,4978
5910,4979
6465,4980
8117,4981
10553,4982
9874,4983
5039,4984
16862,4985
7107,4986
7785,4987
17424,4988
12980,4989
3887,4990
22381,4991
16244,4992
6423,4993
5948,4994
19876,4995
15995,4996
5233,4997
16082,4998
9434,4999
8752,5000
3294,5001
5216,5002
11447,5003
4899,5004
8679,5005
5849,5006
12186,5007
8051,5008
6002,5009
1748,5010
19120,5011
5602,5012
2048,5013
4191,5014
9291,5015
22570,5016
10658,5017
1535,5018
10994,5019
21962,5020
4173,5021
5821,5022
16280,5023
3483,5024
5802,5025
9626,5026
4190,5027
614,5028
9117,5029
11140,5030
12523,5031
12474,5032
3600,5033
22215,5034
19218,5035
10780,5036
14496,5037
2597,5038
3750,5039
18449,5040
1615,5041
869,5042
16342,5043
2625,5044
12454,5045
14952,5046
15711,5047
14751,5048
8288,5049
14759,5050
18566,5051
17761,5052
17011,5053
18727,5054
8313,5055
2825,5056
8361,5057
7630,5058
2103,5059
13999,5060
19362,5061
1589,5062
10370,5063
6924,5064
12568,5065
20212,5066
14159,5067
16301,5068
20157,5069
13575,5070
14365,5071
3569,5072
16842,5073
5995,5074
19163,5075
13110,5076
5170,5077
19200,5078
10131,5079
20723,5080
22644,5081
15739,5082
7478,5083
10056,5084
20225,5085
18863,5086
8145,5087
23864,5088
21290,5089
22993,5090
14551,5091
1047,5092
16956,5093
913,5094
11404,5095
6560,5096
18040,5097
10431,5098
15978,5099
15512,5100
6854,5101
18560,5102
8907,5103
18562,5104
20161,5105
12697,5106
23050,5107
17988,5108
928,5109
19147,5110
1877,5111
9365,5112
8352,5113
4598,5114
24143,5115
16253,5116
4718,5117
9370,5118
9926,5119
383,5120
5078,5121
5781,5122
11265,5123
10915,5124
18260,5125
8534,5126
18400,5127
1042,5128
21595,5129
18513,5130
936,5131
15171,5132
12200,5133
7727,5134
9745,5135
11103,5136
9063,5137
6280,5138
4238,5139
4112,5140
3404,5141
20482,5142
21310,5143
15316,5144
4604,5145
14117,5146
11937,5147
14309,5148
13509,5149
24248,5150
5988,5151
23287,5152
8167,5153
5164,5154
1390,5155
18967,5156
19796,5157
14537,5158
8771,5159
12936,5160
4037,5161
3627,5162
15461,5163
3796,5164
4413,5165
12497,5166
21078,5167
23695,5168
21931,5169
22785,5170
17939,5171
18737,5172
23643,5173
18729,5174
18676,5175
16418,5176
22790,5177
5726,5178
2557,5179
10495,5180
15906,5181
19401,5182
16611,5183
19400,5184
6358,5185
19399,5186
15106,5187
7655,5188
23680,5189
18359,5190
16216,5191
10043,5192
12946,5193
5339,5194
1166,5195
3762,5196
20741,5197
4736,5198
9797,5199
12277,5200
13586,5201
14376,5202
18447,5203
5175,5204
18712,5205
17158,5206
4593,5207
14469,5208
16998,5209
714,5210
20101,5211
23152,5212
22119,5213
10221,5214
23838,5215
18045,5216
19635,5217
19496,5218
1282,5219
4828,5220
9742,5221
18623,5222
562,5223
17822,5224
22031,5225
19426,5226
1281,5227
2721,5228
18628,5229
22733,5230
18052,5231
18622,5232
22883,5233
20584,5234
16684,5235
20687,5236
20109,5237
5212,5238
16135,5239
8675,5240
4935,5241
6835,5242
8517,5243
19101,5244
17706,5245
13940,5246
7995,5247
19762,5248
19923,5249
7499,5250
19668,5251
1712,5252
3131,5253
20656,5254
5224,5255
7313,5256
22306,5257
16084,5258
5294,5259
4592,5260
18584,5261
5018,5262
22389,5263
13657,5264
14448,5265
5923,5266
5222,5267
21452,5268
12180,5269
7372,5270
5255,5271
17035,5272
570,5273
23757,5274
10349,5275
10991,5276
23678,5277
20286,5278
9807,5279
21267,5280
23841,5281
23809,5282
19980,5283
349,5284
16200,5285
12889,5286
11552,5287
17474,5288
22122,5289
3756,5290
14947,5291
22913,5292
5211,5293
18757,5294
2021,5295
22860,5296
3433,5297
21168,5298
15586,5299
6579,5300
8931,5301
10680,5302
14084,5303
16744,5304
15986,5305
20981,5306
17446,5307
3823,5308
23349,5309
21685,5310
8767,5311
21528,5312
20980,5313
733,5314
16745,5315
21831,5316
1459,5317
17498,5318
22736,5319
23869,5320
2270,5321
806,5322
15574,5323
15725,5324
21898,5325
11794,5326
22752,5327
16482,5328
2988,5329
21215,5330
5479,5331
1229,5332
10310,5333
1227,5334
3481,5335
1952,5336
11698,5337
23145,5338
16288,5339
11996,5340
11260,5341
20770,5342
4926,5343
22774,5344
5138,5345
5607,5346
6961,5347
13510,5348
22419,5349
21780,5350
15796,5351
4929,5352
20753,5353
22656,5354
7889,5355
8103,5356
6525,5357
7209,5358
5066,5359
21612,5360
13910,5361
12046,5362
21123,5363
12475,5364
3494,5365
595,5366
13326,5367
2752,5368
14169,5369
2031,5370
14962,5371
1931,5372
14070,5373
4201,5374
12484,5375
4301,5376
13277,5377
3591,5378
15413,5379
5012,5380
11772,5381
1797,5382
2983,5383
4223,5384
10295,5385
3340,5386
9247,5387
17859,5388
6515,5389
10173,5390
9929,5391
5455,5392
2952,5393
5359,5394
2230,5395
9934,5396
9216,5397
19971,5398
6030,5399
13710,5400
16226,5401
5887,5402
19625,5403
19210,5404
2466,5405
19156,5406
19331,5407
14341,5408
12325,5409
9376,5410
22584,5411
13551,5412
12761,5413
4542,5414
14454,5415
17516,5416
13180,5417
6814,5418
14763,5419
11225,5420
2551,5421
6457,5422
3023,5423
19258,5424
2300,5425
22329,5426
20985,5427
11214,5428
1580,5429
7231,5430
16115,5431
6453,5432
2332,5433
12368,5434
8911,5435
474,5436
18725,5437
13266,5438
22906,5439
13956,5440
14768,5441
17928,5442
18678,5443
14158,5444
20328,5445
14059,5446
23764,5447
12421,5448
11627,5449
16309,5450
14301,5451
23086,5452
19418,5453
23082,5454
7514,5455
19417,5456
14794,5457
23088,5458
14005,5459
23949,5460
18614,5461
18135,5462
2090,5463
18743,5464
4777,5465
23674,5466
19890,5467
3995,5468
21797,5469
1468,5470
940,5471
12241,5472
5215,5473
5916,5474
2314,5475
3037,5476
3030,5477
15311,5478
19238,5479
3199,5480
2412,5481
19078,5482
19064,5483
6823,5484
14722,5485
7237,5486
15486,5487
9995,5488
3701,5489
10944,5490
20468,5491
5649,5492
21843,5493
22695,5494
2787,5495
18832,5496
23356,5497
6693,5498
16203,5499
9372,5500
981,5501
8181,5502
11824,5503
10616,5504
11301,5505
7169,5506
24201,5507
1064,5508
12121,5509
6825,5510
12040,5511
8873,5512
17467,5513
23208,5514
23180,5515
22474,5516
6023,5517
6707,5518
8863,5519
18259,5520
15538,5521
23114,5522
16539,5523
23046,5524
20767,5525
368,5526
20694,5527
8904,5528
3015,5529
13096,5530
4491,5531
15189,5532
8106,5533
7879,5534
8562,5535
1488,5536
12995,5537
8735,5538
24152,5539
1159,5540
8660,5541
16113,5542
271,5543
21537,5544
4012,5545
18027,5546
483,5547
24059,5548
8336,5549
5644,5550
10682,5551
829,5552
13808,5553
2433,5554
22411,5555
13132,5556
9314,5557
10774,5558
13095,5559
1674,5560
21760,5561
16732,5562
5656,5563
9359,5564
11463,5565
8645,5566
5636,5567
13972,5568
21835,5569
11222,5570
9872,5571
11593,5572
6460,5573
1828,5574
8503,5575
7822,5576
2169,5577
18411,5578
15596,5579
17201,5580
8582,5581
14007,5582
22050,5583
15511,5584
16470,5585
15244,5586
24047,5587
14585,5588
284,5589
1003,5590
8153,5591
22321,5592
6884,5593
4186,5594
21497,5595
19885,5596
2402,5597
8996,5598
9679,5599
17026,5600
8508,5601
13177,5602
2179,5603
8818,5604
2902,5605
8512,5606
7115,5607
23022,5608
13176,5609
20016,5610
1720,5611
2443,5612
11240,5613
24096,5614
19870,5615
19075,5616
1664,5617
946,5618
19050,5619
13792,5620
3168,5621
1389,5622
20989,5623
14594,5624
5979,5625
13730,5626
13109,5627
17485,5628
3085,5629
20942,5630
1474,5631
1107,5632
754,5633
11254,5634
2166,5635
987,5636
7396,5637
2411,5638
5405,5639
4509,5640
12307,5641
2342,5642
12869,5643
24040,5644
21619,5645
1076,5646
357,5647
7473,5648
20652,5649
4531,5650
20801,5651
10119,5652
10803,5653
7474,5654
18261,5655
13121,5656
5198,5657
16016,5658
20988,5659
21102,5660
23224,5661
19308,5662
23147,5663
12242,5664
18239,5665
8962,5666
21210,5667
11275,5668
8111,5669
6491,5670
2672,5671
15152,5672
516,5673
9118,5674
11012,5675
7082,5676
7149,5677
6431,5678
12220,5679
6663,5680
20757,5681
2634,5682
15184,5683
3250,5684
7881,5685
5357,5686
9258,5687
9941,5688
2205,5689
21614,5690
9468,5691
23291,5692
5412,5693
11428,5694
13224,5695
16507,5696
3657,5697
5778,5698
6483,5699
15652,5700
21493,5701
17808,5702
11726,5703
22713,5704
12339,5705
10407,5706
13309,5707
19337,5708
12999,5709
5990,5710
15263,5711
5814,5712
3003,5713
20061,5714
1560,5715
18608,5716
23761,5717
12073,5718
21120,5719
14723,5720
9997,5721
22566,5722
13648,5723
21455,5724
16374,5725
14105,5726
6957,5727
15651,5728
15217,5729
5335,5730
4633,5731
6784,5732
19854,5733
5342,5734
1441,5735
22501,5736
3894,5737
16037,5738
8211,5739
11216,5740
21774,5741
5897,5742
397,5743
9857,5744
10835,5745
23242,5746
4220,5747
17760,5748
11278,5749
494,5750
9234,5751
4318,5752
7443,5753
9825,5754
9144,5755
1421,5756
2428,5757
8780,5758
19106,5759
20716,5760
23967,5761
20529,5762
20019,5763
3871,5764
20720,5765
17716,5766
6613,5767
2640,5768
7886,5769
13467,5770
23353,5771
9448,5772
20114,5773
16043,5774
6596,5775
4730,5776
22193,5777
3491,5778
8322,5779
8431,5780
2948,5781
2226,5782
5070,5783
16829,5784
3183,5785
17541,5786
5420,5787
20612,5788
17828,5789
14995,5790
749,5791
720,5792
18404,5793
1033,5794
16010,5795
20145,5796
5060,5797
18503,5798
19838,5799
20947,5800
23973,5801
16260,5802
11284,5803
1103,5804
9237,5805
9919,5806
9215,5807
19970,5808
13105,5809
2373,5810
20354,5811
13363,5812
10346,5813
6005,5814
3689,5815
20351,5816
8923,5817
2238,5818
21857,5819
20538,5820
10506,5821
18387,5822
1781,5823
13717,5824
7530,5825
12822,5826
17723,5827
18222,5828
15893,5829
12776,5830
5679,5831
3560,5832
10439,5833
2430,5834
3212,5835
4214,5836
9516,5837
18180,5838
695,5839
11484,5840
2849,5841
23123,5842
21012,5843
18980,5844
13566,5845
20194,5846
21097,5847
21948,5848
5497,5849
21950,5850
21942,5851
4976,5852
18673,5853
22930,5854
22738,5855
21275,5856
16020,5857
12864,5858
2405,5859
13967,5860
5235,5861
7838,5862
21829,5863
9883,5864
12188,5865
6683,5866
5999,5867
22681,5868
1467,5869
24103,5870
12063,5871
21052,5872
657,5873
22757,5874
22875,5875
21904,5876
22022,5877
12451,5878
12857,5879
22327,5880
2394,5881
24015,5882
21649,5883
10124,5884
19592,5885
9662,5886
8540,5887
3244,5888
3654,5889
4781,5890
6188,5891
17414,5892
13593,5893
8243,5894
9801,5895
21409,5896
11989,5897
13012,5898
5980,5899
6633,5900
12310,5901
5158,5902
21847,5903
4184,5904
19364,5905
23786,5906
24155,5907
16976,5908
23133,5909
8191,5910
3668,5911
8428,5912
9968,5913
5349,5914
10592,5915
9285,5916
1490,5917
2685,5918
6181,5919
18966,5920
19610,5921
5967,5922
529,5923
15129,5924
13871,5925
16636,5926
17387,5927
1963,5928
23982,5929
21726,5930
8039,5931
18455,5932
9336,5933
16633,5934
9573,5935
15791,5936
16949,5937
23051,5938
19707,5939
21330,5940
5529,5941
3412,5942
21300,5943
19421,5944
14940,5945
21875,5946
22727,5947
7018,5948
10206,5949
17276,5950
18074,5951
16821,5952
4120,5953
11855,5954
3907,5955
7503,5956
22046,5957
7921,5958
8604,5959
2218,5960
815,5961
503,5962
21963,5963
5583,5964
14893,5965
8325,5966
21392,5967
12984,5968
1744,5969
22422,5970
7493,5971
19046,5972
4974,5973
15868,5974
1123,5975
5677,5976
3559,5977
13495,5978
4965,5979
17717,5980
5202,5981
11282,5982
9219,5983
17571,5984
4619,5985
13700,5986
1191,5987
776,5988
10860,5989
11118,5990
14526,5991
6034,5992
16799,5993
8891,5994
10004,5995
9920,5996
9238,5997
9901,5998
15308,5999
1065,6000
12906,6001
9563,6002
5174,6003
1190,6004
3659,6005
17151,6006
10414,6007
5604,6008
12627,6009
20778,6010
1069,6011
5252,6012
10921,6013
3780,6014
4394,6015
1964,6016
21196,6017
4794,6018
3378,6019
10334,6020
4089,6021
22903,6022
14803,6023
19594,6024
6197,6025
17217,6026
16315,6027
530,6028
16465,6029
12425,6030
20394,6031
22049,6032
9151,6033
9520,6034
13590,6035
14380,6036
12162,6037
15418,6038
15157,6039
15914,6040
15127,6041
3910,6042
15554,6043
21371,6044
6763,6045
22226,6046
19930,6047
21791,6048
18898,6049
20202,6050
12724,6051
12419,6052
18131,6053
8596,6054
16852,6055
285,6056
22390,6057
6121,6058
8894,6059
19007,6060
9381,6061
23727,6062
3423,6063
18762,6064
4421,6065
19407,6066
20605,6067
7347,6068
5943,6069
11518,6070
3080,6071
6867,6072
15900,6073
13072,6074
17403,6075
11999,6076
23981,6077
5266,6078
347,6079
14507,6080
8212,6081
6448,6082
11429,6083
4203,6084
5561,6085
651,6086
4860,6087
15719,6088
4152,6089
22082,6090
8221,6091
22498,6092
1046,6093
14464,6094
13106,6095
909,6096
5703,6097
4999,6098
8413,6099
22497,6100
6008,6101
19956,6102
14701,6103
3062,6104
4616,6105
4755,6106
7872,6107
10980,6108
2231,6109
19909,6110
22854,6111
5454,6112
6511,6113
2537,6114
8559,6115
7876,6116
11264,6117
15309,6118
21115,6119
15627,6120
21415,6121
18470,6122
9822,6123
10497,6124
2869,6125
14525,6126
7408,6127
13081,6128
18955,6129
6750,6130
18195,6131
18995,6132
7787,6133
16064,6134
17640,6135
16784,6136
1713,6137
12931,6138
23473,6139
8922,6140
14430,6141
17443,6142
7435,6143
17442,6144
6461,6145
13609,6146
17811,6147
22238,6148
12434,6149
14200,6150
994,6151
19096,6152
6833,6153
21753,6154
4507,6155
7160,6156
390,6157
8522,6158
2914,6159
9839,6160
17177,6161
22717,6162
2065,6163
1343,6164
20523,6165
404,6166
21356,6167
22211,6168
4256,6169
4626,6170
23262,6171
20935,6172
18834,6173
3279,6174
1154,6175
3792,6176
12600,6177
11807,6178
14179,6179
24223,6180
2483,6181
21588,6182
4751,6183
13616,6184
16409,6185
8323,6186
17161,6187
15198,6188
9990,6189
4559,6190
13162,6191
23787,6192
11374,6193
849,6194
830,6195
23321,6196
8093,6197
17547,6198
22459,6199
21506,6200
17624,6201
151,6202
3052,6203
7940,6204
20165,6205
14752,6206
11572,6207
4743,6208
4057,6209
12378,6210
20329,6211
10720,6212
7608,6213
9006,6214
12458,6215
17880,6216
16343,6217
7604,6218
21200,6219
18795,6220
7542,6221
9002,6222
14157,6223
18567,6224
17996,6225
17062,6226
15557,6227
16310,6228
23081,6229
19732,6230
11628,6231
23945,6232
1838,6233
20533,6234
18124,6235
15816,6236
13365,6237
17059,6238
13213,6239
19735,6240
11508,6241
20536,6242
16306,6243
19738,6244
15556,6245
18126,6246
7452,6247
18927,6248
19733,6249
12713,6250
21688,6251
10935,6252
5868,6253
12901,6254
13130,6255
13482,6256
11850,6257
14989,6258
14572,6259
3173,6260
3842,6261
20938,6262
21293,6263
13097,6264
23137,6265
2215,6266
8241,6267
9634,6268
19512,6269
11700,6270
6167,6271
15890,6272
16640,6273
17377,6274
14435,6275
9810,6276
14093,6277
15626,6278
14883,6279
20226,6280
19429,6281
11833,6282
10932,6283
16714,6284
18298,6285
19304,6286
19839,6287
17746,6288
20593,6289
5858,6290
1605,6291
12387,6292
4770,6293
6446,6294
11215,6295
7970,6296
17924,6297
8317,6298
18722,6299
9714,6300
7091,6301
7634,6302
7769,6303
14653,6304
9812,6305
14941,6306
4121,6307
4900,6308
19425,6309
23740,6310
6623,6311
875,6312
11401,6313
4432,6314
18376,6315
7397,6316
9463,6317
17418,6318
21969,6319
23607,6320
5576,6321
6977,6322
11646,6323
14025,6324
11795,6325
843,6326
15328,6327
1029,6328
13688,6329
5650,6330
3125,6331
2404,6332
4525,6333
732,6334
8115,6335
5048,6336
4337,6337
18191,6338
16063,6339
7387,6340
12141,6341
16215,6342
20631,6343
1671,6344
21444,6345
5041,6346
3622,6347
7113,6348
12275,6349
12014,6350
12806,6351
16634,6352
9519,6353
16664,6354
9124,6355
20570,6356
5376,6357
12807,6358
12015,6359
15128,6360
23565,6361
17326,6362
12181,6363
12403,6364
15072,6365
4597,6366
5955,6367
4725,6368
3719,6369
2464,6370
20339,6371
21011,6372
1349,6373
15541,6374
2064,6375
5590,6376
6341,6377
22601,6378
7025,6379
16565,6380
12795,6381
16175,6382
2128,6383
14373,6384
17871,6385
18740,6386
22780,6387
23638,6388
20422,6389
19623,6390
13960,6391
22209,6392
8410,6393
21864,6394
21946,6395
813,6396
10990,6397
14081,6398
5244,6399
8886,6400
1567,6401
2209,6402
16830,6403
8759,6404
13715,6405
13918,6406
10746,6407
11605,6408
16463,6409
22920,6410
16796,6411
11564,6412
20912,6413
9270,6414
10747,6415
7357,6416
4443,6417
18539,6418
16471,6419
13815,6420
139,6421
20963,6422
21815,6423
8040,6424
19121,6425
18320,6426
17964,6427
7620,6428
3713,6429
15402,6430
21708,6431
3684,6432
5829,6433
7222,6434
10655,6435
9283,6436
13217,6437
15562,6438
22207,6439
8260,6440
23068,6441
16704,6442
3019,6443
1808,6444
10647,6445
22051,6446
21845,6447
11912,6448
19396,6449
14284,6450
5383,6451
19419,6452
20216,6453
23930,6454
3970,6455
21351,6456
16538,6457
12683,6458
11877,6459
17558,6460
6032,6461
21512,6462
14721,6463
7925,6464
6530,6465
11209,6466
1832,6467
1448,6468
726,6469
13607,6470
8695,6471
14614,6472
21577,6473
16978,6474
4482,6475
15863,6476
16601,6477
21670,6478
10768,6479
12324,6480
16718,6481
20752,6482
4020,6483
17364,6484
13297,6485
6484,6486
2427,6487
8788,6488
16038,6489
17719,6490
17473,6491
16139,6492
12840,6493
2793,6494
23626,6495
19547,6496
3447,6497
16473,6498
22768,6499
15717,6500
6853,6501
22658,6502
5791,6503
14649,6504
1511,6505
4349,6506
10863,6507
19801,6508
16917,6509
4380,6510
3672,6511
761,6512
19972,6513
3852,6514
8078,6515
7395,6516
6099,6517
4521,6518
11865,6519
412,6520
23894,6521
23032,6522
23887,6523
18420,6524
3162,6525
5959,6526
10834,6527
21517,6528
2615,6529
9299,6530
2386,6531
3936,6532
8644,6533
15397,6534
10713,6535
9357,6536
19254,6537
17453,6538
9342,6539
6550,6540
8622,6541
21804,6542
17139,6543
7935,6544
24249,6545
1726,6546
2449,6547
14475,6548
12979,6549
3888,6550
18304,6551
1698,6552
12350,6553
5733,6554
18283,6555
19084,6556
24044,6557
20001,6558
10121,6559
10805,6560
13101,6561
21445,6562
13035,6563
11707,6564
12850,6565
5148,6566
12184,6567
3179,6568
5295,6569
10807,6570
21534,6571
23682,6572
4875,6573
13293,6574
16695,6575
8116,6576
6468,6577
7152,6578
5742,6579
24224,6580
7376,6581
22454,6582
21759,6583
17486,6584
5582,6585
20321,6586
13843,6587
10729,6588
6500,6589
15259,6590
22346,6591
17737,6592
18905,6593
11490,6594
18970,6595
18170,6596
12774,6597
12422,6598
17313,6599
15911,6600
15154,6601
6395,6602
13000,6603
5989,6604
5413,6605
16792,6606
15479,6607
16662,6608
17469,6609
18182,6610
17990,6611
18857,6612
22937,6613
17268,6614
5833,6615
20856,6616
5131,6617
4425,6618
10675,6619
16117,6620
22533,6621
12091,6622
23202,6623
19089,6624
17780,6625
19863,6626
18580,6627
19989,6628
5311,6629
4609,6630
15257,6631
20666,6632
19868,6633
23159,6634
22309,6635
19843,6636
23342,6637
23400,6638
15700,6639
5530,6640
7143,6641
14405,6642
1829,6643
15179,6644
15936,6645
8283,6646
7599,6647
17271,6648
20341,6649
21071,6650
15671,6651
11475,6652
5799,6653
12376,6654
23636,6655
22076,6656
5599,6657
9980,6658
22778,6659
19619,6660
23535,6661
7763,6662
21403,6663
18612,6664
21871,6665
4968,6666
21003,6667
12728,6668
22231,6669
5503,6670
21376,6671
18493,6672
16576,6673
14783,6674
16579,6675
15550,6676
9081,6677
13885,6678
5671,6679
3553,6680
18119,6681
20014,6682
1728,6683
21570,6684
20203,6685
8172,6686
5161,6687
2201,6688
1476,6689
1442,6690
16833,6691
1749,6692
20692,6693
4705,6694
20946,6695
4352,6696
20636,6697
5730,6698
9798,6699
11181,6700
10498,6701
2989,6702
9620,6703
7545,6704
18188,6705
10883,6706
6174,6707
2159,6708
19793,6709
22271,6710
3595,6711
17573,6712
7105,6713
16165,6714
711,6715
1433,6716
15633,6717
3509,6718
18671,6719
4924,6720
17873,6721
22936,6722
4091,6723
16589,6724
17302,6725
4683,6726
16552,6727
12699,6728
19709,6729
17598,6730
10100,6731
21536,6732
7521,6733
9961,6734
8917,6735
2809,6736
2967,6737
8204,6738
9277,6739
21241,6740
11551,6741
21296,6742
22951,6743
16856,6744
10085,6745
20699,6746
6130,6747
21258,6748
15454,6749
3758,6750
18448,6751
883,6752
5171,6753
16478,6754
878,6755
13215,6756
17082,6757
13847,6758
6143,6759
4871,6760
6978,6761
857,6762
1555,6763
1586,6764
9298,6765
6173,6766
20594,6767
14651,6768
18004,6769
17806,6770
4905,6771
13605,6772
8938,6773
6828,6774
6298,6775
15924,6776
21414,6777
17601,6778
9410,6779
22370,6780
3456,6781
5603,6782
13283,6783
17262,6784
15531,6785
2163,6786
19303,6787
9827,6788
18247,6789
9728,6790
10429,6791
8884,6792
889,6793
10942,6794
4790,6795
7908,6796
3373,6797
6380,6798
18972,6799
1960,6800
9104,6801
827,6802
2972,6803
12438,6804
14935,6805
22748,6806
20241,6807
14023,6808
11645,6809
17975,6810
11643,6811
19576,6812
2821,6813
16326,6814
16452,6815
4236,6816
21176,6817
21043,6818
3528,6819
21048,6820
14027,6821
17233,6822
430,6823
23803,6824
21045,6825
15696,6826
8446,6827
19772,6828
17810,6829
14315,6830
16303,6831
19415,6832
18938,6833
1254,6834
4265,6835
11619,6836
17340,6837
3556,6838
19291,6839
2861,6840
14931,6841
2285,6842
11368,6843
20964,6844
4062,6845
5598,6846
15346,6847
15517,6848
751,6849
22669,6850
756,6851
10317,6852
2105,6853
1388,6854
7353,6855
16021,6856
21086,6857
16440,6858
8811,6859
2200,6860
9894,6861
21486,6862
22339,6863
22325,6864
4087,6865
16682,6866
6482,6867
11034,6868
18093,6869
3868,6870
9551,6871
935,6872
21548,6873
18540,6874
18047,6875
23372,6876
9430,6877
17523,6878
14694,6879
10267,6880
11424,6881
22986,6882
15401,6883
5779,6884
8397,6885
8671,6886
7417,6887
1654,6888
22012,6889
4843,6890
21159,6891
3428,6892
9755,6893
5544,6894
9073,6895
16337,6896
13318,6897
2095,6898
582,6899
22873,6900
21796,6901
680,6902
3532,6903
508,6904
667,6905
8462,6906
8619,6907
6568,6908
23571,6909
2189,6910
7116,6911
14595,6912
10525,6913
6532,6914
11198,6915
15683,6916
16176,6917
12000,6918
17404,6919
9011,6920
12760,6921
14671,6922
17366,6923
16615,6924
19730,6925
8272,6926
16533,6927
18484,6928
15107,6929
15864,6930
11498,6931
10446,6932
11130,6933
23080,6934
8987,6935
22190,6936
21364,6937
542,6938
12675,6939
8358,6940
11683,6941
11730,6942
9030,6943
12522,6944
9712,6945
10395,6946
12018,6947
12810,6948
8836,6949
17419,6950
13296,6951
3459,6952
16391,6953
21046,6954
23610,6955
14176,6956
10421,6957
17143,6958
9055,6959
9737,6960
17976,6961
18775,6962
22751,6963
12440,6964
14174,6965
11685,6966
14896,6967
8320,6968
12024,6969
14652,6970
14392,6971
17977,6972
21895,6973
16393,6974
19443,6975
14142,6976
22753,6977
21900,6978
23804,6979
2585,6980
22944,6981
16481,6982
17232,6983
11791,6984
12941,6985
10159,6986
24080,6987
3458,6988
12502,6989
5575,6990
22824,6991
4166,6992
16390,6993
1660,6994
23690,6995
18675,6996
22832,6997
670,6998
17877,6999
17933,7000
19480,7001
20278,7002
5765,7003
5061,7004
1108,7005
6479,7006
7101,7007
13191,7008
19764,7009
6199,7010
7570,7011
5686,7012
3565,7013
653,7014
11736,7015
3441,7016
2810,7017
4857,7018
21173,7019
4149,7020
22026,7021
19448,7022
18734,7023
9000,7024
7000,7025
11009,7026
16382,7027
11051,7028
14780,7029
4977,7030
1358,7031
16338,7032
4739,7033
7884,7034
5737,7035
15411,7036
10502,7037
7106,7038
20589,7039
7257,7040
8234,7041
14331,7042
11396,7043
9612,7044
1925,7045
9930,7046
1101,7047
6162,7048
2224,7049
7195,7050
3949,7051
5771,7052
16067,7053
344,7054
19955,7055
18548,7056
11318,7057
20913,7058
22289,7059
11982,7060
12777,7061
15561,7062
13362,7063
1263,7064
14351,7065
17587,7066
310,7067
3846,7068
24070,7069
17769,7070
7098,7071
8833,7072
5722,7073
17738,7074
3597,7075
22065,7076
9796,7077
9116,7078
3586,7079
12975,7080
6688,7081
16895,7082
2371,7083
16416,7084
21083,7085
3493,7086
15597,7087
15673,7088
14837,7089
14047,7090
13373,7091
10402,7092
5611,7093
11088,7094
20588,7095
11693,7096
21412,7097
8835,7098
22266,7099
12553,7100
21897,7101
14881,7102
22750,7103
17204,7104
12441,7105
16327,7106
13384,7107
9543,7108
14967,7109
22088,7110
21233,7111
13380,7112
6640,7113
8792,7114
21513,7115
7496,7116
10696,7117
12576,7118
1932,7119
24157,7120
20998,7121
13916,7122
13525,7123
17690,7124
21386,7125
22241,7126
22216,7127
22524,7128
3751,7129
13596,7130
14386,7131
4280,7132
20997,7133
20550,7134
20195,7135
13530,7136
19290,7137
18943,7138
18142,7139
20528,7140
18419,7141
13475,7142
18895,7143
18370,7144
1087,7145
22363,7146
20133,7147
2293,7148
19814,7149
13378,7150
10274,7151
4916,7152
22675,7153
6998,7154
14910,7155
20826,7156
7343,7157
19902,7158
11342,7159
5682,7160
21732,7161
11128,7162
11968,7163
15850,7164
20005,7165
1743,7166
17721,7167
8664,7168
16894,7169
10060,7170
14509,7171
12824,7172
9153,7173
12176,7174
4600,7175
22443,7176
5453,7177
10538,7178
21507,7179
8193,7180
1570,7181
23421,7182
850,7183
11375,7184
1550,7185
24183,7186
6037,7187
23308,7188
23318,7189
14462,7190
16872,7191
138,7192
13675,7193
16212,7194
1611,7195
1004,7196
21538,7197
3307,7198
2606,7199
4431,7200
23414,7201
1530,7202
19807,7203
6781,7204
3111,7205
16887,7206
8404,7207
15431,7208
7723,7209
7046,7210
14328,7211
19198,7212
329,7213
5187,7214
20352,7215
10327,7216
22817,7217
1365,7218
2748,7219
17955,7220
1309,7221
12549,7222
590,7223
11757,7224
20246,7225
21927,7226
672,7227
23205,7228
22352,7229
2399,7230
12165,7231
8769,7232
9451,7233
6098,7234
5227,7235
20585,7236
16930,7237
14370,7238
13580,7239
2130,7240
1707,7241
8773,7242
22838,7243
6175,7244
4189,7245
5098,7246
19267,7247
2197,7248
3683,7249
9848,7250
11672,7251
20418,7252
13485,7253
16194,7254
11903,7255
12694,7256
11896,7257
23367,7258
318,7259
4720,7260
11422,7261
6745,7262
11235,7263
6464,7264
11194,7265
23378,7266
11147,7267
1369,7268
22755,7269
24243,7270
4934,7271
15715,7272
21227,7273
21185,7274
7739,7275
14664,7276
7061,7277
6377,7278
15882,7279
21615,7280
2520,7281
23236,7282
4932,7283
5458,7284
6505,7285
3338,7286
5082,7287
7534,7288
10606,7289
4150,7290
14957,7291
8654,7292
23753,7293
11403,7294
8610,7295
11468,7296
21421,7297
866,7298
1543,7299
19263,7300
728,7301
3010,7302
6537,7303
11604,7304
15532,7305
9625,7306
10273,7307
13059,7308
3705,7309
8603,7310
7178,7311
10657,7312
2663,7313
23675,7314
8466,7315
16284,7316
12540,7317
17426,7318
4193,7319
14772,7320
11183,7321
20055,7322
8605,7323
7427,7324
6374,7325
14363,7326
6445,7327
528,7328
17981,7329
4320,7330
14394,7331
2150,7332
10958,7333
16402,7334
12489,7335
14889,7336
11697,7337
19520,7338
14075,7339
13282,7340
14888,7341
20318,7342
15624,7343
7701,7344
14650,7345
4322,7346
3466,7347
11723,7348
24095,7349
21141,7350
2689,7351
2788,7352
13873,7353
1402,7354
2127,7355
9774,7356
13740,7357
3222,7358
12305,7359
23230,7360
8681,7361
8897,7362
2260,7363
6558,7364
20183,7365
22820,7366
3231,7367
11328,7368
3688,7369
1491,7370
11011,7371
14868,7372
5803,7373
9623,7374
21965,7375
19488,7376
11164,7377
17673,7378
9126,7379
9806,7380
9112,7381
2662,7382
15628,7383
13941,7384
2247,7385
3233,7386
9278,7387
11327,7388
10586,7389
15336,7390
10787,7391
16801,7392
13107,7393
19831,7394
5434,7395
10443,7396
23539,7397
743,7398
10181,7399
9135,7400
14951,7401
17064,7402
11725,7403
14799,7404
17994,7405
6890,7406
10336,7407
16555,7408
8324,7409
15655,7410
6658,7411
269,7412
8625,7413
16908,7414
7266,7415
2108,7416
7179,7417
2203,7418
18372,7419
1085,7420
23273,7421
2604,7422
1626,7423
5444,7424
2940,7425
13325,7426
2758,7427
19622,7428
7750,7429
7145,7430
15423,7431
20561,7432
3584,7433
14355,7434
4308,7435
13544,7436
11500,7437
14334,7438
11962,7439
13537,7440
7327,7441
8073,7442
23288,7443
8166,7444
20614,7445
11129,7446
16290,7447
4239,7448
23884,7449
17829,7450
23860,7451
21031,7452
21283,7453
6089,7454
18060,7455
18859,7456
22991,7457
18384,7458
4625,7459
22409,7460
1152,7461
12846,7462
21882,7463
18858,7464
10903,7465
5071,7466
15952,7467
13320,7468
22929,7469
1434,7470
712,7471
4304,7472
18377,7473
10145,7474
12085,7475
21795,7476
10500,7477
5407,7478
2376,7479
11315,7480
7854,7481
14578,7482
3879,7483
23303,7484
13944,7485
7208,7486
15465,7487
13633,7488
19481,7489
14902,7490
18588,7491
12279,7492
16652,7493
14602,7494
10452,7495
15869,7496
15064,7497
15821,7498
15808,7499
181,7500
12590,7501
16804,7502
10158,7503
16768,7504
7498,7505
3014,7506
5421,7507
6602,7508
22374,7509
16208,7510
7504,7511
5872,7512
12655,7513
14511,7514
13913,7515
1205,7516
22290,7517
16689,7518
18385,7519
4624,7520
22398,7521
9577,7522
16204,7523
4471,7524
23405,7525
3071,7526
2805,7527
8988,7528
21182,7529
2696,7530
6178,7531
23671,7532
17940,7533
2674,7534
22035,7535
17821,7536
13408,7537
6094,7538
22813,7539
618,7540
17919,7541
6273,7542
13543,7543
19288,7544
23104,7545
23966,7546
15050,7547
18621,7548
14227,7549
23444,7550
4268,7551
12615,7552
11822,7553
12796,7554
5439,7555
7234,7556
11473,7557
4406,7558
5112,7559
5106,7560
21675,7561
2434,7562
21405,7563
6777,7564
20451,7565
21268,7566
13390,7567
6651,7568
3161,7569
10234,7570
4551,7571
12343,7572
15206,7573
11756,7574
12618,7575
19636,7576
15317,7577
7381,7578
14686,7579
5891,7580
19128,7581
20940,7582
17245,7583
19313,7584
5907,7585
4208,7586
23969,7587
15870,7588
19752,7589
21736,7590
17348,7591
16597,7592
3549,7593
4811,7594
2060,7595
11633,7596
626,7597
8269,7598
2781,7599
14451,7600
23190,7601
20983,7602
5936,7603
20182,7604
6455,7605
8490,7606
14565,7607
16349,7608
17959,7609
584,7610
10332,7611
13578,7612
17041,7613
15138,7614
8964,7615
7749,7616
22689,7617
7813,7618
1303,7619
2516,7620
16228,7621
18240,7622
13828,7623
9738,7624
22298,7625
8637,7626
3851,7627
1792,7628
9459,7629
8777,7630
20713,7631
9056,7632
8337,7633
17914,7634
19746,7635
19832,7636
17956,7637
4146,7638
20353,7639
7686,7640
8952,7641
2070,7642
5555,7643
9074,7644
13204,7645
19586,7646
16354,7647
22081,7648
3438,7649
1972,7650
20385,7651
4822,7652
4114,7653
13439,7654
8374,7655
20243,7656
17938,7657
10366,7658
5621,7659
15752,7660
13737,7661
4361,7662
6490,7663
10329,7664
21211,7665
21844,7666
20992,7667
11986,7668
2936,7669
20817,7670
8036,7671
6639,7672
16765,7673
21701,7674
5845,7675
23524,7676
8538,7677
18568,7678
5019,7679
9515,7680
702,7681
2874,7682
11154,7683
10471,7684
2140,7685
14580,7686
8041,7687
19133,7688
506,7689
11059,7690
20409,7691
17045,7692
16292,7693
20204,7694
16541,7695
14696,7696
20242,7697
871,7698
19256,7699
18453,7700
7260,7701
6576,7702
11363,7703
6856,7704
8483,7705
16911,7706
11394,7707
9339,7708
5110,7709
12390,7710
7123,7711
13729,7712
15291,7713
10385,7714
12531,7715
24071,7716
6657,7717
168,7718
11071,7719
11739,7720
9018,7721
14122,7722
9701,7723
13329,7724
4014,7725
11354,7726
12598,7727
9044,7728
17346,7729
14673,7730
15435,7731
15845,7732
15088,7733
3390,7734
11873,7735
16595,7736
18948,7737
11915,7738
13881,7739
18949,7740
19755,7741
15809,7742
12944,7743
7401,7744
3841,7745
9627,7746
23251,7747
17515,7748
16762,7749
3826,7750
17604,7751
5987,7752
8037,7753
8152,7754
21467,7755
23435,7756
9100,7757
2850,7758
11134,7759
15297,7760
10832,7761
24092,7762
8184,7763
8113,7764
744,7765
3603,7766
4296,7767
16080,7768
6687,7769
14505,7770
14716,7771
20924,7772
13592,7773
1644,7774
11455,7775
2363,7776
4898,7777
22563,7778
3461,7779
4363,7780
3953,7781
5073,7782
3365,7783
7762,7784
515,7785
7559,7786
9804,7787
17674,7788
14382,7789
7760,7790
11481,7791
3587,7792
13589,7793
9114,7794
15193,7795
15748,7796
20808,7797
3882,7798
7321,7799
23497,7800
4253,7801
10920,7802
1651,7803
20498,7804
13759,7805
3191,7806
24163,7807
16219,7808
879,7809
19346,7810
7783,7811
10882,7812
8464,7813
6421,7814
20590,7815
6650,7816
10093,7817
12881,7818
17703,7819
19047,7820
1044,7821
23214,7822
10278,7823
16966,7824
7991,7825
9881,7826
1825,7827
11243,7828
10560,7829
7112,7830
8001,7831
8685,7832
1679,7833
18379,7834
1791,7835
2514,7836
7475,7837
4522,7838
3226,7839
4519,7840
3108,7841
9591,7842
17768,7843
20941,7844
15502,7845
17146,7846
19900,7847
9592,7848
1497,7849
21719,7850
4393,7851
9966,7852
11257,7853
8020,7854
21684,7855
19142,7856
13921,7857
3829,7858
8682,7859
19848,7860
3808,7861
19181,7862
5334,7863
3217,7864
20185,7865
3596,7866
16774,7867
24055,7868
21490,7869
21456,7870
14439,7871
4514,7872
12149,7873
6712,7874
3144,7875
20168,7876
6926,7877
19577,7878
12439,7879
14323,7880
13533,7881
12706,7882
2886,7883
10494,7884
22487,7885
1771,7886
15258,7887
18322,7888
20953,7889
9828,7890
6752,7891
15996,7892
16754,7893
24041,7894
16823,7895
4610,7896
5312,7897
16977,7898
4508,7899
24119,7900
11554,7901
13431,7902
5859,7903
2807,7904
13935,7905
14762,7906
21059,7907
21145,7908
21911,7909
1547,7910
6909,7911
19462,7912
13349,7913
13354,7914
12386,7915
6456,7916
14141,7917
15576,7918
1359,7919
22687,7920
13623,7921
14990,7922
12217,7923
8032,7924
7479,7925
5893,7926
8102,7927
3779,7928
12567,7929
16468,7930
15043,7931
14278,7932
23923,7933
19217,7934
2452,7935
19946,7936
6822,7937
15800,7938
10923,7939
10036,7940
17578,7941
8063,7942
4555,7943
18536,7944
12634,7945
23712,7946
21055,7947
13374,7948
20011,7949
293,7950
14518,7951
16999,7952
2968,7953
22613,7954
5208,7955
8516,7956
7835,7957
8471,7958
14555,7959
5303,7960
12876,7961
9596,7962
7156,7963
11520,7964
8673,7965
10667,7966
5697,7967
16450,7968
17846,7969
20883,7970
11127,7971
9087,7972
22245,7973
16812,7974
8774,7975
440,7976
3081,7977
18807,7978
23552,7979
17795,7980
20298,7981
9830,7982
3151,7983
2517,7984
19094,7985
21799,7986
17705,7987
7993,7988
9892,7989
388,7990
9211,7991
4390,7992
6182,7993
2665,7994
11995,7995
15143,7996
13865,7997
19784,7998
15142,7999
18163,8000
1230,8001
7065,8002
9632,8003
9384,8004
7553,8005
12791,8006
11001,8007
15899,8008
18177,8009
11487,8010
14366,8011
8950,8012
9107,8013
10320,8014
19777,8015
21724,8016
18172,8017
16641,8018
2851,8019
20780,8020
3917,8021
12928,8022
11531,8023
18214,8024
6183,8025
5709,8026
10318,8027
18175,8028
3967,8029
19780,8030
20580,8031
4985,8032
5265,8033
348,8034
14517,8035
13113,8036
7959,8037
2888,8038
19229,8039
5976,8040
19107,8041
8628,8042
4391,8043
13704,8044
15475,8045
19355,8046
23122,8047
2346,8048
4699,8049
20626,8050
14208,8051
10788,8052
21581,8053
18552,8054
13124,8055
927,8056
8422,8057
7808,8058
719,8059
21646,8060
9443,8061
22435,8062
2644,8063
9853,8064
15470,8065
10191,8066
931,8067
15958,8068
23169,8069
19037,8070
17009,8071
15501,8072
17360,8073
14067,8074
11727,8075
9033,8076
10487,8077
1475,8078
10572,8079
9832,8080
23413,8081
11391,8082
5842,8083
3029,8084
15528,8085
10517,8086
793,8087
5068,8088
15310,8089
1063,8090
18354,8091
18549,8092
9949,8093
15466,8094
15969,8095
8104,8096
7593,8097
11044,8098
15778,8099
17865,8100
20425,8101
19130,8102
23499,8103
23839,8104
8506,8105
1827,8106
13621,8107
12829,8108
4326,8109
12969,8110
1045,8111
19159,8112
16970,8113
20625,8114
19040,8115
2154,8116
4480,8117
18709,8118
2930,8119
12159,8120
20035,8121
22439,8122
20151,8123
7885,8124
20923,8125
4488,8126
17109,8127
11735,8128
17876,8129
7843,8130
2543,8131
9891,8132
7779,8133
6198,8134
23116,8135
12398,8136
9650,8137
23979,8138
16938,8139
20567,8140
17037,8141
5030,8142
21995,8143
1981,8144
19581,8145
3507,8146
4782,8147
17875,8148
22075,8149
14758,8150
21105,8151
20297,8152
19413,8153
5675,8154
16285,8155
713,8156
10240,8157
19809,8158
8630,8159
6590,8160
9334,8161
3383,8162
6360,8163
23441,8164
18043,8165
15232,8166
17503,8167
4516,8168
1037,8169
4009,8170
23274,8171
20929,8172
15040,8173
10737,8174
20045,8175
1620,8176
19618,8177
5448,8178
17934,8179
7552,8180
18951,8181
6691,8182
16791,8183
19328,8184
5197,8185
23374,8186
1025,8187
23307,8188
12321,8189
11408,8190
8276,8191
24076,8192
23509,8193
18504,8194
7308,8195
3637,8196
24160,8197
23516,8198
9264,8199
22628,8200
3783,8201
16142,8202
23136,8203
4204,8204
11684,8205
16413,8206
8318,8207
17165,8208
6952,8209
18982,8210
6266,8211
16671,8212
21054,8213
21151,8214
5556,8215
14168,8216
14698,8217
9361,8218
9425,8219
2799,8220
8247,8221
2664,8222
21103,8223
21956,8224
2778,8225
5685,8226
11494,8227
4982,8228
1401,8229
12772,8230
1437,8231
7441,8232
715,8233
5738,8234
19790,8235
23385,8236
10777,8237
19895,8238
18502,8239
23154,8240
9481,8241
24014,8242
21451,8243
10030,8244
12066,8245
22868,8246
17963,8247
8136,8248
17293,8249
16543,8250
16542,8251
6642,8252
8082,8253
450,8254
17536,8255
14720,8256
6598,8257
5813,8258
12826,8259
21314,8260
15202,8261
20847,8262
3741,8263
2808,8264
4059,8265
14403,8266
1116,8267
10392,8268
19559,8269
12347,8270
9985,8271
19381,8272
17440,8273
1115,8274
11220,8275
10537,8276
9152,8277
22499,8278
9175,8279
9856,8280
9833,8281
21644,8282
20179,8283
9866,8284
9708,8285
22874,8286
13257,8287
1393,8288
10002,8289
7902,8290
12394,8291
7100,8292
20366,8293
2660,8294
1438,8295
6067,8296
6424,8297
11186,8298
6861,8299
7108,8300
16674,8301
1833,8302
5728,8303
5024,8304
22268,8305
14583,8306
1725,8307
24113,8308
978,8309
23201,8310
12865,8311
23186,8312
14584,8313
10775,8314
10091,8315
11532,8316
22300,8317
14732,8318
21216,8319
22064,8320
6925,8321
20410,8322
16386,8323
10716,8324
5116,8325
6286,8326
13962,8327
1469,8328
18575,8329
13289,8330
23536,8331
5762,8332
2545,8333
4347,8334
2193,8335
7786,8336
2429,8337
5900,8338
1381,8339
9024,8340
661,8341
2016,8342
14133,8343
14036,8344
12718,8345
24233,8346
5296,8347
12125,8348
7483,8349
4457,8350
2692,8351
15078,8352
2395,8353
17495,8354
22505,8355
15545,8356
630,8357
11006,8358
16642,8359
20873,8360
15134,8361
20577,8362
4275,8363
19187,8364
2505,8365
12133,8366
8259,8367
13493,8368
3086,8369
21583,8370
13915,8371
15077,8372
14312,8373
18917,8374
18396,8375
1049,8376
5949,8377
18323,8378
20681,8379
21502,8380
1681,8381
12960,8382
10137,8383
10821,8384
9545,8385
5928,8386
13219,8387
2061,8388
18800,8389
1095,8390
9960,8391
7895,8392
1487,8393
16092,8394
10103,8395
21600,8396
20906,8397
21800,8398
22293,8399
2801,8400
13080,8401
12767,8402
23575,8403
1347,8404
8411,8405
10444,8406
10015,8407
11329,8408
12397,8409
11003,8410
5705,8411
6387,8412
3050,8413
7256,8414
13948,8415
4749,8416
5441,8417
6848,8418
9922,8419
4377,8420
1913,8421
7527,8422
11322,8423
7533,8424
7207,8425
9271,8426
1810,8427
2241,8428
2964,8429
7173,8430
16831,8431
6006,8432
21592,8433
15500,8434
1502,8435
782,8436
17392,8437
23475,8438
17478,8439
12355,8440
5095,8441
477,8442
5797,8443
20066,8444
3679,8445
13943,8446
5798,8447
1809,8448
9274,8449
9957,8450
2932,8451
16079,8452
9440,8453
16044,8454
20113,8455
8670,8456
13153,8457
11304,8458
17582,8459
8057,8460
22450,8461
13150,8462
2243,8463
17714,8464
16725,8465
18443,8466
12843,8467
14901,8468
13268,8469
17921,8470
19460,8471
22001,8472
17858,8473
20257,8474
15721,8475
2532,8476
799,8477
1519,8478
14069,8479
17162,8480
11691,8481
8454,8482
12483,8483
7773,8484
16477,8485
21809,8486
12510,8487
18517,8488
16723,8489
18976,8490
20432,8491
22945,8492
14596,8493
272,8494
15268,8495
1902,8496
21495,8497
22091,8498
3280,8499
12367,8500
4949,8501
1121,8502
2152,8503
1426,8504
9819,8505
20025,8506
6660,8507
3012,8508
1171,8509
14790,8510
21385,8511
1246,8512
2136,8513
769,8514
16846,8515
21742,8516
21383,8517
9761,8518
9759,8519
7328,8520
5330,8521
20719,8522
21541,8523
19325,8524
1640,8525
21338,8526
11880,8527
20818,8528
7350,8529
22452,8530
23235,8531
1181,8532
19767,8533
23434,8534
22255,8535
21400,8536
15873,8537
21666,8538
291,8539
23459,8540
6626,8541
10078,8542
21602,8543
16967,8544
891,8545
8236,8546
8429,8547
12491,8548
15247,8549
5560,8550
3517,8551
20663,8552
4151,8553
14933,8554
13237,8555
21655,8556
3858,8557
10083,8558
23311,8559
18512,8560
10735,8561
2618,8562
21325,8563
2435,8564
20702,8565
24050,8566
13658,8567
4132,8568
6253,8569
14835,8570
2636,8571
22925,8572
3349,8573
18649,8574
6038,8575
9705,8576
23704,8577
15594,8578
5143,8579
21702,8580
4436,8581
5469,8582
1220,8583
15509,8584
16347,8585
19079,8586
18278,8587
19859,8588
21217,8589
4841,8590
870,8591
1596,8592
19445,8593
7941,8594
17656,8595
10289,8596
7622,8597
17863,8598
649,8599
18661,8600
22769,8601
19803,8602
3535,8603
4948,8604
8306,8605
7942,8606
22554,8607
9337,8608
6170,8609
22927,8610
19365,8611
3537,8612
22553,8613
1590,8614
16266,8615
18016,8616
4423,8617
11471,8618
463,8619
3715,8620
18013,8621
12396,8622
10307,8623
22067,8624
6938,8625
877,8626
16154,8627
3040,8628
14162,8629
5542,8630
11402,8631
18451,8632
9347,8633
9021,8634
15956,8635
13846,8636
15199,8637
21810,8638
4245,8639
19453,8640
3038,8641
19253,8642
2315,8643
20962,8644
2311,8645
20052,8646
1591,8647
10035,8648
11395,8649
17654,8650
10710,8651
1592,8652
23411,8653
10709,8654
17764,8655
21219,8656
17100,8657
11397,8658
16156,8659
10712,8660
16264,8661
14955,8662
873,8663
19255,8664
3035,8665
9341,8666
23785,8667
4063,8668
3357,8669
21213,8670
17042,8671
10019,8672
8606,8673
9296,8674
10309,8675
21214,8676
22068,8677
519,8678
16289,8679
8094,8680
219,8681
14750,8682
6329,8683
3571,8684
5372,8685
4311,8686
20395,8687
666,8688
21629,8689
22540,8690
2600,8691
13631,8692
20496,8693
19692,8694
12213,8695
5984,8696
3833,8697
5409,8698
939,8699
6040,8700
5915,8701
11635,8702
15023,8703
13235,8704
12442,8705
15726,8706
8861,8707
21235,8708
14965,8709
22943,8710
12584,8711
23323,8712
10843,8713
23219,8714
6123,8715
6566,8716
21705,8717
7934,8718
8617,8719
10673,8720
19965,8721
14617,8722
20711,8723
21605,8724
18291,8725
8706,8726
170,8727
22434,8728
4709,8729
3775,8730
2645,8731
17437,8732
1831,8733
10528,8734
12820,8735
3614,8736
8013,8737
8025,8738
218,8739
16992,8740
15036,8741
15974,8742
707,8743
1429,8744
5720,8745
20782,8746
343,8747
6839,8748
1207,8749
9948,8750
1508,8751
2536,8752
18998,8753
4043,8754
12496,8755
1333,8756
11180,8757
8925,8758
17450,8759
18198,8760
764,8761
12954,8762
3498,8763
17117,8764
9750,8765
4154,8766
17948,8767
19465,8768
20263,8769
17224,8770
11783,8771
20958,8772
12647,8773
11854,8774
21299,8775
16864,8776
5276,8777
21529,8778
22636,8779
18873,8780
18279,8781
23521,8782
18815,8783
8741,8784
5400,8785
19828,8786
5953,8787
19340,8788
16489,8789
7903,8790
6176,8791
2791,8792
4879,8793
15121,8794
20079,8795
9770,8796
12741,8797
13552,8798
22219,8799
4776,8800
22814,8801
19490,8802
16407,8803
1225,8804
11699,8805
20288,8806
14894,8807
21738,8808
11950,8809
17344,8810
13496,8811
10406,8812
9090,8813
12290,8814
20554,8815
7720,8816
13882,8817
23942,8818
9670,8819
22888,8820
2695,8821
23746,8822
16319,8823
17072,8824
12649,8825
10477,8826
18474,8827
9802,8828
9122,8829
7075,8830
13735,8831
6719,8832
19907,8833
1162,8834
10659,8835
3940,8836
1505,8837
381,8838
8488,8839
816,8840
4775,8841
18587,8842
16277,8843
18197,8844
10849,8845
24022,8846
23162,8847
8339,8848
19511,8849
17888,8850
5701,8851
18478,8852
21112,8853
3620,8854
2684,8855
632,8856
7273,8857
18543,8858
826,8859
15405,8860
11474,8861
10669,8862
9984,8863
11339,8864
16848,8865
3169,8866
16769,8867
13650,8868
17642,8869
3745,8870
11462,8871
5144,8872
4452,8873
10705,8874
13060,8875
9300,8876
15530,8877
9847,8878
7438,8879
9159,8880
15921,8881
12209,8882
1006,8883
12092,8884
18547,8885
4547,8886
14452,8887
12070,8888
22335,8889
13796,8890
3166,8891
3875,8892
22626,8893
23150,8894
10167,8895
7658,8896
21447,8897
4442,8898
611,8899
6975,8900
10504,8901
10195,8902
11187,8903
16797,8904
9604,8905
14408,8906
6746,8907
15939,8908
15182,8909
4328,8910
17613,8911
22616,8912
5209,8913
11801,8914
20004,8915
4589,8916
21520,8917
15477,8918
11820,8919
4212,8920
10847,8921
21526,8922
22460,8923
4129,8924
11742,8925
2730,8926
16436,8927
3421,8928
12534,8929
2008,8930
12530,8931
9702,8932
17965,8933
9019,8934
17183,8935
2012,8936
22015,8937
15834,8938
19696,8939
10963,8940
5759,8941
8114,8942
4344,8943
7158,8944
7790,8945
13765,8946
325,8947
13676,8948
20108,8949
7989,8950
6042,8951
7304,8952
5637,8953
9709,8954
13339,8955
14037,8956
9772,8957
19283,8958
11949,8959
14491,8960
17755,8961
11285,8962
19039,8963
7292,8964
12246,8965
6607,8966
3518,8967
21987,8968
1950,8969
19458,8970
5635,8971
20255,8972
14932,8973
1267,8974
21056,8975
11767,8976
15692,8977
12446,8978
10355,8979
12559,8980
3410,8981
13183,8982
16265,8983
11888,8984
21332,8985
15329,8986
3174,8987
19957,8988
464,8989
23055,8990
14700,8991
1613,8992
2250,8993
15480,8994
23108,8995
12292,8996
6357,8997
17356,8998
21390,8999
17564,9000
9456,9001
7485,9002
2353,9003
21404,9004
18613,9005
7708,9006
9829,9007
10881,9008
2887,9009
716,9010
15164,9011
12185,9012
3178,9013
21531,9014
20951,9015
5248,9016
13661,9017
3667,9018
2208,9019
14539,9020
3203,9021
19152,9022
12358,9023
1870,9024
19820,9025
5786,9026
15387,9027
3781,9028
4911,9029
17606,9030
10770,9031
22375,9032
11514,9033
7996,9034
8583,9035
11389,9036
479,9037
10287,9038
4384,9039
1206,9040
6163,9041
2635,9042
6528,9043
7211,9044
1926,9045
4365,9046
6517,9047
7184,9048
5694,9049
21999,9050
20306,9051
13170,9052
11905,9053
21343,9054
21651,9055
1753,9056
12910,9057
3317,9058
23066,9059
6764,9060
10453,9061
18160,9062
13560,9063
11028,9064
15793,9065
6081,9066
1257,9067
18105,9068
10204,9069
14271,9070
13480,9071
18102,9072
12222,9073
2432,9074
1695,9075
23199,9076
18563,9077
13774,9078
1751,9079
10264,9080
18808,9081
15539,9082
4094,9083
21193,9084
9664,9085
19710,9086
20511,9087
14268,9088
7336,9089
10344,9090
12689,9091
16844,9092
1014,9093
24144,9094
5419,9095
20153,9096
7868,9097
2352,9098
5347,9099
914,9100
2540,9101
6503,9102
7188,9103
8091,9104
3134,9105
11568,9106
19609,9107
4799,9108
1252,9109
11987,9110
20080,9111
7947,9112
17653,9113
11138,9114
10454,9115
6363,9116
17385,9117
23716,9118
14912,9119
5482,9120
18706,9121
587,9122
23739,9123
12444,9124
17847,9125
4210,9126
5182,9127
23801,9128
868,9129
9167,9130
19797,9131
19274,9132
7764,9133
8445,9134
22259,9135
15543,9136
13519,9137
17813,9138
14791,9139
22235,9140
22597,9141
6349,9142
10889,9143
17054,9144
17336,9145
3258,9146
12206,9147
6674,9148
17529,9149
22640,9150
8578,9151
376,9152
771,9153
2246,9154
770,9155
1238,9156
22919,9157
21380,9158
23958,9159
21360,9160
23553,9161
22696,9162
9099,9163
5267,9164
19998,9165
10811,9166
22440,9167
3998,9168
6611,9169
14164,9170
23523,9171
10017,9172
11662,9173
22666,9174
13950,9175
8908,9176
9994,9177
10679,9178
11357,9179
20022,9180
3866,9181
15264,9182
22634,9183
9311,9184
20164,9185
4950,9186
9095,9187
14352,9188
7725,9189
22489,9190
10136,9191
23895,9192
21304,9193
22159,9194
23877,9195
21609,9196
9472,9197
21515,9198
11544,9199
7924,9200
7264,9201
3519,9202
22654,9203
15399,9204
5123,9205
6580,9206
17913,9207
7628,9208
4226,9209
6944,9210
6258,9211
18025,9212
20427,9213
842,9214
3344,9215
23132,9216
8620,9217
10368,9218
15588,9219
18799,9220
13168,9221
7937,9222
18000,9223
8363,9224
18072,9225
4690,9226
18075,9227
12433,9228
17698,9229
15802,9230
2710,9231
7597,9232
18883,9233
6084,9234
23889,9235
21312,9236
21313,9237
6911,9238
16521,9239
14237,9240
7326,9241
8074,9242
20697,9243
17191,9244
6244,9245
13226,9246
13417,9247
17247,9248
14116,9249
10646,9250
5566,9251
19540,9252
6260,9253
18818,9254
6946,9255
19620,9256
22676,9257
3008,9258
17023,9259
3640,9260
264,9261
16019,9262
14728,9263
13414,9264
17261,9265
4992,9266
2877,9267
4303,9268
15712,9269
9465,9270
4010,9271
17538,9272
5850,9273
23490,9274
22202,9275
20326,9276
22763,9277
18750,9278
4153,9279
14960,9280
18658,9281
17226,9282
20633,9283
5843,9284
2306,9285
1192,9286
810,9287
1092,9288
2530,9289
10651,9290
11336,9291
10589,9292
2976,9293
2253,9294
7850,9295
22488,9296
16882,9297
6806,9298
5837,9299
18318,9300
7087,9301
17801,9302
7711,9303
16460,9304
13996,9305
4944,9306
11022,9307
6207,9308
19590,9309
23410,9310
2319,9311
18012,9312
6187,9313
3364,9314
11947,9315
15807,9316
18886,9317
16813,9318
354,9319
24158,9320
13128,9321
11536,9322
11415,9323
18889,9324
4355,9325
22468,9326
14404,9327
13615,9328
7788,9329
20794,9330
3188,9331
13721,9332
13120,9333
1918,9334
12823,9335
11430,9336
7161,9337
5058,9338
1440,9339
19974,9340
8779,9341
14473,9342
3993,9343
7994,9344
22652,9345
6477,9346
16134,9347
17546,9348
14769,9349
4197,9350
3452,9351
6353,9352
15434,9353
20886,9354
9084,9355
14672,9356
10441,9357
5678,9358
4975,9359
7703,9360
8395,9361
9665,9362
20495,9363
9764,9364
15056,9365
9757,9366
5856,9367
11488,9368
11992,9369
12784,9370
18963,9371
20813,9372
1011,9373
1202,9374
6524,9375
15408,9376
3334,9377
5790,9378
7422,9379
3671,9380
4379,9381
8537,9382
21665,9383
1732,9384
22441,9385
19321,9386
15964,9387
13685,9388
15406,9389
8588,9390
7905,9391
11338,9392
13018,9393
20830,9394
23213,9395
13148,9396
23395,9397
23071,9398
23933,9399
20520,9400
14588,9401
8034,9402
14494,9403
17061,9404
18113,9405
7490,9406
942,9407
21430,9408
4221,9409
13324,9410
19466,9411
5632,9412
11668,9413
18662,9414
21172,9415
21138,9416
22776,9417
22078,9418
23634,9419
21223,9420
21823,9421
17864,9422
22025,9423
23613,9424
8365,9425
15703,9426
1380,9427
6940,9428
7690,9429
7624,9430
8373,9431
15583,9432
17090,9433
23532,9434
6973,9435
9962,9436
9293,9437
2661,9438
5774,9439
23677,9440
20064,9441
4780,9442
17133,9443
4880,9444
12029,9445
10643,9446
9840,9447
7566,9448
21104,9449
5700,9450
11151,9451
12108,9452
8883,9453
20156,9454
10597,9455
5173,9456
15392,9457
3760,9458
9070,9459
16366,9460
19527,9461
9032,9462
20325,9463
16372,9464
12811,9465
17124,9466
16668,9467
14654,9468
17420,9469
17207,9470
15572,9471
17144,9472
2767,9473
16392,9474
1329,9475
11709,9476
609,9477
12501,9478
4873,9479
15638,9480
13230,9481
20374,9482
21899,9483
13234,9484
21234,9485
5399,9486
22896,9487
7672,9488
11085,9489
9134,9490
15620,9491
9068,9492
9038,9493
6411,9494
9720,9495
7095,9496
16167,9497
5713,9498
14938,9499
20239,9500
15641,9501
10420,9502
20316,9503
1328,9504
19442,9505
15695,9506
17080,9507
23612,9508
23805,9509
10227,9510
12588,9511
14173,9512
13381,9513
18028,9514
17555,9515
9474,9516
20690,9517
8178,9518
5834,9519
20054,9520
4426,9521
22273,9522
9305,9523
8342,9524
608,9525
14880,9526
2766,9527
12500,9528
4874,9529
17142,9530
6970,9531
15637,9532
15619,9533
15918,9534
6074,9535
13295,9536
1330,9537
11708,9538
23420,9539
17342,9540
6338,9541
2705,9542
14149,9543
8986,9544
13357,9545
5526,9546
3409,9547
15004,9548
8144,9549
15763,9550
21041,9551
12621,9552
15570,9553
21247,9554
3986,9555
22957,9556
10906,9557
18048,9558
20450,9559
18032,9560
23817,9561
12593,9562
13761,9563
15371,9564
13889,9565
12048,9566
17838,9567
19639,9568
11053,9569
16467,9570
8456,9571
19395,9572
18699,9573
2192,9574
5745,9575
23389,9576
10075,9577
19097,9578
9593,9579
2916,9580
23462,9581
16734,9582
15044,9583
14270,9584
4225,9585
18654,9586
14166,9587
6852,9588
15659,9589
15618,9590
7096,9591
10042,9592
21803,9593
12357,9594
1510,9595
13946,9596
8561,9597
3676,9598
16916,9599
17753,9600
8565,9601
5356,9602
20598,9603
14304,9604
13506,9605
22486,9606
2496,9607
20743,9608
21856,9609
18932,9610
16190,9611
22861,9612
1302,9613
14132,9614
525,9615
16643,9616
22928,9617
11882,9618
14259,9619
13464,9620
14535,9621
6019,9622
23296,9623
3387,9624
16532,9625
12328,9626
17461,9627
5067,9628
24202,9629
17637,9630
19952,9631
20117,9632
10745,9633
20149,9634
4382,9635
9488,9636
9265,9637
1447,9638
6372,9639
20791,9640
16880,9641
12104,9642
12898,9643
20915,9644
7298,9645
3831,9646
4539,9647
2403,9648
16101,9649
8724,9650
10773,9651
7471,9652
16048,9653
23486,9654
7021,9655
13869,9656
4997,9657
15575,9658
13629,9659
12261,9660
19008,9661
18209,9662
11362,9663
13184,9664
18194,9665
1411,9666
4986,9667
12289,9668
19759,9669
17655,9670
7259,9671
10021,9672
2276,9673
7543,9674
20852,9675
12836,9676
12043,9677
7233,9678
11599,9679
8479,9680
5374,9681
9127,9682
11165,9683
7753,9684
19983,9685
1062,9686
9976,9687
2089,9688
486,9689
5084,9690
1813,9691
3337,9692
9607,9693
8568,9694
1811,9695
6521,9696
13878,9697
16606,9698
9253,9699
6049,9700
5092,9701
9266,9702
8533,9703
1125,9704
5667,9705
18115,9706
22208,9707
12160,9708
21691,9709
19914,9710
23705,9711
14788,9712
4892,9713
9617,9714
17797,9715
5595,9716
4757,9717
4367,9718
5074,9719
5378,9720
7068,9721
7746,9722
22718,9723
11136,9724
6203,9725
21947,9726
22795,9727
22800,9728
21090,9729
16551,9730
1841,9731
760,9732
23327,9733
1084,9734
17539,9735
8905,9736
11291,9737
7424,9738
9560,9739
6502,9740
915,9741
3896,9742
24171,9743
10970,9744
14410,9745
301,9746
5401,9747
5207,9748
1704,9749
15488,9750
11809,9751
23545,9752
13288,9753
18760,9754
19716,9755
4815,9756
5517,9757
4108,9758
23744,9759
23743,9760
4107,9761
21179,9762
1271,9763
15788,9764
3405,9765
22033,9766
6231,9767
23588,9768
6916,9769
11849,9770
16321,9771
21180,9772
2723,9773
565,9774
20379,9775
22728,9776
18625,9777
13438,9778
17074,9779
6335,9780
22153,9781
1137,9782
8379,9783
21888,9784
18634,9785
16494,9786
424,9787
22117,9788
17078,9789
21265,9790
7758,9791
21579,9792
489,9793
12028,9794
17724,9795
9374,9796
11452,9797
3786,9798
3524,9799
8820,9800
7824,9801
7146,9802
15926,9803
6646,9804
16884,9805
17550,9806
23472,9807
21439,9808
10285,9809
19741,9810
20542,9811
23938,9812
20815,9813
9413,9814
12116,9815
21855,9816
15069,9817
1875,9818
4455,9819
13814,9820
199,9821
14354,9822
17370,9823
23941,9824
23079,9825
15057,9826
14292,9827
16466,9828
17918,9829
10408,9830
16404,9831
23564,9832
15827,9833
18479,9834
18968,9835
18168,9836
15874,9837
14798,9838
14289,9839
18774,9840
14026,9841
11647,9842
12587,9843
1863,9844
14175,9845
19632,9846
20431,9847
17230,9848
12146,9849
6718,9850
22453,9851
6811,9852
8607,9853
20058,9854
10003,9855
9320,9856
5810,9857
12939,9858
7410,9859
19151,9860
3147,9861
12460,9862
17189,9863
13252,9864
16437,9865
23212,9866
16120,9867
158,9868
14044,9869
21165,9870
14834,9871
14915,9872
3075,9873
17770,9874
15632,9875
21937,9876
18767,9877
9692,9878
3241,9879
10613,9880
1503,9881
9903,9882
21647,9883
4599,9884
22429,9885
8875,9886
5892,9887
13931,9888
23843,9889
15945,9890
15188,9891
11268,9892
17594,9893
10104,9894
19150,9895
19327,9896
3785,9897
6137,9898
9256,9899
12140,9900
6184,9901
19782,9902
5377,9903
18176,9904
13576,9905
22257,9906
15353,9907
13290,9908
9675,9909
22181,9910
5518,9911
11196,9912
24253,9913
10759,9914
23218,9915
20901,9916
17487,9917
16258,9918
9887,9919
2302,9920
2275,9921
14544,9922
335,9923
23222,9924
17517,9925
3525,9926
22016,9927
4839,9928
9703,9929
8305,9930
10009,9931
10694,9932
13851,9933
7929,9934
11379,9935
10671,9936
3693,9937
1999,9938
20221,9939
14143,9940
5531,9941
12554,9942
3413,9943
22030,9944
5424,9945
3018,9946
21027,9947
7930,9948
12266,9949
805,9950
8613,9951
16456,9952
18624,9953
17978,9954
4829,9955
23741,9956
21023,9957
21879,9958
11821,9959
22726,9960
17208,9961
17076,9962
14809,9963
18850,9964
5396,9965
18051,9966
23826,9967
18039,9968
18829,9969
12147,9970
8089,9971
22360,9972
6125,9973
852,9974
15404,9975
2292,9976
9999,9977
12373,9978
22679,9979
2917,9980
18573,9981
2922,9982
389,9983
1470,9984
750,9985
3615,9986
5059,9987
3956,9988
748,9989
7840,9990
4325,9991
18393,9992
13750,9993
2501,9994
15285,9995
11563,9996
19316,9997
14429,9998
9956,9999
19270,10000
2965,10001
2242,10002
933,10003
2673,10004
7670,10005
9039,10006
19783,10007
13867,10008
18954,10009
11998,10010
15877,10011
22694,10012
18782,10013
561,10014
23584,10015
15768,10016
10437,10017
3263,10018
12703,10019
15032,10020
17288,10021
14254,10022
16806,10023
5341,10024
15253,10025
15482,10026
851,10027
17660,10028
1571,10029
10690,10030
4403,10031
19169,10032
24128,10033
10931,10034
911,10035
13199,10036
15067,10037
22546,10038
18216,10039
10014,10040
3330,10041
7936,10042
9686,10043
11583,10044
5618,10045
8362,10046
7603,10047
21202,10048
12082,10049
8914,10050
737,10051
6742,10052
10559,10053
11242,10054
4327,10055
12970,10056
12312,10057
18234,10058
19666,10059
19658,10060
5964,10061
21692,10062
16957,10063
5183,10064
1374,10065
592,10066
17524,10067
3310,10068
15123,10069
13079,10070
20565,10071
19765,10072
17373,10073
22506,10074
3891,10075
12304,10076
943,10077
7837,10078
22196,10079
16394,10080
11106,10081
20377,10082
17834,10083
20234,10084
22972,10085
18758,10086
2738,10087
22011,10088
2017,10089
13338,10090
1299,10091
12541,10092
5536,10093
2158,10094
699,10095
22471,10096
9462,10097
24089,10098
23507,10099
9142,10100
10884,10101
19917,10102
19083,10103
18282,10104
19066,10105
24194,10106
10144,10107
10828,10108
6792,10109
18238,10110
14444,10111
20668,10112
3371,10113
9647,10114
20176,10115
4077,10116
7751,10117
13969,10118
965,10119
13777,10120
14775,10121
4591,10122
20978,10123
3631,10124
5707,10125
16178,10126
5003,10127
392,10128
4341,10129
2185,10130
1444,10131
10561,10132
4292,10133
686,10134
10464,10135
13866,10136
7072,10137
6389,10138
1407,10139
13785,10140
8044,10141
21508,10142
15459,10143
5180,10144
5293,10145
3835,10146
12855,10147
13653,10148
3117,10149
3822,10150
16742,10151
19999,10152
8756,10153
20392,10154
6896,10155
2906,10156
1824,10157
9882,10158
9201,10159
722,10160
12992,10161
1736,10162
16008,10163
14695,10164
5210,10165
6834,10166
1208,10167
9257,10168
4534,10169
3827,10170
11019,10171
11018,10172
16275,10173
8504,10174
394,10175
24045,10176
13973,10177
18659,10178
20346,10179
13776,10180
9181,10181
23546,10182
11218,10183
15895,10184
19276,10185
16646,10186
17398,10187
7734,10188
15334,10189
10108,10190
12934,10191
1243,10192
5001,10193
20073,10194
9106,10195
9786,10196
8415,10197
17593,10198
20261,10199
13345,10200
21902,10201
21050,10202
19536,10203
9187,10204
20247,10205
4921,10206
16650,10207
3886,10208
3177,10209
20712,10210
16750,10211
21491,10212
1665,10213
5223,10214
22305,10215
23365,10216
6004,10217
23756,10218
3392,10219
18651,10220
21170,10221
5824,10222
3708,10223
7230,10224
21607,10225
6721,10226
15287,10227
24180,10228
6247,10229
13333,10230
13672,10231
13021,10232
141,10233
11067,10234
14920,10235
5538,10236
15680,10237
11666,10238
15675,10239
6934,10240
13328,10241
11072,10242
11738,10243
6249,10244
14121,10245
10386,10246
22867,10247
4133,10248
23725,10249
3425,10250
17962,10251
22258,10252
18152,10253
15852,10254
19757,10255
2118,10256
7704,10257
7024,10258
18110,10259
22529,10260
19294,10261
20543,10262
19742,10263
15060,10264
8008,10265
10147,10266
13707,10267
20201,10268
2596,10269
1612,10270
15144,10271
6551,10272
16296,10273
21098,10274
1023,10275
20342,10276
14348,10277
22777,10278
15672,10279
11669,10280
5653,10281
23635,10282
23796,10283
12372,10284
19795,10285
3857,10286
8772,10287
15278,10288
19324,10289
14426,10290
8928,10291
9174,10292
3251,10293
10531,10294
5676,10295
8416,10296
9510,10297
9160,10298
6090,10299
18056,10300
18855,10301
16500,10302
16088,10303
302,10304
2421,10305
11550,10306
2589,10307
8665,10308
11207,10309
18167,10310
11491,10311
10457,10312
9782,10313
15420,10314
23065,10315
12696,10316
18104,10317
16040,10318
12356,10319
6527,10320
21764,10321
10749,10322
15407,10323
7891,10324
16892,10325
5206,10326
13317,10327
17860,10328
21147,10329
1314,10330
13377,10331
4861,10332
12580,10333
21808,10334
8574,10335
7851,10336
24227,10337
17397,10338
6370,10339
3856,10340
22544,10341
13727,10342
11004,10343
12319,10344
6592,10345
15137,10346
3260,10347
11770,10348
8525,10349
3639,10350
9154,10351
22510,10352
10122,10353
21527,10354
19347,10355
17702,10356
24011,10357
13826,10358
23151,10359
19044,10360
2316,10361
3039,10362
11383,10363
22509,10364
2474,10365
316,10366
7768,10367
5605,10368
20675,10369
7582,10370
7589,10371
12509,10372
6898,10373
15646,10374
14013,10375
18714,10376
21781,10377
10357,10378
13304,10379
17917,10380
8978,10381
14886,10382
1324,10383
23493,10384
3698,10385
14778,10386
18961,10387
5113,10388
1325,10389
6983,10390
8273,10391
6278,10392
17916,10393
605,10394
6297,10395
24230,10396
5299,10397
16462,10398
3847,10399
24063,10400
24018,10401
2697,10402
8979,10403
6964,10404
17150,10405
18251,10406
11553,10407
11139,10408
13874,10409
15118,10410
9779,10411
15872,10412
12976,10413
1038,10414
319,10415
2415,10416
3137,10417
4937,10418
13108,10419
5151,10420
22549,10421
21699,10422
19251,10423
13303,10424
604,10425
2762,10426
14096,10427
11717,10428
2041,10429
4901,10430
2043,10431
6982,10432
606,10433
1326,10434
6296,10435
13137,10436
8347,10437
11041,10438
22042,10439
6205,10440
19591,10441
16993,10442
6965,10443
7665,10444
11102,10445
6279,10446
22045,10447
21192,10448
8274,10449
7583,10450
14946,10451
3005,10452
21716,10453
5111,10454
1557,10455
9987,10456
18423,10457
5277,10458
16022,10459
9048,10460
7955,10461
14603,10462
160,10463
3530,10464
10415,10465
16398,10466
11101,10467
8348,10468
10416,10469
9746,10470
9050,10471
11114,10472
9732,10473
10428,10474
7842,10475
4101,10476
3393,10477
13453,10478
17699,10479
22174,10480
17213,10481
6889,10482
7574,10483
14290,10484
16314,10485
13499,10486
5382,10487
12708,10488
11917,10489
6204,10490
14291,10491
19718,10492
12963,10493
3500,10494
13564,10495
19273,10496
7766,10497
8447,10498
2855,10499
20995,10500
16590,10501
3965,10502
22348,10503
22664,10504
5652,10505
19387,10506
22069,10507
12571,10508
11008,10509
8293,10510
3363,10511
10322,10512
11780,10513
10997,10514
8945,10515
4779,10516
18809,10517
527,10518
5492,10519
22915,10520
22706,10521
21854,10522
19500,10523
18688,10524
16400,10525
17043,10526
23760,10527
4187,10528
6200,10529
6885,10530
18787,10531
6907,10532
6222,10533
14152,10534
7009,10535
20575,10536
16935,10537
22261,10538
12783,10539
2131,10540
24226,10541
1758,10542
18346,10543
4007,10544
17468,10545
4408,10546
7915,10547
10672,10548
19226,10549
3157,10550
17532,10551
16239,10552
19363,10553
7013,10554
3354,10555
3700,10556
4818,10557
4110,10558
21309,10559
12107,10560
10934,10561
4511,10562
4962,10563
8994,10564
16459,10565
6915,10566
6230,10567
18878,10568
6086,10569
18079,10570
23590,10571
20231,10572
11846,10573
19667,10574
5533,10575
23866,10576
9530,10577
13432,10578
6333,10579
10305,10580
2156,10581
19871,10582
15988,10583
5236,10584
4140,10585
1683,10586
14566,10587
309,10588
1028,10589
22386,10590
12062,10591
17501,10592
5638,10593
2741,10594
11752,10595
3432,10596
23733,10597
14035,10598
2085,10599
21064,10600
22941,10601
6343,10602
11637,10603
5658,10604
10978,10605
7202,10606
2011,10607
18764,10608
2733,10609
4682,10610
1384,10611
3402,10612
2711,10613
20483,10614
17819,10615
18619,10616
15008,10617
9527,10618
19681,10619
3416,10620
21287,10621
4833,10622
2836,10623
12308,10624
11423,10625
9859,10626
3619,10627
19224,10628
12002,10629
14372,10630
18964,10631
16105,10632
997,10633
4215,10634
11333,10635
18672,10636
21226,10637
13959,10638
3170,10639
14499,10640
16227,10641
5185,10642
16251,10643
2228,10644
2775,10645
19523,10646
12296,10647
12740,10648
13531,10649
12705,10650
10044,10651
11718,10652
2761,10653
14097,10654
8331,10655
16558,10656
7648,10657
17308,10658
19296,10659
15051,10660
9677,10661
5513,10662
16526,10663
548,10664
411,10665
18090,10666
13455,10667
19693,10668
23870,10669
17251,10670
15332,10671
2462,10672
6638,10673
8868,10674
3789,10675
20937,10676
18869,10677
22574,10678
2138,10679
1413,10680
13855,10681
7798,10682
9843,10683
6425,10684
17569,10685
4621,10686
17535,10687
7495,10688
14749,10689
3740,10690
14637,10691
7275,10692
6495,10693
3031,10694
4126,10695
18001,10696
2308,10697
9685,10698
10369,10699
17218,10700
12414,10701
22720,10702
11620,10703
23097,10704
11293,10705
5279,10706
6785,10707
8674,10708
14479,10709
22635,10710
7015,10711
20904,10712
23144,10713
7832,10714
7432,10715
8513,10716
19770,10717
14356,10718
17353,10719
15095,10720
18147,10721
20556,10722
16566,10723
21674,10724
3867,10725
19858,10726
1193,10727
21470,10728
774,10729
23072,10730
5512,10731
21091,10732
2921,10733
4785,10734
19502,10735
14414,10736
13625,10737
9221,10738
14557,10739
5301,10740
13712,10741
14719,10742
7877,10743
4713,10744
23993,10745
13042,10746
1643,10747
14399,10748
17519,10749
19109,10750
23580,10751
23956,10752
15806,10753
4681,10754
15049,10755
14267,10756
21341,10757
22185,10758
15295,10759
3934,10760
19894,10761
3318,10762
8609,10763
22059,10764
20158,10765
3327,10766
11108,10767
11195,10768
12199,10769
18772,10770
22784,10771
5076,10772
6319,10773
22843,10774
3359,10775
6988,10776
16747,10777
5559,10778
2088,10779
4858,10780
22880,10781
18655,10782
23738,10783
16331,10784
14908,10785
19866,10786
13798,10787
10771,10788
10087,10789
18314,10790
13654,10791
12856,10792
22308,10793
23158,10794
19845,10795
17600,10796
5285,10797
4946,10798
1968,10799
2690,10800
18793,10801
11020,10802
17068,10803
17306,10804
17071,10805
16318,10806
11856,10807
7461,10808
16519,10809
15567,10810
7017,10811
3982,10812
20230,10813
19671,10814
17826,10815
18065,10816
9531,10817
19669,10818
11964,10819
17952,10820
17181,10821
14050,10822
22931,10823
2753,10824
22876,10825
20973,10826
8240,10827
14078,10828
796,10829
8805,10830
8071,10831
15281,10832
10291,10833
15935,10834
10874,10835
17439,10836
16688,10837
18990,10838
21572,10839
4735,10840
9246,10841
9046,10842
9747,10843
8329,10844
21118,10845
6963,10846
17303,10847
16149,10848
1622,10849
21220,10850
14774,10851
14332,10852
18136,10853
18937,10854
14295,10855
8693,10856
3922,10857
12895,10858
13693,10859
12404,10860
13666,10861
21498,10862
21477,10863
16578,10864
4004,10865
5888,10866
12250,10867
2359,10868
9330,10869
17095,10870
22909,10871
11660,10872
11054,10873
2628,10874
23767,10875
21016,10876
9003,10877
22907,10878
11625,10879
12723,10880
16943,10881
23089,10882
23951,10883
11923,10884
20170,10885
4914,10886
5617,10887
6261,10888
22055,10889
16814,10890
22054,10891
13211,10892
14797,10893
21368,10894
21018,10895
7572,10896
17324,10897
21746,10898
16573,10899
18930,10900
15818,10901
12950,10902
20214,10903
15070,10904
20092,10905
13157,10906
15591,10907
11178,10908
12797,10909
22699,10910
14342,10911
20996,10912
8401,10913
4288,10914
17383,10915
20768,10916
1800,10917
24139,10918
3302,10919
3068,10920
11458,10921
4468,10922
5140,10923
15662,10924
14848,10925
12017,10926
6414,10927
3828,10928
8250,10929
18267,10930
22475,10931
9026,10932
4788,10933
3521,10934
19464,10935
21142,10936
21063,10937
16448,10938
7627,10939
7567,10940
3581,10941
3578,10942
22575,10943
13574,10944
8311,10945
14364,10946
7732,10947
22479,10948
5324,10949
12932,10950
11527,10951
6601,10952
21915,10953
17200,10954
14821,10955
3504,10956
6195,10957
16648,10958
3216,10959
5333,10960
15685,10961
16442,10962
6234,10963
23234,10964
13651,10965
12853,10966
1676,10967
5231,10968
7312,10969
16807,10970
23654,10971
11966,10972
11499,10973
12757,10974
16610,10975
11956,10976
22513,10977
10115,10978
12920,10979
14707,10980
3090,10981
7089,10982
2558,10983
6406,10984
11167,10985
7755,10986
22328,10987
23332,10988
8778,10989
9460,10990
16963,10991
19038,10992
10853,10993
6290,10994
1331,10995
19517,10996
20059,10997
19836,10998
7954,10999
2769,11000
7175,11001
5364,11002
5072,11003
8960,11004
3366,11005
12006,11006
16928,11007
15909,11008
2287,11009
8542,11010
3243,11011
9915,11012
9233,11013
3496,11014
17119,11015
17163,11016
14068,11017
14897,11018
9716,11019
16364,11020
12478,11021
16410,11022
7631,11023
9069,11024
7638,11025
9751,11026
9719,11027
5715,11028
9037,11029
3590,11030
23986,11031
13275,11032
5612,11033
11692,11034
6305,11035
11087,11036
10401,11037
694,11038
2865,11039
8834,11040
12272,11041
1416,11042
7010,11043
5532,11044
6294,11045
563,11046
21177,11047
10400,11048
15656,11049
9035,11050
11086,11051
18183,11052
18983,11053
9517,11054
19788,11055
4237,11056
4830,11057
9061,11058
4122,11059
18777,11060
15568,11061
13225,11062
20455,11063
2578,11064
18851,11065
17241,11066
11817,11067
11797,11068
21411,11069
11479,11070
23125,11071
2100,11072
20222,11073
12507,11074
17823,11075
11762,11076
6282,11077
10424,11078
18633,11079
6968,11080
11110,11081
4870,11082
9060,11083
5573,11084
9058,11085
17833,11086
22989,11087
1856,11088
23849,11089
17242,11090
7323,11091
10842,11092
5011,11093
13353,11094
6917,11095
6980,11096
6232,11097
13351,11098
9051,11099
11111,11100
7651,11101
9733,11102
10425,11103
20232,11104
19435,11105
21276,11106
9743,11107
8334,11108
19518,11109
2044,11110
21886,11111
14091,11112
2765,11113
3457,11114
12503,11115
13298,11116
4164,11117
11711,11118
16491,11119
21034,11120
12626,11121
8853,11122
19656,11123
12610,11124
14177,11125
22464,11126
8791,11127
18297,11128
6809,11129
3711,11130
21710,11131
20601,11132
3710,11133
5811,11134
12144,11135
8092,11136
2409,11137
19963,11138
2732,11139
14916,11140
2010,11141
17185,11142
12080,11143
8023,11144
270,11145
6248,11146
16433,11147
6933,11148
17966,11149
12477,11150
11728,11151
10396,11152
12520,11153
11082,11154
12815,11155
17125,11156
10489,11157
10202,11158
11172,11159
4942,11160
3414,11161
7661,11162
3455,11163
8344,11164
9734,11165
6979,11166
20223,11167
4162,11168
12555,11169
6293,11170
9052,11171
12504,11172
17832,11173
18632,11174
14212,11175
423,11176
19655,11177
16490,11178
12609,11179
18030,11180
14527,11181
7406,11182
17551,11183
454,11184
5121,11185
8426,11186
8965,11187
17401,11188
20960,11189
20416,11190
20282,11191
12521,11192
15617,11193
11729,11194
17123,11195
4298,11196
14857,11197
5009,11198
6071,11199
3588,11200
20396,11201
18615,11202
22825,11203
15010,11204
14808,11205
15756,11206
3275,11207
14223,11208
11845,11209
17252,11210
12196,11211
2004,11212
5290,11213
11511,11214
3545,11215
1850,11216
19673,11217
19433,11218
22148,11219
2573,11220
23997,11221
23867,11222
23714,11223
4855,11224
11786,11225
6850,11226
7338,11227
23396,11228
24178,11229
20831,11230
18337,11231
13663,11232
19072,11233
21828,11234
1987,11235
18577,11236
14939,11237
20976,11238
11562,11239
1540,11240
16914,11241
14605,11242
210,11243
9206,11244
1109,11245
11249,11246
747,11247
1823,11248
9886,11249
2264,11250
2987,11251
22337,11252
10180,11253
7839,11254
8521,11255
9158,11256
21673,11257
275,11258
19095,11259
8201,11260
3290,11261
18236,11262
6725,11263
15976,11264
658,11265
6256,11266
1378,11267
4848,11268
5549,11269
14135,11270
13343,11271
17089,11272
16336,11273
16535,11274
23047,11275
8010,11276
3214,11277
12323,11278
5156,11279
13723,11280
465,11281
11885,11282
22961,11283
12605,11284
23812,11285
13804,11286
8031,11287
1864,11288
19033,11289
20730,11290
21785,11291
23821,11292
24006,11293
17930,11294
11021,11295
11911,11296
19297,11297
12702,11298
280,11299
24173,11300
1897,11301
23918,11302
19314,11303
3058,11304
21560,11305
23561,11306
22415,11307
18141,11308
12870,11309
18525,11310
16761,11311
5935,11312
17586,11313
10802,11314
10118,11315
9546,11316
19060,11317
6723,11318
19019,11319
12249,11320
23134,11321
9332,11322
1194,11323
11386,11324
6238,11325
14755,11326
5620,11327
8364,11328
12455,11329
23768,11330
19414,11331
12417,11332
21379,11333
20211,11334
13521,11335
13090,11336
15832,11337
15075,11338
20526,11339
24239,11340
305,11341
23250,11342
4712,11343
18218,11344
21000,11345
21921,11346
5840,11347
13054,11348
3723,11349
5806,11350
5104,11351
2977,11352
22462,11353
10162,11354
21487,11355
948,11356
5168,11357
15504,11358
14743,11359
8909,11360
7663,11361
13307,11362
13400,11363
3389,11364
17214,11365
10363,11366
9678,11367
21319,11368
5388,11369
16530,11370
17280,11371
21320,11372
23335,11373
352,11374
16429,11375
16517,11376
17836,11377
20441,11378
14020,11379
12608,11380
15515,11381
14754,11382
11814,11383
23823,11384
21242,11385
13011,11386
7348,11387
8157,11388
19137,11389
18233,11390
3321,11391
12607,11392
6625,11393
13034,11394
941,11395
15200,11396
2678,11397
4796,11398
3380,11399
20990,11400
22251,11401
11495,11402
21396,11403
23974,11404
21395,11405
17681,11406
22250,11407
15878,11408
10450,11409
19182,11410
6021,11411
6634,11412
11979,11413
5962,11414
6827,11415
6991,11416
9718,11417
7673,11418
8321,11419
9036,11420
16670,11421
15920,11422
16921,11423
15163,11424
15697,11425
11644,11426
15640,11427
2045,11428
17145,11429
4165,11430
23608,11431
5692,11432
12197,11433
3881,11434
24074,11435
10314,11436
8430,11437
11486,11438
4293,11439
16213,11440
11416,11441
11080,11442
21975,11443
5569,11444
12814,11445
5466,11446
12765,11447
23905,11448
23043,11449
22175,11450
12948,11451
2512,11452
19100,11453
6216,11454
22182,11455
20106,11456
17490,11457
9136,11458
19725,11459
21658,11460
1024,11461
19936,11462
11609,11463
23957,11464
7487,11465
21744,11466
19017,11467
19139,11468
16002,11469
16760,11470
3824,11471
20002,11472
312,11473
1031,11474
9547,11475
19061,11476
8095,11477
20647,11478
955,11479
15977,11480
22234,11481
17766,11482
6398,11483
7081,11484
7076,11485
16056,11486
8782,11487
16032,11488
18530,11489
8439,11490
8876,11491
4470,11492
9490,11493
8549,11494
21298,11495
12436,11496
12604,11497
3985,11498
19439,11499
18038,11500
23819,11501
22950,11502
18036,11503
22746,11504
13393,11505
6018,11506
23312,11507
23469,11508
7276,11509
10316,11510
5706,11511
18476,11512
10460,11513
7067,11514
7054,11515
13065,11516
2143,11517
6412,11518
2862,11519
16857,11520
4578,11521
19546,11522
9621,11523
2792,11524
20967,11525
6047,11526
10648,11527
7227,11528
5783,11529
14773,11530
8946,11531
2789,11532
20868,11533
7845,11534
1527,11535
1106,11536
7103,11537
8528,11538
520,11539
22806,11540
22793,11541
12769,11542
13875,11543
9854,11544
9629,11545
20303,11546
9514,11547
9137,11548
7781,11549
9123,11550
2071,11551
1334,11552
3480,11553
1339,11554
12794,11555
17868,11556
19624,11557
20070,11558
12808,11559
10481,11560
14782,11561
21851,11562
22239,11563
23098,11564
22827,11565
13273,11566
23685,11567
12480,11568
11175,11569
6072,11570
9817,11571
19605,11572
20205,11573
12517,11574
15622,11575
17160,11576
7641,11577
16408,11578
6272,11579
18716,11580
19408,11581
18792,11582
17044,11583
18697,11584
23252,11585
1890,11586
20464,11587
2575,11588
19665,11589
8376,11590
21277,11591
4562,11592
2507,11593
3285,11594
19014,11595
11863,11596
19573,11597
7518,11598
7807,11599
4807,11600
5594,11601
18691,11602
20487,11603
413,11604
21786,11605
13394,11606
22496,11607
7379,11608
434,11609
12842,11610
23260,11611
20936,11612
20438,11613
1862,11614
14184,11615
13392,11616
14092,11617
2971,11618
9279,11619
7167,11620
15359,11621
13028,11622
12235,11623
16028,11624
15235,11625
18293,11626
22653,11627
2248,11628
12669,11629
4849,11630
20367,11631
3287,11632
12852,11633
12240,11634
24012,11635
18245,11636
9345,11637
10029,11638
10698,11639
14563,11640
8754,11641
9436,11642
20710,11643
13892,11644
16631,11645
20875,11646
19287,11647
12749,11648
8059,11649
15288,11650
6152,11651
5753,11652
12314,11653
19031,11654
16240,11655
14145,11656
11636,11657
12430,11658
19676,11659
9778,11660
17682,11661
9098,11662
8409,11663
7047,11664
12145,11665
10844,11666
8245,11667
23668,11668
9749,11669
16728,11670
17950,11671
2080,11672
6186,11673
21074,11674
13189,11675
4216,11676
22782,11677
20419,11678
6259,11679
20347,11680
17104,11681
15691,11682
15580,11683
17087,11684
2796,11685
23640,11686
18018,11687
18703,11688
17905,11689
4174,11690
14103,11691
6959,11692
17367,11693
13241,11694
4211,11695
23534,11696
16081,11697
9437,11698
16034,11699
20200,11700
20548,11701
1871,11702
2335,11703
21238,11704
16811,11705
8775,11706
1691,11707
462,11708
17243,11709
21751,11710
15961,11711
7001,11712
7676,11713
15613,11714
12519,11715
9715,11716
11170,11717
16923,11718
12021,11719
14937,11720
22749,11721
21896,11722
14090,11723
11107,11724
21116,11725
9054,11726
13350,11727
23611,11728
21047,11729
9736,11730
15639,11731
7659,11732
2046,11733
14878,11734
2047,11735
14088,11736
610,11737
14877,11738
3460,11739
6323,11740
11648,11741
17081,11742
13382,11743
13383,11744
1151,11745
14966,11746
15724,11747
18827,11748
4697,11749
12586,11750
20430,11751
19631,11752
15722,11753
16803,11754
13030,11755
1690,11756
3305,11757
4424,11758
22558,11759
5832,11760
859,11761
2996,11762
19168,11763
8796,11764
18307,11765
22857,11766
2746,11767
18754,11768
21053,11769
4412,11770
20863,11771
5820,11772
2268,11773
2991,11774
6535,11775
23320,11776
9478,11777
22340,11778
16132,11779
11988,11780
11496,11781
12779,11782
10455,11783
7724,11784
22470,11785
8785,11786
11208,11787
6164,11788
399,11789
2082,11790
18665,11791
1366,11792
600,11793
17225,11794
3361,11795
6196,11796
22810,11797
4313,11798
10600,11799
10859,11800
15507,11801
1319,11802
11784,11803
15510,11804
2555,11805
21957,11806
7182,11807
11166,11808
4756,11809
8550,11810
3663,11811
11337,11812
16869,11813
22534,11814
11438,11815
20728,11816
22349,11817
15521,11818
21834,11819
734,11820
1112,11821
21598,11822
13024,11823
143,11824
17748,11825
1539,11826
6731,11827
22686,11828
3624,11829
10941,11830
819,11831
15439,11832
22223,11833
23084,11834
8387,11835
8692,11836
3923,11837
14481,11838
12098,11839
21858,11840
13665,11841
12867,11842
23179,11843
24195,11844
5337,11845
4635,11846
6100,11847
24204,11848
20839,11849
14468,11850
18528,11851
855,11852
18458,11853
1575,11854
5126,11855
4740,11856
10602,11857
8108,11858
9240,11859
2944,11860
10582,11861
20795,11862
5300,11863
22424,11864
7491,11865
8657,11866
1715,11867
20471,11868
5724,11869
5205,11870
19389,11871
20307,11872
3467,11873
13522,11874
8434,11875
19992,11876
6011,11877
21991,11878
21922,11879
23701,11880
18667,11881
19471,11882
18019,11883
12269,11884
9964,11885
4648,11886
8527,11887
9281,11888
2175,11889
10665,11890
6860,11891
633,11892
10303,11893
6287,11894
2772,11895
23793,11896
18572,11897
2222,11898
9630,11899
23669,11900
2777,11901
12793,11902
15422,11903
16653,11904
20587,11905
12273,11906
19787,11907
8495,11908
8120,11909
2111,11910
19373,11911
20971,11912
11747,11913
11909,11914
4817,11915
6225,11916
21316,11917
8281,11918
22172,11919
21315,11920
23031,11921
23893,11922
18881,11923
16104,11924
9403,11925
22376,11926
6129,11927
22171,11928
23706,11929
21993,11930
3449,11931
20421,11932
20969,11933
21778,11934
795,11935
14648,11936
2239,11937
2962,11938
2933,11939
14576,11940
8736,11941
24165,11942
14703,11943
19024,11944
8472,11945
20009,11946
4586,11947
12142,11948
13159,11949
5051,11950
393,11951
11239,11952
848,11953
2943,11954
9974,11955
8940,11956
19509,11957
1337,11958
11724,11959
1941,11960
19508,11961
4175,11962
20320,11963
992,11964
1391,11965
19386,11966
20934,11967
836,11968
19266,11969
1556,11970
10678,11971
828,11972
4868,11973
6295,11974
5571,11975
6981,11976
11104,11977
23888,11978
10418,11979
23027,11980
9525,11981
22167,11982
22156,11983
8498,11984
9504,11985
7139,11986
12825,11987
18992,11988
18413,11989
297,11990
22444,11991
23479,11992
15963,11993
19677,11994
20476,11995
22154,11996
17615,11997
3156,11998
20709,11999
20134,12000
22155,12001
20673,12002
23519,12003
19617,12004
20186,12005
22863,12006
580,12007
23721,12008
5545,12009
12546,12010
4844,12011
11754,12012
16334,12013
16616,12014
16571,12015
8271,12016
15029,12017
21813,12018
2107,12019
23777,12020
6865,12021
13985,12022
7609,12023
18010,12024
7557,12025
2670,12026
4080,12027
13192,12028
9638,12029
18156,12030
6365,12031
19209,12032
5292,12033
24086,12034
13896,12035
21450,12036
10166,12037
13646,12038
16709,12039
24228,12040
10331,12041
6879,12042
11146,12043
12280,12044
9649,12045
22263,12046
9109,12047
9789,12048
12299,12049
22227,12050
21372,12051
15817,12052
8690,12053
1082,12054
20742,12055
11612,12056
6801,12057
892,12058
1445,12059
2675,12060
18007,12061
14779,12062
17046,12063
21841,12064
8350,12065
14948,12066
23859,12067
10634,12068
11319,12069
11267,12070
18402,12071
12435,12072
21257,12073
12978,12074
1036,12075
21571,12076
11611,12077
20541,12078
2598,12079
10048,12080
22754,12081
20334,12082
18031,12083
23338,12084
3209,12085
19928,12086
15489,12087
22098,12088
14784,12089
16605,12090
7280,12091
9066,12092
9010,12093
17274,12094
22165,12095
20804,12096
3526,12097
11503,12098
17347,12099
18148,12100
7702,12101
6901,12102
1982,12103
11874,12104
12667,12105
3269,12106
14252,12107
13460,12108
23036,12109
24214,12110
18343,12111
18532,12112
12799,12113
2713,12114
1991,12115
21318,12116
4254,12117
18766,12118
15782,12119
5269,12120
10765,12121
18744,12122
6362,12123
16352,12124
23702,12125
15598,12126
12574,12127
18002,12128
21998,12129
20344,12130
3445,12131
22850,12132
2033,12133
5477,12134
2754,12135
12550,12136
11758,12137
17085,12138
2077,12139
5491,12140
18666,12141
17947,12142
22775,12143
18783,12144
20423,12145
11579,12146
13568,12147
1747,12148
8864,12149
5930,12150
16133,12151
11969,12152
13876,12153
10445,12154
9769,12155
15851,12156
22526,12157
281,12158
12925,12159
21772,12160
19025,12161
23049,12162
22416,12163
11538,12164
21561,12165
14458,12166
12076,12167
21481,12168
20802,12169
10117,12170
10801,12171
6782,12172
22319,12173
5201,12174
14624,12175
7295,12176
10700,12177
4745,12178
8287,12179
4945,12180
11052,12181
4240,12182
16300,12183
19412,12184
17053,12185
17339,12186
23450,12187
7680,12188
18569,12189
638,12190
14058,12191
13367,12192
11942,12193
22594,12194
14314,12195
13524,12196
21359,12197
13780,12198
6923,12199
20209,12200
11622,12201
18942,12202
3261,12203
19748,12204
20549,12205
18919,12206
12986,12207
4044,12208
8783,12209
16785,12210
12335,12211
17294,12212
8885,12213
5149,12214
13845,12215
7271,12216
14742,12217
6573,12218
2312,12219
492,12220
8552,12221
493,12222
8544,12223
15410,12224
10986,12225
9242,12226
6866,12227
18950,12228
3951,12229
3621,12230
7869,12231
4371,12232
2924,12233
24187,12234
12392,12235
13185,12236
8484,12237
9445,12238
1153,12239
17477,12240
3844,12241
12340,12242
12603,12243
5352,12244
6531,12245
8579,12246
9909,12247
16095,12248
5992,12249
19961,12250
19312,12251
15215,12252
23511,12253
14520,12254
13902,12255
21442,12256
4748,12257
4336,12258
7415,12259
14434,12260
23722,12261
12495,12262
19918,12263
19080,12264
16752,12265
23181,12266
17575,12267
17635,12268
18434,12269
20926,12270
5214,12271
22048,12272
4959,12273
18635,12274
19645,12275
20235,12276
14196,12277
11641,12278
11819,12279
21703,12280
6574,12281
7258,12282
7913,12283
17033,12284
11201,12285
673,12286
880,12287
4066,12288
9108,12289
16932,12290
7747,12291
7070,12292
23118,12293
8018,12294
1714,12295
16047,12296
12313,12297
3759,12298
11521,12299
10050,12300
14001,12301
4802,12302
13209,12303
15073,12304
17058,12305
11933,12306
14675,12307
14305,12308
13515,12309
17320,12310
19192,12311
4969,12312
13196,12313
23096,12314
23454,12315
15829,12316
13518,12317
23076,12318
18416,12319
8731,12320
21576,12321
6797,12322
3748,12323
6779,12324
15737,12325
14978,12326
19637,12327
24220,12328
6009,12329
6791,12330
8659,12331
11457,12332
10742,12333
16430,12334
22839,12335
6876,12336
13285,12337
23625,12338
650,12339
4863,12340
12547,12341
5564,12342
11755,12343
6233,12344
17818,12345
19582,12346
6218,12347
20381,12348
1226,12349
17904,12350
12389,12351
15565,12352
14806,12353
7019,12354
1849,12355
16512,12356
21036,12357
12617,12358
11640,12359
21887,12360
9538,12361
14202,12362
19648,12363
7468,12364
14980,12365
17246,12366
1245,12367
14160,12368
17800,12369
3801,12370
8056,12371
10293,12372
3669,12373
4041,12374
9947,12375
4752,12376
7878,12377
3948,12378
7198,12379
6513,12380
10583,12381
3237,12382
5788,12383
22572,12384
10628,12385
15192,12386
1485,12387
19911,12388
17581,12389
9624,12390
22819,12391
14325,12392
19728,12393
13801,12394
1716,12395
22840,12396
12271,12397
5006,12398
2868,12399
15897,12400
4085,12401
17897,12402
4800,12403
18695,12404
17890,12405
15847,12406
19473,12407
18821,12408
23528,12409
22589,12410
14887,12411
5818,12412
1562,12413
15315,12414
8768,12415
17036,12416
9637,12417
5481,12418
20731,12419
6872,12420
2826,12421
21818,12422
10570,12423
15713,12424
1948,12425
14954,12426
23526,12427
10573,12428
10177,12429
19374,12430
23670,12431
512,12432
14161,12433
1686,12434
968,12435
1176,12436
3818,12437
16469,12438
19390,12439
21207,12440
10311,12441
17794,12442
23551,12443
21954,12444
15783,12445
20097,12446
22189,12447
14258,12448
21022,12449
5597,12450
5587,12451
14923,12452
14660,12453
2729,12454
7045,12455
23440,12456
19285,12457
15433,12458
15865,12459
15108,12460
18924,12461
1978,12462
18618,12463
11884,12464
1129,12465
16534,12466
6480,12467
7841,12468
13369,12469
5500,12470
532,12471
21951,12472
1342,12473
19519,12474
10413,12475
15647,12476
11099,12477
17152,12478
1323,12479
13497,12480
603,12481
14287,12482
24145,12483
14738,12484
8553,12485
5361,12486
13624,12487
9928,12488
2926,12489
24189,12490
3298,12491
1629,12492
13045,12493
1697,12494
4090,12495
13119,12496
7713,12497
2416,12498
16004,12499
15246,12500
23185,12501
19208,12502
1746,12503
2469,12504
6096,12505
3109,12506
1802,12507
20006,12508
9424,12509
15262,12510
10919,12511
13642,12512
20696,12513
4706,12514
8188,12515
15770,12516
8140,12517
15012,12518
20485,12519
11860,12520
6600,12521
19249,12522
11411,12523
7550,12524
6984,12525
6643,12526
15871,12527
18389,12528
1775,12529
15451,12530
23232,12531
1894,12532
3806,12533
23976,12534
22578,12535
18157,12536
12643,12537
19441,12538
15571,12539
21243,12540
1150,12541
22953,12542
22981,12543
332,12544
6799,12545
1642,12546
24147,12547
13923,12548
15855,12549
22587,12550
15098,12551
14333,12552
16599,12553
15203,12554
14098,12555
9316,12556
23531,12557
19370,12558
11255,12559
5366,12560
7163,12561
9893,12562
5163,12563
2309,12564
17018,12565
1904,12566
3032,12567
12377,12568
5468,12569
17765,12570
9684,12571
13246,12572
17172,12573
18798,12574
19483,12575
20398,12576
12456,12577
19598,12578
9687,12579
18796,12580
14002,12581
11626,12582
15555,12583
7029,12584
14793,12585
4767,12586
22663,12587
23520,12588
23537,12589
21978,12590
9710,12591
15822,12592
6147,12593
23688,12594
11574,12595
12569,12596
10957,12597
23769,12598
4766,12599
23092,12600
2006,12601
6141,12602
22020,12603
19452,12604
9748,12605
11096,12606
11117,12607
9727,12608
7028,12609
9045,12610
6344,12611
4678,12612
4966,12613
11038,12614
1260,12615
14262,12616
3266,12617
14261,12618
20501,12619
13470,12620
12672,12621
24217,12622
7587,12623
19704,12624
407,12625
21337,12626
23916,12627
1765,12628
13639,12629
14461,12630
3424,12631
11049,12632
3119,12633
22490,12634
2491,12635
1768,12636
18309,12637
15227,12638
14442,12639
4529,12640
5232,12641
18248,12642
21628,12643
1061,12644
6324,12645
17824,12646
23585,12647
10365,12648
12650,12649
9526,12650
14235,12651
19432,12652
22135,12653
4139,12654
22010,12655
2019,12656
14134,12657
13009,12658
9399,12659
18336,12660
8867,12661
12055,12662
4027,12663
15380,12664
18235,12665
13980,12666
17906,12667
2054,12668
16591,12669
19643,12670
12218,12671
6665,12672
8005,12673
16951,12674
20630,12675
4026,12676
13401,12677
9435,12678
17661,12679
1452,12680
14503,12681
18523,12682
20617,12683
1210,12684
15175,12685
9231,12686
21840,12687
17388,12688
14233,12689
22157,12690
13738,12691
11941,12692
1481,12693
22469,12694
19756,12695
16838,12696
7363,12697
7003,12698
15600,12699
4246,12700
7563,12701
17899,12702
17889,12703
10449,12704
11497,12705
9773,12706
20171,12707
20788,12708
3194,12709
972,12710
20899,12711
14731,12712
23112,12713
12288,12714
15879,12715
19761,12716
15222,12717
18730,12718
16681,12719
23380,12720
1016,12721
16793,12722
21773,12723
8666,12724
19245,12725
10748,12726
22008,12727
6158,12728
9178,12729
7437,12730
10535,12731
17853,12732
4227,12733
1304,12734
20368,12735
17091,12736
11657,12737
7894,12738
6486,12739
19202,12740
10129,12741
19960,12742
13942,12743
9959,12744
20065,12745
14928,12746
16339,12747
8382,12748
18103,12749
17576,12750
2486,12751
17942,12752
7221,12753
4100,12754
22895,12755
8995,12756
2708,12757
1975,12758
20387,12759
9661,12760
10345,12761
18786,12762
21189,12763
1986,12764
1269,12765
14244,12766
6213,12767
5514,12768
3398,12769
12659,12770
10347,12771
17986,12772
4814,12773
4106,12774
18885,12775
11030,12776
19587,12777
10766,12778
3138,12779
3839,12780
5241,12781
13914,12782
20620,12783
18597,12784
13527,12785
15385,12786
19822,12787
23527,12788
4917,12789
5942,12790
21483,12791
13797,12792
4581,12793
5283,12794
10914,12795
19856,12796
8797,12797
21459,12798
20654,12799
17767,12800
2626,12801
6144,12802
12457,12803
17007,12804
18542,12805
8112,12806
5769,12807
2829,12808
7556,12809
8238,12810
23780,12811
5498,12812
511,12813
2669,12814
22916,12815
9842,12816
6066,12817
2172,12818
1249,12819
22693,12820
17993,12821
9141,12822
6326,12823
15140,12824
12281,12825
16649,12826
18977,12827
7733,12828
23358,12829
327,12830
16046,12831
22608,12832
11425,12833
12958,12834
20835,12835
23279,12836
10244,12837
21005,12838
17325,12839
8649,12840
16191,12841
18931,12842
19737,12843
17223,12844
4764,12845
18482,12846
13535,12847
11131,12848
9329,12849
19257,12850
8874,12851
2365,12852
21133,12853
11506,12854
18934,12855
18133,12856
13437,12857
3980,12858
14229,12859
14811,12860
18638,12861
22955,12862
11808,12863
9542,12864
21245,12865
1861,12866
22100,12867
11800,12868
22745,12869
13396,12870
16075,12871
10815,12872
1155,12873
19028,12874
20040,12875
15210,12876
15526,12877
7548,12878
17134,12879
2052,12880
18153,12881
8859,12882
11810,12883
17240,12884
16484,12885
13395,12886
10373,12887
17228,12888
4554,12889
5937,12890
19377,12891
21830,12892
11587,12893
1463,12894
6124,12895
10255,12896
9302,12897
1244,12898
18174,12899
10333,12900
1958,12901
8425,12902
6473,12903
12787,12904
1110,12905
5056,12906
5760,12907
1111,12908
7157,12909
19259,12910
5119,12911
10187,12912
15937,12913
15180,12914
5037,12915
23359,12916
8060,12917
13724,12918
2638,12919
13909,12920
13636,12921
11450,12922
14427,12923
20357,12924
9025,12925
12543,12926
13244,12927
22478,12928
5325,12929
12922,12930
7558,12931
11141,12932
5410,12933
19812,12934
16933,12935
7064,12936
7742,12937
17984,12938
2718,12939
560,12940
15769,12941
10895,12942
16520,12943
17831,12944
23008,12945
21883,12946
20460,12947
9609,12948
4376,12949
20869,12950
2232,12951
2954,12952
5069,12953
13767,12954
6027,12955
20714,12956
19915,12957
13906,12958
1383,12959
6252,12960
9325,12961
13058,12962
8581,12963
16703,12964
17658,12965
7928,12966
11378,12967
13232,12968
14814,12969
16329,12970
10706,12971
13053,12972
17459,12973
16708,12974
10677,12975
12391,12976
9163,12977
15884,12978
21870,12979
21019,12980
21868,12981
14003,12982
22228,12983
20544,12984
20537,12985
23960,12986
13093,12987
19736,12988
6300,12989
13581,12990
1561,12991
18599,12992
22804,12993
15820,12994
5268,12995
8719,12996
14485,12997
21849,12998
17337,12999
13695,13000
8614,13001
7931,13002
7232,13003
13812,13004
20029,13005
20706,13006
5428,13007
15196,13008
5291,13009
15255,13010
7505,13011
22112,13012
9539,13013
13405,13014
14197,13015
17236,13016
15455,13017
3064,13018
11459,13019
3046,13020
11649,13021
14953,13022
1739,13023
451,13024
12848,13025
16778,13026
18535,13027
11842,13028
9128,13029
3964,13030
9808,13031
10483,13032
7290,13033
12251,13034
7975,13035
5142,13036
14903,13037
5568,13038
8449,13039
6075,13040
2063,13041
3473,13042
22898,13043
1348,13044
4180,13045
19588,13046
15177,13047
18073,13048
3546,13049
20776,13050
7394,13051
18331,13052
22668,13053
4306,13054
10199,13055
2872,13056
2149,13057
5014,13058
5718,13059
2418,13060
1889,13061
21262,13062
8856,13063
23835,13064
22975,13065
15727,13066
16073,13067
6695,13068
14687,13069
3777,13070
17572,13071
345,13072
15274,13073
13155,13074
5416,13075
4483,13076
15944,13077
3950,13078
8555,13079
6507,13080
14230,13081
23603,13082
23822,13083
18637,13084
17239,13085
1149,13086
22958,13087
18835,13088
23810,13089
14010,13090
15707,13091
9673,13092
8990,13093
7011,13094
3656,13095
10176,13096
2220,13097
2942,13098
7171,13099
19996,13100
10813,13101
21566,13102
5422,13103
7973,13104
14631,13105
10054,13106
20930,13107
838,13108
23426,13109
1558,13110
2279,13111
2272,13112
4569,13113
9392,13114
14748,13115
15714,13116
20252,13117
22858,13118
2024,13119
19575,13120
2745,13121
20373,13122
20244,13123
23694,13124
21704,13125
9992,13126
23128,13127
9981,13128
13979,13129
18605,13130
6301,13131
5608,13132
13280,13133
15089,13134
12295,13135
15846,13136
21737,13137
7714,13138
7037,13139
9076,13140
16596,13141
7586,13142
8383,13143
23044,13144
4495,13145
3358,13146
17908,13147
2053,13148
17159,13149
9041,13150
16618,13151
12115,13152
14739,13153
4370,13154
17728,13155
2356,13156
17354,13157
16316,13158
11901,13159
8264,13160
14273,13161
14680,13162
22201,13163
21345,13164
13479,13165
9658,13166
19712,13167
8840,13168
13483,13169
14274,13170
10084,13171
12130,13172
1899,13173
6359,13174
13083,13175
7043,13176
4979,13177
17352,13178
20920,13179
7983,13180
16107,13181
8716,13182
7476,13183
9379,13184
8802,13185
2372,13186
18755,13187
3510,13188
4852,13189
19556,13190
4144,13191
3436,13192
19933,13193
20137,13194
22107,13195
8992,13196
22781,13197
4217,13198
17872,13199
8941,13200
12552,13201
23639,13202
5654,13203
11760,13204
14817,13205
17096,13206
17843,13207
19538,13208
12562,13209
4115,13210
4823,13211
23872,13212
1136,13213
23012,13214
18636,13215
22963,13216
9541,13217
21039,13218
11812,13219
1860,13220
13398,13221
21252,13222
20442,13223
17837,13224
20440,13225
10226,13226
17083,13227
18736,13228
4952,13229
20968,13230
17024,13231
17970,13232
1835,13233
1427,13234
5022,13235
9138,13236
5974,13237
16122,13238
20236,13239
14972,13240
20708,13241
7246,13242
22980,13243
12597,13244
23270,13245
17726,13246
24132,13247
20680,13248
15243,13249
1682,13250
12982,13251
12630,13252
12195,13253
5996,13254
19127,13255
6105,13256
2357,13257
9575,13258
23865,13259
9565,13260
5876,13261
19161,13262
1199,13263
12831,13264
7434,13265
14412,13266
9192,13267
12817,13268
15354,13269
17164,13270
11689,13271
16412,13272
13274,13273
9816,13274
9208,13275
2891,13276
19206,13277
314,13278
21511,13279
18546,13280
10568,13281
3246,13282
3994,13283
19042,13284
10851,13285
18242,13286
17491,13287
10715,13288
11400,13289
867,13290
21653,13291
13820,13292
11440,13293
22387,13294
15989,13295
24077,13296
16121,13297
137,13298
13174,13299
10564,13300
23510,13301
4399,13302
11588,13303
5758,13304
9498,13305
740,13306
1461,13307
5040,13308
13807,13309
9394,13310
13854,13311
7906,13312
8589,13313
1531,13314
9351,13315
8022,13316
188,13317
19430,13318
23850,13319
9535,13320
22990,13321
14195,13322
21255,13323
22947,13324
17556,13325
12238,13326
19891,13327
1888,13328
7242,13329
21711,13330
16076,13331
6999,13332
8058,13333
19405,13334
22229,13335
1498,13336
12058,13337
19842,13338
2317,13339
10032,13340
7251,13341
18417,13342
7356,13343
9412,13344
17194,13345
9007,13346
9511,13347
7796,13348
9644,13349
10472,13350
8838,13351
12007,13352
14377,13353
9793,13354
12163,13355
21687,13356
8880,13357
17544,13358
4711,13359
6140,13360
9940,13361
3238,13362
11306,13363
10621,13364
11270,13365
17596,13366
934,13367
8474,13368
10068,13369
8478,13370
13459,13371
14251,13372
11868,13373
23350,13374
20834,13375
19896,13376
17708,13377
5508,13378
18891,13379
2379,13380
12527,13381
16357,13382
18732,13383
20417,13384
16281,13385
17034,13386
2174,13387
6749,13388
18674,13389
12660,13390
12949,13391
10823,13392
13713,13393
10269,13394
20123,13395
22176,13396
1132,13397
21321,13398
10730,13399
16182,13400
13570,13401
14360,13402
16624,13403
17063,13404
17311,13405
17067,13406
16561,13407
405,13408
15811,13409
15054,13410
23069,13411
14534,13412
12989,13413
10793,13414
5250,13415
20142,13416
7016,13417
6789,13418
3079,13419
15390,13420
920,13421
18751,13422
21909,13423
22852,13424
23620,13425
23736,13426
22762,13427
22878,13428
12445,13429
16335,13430
5623,13431
5628,13432
4213,13433
18670,13434
6318,13435
19474,13436
20272,13437
20420,13438
19621,13439
6921,13440
20970,13441
18545,13442
11253,13443
1821,13444
753,13445
1473,13446
5740,13447
20786,13448
3906,13449
20707,13450
3286,13451
16738,13452
11148,13453
15062,13454
19986,13455
4614,13456
12118,13457
13990,13458
5672,13459
23455,13460
4263,13461
2595,13462
11421,13463
4532,13464
9383,13465
283,13466
7352,13467
3898,13468
21990,13469
12427,13470
4891,13471
8981,13472
17895,13473
23446,13474
12744,13475
11953,13476
5666,13477
4103,13478
625,13479
3474,13480
20497,13481
4686,13482
19698,13483
22184,13484
18088,13485
6900,13486
1345,13487
17893,13488
15015,13489
8842,13490
23029,13491
17279,13492
2715,13493
23024,13494
8733,13495
13597,13496
2643,13497
1924,13498
1504,13499
1815,13500
784,13501
11300,13502
8536,13503
7199,13504
18591,13505
21952,13506
20060,13507
2283,13508
1563,13509
8592,13510
8701,13511
14610,13512
12892,13513
12072,13514
11575,13515
19615,13516
7512,13517
18602,13518
21640,13519
9447,13520
4552,13521
13135,13522
18499,13523
6615,13524
22103,13525
8355,13526
14860,13527
17409,13528
14071,13529
12005,13530
14658,13531
16657,13532
1969,13533
12758,13534
21928,13535
3508,13536
19476,13537
22932,13538
2451,13539
14510,13540
20927,13541
6402,13542
17720,13543
23138,13544
18915,13545
1737,13546
15283,13547
1915,13548
10546,13549
2550,13550
17441,13551
16690,13552
721,13553
4954,13554
14987,13555
19199,13556
6694,13557
5253,13558
17700,13559
17482,13560
3066,13561
21712,13562
23418,13563
11373,13564
10688,13565
2258,13566
15533,13567
6858,13568
2883,13569
17429,13570
7239,13571
6555,13572
8548,13573
4821,13574
11766,13575
2000,13576
3415,13577
2724,13578
384,13579
15887,13580
15003,13581
23586,13582
17825,13583
23013,13584
8226,13585
3611,13586
18643,13587
17084,13588
15578,13589
21131,13590
22835,13591
12190,13592
9429,13593
18344,13594
10929,13595
16308,13596
18246,13597
21354,13598
10549,13599
9870,13600
14395,13601
8012,13602
15375,13603
16798,13604
17715,13605
14432,13606
15381,13607
9603,13608
12037,13609
12994,13610
8043,13611
19949,13612
6794,13613
12044,13614
14717,13615
14416,13616
1097,13617
12834,13618
10623,13619
12755,13620
22586,13621
13546,13622
14336,13623
12747,13624
23373,13625
10799,13626
20746,13627
5414,13628
2368,13629
16896,13630
1650,13631
18710,13632
10031,13633
1935,13634
21114,13635
20285,13636
4878,13637
22821,13638
20365,13639
17771,13640
12494,13641
14867,13642
5610,13643
6927,13644
21889,13645
13407,13646
1146,13647
20445,13648
19646,13649
12047,13650
2816,13651
10979,13652
789,13653
6053,13654
9102,13655
12284,13656
2135,13657
20510,13658
18415,13659
8732,13660
23277,13661
19335,13662
13486,13663
8175,13664
18908,13665
19427,13666
1285,13667
17265,13668
15566,13669
17263,13670
7020,13671
5520,13672
21305,13673
10210,13674
23020,13675
22731,13676
23591,13677
23862,13678
420,13679
22145,13680
8850,13681
3542,13682
20466,13683
18853,13684
5264,13685
6702,13686
15449,13687
5884,13688
2280,13689
18463,13690
839,13691
5815,13692
5809,13693
15357,13694
5275,13695
18301,13696
19874,13697
17021,13698
21218,13699
4061,13700
14724,13701
9855,13702
5739,13703
16817,13704
3915,13705
16036,13706
20122,13707
9610,13708
8492,13709
2552,13710
1647,13711
5323,13712
20738,13713
6166,13714
18994,13715
8827,13716
7121,13717
7799,13718
7109,13719
2605,13720
17199,13721
18785,13722
550,13723
5515,13724
20489,13725
10550,13726
7111,13727
18979,13728
2854,13729
15331,13730
8743,13731
7685,13732
7547,13733
13983,13734
1353,13735
2068,13736
619,13737
17406,13738
13864,13739
17088,13740
15581,13741
14822,13742
6315,13743
6316,13744
4919,13745
3644,13746
21443,13747
4769,13748
6142,13749
15513,13750
17019,13751
4032,13752
20961,13753
11576,13754
4836,13755
22667,13756
22645,13757
9945,13758
4653,13759
12835,13760
13628,13761
2927,13762
24190,13763
8786,13764
19950,13765
4577,13766
20733,13767
5440,13768
10251,13769
6620,13770
14994,13771
15805,13772
3399,13773
23745,13774
7596,13775
564,13776
3400,13777
22034,13778
21024,13779
23587,13780
12645,13781
6224,13782
20378,13783
4123,13784
2001,13785
17267,13786
2722,13787
15006,13788
20945,13789
6418,13790
7444,13791
8461,13792
7780,13793
2870,13794
21616,13795
10146,13796
18303,13797
19125,13798
9382,13799
4812,13800
21184,13801
21580,13802
488,13803
5044,13804
16223,13805
7294,13806
8803,13807
7979,13808
17958,13809
18500,13810
7981,13811
10170,13812
7296,13813
1224,13814
20310,13815
3465,13816
17920,13817
2039,13818
17369,13819
15910,13820
9794,13821
15324,13822
7370,13823
15276,13824
12334,13825
8443,13826
2593,13827
3259,13828
23619,13829
3784,13830
4031,13831
15634,13832
2770,13833
11205,13834
9508,13835
10522,13836
14082,13837
16827,13838
8764,13839
22405,13840
23496,13841
21280,13842
10218,13843
23854,13844
22994,13845
5403,13846
7978,13847
15736,13848
16483,13849
20789,13850
4608,13851
17522,13852
16983,13853
20444,13854
1147,13855
19306,13856
1621,13857
8765,13858
17701,13859
2423,13860
11549,13861
17238,13862
2583,13863
7300,13864
16487,13865
12602,13866
15728,13867
15382,13868
23142,13869
21148,13870
21137,13871
18656,13872
2087,13873
22761,13874
17869,13875
593,13876
6177,13877
23673,13878
8955,13879
22815,13880
4882,13881
18144,13882
16776,13883
15490,13884
22982,13885
2716,13886
21020,13887
11859,13888
11719,13889
10049,13890
6832,13891
20175,13892
20166,13893
16267,13894
8199,13895
23502,13896
22830,13897
9028,13898
11778,13899
15549,13900
16302,13901
15835,13902
17812,13903
20890,13904
13523,13905
22721,13906
17020,13907
7607,13908
14307,13909
10956,13910
11663,13911
12524,13912
20281,13913
19599,13914
21017,13915
21869,13916
13210,13917
20545,13918
14004,13919
2120,13920
16582,13921
13092,13922
2842,13923
677,13924
18918,13925
23368,13926
317,13927
19145,13928
8879,13929
10734,13930
17804,13931
8906,13932
14180,13933
14571,13934
17622,13935
205,13936
18166,13937
21393,13938
20558,13939
14329,13940
15844,13941
19754,13942
12712,13943
20021,13944
5278,13945
3112,13946
4035,13947
778,13948
3113,13949
10848,13950
23173,13951
10707,13952
15398,13953
1597,13954
16262,13955
17652,13956
10717,13957
1933,13958
2654,13959
20163,13960
4055,13961
22071,13962
16909,13963
11399,13964
12365,13965
19614,13966
498,13967
22072,13968
4763,13969
4243,13970
18814,13971
23412,13972
11392,13973
1219,13974
13370,13975
1223,13976
18015,13977
5474,13978
20411,13979
16910,13980
3036,13981
1906,13982
4762,13983
17015,13984
19616,13985
11280,13986
1819,13987
3329,13988
10858,13989
7865,13990
9635,13991
8131,13992
22923,13993
1564,13994
10685,13995
18011,13996
1494,13997
11010,13998
16925,13999
15159,14000
4053,14001
20413,14002
17787,14003
10164,14004
2391,14005
14641,14006
6575,14007
19612,14008
4783,14009
18586,14010
23783,14011
1239,14012
1836,14013
5075,14014
8109,14015
777,14016
9639,14017
6760,14018
7090,14019
16870,14020
189,14021
3355,14022
11781,14023
502,14024
20388,14025
2704,14026
1264,14027
18893,14028
1130,14029
23045,14030
545,14031
15780,14032
409,14033
1410,14034
14665,14035
18169,14036
18969,14037
13077,14038
4659,14039
10609,14040
7189,14041
9896,14042
22466,14043
14900,14044
13269,14045
21062,14046
18747,14047
22767,14048
22938,14049
21122,14050
6263,14051
12022,14052
7447,14053
11171,14054
19593,14055
8265,14056
6211,14057
17987,14058
1268,14059
4813,14060
13451,14061
14885,14062
21914,14063
18024,14064
1930,14065
20287,14066
8419,14067
20874,14068
3573,14069
4283,14070
19768,14071
21677,14072
8026,14073
5203,14074
14873,14075
21077,14076
15608,14077
17170,14078
16362,14079
3601,14080
17114,14081
5727,14082
613,14083
21967,14084
19487,14085
14130,14086
8295,14087
5581,14088
11702,14089
22791,14090
6990,14091
21985,14092
19478,14093
15047,14094
1840,14095
5710,14096
15421,14097
22254,14098
12003,14099
7729,14100
5246,14101
9739,14102
16755,14103
18281,14104
2331,14105
8468,14106
21627,14107
2500,14108
8920,14109
16387,14110
8206,14111
10633,14112
16915,14113
4169,14114
7151,14115
10184,14116
6467,14117
7210,14118
1203,14119
5091,14120
6681,14121
11510,14122
14423,14123
5251,14124
22642,14125
18067,14126
10829,14127
21514,14128
13936,14129
15168,14130
7442,14131
15925,14132
16678,14133
2147,14134
20102,14135
4510,14136
19899,14137
16962,14138
9583,14139
22128,14140
9369,14141
19188,14142
10854,14143
24000,14144
16259,14145
18207,14146
19006,14147
11358,14148
4556,14149
15377,14150
24104,14151
21604,14152
15593,14153
22018,14154
17099,14155
16346,14156
22359,14157
13332,14158
14125,14159
17850,14160
18763,14161
2734,14162
6577,14163
1213,14164
10300,14165
10297,14166
2229,14167
1100,14168
2951,14169
785,14170
10575,14171
11074,14172
725,14173
20829,14174
10245,14175
10055,14176
16006,14177
18557,14178
20679,14179
22331,14180
17574,14181
2493,14182
1770,14183
8163,14184
19837,14185
4520,14186
8197,14187
17010,14188
5537,14189
4768,14190
6855,14191
13250,14192
14042,14193
17849,14194
387,14195
9895,14196
16255,14197
11058,14198
17098,14199
7429,14200
4075,14201
23775,14202
17153,14203
18680,14204
13498,14205
1687,14206
21066,14207
2084,14208
21918,14209
20369,14210
7602,14211
7606,14212
3118,14213
3853,14214
6022,14215
14033,14216
640,14217
12452,14218
2075,14219
8076,14220
6922,14221
7898,14222
20063,14223
9841,14224
9820,14225
402,14226
9139,14227
2145,14228
1253,14229
16356,14230
15664,14231
14882,14232
10902,14233
14220,14234
13428,14235
14215,14236
22447,14237
22619,14238
8974,14239
15786,14240
3973,14241
17286,14242
16536,14243
14256,14244
14549,14245
18925,14246
11037,14247
20503,14248
9667,14249
22194,14250
1842,14251
3391,14252
15787,14253
363,14254
24140,14255
11613,14256
21370,14257
13886,14258
17323,14259
15066,14260
16567,14261
6804,14262
11418,14263
11634,14264
20384,14265
15286,14266
19315,14267
10723,14268
17417,14269
13992,14270
19472,14271
23791,14272
20610,14273
18801,14274
9348,14275
12410,14276
10959,14277
10426,14278
22074,14279
473,14280
10998,14281
21128,14282
15096,14283
16358,14284
14113,14285
17110,14286
12526,14287
11677,14288
9889,14289
3955,14290
2918,14291
6417,14292
8254,14293
682,14294
16291,14295
18959,14296
4316,14297
5027,14298
2148,14299
23346,14300
2495,14301
14471,14302
22397,14303
14456,14304
3129,14305
21478,14306
16822,14307
3905,14308
3196,14309
13939,14310
3606,14311
17623,14312
152,14313
19650,14314
2078,14315
17106,14316
1362,14317
14841,14318
21224,14319
22783,14320
4951,14321
18571,14322
7718,14323
18486,14324
13529,14325
15857,14326
19729,14327
23105,14328
16942,14329
20082,14330
20552,14331
17368,14332
2839,14333
1977,14334
20889,14335
19751,14336
11945,14337
11913,14338
11040,14339
11047,14340
14943,14341
15702,14342
8285,14343
7601,14344
19585,14345
1277,14346
1994,14347
15764,14348
5393,14349
15005,14350
21892,14351
22744,14352
14191,14353
22959,14354
4695,14355
21248,14356
14188,14357
1135,14358
23016,14359
14018,14360
16497,14361
21035,14362
20452,14363
10219,14364
15744,14365
14985,14366
16496,14367
14547,14368
5310,14369
22372,14370
12309,14371
21425,14372
17650,14373
6588,14374
3984,14375
11831,14376
11652,14377
13238,14378
1361,14379
14030,14380
2797,14381
17935,14382
1593,14383
1209,14384
3339,14385
8560,14386
6609,14387
6237,14388
12951,14389
3206,14390
23292,14391
5411,14392
5194,14393
1923,14394
14402,14395
2553,14396
15933,14397
16686,14398
16143,14399
929,14400
21154,14401
5552,14402
17195,14403
2005,14404
22006,14405
22841,14406
8956,14407
20311,14408
9668,14409
23750,14410
10981,14411
9865,14412
9184,14413
15169,14414
17567,14415
16130,14416
21591,14417
19318,14418
10974,14419
11226,14420
24002,14421
9101,14422
15335,14423
1015,14424
12914,14425
14712,14426
10743,14427
14737,14428
3574,14429
5688,14430
5965,14431
1067,14432
24167,14433
8954,14434
18973,14435
23433,14436
11993,14437
22620,14438
5855,14439
16153,14440
7960,14441
19383,14442
20986,14443
17436,14444
10530,14445
4667,14446
11213,14447
5516,14448
23549,14449
8486,14450
3252,14451
16685,14452
18996,14453
21680,14454
19118,14455
22646,14456
2992,14457
23427,14458
2269,14459
1546,14460
2256,14461
13023,14462
180,14463
9711,14464
12813,14465
9227,14466
16847,14467
10784,14468
17553,14469
13900,14470
11561,14471
7216,14472
3942,14473
804,14474
17484,14475
22418,14476
1882,14477
1625,14478
3325,14479
10594,14480
6739,14481
9232,14482
9914,14483
759,14484
23326,14485
18684,14486
7288,14487
10151,14488
6405,14489
4672,14490
15136,14491
7088,14492
20074,14493
18559,14494
1215,14495
9917,14496
8541,14497
5630,14498
4660,14499
599,14500
3512,14501
1318,14502
22773,14503
19626,14504
14959,14505
19393,14506
18596,14507
19501,14508
1818,14509
7180,14510
7860,14511
9897,14512
19173,14513
17396,14514
16644,14515
11985,14516
7573,14517
628,14518
21015,14519
23658,14520
2059,14521
13489,14522
15440,14523
14279,14524
20299,14525
22794,14526
16593,14527
13089,14528
15843,14529
15086,14530
17316,14531
11907,14532
8936,14533
3128,14534
4850,14535
23717,14536
17854,14537
18652,14538
13340,14539
23628,14540
22846,14541
21917,14542
554,14543
1273,14544
18269,14545
13756,14546
17973,14547
22756,14548
12447,14549
15687,14550
17093,14551
8066,14552
14612,14553
17270,14554
7684,14555
16344,14556
15590,14557
1525,14558
15579,14559
10367,14560
16333,14561
5624,14562
21933,14563
20331,14564
21130,14565
14843,14566
17931,14567
17086,14568
3505,14569
11675,14570
19533,14571
17878,14572
10496,14573
5099,14574
3962,14575
1428,14576
18794,14577
20402,14578
16001,14579
4260,14580
11039,14581
2700,14582
1261,14583
22191,14584
19703,14585
20897,14586
3974,14587
23914,14588
17282,14589
11878,14590
15302,14591
1788,14592
12127,14593
13922,14594
23487,14595
7277,14596
21697,14597
5857,14598
4196,14599
10738,14600
11790,14601
12262,14602
2318,14603
5127,14604
11616,14605
1953,14606
4903,14607
4033,14608
7592,14609
16912,14610
11372,14611
3952,14612
3572,14613
692,14614
15704,14615
23755,14616
9319,14617
814,14618
8228,14619
10499,14620
22275,14621
22276,14622
3352,14623
6987,14624
9645,14625
23570,14626
7811,14627
19391,14628
20382,14629
10271,14630
11571,14631
14890,14632
23660,14633
4744,14634
15644,14635
13281,14636
21970,14637
14074,14638
21117,14639
15623,14640
14863,14641
14099,14642
13306,14643
16375,14644
14281,14645
18497,14646
21350,14647
1988,14648
15014,14649
10893,14650
16522,14651
18884,14652
23025,14653
24215,14654
553,14655
15771,14656
22712,14657
4195,14658
13222,14659
8998,14660
15009,14661
6771,14662
17269,14663
19428,14664
4251,14665
7464,14666
20467,14667
18064,14668
12629,14669
12172,14670
1762,14671
6790,14672
1286,14673
8378,14674
925,14675
6045,14676
4484,14677
1236,14678
6302,14679
9721,14680
10461,14681
23431,14682
23972,14683
11144,14684
9097,14685
17065,14686
14789,14687
18593,14688
13358,14689
14150,14690
4824,14691
3520,14692
2022,14693
17197,14694
16340,14695
14827,14696
20987,14697
4897,14698
20559,14699
19234,14700
17531,14701
13662,14702
4787,14703
13579,14704
19379,14705
8249,14706
10547,14707
6388,14708
6762,14709
2679,14710
2139,14711
6061,14712
12827,14713
12035,14714
7795,14715
3306,14716
6076,14717
16931,14718
1414,14719
9790,14720
12781,14721
12219,14722
8280,14723
12558,14724
4831,14725
1283,14726
12646,14727
6087,14728
14231,14729
21891,14730
13228,14731
15734,14732
8858,14733
14193,14734
11815,14735
7071,14736
5004,14737
13569,14738
21250,14739
20289,14740
14322,14741
22591,14742
11951,14743
12742,14744
18920,14745
5817,14746
17663,14747
5115,14748
4409,14749
5108,14750
13016,14751
12236,14752
15265,14753
24060,14754
18564,14755
18813,14756
3282,14757
10062,14758
4643,14759
4498,14760
2813,14761
17946,14762
3435,14763
21153,14764
19455,14765
7691,14766
17842,14767
10324,14768
11045,14769
487,14770
14838,14771
14830,14772
7588,14773
22891,14774
14825,14775
639,14776
17909,14777
4774,14778
18707,14779
4172,14780
18718,14781
6958,14782
2251,14783
16330,14784
20336,14785
22786,14786
22831,14787
19446,14788
22836,14789
4248,14790
12472,14791
4310,14792
5373,14793
7099,14794
7012,14795
534,14796
21198,14797
9092,14798
21731,14799
12739,14800
13556,14801
16189,14802
11948,14803
8973,14804
1397,14805
14320,14806
1979,14807
23748,14808
23752,14809
1993,14810
1276,14811
23873,14812
8143,14813
11853,14814
11642,14815
22108,14816
7470,14817
14975,14818
14192,14819
21038,14820
11816,14821
10224,14822
21890,14823
21254,14824
9540,14825
17022,14826
1995,14827
21873,14828
23883,14829
6770,14830
11858,14831
2003,14832
2726,14833
23594,14834
22151,14835
12632,14836
14217,14837
2572,14838
23871,14839
5659,14840
22134,14841
3941,14842
8944,14843
19507,14844
7218,14845
6241,14846
8453,14847
1279,14848
22724,14849
23749,14850
14911,14851
12464,14852
23699,14853
14049,14854
14956,14855
15516,14856
21863,14857
2785,14858
21032,14859
21295,14860
18189,14861
15412,14862
18989,14863
19794,14864
18185,14865
13794,14866
9411,14867
22378,14868
24111,14869
19883,14870
22354,14871
1094,14872
12034,14873
7217,14874
10516,14875
8235,14876
22811,14877
5488,14878
17903,14879
2056,14880
21394,14881
23438,14882
13567,14883
14357,14884
16623,14885
14579,14886
1730,14887
8926,14888
4040,14889
2957,14890
8105,14891
790,14892
9943,14893
19800,14894
9907,14895
16093,14896
23425,14897
7236,14898
10681,14899
3694,14900
14598,14901
13822,14902
21556,14903
22347,14904
7541,14905
6138,14906
20414,14907
899,14908
6311,14909
1266,14910
22038,14911
21021,14912
4825,14913
13444,14914
20701,14915
11557,14916
9826,14917
23248,14918
18286,14919
24065,14920
23184,14921
20800,14922
23734,14923
8231,14924
21958,14925
1338,14926
16405,14927
15436,14928
9762,14929
9082,14930
12704,14931
18460,14932
3368,14933
10687,14934
5484,14935
19607,14936
4241,14937
3207,14938
24150,14939
16225,14940
3088,14941
16897,14942
7532,14943
7805,14944
2554,14945
6443,14946
7127,14947
718,14948
13202,14949
2102,14950
8257,14951
17066,14952
6242,14953
5698,14954
17679,14955
7063,14956
6379,14957
11489,14958
9783,14959
7740,14960
9096,14961
15426,14962
18914,14963
11135,14964
9652,14965
21355,14966
6887,14967
22210,14968
4679,14969
23934,14970
5665,14971
19719,14972
12214,14973
22058,14974
12751,14975
1974,14976
5507,14977
1255,14978
16550,14979
18108,14980
11906,14981
23910,14982
16005,14983
13899,14984
19035,14985
10952,14986
11381,14987
11470,14988
9327,14989
16705,14990
9988,14991
20764,14992
10163,14993
2407,14994
1175,14995
3372,14996
9105,14997
17783,14998
12030,14999
10876,15000
11212,15001
10529,15002
2167,15003
20181,15004
7812,15005
10875,15006
7134,15007
6450,15008
2890,15009
14556,15010
5302,15011
15279,15012
17781,15013
11221,15014
6063,15015
13766,15016
8251,15017
21867,15018
11768,15019
17883,15020
17149,15021
18681,15022
17915,15023
20283,15024
12505,15025
19485,15026
10422,15027
14077,15028
12641,15029
23360,15030
3186,15031
17552,15032
6837,15033
2904,15034
4665,15035
1455,15036
5049,15037
11522,15038
24003,15039
16136,15040
19034,15041
3522,15042
15595,15043
11750,15044
13245,15045
12453,15046
16424,15047
23126,15048
15497,15049
13626,15050
18471,15051
9821,15052
9818,15053
23554,15054
14785,15055
7669,15056
21205,15057
22714,15058
23573,15059
17995,15060
3385,15061
4093,15062
9726,15063
11952,15064
3531,15065
20390,15066
10348,15067
6899,15068
14945,15069
1992,15070
2714,15071
22590,15072
13534,15073
14324,15074
15053,15075
8277,15076
14253,15077
8270,15078
13461,15079
19299,15080
16013,15081
20146,15082
3561,15083
14693,15084
3805,15085
19979,15086
350,15087
14685,15088
5894,15089
24120,15090
21790,15091
17260,15092
8848,15093
16509,15094
12639,15095
19015,15096
20773,15097
8781,15098
10831,15099
974,15100
24057,15101
21471,15102
11545,15103
7919,15104
3939,15105
10041,15106
23709,15107
21793,15108
21838,15109
551,15110
22886,15111
4845,15112
4231,15113
581,15114
14131,15115
1284,15116
9301,15117
14401,15118
3960,15119
13612,15120
21837,15121
8491,15122
12268,15123
5105,15124
13982,15125
12572,15126
1251,15127
596,15128
22023,15129
8999,15130
19451,15131
7683,15132
23646,15133
15584,15134
6314,15135
22788,15136
17173,15137
16421,15138
13264,15139
2153,15140
17672,15141
2876,15142
15709,15143
16293,15144
22899,15145
22729,15146
11851,15147
1966,15148
2066,15149
621,15150
5606,15151
7645,15152
3489,15153
8328,15154
7667,15155
6276,15156
5669,15157
6962,15158
3551,15159
5546,15160
21167,15161
17848,15162
3959,15163
7810,15164
4333,15165
4835,15166
17176,15167
15932,15168
9831,15169
5966,15170
16359,15171
2856,15172
8829,15173
7118,15174
5483,15175
2676,15176
1954,15177
21949,15178
8349,15179
14100,15180
6277,15181
11721,15182
21976,15183
17141,15184
17662,15185
3369,15186
5822,15187
3533,15188
6877,15189
5486,15190
18005,15191
5501,15192
20405,15193
13987,15194
13194,15195
16603,15196
20884,15197
18149,15198
6895,15199
21346,15200
16195,15201
15795,15202
7580,15203
16544,15204
15038,15205
13478,15206
612,15207
9229,15208
1105,15209
9911,15210
11014,15211
15908,15212
17796,15213
13540,15214
15442,15215
15037,15216
15794,15217
15792,15218
10343,15219
12693,15220
13070,15221
17411,15222
16659,15223
5711,15224
17561,15225
10148,15226
19942,15227
5437,15228
3301,15229
5877,15230
12252,15231
11482,15232
7757,15233
7080,15234
10468,15235
18390,15236
340,15237
15273,15238
4734,15239
10926,15240
22281,15241
11299,15242
4658,15243
16696,15244
7193,15245
8535,15246
23363,15247
1041,15248
20744,15249
13126,15250
1637,15251
7535,15252
8217,15253
4915,15254
13265,15255
13714,15256
1922,15257
7130,15258
1117,15259
5748,15260
14708,15261
10059,15262
11211,15263
6426,15264
21643,15265
22740,15266
22977,15267
14516,15268
12320,15269
11409,15270
1289,15271
15592,15272
9813,15273
14866,15274
17148,15275
16378,15276
21178,15277
8650,15278
23344,15279
4615,15280
6795,15281
20613,15282
5346,15283
19815,15284
14086,15285
13852,15286
10001,15287
18348,15288
16233,15289
8442,15290
20071,15291
7761,15292
7084,15293
7060,15294
7738,15295
18161,15296
3148,15297
4081,15298
2858,15299
19279,15300
14361,15301
6114,15302
9371,15303
2173,15304
5493,15305
15888,15306
3376,15307
15889,15308
12283,15309
15132,15310
17391,15311
5689,15312
6648,15313
20038,15314
23284,15315
20127,15316
17005,15317
5177,15318
20844,15319
5878,15320
5141,15321
22828,15322
12473,15323
16666,15324
5938,15325
11591,15326
17027,15327
11232,15328
15185,15329
8819,15330
15942,15331
5651,15332
4772,15333
17665,15334
2265,15335
1542,15336
23784,15337
7551,15338
1234,15339
4068,15340
3362,15341
6870,15342
10321,15343
4242,15344
10319,15345
11005,15346
4947,15347
531,15348
8233,15349
9622,15350
510,15351
1231,15352
6328,15353
4798,15354
4088,15355
23662,15356
622,15357
12511,15358
7647,15359
13305,15360
8330,15361
20317,15362
9729,15363
9047,15364
15052,15365
17309,15366
17696,15367
16559,15368
8993,15369
14248,15370
634,15371
1938,15372
2790,15373
4176,15374
17192,15375
7451,15376
10377,15377
9693,15378
14344,15379
16187,15380
8402,15381
7721,15382
18123,15383
22583,15384
14371,15385
12001,15386
541,15387
19284,15388
14345,15389
13555,15390
8403,15391
15109,15392
675,15393
8984,15394
21336,15395
12428,15396
12680,15397
9657,15398
23915,15399
5386,15400
22192,15401
13471,15402
5499,15403
23665,15404
2827,15405
3534,15406
20192,15407
17793,15408
22807,15409
2058,15410
4904,15411
8327,15412
6986,15413
7644,15414
8351,15415
4159,15416
20532,15417
12487,15418
19731,15419
15028,15420
3550,15421
2699,15422
13472,15423
2564,15424
18100,15425
20504,15426
20499,15427
24238,15428
7578,15429
17285,15430
2565,15431
15785,15432
19702,15433
22187,15434
22514,15435
306,15436
19953,15437
9145,15438
8831,15439
10501,15440
11184,15441
18984,15442
16832,15443
7857,15444
6873,15445
2671,15446
7085,15447
10478,15448
6874,15449
20069,15450
10479,15451
11162,15452
9115,15453
14381,15454
16639,15455
16180,15456
5699,15457
3575,15458
12775,15459
15135,15460
2853,15461
19994,15462
10814,15463
12929,15464
1946,15465
12786,15466
18477,15467
15508,15468
2489,15469
15471,15470
22433,15471
6136,15472
17358,15473
930,15474
18957,15475
21728,15476
20564,15477
21397,15478
7048,15479
22491,15480
7382,15481
19898,15482
6793,15483
24010,15484
21292,15485
12053,15486
9484,15487
23143,15488
19560,15489
2736,15490
20358,15491
4135,15492
18771,15493
2015,15494
17972,15495
21903,15496
19450,15497
18735,15498
3536,15499
23019,15500
23879,15501
23017,15502
14528,15503
8790,15504
12086,15505
16236,15506
10689,15507
2083,15508
18742,15509
2703,15510
16458,15511
20270,15512
17944,15513
23630,15514
647,15515
18664,15516
22772,15517
21924,15518
21221,15519
13964,15520
12498,15521
19922,15522
10260,15523
2835,15524
23314,15525
10281,15526
22610,15527
19032,15528
5749,15529
3957,15530
6727,15531
17483,15532
660,15533
4334,15534
2177,15535
9155,15536
24242,15537
6689,15538
12093,15539
22853,15540
485,15541
20057,15542
7904,15543
2291,15544
1200,15545
10973,15546
17782,15547
17137,15548
8209,15549
15949,15550
14836,15551
1373,15552
2750,15553
23797,15554
10172,15555
16701,15556
17452,15557
11704,15558
2050,15559
20591,15560
5804,15561
17671,15562
19791,15563
20957,15564
10988,15565
22269,15566
23988,15567
10629,15568
13187,15569
12493,15570
1091,15571
10644,15572
2984,15573
3652,15574
10323,15575
18466,15576
9858,15577
9963,15578
2171,15579
14870,15580
2773,15581
1412,15582
14663,15583
691,15584
5702,15585
5691,15586
9953,15587
10190,15588
15400,15589
847,15590
7945,15591
9310,15592
11597,15593
17136,15594
4048,15595
23681,15596
17131,15597
3849,15598
7403,15599
13701,15600
20155,15601
8545,15602
1509,15603
3946,15604
2955,15605
2233,15606
11266,15607
19997,15608
6007,15609
19153,15610
16503,15611
16428,15612
21073,15613
23794,15614
13169,15615
21136,15616
20876,15617
15113,15618
1403,15619
6361,15620
6893,15621
18617,15622
20271,15623
19542,15624
18668,15625
17870,15626
22080,15627
21225,15628
11580,15629
18693,15630
22672,15631
19494,15632
12685,15633
15443,15634
11893,15635
4183,15636
6570,15637
8934,15638
21129,15639
2101,15640
1989,15641
1272,15642
12652,15643
1990,15644
1274,15645
555,15646
20480,15647
6913,15648
6228,15649
22161,15650
2712,15651
20502,15652
1998,15653
22186,15654
12957,15655
21689,15656
12344,15657
8638,15658
8704,15659
18789,15660
6219,15661
6904,15662
18098,15663
7457,15664
20838,15665
193,15666
15699,15667
22902,15668
22912,15669
23574,15670
22715,15671
18788,15672
4810,15673
5511,15674
20993,15675
19596,15676
1971,15677
2693,15678
18790,15679
6214,15680
8268,15681
13360,15682
556,15683
1275,15684
18713,15685
18682,15686
9740,15687
17884,15688
13299,15689
19486,15690
11712,15691
3486,15692
9735,15693
5661,15694
4693,15695
18871,15696
22743,15697
16492,15698
426,15699
17835,15700
22968,15701
1859,15702
23602,15703
18839,15704
10910,15705
20443,15706
19644,15707
23808,15708
16058,15709
10825,15710
5243,15711
18506,15712
16713,15713
23827,15714
17167,15715
22292,15716
14622,15717
13640,15718
22009,15719
16348,15720
21156,15721
17101,15722
12542,15723
11050,15724
23692,15725
12470,15726
6442,15727
5370,15728
710,15729
10198,15730
5732,15731
5028,15732
3594,15733
19178,15734
9461,15735
19099,15736
3288,15737
3097,15738
13827,15739
3803,15740
5917,15741
3731,15742
4439,15743
3724,15744
23330,15745
1795,15746
2518,15747
24097,15748
8872,15749
7698,15750
9528,15751
9533,15752
21286,15753
8476,15754
20020,15755
7344,15756
23304,15757
10975,15758
14702,15759
17481,15760
2527,15761
22291,15762
4228,15763
6943,15764
19558,15765
6257,15766
17198,15767
17102,15768
16446,15769
7819,15770
395,15771
14406,15772
17999,15773
15551,15774
15552,15775
20213,15776
4264,15777
14306,15778
13208,15779
11939,15780
18491,15781
12987,15782
8046,15783
18595,15784
5596,15785
20290,15786
23968,15787
11502,15788
23106,15789
11125,15790
23443,15791
16608,15792
17359,15793
13536,15794
24185,15795
10160,15796
533,15797
21955,15798
4886,15799
17725,15800
2364,15801
2982,15802
7923,15803
4395,15804
13783,15805
10109,15806
20098,15807
18229,15808
17644,15809
15970,15810
1376,15811
6317,15812
14840,15813
3143,15814
12342,15815
14185,15816
8942,15817
1949,15818
21964,15819
8860,15820
11806,15821
12599,15822
2747,15823
22856,15824
21906,15825
2026,15826
13348,15827
14140,15828
15577,15829
14029,15830
17937,15831
21111,15832
615,15833
12516,15834
8961,15835
10451,15836
13068,15837
13594,15838
14384,15839
22709,15840
19275,15841
4967,15842
14676,15843
3552,15844
2841,15845
13507,15846
22494,15847
17802,15848
16581,15849
23453,15850
15074,15851
15831,15852
19723,15853
19197,15854
10134,15855
19937,15856
20736,15857
17513,15858
2594,15859
3782,15860
12074,15861
22333,15862
23348,15863
15373,15864
14613,15865
10916,15866
2387,15867
3935,15868
985,15869
16241,15870
20439,15871
428,15872
19640,15873
15731,15874
22095,15875
18409,15876
21119,15877
11091,15878
14104,15879
10405,15880
13311,15881
1322,15882
19521,15883
9725,15884
17156,15885
11094,15886
11720,15887
17127,15888
17154,15889
16766,15890
14467,15891
2617,15892
3712,15893
17659,15894
4420,15895
7926,15896
9307,15897
5259,15898
21301,15899
12432,15900
18050,15901
23598,15902
8147,15903
19654,15904
16323,15905
15743,15906
23846,15907
6776,15908
18848,15909
18049,15910
21264,15911
23837,15912
22096,15913
16089,15914
1738,15915
21546,15916
10236,15917
22284,15918
13933,15919
16495,15920
2458,15921
12924,15922
20921,15923
8210,15924
15934,15925
6748,15926
8494,15927
16717,15928
6451,15929
18192,15930
3921,15931
21134,15932
5026,15933
521,15934
3450,15935
13323,15936
4865,15937
4157,15938
23790,15939
3479,15940
19491,15941
11977,15942
16939,15943
12768,15944
13558,15945
11955,15946
671,15947
20174,15948
16188,15949
21389,15950
22244,15951
21327,15952
2547,15953
2907,15954
2184,15955
2893,15956
20810,15957
1017,15958
22361,15959
18509,15960
10964,15961
22294,15962
5314,15963
24094,15964
22651,15965
4348,15966
9495,15967
3638,15968
5763,15969
7110,15970
20100,15971
1659,15972
8800,15973
2377,15974
3098,15975
7951,15976
8634,15977
2307,15978
16068,15979
3198,15980
20034,15981
15916,15982
16171,15983
18692,15984
624,15985
22884,15986
18627,15987
17827,15988
22130,15989
1144,15990
13420,15991
15735,15992
17894,15993
14976,15994
14604,15995
197,15996
21505,15997
22358,15998
967,15999
238,16000
237,16001
19223,16002
247,16003
9744,16004
7650,16005
13447,16006
14682,16007
21306,16008
12431,16009
13430,16010
23596,16011
14225,16012
10899,16013
7696,16014
15757,16015
23852,16016
20792,16017
328,16018
6788,16019
19022,16020
2448,16021
23220,16022
17704,16023
11559,16024
5768,16025
5365,16026
5064,16027
1477,16028
18993,16029
19045,16030
17686,16031
14339,16032
13549,16033
15094,16034
10751,16035
1000,16036
22630,16037
18225,16038
12245,16039
22437,16040
11541,16041
17471,16042
15147,16043
23558,16044
15862,16045
12402,16046
23442,16047
17363,16048
18151,16049
21391,16050
21638,16051
19236,16052
11535,16053
20999,16054
15100,16055
17687,16056
9088,16057
16607,16058
12754,16059
15849,16060
2366,16061
14627,16062
18223,16063
19514,16064
11681,16065
19529,16066
13267,16067
8458,16068
14060,16069
7777,16070
3256,16071
7809,16072
8824,16073
6447,16074
7131,16075
20597,16076
20010,16077
1735,16078
24156,16079
13917,16080
17470,16081
13038,16082
24125,16083
20139,16084
21284,16085
8852,16086
23858,16087
22998,16088
12631,16089
13803,16090
3869,16091
3989,16092
17480,16093
3937,16094
18230,16095
7594,16096
22892,16097
21872,16098
4116,16099
22163,16100
10993,16101
19513,16102
1335,16103
15654,16104
21209,16105
4523,16106
22296,16107
21792,16108
20167,16109
17008,16110
17743,16111
19366,16112
13161,16113
8224,16114
6826,16115
12364,16116
9005,16117
3351,16118
14832,16119
16637,16120
16632,16121
19969,16122
6871,16123
9784,16124
15425,16125
2859,16126
2137,16127
2129,16128
19981,16129
3208,16130
24162,16131
21770,16132
19013,16133
13047,16134
17464,16135
15951,16136
23419,16137
4411,16138
3703,16139
14842,16140
15670,16141
15602,16142
3463,16143
16427,16144
15631,16145
21932,16146
21132,16147
21079,16148
14904,16149
14057,16150
20327,16151
15609,16152
17926,16153
17115,16154
703,16155
19272,16156
1425,16157
12004,16158
18600,16159
15102,16160
20882,16161
8399,16162
15101,16163
14327,16164
6644,16165
7390,16166
12123,16167
3999,16168
19816,16169
23530,16170
21966,16171
16380,16172
11119,16173
9653,16174
14802,16175
8970,16176
17312,16177
4680,16178
16560,16179
15055,16180
15812,16181
23931,16182
13744,16183
17509,16184
2398,16185
12959,16186
3195,16187
3904,16188
2397,16189
20775,16190
358,16191
14211,16192
22003,16193
6185,16194
2749,16195
21150,16196
2028,16197
18708,16198
22028,16199
20338,16200
17107,16201
17941,16202
16355,16203
15601,16204
23795,16205
1310,16206
21175,16207
11650,16208
3418,16209
3503,16210
8289,16211
19447,16212
22935,16213
21821,16214
19372,16215
21822,16216
15684,16217
14909,16218
15559,16219
14151,16220
19537,16221
5524,16222
558,16223
11852,16224
1242,16225
5496,16226
16629,16227
20877,16228
3379,16229
1400,16230
19392,16231
23113,16232
22580,16233
23975,16234
17379,16235
7049,16236
23371,16237
18480,16238
7052,16239
6368,16240
8406,16241
18407,16242
4590,16243
24085,16244
13897,16245
19990,16246
3902,16247
23225,16248
9584,16249
13104,16250
901,16251
15393,16252
10726,16253
13404,16254
6095,16255
12611,16256
11818,16257
12443,16258
21206,16259
20621,16260
19630,16261
2647,16262
14756,16263
20248,16264
19602,16265
11618,16266
14000,16267
18944,16268
4034,16269
1907,16270
4209,16271
21014,16272
2074,16273
4973,16274
20087,16275
4267,16276
3558,16277
23940,16278
23388,16279
998,16280
23272,16281
2591,16282
12045,16283
2794,16284
17113,16285
24134,16286
13671,16287
12873,16288
4533,16289
12211,16290
7354,16291
3874,16292
10228,16293
22320,16294
7412,16295
19849,16296
20653,16297
14740,16298
7516,16299
4127,16300
21811,16301
13248,16302
14040,16303
8196,16304
8932,16305
665,16306
3501,16307
16361,16308
1386,16309
21866,16310
13207,16311
16586,16312
20210,16313
8392,16314
20088,16315
15836,16316
13206,16317
22595,16318
6350,16319
7034,16320
4058,16321
14317,16322
17689,16323
15082,16324
15839,16325
22217,16326
20280,16327
21204,16328
15547,16329
21865,16330
23577,16331
7712,16332
22243,16333
18487,16334
12412,16335
15840,16336
21739,16337
15083,16338
14318,16339
18121,16340
20820,16341
13998,16342
12737,16343
11036,16344
11889,16345
10205,16346
23056,16347
22195,16348
13466,16349
15104,16350
15842,16351
7042,16352
17321,16353
1980,16354
17982,16355
10038,16356
19252,16357
7956,16358
6240,16359
19611,16360
5490,16361
4789,16362
22062,16363
22700,16364
18445,16365
8398,16366
6356,16367
16598,16368
15301,16369
10140,16370
1161,16371
22280,16372
14497,16373
17731,16374
7717,16375
11098,16376
16403,16377
2624,16378
9950,16379
9487,16380
8571,16381
7888,16382
9908,16383
12996,16384
10101,16385
19157,16386
13118,16387
3790,16388
18880,16389
21637,16390
8065,16391
21519,16392
6131,16393
19687,16394
6769,16395
20486,16396
11516,16397
9368,16398
18701,16399
14368,16400
15141,16401
4989,16402
14573,16403
4587,16404
22456,16405
10315,16406
12790,16407
11658,16408
15667,16409
7245,16410
22560,16411
20858,16412
18457,16413
10947,16414
9724,16415
14102,16416
9042,16417
11722,16418
2760,16419
15710,16420
14008,16421
14073,16422
22052,16423
12424,16424
10335,16425
12686,16426
11492,16427
7057,16428
21008,16429
7666,16430
13203,16431
11775,16432
14787,16433
19498,16434
4179,16435
21190,16436
1265,16437
10360,16438
12666,16439
1131,16440
8972,16441
10434,16442
18679,16443
13601,16444
16169,16445
14390,16446
20861,16447
7147,16448
11371,16449
6538,16450
16283,16451
11185,16452
21562,16453
22417,16454
12872,16455
13670,16456
20919,16457
5204,16458
3124,16459
16853,16460
10089,16461
20196,16462
8393,16463
19289,16464
7035,16465
6351,16466
18922,16467
21672,16468
14415,16469
5358,16470
9254,16471
9937,16472
7852,16473
19203,16474
322,16475
12122,16476
17727,16477
919,16478
13044,16479
16715,16480
4913,16481
4155,16482
3514,16483
20264,16484
14745,16485
15506,16486
9236,16487
18823,16488
15611,16489
23684,16490
17122,16491
14391,16492
11480,16493
12023,16494
23759,16495
14804,16496
15645,16497
9049,16498
14095,16499
9731,16500
13302,16501
2042,16502
12508,16503
1218,16504
15350,16505
277,16506
18332,16507
19341,16508
4249,16509
9534,16510
19662,16511
20461,16512
16014,16513
12351,16514
3562,16515
21727,16516
16961,16517
8680,16518
7413,16519
20640,16520
15414,16521
16511,16522
10211,16523
15759,16524
21037,16525
17460,16526
4786,16527
13984,16528
2848,16529
13336,16530
23436,16531
2126,16532
22113,16533
10223,16534
23831,16535
6369,16536
2125,16537
2847,16538
4795,16539
2846,16540
20078,16541
2124,16542
1399,16543
7726,16544
16103,16545
8407,16546
15347,16547
9694,16548
21660,16549
1022,16550
16953,16551
2369,16552
20470,16553
7697,16554
13422,16555
12809,16556
14655,16557
4294,16558
15915,16559
13073,16560
5005,16561
9110,16562
13997,16563
15120,16564
14800,16565
3604,16566
21410,16567
6373,16568
11617,16569
19499,16570
21089,16571
17314,16572
21846,16573
20296,16574
21095,16575
21624,16576
4622,16577
19162,16578
11002,16579
8427,16580
4676,16581
4291,16582
5002,16583
22612,16584
2345,16585
13046,16586
21603,16587
8302,16588
17186,16589
9700,16590
12532,16591
7618,16592
11740,16593
9017,16594
7688,16595
3422,16596
9071,16597
4838,16598
10435,16599
4130,16600
9753,16601
5539,16602
5640,16603
6936,16604
19563,16605
6251,16606
5629,16607
9022,16608
21161,16609
7623,16610
5124,16611
8307,16612
4418,16613
20859,16614
5826,16615
853,16616
6546,16617
19966,16618
10846,16619
18365,16620
19166,16621
12874,16622
12228,16623
265,16624
2609,16625
4400,16626
5348,16627
822,16628
2681,16629
19778,16630
13981,16631
17220,16632
3382,16633
20193,16634
21101,16635
1341,16636
7668,16637
4078,16638
6382,16639
18589,16640
14362,16641
21709,16642
846,16643
1566,16644
17138,16645
11673,16646
19539,16647
12467,16648
20337,16649
14053,16650
20330,16651
17016,16652
8100,16653
6617,16654
10984,16655
14263,16656
23911,16657
18418,16658
9455,16659
18440,16660
14353,16661
11984,16662
11981,16663
16836,16664
1030,16665
455,16666
11137,16667
8558,16668
11262,16669
16818,16670
5322,16671
14501,16672
4022,16673
9252,16674
19271,16675
9555,16676
1641,16677
15389,16678
20672,16679
24038,16680
19179,16681
21960,16682
11603,16683
16680,16684
17568,16685
6016,16686
14521,16687
8205,16688
20905,16689
6619,16690
8098,16691
24005,16692
19557,16693
4142,16694
18756,16695
3434,16696
5551,16697
19569,16698
9196,16699
18768,16700
15587,16701
9023,16702
16447,16703
14032,16704
17051,16705
22802,16706
12265,16707
858,16708
3021,16709
833,16710
17621,16711
16879,16712
18305,16713
15245,16714
10262,16715
23542,16716
13179,16717
12038,16718
9501,16719
3628,16720
6743,16721
4338,16722
9877,16723
11190,16724
21833,16725
8511,16726
12174,16727
1760,16728
14514,16729
20115,16730
19827,16731
19244,16732
1916,16733
6459,16734
10872,16735
10544,16736
11227,16737
18228,16738
2096,16739
8308,16740
2817,16741
3429,16742
4137,16743
23732,16744
21169,16745
14826,16746
23276,16747
1167,16748
7965,16749
16906,16750
2330,16751
19367,16752
22680,16753
2656,16754
17757,16755
11664,16756
8198,16757
6235,16758
22908,16759
11623,16760
6202,16761
21374,16762
15437,16763
23952,16764
16307,16765
11057,16766
6056,16767
7166,16768
23090,16769
9079,16770
24208,16771
1058,16772
19944,16773
9588,16774
1288,16775
569,16776
1398,16777
23581,16778
2121,16779
23568,16780
19734,16781
16945,16782
18127,16783
21124,16784
21935,16785
1164,16786
9363,16787
23947,16788
11924,16789
13753,16790
1934,16791
8292,16792
3245,16793
5065,16794
4784,16795
23776,16796
6201,16797
17048,16798
11959,16799
22588,16800
13541,16801
17069,16802
8975,16803
16548,16804
22203,16805
15441,16806
12695,16807
538,16808
15039,16809
9522,16810
16546,16811
17296,16812
23921,16813
23343,16814
341,16815
448,16816
15201,16817
11466,16818
3735,16819
11904,16820
22596,16821
18139,16822
18940,16823
18116,16824
24218,16825
330,16826
18338,16827
1872,16828
2361,16829
23366,16830
3182,16831
22379,16832
1182,16833
14358,16834
12286,16835
21398,16836
22253,16837
14689,16838
3100,16839
12239,16840
5219,16841
22833,16842
20277,16843
21981,16844
15604,16845
10569,16846
14844,16847
11252,16848
10862,16849
1472,16850
8460,16851
7569,16852
19766,16853
14667,16854
18159,16855
18960,16856
16622,16857
13772,16858
3181,16859
17543,16860
9586,16861
20126,16862
3771,16863
17413,16864
13679,16865
13937,16866
1435,16867
9513,16868
2161,16869
2884,16870
22267,16871
21654,16872
16860,16873
10763,16874
2420,16875
20099,16876
18226,16877
13138,16878
18071,16879
417,16880
20473,16881
19674,16882
13743,16883
1789,16884
15254,16885
4728,16886
14983,16887
8148,16888
15742,16889
13416,16890
6726,16891
4504,16892
5639,16893
4847,16894
23719,16895
3431,16896
5548,16897
12544,16898
13341,16899
13243,16900
9682,16901
14907,16902
14845,16903
1408,16904
5616,16905
21065,16906
648,16907
2035,16908
2756,16909
21228,16910
14851,16911
21974,16912
6264,16913
21121,16914
6950,16915
9132,16916
7633,16917
11169,16918
7448,16919
10486,16920
17209,16921
19424,16922
11715,16923
21874,16924
8335,16925
11109,16926
7652,16927
10423,16928
17979,16929
1287,16930
568,16931
23848,16932
3276,16933
22988,16934
22110,16935
22966,16936
22948,16937
12942,16938
6033,16939
19889,16940
9572,16941
6969,16942
9741,16943
6283,16944
16395,16945
10419,16946
17147,16947
607,16948
15642,16949
16476,16950
16261,16951
12896,16952
12101,16953
13195,16954
18138,16955
20090,16956
17330,16957
11938,16958
9078,16959
6796,16960
8011,16961
787,16962
9220,16963
16066,16964
4618,16965
18351,16966
1157,16967
21429,16968
14629,16969
3082,16970
8359,16971
13152,16972
2953,16973
21907,16974
12577,16975
1098,16976
427,16977
19642,16978
22105,16979
20436,16980
22495,16981
10133,16982
431,16983
18335,16984
22637,16985
7776,16986
6928,16987
20403,16988
21009,16989
11445,16990
23789,16991
10312,16992
14330,16993
12393,16994
11601,16995
10521,16996
10878,16997
10514,16998
7707,16999
15438,17000
6345,17001
5670,17002
11926,17003
21652,17004
4595,17005
12907,17006
9561,17007
3054,17008
10731,17009
21143,17010
12385,17011
4862,17012
21996,17013
5563,17014
9186,17015
11759,17016
13142,17017
18581,17018
17861,17019
12551,17020
14818,17021
14028,17022
20335,17023
4918,17024
6236,17025
1526,17026
374,17027
2895,17028
14054,17029
16423,17030
10534,17031
9506,17032
13236,17033
17179,17034
12468,17035
21127,17036
20279,17037
8279,17038
19580,17039
706,17040
11217,17041
9177,17042
11193,17043
21661,17044
22688,17045
8497,17046
4309,17047
1297,17048
11753,17049
12450,17050
13131,17051
5117,17052
9441,17053
21585,17054
22659,17055
6523,17056
10856,17057
7887,17058
12327,17059
3788,17060
8570,17061
2931,17062
16140,17063
5200,17064
6308,17065
17012,17066
591,17067
19553,17068
22759,17069
12579,17070
6165,17071
9918,17072
7537,17073
14449,17074
13659,17075
19067,17076
15313,17077
1055,17078
336,17079
15453,17080
20635,17081
11448,17082
9057,17083
5578,17084
16389,17085
23423,17086
4074,17087
18804,17088
15220,17089
6586,17090
1332,17091
5776,17092
6740,17093
11274,17094
8959,17095
4297,17096
16926,17097
10474,17098
5120,17099
8246,17100
24209,17101
1772,17102
1057,17103
19606,17104
12401,17105
11607,17106
15853,17107
17636,17108
19124,17109
14734,17110
19920,17111
18987,17112
3961,17113
19792,17114
20592,17115
5016,17116
22557,17117
11380,17118
10695,17119
7911,17120
17618,17121
22538,17122
19901,17123
8185,17124
20750,17125
19320,17126
20623,17127
20952,17128
5090,17129
16163,17130
3673,17131
18202,17132
10578,17133
18374,17134
4487,17135
654,17136
7536,17137
6849,17138
3397,17139
17212,17140
5478,17141
9642,17142
17907,17143
5626,17144
20274,17145
18817,17146
17774,17147
23618,17148
20371,17149
14031,17150
9683,17151
18733,17152
13239,17153
2076,17154
14055,17155
19532,17156
6229,17157
6914,17158
18705,17159
5584,17160
18717,17161
11093,17162
11973,17163
16941,17164
12731,17165
12764,17166
17322,17167
8262,17168
17985,17169
17684,17170
15837,17171
1837,17172
8985,17173
18784,17174
559,17175
2717,17176
12644,17177
3273,17178
16515,17179
23604,17180
23818,17181
16425,17182
16617,17183
2117,17184
1259,17185
13442,17186
8142,17187
14234,17188
4832,17189
19434,17190
18631,17191
2116,17192
3274,17193
21294,17194
20469,17195
10900,17196
22147,17197
23006,17198
18053,17199
19185,17200
5327,17201
16202,17202
5193,17203
24118,17204
19750,17205
20551,17206
10356,17207
10912,17208
18836,17209
19641,17210
20891,17211
2878,17212
23763,17213
23772,17214
11615,17215
14833,17216
18803,17217
18606,17218
12408,17219
11614,17220
17216,17221
17816,17222
18616,17223
22900,17224
8255,17225
17807,17226
10337,17227
11631,17228
12564,17229
8989,17230
9672,17231
10427,17232
7649,17233
3487,17234
3453,17235
19686,17236
7459,17237
18083,17238
14232,17239
2570,17240
13440,17241
22739,17242
11638,17243
21273,17244
7466,17245
22987,17246
14017,17247
22129,17248
23847,17249
11830,17250
13799,17251
14986,17252
12565,17253
13221,17254
9663,17255
6325,17256
11174,17257
8128,17258
6409,17259
7093,17260
8433,17261
19184,17262
2508,17263
15534,17264
4896,17265
12429,17266
21944,17267
21775,17268
7293,17269
5379,17270
23093,17271
23955,17272
11927,17273
16837,17274
1742,17275
16025,17276
16782,17277
17510,17278
3299,17279
1638,17280
14630,17281
5885,17282
20429,17283
22674,17284
2629,17285
6313,17286
18677,17287
17219,17288
7681,17289
17879,17290
23770,17291
13205,17292
15548,17293
12413,17294
14316,17295
8394,17296
22592,17297
6352,17298
7036,17299
20527,17300
24240,17301
8509,17302
4666,17303
7150,17304
10554,17305
13606,17306
7329,17307
14615,17308
18361,17309
12111,17310
469,17311
6498,17312
9491,17313
7863,17314
8546,17315
8881,17316
22279,17317
11263,17318
16819,17319
16147,17320
7069,17321
4277,17322
24222,17323
2484,17324
23313,17325
22611,17326
1943,17327
10740,17328
21408,17329
20871,17330
15391,17331
3992,17332
19813,17333
7830,17334
6059,17335
9195,17336
9876,17337
10507,17338
22500,17339
3187,17340
21599,17341
20907,17342
19830,17343
16891,17344
18231,17345
21157,17346
15705,17347
9680,17348
3403,17349
4111,17350
7598,17351
8282,17352
12651,17353
10209,17354
14236,17355
2725,17356
18058,17357
21884,17358
18070,17359
9529,17360
16317,17361
17070,17362
1855,17363
22997,17364
23857,17365
21278,17366
8997,17367
21307,17368
8844,17369
23021,17370
567,17371
18630,17372
19660,17373
10904,17374
14991,17375
2112,17376
18866,17377
16840,17378
1021,17379
13443,17380
20481,17381
3145,17382
9326,17383
1083,17384
18312,17385
11596,17386
4753,17387
5785,17388
9611,17389
11307,17390
4046,17391
21968,17392
22823,17393
16379,17394
3602,17395
2556,17396
4312,17397
5023,17398
5015,17399
22101,17400
21246,17401
22094,17402
3855,17403
1783,17404
4700,17405
15967,17406
17692,17407
20546,17408
19745,17409
15819,17410
20785,17411
3908,17412
24151,17413
6110,17414
5862,17415
13988,17416
1460,17417
10182,17418
739,17419
2909,17420
12025,17421
15340,17422
4584,17423
1910,17424
7522,17425
803,17426
6151,17427
20314,17428
3681,17429
5353,17430
4389,17431
5096,17432
6606,17433
15388,17434
7291,17435
6289,17436
4840,17437
669,17438
8248,17439
1957,17440
10466,17441
1545,17442
2979,17443
10069,17444
23394,17445
16017,17446
17626,17447
186,17448
23503,17449
11353,17450
13853,17451
20991,17452
18780,17453
14014,17454
2720,17455
8179,17456
7497,17457
10670,17458
18464,17459
9297,17460
11602,17461
18009,17462
21842,17463
22143,17464
23002,17465
23853,17466
12171,17467
10132,17468
24115,17469
6106,17470
7500,17471
21288,17472
5880,17473
17647,17474
1632,17475
2086,17476
21913,17477
21997,17478
9671,17479
15701,17480
22766,17481
17974,17482
23624,17483
18773,17484
5535,17485
4920,17486
12469,17487
21979,17488
17040,17489
12490,17490
5586,17491
12515,17492
20086,17493
3388,17494
14942,17495
4827,17496
5528,17497
14034,17498
5622,17499
17108,17500
15665,17501
23615,17502
7002,17503
13824,17504
2259,17505
13975,17506
6288,17507
504,17508
6974,17509
23429,17510
4396,17511
7223,17512
11273,17513
21085,17514
2863,17515
22573,17516
14379,17517
9121,17518
6392,17519
4222,17520
2701,17521
5627,17522
20273,17523
3540,17524
13166,17525
5562,17526
19552,17527
594,17528
23737,17529
23747,17530
17844,17531
11651,17532
16332,17533
21984,17534
11674,17535
14820,17536
3506,17537
21080,17538
21983,17539
15603,17540
19534,17541
15589,17542
7605,17543
20332,17544
11678,17545
2155,17546
401,17547
1241,17548
7737,17549
4392,17550
1313,17551
14101,17552
6960,17553
13308,17554
8813,17555
6478,17556
8524,17557
3613,17558
1706,17559
3929,17560
19093,17561
20103,17562
18241,17563
10168,17564
19041,17565
23149,17566
19808,17567
19009,17568
13146,17569
16628,17570
23437,17571
18155,17572
20563,17573
6364,17574
21636,17575
3903,17576
21518,17577
11517,17578
17493,17579
15378,17580
21448,17581
11705,17582
12371,17583
1595,17584
23679,17585
6972,17586
4170,17587
21113,17588
17132,17589
8354,17590
14072,17591
6303,17592
13279,17593
6989,17594
14861,17595
16656,17596
15621,17597
15905,17598
8132,17599
17408,17600
11608,17601
11963,17602
23560,17603
11965,17604
21733,17605
16609,17606
15859,17607
15092,17608
19195,17609
1766,17610
21777,17611
12124,17612
5890,17613
16899,17614
3776,17615
20965,17616
22822,17617
21084,17618
17969,17619
11061,17620
9009,17621
19773,17622
16181,17623
14872,17624
21303,17625
21302,17626
12943,17627
7405,17628
21510,17629
13924,17630
5122,17631
7519,17632
6475,17633
9496,17634
1466,17635
745,17636
7794,17637
10752,17638
6662,17639
16767,17640
20107,17641
3800,17642
5287,17643
2413,17644
23713,17645
7526,17646
17911,17647
11594,17648
1090,17649
10662,17650
1572,17651
15523,17652
16385,17653
4856,17654
22855,17655
4148,17656
18824,17657
20866,17658
7897,17659
4397,17660
10969,17661
6529,17662
20160,17663
19361,17664
10992,17665
16383,17666
5775,17667
1947,17668
17135,17669
17887,17670
4652,17671
7213,17672
2771,17673
21416,17674
4669,17675
22270,17676
15922,17677
23127,17678
17744,17679
824,17680
16159,17681
2990,17682
2267,17683
9288,17684
9386,17685
18431,17686
4543,17687
6659,17688
267,17689
12233,17690
4064,17691
22818,17692
21788,17693
23868,17694
3981,17695
18068,17696
18867,17697
20458,17698
17611,17699
5981,17700
10235,17701
13634,17702
16893,17703
19824,17704
12623,17705
14587,17706
8035,17707
19102,17708
16982,17709
15745,17710
16210,17711
3065,17712
20044,17713
2323,17714
4073,17715
2786,17716
6091,17717
22127,17718
3838,17719
4546,17720
21499,17721
15544,17722
14457,17723
24042,17724
23347,17725
9452,17726
8770,17727
10231,17728
1672,17729
6039,17730
8389,17731
11505,17732
7031,17733
6347,17734
11925,17735
14550,17736
12011,17737
10470,17738
24247,17739
1009,17740
16035,17741
7508,17742
13591,17743
21721,17744
22847,17745
17862,17746
22083,17747
20262,17748
13375,17749
11573,17750
18206,17751
22556,17752
5835,17753
5133,17754
9986,17755
16866,17756
11442,17757
17533,17758
24062,17759
500,17760
22926,17761
19388,17762
19105,17763
9581,17764
21317,17765
10892,17766
20488,17767
19689,17768
18082,17769
13800,17770
16959,17771
8656,17772
14632,17773
6589,17774
10995,17775
6985,17776
4867,17777
18475,17778
20581,17779
19781,17780
4279,17781
13784,17782
5289,17783
12139,17784
1228,17785
11524,17786
10045,17787
1740,17788
6101,17789
15973,17790
21555,17791
18537,17792
21251,17793
10225,17794
22106,17795
22962,17796
11802,17797
17511,17798
3120,17799
14545,17800
7385,17801
8068,17802
8865,17803
1670,17804
2525,17805
22138,17806
2577,17807
13425,17808
3541,17809
11834,17810
23337,17811
3210,17812
433,17813
14431,17814
24124,17815
9356,17816
6179,17817
3488,17818
11097,17819
17968,17820
11063,17821
17675,17822
9805,17823
9125,17824
16635,17825
15553,17826
13513,17827
22703,17828
23579,17829
13520,17830
3374,17831
7741,17832
20075,17833
4286,17834
3576,17835
10456,17836
20349,17837
19286,17838
4978,17839
5681,17840
15091,17841
23329,17842
9467,17843
18558,17844
4083,17845
2067,17846
4178,17847
14746,17848
11290,17849
17013,17850
7862,17851
10175,17852
4366,17853
3658,17854
1495,17855
8808,17856
779,17857
1499,17858
7168,17859
4557,17860
9469,17861
12909,17862
18553,17863
10928,17864
7287,17865
19248,17866
1627,17867
5615,17868
13270,17869
18721,17870
16373,17871
2649,17872
19469,17873
2803,17874
17867,17875
15718,17876
20267,17877
16474,17878
13160,17879
8222,17880
17923,17881
14859,17882
1927,17883
10593,17884
6168,17885
10824,17886
444,17887
7289,17888
18345,17889
19333,17890
10442,17891
12243,17892
15975,17893
23718,17894
4141,17895
21155,17896
5550,17897
14925,17898
17094,17899
19528,17900
1316,17901
17951,17902
23623,17903
17116,17904
3495,17905
11686,17906
8357,17907
10394,17908
597,17909
19629,17910
11789,17911
20159,17912
12479,17913
13603,17914
9815,17915
20725,17916
13140,17917
11847,17918
10213,17919
12640,17920
13433,17921
12628,17922
15318,17923
7380,17924
6103,17925
3787,17926
13039,17927
8662,17928
22004,17929
3439,17930
19554,17931
11046,17932
4147,17933
514,17934
23676,17935
2774,17936
16406,17937
7642,17938
11974,17939
6902,17940
13356,17941
14148,17942
4826,17943
4118,17944
9615,17945
20676,17946
7361,17947
15250,17948
15457,17949
4474,17950
4645,17951
3767,17952
687,17953
3963,17954
5020,17955
14949,17956
13856,17957
10515,17958
3367,17959
8129,17960
14226,17961
11746,17962
19603,17963
22697,17964
21862,17965
10880,17966
723,17967
8252,17968
15708,17969
518,17970
6192,17971
8296,17972
2104,17973
21860,17974
7568,17975
1385,17976
19410,17977
22044,17978
22905,17979
4803,17980
7736,17981
16937,17982
8417,17983
13995,17984
14009,17985
5504,17986
11773,17987
8980,17988
11032,17989
7693,17990
18620,17991
17820,17992
11714,17993
14076,17994
12506,17995
14865,17996
13301,17997
15625,17998
19608,17999
8971,18000
22897,18001
7591,18002
8275,18003
10430,18004
14094,18005
16464,18006
3360,18007
22264,18008
6761,18009
7074,18010
6391,18011
2132,18012
16377,18013
14884,18014
17129,18015
15000,18016
10897,18017
13434,18018
23601,18019
12613,18020
10909,18021
14198,18022
14019,18023
23829,18024
8150,18025
22111,18026
21256,18027
16485,18028
21656,18029
10378,18030
3972,18031
13216,18032
11116,18033
11695,18034
12662,18035
18087,18036
17565,18037
1073,18038
14704,18039
9360,18040
19154,18041
5433,18042
14247,18043
1846,18044
8014,18045
18439,18046
23278,18047
18554,18048
23984,18049
15428,18050
11990,18051
12782,18052
7086,18053
15885,18054
22704,18055
13989,18056
21850,18057
15076,18058
4092,18059
11936,18060
18609,18061
11624,18062
23102,18063
20089,18064
16583,18065
17334,18066
23937,18067
14569,18068
14308,18069
20893,18070
12727,18071
22707,18072
23964,18073
23451,18074
17335,18075
16584,18076
13508,18077
15330,18078
24106,18079
1179,18080
4430,18081
10065,18082
20360,18083
4232,18084
4131,18085
5540,18086
4808,18087
6562,18088
2296,18089
7590,18090
20857,18091
5801,18092
1576,18093
11033,18094
5509,18095
5350,18096
11331,18097
22043,18098
5510,18099
4809,18100
18086,18101
4689,18102
11042,18103
10358,18104
2707,18105
549,18106
22173,18107
1847,18108
14243,18109
6905,18110
6220,18111
23896,18112
5391,18113
23034,18114
18876,18115
18077,18116
23033,18117
1133,18118
12658,18119
9020,18120
17455,18121
19683,18122
13452,18123
10938,18124
5134,18125
11469,18126
2569,18127
3978,18128
11866,18129
15766,18130
15007,18131
18076,18132
8006,18133
10157,18134
19098,18135
8898,18136
20604,18137
18879,18138
6085,18139
22162,18140
20477,18141
19678,18142
23874,18143
16805,18144
20479,18145
19679,18146
15294,18147
11443,18148
21269,18149
12983,18150
8748,18151
18300,18152
18505,18153
10739,18154
16903,18155
10040,18156
11016,18157
6132,18158
1350,18159
2780,18160
15706,18161
16498,18162
10905,18163
17249,18164
10359,18165
6223,18166
23906,18167
11043,18168
16529,18169
1844,18170
15779,18171
15022,18172
16524,18173
12189,18174
2468,18175
16012,18176
21752,18177
12851,18178
3976,18179
9674,18180
17278,18181
13745,18182
5331,18183
21539,18184
10927,18185
22708,18186
14303,18187
1628,18188
17648,18189
2347,18190
21231,18191
5460,18192
16272,18193
21826,18194
4758,18195
4207,18196
3499,18197
22599,18198
12722,18199
11931,18200
17032,18201
7679,18202
4158,18203
4206,18204
6947,18205
3451,18206
16763,18207
2737,18208
22864,18209
579,18210
6226,18211
5519,18212
12653,18213
10208,18214
23885,18215
21029,18216
15753,18217
8851,18218
17256,18219
16505,18220
16502,18221
23592,18222
1311,18223
2811,18224
9027,18225
11843,18226
8312,18227
19572,18228
4125,18229
22141,18230
10216,18231
16504,18232
17255,18233
17253,18234
1298,18235
20370,18236
6918,18237
13240,18238
19164,18239
1830,18240
6449,18241
7133,18242
8469,18243
20793,18244
5305,18245
14508,18246
1920,18247
20121,18248
9375,18249
15160,18250
15450,18251
18215,18252
16901,18253
17465,18254
6209,18255
20380,18256
19423,18257
20220,18258
18078,18259
8845,18260
18877,18261
20227,18262
22732,18263
20465,18264
1141,18265
2113,18266
22142,18267
20457,18268
5263,18269
12513,18270
11696,18271
17155,18272
12488,18273
12700,18274
19298,18275
13491,18276
4109,18277
11862,18278
10207,18279
6910,18280
14242,18281
15875,18282
7050,18283
12771,18284
19977,18285
8077,18286
10258,18287
20475,18288
7462,18289
10020,18290
1942,18291
16604,18292
8437,18293
18598,18294
12759,18295
22585,18296
14340,18297
15105,18298
23153,18299
22904,18300
15560,18301
8258,18302
4907,18303
11089,18304
3492,18305
10403,18306
4199,18307
12486,18308
11694,18309
20586,18310
16563,18311
3262,18312
9077,18313
9758,18314
14801,18315
4257,18316
16313,18317
11122,18318
15148,18319
19295,18320
10438,18321
12710,18322
22492,18323
3193,18324
22373,18325
6817,18326
12612,18327
7469,18328
18841,18329
18042,18330
12897,18331
22353,18332
13668,18333
966,18334
16100,18335
22247,18336
17350,18337
18394,18338
1051,18339
23289,18340
6821,18341
14335,18342
13085,18343
19211,18344
8742,18345
20732,18346
6786,18347
14433,18348
16890,18349
12054,18350
5631,18351
19467,18352
4928,18353
20265,18354
21229,18355
2757,18356
20426,18357
497,18358
2652,18359
4052,18360
16270,18361
12818,18362
10193,18363
13610,18364
4082,18365
20189,18366
18171,18367
17680,18368
18971,18369
19776,18370
1406,18371
23362,18372
5600,18373
23649,18374
15149,18375
16174,18376
15907,18377
19786,18378
18611,18379
16304,18380
19747,18381
12418,18382
16575,18383
20892,18384
22237,18385
12730,18386
6664,18387
12877,18388
13190,18389
16965,18390
921,18391
16900,18392
11149,18393
16177,18394
9791,18395
9111,18396
23119,18397
11493,18398
10448,18399
12780,18400
14669,18401
11954,18402
20885,18403
12745,18404
20217,18405
2783,18406
11132,18407
21387,18408
7584,18409
2782,18410
4889,18411
12670,18412
3268,18413
13462,18414
13554,18415
10339,18416
2062,18417
20292,18418
20507,18419
16196,18420
18101,18421
20611,18422
3213,18423
3634,18424
7745,18425
4290,18426
18162,18427
15352,18428
9397,18429
18360,18430
11526,18431
5172,18432
4067,18433
6384,18434
20162,18435
17221,18436
4771,18437
6438,18438
2683,18439
6378,18440
5784,18441
3665,18442
10577,18443
18373,18444
2522,18445
14500,18446
13947,18447
16979,18448
5181,18449
18997,18450
442,18451
3747,18452
6306,18453
15615,18454
11120,18455
14066,18456
10485,18457
14950,18458
4908,18459
12485,18460
6304,18461
14666,18462
2563,18463
13456,18464
3270,18465
15777,18466
18890,18467
18887,18468
12191,18469
10798,18470
13912,18471
17463,18472
12131,18473
8641,18474
10701,18475
495,18476
18057,18477
18854,18478
16108,18479
10079,18480
5402,18481
24123,18482
22639,18483
19661,18484
422,18485
8130,18486
14389,18487
13600,18488
16625,18489
12977,18490
3890,18491
21575,18492
16234,18493
9120,18494
11540,18495
4478,18496
13837,18497
3078,18498
3484,18499
2528,18500
10686,18501
5579,18502
9230,18503
7428,18504
10591,18505
4071,18506
1235,18507
9800,18508
16661,18509
1951,18510
3966,18511
12010,18512
12802,18513
13861,18514
11158,18515
10475,18516
5008,18517
21569,18518
14796,18519
11919,18520
20093,18521
6118,18522
19840,18523
13501,18524
15813,18525
18111,18526
14548,18527
3303,18528
4104,18529
5329,18530
14781,18531
22801,18532
18689,18533
13503,18534
20896,18535
14293,18536
11920,18537
21352,18538
10855,18539
16719,18540
16875,18541
229,18542
23482,18543
22625,18544
10288,18545
13618,18546
8118,18547
9183,18548
9864,18549
16679,18550
16062,18551
6017,18552
22446,18553
20914,18554
15968,18555
3938,18556
14428,18557
2094,18558
583,18559
2815,18560
6942,18561
14926,18562
20249,18563
18432,18564
22408,18565
19878,18566
12381,18567
22683,18568
3632,18569
13970,18570
5047,18571
9500,18572
5751,18573
10866,18574
5757,18575
5053,18576
9838,18577
16863,18578
7833,18579
9499,18580
7154,18581
6470,18582
9157,18583
9385,18584
276,18585
13733,18586
22607,18587
10279,18588
9532,18589
18063,18590
23863,18591
22131,18592
2431,18593
3211,18594
8870,18595
20615,18596
24116,18597
10945,18598
15030,18599
10891,18600
14264,18601
13473,18602
22188,18603
16085,18604
2465,18605
17711,18606
893,18607
18362,18608
12322,18609
3755,18610
13026,18611
21681,18612
3834,18613
14730,18614
9284,18615
23430,18616
9967,18617
10649,18618
21563,18619
758,18620
5132,18621
9989,18622
13810,18623
20031,18624
22380,18625
17507,18626
461,18627
861,18628
12380,18629
22684,18630
22685,18631
2903,18632
6058,18633
8519,18634
7431,18635
3633,18636
4343,18637
15170,18638
2180,18639
7330,18640
16129,18641
12084,18642
552,18643
12556,18644
13223,18645
20855,18646
14015,18647
13435,18648
8846,18649
11848,18650
9880,18651
10183,18652
7834,18653
8515,18654
15927,18655
16816,18656
16883,18657
13674,18658
2631,18659
7882,18660
10585,18661
24245,18662
9419,18663
22436,18664
21776,18665
4492,18666
13833,18667
21434,18668
7122,18669
16986,18670
11308,18671
4654,18672
23774,18673
16298,18674
21007,18675
16556,18676
1127,18677
20095,18678
17305,18679
18910,18680
12684,18681
13476,18682
21329,18683
8688,18684
1801,18685
24081,18686
15483,18687
3017,18688
20056,18689
2294,18690
1574,18691
5109,18692
24184,18693
7409,18694
23929,18695
16946,18696
5662,18697
18109,18698
11897,18699
23382,18700
1729,18701
12911,18702
9558,18703
9352,18704
20849,18705
10722,18706
14419,18707
9628,18708
11960,18709
21362,18710
24252,18711
10082,18712
19938,18713
22701,18714
18143,18715
16220,18716
12839,18717
14674,18718
12735,18719
11237,18720
13891,18721
9936,18722
1814,18723
11302,18724
10617,18725
9902,18726
13749,18727
3912,18728
16790,18729
7484,18730
15021,18731
23897,18732
5262,18733
3924,18734
24083,18735
4098,18736
21326,18737
410,18738
22605,18739
15979,18740
11703,18741
16197,18742
17272,18743
15013,18744
20484,18745
8009,18746
6020,18747
19103,18748
10266,18749
8380,18750
20238,18751
20449,18752
1145,18753
11639,18754
18844,18755
14812,18756
11829,18757
7467,18758
22983,18759
22124,18760
11804,18761
14592,18762
3159,18763
19301,18764
23999,18765
15213,18766
3515,18767
17180,18768
21058,18769
8983,18770
23751,18771
14012,18772
22893,18773
14051,18774
19422,18775
3407,18776
18080,18777
15444,18778
13445,18779
18629,18780
22734,18781
22999,18782
14218,18783
20228,18784
11841,18785
421,18786
23000,18787
6331,18788
10217,18789
1854,18790
12633,18791
11840,18792
15746,18793
16826,18794
6010,18795
19136,18796
23494,18797
16199,18798
16729,18799
21365,18800
15059,18801
8007,18802
8081,18803
17537,18804
23569,18805
9567,18806
4449,18807
23943,18808
403,18809
17343,18810
11914,18811
10353,18812
12561,18813
9676,18814
11769,18815
3408,18816
5525,18817
16516,18818
11219,18819
8823,18820
16687,18821
7136,18822
17376,18823
16173,18824
16172,18825
3605,18826
6755,18827
5716,18828
23990,18829
14905,18830
21281,18831
22136,18832
21279,18833
16106,18834
996,18835
22406,18836
16996,18837
2834,18838
22647,18839
2162,18840
6753,18841
9146,18842
8463,18843
10493,18844
23331,18845
361,18846
13683,18847
4545,18848
23339,18849
18436,18850
21584,18851
19353,18852
11313,18853
2534,18854
15191,18855
15948,18856
24004,18857
14620,18858
19280,18859
20573,18860
5385,18861
14891,18862
7643,18863
12514,18864
8326,18865
12512,18866
17882,18867
21195,18868
11029,18869
8977,18870
11894,18871
10890,18872
17291,18873
14250,18874
13458,18875
11867,18876
12148,18877
1984,18878
19916,18879
4013,18880
9286,18881
373,18882
9969,18883
7900,18884
9223,18885
18405,18886
8751,18887
1884,18888
3722,18889
22555,18890
5136,18891
5838,18892
10676,18893
19207,18894
2069,18895
13342,18896
9166,18897
17943,18898
21650,18899
2343,18900
19589,18901
11472,18902
6556,18903
7240,18904
2981,18905
14771,18906
6859,18907
5029,18908
21713,18909
20068,18910
6415,18911
7612,18912
7564,18913
4281,18914
12285,18915
2134,18916
21010,18917
14156,18918
20206,18919
21096,18920
3472,18921
23773,18922
16299,18923
17052,18924
23295,18925
11537,18926
7968,18927
2691,18928
16585,18929
18489,18930
11943,18931
12734,18932
23939,18933
20816,18934
1422,18935
19193,18936
20033,18937
20700,18938
3837,18939
17747,18940
11182,18941
6754,18942
9143,18943
14678,18944
9062,18945
8333,18946
12654,18947
8843,18948
14239,18949
3645,18950
23328,18951
10836,18952
24153,18953
15496,18954
437,18955
10622,18956
4655,18957
17448,18958
3087,18959
13041,18960
19819,18961
6307,18962
1315,18963
21146,18964
22764,18965
1928,18966
14165,18967
4054,18968
3348,18969
18561,18970
20173,18971
724,18972
7440,18973
6436,18974
3377,18975
5494,18976
6376,18977
1247,18978
11991,18979
22260,18980
16936,18981
23121,18982
20077,18983
15305,18984
6700,18985
18292,18986
13952,18987
20903,18988
6471,18989
10867,18990
1458,18991
736,18992
22401,18993
19344,18994
14203,18995
7966,18996
19358,18997
18556,18998
9689,18999
22665,19000
15503,19001
11056,19002
6741,19003
10574,19004
2677,19005
5485,19006
20406,19007
13193,19008
13986,19009
15854,19010
11501,19011
17355,19012
4096,19013
4056,19014
6920,19015
22063,19016
7579,19017
537,19018
4255,19019
17299,19020
3350,19021
8291,19022
14741,19023
10372,19024
3954,19025
1955,19026
13368,19027
16295,19028
15542,19029
18150,19030
23445,19031
12750,19032
11027,19033
15797,19034
7454,19035
20512,19036
19711,19037
19708,19038
18585,19039
1118,19040
10111,19041
6104,19042
4548,19043
3091,19044
17742,19045
18843,19046
6778,19047
18044,19048
20447,19049
12594,19050
20046,19051
6046,19052
1639,19053
7675,19054
5782,19055
5079,19056
3649,19057
12178,19058
298,19059
12937,19060
3331,19061
2183,19062
2548,19063
21756,19064
3630,19065
4340,19066
2170,19067
23971,19068
14350,19069
22504,19070
7373,19071
11017,19072
19506,19073
8929,19074
2176,19075
10619,19076
4656,19077
9938,19078
9255,19079
6487,19080
20796,19081
10128,19082
17542,19083
18526,19084
21940,19085
22248,19086
22581,19087
3778,19088
13835,19089
6845,19090
9251,19091
21668,19092
289,19093
19948,19094
19402,19095
2123,19096
17691,19097
8391,19098
7710,19099
20124,19100
4459,19101
6713,19102
18357,19103
13117,19104
15207,19105
23513,19106
10632,19107
7420,19108
9268,19109
9951,19110
9899,19111
23980,19112
8700,19113
8715,19114
24177,19115
23466,19116
4466,19117
16148,19118
8655,19119
8612,19120
14643,19121
6869,19122
12788,19123
17676,19124
17399,19125
3706,19126
11811,19127
17237,19128
16841,19129
1019,19130
4698,19131
24127,19132
5908,19133
18538,19134
13397,19135
3278,19136
6728,19137
4501,19138
21013,19139
10306,19140
17910,19141
18685,19142
19760,19143
20755,19144
1945,19145
9785,19146
15463,19147
20872,19148
8424,19149
7743,19150
684,19151
15319,19152
11957,19153
23386,19154
9402,19155
14513,19156
4731,19157
11971,19158
17685,19159
12762,19160
22621,19161
10061,19162
8360,19163
21067,19164
9420,19165
8738,19166
16885,19167
18353,19168
20118,19169
4805,19170
18096,19171
5387,19172
17283,19173
11883,19174
14255,19175
16710,19176
3471,19177
7716,19178
13879,19179
7039,19180
6355,19181
15848,19182
4571,19183
14606,19184
22377,19185
1967,19186
16886,19187
5931,19188
5230,19189
15529,19190
13834,19191
5046,19192
5368,19193
730,19194
19020,19195
18221,19196
7262,19197
11600,19198
8937,19199
8501,19200
6747,19201
7142,19202
10551,19203
10185,19204
6463,19205
8507,19206
9776,19207
4674,19208
6578,19209
3702,19210
2305,19211
8595,19212
17668,19213
6732,19214
17669,19215
18382,19216
1248,19217
20870,19218
8180,19219
18473,19220
14489,19221
17756,19222
10933,19223
8543,19224
905,19225
2541,19226
9916,19227
10596,19228
2925,19229
24188,19230
23836,19231
23053,19232
19700,19233
14568,19234
3883,19235
12135,19236
20128,19237
18099,19238
13908,19239
2333,19240
12255,19241
4684,19242
2072,19243
4854,19244
656,19245
589,19246
23799,19247
17118,19248
14899,19249
7635,19250
5010,19251
13858,19252
5714,19253
20404,19254
15546,19255
14786,19256
12518,19257
7640,19258
14895,19259
1308,19260
11788,19261
3345,19262
20393,19263
7576,19264
5404,19265
13647,19266
14374,19267
23562,19268
12406,19269
11126,19270
20084,19271
9766,19272
9086,19273
17349,19274
19404,19275
9767,19276
3477,19277
4887,19278
11921,19279
23458,19280
14294,19281
8385,19282
18112,19283
13008,19284
9400,19285
3799,19286
15379,19287
5913,19288
4936,19289
1300,19290
21158,19291
6254,19292
2018,19293
4940,19294
5643,19295
14823,19296
8286,19297
19535,19298
1158,19299
2436,19300
12132,19301
21767,19302
6840,19303
7140,19304
10188,19305
8499,19306
7818,19307
14398,19308
21438,19309
3228,19310
12845,19311
662,19312
2735,19313
1382,19314
4134,19315
15690,19316
3426,19317
14930,19318
11654,19319
12448,19320
18731,19321
15605,19322
7059,19323
22577,19324
4282,19325
9651,19326
13994,19327
5647,19328
6892,19329
12426,19330
20389,19331
3394,19332
4102,19333
5646,19334
5521,19335
23290,19336
438,19337
5886,19338
12359,19339
6514,19340
20067,19341
10620,19342
11305,19343
2934,19344
14577,19345
3947,19346
8563,19347
7880,19348
9898,19349
4558,19350
6714,19351
18350,19352
16249,19353
7523,19354
17520,19355
9594,19356
11247,19357
8814,19358
9885,19359
9204,19360
6432,19361
12221,19362
14269,19363
7325,19364
7399,19365
23275,19366
1189,19367
11902,19368
8135,19369
17297,19370
337,19371
13678,19372
4704,19373
17745,19374
5031,19375
10196,19376
5735,19377
3610,19378
20637,19379
6724,19380
18243,19381
19043,19382
874,19383
1594,19384
1587,19385
21631,19386
5315,19387
2871,19388
988,19389
19243,19390
18738,19391
7629,19392
23696,19393
10313,19394
14052,19395
2109,19396
5487,19397
13259,19398
1392,19399
631,19400
18574,19401
1351,19402
1340,19403
5683,19404
19281,19405
4980,19406
4270,19407
19375,19408
15519,19409
11748,19410
9690,19411
15208,19412
23131,19413
10328,19414
10432,19415
10404,19416
13573,19417
19278,19418
22249,19419
4278,19420
19212,19421
8045,19422
19160,19423
8951,19424
7744,19425
19277,19426
6383,19427
16969,19428
5871,19429
13553,19430
12748,19431
19221,19432
8720,19433
11528,19434
13726,19435
9377,19436
19330,19437
11972,19438
20083,19439
14187,19440
15498,19441
8557,19442
18469,19443
9933,19444
10614,19445
7172,19446
18401,19447
10812,19448
20745,19449
20909,19450
12847,19451
6043,19452
20629,19453
16417,19454
6948,19455
17857,19456
652,19457
6993,19458
20256,19459
23800,19460
19459,19461
21230,19462
1217,19463
496,19464
5456,19465
10603,19466
8569,19467
377,19468
9946,19469
9263,19470
4357,19471
21626,19472
4617,19473
24159,19474
21367,19475
23457,19476
23083,19477
18926,19478
7705,19479
14532,19480
6709,19481
21565,19482
447,19483
3049,19484
22865,19485
4842,19486
23723,19487
23655,19488
14792,19489
5619,19490
15607,19491
5648,19492
320,19493
6846,19494
3375,19495
17901,19496
23650,19497
17361,19498
13877,19499
15103,19500
3662,19501
15860,19502
13538,19503
16772,19504
7502,19505
21420,19506
21706,19507
22274,19508
2301,19509
10674,19510
14600,19511
2800,19512
6756,19513
15904,19514
696,19515
16929,19516
4273,19517
16655,19518
6367,19519
22716,19520
23657,19521
17105,19522
11994,19523
20208,19524
23659,19525
4804,19526
14668,19527
17371,19528
4983,19529
1965,19530
23661,19531
1363,19532
23641,19533
6886,19534
629,19535
11970,19536
22799,19537
16775,19538
17799,19539
17722,19540
5195,19541
16018,19542
12736,19543
8002,19544
8686,19545
24043,19546
21634,19547
14683,19548
956,19549
9479,19550
22312,19551
24031,19552
16257,19553
10371,19554
5470,19555
9004,19556
16268,19557
3419,19558
4662,19559
10330,19560
22917,19561
11606,19562
12400,19563
13542,19564
12293,19565
15097,19566
4806,19567
6894,19568
1256,19569
21348,19570
14277,19571
18909,19572
6079,19573
20516,19574
21349,19575
14679,19576
15799,19577
11360,19578
4572,19579
8708,19580
12105,19581
3009,19582
23424,19583
9317,19584
10000,19585
6547,19586
5274,19587
9390,19588
16026,19589
5102,19590
21718,19591
11341,19592
10656,19593
10653,19594
5975,19595
10072,19596
24079,19597
18296,19598
4537,19599
5239,19600
24027,19601
6126,19602
21698,19603
13052,19604
8627,19605
3034,19606
9587,19607
22552,19608
9318,19609
872,19610
20862,19611
9290,19612
20867,19613
2217,19614
6054,19615
9309,19616
11598,19617
14083,19618
2288,19619
8585,19620
21464,19621
21714,19622
18683,19623
9846,19624
772,19625
11015,19626
11197,19627
1352,19628
4793,19629
18700,19630
3470,19631
7728,19632
18481,19633
7051,19634
9777,19635
8405,19636
9973,19637
7920,19638
7274,19639
4515,19640
22473,19641
7360,19642
20199,19643
4972,19644
23452,19645
3557,19646
4266,19647
19727,19648
20819,19649
3163,19650
19947,19651
4001,19652
19403,19653
17333,19654
21743,19655
18941,19656
18140,19657
23074,19658
23369,19659
12805,19660
5375,19661
12013,19662
14383,19663
9795,19664
21667,19665
290,19666
13123,19667
22287,19668
9486,19669
23998,19670
7657,19671
7654,19672
7177,19673
12126,19674
5687,19675
16184,19676
4984,19677
4274,19678
15114,19679
20784,19680
2498,19681
23231,19682
13893,19683
5920,19684
4024,19685
20515,19686
7453,19687
19714,19688
22204,19689
12688,19690
24246,19691
1010,19692
6117,19693
15585,19694
5997,19695
14478,19696
20136,19697
22964,19698
8151,19699
23824,19700
21253,19701
14181,19702
6997,19703
5328,19704
21550,19705
4701,19706
16997,19707
11805,19708
2584,19709
23814,19710
22954,19711
21239,19712
13637,19713
18340,19714
3384,19715
20553,19716
22593,19717
13526,19718
15838,19719
14298,19720
17588,19721
19141,19722
23209,19723
22356,19724
22334,19725
18406,19726
8749,19727
9431,19728
1852,19729
14996,19730
14222,19731
11836,19732
12967,19733
14611,19734
3840,19735
18541,19736
8159,19737
4884,19738
12423,19739
15810,19740
1126,19741
17310,19742
11916,19743
3547,19744
12153,19745
6704,19746
12106,19747
10249,19748
3804,19749
9482,19750
5918,19751
21197,19752
10433,19753
17126,19754
5609,19755
6270,19756
4906,19757
7639,19758
13584,19759
7554,19760
5708,19761
6077,19762
10463,19763
9788,19764
21402,19765
16109,19766
8714,19767
22457,19768
16214,19769
5155,19770
24130,19771
12100,19772
16297,19773
3555,19774
4677,19775
2122,19776
2844,19777
10440,19778
23204,19779
19085,19780
22332,19781
16070,19782
16127,19783
16881,19784
10917,19785
3110,19786
12965,19787
13722,19788
20916,19789
17479,19790
6841,19791
12033,19792
7436,19793
10539,19794
9861,19795
6430,19796
19213,19797
539,19798
21188,19799
12257,19800
9226,19801
13789,19802
6676,19803
21586,19804
20150,19805
2958,19806
15409,19807
18201,19808
18519,19809
5904,19810
20041,19811
7982,19812
18816,19813
1346,19814
5592,19815
16531,19816
3975,19817
18894,19818
18094,19819
17275,19820
22515,19821
304,19822
3661,19823
10857,19824
2225,19825
2947,19826
2207,19827
22480,19828
17638,19829
16788,19830
6115,19831
19016,19832
17646,19833
23991,19834
3497,19835
23631,19836
7687,19837
21920,19838
21068,19839
13376,19840
15720,19841
14747,19842
17014,19843
8935,19844
2255,19845
8021,19846
21682,19847
21594,19848
21802,19849
9978,19850
21717,19851
9295,19852
22086,19853
2648,19854
3341,19855
9331,19856
11661,19857
11584,19858
6312,19859
14847,19860
6327,19861
23578,19862
17057,19863
637,19864
22719,19865
11659,19866
21839,19867
1357,19868
5567,19869
17055,19870
16587,19871
21740,19872
17338,19873
15080,19874
21357,19875
20790,19876
22911,19877
11621,19878
19416,19879
7032,19880
23100,19881
14039,19882
11335,19883
8531,19884
21618,19885
1078,19886
8888,19887
2303,19888
18317,19889
458,19890
1529,19891
4647,19892
2544,19893
9888,19894
9207,19895
18193,19896
16099,19897
3167,19898
19893,19899
11558,19900
5406,19901
19841,19902
6758,19903
7770,19904
15698,19905
18640,19906
20305,19907
2055,19908
2211,19909
12201,19910
8042,19911
24161,19912
6134,19913
19000,19914
3291,19915
19823,19916
13831,19917
18224,19918
7800,19919
6050,19920
5789,19921
19018,19922
16146,19923
22551,19924
19010,19925
9589,19926
7803,19927
5633,19928
21986,19929
23642,19930
17031,19931
375,19932
18017,19933
3444,19934
4930,19935
6888,19936
12560,19937
6180,19938
22812,19939
4117,19940
1996,19941
7700,19942
7463,19943
8381,19944
19440,19945
22099,19946
21893,19947
19651,19948
8957,19949
15629,19950
20258,19951
16451,19952
19461,19953
17203,19954
17845,19955
18645,19956
15668,19957
23645,19958
18728,19959
15606,19960
8457,19961
7445,19962
3370,19963
21040,19964
14186,19965
9280,19966
7611,19967
14831,19968
14829,19969
22834,19970
3469,19971
7058,19972
16183,19973
4991,19974
3865,19975
21533,19976
6824,19977
12648,19978
5392,19979
23015,19980
23875,19981
23014,19982
1479,19983
22467,19984
10154,19985
19143,19986
8176,19987
2344,19988
1903,19989
16902,19990
5873,19991
6309,19992
8314,19993
14108,19994
8316,19995
13315,19996
9031,19997
9130,19998
23629,19999
3513,20000
18663,20001
14958,20002
9713,20003
2938,20004
1104,20005
1492,20006
14387,20007
13067,20008
13598,20009
1655,20010
10304,20011
11024,20012
12563,20013
20811,20014
3880,20015
19892,20016
6148,20017
746,20018
10864,20019
10565,20020
11248,20021
273,20022
21812,20023
2830,20024
4060,20025
5473,20026
3253,20027
9168,20028
2682,20029
11485,20030
16779,20031
23492,20032
3001,20033
20865,20034
2278,20035
9993,20036
1548,20037
19436,20038
13411,20039
2580,20040
21263,20041
22118,20042
11798,20043
23336,20044
351,20045
9552,20046
3076,20047
7528,20048
7204,20049
5355,20050
6520,20051
22222,20052
6342,20053
12947,20054
5338,20055
22420,20056
1168,20057
13993,20058
11930,20059
1609,20060
22600,20061
9971,20062
14599,20063
11439,20064
18310,20065
7342,20066
165,20067
20143,20068
7228,20069
16913,20070
10666,20071
9428,20072
15462,20073
20756,20074
1185,20075
15960,20076
22179,20077
9523,20078
23040,20079
23902,20080
20490,20081
2568,20082
15019,20083
17277,20084
14246,20085
12169,20086
4606,20087
12128,20088
18521,20089
1610,20090
13842,20091
9585,20092
5062,20093
5766,20094
15172,20095
16850,20096
8728,20097
22383,20098
4702,20099
14438,20100
13938,20101
1471,20102
17960,20103
3427,20104
2097,20105
11078,20106
12545,20107
11656,20108
13242,20109
21582,20110
10071,20111
17002,20112
173,20113
8586,20114
1806,20115
9292,20116
9975,20117
7219,20118
15360,20119
8658,20120
18446,20121
645,20122
12465,20123
2831,20124
22677,20125
21825,20126
13171,20127
10447,20128
17683,20129
9085,20130
12294,20131
9765,20132
11976,20133
7715,20134
19721,20135
14011,20136
21945,20137
3850,20138
10152,20139
16033,20140
21807,20141
3666,20142
3240,20143
5083,20144
1506,20145
9550,20146
13632,20147
20619,20148
21152,20149
8933,20150
5351,20151
543,20152
14944,20153
17788,20154
7600,20155
588,20156
23715,20157
1307,20158
14934,20159
14765,20160
3356,20161
4188,20162
8284,20163
11330,20164
10375,20165
10488,20166
15415,20167
9133,20168
8450,20169
2025,20170
15694,20171
20245,20172
2727,20173
7682,20174
17097,20175
2249,20176
17666,20177
7119,20178
19449,20179
17936,20180
22787,20181
16422,20182
10194,20183
6435,20184
15537,20185
13364,20186
13218,20187
14776,20188
20308,20189
9655,20190
10326,20191
2824,20192
9654,20193
10338,20194
17989,20195
6221,20196
6906,20197
11112,20198
21939,20199
9775,20200
19510,20201
4881,20202
19522,20203
18644,20204
16426,20205
13261,20206
17174,20207
16360,20208
3899,20209
20638,20210
13033,20211
1559,20212
4205,20213
21916,20214
16365,20215
16415,20216
14856,20217
23987,20218
13859,20219
17422,20220
18802,20221
13201,20222
21972,20223
21861,20224
18825,20225
18791,20226
15563,20227
7581,20228
9756,20229
406,20230
14283,20231
17289,20232
11892,20233
23908,20234
19968,20235
2524,20236
12880,20237
7511,20238
4415,20239
22562,20240
3707,20241
3013,20242
1551,20243
23322,20244
6720,20245
4049,20246
7185,20247
16164,20248
11288,20249
7244,20250
4099,20251
19705,20252
21749,20253
23959,20254
18137,20255
18921,20256
20018,20257
2441,20258
23269,20259
17050,20260
22236,20261
22414,20262
12868,20263
22351,20264
3123,20265
15344,20266
5284,20267
13043,20268
19817,20269
22859,20270
2023,20271
22007,20272
586,20273
15686,20274
2744,20275
16443,20276
14828,20277
16341,20278
6919,20279
2935,20280
6516,20281
7201,20282
762,20283
16065,20284
4620,20285
24154,20286
16987,20287
16698,20288
436,20289
3292,20290
18211,20291
8139,20292
13449,20293
15772,20294
13446,20295
18408,20296
307,20297
23228,20298
12306,20299
904,20300
17649,20301
1603,20302
8899,20303
16287,20304
8294,20305
7610,20306
7772,20307
10888,20308
7094,20309
6410,20310
15876,20311
23439,20312
15119,20313
17378,20314
13561,20315
8698,20316
3164,20317
2611,20318
7855,20319
6738,20320
11283,20321
14487,20322
5462,20323
6439,20324
12270,20325
5043,20326
5747,20327
13608,20328
13786,20329
2440,20330
21578,20331
4045,20332
727,20333
3295,20334
1649,20335
14626,20336
8825,20337
7128,20338
6444,20339
10508,20340
24225,20341
11192,20342
18399,20343
2481,20344
13697,20345
449,20346
4760,20347
11203,20348
16711,20349
11476,20350
9845,20351
4628,20352
13413,20353
15729,20354
17608,20355
5280,20356
13890,20357
23258,20358
20140,20359
21266,20360
1857,20361
13457,20362
14249,20363
23899,20364
4567,20365
9401,20366
18515,20367
12136,20368
4019,20369
12664,20370
1614,20371
16905,20372
23384,20373
1727,20374
20747,20375
535,20376
7033,20377
19326,20378
4458,20379
18490,20380
5674,20381
4971,20382
3490,20383
13582,20384
10683,20385
6275,20386
3381,20387
18698,20388
6243,20389
12719,20390
2560,20391
11928,20392
1258,20393
9666,20394
1250,20395
17900,20396
13071,20397
11062,20398
15867,20399
16186,20400
11975,20401
12766,20402
7577,20403
23057,20404
23557,20405
4185,20406
15903,20407
15145,20408
10351,20409
23919,20410
6082,20411
21339,20412
16537,20413
19394,20414
3478,20415
23652,20416
15648,20417
14864,20418
16401,20419
16376,20420
12707,20421
18495,20422
14288,20423
6908,20424
8278,20425
22180,20426
13474,20427
15432,20428
9771,20429
9091,20430
13220,20431
21340,20432
12673,20433
20017,20434
6767,20435
11890,20436
12682,20437
14257,20438
21671,20439
999,20440
22609,20441
9366,20442
19250,20443
1845,20444
20494,20445
18483,20446
15110,20447
7722,20448
1396,20449
10352,20450
12679,20451
20493,20452
10341,20453
23054,20454
1128,20455
20535,20456
23935,20457
22508,20458
3889,20459
21567,20460
17805,20461
16572,20462
16192,20463
11309,20464
10587,20465
15337,20466
1013,20467
14506,20468
16974,20469
1652,20470
8804,20471
20152,20472
13627,20473
2535,20474
3646,20475
7332,20476
19241,20477
14488,20478
10248,20479
3761,20480
4742,20481
11279,20482
5362,20483
1493,20484
22798,20485
21943,20486
16540,20487
14681,20488
15790,20489
15033,20490
23048,20491
16824,20492
3189,20493
20340,20494
22779,20495
18741,20496
21072,20497
23637,20498
6208,20499
22079,20500
1394,20501
17772,20502
16050,20503
13823,20504
8642,20505
8192,20506
2828,20507
21806,20508
2106,20509
10325,20510
6875,20511
8423,20512
16179,20513
4287,20514
4998,20515
4289,20516
4987,20517
13763,20518
8762,20519
18358,20520
2667,20521
5000,20522
21723,20523
16217,20524
22910,20525
7990,20526
7153,20527
5045,20528
7791,20529
22518,20530
5993,20531
22455,20532
9599,20533
2178,20534
3655,20535
7849,20536
6649,20537
346,20538
14490,20539
10246,20540
5875,20541
13839,20542
7286,20543
14110,20544
12476,20545
13316,20546
470,20547
9235,20548
8315,20549
14388,20550
16170,20551
12019,20552
11713,20553
13284,20554
15643,20555
17130,20556
23742,20557
21880,20558
8810,20559
21028,20560
23832,20561
425,20562
12614,20563
23807,20564
21237,20565
19633,20566
15293,20567
11444,20568
16009,20569
10943,20570
854,20571
15754,20572
8146,20573
16506,20574
17257,20575
22132,20576
3854,20577
1784,20578
21542,20579
23182,20580
15314,20581
10822,20582
10138,20583
15446,20584
953,20585
369,20586
18639,20587
14205,20588
22283,20589
16145,20590
924,20591
19682,20592
10896,20593
22160,20594
14016,20595
18626,20596
21291,20597
8849,20598
5534,20599
23003,20600
23005,20601
12638,20602
2574,20603
6332,20604
17258,20605
18988,20606
700,20607
18392,20608
19237,20609
24091,20610
23505,20611
17428,20612
10197,20613
4640,20614
6399,20615
14656,20616
8440,20617
7759,20618
3585,20619
24207,20620
1059,20621
13708,20622
4895,20623
2776,20624
6995,20625
20253,20626
2812,20627
3437,20628
22084,20629
19456,20630
22939,20631
4051,20632
4761,20633
18570,20634
8481,20635
1066,20636
22803,20637
19492,20638
8396,20639
13087,20640
6354,20641
7038,20642
22212,20643
23355,20644
1048,20645
23011,20646
5660,20647
12945,20648
8083,20649
23500,20650
18778,20651
17075,20652
16322,20653
21297,20654
1138,20655
472,20656
11351,20657
12282,20658
7062,20659
4996,20660
9781,20661
16091,20662
296,20663
18349,20664
11567,20665
20125,20666
1645,20667
16898,20668
23995,20669
10022,20670
14111,20671
21082,20672
15917,20673
7449,20674
17902,20675
21100,20676
23651,20677
19595,20678
18026,20679
22090,20680
15356,20681
991,20682
12900,20683
20135,20684
12589,20685
5398,20686
11796,20687
19292,20688
14310,20689
21381,20690
13505,20691
15303,20692
1787,20693
20718,20694
6111,20695
19919,20696
19087,20697
21853,20698
5883,20699
23206,20700
22330,20701
5960,20702
3927,20703
3218,20704
8154,20705
3319,20706
9924,20707
10174,20708
11289,20709
10604,20710
2202,20711
18371,20712
10839,20713
12908,20714
1165,20715
17466,20716
15861,20717
18485,20718
20880,20719
17341,20720
14346,20721
17688,20722
15084,20723
15841,20724
16940,20725
22242,20726
15111,20727
9656,20728
14321,20729
17362,20730
10342,20731
16570,20732
6903,20733
22036,20734
22041,20735
557,20736
5523,20737
22164,20738
1134,20739
19684,20740
3417,20741
19431,20742
17254,20743
2576,20744
6217,20745
22037,20746
5668,20747
14993,20748
1142,20749
13427,20750
14219,20751
15751,20752
14992,20753
21183,20754
17073,20755
21881,20756
2245,20757
4360,20758
15339,20759
4585,20760
21597,20761
16246,20762
11324,20763
4651,20764
8696,20765
19242,20766
19146,20767
13949,20768
15131,20769
15427,20770
19774,20771
20574,20772
19954,20773
18550,20774
17627,20775
230,20776
2985,20777
23428,20778
818,20779
1538,20780
7220,20781
17619,20782
18173,20783
6371,20784
21642,20785
6692,20786
12134,20787
2668,20788
15892,20789
22576,20790
10877,20791
10527,20792
6194,20793
8133,20794
18179,20795
15362,20796
225,20797
13565,20798
13557,20799
18122,20800
20530,20801
18916,20802
19722,20803
20518,20804
9763,20805
14285,20806
2702,20807
19584,20808
2706,20809
20383,20810
22725,20811
9681,20812
15761,20813
5394,20814
15002,20815
23606,20816
22123,20817
6092,20818
23842,20819
16325,20820
18046,20821
8855,20822
22979,20823
22120,20824
6554,20825
7238,20826
4402,20827
12223,20828
13029,20829
23266,20830
15484,20831
10684,20832
12862,20833
1221,20834
18014,20835
2659,20836
16077,20837
3892,20838
13703,20839
4029,20840
7864,20841
6052,20842
6499,20843
11287,20844
10785,20845
24170,20846
20911,20847
14733,20848
11321,20849
3944,20850
9955,20851
4385,20852
10588,20853
15660,20854
11667,20855
20428,20856
19360,20857
23139,20858
13974,20859
4095,20860
14764,20861
22889,20862
1997,20863
1280,20864
6336,20865
23977,20866
23115,20867
16621,20868
19190,20869
1060,20870
16015,20871
16205,20872
4513,20873
13032,20874
7997,20875
4016,20876
18158,20877
3625,20878
5750,20879
5743,20880
13013,20881
10077,20882
12935,20883
476,20884
7831,20885
12315,20886
6618,20887
13036,20888
4715,20889
3769,20890
6346,20891
17317,20892
16057,20893
2519,20894
19943,20895
13991,20896
6116,20897
20539,20898
11507,20899
5860,20900
7986,20901
6044,20902
13255,20903
3539,20904
13635,20905
17739,20906
11813,20907
10911,20908
12606,20909
13399,20910
16486,20911
12990,20912
4588,20913
16952,20914
24197,20915
1071,20916
3386,20917
21092,20918
1344,20919
20506,20920
8137,20921
19706,20922
18901,20923
1878,20924
20721,20925
10946,20926
22973,20927
15610,20928
19264,20929
15275,20930
16980,20931
12360,20932
5081,20933
7976,20934
14628,20935
3094,20936
6584,20937
7339,20938
194,20939
10161,20940
12087,20941
12143,20942
7315,20943
14619,20944
12972,20945
3893,20946
12917,20947
15481,20948
10618,20949
380,20950
6512,20951
7197,20952
7829,20953
10869,20954
9194,20955
11238,20956
18991,20957
13747,20958
8070,20959
19959,20960
2461,20961
18326,20962
8160,20963
23135,20964
16144,20965
20616,20966
18749,20967
15525,20968
6191,20969
22765,20970
19550,20971
21912,20972
536,20973
18781,20974
14805,20975
15564,20976
16513,20977
416,20978
12642,20979
23599,20980
15740,20981
20233,20982
22976,20983
1858,20984
17244,20985
16493,20986
13389,20987
21060,20988
4065,20989
6171,20990
21959,20991
21106,20992
3468,20993
13310,20994
11504,20995
689,20996
8847,20997
4252,20998
3544,20999
15747,21000
16839,21001
10110,21002
17528,21003
16243,21004
15762,21005
16222,21006
17284,21007
9239,21008
7425,21009
10601,21010
11286,21011
1483,21012
12158,21013
3913,21014
14492,21015
13920,21016
1631,21017
21695,21018
2049,21019
12828,21020
10186,21021
13620,21022
14409,21023
11188,21024
19176,21025
9466,21026
6844,21027
8924,21028
11980,21029
18397,21030
10818,21031
4076,21032
18739,21033
1321,21034
23697,21035
2759,21036
2832,21037
22809,21038
23533,21039
20972,21040
13963,21041
620,21042
7053,21043
22579,21044
4981,21045
11228,21046
10545,21047
7114,21048
23377,21049
10792,21050
13725,21051
6838,21052
9867,21053
11835,21054
18398,21055
16126,21056
14477,21057
13139,21058
23009,21059
10212,21060
12301,21061
22150,21062
19821,21063
20682,21064
964,21065
16835,21066
9432,21067
7337,21068
3155,21069
19935,21070
18280,21071
13927,21072
9312,21073
19265,21074
3004,21075
2281,21076
7465,21077
13429,21078
14221,21079
15749,21080
7335,21081
3870,21082
12096,21083
10937,21084
7305,21085
17736,21086
16820,21087
5319,21088
19155,21089
19319,21090
19351,21091
1513,21092
7421,21093
23140,21094
13037,21095
5793,21096
3674,21097
21436,21098
5459,21099
8793,21100
19108,21101
16989,21102
1569,21103
10257,21104
1216,21105
16384,21106
17885,21107
704,21108
4671,21109
5725,21110
5021,21111
2146,21112
6041,21113
4623,21114
16955,21115
6604,21116
18327,21117
13141,21118
18066,21119
419,21120
18865,21121
19670,21122
18054,21123
1973,21124
13468,21125
8138,21126
21334,21127
23913,21128
18095,21129
8691,21130
6703,21131
3221,21132
15272,21133
1188,21134
16660,21135
15419,21136
17412,21137
18181,21138
11150,21139
15071,21140
15828,21141
11123,21142
18391,21143
339,21144
12913,21145
13197,21146
1873,21147
10047,21148
2843,21149
1741,21150
17817,21151
21093,21152
4888,21153
17304,21154
3971,21155
16554,21156
15804,21157
22199,21158
11899,21159
12690,21160
17292,21161
13741,21162
6026,21163
7494,21164
18342,21165
11543,21166
14272,21167
8653,21168
14661,21169
6390,21170
7073,21171
14359,21172
16861,21173
9396,21174
14465,21175
15458,21176
1608,21177
8948,21178
24164,21179
23480,21180
22657,21181
11314,21182
16162,21183
1514,21184
794,21185
10584,21186
20797,21187
21272,21188
21139,21189
2354,21190
13976,21191
1985,21192
17210,21193
3411,21194
4119,21195
15001,21196
2571,21197
15760,21198
23600,21199
11823,21200
13227,21201
23833,21202
8149,21203
22115,21204
21260,21205
13386,21206
18383,21207
1785,21208
14688,21209
1635,21210
14770,21211
10222,21212
22974,21213
23834,21214
14178,21215
24198,21216
1070,21217
8161,21218
916,21219
23254,21220
10259,21221
16948,21222
12691,21223
11900,21224
15035,21225
14531,21226
6710,21227
24135,21228
3304,21229
3059,21230
16150,21231
17735,21232
7203,21233
1812,21234
12042,21235
14417,21236
9225,21237
22521,21238
2455,21239
13716,21240
14706,21241
15205,21242
11451,21243
22618,21244
12349,21245
4351,21246
8812,21247
9890,21248
9209,21249
17433,21250
15343,21251
3876,21252
18295,21253
21750,21254
20639,21255
11446,21256
15223,21257
15982,21258
7126,21259
14396,21260
6647,21261
15374,21262
12912,21263
8216,21264
2898,21265
4668,21266
3297,21267
11530,21268
18369,21269
5395,21270
19110,21271
20943,21272
4703,21273
2919,21274
10178,21275
2196,21276
4350,21277
2889,21278
3150,21279
4941,21280
5128,21281
2997,21282
12224,21283
21683,21284
12089,21285
13127,21286
18205,21287
13057,21288
24148,21289
6113,21290
3057,21291
22705,21292
11935,21293
20091,21294
23094,21295
22233,21296
22213,21297
13773,21298
10955,21299
15913,21300
4673,21301
15156,21302
17416,21303
11153,21304
23383,21305
6673,21306
17530,21307
19939,21308
8177,21309
4446,21310
8220,21311
8480,21312
9509,21313
9844,21314
10519,21315
10505,21316
2426,21317
7827,21318
24013,21319
11035,21320
22040,21321
3406,21322
20219,21323
15765,21324
13692,21325
10241,21326
23566,21327
16024,21328
20677,21329
21373,21330
6078,21331
19739,21332
20540,21333
16568,21334
12155,21335
18306,21336
4072,21337
14080,21338
19489,21339
5696,21340
21725,21341
688,21342
1409,21343
21401,21344
19967,21345
13031,21346
16235,21347
7858,21348
7549,21349
13051,21350
7958,21351
6493,21352
4692,21353
2993,21354
4933,21355
21992,21356
4649,21357
10645,21358
9691,21359
11173,21360
9636,21361
13286,21362
12462,21363
4247,21364
23529,21365
16271,21366
17193,21367
9008,21368
11060,21369
17103,21370
23711,21371
16350,21372
10490,21373
16922,21374
7092,21375
2463,21376
23265,21377
3988,21378
15214,21379
16137,21380
21440,21381
22692,21382
12395,21383
14079,21384
617,21385
4773,21386
23103,21387
23449,21388
17740,21389
22960,21390
2582,21391
23820,21392
21249,21393
12595,21394
11578,21395
13958,21396
23687,21397
7821,21398
8502,21399
7789,21400
13764,21401
326,21402
15282,21403
9605,21404
15181,21405
6636,21406
2614,21407
3026,21408
12263,21409
862,21410
19805,21411
7912,21412
5260,21413
7362,21414
14515,21415
8953,21416
18974,21417
13115,21418
3757,21419
13840,21420
17678,21421
20579,21422
19779,21423
4988,21424
13850,21425
4422,21426
2297,21427
11359,21428
8702,21429
20833,21430
24090,21431
10950,21432
13779,21433
7077,21434
12182,21435
4596,21436
13705,21437
4023,21438
12009,21439
13069,21440
11156,21441
1163,21442
13696,21443
8887,21444
17762,21445
7120,21446
6751,21447
11200,21448
9161,21449
717,21450
21610,21451
8015,21452
20037,21453
16042,21454
17000,21455
1518,21456
18468,21457
5796,21458
5094,21459
18514,21460
18227,21461
15776,21462
22527,21463
1718,21464
15289,21465
4018,21466
23920,21467
7456,21468
17287,21469
15031,21470
16984,21471
4970,21472
5673,21473
9080,21474
23354,21475
2487,21476
22413,21477
23268,21478
21002,21479
6348,21480
14869,21481
18686,21482
23110,21483
20434,21484
2414,21485
12338,21486
18165,21487
13078,21488
20571,21489
19771,21490
15125,21491
13809,21492
13055,21493
1583,21494
863,21495
1554,21496
13754,21497
16128,21498
19913,21499
3308,21500
1885,21501
4427,21502
23415,21503
24172,21504
12318,21505
12844,21506
5344,21507
3333,21508
13622,21509
10870,21510
9191,21511
11234,21512
2892,21513
20809,21514
10039,21515
7268,21516
22531,21517
21678,21518
882,21519
20048,21520
8755,21521
24241,21522
5994,21523
14512,21524
21768,21525
5903,21526
21693,21527
4496,21528
21160,21529
10391,21530
6156,21531
9180,21532
8119,21533
7816,21534
7138,21535
22013,21536
5614,21537
2650,21538
16367,21539
15657,21540
10399,21541
11277,21542
385,21543
2029,21544
21149,21545
910,21546
21621,21547
4627,21548
2694,21549
627,21550
17892,21551
15046,21552
2562,21553
15803,21554
16553,21555
17425,21556
14582,21557
8729,21558
5945,21559
20144,21560
5736,21561
8830,21562
5032,21563
12094,21564
15491,21565
8529,21566
4663,21567
7846,21568
4353,21569
15929,21570
16098,21571
7355,21572
3401,21573
598,21574
23707,21575
1317,21576
14167,21577
10624,21578
378,21579
6518,21580
8566,21581
768,21582
16845,21583
10786,21584
20748,21585
21587,21586
1233,21587
20918,21588
6591,21589
23985,21590
13075,21591
11142,21592
10459,21593
3566,21594
18386,21595
14552,21596
21342,21597
14542,21598
20836,21599
8882,21600
7284,21601
11460,21602
12904,21603
5438,21604
20513,21605
6080,21606
14275,21607
7055,21608
24221,21609
7378,21610
12926,21611
12326,21612
4462,21613
14633,21614
2340,21615
11007,21616
13572,21617
13868,21618
21407,21619
13114,21620
6819,21621
4378,21622
6734,21623
2956,21624
2234,21625
7174,21626
23381,21627
8737,21628
21623,21629
11261,21630
20771,21631
364,21632
22438,21633
18551,21634
13122,21635
19825,21636
15383,21637
16699,21638
3236,21639
15190,21640
19720,21641
20521,21642
23070,21643
24237,21644
8747,21645
23282,21646
13212,21647
3548,21648
12622,21649
1956,21650
19505,21651
2057,21652
7730,21653
12287,21654
4272,21655
3563,21656
12773,21657
15349,21658
23501,21659
12637,21660
1140,21661
11844,21662
4956,21663
22992,21664
19993,21665
10817,21666
15448,21667
4490,21668
7430,21669
7159,21670
9884,21671
8473,21672
21663,21673
6677,21674
23217,21675
17709,21676
6622,21677
8912,21678
17591,21679
6680,21680
7480,21681
1699,21682
8893,21683
22144,21684
10215,21685
21289,21686
2114,21687
23514,21688
2961,21689
6733,21690
4383,21691
3675,21692
9222,21693
22503,21694
10127,21695
23302,21696
22623,21697
9089,21698
20881,21699
8400,21700
7719,21701
20557,21702
13790,21703
2453,21704
19115,21705
1370,21706
18592,21707
2646,21708
4372,21709
2538,21710
20188,21711
19504,21712
20302,21713
3664,21714
2950,21715
2212,21716
12202,21717
7162,21718
324,21719
16027,21720
10250,21721
17462,21722
23407,21723
3346,21724
13611,21725
6065,21726
15174,21727
15931,21728
10509,21729
15959,21730
22448,21731
19349,21732
4387,21733
5354,21734
4386,21735
7893,21736
2213,21737
15338,21738
12337,21739
6553,21740
12267,21741
8601,21742
7918,21743
7909,21744
6654,21745
15370,21746
16780,21747
19081,21748
8223,21749
4244,21750
1937,21751
12915,21752
7486,21753
5218,21754
14618,21755
17815,21756
4963,21757
5381,21758
18114,21759
20522,21760
18913,21761
13007,21762
2454,21763
13516,21764
13091,21765
21375,21766
22230,21767
12716,21768
13760,21769
3190,21770
21558,21771
24129,21772
3300,21773
11427,21774
15999,21775
19908,21776
1893,21777
15955,21778
20854,21779
16707,21780
17458,21781
2998,21782
11435,21783
23062,21784
20508,21785
8019,21786
8709,21787
975,21788
19875,21789
5467,21790
22073,21791
13928,21792
11898,21793
6766,21794
7281,21795
14858,21796
8821,21797
14523,21798
10965,21799
10557,21800
1826,21801
735,21802
1457,21803
7793,21804
13806,21805
3916,21806
23316,21807
8237,21808
12789,21809
4675,21810
17400,21811
15139,21812
14699,21813
2852,21814
9417,21815
2506,21816
3991,21817
16721,21818
14623,21819
20727,21820
14727,21821
21244,21822
429,21823
20437,21824
19026,21825
19638,21826
22949,21827
6003,21828
12112,21829
20132,21830
19713,21831
8839,21832
20514,21833
18107,21834
23922,21835
19744,21836
457,21837
23861,21838
1853,21839
23001,21840
18860,21841
17250,21842
12966,21843
10816,21844
17945,21845
20269,21846
19544,21847
21923,21848
13371,21849
19411,21850
21070,21851
14163,21852
3476,21853
780,21854
8532,21855
7331,21856
2502,21857
23281,21858
467,21859
2946,21860
6736,21861
8170,21862
16061,21863
2510,21864
14483,21865
11610,21866
19743,21867
20894,21868
21377,21869
22232,21870
15267,21871
9442,21872
15957,21873
2327,21874
7765,21875
18903,21876
22536,21877
24174,21878
16247,21879
10663,21880
12231,21881
184,21882
16160,21883
11348,21884
6540,21885
6536,21886
16783,21887
17017,21888
9162,21889
8123,21890
10518,21891
9569,21892
1446,21893
1439,21894
22465,21895
4636,21896
22423,21897
18604,21898
8174,21899
2329,21900
18929,21901
12300,21902
23948,21903
21369,21904
13504,21905
22396,21906
23478,21907
23556,21908
13528,21909
20888,21910
11946,21911
23965,21912
23078,21913
22528,21914
14425,21915
323,21916
10482,21917
13787,21918
9418,21919
21596,21920
22655,21921
800,21922
3943,21923
2244,21924
4388,21925
16023,21926
11547,21927
4407,21928
4646,21929
3699,21930
8597,21931
9304,21932
5972,21933
20754,21934
20116,21935
19027,21936
1804,21937
17476,21938
8218,21939
17925,21940
2034,21941
11785,21942
10302,21943
17749,21944
8573,21945
6048,21946
797,21947
1517,21948
2206,21949
6851,21950
8697,21951
11581,21952
11202,21953
14874,21954
19175,21955
2860,21956
7709,21957
8390,21958
20525,21959
12183,21960
1752,21961
23286,21962
23563,21963
21378,21964
13214,21965
13500,21966
3969,21967
11918,21968
12709,21969
20519,21970
12168,21971
4607,21972
22421,21973
3832,21974
1196,21975
5057,21976
9497,21977
11245,21978
10562,21979
8475,21980
13014,21981
21754,21982
3095,21983
7414,21984
5213,21985
4230,21986
6941,21987
4235,21988
2322,21989
17438,21990
10189,21991
7137,21992
7815,21993
20595,21994
13746,21995
9454,21996
16039,21997
16574,21998
9760,21999
23345,22000
1773,22001
24141,22002
23567,22003
2119,22004
16944,22005
5695,22006
17577,22007
8064,22008
7477,22009
22402,22010
20141,22011
14204,22012
9537,22013
13412,22014
12619,22015
5190,22016
22598,22017
4429,22018
3721,22019
9308,22020
13003,22021
2446,22022
23223,22023
1891,22024
19806,22025
5242,22026
13898,22027
7520,22028
4345,22029
10865,22030
5761,22031
11244,22032
5744,22033
16111,22034
4505,22035
14474,22036
1480,22037
19174,22038
365,22039
23283,22040
15499,22041
11295,22042
4005,22043
1634,22044
22545,22045
17670,22046
7190,22047
5926,22048
17639,22049
4717,22050
15269,22051
9568,22052
5463,22053
5746,22054
8122,22055
12027,22056
12819,22057
15928,22058
12993,22059
16825,22060
15666,22061
17992,22062
1911,22063
311,22064
17389,22065
16995,22066
18660,22067
8718,22068
19420,22069
19497,22070
5591,22071
13492,22072
3264,22073
12701,22074
11910,22075
23061,22076
2219,22077
9492,22078
775,22079
11281,22080
11259,22081
20769,22082
8086,22083
12903,22084
10007,22085
18395,22086
2488,22087
11534,22088
22442,22089
3315,22090
5160,22091
18097,22092
1843,22093
18897,22094
12677,22095
9065,22096
7318,22097
8202,22098
9202,22099
16211,22100
5914,22101
8097,22102
391,22103
2188,22104
2911,22105
9156,22106
22519,22107
24088,22108
10951,22109
22169,22110
9524,22111
13448,22112
13894,22113
14240,22114
23886,22115
23351,22116
5870,22117
8183,22118
23978,22119
15429,22120
21399,22121
16630,22122
17374,22123
13793,22124
10782,22125
11512,22126
24191,22127
16675,22128
5371,22129
18986,22130
18186,22131
5719,22132
21617,22133
1794,22134
22394,22135
3084,22136
6403,22137
10282,22138
19869,22139
17584,22140
2472,22141
6637,22142
21801,22143
15166,22144
3254,22145
15923,22146
16676,22147
9423,22148
13062,22149
10907,22150
20448,22151
14981,22152
13391,22153
8017,22154
9398,22155
16201,22156
19129,22157
1653,22158
22643,22159
2350,22160
8826,22161
7802,22162
4331,22163
14397,22164
14575,22165
1734,22166
15270,22167
4759,22168
10057,22169
898,22170
2494,22171
973,22172
15492,22173
8465,22174
9512,22175
7784,22176
4321,22177
11177,22178
17998,22179
12405,22180
23954,22181
12298,22182
11934,22183
12725,22184
12717,22185
24232,22186
5297,22187
11940,22188
4097,22189
4664,22190
12225,22191
14296,22192
3229,22193
5220,22194
12256,22195
15738,22196
21648,22197
14502,22198
14736,22199
4285,22200
16934,22201
9103,22202
8420,22203
685,22204
22502,22205
6653,22206
9927,22207
7853,22208
22520,22209
2456,22210
18347,22211
8195,22212
10608,22213
3242,22214
3714,22215
14855,22216
1848,22217
24169,22218
16248,22219
7212,22220
2533,22221
11320,22222
10635,22223
766,22224
15323,22225
15090,22226
11653,22227
22133,22228
10996,22229
12955,22230
13200,22231
17664,22232
14846,22233
13769,22234
14241,22235
9427,22236
12888,22237
23559,22238
22240,22239
21741,22240
23963,22241
23101,22242
23075,22243
6404,22244
14659,22245
9344,22246
11895,22247
6768,22248
15773,22249
22170,22250
14238,22251
13778,22252
2467,22253
21522,22254
6815,22255
4463,22256
6533,22257
5588,22258
12891,22259
12635,22260
6635,22261
10924,22262
12192,22263
13818,22264
14697,22265
3812,22266
14424,22267
13690,22268
279,22269
16311,22270
3171,22271
17657,22272
3599,22273
16011,22274
3933,22275
12918,22276
9942,22277
5308,22278
19282,22279
11081,22280
1694,22281
20435,22282
10139,22283
24210,22284
2151,22285
6025,22286
12902,22287
21859,22288
12720,22289
21747,22290
23944,22291
21366,22292
8386,22293
23261,22294
22967,22295
10130,22296
20008,22297
7870,22298
13811,22299
20578,22300
9723,22301
14647,22302
22517,22303
6967,22304
1354,22305
9164,22306
7695,22307
4563,22308
2199,22309
9722,22310
3220,22311
12636,22312
1786,22313
9245,22314
20954,22315
10106,22316
17809,22317
2633,22318
22322,22319
9422,22320
19149,22321
7561,22322
6730,22323
9433,22324
16602,22325
16828,22326
4960,22327
21361,22328
990,22329
6028,22330
7124,22331
9824,22332
19690,22333
7200,22334
17609,22335
21413,22336
14625,22337
16049,22338
8760,22339
8722,22340
22760,22341
20007,22342
2621,22343
12997,22344
11879,22345
21729,22346
15395,22347
1756,22348
12812,22349
23876,22350
14343,22351
15883,22352
3682,22353
16096,22354
453,22355
16868,22356
3772,22357
3843,22358
10598,22359
3224,22360
13742,22361
9358,22362
23239,22363
8029,22364
9189,22365
22367,22366
6271,22367
19887,22368
16059,22369
1404,22370
22425,22371
10465,22372
18856,22373
16665,22374
12194,22375
19354,22376
20187,22377
13278,22378
949,22379
15789,22380
5145,22381
3092,22382
5052,22383
1822,22384
100,22385
10005,22386
10051,22387
10066,22388
10067,22389
10076,22390
1008,22391
10090,22392
10096,22393
101,22394
10102,22395
10107,22396
10112,22397
10113,22398
10114,22399
10153,22400
10155,22401
10169,22402
10171,22403
10179,22404
1018,22405
102,22406
10203,22407
10214,22408
10220,22409
10239,22410
10256,22411
1026,22412
10275,22413
10290,22414
103,22415
10308,22416
10340,22417
1035,22418
10350,22419
10361,22420
10374,22421
10376,22422
10388,22423
10393,22424
104,22425
1040,22426
10409,22427
10410,22428
10411,22429
10412,22430
10417,22431
10467,22432
10469,22433
10473,22434
105,22435
10510,22436
10512,22437
10524,22438
10532,22439
10552,22440
10556,22441
1056,22442
10566,22443
10567,22444
10571,22445
10576,22446
10580,22447
10581,22448
106,22449
10605,22450
10610,22451
10627,22452
10630,22453
10636,22454
10637,22455
10640,22456
10642,22457
10692,22458
10697,22459
107,22460
10714,22461
10728,22462
10736,22463
10744,22464
10753,22465
10761,22466
10762,22467
1077,22468
10789,22469
108,22470
10800,22471
10806,22472
1081,22473
10838,22474
10850,22475
10852,22476
1086,22477
10861,22478
10868,22479
10873,22480
10886,22481
10898,22482
109,22483
10901,22484
10930,22485
10936,22486
10948,22487
1096,22488
10972,22489
10977,22490
10982,22491
1099,22492
110,22493
11000,22494
11013,22495
1102,22496
11023,22497
11025,22498
11055,22499
11077,22500
11079,22501
11092,22502
11095,22503
111,22504
11100,22505
11105,22506
11115,22507
1113,22508
11152,22509
11155,22510
11157,22511
11161,22512
11163,22513
11189,22514
112,22515
1120,22516
11204,22517
1122,22518
1124,22519
11246,22520
11251,22521
11269,22522
11294,22523
11298,22524
113,22525
11311,22526
11316,22527
11326,22528
11347,22529
11352,22530
11355,22531
11361,22532
11367,22533
11385,22534
1139,22535
11393,22536
114,22537
11414,22538
11419,22539
11431,22540
11433,22541
11434,22542
11441,22543
11449,22544
11454,22545
11461,22546
1148,22547
115,22548
11523,22549
11533,22550
11546,22551
11560,22552
11570,22553
11582,22554
11590,22555
116,22556
1160,22557
11630,22558
11632,22559
11670,22560
11687,22561
11688,22562
117,22563
1170,22564
11710,22565
11763,22566
11764,22567
11777,22568
11793,22569
11799,22570
118,22571
1180,22572
11825,22573
11828,22574
11832,22575
11837,22576
11839,22577
11857,22578
1186,22579
11869,22580
11876,22581
11887,22582
119,22583
11944,22584
11967,22585
11978,22586
11997,22587
120,22588
12012,22589
12032,22590
12036,22591
12056,22592
121,22593
12102,22594
12117,22595
12152,22596
12154,22597
12179,22598
12193,22599
122,22600
12203,22601
12210,22602
12212,22603
12215,22604
12229,22605
12244,22606
12247,22607
12253,22608
12254,22609
12258,22610
12260,22611
12278,22612
12291,22613
12297,22614
123,22615
12316,22616
12332,22617
12336,22618
12352,22619
12361,22620
12363,22621
12388,22622
12399,22623
124,22624
1240,22625
12407,22626
12409,22627
12415,22628
12416,22629
12449,22630
12461,22631
12463,22632
12466,22633
12471,22634
12481,22635
125,22636
12548,22637
12570,22638
126,22639
12616,22640
1262,22641
12665,22642
12678,22643
12698,22644
127,22645
12714,22646
12729,22647
12753,22648
1278,22649
128,22650
12803,22651
12830,22652
12837,22653
12863,22654
129,22655
12921,22656
12973,22657
12985,22658
12988,22659
130,22660
13002,22661
1301,22662
13040,22663
13048,22664
13050,22665
1306,22666
13063,22667
13066,22668
13076,22669
13082,22670
13084,22671
13086,22672
13088,22673
131,22674
13102,22675
13116,22676
13144,22677
13151,22678
13154,22679
13172,22680
13182,22681
13198,22682
132,22683
13229,22684
13247,22685
13253,22686
13254,22687
13256,22688
13260,22689
13262,22690
13263,22691
1327,22692
13271,22693
13287,22694
133,22695
13337,22696
13344,22697
13359,22698
1336,22699
13366,22700
13387,22701
13388,22702
134,22703
13402,22704
13403,22705
13406,22706
13410,22707
13419,22708
13423,22709
13426,22710
13441,22711
13465,22712
13477,22713
13484,22714
13488,22715
13494,22716
135,22717
13511,22718
13514,22719
13545,22720
1355,22721
13559,22722
13571,22723
13614,22724
13617,22725
13667,22726
13694,22727
13758,22728
13775,22729
13781,22730
13782,22731
13788,22732
13795,22733
13802,22734
13805,22735
13819,22736
13825,22737
13829,22738
13830,22739
13832,22740
13836,22741
13838,22742
13841,22743
13844,22744
13848,22745
13862,22746
13870,22747
13872,22748
13880,22749
13883,22750
13904,22751
13907,22752
13925,22753
13929,22754
13934,22755
1395,22756
13955,22757
14021,22758
14043,22759
14045,22760
14046,22761
14048,22762
1405,22763
14056,22764
14062,22765
14064,22766
14089,22767
14114,22768
14115,22769
14129,22770
14136,22771
14189,22772
14209,22773
14213,22774
14216,22775
14228,22776
14245,22777
14266,22778
14280,22779
14282,22780
14302,22781
14313,22782
14319,22783
1436,22784
14369,22785
14375,22786
14385,22787
14422,22788
14450,22789
14455,22790
14460,22791
14495,22792
1450,22793
1451,22794
1454,22795
14561,22796
14570,22797
14574,22798
14581,22799
14593,22800
1462,22801
14621,22802
14634,22803
14635,22804
14638,22805
14640,22806
14642,22807
14645,22808
1465,22809
14662,22810
14670,22811
14690,22812
14691,22813
14705,22814
14718,22815
14729,22816
14735,22817
14757,22818
14767,22819
14777,22820
14813,22821
14816,22822
1484,22823
14849,22824
1486,22825
14862,22826
14871,22827
14892,22828
14968,22829
14969,22830
14970,22831
14974,22832
14977,22833
14988,22834
14998,22835
1500,22836
15016,22837
15018,22838
15025,22839
15027,22840
15042,22841
15063,22842
15065,22843
1507,22844
15079,22845
15085,22846
15093,22847
15115,22848
15124,22849
15130,22850
15133,22851
15150,22852
15153,22853
15161,22854
15173,22855
15195,22856
15204,22857
1521,22858
15216,22859
15240,22860
15292,22861
15298,22862
15299,22863
15304,22864
15306,22865
15307,22866
1532,22867
15321,22868
15333,22869
15342,22870
15364,22871
15376,22872
15384,22873
15394,22874
15396,22875
15416,22876
15417,22877
15424,22878
15430,22879
15445,22880
15468,22881
15473,22882
15535,22883
15536,22884
15558,22885
15582,22886
15612,22887
15650,22888
15716,22889
15723,22890
1573,22891
15730,22892
15732,22893
15733,22894
15755,22895
15767,22896
1578,22897
15781,22898
15784,22899
1581,22900
15824,22901
15830,22902
1584,22903
15858,22904
15866,22905
15896,22906
15901,22907
15902,22908
15965,22909
15966,22910
15981,22911
1599,22912
15998,22913
1606,22914
16069,22915
16072,22916
16078,22917
16110,22918
16114,22919
16118,22920
16125,22921
16131,22922
16151,22923
16152,22924
16166,22925
16168,22926
16185,22927
16193,22928
16221,22929
16224,22930
1623,22931
16232,22932
16256,22933
16263,22934
16269,22935
16278,22936
16282,22937
16286,22938
16294,22939
1630,22940
16320,22941
16324,22942
16351,22943
16381,22944
16397,22945
16399,22946
16431,22947
16432,22948
16441,22949
16449,22950
16479,22951
16499,22952
16501,22953
16518,22954
16523,22955
16525,22956
16545,22957
16547,22958
16557,22959
16588,22960
16592,22961
16613,22962
16614,22963
16620,22964
16638,22965
16645,22966
16647,22967
16654,22968
16658,22969
1666,22970
16667,22971
16677,22972
16683,22973
16691,22974
16697,22975
16702,22976
1675,22977
16756,22978
16757,22979
16758,22980
16777,22981
16808,22982
16809,22983
16843,22984
16858,22985
16873,22986
16888,22987
16889,22988
16904,22989
16907,22990
16919,22991
16924,22992
16947,22993
16950,22994
16958,22995
16972,22996
16985,22997
16990,22998
17001,22999
17003,23000
17006,23001
17030,23002
17039,23003
17047,23004
17049,23005
17111,23006
17112,23007
17128,23008
1717,23009
17175,23010
1719,23011
17202,23012
17211,23013
17215,23014
17227,23015
17231,23016
17234,23017
17248,23018
17259,23019
17290,23020
17301,23021
17327,23022
17328,23023
17331,23024
17332,23025
17351,23026
17357,23027
17372,23028
17380,23029
17393,23030
17394,23031
17395,23032
17405,23033
17415,23034
17421,23035
17431,23036
17435,23037
17496,23038
1750,23039
17504,23040
17545,23041
17554,23042
17560,23043
17562,23044
1757,23045
17589,23046
17590,23047
17592,23048
17603,23049
17612,23050
17632,23051
17633,23052
1764,23053
17641,23054
17645,23055
17667,23056
17677,23057
17693,23058
17694,23059
17695,23060
17697,23061
17707,23062
17710,23063
17733,23064
17758,23065
17759,23066
17775,23067
17786,23068
17798,23069
1780,23070
1782,23071
17830,23072
17840,23073
17852,23074
17856,23075
17874,23076
17886,23077
17891,23078
1793,23079
1798,23080
1799,23081
18033,23082
18041,23083
1805,23084
18055,23085
18061,23086
18084,23087
18091,23088
18117,23089
18128,23090
18129,23091
18134,23092
18154,23093
1816,23094
1817,23095
18184,23096
18219,23097
18254,23098
18284,23099
18313,23100
1834,23101
18367,23102
18410,23103
18412,23104
18422,23105
18426,23106
18433,23107
18444,23108
18461,23109
18465,23110
18472,23111
18488,23112
18492,23113
18494,23114
18496,23115
18498,23116
1851,23117
18510,23118
18511,23119
18529,23120
18534,23121
18601,23122
18603,23123
18607,23124
18646,23125
18647,23126
18648,23127
18657,23128
18687,23129
18690,23130
18702,23131
18769,23132
18828,23133
18831,23134
18845,23135
18846,23136
18852,23137
18861,23138
18862,23139
1887,23140
18872,23141
18899,23142
18900,23143
18902,23144
18904,23145
18911,23146
18935,23147
18936,23148
18958,23149
18962,23150
19001,23151
19004,23152
19021,23153
19029,23154
19030,23155
19054,23156
19056,23157
19070,23158
1908,23159
19086,23160
19090,23161
19092,23162
19132,23163
19138,23164
1917,23165
19170,23166
19186,23167
19189,23168
19191,23169
19194,23170
19205,23171
19214,23172
19215,23173
19233,23174
19239,23175
19246,23176
19260,23177
19261,23178
19262,23179
19268,23180
19293,23181
19309,23182
19338,23183
19339,23184
19357,23185
1936,23186
19369,23187
19384,23188
19385,23189
1939,23190
19397,23191
1940,23192
19409,23193
19437,23194
19438,23195
19475,23196
19477,23197
19479,23198
19482,23199
19484,23200
19493,23201
19495,23202
19503,23203
19515,23204
19567,23205
19568,23206
19570,23207
19574,23208
19583,23209
19597,23210
19601,23211
19649,23212
19652,23213
19675,23214
19680,23215
19688,23216
19695,23217
19697,23218
19726,23219
19740,23220
19749,23221
19753,23222
1976,23223
19775,23224
19798,23225
19799,23226
1983,23227
19835,23228
19861,23229
19862,23230
19879,23231
19881,23232
19924,23233
19973,23234
19978,23235
19982,23236
19988,23237
19995,23238
20000,23239
20012,23240
20032,23241
20042,23242
20043,23243
2007,23244
20072,23245
20076,23246
20085,23247
20094,23248
20096,23249
20105,23250
20129,23251
20138,23252
20154,23253
20172,23254
20180,23255
2020,23256
20207,23257
20215,23258
20218,23259
20229,23260
20237,23261
20254,23262
2027,23263
20284,23264
20293,23265
20301,23266
2032,23267
20333,23268
2037,23269
20372,23270
2038,23271
20397,23272
20399,23273
2040,23274
20400,23275
20453,23276
20456,23277
20462,23278
20472,23279
20492,23280
20505,23281
20517,23282
20547,23283
20560,23284
20568,23285
20606,23286
20607,23287
20618,23288
20622,23289
20662,23290
20691,23291
20715,23292
20726,23293
20734,23294
20740,23295
20772,23296
20781,23297
20787,23298
20806,23299
20807,23300
20814,23301
20821,23302
20832,23303
20841,23304
20842,23305
20843,23306
20845,23307
20846,23308
20860,23309
20878,23310
20879,23311
20887,23312
20898,23313
20900,23314
20922,23315
20925,23316
20928,23317
20933,23318
20944,23319
20984,23320
21025,23321
21081,23322
21087,23323
21088,23324
21099,23325
21171,23326
21174,23327
21186,23328
21191,23329
21222,23330
21236,23331
21240,23332
21261,23333
21328,23334
21331,23335
21358,23336
21382,23337
21388,23338
21423,23339
21441,23340
21473,23341
21503,23342
21540,23343
21543,23344
21557,23345
21611,23346
21622,23347
21632,23348
2164,23349
21641,23350
21645,23351
21686,23352
21694,23353
21696,23354
21700,23355
21715,23356
21730,23357
21734,23358
21735,23359
21745,23360
21758,23361
21782,23362
21783,23363
21794,23364
21798,23365
21805,23366
21816,23367
21820,23368
21836,23369
21848,23370
21852,23371
21876,23372
21905,23373
21910,23374
21925,23375
21926,23376
21930,23377
21934,23378
21938,23379
21961,23380
22024,23381
22027,23382
22032,23383
22056,23384
22089,23385
22097,23386
22121,23387
22140,23388
22146,23389
22149,23390
22152,23391
22158,23392
22198,23393
22205,23394
2221,23395
22220,23396
22225,23397
22262,23398
22265,23399
22295,23400
22303,23401
22355,23402
22366,23403
22393,23404
22399,23405
22410,23406
22449,23407
22476,23408
22477,23409
22482,23410
22484,23411
22507,23412
22512,23413
22516,23414
22522,23415
22523,23416
22530,23417
22532,23418
22535,23419
2254,23420
22547,23421
22559,23422
22561,23423
22564,23424
22565,23425
22567,23426
22582,23427
22617,23428
22624,23429
22629,23430
22641,23431
22648,23432
22649,23433
22661,23434
22670,23435
22730,23436
22737,23437
22742,23438
22770,23439
22771,23440
22792,23441
22796,23442
22816,23443
22879,23444
22885,23445
22890,23446
22918,23447
22922,23448
22934,23449
22952,23450
22965,23451
22971,23452
23007,23453
23010,23454
23026,23455
23037,23456
23042,23457
23052,23458
23059,23459
23077,23460
23085,23461
23087,23462
23091,23463
23095,23464
23099,23465
23107,23466
23109,23467
23111,23468
23117,23469
23124,23470
23157,23471
23215,23472
23301,23473
23352,23474
23364,23475
23376,23476
23387,23477
23390,23478
23397,23479
23406,23480
2341,23481
23416,23482
23432,23483
23447,23484
23456,23485
23470,23486
23477,23487
23488,23488
23518,23489
23555,23490
23572,23491
23582,23492
23583,23493
23595,23494
23597,23495
23614,23496
23617,23497
23621,23498
23622,23499
23627,23500
23632,23501
23644,23502
23656,23503
23689,23504
23754,23505
23778,23506
23806,23507
23813,23508
23830,23509
23844,23510
23855,23511
23878,23512
23880,23513
23881,23514
23890,23515
23891,23516
23909,23517
23912,23518
23917,23519
23924,23520
23925,23521
23928,23522
23932,23523
23950,23524
23970,23525
23983,23526
24021,23527
24046,23528
24051,23529
24078,23530
24098,23531
24099,23532
24110,23533
24117,23534
24166,23535
24192,23536
24193,23537
24196,23538
24250,23539
24251,23540
2437,23541
2442,23542
2450,23543
2457,23544
2470,23545
2482,23546
2490,23547
2504,23548
2515,23549
2521,23550
2523,23551
2529,23552
2531,23553
2542,23554
2549,23555
2559,23556
2561,23557
2566,23558
2579,23559
2612,23560
2616,23561
2620,23562
2632,23563
2651,23564
2658,23565
2666,23566
2687,23567
2698,23568
2719,23569
2728,23570
2739,23571
2740,23572
2763,23573
2764,23574
2768,23575
2779,23576
278,23577
2823,23578
2833,23579
2845,23580
2857,23581
2866,23582
2875,23583
2881,23584
2901,23585
2905,23586
2908,23587
2912,23588
2915,23589
2928,23590
294,23591
2959,23592
2960,23593
2963,23594
2970,23595
2978,23596
2986,23597
299,23598
30,23599
3006,23600
3011,23601
3016,23602
3025,23603
303,23604
3067,23605
3077,23606
308,23607
31,23608
3106,23609
3116,23610
3142,23611
3152,23612
3180,23613
3184,23614
3185,23615
3192,23616
32,23617
321,23618
3230,23619
3232,23620
3239,23621
3247,23622
3249,23623
3255,23624
3267,23625
3271,23626
3272,23627
3277,23628
3284,23629
33,23630
333,23631
3342,23632
3343,23633
3347,23634
338,23635
3395,23636
34,23637
3440,23638
3442,23639
3443,23640
3448,23641
3464,23642
35,23643
353,23644
3538,23645
3543,23646
355,23647
3554,23648
3567,23649
3570,23650
3579,23651
3583,23652
359,23653
36,23654
3616,23655
3618,23656
3626,23657
3647,23658
3651,23659
366,23660
3685,23661
3686,23662
3690,23663
3697,23664
37,23665
3704,23666
3720,23667
3739,23668
3763,23669
3770,23670
379,23671
3794,23672
38,23673
3802,23674
3809,23675
3814,23676
3816,23677
3817,23678
386,23679
3872,23680
3895,23681
3897,23682
39,23683
3900,23684
3901,23685
3958,23686
396,23687
3968,23688
3979,23689
398,23690
3983,23691
40,23692
4002,23693
4006,23694
4011,23695
4017,23696
4030,23697
4036,23698
4038,23699
4042,23700
4069,23701
41,23702
4113,23703
4124,23704
4136,23705
414,23706
4143,23707
415,23708
4161,23709
4168,23710
4171,23711
4177,23712
418,23713
4181,23714
4198,23715
42,23716
4259,23717
4262,23718
4276,23719
4295,23720
43,23721
4305,23722
4314,23723
4330,23724
4359,23725
4364,23726
4375,23727
44,23728
4401,23729
443,23730
4448,23731
445,23732
446,23733
4472,23734
4473,23735
4479,23736
4497,23737
45,23738
4503,23739
4512,23740
452,23741
4528,23742
4564,23743
4575,23744
4576,23745
4582,23746
46,23747
4603,23748
4611,23749
4613,23750
4630,23751
4639,23752
4642,23753
4644,23754
4650,23755
4657,23756
4670,23757
4687,23758
4691,23759
47,23760
4726,23761
4732,23762
4741,23763
4747,23764
4754,23765
4778,23766
4791,23767
4797,23768
48,23769
4820,23770
484,23771
4866,23772
4872,23773
4876,23774
4883,23775
4885,23776
49,23777
490,23778
4957,23779
4964,23780
4995,23781
50,23782
5033,23783
5035,23784
5038,23785
505,23786
5050,23787
5063,23788
507,23789
5086,23790
5087,23791
509,23792
5093,23793
5097,23794
51,23795
5100,23796
5114,23797
513,23798
5135,23799
5139,23800
5157,23801
517,23802
5179,23803
5184,23804
5186,23805
5188,23806
5191,23807
5196,23808
52,23809
5225,23810
524,23811
526,23812
5288,23813
53,23814
5306,23815
5307,23816
5309,23817
5316,23818
5320,23819
5321,23820
5363,23821
5369,23822
5380,23823
5384,23824
5389,23825
5397,23826
54,23827
540,23828
5415,23829
5418,23830
544,23831
5442,23832
5445,23833
5447,23834
5449,23835
5450,23836
546,23837
5464,23838
547,23839
5475,23840
5476,23841
5480,23842
5489,23843
55,23844
5505,23845
5522,23846
5541,23847
5543,23848
5547,23849
5558,23850
5570,23851
5577,23852
5580,23853
5585,23854
56,23855
566,23856
5663,23857
5684,23858
57,23859
5731,23860
574,23861
5741,23862
5764,23863
5772,23864
5773,23865
5777,23866
578,23867
58,23868
5805,23869
5831,23870
585,23871
5853,23872
5854,23873
5882,23874
5889,23875
5899,23876
59,23877
5901,23878
5909,23879
5924,23880
5940,23881
5947,23882
5958,23883
5963,23884
5968,23885
5978,23886
5983,23887
60,23888
6031,23889
6057,23890
6062,23891
6064,23892
6069,23893
6070,23894
6088,23895
6093,23896
61,23897
6107,23898
6108,23899
6128,23900
6133,23901
6161,23902
6172,23903
6189,23904
6190,23905
6193,23906
62,23907
6206,23908
623,23909
6262,23910
6274,23911
6281,23912
6299,23913
63,23914
6337,23915
6366,23916
6386,23917
6393,23918
6394,23919
64,23920
6408,23921
6416,23922
6427,23923
6437,23924
6440,23925
6458,23926
6485,23927
6489,23928
6494,23929
6496,23930
6497,23931
65,23932
6501,23933
6526,23934
6545,23935
6549,23936
6552,23937
6559,23938
6563,23939
6594,23940
66,23941
6610,23942
6628,23943
6661,23944
6667,23945
6671,23946
6678,23947
6679,23948
6686,23949
6697,23950
67,23951
6715,23952
6716,23953
6717,23954
6729,23955
6765,23956
6772,23957
6773,23958
6775,23959
6780,23960
6787,23961
68,23962
6805,23963
681,23964
6813,23965
6820,23966
683,23967
6862,23968
6863,23969
6868,23970
6891,23971
6897,23972
69,23973
690,23974
6949,23975
6956,23976
6966,23977
70,23978
7022,23979
7026,23980
7027,23981
7030,23982
7040,23983
7044,23984
705,23985
7066,23986
71,23987
7104,23988
7132,23989
7141,23990
7148,23991
7187,23992
72,23993
7205,23994
7214,23995
7226,23996
7229,23997
7282,23998
73,23999
7301,24000
7303,24001
731,24002
7334,24003
7345,24004
7346,24005
7351,24006
7359,24007
7364,24008
7365,24009
7374,24010
7377,24011
7383,24012
7391,24013
74,24014
7402,24015
7416,24016
7418,24017
7419,24018
7426,24019
7439,24020
7446,24021
7450,24022
7455,24023
7458,24024
7460,24025
75,24026
7513,24027
7515,24028
7529,24029
7531,24030
7539,24031
7540,24032
7562,24033
7575,24034
7585,24035
76,24036
7626,24037
7646,24038
7653,24039
767,24040
77,24041
773,24042
7735,24043
7782,24044
7792,24045
78,24046
7804,24047
7814,24048
7828,24049
7844,24050
7848,24051
7859,24052
7866,24053
7875,24054
79,24055
7901,24056
791,24057
7922,24058
7933,24059
7969,24060
7992,24061
80,24062
8028,24063
8030,24064
8033,24065
8049,24066
8079,24067
8085,24068
8088,24069
809,24070
8099,24071
81,24072
8101,24073
8107,24074
8110,24075
8121,24076
8124,24077
8125,24078
8126,24079
8134,24080
8141,24081
8173,24082
8189,24083
82,24084
8214,24085
8225,24086
8227,24087
8242,24088
825,24089
8253,24090
8261,24091
8263,24092
8266,24093
8290,24094
83,24095
8310,24096
8332,24097
834,24098
8346,24099
8367,24100
8388,24101
84,24102
8414,24103
8421,24104
8432,24105
8438,24106
8444,24107
8477,24108
8489,24109
85,24110
8510,24111
8514,24112
8520,24113
8526,24114
8564,24115
8567,24116
8575,24117
8577,24118
8594,24119
86,24120
8608,24121
8618,24122
8633,24123
8639,24124
865,24125
8678,24126
8689,24127
8699,24128
87,24129
8703,24130
8711,24131
8712,24132
8713,24133
8726,24134
8727,24135
8739,24136
8744,24137
8745,24138
8750,24139
8761,24140
8784,24141
8787,24142
8799,24143
88,24144
8801,24145
8807,24146
8809,24147
8822,24148
8828,24149
8832,24150
8837,24151
8841,24152
8857,24153
8862,24154
8871,24155
8877,24156
8892,24157
89,24158
8901,24159
8913,24160
8939,24161
8943,24162
8947,24163
8949,24164
8963,24165
8968,24166
8969,24167
8991,24168
90,24169
9034,24170
9040,24171
9043,24172
9053,24173
906,24174
9067,24175
9083,24176
9093,24177
91,24178
9119,24179
9140,24180
9147,24181
9148,24182
9150,24183
917,24184
9170,24185
9173,24186
9176,24187
9185,24188
9199,24189
92,24190
9205,24191
9210,24192
922,24193
9224,24194
923,24195
9241,24196
9248,24197
926,24198
9260,24199
93,24200
9315,24201
9346,24202
9364,24203
937,24204
9391,24205
9393,24206
9395,24207
94,24208
9404,24209
9416,24210
9421,24211
9426,24212
9438,24213
9470,24214
9473,24215
9485,24216
9494,24217
95,24218
9503,24219
9505,24220
9518,24221
9536,24222
9554,24223
9564,24224
96,24225
9602,24226
9608,24227
9613,24228
9614,24229
9631,24230
9643,24231
9646,24232
9669,24233
97,24234
9707,24235
9717,24236
9730,24237
9780,24238
979,24239
98,24240
9814,24241
9850,24242
9868,24243
99,24244
9904,24245
9906,24246
9910,24247
9912,24248
9913,24249
9931,24250
9944,24251
995,24252
9983,24253
9996,24254
