Node ID,Order
1,0
10,1
11,2
12,3
13,4
14,5
15,6
16,7
17,8
18,9
19,10
2,11
20,12
21,13
22,14
23,15
24,16
25,17
26,18
27,19
28,20
29,21
3,22
4,23
5,24
6,25
7,26
8,27
9,28
153,29
200,30
201,31
207,32
208,33
209,34
211,35
212,36
220,37
221,38
226,39
157,40
227,41
228,42
234,43
235,44
236,45
241,46
242,47
243,48
261,49
266,50
171,51
172,52
177,53
178,54
182,55
183,56
190,57
20763,58
19131,59
5952,60
5256,61
21554,62
21549,63
24109,64
18324,65
19126,66
4553,67
13734,68
3141,69
4549,70
22400,71
20724,72
12890,73
20722,74
23259,75
23246,76
19165,77
21606,78
984,79
976,80
3146,81
1705,82
982,83
5954,84
19167,85
19964,86
19927,87
18330,88
5956,89
5254,90
22404,91
23247,92
2417,93
18325,94
19931,95
3848,96
21545,97
19925,98
23255,99
18328,100
12095,101
3139,102
24121,103
24108,104
18364,105
22461,106
1703,107
24105,108
21553,109
2424,110
1701,111
3845,112
18366,113
5939,114
5238,115
22343,116
22342,117
13652,118
18289,119
18271,120
24052,121
14445,122
24053,123
23194,124
23193,125
24054,126
12858,127
18272,128
14443,129
20685,130
16007,131
16746,132
19886,133
15230,134
20670,135
12059,136
21489,137
20655,138
2393,139
2392,140
19857,141
16743,142
4527,143
23175,144
21469,145
19065,146
24032,147
23177,148
21472,149
23172,150
1675,151
24035,152
18262,153
957,154
20664,155
3819,156
4518,157
20658,158
24033,159
19860,160
18263,161
3061,162
10727,163
1618,164
3753,165
11412,166
897,167
9362,168
4456,169
8648,170
22277,171
5166,172
7279,173
23724,174
4461,175
9367,176
5866,177
3807,178
1616,179
16739,180
20609,181
2337,182
3056,183
5864,184
3754,185
18462,186
5165,187
5867,188
5851,189
5865,190
10046,191
2334,192
7964,193
21424,194
7283,195
6595,196
5167,197
10051,198
3752,199
5921,200
2336,201
17492,202
19811,203
1617,204
894,205
896,206
8636,207
845,208
10034,209
6585,210
11405,211
10721,212
3732,213
5848,214
4440,215
3733,216
7952,217
4441,218
8635,219
7953,220
7269,221
2286,222
11406,223
18210,224
5146,225
9350,226
5847,227
5147,228
18424,229
2257,230
21676,231
19227,232
20766,233
24255,234
12227,235
3861,236
13020,237
4570,238
13813,239
20023,240
14601,241
20824,242
23391,243
6539,244
9388,245
22933,246
10754,247
5272,248
11436,249
5973,250
19231,251
1533,252
15367,253
21679,254
8539,255
8794,256
16124,257
20028,258
16123,259
19232,260
18428,261
18429,262
17629,263
17630,264
20027,265
20828,266
13817,267
21422,268
5274,269
9390,270
16026,271
5102,272
21718,273
11341,274
10656,275
10653,276
5975,277
10072,278
24079,279
18296,280
21714,281
7920,282
3704,283
11360,284
4572,285
8708,286
12105,287
3009,288
23424,289
9317,290
10000,291
6547,292
16878,293
3028,294
15368,295
14607,296
14608,297
16877,298
7689,299
2214,300
2098,301
8372,302
3653,303
8530,304
23324,305
10840,306
24131,307
9972,308
1807,309
9289,310
2980,311
2254,312
19171,313
10156,314
1700,315
2419,316
4661,317
11276,318
6492,319
7847,320
24186,321
8789,322
14486,323
7856,324
6055,325
4362,326
12899,327
9476,328
22871,329
4939,330
14127,331
4234,332
14921,333
14922,334
21166,335
15682,336
20364,337
663,338
5819,339
20024,340
4537,341
23729,342
2266,343
11745,344
23728,345
12537,346
22870,347
10379,348
15229,349
9389,350
16328,351
13251,352
11665,353
6929,354
11065,355
20026,356
5239,357
8299,358
7614,359
9014,360
9072,361
17499,362
231,363
8676,364
5642,365
15681,366
14128,367
19566,368
17521,369
20827,370
24027,371
11744,372
23730,373
12535,374
6245,375
6930,376
2385,377
104,378
4463,379
3094,380
6584,381
7339,382
10161,383
12087,384
12143,385
7315,386
14619,387
9012,388
9695,389
10381,390
11066,391
7613,392
8297,393
9013,394
9696,395
15365,396
17841,397
21464,398
3154,399
21108,400
10756,401
3471,402
15401,403
20826,404
21523,405
20287,406
3738,407
3324,408
7716,409
5779,410
7343,411
9165,412
13052,413
9587,414
8419,415
19902,416
3034,417
8397,418
11342,419
14115,420
13322,421
8641,422
1121,423
13879,424
20874,425
22784,426
10701,427
2152,428
7039,429
3573,430
5076,431
7124,432
2888,433
19229,434
5976,435
4031,436
19107,437
495,438
15634,439
19515,440
2770,441
11205,442
9508,443
10522,444
1426,445
6355,446
4283,447
7426,448
8628,449
9819,450
15848,451
19768,452
3657,453
22552,454
20025,455
4571,456
21677,457
5778,458
9318,459
6660,460
14606,461
8026,462
6483,463
3012,464
22377,465
2939,466
8180,467
872,468
20862,469
3343,470
9309,471
6126,472
18426,473
9290,474
21698,475
20867,476
2288,477
11703,478
11598,479
8627,480
2217,481
14083,482
18683,483
2875,484
20987,485
4897,486
6054,487
8585,488
6863,489
5600,490
23649,491
15149,492
16174,493
15907,494
19786,495
8432,496
9846,497
10192,498
772,499
11015,500
11197,501
1352,502
4793,503
18700,504
3470,505
7728,506
18481,507
7051,508
7801,509
8482,510
1248,511
1423,512
1967,513
19503,514
20301,515
9777,516
8405,517
22532,518
9973,519
3651,520
8943,521
8961,522
21961,523
6246,524
6931,525
12459,526
4128,527
7616,528
8300,529
10436,530
9754,531
7075,532
20848,533
21115,534
7241,535
8091,536
10458,537
13735,538
11310,539
3134,540
22256,541
6719,542
21720,543
7947,544
12940,545
19907,546
12832,547
6035,548
10659,549
6519,550
10615,551
23443,552
7129,553
16608,554
1962,555
2873,556
4791,557
17359,558
12778,559
3577,560
13536,561
16050,562
13823,563
21806,564
2106,565
8642,566
8192,567
2828,568
10325,569
6875,570
8423,571
16179,572
4287,573
4998,574
20568,575
24185,576
12258,577
23482,578
10160,579
8630,580
16016,581
17653,582
6590,583
16702,584
11568,585
9334,586
14644,587
6579,588
19609,589
9613,590
11344,591
10680,592
8931,593
20408,594
4799,595
14084,596
6557,597
3940,598
1252,599
15627,600
16277,601
3687,602
1505,603
21415,604
11987,605
21112,606
816,607
18587,608
8339,609
4775,610
20080,611
18470,612
5071,613
381,614
8242,615
8488,616
19511,617
21938,618
11138,619
9822,620
10477,621
18197,622
10497,623
20309,624
10454,625
18474,626
3620,627
2869,628
17888,629
6363,630
9802,631
9778,632
17682,633
9098,634
8409,635
7047,636
12145,637
10844,638
20704,639
2684,640
632,641
8245,642
23668,643
5588,644
14525,645
5701,646
15292,647
9122,648
22625,649
7807,650
7408,651
18478,652
5369,653
19384,654
690,655
9171,656
9852,657
20988,658
701,659
21102,660
533,661
21955,662
4886,663
15858,664
24030,665
8000,666
194,667
7007,668
6321,669
17190,670
16438,671
13335,672
12538,673
18765,674
17967,675
146,676
3045,677
4515,678
1171,679
7274,680
12536,681
13334,682
22019,683
22872,684
14126,685
11743,686
8298,687
1162,688
5852,689
19844,690
21474,691
79,692
11064,693
9697,694
3420,695
7615,696
40,697
2322,698
10039,699
7268,700
22531,701
21678,702
882,703
20048,704
22473,705
16886,706
6570,707
4837,708
10380,709
6932,710
20363,711
10849,712
8621,713
16114,714
17188,715
14123,716
14919,717
19565,718
17554,719
7360,720
5931,721
19228,722
13585,723
5244,724
17628,725
7752,726
1567,727
23233,728
5273,729
16876,730
11343,731
9849,732
2165,733
3862,734
15366,735
8934,736
12336,737
13131,738
21129,739
7261,740
5117,741
20154,742
22565,743
23692,744
11207,745
12470,746
6442,747
5370,748
10524,749
18167,750
15400,751
1835,752
847,753
3230,754
7945,755
9291,756
9310,757
22570,758
5821,759
11597,760
10658,761
16280,762
5802,763
17136,764
1535,765
3483,766
9626,767
1427,768
4190,769
10994,770
9910,771
5022,772
614,773
21962,774
1237,775
9138,776
9117,777
12492,778
5974,779
15420,780
4173,781
16122,782
14375,783
11140,784
4048,785
23681,786
17131,787
705,788
11491,789
10457,790
9782,791
18962,792
11741,793
17187,794
13330,795
24022,796
18306,797
2146,798
11206,799
6441,800
4993,801
7125,802
4323,803
5957,804
9475,805
10024,806
1214,807
5443,808
13321,809
21982,810
11676,811
10523,812
6064,813
18369,814
20051,815
8793,816
15950,817
19108,818
9340,819
1569,820
16989,821
1216,822
19262,823
16384,824
2982,825
2277,826
7923,827
16278,828
4395,829
12495,830
2863,831
22573,832
14379,833
9121,834
6392,835
19170,836
13824,837
2259,838
504,839
13975,840
6974,841
6288,842
21085,843
17885,844
23429,845
704,846
4396,847
4671,848
7223,849
5725,850
11273,851
5021,852
4072,853
14080,854
19489,855
5696,856
21725,857
688,858
1409,859
21401,860
19967,861
13031,862
7549,863
13287,864
16235,865
7858,866
8110,867
8055,868
1290,869
572,870
16005,871
22367,872
9420,873
5230,874
8886,875
9016,876
11070,877
23162,878
10257,879
12891,880
2478,881
15679,882
14917,883
16759,884
8707,885
1694,886
8738,887
3770,888
13834,889
16435,890
20362,891
7273,892
6041,893
13816,894
1755,895
23241,896
11068,897
571,898
1291,899
2009,900
10252,901
10253,902
10254,903
10939,904
10940,905
1173,906
1174,907
15985,908
1886,909
2607,910
2608,911
6122,912
6807,913
6808,914
8889,915
9570,916
9571,917
136,918
162,919
185,920
191,921
198,922
202,923
21462,924
217,925
232,926
250,927
253,928
256,929
263,930
12230,931
20691,932
4477,933
19020,934
10383,935
9699,936
10384,937
1292,938
19835,939
150,940
167,941
175,942
176,943
203,944
204,945
20667,946
233,947
240,948
244,949
246,950
249,951
251,952
262,953
16049,954
16874,955
21164,956
22017,957
15677,958
16434,959
860,960
15953,961
5830,962
8616,963
7247,964
1582,965
2298,966
1187,967
12333,968
1600,969
17730,970
1896,971
20130,972
3309,973
3313,974
460,975
466,976
4727,977
5425,978
5431,979
5432,980
6135,981
8190,982
8903,983
3717,984
5129,985
21419,986
11382,987
17457,988
7932,989
10010,990
1579,991
3024,992
30,993
54,994
71,995
76,996
83,997
85,998
17508,999
95,1000
105,1001
117,1002
120,1003
123,1004
129,1005
140,1006
163,1007
164,1008
166,1009
192,1010
196,1011
19852,1012
216,1013
224,1014
245,1015
248,1016
252,1017
257,1018
8684,1019
19003,1020
18221,1021
14918,1022
15678,1023
19564,1024
15676,1025
20633,1026
44,1027
59,1028
65,1029
66,1030
86,1031
87,1032
20674,1033
106,1034
110,1035
111,1036
113,1037
116,1038
118,1039
128,1040
15290,1041
144,1042
145,1043
154,1044
174,1045
187,1046
213,1047
214,1048
222,1049
223,1050
239,1051
254,1052
255,1053
268,1054
9338,1055
10382,1056
2731,1057
5833,1058
20856,1059
5131,1060
4425,1061
10675,1062
16117,1063
22533,1064
12091,1065
10948,1066
20029,1067
20706,1068
5428,1069
15196,1070
23416,1071
8614,1072
7931,1073
7232,1074
13812,1075
3714,1076
13850,1077
4422,1078
2297,1079
11359,1080
8702,1081
20833,1082
24090,1083
10950,1084
13849,1085
10011,1086
9328,1087
6548,1088
10070,1089
14609,1090
23238,1091
7501,1092
7933,1093
22557,1094
11380,1095
10695,1096
7911,1097
17618,1098
22538,1099
19901,1100
8185,1101
6563,1102
16707,1103
17458,1104
2998,1105
11435,1106
16125,1107
19908,1108
1893,1109
15955,1110
20854,1111
5128,1112
2997,1113
12224,1114
21683,1115
12089,1116
13127,1117
18205,1118
13057,1119
19004,1120
5103,1121
2263,1122
6542,1123
3691,1124
8587,1125
10668,1126
7225,1127
1544,1128
9979,1129
6544,1130
3692,1131
4398,1132
820,1133
2262,1134
10661,1135
2261,1136
24093,1137
9580,1138
19804,1139
21707,1140
20603,1141
3716,1142
2274,1143
13017,1144
20832,1145
12265,1146
858,1147
3021,1148
833,1149
17621,1150
16879,1151
18305,1152
10262,1153
1578,1154
4542,1155
6814,1156
3023,1157
19258,1158
2300,1159
1580,1160
7231,1161
16115,1162
11441,1163
17456,1164
13056,1165
15197,1166
15954,1167
9306,1168
6655,1169
19235,1170
22384,1171
4726,1172
9387,1173
15369,1174
19910,1175
5427,1176
16706,1177
20053,1178
7249,1179
6565,1180
8594,1181
21530,1182
6816,1183
8615,1184
12264,1185
6564,1186
7248,1187
832,1188
16867,1189
23397,1190
14600,1191
19233,1192
16772,1193
7502,1194
21420,1195
21706,1196
22274,1197
2301,1198
10674,1199
459,1200
2299,1201
23417,1202
3022,1203
20602,1204
1553,1205
15361,1206
23392,1207
12884,1208
20031,1209
22380,1210
461,1211
861,1212
20855,1213
1581,1214
5132,1215
9989,1216
13810,1217
24034,1218
34,1219
55,1220
56,1221
58,1222
77,1223
81,1224
20665,1225
94,1226
100,1227
112,1228
115,1229
119,1230
124,1231
19062,1232
14642,1233
7262,1234
11069,1235
573,1236
5843,1237
4526,1238
3033,1239
38,1240
39,1241
47,1242
64,1243
73,1244
91,1245
92,1246
98,1247
99,1248
109,1249
121,1250
122,1251
133,1252
23192,1253
14914,1254
4938,1255
23202,1256
15237,1257
3127,1258
12069,1259
24068,1260
16744,1261
5938,1262
11337,1263
16869,1264
22534,1265
21598,1266
17748,1267
1539,1268
6731,1269
819,1270
2986,1271
2255,1272
8021,1273
21682,1274
21594,1275
21802,1276
9978,1277
21717,1278
9295,1279
11347,1280
13061,1281
10664,1282
821,1283
811,1284
16116,1285
12234,1286
23216,1287
12353,1288
7226,1289
23510,1290
4399,1291
13854,1292
7906,1293
8589,1294
1531,1295
16868,1296
13820,1297
24077,1298
9975,1299
7219,1300
15360,1301
13818,1302
21582,1303
17002,1304
8586,1305
1806,1306
9292,1307
1545,1308
2979,1309
10069,1310
23394,1311
16017,1312
23503,1313
11353,1314
13853,1315
825,1316
9287,1317
13019,1318
17631,1319
24073,1320
15494,1321
6541,1322
14646,1323
11349,1324
5805,1325
17744,1326
824,1327
16159,1328
2990,1329
2267,1330
9288,1331
9386,1332
18431,1333
4543,1334
12225,1335
22536,1336
24174,1337
16247,1338
10663,1339
16160,1340
11348,1341
6540,1342
6536,1343
11351,1344
9971,1345
14599,1346
11439,1347
18310,1348
20143,1349
7228,1350
16913,1351
10666,1352
21680,1353
19118,1354
22646,1355
2992,1356
23427,1357
2269,1358
1546,1359
2256,1360
10753,1361
15406,1362
8588,1363
7905,1364
11338,1365
13018,1366
20830,1367
23213,1368
13148,1369
3690,1370
2987,1371
2978,1372
7338,1373
23396,1374
24178,1375
11562,1376
1540,1377
16914,1378
2264,1379
19954,1380
18550,1381
2985,1382
23428,1383
818,1384
1538,1385
7220,1386
17619,1387
17633,1388
17751,1389
11346,1390
22569,1391
9294,1392
9977,1393
10652,1394
17620,1395
12232,1396
22445,1397
20030,1398
15280,1399
22660,1400
1537,1401
372,1402
817,1403
11345,1404
9970,1405
8703,1406
1688,1407
15245,1408
14454,1409
16753,1410
971,1411
12071,1412
2407,1413
13664,1414
17507,1415
18264,1416
15236,1417
6543,1418
6578,1419
15674,1420
11737,1421
2306,1422
18288,1423
18265,1424
19089,1425
19867,1426
2406,1427
3126,1428
12078,1429
15986,1430
3828,1431
13024,1432
11438,1433
16875,1434
19234,1435
22537,1436
17625,1437
11440,1438
16121,1439
20829,1440
10071,1441
17626,1442
17632,1443
23393,1444
13022,1445
12233,1446
6659,1447
18432,1448
12231,1449
13819,1450
7342,1451
13023,1452
22535,1453
23395,1454
12229,1455
20831,1456
14605,1457
13027,1458
17627,1459
13025,1460
11437,1461
10755,1462
13821,1463
970,1464
14461,1465
17516,1466
24049,1467
1689,1468
10256,1469
18287,1470
1175,1471
3128,1472
1887,1473
22357,1474
1687,1475
9573,1476
23174,1477
3020,1478
3702,1479
1294,1480
6250,1481
11275,1482
1192,1483
18543,1484
23167,1485
2382,1486
19863,1487
19069,1488
1680,1489
19864,1490
20659,1491
3823,1492
18267,1493
143,1494
20728,1495
229,1496
17531,1497
7322,1498
147,1499
22387,1500
137,1501
23239,1502
173,1503
186,1504
16020,1505
8004,1506
169,1507
17530,1508
267,1509
22408,1510
184,1511
19109,1512
165,1513
180,1514
4554,1515
23261,1516
264,1517
18337,1518
210,1519
20703,1520
230,1521
21524,1522
215,1523
179,1524
1693,1525
20661,1526
3119,1527
22329,1528
962,1529
20662,1530
21476,1531
9704,1532
18269,1533
2609,1534
3424,1535
963,1536
3118,1537
10942,1538
1536,1539
2305,1540
14120,1541
5641,1542
823,1543
810,1544
826,1545
17222,1546
19989,1547
12961,1548
5261,1549
12166,1550
21620,1551
23349,1552
22475,1553
37,1554
22349,1555
102,1556
13662,1557
6629,1558
41,1559
15989,1560
31,1561
14444,1562
63,1563
72,1564
12864,1565
21496,1566
61,1567
14451,1568
132,1569
19878,1570
70,1571
4534,1572
57,1573
68,1574
5937,1575
21497,1576
130,1577
13663,1578
90,1579
19884,1580
103,1581
2408,1582
93,1583
67,1584
7999,1585
23334,1586
22490,1587
19978,1588
5961,1589
24213,1590
20777,1591
23782,1592
13756,1593
4400,1594
22922,1595
21635,1596
3853,1597
7908,1598
8595,1599
10387,1600
575,1601
6935,1602
7619,1603
3680,1604
10947,1605
8583,1606
1092,1607
2976,1608
2253,1609
7850,1610
22488,1611
16882,1612
18318,1613
1004,1614
21538,1615
3307,1616
1530,1617
2530,1618
10651,1619
11336,1620
10589,1621
17603,1622
19916,1623
4013,1624
9286,1625
373,1626
9969,1627
7900,1628
9223,1629
18405,1630
8751,1631
18317,1632
458,1633
1529,1634
4647,1635
809,1636
11335,1637
8531,1638
21618,1639
1078,1640
4014,1641
11354,1642
11474,1643
10669,1644
9984,1645
11339,1646
16848,1647
3169,1648
16769,1649
10654,1650
13770,1651
8757,1652
12882,1653
1892,1654
8591,1655
13060,1656
9300,1657
9983,1658
7907,1659
9982,1660
812,1661
23341,1662
21690,1663
22371,1664
5426,1665
8590,1666
14645,1667
10667,1668
1532,1669
5959,1670
10834,1671
21517,1672
2615,1673
9299,1674
15405,1675
11352,1676
5311,1677
6696,1678
1075,1679
10819,1680
1790,1681
21685,1682
3216,1683
15247,1684
969,1685
7314,1686
16747,1687
20668,1688
2405,1689
20684,1690
23190,1691
16763,1692
3827,1693
5236,1694
6124,1695
19885,1696
19072,1697
19088,1698
8179,1699
10941,1700
3130,1701
3306,1702
8683,1703
4631,1704
2491,1705
6705,1706
7393,1707
9449,1708
8075,1709
8250,1710
8066,1711
10331,1712
1053,1713
6022,1714
17668,1715
17669,1716
18382,1717
6732,1718
12529,1719
13327,1720
6320,1721
7006,1722
6806,1723
2606,1724
1884,1725
8888,1726
13650,1727
19058,1728
14441,1729
2386,1730
4609,1731
7383,1732
4632,1733
6012,1734
3925,1735
8767,1736
5333,1737
20663,1738
23188,1739
21484,1740
19866,1741
965,1742
5235,1743
19865,1744
5936,1745
4532,1746
24045,1747
1683,1748
2402,1749
22337,1750
3825,1751
4840,1752
10255,1753
18270,1754
5541,1755
7497,1756
24048,1757
6706,1758
1768,1759
7392,1760
356,1761
10135,1762
2513,1763
14612,1764
334,1765
8076,1766
5097,1767
3682,1768
1786,1769
6533,1770
11073,1771
8303,1772
5837,1773
4431,1774
3722,1775
2303,1776
17642,1777
18441,1778
370,1779
3936,1780
15257,1781
18315,1782
19912,1783
24101,1784
3133,1785
21528,1786
23234,1787
21655,1788
17605,1789
13005,1790
13798,1791
13777,1792
12188,1793
24235,1794
14565,1795
9383,1796
13776,1797
14566,1798
20016,1799
12212,1800
14586,1801
669,1802
9302,1803
22511,1804
1390,1805
10670,1806
16854,1807
19111,1808
18309,1809
12090,1810
12886,1811
19113,1812
12885,1813
5947,1814
1692,1815
24099,1816
4390,1817
8580,1818
9455,1819
11329,1820
22866,1821
17961,1822
13055,1823
1583,1824
863,1825
1554,1826
13754,1827
16128,1828
19913,1829
3308,1830
5135,1831
8596,1832
16852,1833
285,1834
22390,1835
8894,1836
19007,1837
23414,1838
19807,1839
20606,1840
19207,1841
9433,1842
24106,1843
1179,1844
4430,1845
22555,1846
5136,1847
5838,1848
10676,1849
12263,1850
862,1851
19805,1852
7912,1853
5260,1854
359,1855
6636,1856
2614,1857
3026,1858
3745,1859
3743,1860
2325,1861
8644,1862
20666,1863
16749,1864
15231,1865
16748,1866
4535,1867
16745,1868
13651,1869
7365,1870
1002,1871
9405,1872
10771,1873
4591,1874
6683,1875
5998,1876
8049,1877
283,1878
3886,1879
309,1880
1720,1881
2444,1882
6669,1883
8248,1884
3176,1885
3371,1886
10088,1887
15228,1888
15227,1889
21488,1890
19077,1891
18277,1892
19073,1893
15232,1894
10750,1895
19871,1896
7797,1897
11199,1898
13690,1899
18440,1900
2894,1901
20250,1902
576,1903
12066,1904
1885,1905
6121,1906
9381,1907
10065,1908
10938,1909
23198,1910
452,1911
3813,1912
18258,1913
3107,1914
22314,1915
19868,1916
17502,1917
23195,1918
15990,1919
19869,1920
17498,1921
12853,1922
8048,1923
9406,1924
8723,1925
10087,1926
5293,1927
5999,1928
6682,1929
7366,1930
7352,1931
3177,1932
1028,1933
2443,1934
1721,1935
5985,1936
3885,1937
10772,1938
15987,1939
14442,1940
22341,1941
19872,1942
20669,1943
18273,1944
17503,1945
5237,1946
15988,1947
10333,1948
11018,1949
15536,1950
17789,1951
3373,1952
4077,1953
4078,1954
4787,1955
523,1956
6193,1957
6195,1958
6879,1959
6881,1960
8251,1961
8964,1962
9648,1963
10332,1964
11019,1965
16288,1966
1958,1967
1960,1968
2679,1969
2681,1970
3372,1971
4079,1972
5489,1973
6878,1974
7565,1975
7567,1976
8965,1977
8966,1978
9647,1979
14604,1980
24166,1981
1243,1982
1244,1983
14775,1984
17041,1985
17790,1986
18589,1987
1957,1988
1959,1989
2680,1990
4788,1991
4790,1992
524,1993
525,1994
6880,1995
8249,1996
9649,1997
2819,1998
22014,1999
22868,2000
4427,2001
20605,2002
23727,2003
20360,2004
5134,2005
2820,2006
9329,2007
9355,2008
10725,2009
2321,2010
10724,2011
23159,2012
4517,2013
14440,2014
5932,2015
5933,2016
4528,2017
1676,2018
19906,2019
22388,2020
12887,2021
18314,2022
3835,2023
24103,2024
17525,2025
4544,2026
24098,2027
20712,2028
22386,2029
24096,2030
3135,2031
19114,2032
19112,2033
23244,2034
23176,2035
4529,2036
21454,2037
20646,2038
3115,2039
21475,2040
4516,2041
15984,2042
21473,2043
12787,2044
16650,2045
8428,2046
18975,2047
18972,2048
7751,2049
6382,2050
13579,2051
11148,2052
20584,2053
16648,2054
11146,2055
11143,2056
2860,2057
7749,2058
20583,2059
13578,2060
15895,2061
11996,2062
8425,2063
9104,2064
2139,2065
19778,2066
9105,2067
15891,2068
15894,2069
16651,2070
3582,2071
3581,2072
17401,2073
11145,2074
10464,2075
197,2076
21505,2077
237,2078
238,2079
247,2080
7245,2081
5001,2082
18174,2083
5707,2084
15138,2085
6381,2086
14362,2087
10466,2088
12785,2089
5704,2090
3578,2091
6380,2092
8426,2093
16643,2094
20582,2095
6388,2096
22263,2097
1295,2098
2013,2099
10389,2100
11075,2101
17963,2102
4725,2103
3719,2104
23415,2105
3025,2106
2302,2107
2275,2108
14544,2109
335,2110
23222,2111
19806,2112
17657,2113
4429,2114
3721,2115
9308,2116
13003,2117
2446,2118
23223,2119
1891,2120
18762,2121
4232,2122
4428,2123
11361,2124
12981,2125
7368,2126
18299,2127
9578,2128
5836,2129
11469,2130
3720,2131
2099,2132
15198,2133
9990,2134
4559,2135
2515,2136
23221,2137
8896,2138
10012,2139
19257,2140
10697,2141
22309,2142
7998,2143
20645,2144
3820,2145
24036,2146
3821,2147
5231,2148
18275,2149
15233,2150
13655,2151
13654,2152
12855,2153
12063,2154
9380,2155
13656,2156
12854,2157
16750,2158
12062,2159
19870,2160
12064,2161
17500,2162
18276,2163
12065,2164
22326,2165
5232,2166
24017,2167
18253,2168
958,2169
24037,2170
3809,2171
22307,2172
3114,2173
13575,2174
14365,2175
3569,2176
16842,2177
5995,2178
19163,2179
2665,2180
11995,2181
20072,2182
17402,2183
18178,2184
7056,2185
16090,2186
300,2187
21601,2188
11001,2189
15899,2190
14662,2191
4066,2192
9108,2193
16932,2194
7747,2195
7070,2196
23118,2197
8018,2198
1714,2199
16047,2200
10318,2201
18175,2202
3967,2203
19780,2204
20580,2205
4985,2206
5265,2207
348,2208
14517,2209
10320,2210
19777,2211
21724,2212
18172,2213
16641,2214
2851,2215
20780,2216
3917,2217
12928,2218
22264,2219
6761,2220
7074,2221
6391,2222
2132,2223
22517,2224
7361,2225
15250,2226
3360,2227
5703,2228
4999,2229
8413,2230
22497,2231
6008,2232
19956,2233
1230,2234
7065,2235
23432,2236
21409,2237
11989,2238
13012,2239
5980,2240
6633,2241
7553,2242
12791,2243
6076,2244
14369,2245
10465,2246
14661,2247
6390,2248
7073,2249
14359,2250
16861,2251
9396,2252
14465,2253
8948,2254
15251,2255
6182,2256
15143,2257
13865,2258
19784,2259
15142,2260
18163,2261
9384,2262
8030,2263
3916,2264
23316,2265
8237,2266
12789,2267
4675,2268
17400,2269
15139,2270
2852,2271
20781,2272
5709,2273
12280,2274
9109,2275
9789,2276
8414,2277
22498,2278
1046,2279
14464,2280
6183,2281
6018,2282
23312,2283
10316,2284
5706,2285
18476,2286
10460,2287
7067,2288
7054,2289
4564,2290
14553,2291
9444,2292
12138,2293
8950,2294
9107,2295
22574,2296
2138,2297
1413,2298
1405,2299
5692,2300
12197,2301
3881,2302
24074,2303
10314,2304
8430,2305
11486,2306
4293,2307
3583,2308
3568,2309
12173,2310
1761,2311
13731,2312
9632,2313
18177,2314
11487,2315
14366,2316
11997,2317
14573,2318
4587,2319
22456,2320
10315,2321
12790,2322
15424,2323
14368,2324
15141,2325
4989,2326
18976,2327
19276,2328
16646,2329
17398,2330
7734,2331
15334,2332
10108,2333
12934,2334
507,2335
12788,2336
17676,2337
17399,2338
16647,2339
23980,2340
8700,2341
8715,2342
24177,2343
6869,2344
4278,2345
19212,2346
8045,2347
19160,2348
8951,2349
7744,2350
19277,2351
6383,2352
7066,2353
6871,2354
9784,2355
15425,2356
2859,2357
2137,2358
2129,2359
19981,2360
3208,2361
24162,2362
2861,2363
16931,2364
1414,2365
9790,2366
12781,2367
12219,2368
10762,2369
13675,2370
9631,2371
20578,2372
18173,2373
6371,2374
21642,2375
6692,2376
12134,2377
2668,2378
15892,2379
22576,2380
8424,2381
7743,2382
684,2383
15319,2384
10130,2385
20755,2386
1945,2387
9785,2388
20872,2389
11006,2390
16642,2391
20873,2392
15134,2393
20577,2394
4275,2395
19187,2396
2505,2397
12133,2398
17397,2399
6370,2400
3856,2401
22544,2402
13727,2403
11004,2404
15137,2405
3260,2406
16645,2407
6867,2408
15900,2409
13072,2410
17403,2411
11999,2412
23981,2413
14593,2414
7347,2415
5943,2416
7554,2417
5708,2418
6077,2419
10463,2420
9788,2421
21402,2422
16109,2423
8714,2424
22457,2425
21624,2426
4622,2427
19162,2428
11002,2429
8427,2430
4676,2431
4291,2432
5002,2433
683,2434
15140,2435
12281,2436
16649,2437
18977,2438
7733,2439
23358,2440
327,2441
16046,2442
8949,2443
9787,2444
5690,2445
12968,2446
2485,2447
12933,2448
9633,2449
6386,2450
21722,2451
10462,2452
11147,2453
13866,2454
7072,2455
6389,2456
1407,2457
13785,2458
8044,2459
21508,2460
11000,2461
82,2462
22358,2463
107,2464
108,2465
114,2466
22649,2467
8418,2468
18359,2469
11003,2470
5705,2471
20073,2472
9106,2473
9786,2474
8415,2475
17593,2476
6679,2477
20579,2478
19779,2479
4988,2480
18410,2481
7362,2482
14515,2483
8953,2484
18974,2485
17678,2486
3172,2487
13732,2488
12397,2489
6387,2490
16178,2491
5003,2492
4292,2493
686,2494
14574,2495
18475,2496
20581,2497
19781,2498
4279,2499
13784,2500
5289,2501
12139,2502
1228,2503
15896,2504
13075,2505
11142,2506
10459,2507
3566,2508
18386,2509
1782,2510
21587,2511
1233,2512
23985,2513
11007,2514
13572,2515
13868,2516
21407,2517
22262,2518
7055,2519
24221,2520
7378,2521
12926,2522
6664,2523
12877,2524
13190,2525
11149,2526
16177,2527
9791,2528
9111,2529
23119,2530
13805,2531
5688,2532
5965,2533
1067,2534
24167,2535
8954,2536
18973,2537
23433,2538
11993,2539
17394,2540
4289,2541
4987,2542
13763,2543
8762,2544
18358,2545
2667,2546
5000,2547
21723,2548
3579,2549
4288,2550
22575,2551
13574,2552
14364,2553
7732,2554
22479,2555
5324,2556
12932,2557
509,2558
7064,2559
7742,2560
1404,2561
22478,2562
5325,2563
12922,2564
7558,2565
11141,2566
16933,2567
7745,2568
4290,2569
18162,2570
15352,2571
9397,2572
18360,2573
4067,2574
6384,2575
17677,2576
15135,2577
2853,2578
19994,2579
10814,2580
12929,2581
1946,2582
12786,2583
18477,2584
17395,2585
13576,2586
22257,2587
15353,2588
2437,2589
12140,2590
6184,2591
19782,2592
5377,2593
18176,2594
8236,2595
8429,2596
6762,2597
7071,2598
5004,2599
13569,2600
17612,2601
10078,2602
21602,2603
7069,2604
4277,2605
24222,2606
2484,2607
23313,2608
1943,2609
21408,2610
20871,2611
23124,2612
13630,2613
14420,2614
7265,2615
6581,2616
17517,2617
5424,2618
16006,2619
4011,2620
15248,2621
4722,2622
16764,2623
4723,2624
19843,2625
1663,2626
2380,2627
945,2628
6627,2629
17494,2630
7312,2631
17497,2632
15992,2633
14446,2634
12856,2635
13653,2636
12857,2637
10064,2638
15991,2639
12060,2640
21491,2641
17501,2642
19075,2643
14447,2644
12061,2645
19076,2646
12859,2647
1662,2648
18248,2649
5221,2650
3101,2651
16741,2652
5922,2653
2381,2654
19048,2655
944,2656
13110,2657
15460,2658
12313,2659
13113,2660
11531,2661
15457,2662
14701,2663
12310,2664
15458,2665
18508,2666
14699,2667
13106,2668
23469,2669
11525,2670
16213,2671
23465,2672
14698,2673
12316,2674
23466,2675
16969,2676
21770,2677
16212,2678
12322,2679
15463,2680
23477,2681
12319,2682
11518,2683
16214,2684
22612,2685
22608,2686
12317,2687
15459,2688
967,2689
18085,2690
22317,2691
16216,2692
13115,2693
16968,2694
11524,2695
20918,2696
12326,2697
16965,2698
22620,2699
16217,2700
11527,2701
5410,2702
11526,2703
13116,2704
11523,2705
16967,2706
22611,2707
20049,2708
20850,2709
3525,2710
3018,2711
20361,2712
7243,2713
22869,2714
10006,2715
23726,2716
5828,2717
23342,2718
18388,2719
13739,2720
20783,2721
17559,2722
22483,2723
16807,2724
18252,2725
3105,2726
1678,2727
22308,2728
3117,2729
22327,2730
24020,2731
22311,2732
19053,2733
1665,2734
3116,2735
1664,2736
1677,2737
19847,2738
19051,2739
3811,2740
16054,2741
21628,2742
7324,2743
14529,2744
19984,2745
6641,2746
13751,2747
24205,2748
15296,2749
5170,2750
7961,2751
3759,2752
7959,2753
18214,2754
4474,2755
3062,2756
5158,2757
1608,2758
2358,2759
3067,2760
909,2761
7276,2762
3047,2763
11416,2764
885,2765
9361,2766
9359,2767
4466,2768
5871,2769
19013,2770
1611,2771
3755,2772
14422,2773
8643,2774
6592,2775
3080,2776
5155,2777
2345,2778
11425,2779
11413,2780
5180,2781
19223,2782
10795,2783
14118,2784
7546,2785
15518,2786
7656,2787
635,2788
2051,2789
2864,2790
10887,2791
2141,2792
1415,2793
8435,2794
23376,2795
12273,2796
19787,2797
22265,2798
8434,2799
19992,2800
6011,2801
10303,2802
21991,2803
6287,2804
23532,2805
6973,2806
2772,2807
20587,2808
13065,2809
2143,2810
6412,2811
2862,2812
16857,2813
4578,2814
19546,2815
9621,2816
20967,2817
2792,2818
2071,2819
1334,2820
2866,2821
11174,2822
8128,2823
6409,2824
7093,2825
8433,2826
19184,2827
2508,2828
15534,2829
20341,2830
4896,2831
12376,2832
5599,2833
3464,2834
8631,2835
10043,2836
3757,2837
5881,2838
10045,2839
6591,2840
4462,2841
921,2842
5855,2843
10728,2844
6601,2845
19812,2846
5172,2847
15202,2848
5856,2849
891,2850
10740,2851
12837,2852
7949,2853
21027,2854
22016,2855
4839,2856
24204,2857
20839,2858
14468,2859
18528,2860
855,2861
18458,2862
1575,2863
5126,2864
6549,2865
19407,2866
21163,2867
8304,2868
371,2869
11376,2870
10691,2871
9991,2872
12998,2873
3878,2874
22369,2875
5429,2876
6559,2877
19562,2878
4131,2879
4808,2880
14559,2881
9439,2882
20693,2883
17729,2884
9323,2885
16158,2886
22272,2887
2295,2888
834,2889
14024,2890
21162,2891
7621,2892
17659,2893
4420,2894
7926,2895
9307,2896
5259,2897
6028,2898
14467,2899
2617,2900
3712,2901
23400,2902
3911,2903
8084,2904
1776,2905
10833,2906
342,2907
8784,2908
24019,2909
2384,2910
2396,2911
23158,2912
3822,2913
2394,2914
21457,2915
2383,2916
23160,2917
5223,2918
2395,2919
946,2920
959,2921
19052,2922
19846,2923
5925,2924
4638,2925
1061,2926
6711,2927
3223,2928
2499,2929
10149,2930
3202,2931
22541,2932
3932,2933
4628,2934
22568,2935
12269,2936
6047,2937
11475,2938
18452,2939
20050,2940
20851,2941
11463,2942
13840,2943
4645,2944
16907,2945
13844,2946
14633,2947
16900,2948
16153,2949
12257,2950
13046,2951
13047,2952
16148,2953
20847,2954
23406,2955
12256,2956
15391,2957
4438,2958
8632,2959
8305,2960
7930,2961
16048,2962
3423,2963
18204,2964
20761,2965
9020,2966
2296,2967
19962,2968
6937,2969
17454,2970
16802,2971
15700,2972
7692,2973
16455,2974
5645,2975
16454,2976
16457,2977
11761,2978
18249,2979
23156,2980
15983,2981
19845,2982
16742,2983
24015,2984
20642,2985
23155,2986
18250,2987
22305,2988
17495,2989
19050,2990
15224,2991
20643,2992
19049,2993
24016,2994
19578,2995
6324,2996
22882,2997
22029,2998
3529,2999
20376,3000
17980,3001
2822,3002
17206,3003
17546,3004
9282,3005
9964,3006
10648,3007
5799,3008
5145,3009
9344,3010
10714,3011
8645,3012
1623,3013
3767,3014
10731,3015
10041,3016
2340,3017
18219,3018
7960,3019
1605,3020
906,3021
17464,3022
8655,3023
3741,3024
888,3025
5859,3026
23990,3027
5841,3028
23989,3029
10009,3030
20648,3031
23486,3032
4421,3033
13907,3034
21461,3035
17455,3036
16218,3037
23163,3038
10008,3039
4710,3040
950,3041
14560,3042
18414,3043
16849,3044
17600,3045
19999,3046
21649,3047
13771,3048
24229,3049
16097,3050
23365,3051
22505,3052
13792,3053
19216,3054
15341,3055
20798,3056
13791,3057
17518,3058
11350,3059
10665,3060
7227,3061
9980,3062
5846,3063
10028,3064
3730,3065
5636,3066
15952,3067
687,3068
13142,3069
21143,3070
23709,3071
10692,3072
6375,3073
21793,3074
2804,3075
4929,3076
8416,3077
15951,3078
8612,3079
12347,3080
2808,3081
1375,3082
13935,3083
2807,3084
3571,3085
20825,3086
18425,3087
17643,3088
4641,3089
8798,3090
7021,3091
15045,3092
1089,3093
2526,3094
3227,3095
11908,3096
1803,3097
18442,3098
5343,3099
15801,3100
10165,3101
8096,3102
9480,3103
1754,3104
6675,3105
10783,3106
5285,3107
8756,3108
10124,3109
2476,3110
10808,3111
3877,3112
6004,3113
9438,3114
3168,3115
10099,3116
4583,3117
2477,3118
5991,3119
14906,3120
5080,3121
2222,3122
5783,3123
2941,3124
4410,3125
3007,3126
844,3127
19259,3128
18457,3129
11355,3130
21709,3131
15403,3132
9301,3133
22560,3134
23419,3135
14643,3136
9985,3137
1547,3138
20858,3139
19230,3140
18427,3141
19056,3142
20650,3143
24023,3144
5092,3145
9266,3146
8533,3147
22482,3148
1777,3149
11542,3150
5946,3151
14875,3152
17750,3153
17140,3154
6971,3155
5794,3156
6049,3157
18467,3158
9958,3159
10639,3160
11272,3161
17599,3162
5286,3163
23243,3164
3314,3165
12354,3166
14085,3167
20315,3168
8338,3169
7214,3170
20651,3171
24026,3172
23165,3173
7892,3174
9905,3175
18403,3176
10809,3177
3836,3178
10268,3179
15495,3180
13292,3181
15635,3182
6285,3183
3677,3184
3235,3185
8575,3186
22316,3187
24024,3188
18257,3189
3945,3190
11312,3191
9262,3192
9217,3193
18375,3194
10150,3195
13129,3196
23240,3197
16388,3198
17752,3199
18711,3200
4877,3201
10627,3202
18255,3203
20649,3204
22313,3205
12566,3206
21212,3207
23781,3208
4946,3209
20392,3210
19592,3211
22901,3212
23758,3213
668,3214
23756,3215
13363,3216
1389,3217
22921,3218
22066,3219
22047,3220
11779,3221
11456,3222
12248,3223
16141,3224
18979,3225
2854,3226
15331,3227
8743,3228
7547,3229
7685,3230
2068,3231
13983,3232
1353,3233
619,3234
17406,3235
13864,3236
16654,3237
6372,3238
20791,3239
16880,3240
14116,3241
6860,3242
9630,3243
633,3244
23669,3245
2777,3246
12793,3247
15422,3248
16653,3249
17405,3250
12002,3251
14372,3252
18964,3253
16105,3254
997,3255
14773,3256
4215,3257
3480,3258
8946,3259
2789,3260
1339,3261
12794,3262
12278,3263
20585,3264
16930,3265
14370,3266
13580,3267
2130,3268
1707,3269
8773,3270
22838,3271
6175,3272
10999,3273
3482,3274
4189,3275
4171,3276
11587,3277
11590,3278
11592,3279
12379,3280
12380,3281
12383,3282
12385,3283
13174,3284
13175,3285
13176,3286
13178,3287
13972,3288
14763,3289
15521,3290
15522,3291
16273,3292
16275,3293
17779,3294
17781,3295
19379,3296
19382,3297
19383,3298
20176,3299
20177,3300
20179,3301
20180,3302
20977,3303
20983,3304
21828,3305
21831,3306
21836,3307
22681,3308
22683,3309
22687,3310
22691,3311
23538,3312
23541,3313
23542,3314
23543,3315
23547,3316
11591,3317
11593,3318
12381,3319
12382,3320
12384,3321
12387,3322
13177,3323
13180,3324
13967,3325
13968,3326
13973,3327
14760,3328
14762,3329
15524,3330
16274,3331
16276,3332
17778,3333
17780,3334
18578,3335
18582,3336
19377,3337
19381,3338
20181,3339
20976,3340
20978,3341
20979,3342
20980,3343
20982,3344
20986,3345
21833,3346
21837,3347
22684,3348
22686,3349
22688,3350
22689,3351
23539,3352
23540,3353
23544,3354
23548,3355
5472,3356
11588,3357
11589,3358
12386,3359
13179,3360
13181,3361
13969,3362
13970,3363
13971,3364
14761,3365
17026,3366
17027,3367
17028,3368
17029,3369
17783,3370
17784,3371
18577,3372
18579,3373
18580,3374
18581,3375
18583,3376
19378,3377
19380,3378
20178,3379
20182,3380
20981,3381
20984,3382
20985,3383
21829,3384
21830,3385
21832,3386
21834,3387
21835,3388
21838,3389
22682,3390
22685,3391
23546,3392
23549,3393
3353,3394
4059,3395
4770,3396
5119,3397
15195,3398
17665,3399
846,3400
6561,3401
12268,3402
10007,3403
4411,3404
3706,3405
5348,3406
18464,3407
7244,3408
22345,3409
21492,3410
18256,3411
15226,3412
21460,3413
22849,3414
1372,3415
19853,3416
23166,3417
24025,3418
22000,3419
21463,3420
23164,3421
19057,3422
18746,3423
19055,3424
19851,3425
19850,3426
3791,3427
19030,3428
4502,3429
11332,3430
10646,3431
11333,3432
5098,3433
11246,3434
7832,3435
6462,3436
2913,3437
8519,3438
6466,3439
9186,3440
10564,3441
5055,3442
11240,3443
15186,3444
9872,3445
11225,3446
734,3447
4335,3448
9193,3449
8504,3450
10548,3451
11221,3452
10547,3453
10533,3454
10530,3455
10561,3456
738,3457
9866,3458
12031,3459
3635,3460
6455,3461
747,3462
1459,3463
9179,3464
1467,3465
3632,3466
13623,3467
18196,3468
6476,3469
7155,3470
3628,3471
729,3472
3623,3473
15185,3474
6460,3475
7833,3476
5752,3477
9190,3478
11215,3479
2179,3480
6453,3481
7838,3482
2187,3483
9181,3484
5755,3485
16691,3486
14407,3487
8505,3488
9182,3489
2191,3490
7143,3491
15940,3492
9172,3493
1463,3494
17440,3495
7812,3496
9206,3497
3631,3498
6472,3499
733,3500
7826,3501
17436,3502
8511,3503
8491,3504
9880,3505
3624,3506
8497,3507
7813,3508
743,3509
6474,3510
11236,3511
15176,3512
10526,3513
5758,3514
10558,3515
6456,3516
12038,3517
8485,3518
2906,3519
5047,3520
9875,3521
6469,3522
8508,3523
11232,3524
11229,3525
8500,3526
12030,3527
7806,3528
9886,3529
15938,3530
14405,3531
10534,3532
1449,3533
9200,3534
10543,3535
13619,3536
8490,3537
17446,3538
8495,3539
11214,3540
9883,3541
6473,3542
9197,3543
10552,3544
11222,3545
14401,3546
9203,3547
2903,3548
11218,3549
8486,3550
15178,3551
14403,3552
6446,3553
4413,3554
21216,3555
2265,3556
1566,3557
22070,3558
5105,3559
22069,3560
3703,3561
4414,3562
822,3563
9297,3564
2107,3565
6722,3566
3043,3567
1601,3568
9353,3569
22548,3570
11462,3571
11410,3572
7272,3573
3044,3574
14636,3575
4444,3576
3737,3577
881,3578
15397,3579
3042,3580
2320,3581
8640,3582
5905,3583
19829,3584
3795,3585
1093,3586
4648,3587
20868,3588
19267,3589
9837,3590
23379,3591
10790,3592
22364,3593
10962,3594
10563,3595
8113,3596
744,3597
1465,3598
19796,3599
14537,3600
8771,3601
12936,3602
4037,3603
3627,3604
7432,3605
8513,3606
3626,3607
8506,3608
1827,3609
13621,3610
12829,3611
4326,3612
12969,3613
1045,3614
19159,3615
9602,3616
20689,3617
10276,3618
2190,3619
8815,3620
3636,3621
4346,3622
11191,3623
23361,3624
2482,3625
7837,3626
7431,3627
3633,3628
4343,3629
15170,3630
7330,3631
16129,3632
12084,3633
8913,3634
10554,3635
13606,3636
7329,3637
14615,3638
18361,3639
4038,3640
8509,3641
4666,3642
7150,3643
13725,3644
6838,3645
9867,3646
9503,3647
11228,3648
10545,3649
7114,3650
23377,3651
10792,3652
9885,3653
9204,3654
6432,3655
12221,3656
8028,3657
17520,3658
9594,3659
11247,3660
8814,3661
10963,3662
5759,3663
8114,3664
4344,3665
7158,3666
7790,3667
13765,3668
325,3669
13676,3670
1826,3671
735,3672
1457,3673
7793,3674
13806,3675
8029,3676
14523,3677
10965,3678
10557,3679
15320,3680
4602,3681
24175,3682
9600,3683
10555,3684
6744,3685
17445,3686
16694,3687
6427,3688
3333,3689
13622,3690
10870,3691
9191,3692
11234,3693
2892,3694
20809,3695
1018,3696
24172,3697
18190,3698
14536,3699
7388,3700
23305,3701
9606,3702
10542,3703
2551,3704
6457,3705
7141,3706
2182,3707
9836,3708
21662,3709
10791,3710
14522,3711
9598,3712
1456,3713
1112,3714
2905,3715
3625,3716
5750,3717
5743,3718
13013,3719
10077,3720
12935,3721
476,3722
7831,3723
10868,3724
3958,3725
16693,3726
15941,3727
7117,3728
3859,3729
5977,3730
14519,3731
1912,3732
11237,3733
15171,3734
12200,3735
10789,3736
17548,3737
2637,3738
7823,3739
394,3740
9187,3741
9868,3742
17430,3743
16815,3744
6701,3745
12137,3746
10971,3747
9869,3748
9502,3749
11231,3750
12036,3751
12824,3752
9153,3753
12176,3754
4600,3755
22443,3756
5453,3757
10538,3758
6063,3759
12032,3760
8027,3761
17549,3762
7525,3763
11230,3764
6061,3765
12827,3766
12035,3767
7795,3768
20821,3769
1441,3770
22501,3771
3894,3772
16037,3773
8211,3774
11216,3775
397,3776
9857,3777
9176,3778
10506,3779
18387,3780
1781,3781
13717,3782
7530,3783
12822,3784
4667,3785
11213,3786
9173,3787
3634,3788
1824,3789
9882,3790
9201,3791
722,3792
12992,3793
1736,3794
16008,3795
6834,3796
2547,3797
2907,3798
2184,3799
2893,3800
20810,3801
1017,3802
22361,3803
10964,3804
2908,3805
10187,3806
15937,3807
15180,3808
5037,3809
23359,3810
8060,3811
13724,3812
2638,3813
9185,3814
20794,3815
3188,3816
13721,3817
1918,3818
12823,3819
396,3820
14404,3821
13615,3822
7788,3823
10865,3824
5761,3825
11244,3826
5744,3827
16111,3828
8712,3829
5242,3830
7520,3831
4345,3832
8498,3833
9504,3834
7139,3835
12825,3836
18992,3837
18413,3838
297,3839
22444,3840
10290,3841
2192,3842
5745,3843
23389,3844
10075,3845
19097,3846
9593,3847
2916,3848
1823,3849
2915,3850
12970,3851
3895,3852
12082,3853
8914,3854
737,3855
6742,3856
10559,3857
11242,3858
4327,3859
9860,3860
10536,3861
8467,3862
4565,3863
23403,3864
16795,3865
6157,3866
8496,3867
9505,3868
11248,3869
7792,3870
20811,3871
3880,3872
19892,3873
6148,3874
746,3875
10864,3876
10565,3877
12083,3878
14744,3879
4342,3880
10866,3881
5757,3882
5053,3883
9838,3884
16863,3885
995,3886
14412,3887
9192,3888
12817,3889
15354,3890
9395,3891
19161,3892
1199,3893
12831,3894
7434,3895
22434,3896
2645,3897
17437,3898
1831,3899
10528,3900
12820,3901
3614,3902
8013,3903
1780,3904
994,3905
19096,3906
6833,3907
7160,3908
390,3909
8522,3910
2914,3911
9839,3912
11434,3913
10867,3914
1458,3915
736,3916
17431,3917
15305,3918
6700,3919
18292,3920
13952,3921
6471,3922
8059,3923
15288,3924
6152,3925
5753,3926
6743,3927
4338,3928
9877,3929
11190,3930
21645,3931
15943,3932
10511,3933
12991,3934
8740,3935
24176,3936
10967,3937
2900,3938
7433,3939
1451,3940
9855,3941
5739,3942
16817,3943
3915,3944
16036,3945
9610,3946
8492,3947
2552,3948
13614,3949
20596,3950
8694,3951
9453,3952
20758,3953
3332,3954
17444,3955
8819,3956
15942,3957
7828,3958
7144,3959
1828,3960
8503,3961
7822,3962
2169,3963
18411,3964
299,3965
16041,3966
6153,3967
9385,3968
276,3969
13733,3970
10279,3971
8514,3972
9499,3973
7154,3974
6470,3975
9157,3976
7523,3977
732,3978
8115,3979
5048,3980
4337,3981
18191,3982
16063,3983
7387,3984
12141,3985
9871,3986
7825,3987
8470,3988
14554,3989
5304,3990
23309,3991
10284,3992
11233,3993
1113,3994
1830,3995
6449,3996
7133,3997
8469,3998
20793,3999
5305,4000
14508,4001
1920,4002
10532,4003
1453,4004
8818,4005
2902,4006
8512,4007
7115,4008
14594,4009
5979,4010
13730,4011
5450,4012
17438,4013
10189,4014
7137,4015
7815,4016
20595,4017
13746,4018
9454,4019
16039,4020
10977,4021
7430,4022
7159,4023
9884,4024
8473,4025
21663,4026
6677,4027
23217,4028
8912,4029
8520,4030
741,4031
6428,4032
19201,4033
1759,4034
14466,4035
10277,4036
2910,4037
2546,4038
1462,4039
9862,4040
7817,4041
17432,4042
24244,4043
10105,4044
21589,4045
10976,4046
11223,4047
8822,4048
8472,4049
20009,4050
4586,4051
12142,4052
13159,4053
5051,4054
393,4055
11239,4056
10556,4057
1713,4058
12931,4059
8922,4060
17443,4061
7435,4062
17442,4063
6461,4064
13609,4065
16110,4066
10288,4067
13618,4068
8118,4069
9183,4070
9864,4071
16679,4072
16062,4073
6017,4074
22446,4075
7146,4076
15926,4077
6646,4078
16884,4079
17550,4080
10285,4081
9189,4082
8820,4083
7824,4084
12927,4085
6155,4086
9863,4087
1114,4088
11224,4089
10541,4090
4329,4091
18421,4092
8711,4093
7519,4094
6475,4095
9496,4096
1466,4097
745,4098
7794,4099
10752,4100
6662,4101
16767,4102
12174,4103
1760,4104
14514,4105
1916,4106
6459,4107
10872,4108
10544,4109
11227,4110
3616,4111
15284,4112
8207,4113
15183,4114
10871,4115
16692,4116
9188,4117
6433,4118
4568,4119
6661,4120
7808,4121
719,4122
21646,4123
9443,4124
22435,4125
2644,4126
9853,4127
10191,4128
8489,4129
24243,4130
8739,4131
8003,4132
6149,4133
742,4134
1110,4135
5056,4136
5760,4137
10512,4138
14511,4139
1205,4140
16689,4141
1115,4142
11220,4143
10537,4144
9152,4145
22499,4146
7377,4147
8493,4148
10875,4149
7134,4150
6450,4151
2890,4152
14556,4153
5302,4154
15279,4155
7529,4156
11196,4157
24253,4158
10759,4159
23218,4160
16258,4161
9887,4162
1109,4163
11249,4164
10566,4165
2459,4166
19888,4167
6150,4168
5756,4169
392,4170
4341,4171
2185,4172
1444,4173
19214,4174
8516,4175
7835,4176
8471,4177
14555,4178
5303,4179
12876,4180
9596,4181
7156,4182
6057,4183
23360,4184
3186,4185
17552,4186
6837,4187
2904,4188
4665,4189
1455,4190
5049,4191
5038,4192
6060,4193
12039,4194
14411,4195
1443,4196
12198,4197
2460,4198
23310,4199
4039,4200
7148,4201
19188,4202
2504,4203
14503,4204
1210,4205
15175,4206
3252,4207
16685,4208
18996,4209
11189,4210
1911,4211
7830,4212
6059,4213
9195,4214
9876,4215
10507,4216
22500,4217
3187,4218
21599,4219
5266,4220
347,4221
14507,4222
8212,4223
6448,4224
3959,4225
7810,4226
4333,4227
9150,4228
10183,4229
7834,4230
8515,4231
15927,4232
16816,4233
16883,4234
13674,4235
2631,4236
9199,4237
23314,4238
10281,4239
5749,4240
3957,4241
4334,4242
2177,4243
9155,4244
24242,4245
10107,4246
8119,4247
7816,4248
7138,4249
10510,4250
24241,4251
5994,4252
14512,4253
6156,4254
9180,4255
18192,4256
19215,4257
2458,4258
12924,4259
8210,4260
15934,4261
6748,4262
8494,4263
6451,4264
4540,4265
15505,4266
1464,4267
10181,4268
2912,4269
2189,4270
7116,4271
14595,4272
7345,4273
15355,4274
10760,4275
24075,4276
1909,4277
2186,4278
8816,4279
8518,4280
7836,4281
3618,4282
19958,4283
478,4284
6465,4285
8117,4286
10553,4287
9874,4288
5039,4289
16862,4290
10761,4291
12951,4292
3206,4293
23292,4294
1923,4295
14402,4296
2553,4297
15933,4298
16686,4299
5035,4300
11209,4301
1832,4302
1448,4303
726,4304
13607,4305
8695,4306
14614,4307
21577,4308
8214,4309
9595,4310
5054,4311
9498,4312
740,4313
1461,4314
5040,4315
13807,4316
9394,4317
23215,4318
12938,4319
9597,4320
11241,4321
8817,4322
9879,4323
9198,4324
10513,4325
17614,4326
10076,4327
2436,4328
12132,4329
6840,4330
7140,4331
10188,4332
8499,4333
7818,4334
14398,4335
10067,4336
10550,4337
7111,4338
19995,4339
3896,4340
24171,4341
10970,4342
14410,4343
9501,4344
12830,4345
7126,4346
14396,4347
6647,4348
15374,4349
12912,4350
8216,4351
2898,4352
4668,4353
7804,4354
298,4355
12937,4356
3331,4357
2183,4358
2548,4359
3630,4360
4340,4361
2170,4362
18412,4363
8474,4364
10068,4365
7346,4366
14520,4367
4748,4368
4336,4369
9500,4370
5751,4371
731,4372
10282,4373
7829,4374
10869,4375
9194,4376
11238,4377
18991,4378
13747,4379
8070,4380
19959,4381
9599,4382
2178,4383
3249,4384
7153,4385
5045,4386
7791,4387
22518,4388
5993,4389
22455,4390
7827,4391
7149,4392
6431,4393
12220,4394
6663,4395
20757,4396
2634,4397
15184,4398
3250,4399
10549,4400
9870,4401
14395,4402
8012,4403
15375,4404
16798,4405
9603,4406
12037,4407
2549,4408
10546,4409
2550,4410
17441,4411
16690,4412
721,4413
20008,4414
1737,4415
15283,4416
1915,4417
8476,4418
20020,4419
7344,4420
23304,4421
10975,4422
7819,4423
395,4424
14406,4425
13617,4426
21580,4427
488,4428
5044,4429
10876,4430
11212,4431
10529,4432
2167,4433
13766,4434
3185,4435
4324,4436
12156,4437
2503,4438
22432,4439
6160,4440
8487,4441
9507,4442
9851,4443
9170,4444
10180,4445
7839,4446
8521,4447
9158,4448
21673,4449
275,4450
19095,4451
8201,4452
9205,4453
8821,4454
7821,4455
8502,4456
7789,4457
13764,4458
326,4459
15282,4460
9605,4461
15181,4462
15936,4463
5741,4464
24223,4465
2483,4466
21588,4467
4751,4468
13616,4469
1829,4470
15179,4471
12129,4472
2642,4473
7135,4474
9506,4475
11217,4476
9177,4477
11193,4478
21661,4479
6678,4480
7128,4481
6444,4482
10508,4483
24225,4484
8761,4485
21578,4486
4045,4487
727,4488
8825,4489
16076,4490
1044,4491
23214,4492
10278,4493
9881,4494
1825,4495
11243,4496
10560,4497
7112,4498
10974,4499
11226,4500
6062,4501
9865,4502
9184,4503
15169,4504
17567,4505
16130,4506
21591,4507
16797,4508
9604,4509
14408,4510
6746,4511
15939,4512
15182,4513
4328,4514
17613,4515
8713,4516
7809,4517
8824,4518
6447,4519
7131,4520
20597,4521
20010,4522
1735,4523
24156,4524
4042,4525
2633,4526
16695,4527
8116,4528
6468,4529
7152,4530
5742,4531
24224,4532
7376,4533
22454,4534
9859,4535
3619,4536
19224,4537
9393,4538
16794,4539
1919,4540
6452,4541
8120,4542
7814,4543
19795,4544
3857,4545
8772,4546
15278,4547
8928,4548
9174,4549
3251,4550
10531,4551
7132,4552
2188,4553
2911,4554
9156,4555
22519,4556
10106,4557
7318,4558
8202,4559
9202,4560
391,4561
7157,4562
5052,4563
11195,4564
12199,4565
9421,4566
20687,4567
6835,4568
8517,4569
1111,4570
5367,4571
9878,4572
2181,4573
3617,4574
12175,4575
4601,4576
16800,4577
10280,4578
5050,4579
9422,4580
22451,4581
9601,4582
9873,4583
6745,4584
11235,4585
6464,4586
11194,4587
23378,4588
7436,4589
10539,4590
9861,4591
6430,4592
19213,4593
5288,4594
13722,4595
6841,4596
12033,4597
9831,4598
5966,4599
1066,4600
21579,4601
489,4602
12028,4603
3960,4604
13612,4605
15932,4606
1196,4607
5057,4608
9497,4609
11245,4610
10562,4611
8475,4612
13014,4613
5978,4614
3832,4615
6058,4616
2180,4617
1454,4618
16680,4619
17568,4620
6016,4621
14521,4622
8205,4623
9196,4624
16681,4625
23380,4626
1016,4627
16793,4628
6158,4629
9178,4630
7437,4631
10535,4632
1450,4633
3207,4634
24150,4635
7532,4636
7805,4637
2554,4638
6443,4639
7127,4640
718,4641
19982,4642
8071,4643
15281,4644
10291,4645
15935,4646
10874,4647
17439,4648
16688,4649
18990,4650
15304,4651
13718,4652
6159,4653
2899,4654
1116,4655
9175,4656
9856,4657
9833,4658
21644,4659
3897,4660
6426,4661
21643,4662
4603,4663
13714,4664
1922,4665
7130,4666
1117,4667
5748,4668
11211,4669
12497,4670
5682,4671
20312,4672
19210,4673
21078,4674
2466,4675
23695,4676
12325,4677
19156,4678
21931,4679
22785,4680
9376,4681
19331,4682
17939,4683
18737,4684
14341,4685
23643,4686
18729,4687
18676,4688
16418,4689
6262,4690
12523,4691
12474,4692
22790,4693
3600,4694
5726,4695
2557,4696
10495,4697
15906,4698
19399,4699
19400,4700
19401,4701
15106,4702
6358,4703
16611,4704
22584,4705
21732,4706
9768,4707
13548,4708
16600,4709
20805,4710
3884,4711
23294,4712
7507,4713
18952,4714
12291,4715
13551,4716
11128,4717
16975,4718
12761,4719
11968,4720
7980,4721
15093,4722
15850,4723
20005,4724
1743,4725
14509,4726
17721,4727
6133,4728
8664,4729
16894,4730
10060,4731
22064,4732
1542,4733
2489,4734
23297,4735
13547,4736
15471,4737
22433,4738
8902,4739
16612,4740
930,4741
12756,4742
6136,4743
22246,4744
17358,4745
24216,4746
8766,4747
14504,4748
22631,4749
16231,4750
1648,4751
14337,4752
14627,4753
18223,4754
19514,4755
11673,4756
19539,4757
12467,4758
13260,4759
20337,4760
14910,4761
14053,4762
20330,4763
14846,4764
21976,4765
11681,4766
19529,4767
14060,4768
7777,4769
13267,4770
8458,4771
3256,4772
3599,4773
15147,4774
23558,4775
15862,4776
23442,4777
17363,4778
18151,4779
21391,4780
21638,4781
19236,4782
11535,4783
2366,4784
12402,4785
20999,4786
15100,4787
9088,4788
17687,4789
13084,4790
16607,4791
12754,4792
15849,4793
23352,4794
17138,4795
20407,4796
5807,4797
12571,4798
4480,4799
20559,4800
13544,4801
18709,4802
14842,4803
15670,4804
15602,4805
21932,4806
16427,4807
21132,4808
21079,4809
14904,4810
14057,4811
20327,4812
15609,4813
17926,4814
14849,4815
17115,4816
5724,4817
703,4818
19272,4819
1425,4820
12004,4821
18600,4822
18602,4823
21001,4824
15102,4825
23970,4826
15856,4827
20882,4828
5434,4829
10443,4830
20883,4831
11127,4832
9087,4833
22245,4834
16812,4835
8774,4836
12117,4837
11500,4838
8399,4839
440,4840
14334,4841
15101,4842
3081,4843
11962,4844
14327,4845
13537,4846
6644,4847
7327,4848
7390,4849
8073,4850
12123,4851
3999,4852
23288,4853
8166,4854
6820,4855
19816,4856
14718,4857
20614,4858
6730,4859
15633,4860
17912,4861
11957,4862
14343,4863
10084,4864
23386,4865
9402,4866
12130,4867
20920,4868
13553,4869
14513,4870
22621,4871
1899,4872
7983,4873
12748,4874
4731,4875
10061,4876
6359,4877
19221,4878
11971,4879
8720,4880
11528,4881
13726,4882
9377,4883
19330,4884
17645,4885
11972,4886
5203,4887
14873,4888
21930,4889
12528,4890
20276,4891
21077,4892
22837,4893
21985,4894
19478,4895
17175,4896
19481,4897
14902,4898
15608,4899
17170,4900
16362,4901
17114,4902
3601,4903
5727,4904
4670,4905
11178,4906
12797,4907
19398,4908
12763,4909
20083,4910
20996,4911
22699,4912
14342,4913
17685,4914
12762,4915
7044,4916
8401,4917
13083,4918
7043,4919
4979,4920
17352,4921
24250,4922
1541,4923
2988,4924
23777,4925
20671,4926
5844,4927
5144,4928
7948,4929
10713,4930
10711,4931
10026,4932
3728,4933
9213,4934
8527,4935
7845,4936
2197,4937
23463,4938
15461,4939
16970,4940
22606,4941
17710,4942
18511,4943
17717,4944
19309,4945
20108,4946
14697,4947
23468,4948
12318,4949
21766,4950
23464,4951
12315,4952
20908,4953
23474,4954
22615,4955
21769,4956
21762,4957
21774,4958
17723,4959
14695,4960
18509,4961
13909,4962
13120,4963
13898,4964
23479,4965
23462,4966
12312,4967
23481,4968
3997,4969
11519,4970
13904,4971
4709,4972
21753,4973
20903,4974
12314,4975
23467,4976
20122,4977
17712,4978
18516,4979
22607,4980
16215,4981
23471,4982
20121,4983
13109,4984
22624,4985
17709,4986
19310,4987
22622,4988
20904,4989
23473,4990
20914,4991
23472,4992
15464,4993
20107,4994
20115,4995
20910,4996
15470,4997
16964,4998
13913,4999
20922,5000
20901,5001
19311,5002
11520,5003
11522,5004
13112,5005
18523,5006
20907,5007
18522,5008
13899,5009
22610,5010
21768,5011
20921,5012
20902,5013
12311,5014
13111,5015
5411,5016
16978,5017
13105,5018
21755,5019
21767,5020
22614,5021
3297,5022
21756,5023
13902,5024
20112,5025
21758,5026
21760,5027
17715,5028
22617,5029
14702,5030
16223,5031
14710,5032
3290,5033
19317,5034
20917,5035
23484,5036
3295,5037
16966,5038
19318,5039
22616,5040
13917,5041
21759,5042
21771,5043
19324,5044
16211,5045
20109,5046
13901,5047
13905,5048
20916,5049
17724,5050
21754,5051
20905,5052
21773,5053
16225,5054
18517,5055
19323,5056
14708,5057
12190,5058
11964,5059
21657,5060
19720,5061
20198,5062
3175,5063
20521,5064
9429,5065
14338,5066
12984,5067
12755,5068
11966,5069
11499,5070
12757,5071
16610,5072
11956,5073
22513,5074
10115,5075
12920,5076
8189,5077
22586,5078
13719,5079
18344,5080
23070,5081
1744,5082
20120,5083
14707,5084
13546,5085
10954,5086
10929,5087
24237,5088
22422,5089
932,5090
3090,5091
14336,5092
13550,5093
18246,5094
8747,5095
7493,5096
12747,5097
23282,5098
19046,5099
23373,5100
4006,5101
10799,5102
24013,5103
20746,5104
5414,5105
10850,5106
16232,5107
2368,5108
23153,5109
16896,5110
22904,5111
1650,5112
18710,5113
1935,5114
10031,5115
17771,5116
7655,5117
21114,5118
4878,5119
12494,5120
23680,5121
22821,5122
20285,5123
14867,5124
20365,5125
5610,5126
6927,5127
15560,5128
10376,5129
16639,5130
11490,5131
16180,5132
18970,5133
18170,5134
12422,5135
12774,5136
17313,5137
20076,5138
15890,5139
16640,5140
16308,5141
17377,5142
16313,5143
11122,5144
21354,5145
19295,5146
10438,5147
12710,5148
23932,5149
4907,5150
11089,5151
3492,5152
10403,5153
4199,5154
11694,5155
12486,5156
15148,5157
20586,5158
5699,5159
3575,5160
12775,5161
13212,5162
14801,5163
3548,5164
4257,5165
17695,5166
7450,5167
8258,5168
16563,5169
3262,5170
8437,5171
18598,5172
12759,5173
21852,5174
22585,5175
14340,5176
15105,5177
17351,5178
9077,5179
9758,5180
5663,5181
23784,5182
4068,5183
510,5184
17360,5185
21569,5186
22247,5187
17350,5188
18394,5189
1051,5190
16224,5191
23289,5192
23762,5193
24136,5194
1881,5195
18244,5196
7671,5197
3776,5198
5189,5199
6118,5200
6821,5201
11705,5202
20965,5203
19840,5204
14335,5205
12371,5206
1595,5207
6972,5208
22822,5209
23679,5210
14872,5211
4170,5212
21084,5213
21113,5214
17969,5215
17132,5216
11061,5217
8354,5218
14072,5219
6889,5220
6303,5221
13279,5222
332,5223
6989,5224
6799,5225
24147,5226
9009,5227
14861,5228
13923,5229
1642,5230
16656,5231
15621,5232
15855,5233
19773,5234
15905,5235
18479,5236
16181,5237
13076,5238
8132,5239
18968,5240
16638,5241
20576,5242
17408,5243
18168,5244
17390,5245
21406,5246
11608,5247
14784,5248
23560,5249
14798,5250
15874,5251
11983,5252
13562,5253
14796,5254
11963,5255
16605,5256
11965,5257
14289,5258
16314,5259
7574,5260
6204,5261
11919,5262
13085,5263
22587,5264
21733,5265
14290,5266
14291,5267
15098,5268
13214,5269
13500,5270
3969,5271
11918,5272
12709,5273
20519,5274
12168,5275
4607,5276
22421,5277
20093,5278
13545,5279
16609,5280
13499,5281
446,5282
13501,5283
14333,5284
15859,5285
5382,5286
20638,5287
15813,5288
16599,5289
15092,5290
12708,5291
13033,5292
18111,5293
13758,5294
19195,5295
11917,5296
15981,5297
14548,5298
1766,5299
19718,5300
5309,5301
12124,5302
12963,5303
21777,5304
3901,5305
16985,5306
5890,5307
16899,5308
11008,5309
20412,5310
4779,5311
12107,5312
10934,5313
3075,5314
19149,5315
15271,5316
16386,5317
17770,5318
15480,5319
5423,5320
4511,5321
10716,5322
23530,5323
6286,5324
15632,5325
23108,5326
5217,5327
13289,5328
21937,5329
3463,5330
21966,5331
18767,5332
9692,5333
15631,5334
16380,5335
11119,5336
9653,5337
2007,5338
1410,5339
13077,5340
14665,5341
16182,5342
689,5343
18169,5344
13570,5345
5697,5346
18969,5347
14360,5348
17375,5349
7727,5350
17063,5351
16624,5352
8968,5353
17067,5354
17311,5355
8970,5356
14802,5357
16561,5358
16562,5359
17312,5360
16560,5361
405,5362
4680,5363
12423,5364
15810,5365
1126,5366
17310,5367
11916,5368
3547,5369
12153,5370
6704,5371
12106,5372
15811,5373
15055,5374
10249,5375
15054,5376
23069,5377
15812,5378
3804,5379
14534,5380
23931,5381
9482,5382
16131,5383
13744,5384
5918,5385
355,5386
21197,5387
10433,5388
17126,5389
5609,5390
6270,5391
4906,5392
6956,5393
7639,5394
12796,5395
13584,5396
14659,5397
14374,5398
12406,5399
19404,5400
23562,5401
11126,5402
9767,5403
12753,5404
20084,5405
21734,5406
8398,5407
6356,5408
16598,5409
15301,5410
10140,5411
14497,5412
17731,5413
7717,5414
12292,5415
9766,5416
1161,5417
9086,5418
17349,5419
16059,5420
10824,5421
18345,5422
444,5423
6357,5424
19333,5425
22280,5426
17356,5427
7289,5428
10442,5429
21390,5430
17564,5431
9456,5432
7485,5433
2353,5434
21694,5435
13706,5436
18114,5437
20522,5438
18913,5439
23071,5440
20313,5441
11129,5442
15863,5443
441,5444
13007,5445
23933,5446
2658,5447
613,5448
6582,5449
16601,5450
1719,5451
20520,5452
14082,5453
21967,5454
5581,5455
21670,5456
12915,5457
14588,5458
11702,5459
10768,5460
22791,5461
12324,5462
20752,5463
7486,5464
16718,5465
4020,5466
8034,5467
5919,5468
5218,5469
14494,5470
6990,5471
17364,5472
7490,5473
942,5474
14618,5475
4512,5476
14950,5477
4908,5478
8257,5479
12485,5480
6304,5481
13278,5482
8355,5483
14071,5484
14860,5485
12005,5486
17409,5487
14658,5488
16657,5489
1969,5490
21848,5491
3383,5492
11969,5493
12758,5494
6360,5495
13876,5496
17686,5497
14339,5498
13549,5499
15094,5500
10751,5501
1000,5502
22437,5503
11541,5504
11967,5505
23441,5506
10445,5507
22630,5508
16613,5509
9769,5510
18225,5511
15851,5512
22526,5513
281,5514
12925,5515
21772,5516
2620,5517
19025,5518
12245,5519
17471,5520
21816,5521
13290,5522
19487,5523
14130,5524
8295,5525
6242,5526
5698,5527
11489,5528
15426,5529
17679,5530
9783,5531
4995,5532
7063,5533
4284,5534
6379,5535
16626,5536
17061,5537
11135,5538
17815,5539
17066,5540
18113,5541
8969,5542
4963,5543
18914,5544
18915,5545
18494,5546
5381,5547
7740,5548
6887,5549
22210,5550
9096,5551
9652,5552
21355,5553
4679,5554
23934,5555
5665,5556
19719,5557
12214,5558
5983,5559
18811,5560
7557,5561
1229,5562
21215,5563
5479,5564
2670,5565
19873,5566
3048,5567
4452,5568
4450,5569
9357,5570
9965,5571
9281,5572
1527,5573
3683,5574
6621,5575
3796,5576
20625,5577
1656,5578
23145,5579
22292,5580
5202,5581
3799,5582
7989,5583
12053,5584
8669,5585
12844,5586
12841,5587
16730,5588
6618,5589
23141,5590
7297,5591
15209,5592
8663,5593
7299,5594
5897,5595
18222,5596
5210,5597
22294,5598
13636,5599
11430,5600
4505,5601
15963,5602
16734,5603
18234,5604
4493,5605
7307,5606
13643,5607
13639,5608
3775,5609
4507,5610
15216,5611
19031,5612
10063,5613
1647,5614
3093,5615
12050,5616
22295,5617
20631,5618
3793,5619
9375,5620
17485,5621
13635,5622
6622,5623
938,5624
6612,5625
23144,5626
14430,5627
15968,5628
21439,5629
6614,5630
3800,5631
19827,5632
24001,5633
931,5634
7306,5635
22290,5636
6609,5637
17487,5638
5911,5639
8673,5640
24003,5641
7987,5642
20617,5643
19830,5644
5199,5645
19035,5646
19032,5647
5903,5648
16717,5649
4506,5650
3798,5651
5910,5652
5194,5653
4482,5654
2373,5655
5912,5656
21438,5657
20628,5658
5188,5659
937,5660
21442,5661
19833,5662
24004,5663
16732,5664
14432,5665
8671,5666
17481,5667
7294,5668
5895,5669
18236,5670
4500,5671
12049,5672
11432,5673
1649,5674
7991,5675
24002,5676
5209,5677
17470,5678
17486,5679
5906,5680
14426,5681
5914,5682
5212,5683
3797,5684
18232,5685
17479,5686
9374,5687
3095,5688
6619,5689
8666,5690
3088,5691
16723,5692
21437,5693
10059,5694
3008,5695
7551,5696
9999,5697
10997,5698
5116,5699
1565,5700
6865,5701
10310,5702
14963,5703
9335,5704
10705,5705
6572,5706
8622,5707
11210,5708
2175,5709
9854,5710
9848,5711
15379,5712
11449,5713
3228,5714
16891,5715
13043,5716
6726,5717
7415,5718
12243,5719
14620,5720
9484,5721
15381,5722
7417,5723
2527,5724
8803,5725
16143,5726
6725,5727
16138,5728
19244,5729
21693,5730
14626,5731
16889,5732
14622,5733
13036,5734
13038,5735
16136,5736
5345,5737
13830,5738
8097,5739
16135,5740
6042,5741
6727,5742
5344,5743
11452,5744
7414,5745
8098,5746
19245,5747
16897,5748
3938,5749
11450,5750
9485,5751
11582,5752
17023,5753
22678,5754
15203,5755
15787,5756
12680,5757
15030,5758
10891,5759
14264,5760
13473,5761
22188,5762
16085,5763
2465,5764
18362,5765
18529,5766
23053,5767
10037,5768
11888,5769
12131,5770
14098,5771
8746,5772
23915,5773
13779,5774
17711,5775
19700,5776
22924,5777
6925,5778
21332,5779
20129,5780
9316,5781
11529,5782
12930,5783
893,5784
14568,5785
10319,5786
1234,5787
6870,5788
20410,5789
15329,5790
13456,5791
1938,5792
16712,5793
2619,5794
3883,5795
10321,5796
526,5797
3174,5798
19694,5799
12135,5800
13908,5801
14700,5802
19957,5803
2790,5804
20128,5805
2333,5806
1613,5807
464,5808
18099,5809
12255,5810
23055,5811
11419,5812
6300,5813
13581,5814
1561,5815
4242,5816
513,5817
21208,5818
843,5819
11005,5820
1231,5821
1245,5822
14160,5823
15328,5824
17800,5825
18599,5826
22804,5827
3362,5828
3534,5829
4947,5830
531,5831
5499,5832
23665,5833
5650,5834
6328,5835
4798,5836
4088,5837
23662,5838
622,5839
12511,5840
7647,5841
13305,5842
8233,5843
634,5844
4176,5845
17192,5846
10377,5847
7451,5848
14371,5849
12001,5850
8330,5851
20317,5852
9047,5853
15052,5854
9428,5855
15462,5856
15960,5857
20756,5858
1185,5859
22179,5860
9622,5861
2827,5862
20192,5863
17793,5864
22807,5865
2058,5866
4904,5867
8327,5868
6986,5869
7644,5870
8351,5871
12487,5872
19731,5873
4159,5874
9693,5875
20532,5876
14344,5877
1124,5878
9729,5879
22583,5880
18925,5881
11037,5882
3391,5883
17309,5884
19284,5885
9667,5886
8403,5887
16187,5888
20503,5889
4684,5890
15109,5891
8402,5892
14345,5893
17696,5894
22194,5895
18899,5896
675,5897
7721,5898
13555,5899
16559,5900
1842,5901
8984,5902
18123,5903
3550,5904
10361,5905
1983,5906
8993,5907
23917,5908
21336,5909
541,5910
2699,5911
21324,5912
15020,5913
14248,5914
5386,5915
15028,5916
13472,5917
9523,5918
4688,5919
3270,5920
22192,5921
7578,5922
17285,5923
2565,5924
15785,5925
19702,5926
22187,5927
22514,5928
306,5929
19953,5930
2564,5931
23040,5932
22178,5933
13471,5934
11533,5935
18100,5936
23902,5937
21323,5938
880,5939
15777,5940
20504,5941
20490,5942
21331,5943
19691,5944
18890,5945
20499,5946
23374,5947
12985,5948
18887,5949
24238,5950
1025,5951
12191,5952
23307,5953
10798,5954
13912,5955
10114,5956
12321,5957
9657,5958
17463,5959
15286,5960
11408,5961
21696,5962
12428,5963
19315,5964
10723,5965
21700,5966
12373,5967
18573,5968
22679,5969
12660,5970
12662,5971
20500,5972
12918,5973
11882,5974
18087,5975
3292,5976
18211,5977
10044,5978
12949,5979
17565,5980
4260,5981
16535,5982
16885,5983
11039,5984
2700,5985
10823,5986
23047,5987
1073,5988
18353,5989
1261,5990
11718,5991
14259,5992
22191,5993
19703,5994
13713,5995
20123,5996
8010,5997
14704,5998
19154,5999
20118,6000
15027,6001
2284,6002
13464,6003
3974,6004
23914,6005
17282,6006
11878,6007
15302,6008
1788,6009
12127,6010
13922,6011
23052,6012
10269,6013
3214,6014
5433,6015
408,6016
13982,6017
7544,6018
7917,6019
14535,6020
23487,6021
22176,6022
12323,6023
13723,6024
19701,6025
12572,6026
4894,6027
10322,6028
18380,6029
5480,6030
6019,6031
5156,6032
18807,6033
465,6034
18008,6035
11780,6036
16710,6037
14247,6038
10730,6039
23296,6040
7277,6041
18896,6042
11885,6043
23552,6044
1251,6045
12328,6046
12671,6047
20897,6048
17461,6049
16060,6050
12678,6051
12260,6052
2511,6053
15958,6054
1869,6055
23300,6056
19613,6057
3363,6058
6593,6059
4732,6060
4069,6061
21697,6062
5649,6063
5857,6064
4196,6065
12792,6066
8293,6067
18809,6068
527,6069
5492,6070
22915,6071
8598,6072
17795,6073
1966,6074
20298,6075
2066,6076
8945,6077
4187,6078
4884,6079
15683,6080
14043,6081
16176,6082
12000,6083
17404,6084
9011,6085
12760,6086
11498,6087
10446,6088
11130,6089
14671,6090
17366,6091
16615,6092
18484,6093
15107,6094
15864,6095
1973,6096
13468,6097
19730,6098
21364,6099
23080,6100
3387,6101
16532,6102
4805,6103
18096,6104
542,6105
12675,6106
3267,6107
8272,6108
16533,6109
5387,6110
17283,6111
11883,6112
14255,6113
12154,6114
8987,6115
22190,6116
8138,6117
21334,6118
23913,6119
18095,6120
8691,6121
6703,6122
9360,6123
9640,6124
7560,6125
9641,6126
23779,6127
8958,6128
21843,6129
22695,6130
22061,6131
2787,6132
22706,6133
621,6134
21854,6135
5606,6136
19500,6137
7645,6138
18688,6139
16400,6140
3489,6141
2040,6142
8328,6143
12510,6144
7667,6145
2761,6146
6276,6147
6962,6148
14097,6149
5669,6150
3551,6151
7648,6152
8331,6153
5380,6154
17308,6155
16558,6156
19296,6157
15051,6158
548,6159
5513,6160
9677,6161
13455,6162
16526,6163
19693,6164
1846,6165
411,6166
18090,6167
20492,6168
18886,6169
16813,6170
354,6171
24158,6172
13128,6173
18889,6174
1132,6175
11536,6176
11869,6177
21321,6178
11415,6179
16525,6180
15396,6181
13962,6182
18575,6183
23536,6184
13167,6185
17773,6186
22670,6187
24168,6188
22442,6189
20498,6190
15776,6191
23039,6192
11879,6193
12923,6194
14549,6195
3315,6196
4708,6197
13759,6198
6339,6199
5308,6200
7280,6201
23353,6202
1898,6203
18097,6204
3191,6205
24163,6206
16219,6207
22447,6208
10362,6209
3396,6210
11407,6211
4105,6212
11886,6213
879,6214
22619,6215
23038,6216
23901,6217
16527,6218
1599,6219
4021,6220
23900,6221
3977,6222
21322,6223
22177,6224
13454,6225
12964,6226
1050,6227
23301,6228
5390,6229
2568,6230
23410,6231
16972,6232
12663,6233
15019,6234
2319,6235
890,6236
11870,6237
17277,6238
18012,6239
7609,6240
12661,6241
14246,6242
3364,6243
6187,6244
18010,6245
19196,6246
12169,6247
4080,6248
331,6249
4606,6250
12128,6251
18521,6252
23306,6253
23476,6254
1610,6255
1186,6256
5858,6257
13842,6258
5157,6259
14887,6260
5818,6261
13981,6262
1562,6263
17036,6264
17220,6265
10311,6266
15315,6267
14161,6268
19390,6269
21207,6270
23670,6271
512,6272
13369,6273
5481,6274
2826,6275
17049,6276
5500,6277
5597,6278
5587,6279
14923,6280
6872,6281
15713,6282
9066,6283
15144,6284
14660,6285
15902,6286
16296,6287
19785,6288
21098,6289
6551,6290
532,6291
21951,6292
1342,6293
19519,6294
10413,6295
15647,6296
11099,6297
17152,6298
1323,6299
13497,6300
603,6301
14287,6302
20094,6303
9010,6304
2729,6305
7045,6306
15433,6307
15865,6308
15108,6309
18618,6310
11884,6311
18924,6312
19285,6313
16614,6314
17365,6315
1978,6316
17284,6317
1129,6318
16534,6319
15784,6320
20531,6321
10354,6322
13469,6323
23440,6324
15866,6325
16616,6326
16571,6327
5506,6328
12676,6329
4685,6330
14260,6331
21335,6332
19699,6333
22493,6334
3900,6335
8271,6336
15029,6337
8974,6338
15786,6339
3973,6340
17286,6341
16536,6342
14256,6343
9448,6344
16043,6345
20114,6346
4730,6347
22193,6348
6596,6349
9585,6350
9637,6351
16469,6352
3382,6353
20193,6354
21101,6355
9638,6356
1948,6357
14954,6358
17794,6359
23551,6360
21954,6361
1341,6362
7668,6363
10410,6364
9748,6365
11096,6366
11117,6367
9045,6368
6344,6369
9727,6370
7028,6371
4678,6372
4966,6373
11038,6374
1260,6375
14262,6376
20501,6377
1843,6378
18897,6379
12677,6380
13465,6381
18395,6382
2488,6383
11534,6384
3266,6385
14261,6386
13470,6387
12672,6388
24217,6389
1765,6390
11530,6391
5160,6392
5861,6393
14635,6394
7587,6395
19704,6396
407,6397
21337,6398
23916,6399
10767,6400
11890,6401
12682,6402
13457,6403
14249,6404
14257,6405
15031,6406
15025,6407
18363,6408
19164,6409
18510,6410
10038,6411
20494,6412
20493,6413
21338,6414
11880,6415
20818,6416
21671,6417
21757,6418
11420,6419
22527,6420
1718,6421
11521,6422
10050,6423
15289,6424
23037,6425
23054,6426
23899,6427
280,6428
19314,6429
24173,6430
1897,6431
23918,6432
3058,6433
3858,6434
10083,6435
18512,6436
10735,6437
23311,6438
2618,6439
21325,6440
4018,6441
23920,6442
4567,6443
4729,6444
11872,6445
7350,6446
22452,6447
17713,6448
9354,6449
19252,6450
7956,6451
2829,6452
2666,6453
511,6454
6240,6455
19611,6456
5490,6457
7556,6458
9401,6459
12136,6460
18515,6461
1614,6462
16905,6463
4019,6464
12664,6465
9364,6466
17153,6467
2285,6468
11368,6469
10317,6470
11602,6471
1227,6472
15346,6473
1388,6474
18009,6475
2105,6476
2669,6477
22916,6478
3481,6479
4062,6480
4087,6481
4778,6482
22920,6483
21842,6484
4789,6485
22062,6486
22700,6487
508,6488
5598,6489
21086,6490
16440,6491
667,6492
8238,6493
23780,6494
5498,6495
999,6496
22609,6497
23315,6498
5430,6499
14265,6500
9366,6501
19250,6502
10736,6503
3490,6504
13582,6505
10683,6506
1250,6507
13071,6508
15903,6509
15145,6510
17900,6511
19394,6512
23557,6513
3381,6514
18698,6515
2779,6516
3478,6517
4185,6518
23652,6519
15648,6520
14864,6521
16401,6522
17128,6523
11719,6524
16376,6525
12707,6526
18680,6527
13498,6528
18495,6529
14288,6530
547,6531
11871,6532
18498,6533
6243,6534
11062,6535
15867,6536
15432,6537
16186,6538
11975,6539
12766,6540
18483,6541
15110,6542
6343,6543
10351,6544
23919,6545
6908,6546
22180,6547
1845,6548
7577,6549
23057,6550
6082,6551
21339,6552
16537,6553
12673,6554
20017,6555
6667,6556
7722,6557
1396,6558
10352,6559
12679,6560
1128,6561
11887,6562
14263,6563
23911,6564
18418,6565
8033,6566
14516,6567
10341,6568
12320,6569
9749,6570
9771,6571
8278,6572
11409,6573
11095,6574
9091,6575
12665,6576
10431,6577
2567,6578
10409,6579
23903,6580
5607,6581
23041,6582
6275,6583
6961,6584
18888,6585
12719,6586
13510,6587
23387,6588
4259,6589
4099,6590
2560,6591
13220,6592
19705,6593
11928,6594
18900,6595
11036,6596
1258,6597
9666,6598
21749,6599
11889,6600
21340,6601
13474,6602
20505,6603
10205,6604
7456,6605
6767,6606
23056,6607
17287,6608
22195,6609
13466,6610
24251,6611
8920,6612
16387,6613
4169,6614
7151,6615
10184,6616
6467,6617
8510,6618
8468,6619
21627,6620
2500,6621
3729,6622
20148,6623
12498,6624
1460,6625
10182,6626
739,6627
2909,6628
12025,6629
15340,6630
4584,6631
6151,6632
7264,6633
20314,6634
22654,6635
17913,6636
5580,6637
19516,6638
3462,6639
4339,6640
3248,6641
3629,6642
5754,6643
6429,6644
19205,6645
10125,6646
5451,6647
11706,6648
10027,6649
20949,6650
11398,6651
14874,6652
21804,6653
17139,6654
2049,6655
12828,6656
10186,6657
13620,6658
14409,6659
11188,6660
19176,6661
9466,6662
8924,6663
11494,6664
4982,6665
1401,6666
12772,6667
17589,6668
9425,6669
2799,6670
8247,6671
2664,6672
21103,6673
21956,6674
2778,6675
5685,6676
7053,6677
22579,6678
4981,6679
5684,6680
11980,6681
18397,6682
10818,6683
18739,6684
4076,6685
8947,6686
22809,6687
23667,6688
620,6689
7730,6690
12287,6691
4272,6692
3563,6693
12773,6694
15349,6695
278,6696
1956,6697
3509,6698
19505,6699
9629,6700
20303,6701
2057,6702
988,6703
19243,6704
18738,6705
5487,6706
10313,6707
631,6708
1351,6709
1340,6710
5683,6711
19281,6712
4980,6713
4270,6714
13559,6715
5913,6716
7990,6717
12845,6718
18231,6719
19817,6720
4504,6721
14434,6722
15975,6723
21441,6724
23143,6725
4503,6726
1654,6727
22291,6728
7979,6729
929,6730
15976,6731
7985,6732
18228,6733
4496,6734
5196,6735
5211,6736
13640,6737
7303,6738
15204,6739
19034,6740
7984,6741
12047,6742
7992,6743
8675,6744
7304,6745
17483,6746
19029,6747
3786,6748
5213,6749
24005,6750
10748,6751
19021,6752
14428,6753
14427,6754
5900,6755
4349,6756
3640,6757
3642,6758
1029,6759
19370,6760
23531,6761
2657,6762
2917,6763
5059,6764
2922,6765
3926,6766
19371,6767
20169,6768
20974,6769
1469,6770
10571,6771
5762,6772
11250,6773
3643,6774
3641,6775
8768,6776
19374,6777
21818,6778
23526,6779
7353,6780
15517,6781
20964,6782
22669,6783
16155,6784
19551,6785
15399,6786
3519,6787
14639,6788
4224,6789
19254,6790
19549,6791
9493,6792
4664,6793
1106,6794
9494,6795
4936,6796
22863,6797
662,6798
21157,6799
22859,6800
5639,6801
23722,6802
23718,6803
23720,6804
19560,6805
4229,6806
22012,6807
4228,6808
17958,6809
21154,6810
658,6811
1379,6812
2096,6813
21160,6814
3520,6815
18757,6816
22009,6817
22865,6818
20356,6819
3522,6820
2814,6821
2816,6822
1377,6823
4935,6824
5637,6825
660,6826
17960,6827
3524,6828
4230,6829
19557,6830
22008,6831
18758,6832
2094,6833
20357,6834
1381,6835
749,6836
720,6837
18404,6838
1033,6839
16010,6840
20145,6841
5060,6842
10863,6843
5764,6844
9208,6845
2891,6846
19206,6847
314,6848
21511,6849
18546,6850
10568,6851
3246,6852
11251,6853
2201,6854
1476,6855
1442,6856
16833,6857
1749,6858
20692,6859
20946,6860
4352,6861
2542,6862
13688,6863
11255,6864
7163,6865
6481,6866
5313,6867
12878,6868
22650,6869
2194,6870
389,6871
1470,6872
750,6873
3615,6874
19194,6875
19890,6876
21797,6877
1468,6878
3956,6879
748,6880
7840,6881
4325,6882
18393,6883
4611,6884
18435,6885
15252,6886
13147,6887
755,6888
10861,6889
1475,6890
10572,6891
9832,6892
20787,6893
23264,6894
752,6895
2198,6896
8523,6897
7162,6898
8813,6899
6478,6900
8524,6901
3613,6902
1706,6903
3929,6904
19093,6905
13146,6906
388,6907
9211,6908
8526,6909
9830,6910
3151,6911
2517,6912
19094,6913
21799,6914
9892,6915
7786,6916
2429,6917
3220,6918
24076,6919
23509,6920
3637,6921
2545,6922
4347,6923
2193,6924
18193,6925
16099,6926
3167,6927
19893,6928
11558,6929
10567,6930
2544,6931
9888,6932
9207,6933
2448,6934
23220,6935
11559,6936
5768,6937
5365,6938
5064,6939
1477,6940
18993,6941
13795,6942
3876,6943
18295,6944
12349,6945
4351,6946
8812,6947
9890,6948
9209,6949
17433,6950
15343,6951
20731,6952
7841,6953
10570,6954
10573,6955
16021,6956
751,6957
6482,6958
756,6959
18203,6960
5123,6961
4416,6962
17453,6963
709,6964
3605,6965
7103,6966
1430,6967
1300,6968
580,6969
2735,6970
4139,6971
2023,6972
4847,6973
2737,6974
4141,6975
8309,6976
2736,6977
9026,6978
4843,6979
6943,6980
4850,6981
1305,6982
6256,6983
3430,6984
8308,6985
10391,6986
585,6987
2021,6988
16348,6989
4842,6990
16349,6991
2020,6992
18650,6993
1301,6994
21052,6995
4140,6996
11079,6997
4136,6998
3427,6999
4845,7000
8310,7001
4142,7002
17853,7003
2738,7004
583,7005
10392,7006
9024,7007
18503,7008
3994,7009
4705,7010
3125,7011
2168,7012
24234,7013
315,7014
24100,7015
13143,7016
9212,7017
5366,7018
9893,7019
7844,7020
10179,7021
8525,7022
3639,7023
9154,7024
22510,7025
10122,7026
21527,7027
19347,7028
7842,7029
5767,7030
9835,7031
23370,7032
1034,7033
18311,7034
16245,7035
7165,7036
1820,7037
5063,7038
435,7039
3995,7040
19305,7041
23189,7042
19110,7043
20943,7044
2919,7045
10178,7046
2196,7047
4350,7048
2889,7049
3150,7050
8079,7051
20942,7052
1474,7053
1107,7054
754,7055
11254,7056
2166,7057
987,7058
7396,7059
2411,7060
7161,7061
5058,7062
1440,7063
19974,7064
8779,7065
14473,7066
22652,7067
6477,7068
3247,7069
20103,7070
17705,7071
18504,7072
5406,7073
17704,7074
21750,7075
1686,7076
5314,7077
24094,7078
22651,7079
4348,7080
9495,7081
3638,7082
5763,7083
7110,7084
16069,7085
18545,7086
11253,7087
1821,7088
753,7089
1473,7090
5740,7091
20786,7092
3906,7093
20707,7094
2199,7095
5036,7096
19987,7097
3197,7098
20705,7099
23504,7100
7164,7101
10177,7102
6480,7103
21486,7104
15172,7105
16850,7106
8728,7107
22383,7108
13938,7109
1471,7110
1822,7111
5062,7112
5766,7113
15491,7114
8529,7115
4663,7116
7846,7117
4353,7118
15929,7119
16098,7120
7355,7121
18313,7122
8038,7123
24102,7124
18544,7125
2923,7126
8811,7127
2200,7128
9894,7129
16682,7130
15342,7131
4437,7132
6580,7133
9343,7134
9342,7135
11256,7136
2921,7137
8528,7138
2920,7139
21158,7140
23721,7141
1382,7142
22010,7143
22007,7144
23719,7145
22864,7146
21155,7147
22862,7148
20358,7149
3521,7150
21159,7151
19558,7152
23717,7153
2092,7154
1378,7155
659,7156
2817,7157
22013,7158
20355,7159
22860,7160
21156,7161
23723,7162
17959,7163
22861,7164
2093,7165
2095,7166
657,7167
5638,7168
4934,7169
1380,7170
2097,7171
4231,7172
3523,7173
18756,7174
4227,7175
22011,7176
2815,7177
19559,7178
661,7179
19838,7180
19042,7181
20636,7182
2404,7183
20898,7184
17702,7185
19302,7186
1658,7187
940,7188
3096,7189
22338,7190
4703,7191
5405,7192
3993,7193
18241,7194
7993,7195
7308,7196
19841,7197
19045,7198
20639,7199
968,7200
20100,7201
3286,7202
1868,7203
22339,7204
4702,7205
5404,7206
18501,7207
11365,7208
842,7209
841,7210
6550,7211
2879,7212
17427,7213
7778,7214
15165,7215
2018,7216
6254,7217
4844,7218
5545,7219
3426,7220
4134,7221
2019,7222
2740,7223
2744,7224
586,7225
3431,7226
5548,7227
1298,7228
579,7229
4849,7230
5550,7231
4138,7232
7625,7233
2015,7234
4135,7235
7627,7236
8311,7237
3428,7238
5544,7239
17102,7240
6257,7241
17854,7242
18652,7243
4851,7244
5552,7245
4848,7246
5549,7247
4846,7248
5547,7249
3429,7250
4137,7251
1297,7252
578,7253
2022,7254
2743,7255
2742,7256
3433,7257
17101,7258
17852,7259
11077,7260
9023,7261
1303,7262
584,7263
1302,7264
15595,7265
19454,7266
20251,7267
2739,7268
582,7269
21904,7270
22757,7271
2741,7272
3432,7273
10393,7274
9709,7275
6940,7276
7624,7277
11078,7278
5543,7279
5546,7280
581,7281
6255,7282
6941,7283
3434,7284
5551,7285
1304,7286
18651,7287
1299,7288
2017,7289
6942,7290
7626,7291
9025,7292
9708,7293
2016,7294
9707,7295
10851,7296
4525,7297
16740,7298
24011,7299
21449,7300
12241,7301
22324,7302
3802,7303
4509,7304
7994,7305
10168,7306
11446,7307
3818,7308
1659,7309
16738,7310
15980,7311
22325,7312
14438,7313
13647,7314
22304,7315
707,7316
1429,7317
5720,7318
20782,7319
343,7320
21532,7321
4043,7322
11595,7323
13291,7324
12496,7325
1333,7326
11180,7327
1120,7328
21416,7329
4669,7330
22270,7331
15922,7332
23127,7333
16096,7334
5287,7335
2413,7336
7526,7337
11594,7338
17911,7339
16385,7340
2771,7341
23988,7342
23364,7343
6689,7344
12093,7345
485,7346
17782,7347
17137,7348
11704,7349
2050,7350
20591,7351
17671,7352
19791,7353
22269,7354
3602,7355
2556,7356
4312,7357
5023,7358
5015,7359
19973,7360
1083,7361
18312,7362
4046,7363
11596,7364
21968,7365
22823,7366
16379,7367
19756,7368
16838,7369
7363,7370
7003,7371
7563,7372
17044,7373
17899,7374
18697,7375
17889,7376
10449,7377
11497,7378
9773,7379
9093,7380
8404,7381
15431,7382
7723,7383
7046,7384
14328,7385
19198,7386
329,7387
4785,7388
642,7389
19502,7390
8967,7391
20300,7392
18687,7393
11133,7394
13539,7395
14589,7396
2439,7397
2802,7398
520,7399
8253,7400
22806,7401
23664,7402
22793,7403
12769,7404
13875,7405
11978,7406
6884,7407
4186,7408
19491,7409
11977,7410
16939,7411
12768,7412
13558,7413
11955,7414
3152,7415
3921,7416
521,7417
3479,7418
21134,7419
4940,7420
5643,7421
11754,7422
12546,7423
14930,7424
15690,7425
14134,7426
14928,7427
16443,7428
15686,7429
13341,7430
12544,7431
20370,7432
19572,7433
20367,7434
14925,7435
7008,7436
6322,7437
17972,7438
18771,7439
16442,7440
15685,7441
9755,7442
9073,7443
16446,7444
17198,7445
15687,7446
13340,7447
11749,7448
17195,7449
13343,7450
14135,7451
16445,7452
15688,7453
21169,7454
23732,7455
11753,7456
23734,7457
17197,7458
14927,7459
23731,7460
21168,7461
12542,7462
16444,7463
17199,7464
16447,7465
18769,7466
19570,7467
14132,7468
11750,7469
15689,7470
14929,7471
22020,7472
22873,7473
22022,7474
22875,7475
11752,7476
23733,7477
22021,7478
13339,7479
7690,7480
8373,7481
12545,7482
13342,7483
21167,7484
14131,7485
3527,7486
4235,7487
18768,7488
19569,7489
20368,7490
21170,7491
12541,7492
13338,7493
14926,7494
17196,7495
12543,7496
22874,7497
14133,7498
11751,7499
18242,7500
13826,7501
5215,7502
16134,7503
19041,7504
15223,7505
8800,7506
8799,7507
1371,7508
23713,7509
22853,7510
21999,7511
5731,7512
4315,7513
6419,7514
5026,7515
14823,7516
16334,7517
11654,7518
16339,7519
14828,7520
13243,7521
6918,7522
17094,7523
14824,7524
21903,7525
6234,7526
16337,7527
12449,7528
17093,7529
2005,7530
17089,7531
17092,7532
14826,7533
12450,7534
16340,7535
15586,7536
11050,7537
14032,7538
16338,7539
13245,7540
11655,7541
19452,7542
12451,7543
14035,7544
14037,7545
15583,7546
11656,7547
17848,7548
15582,7549
15587,7550
17091,7551
5536,7552
20249,7553
13244,7554
14036,7555
17491,7556
23151,7557
5916,7558
8678,7559
23149,7560
15982,7561
2377,7562
12058,7563
18459,7564
1090,7565
20057,7566
20860,7567
8127,7568
6755,7569
9514,7570
6070,7571
13240,7572
15585,7573
14827,7574
16336,7575
17090,7576
16341,7577
11657,7578
18648,7579
10715,7580
19044,7581
2314,7582
6623,7583
19808,7584
8633,7585
3098,7586
19842,7587
10660,7588
10662,7589
7904,7590
2260,7591
5013,7592
5716,7593
9137,7594
1417,7595
12448,7596
11658,7597
12453,7598
8286,7599
13242,7600
6919,7601
9682,7602
4835,7603
11400,7604
2316,7605
3037,7606
875,7607
19009,7608
7950,7609
7951,7610
2317,7611
5823,7612
1572,7613
2291,7614
6558,7615
1431,7616
5730,7617
7781,7618
708,7619
18731,7620
15667,7621
16424,7622
19535,7623
20333,7624
23689,7625
14907,7626
17176,7627
867,7628
3039,7629
3030,7630
11401,7631
5139,7632
6567,7633
8634,7634
10032,7635
5101,7636
813,7637
5804,7638
5803,7639
7083,7640
9798,7641
9123,7642
13587,7643
17111,7644
15605,7645
14845,7646
16359,7647
21653,7648
11383,7649
15311,7650
4432,7651
20773,7652
19219,7653
2307,7654
7251,7655
22690,7656
11701,7657
10991,7658
23678,7659
20286,7660
9807,7661
5374,7662
9127,7663
11165,7664
7753,7665
19983,7666
1062,7667
9976,7668
292,7669
7224,7670
10990,7671
15523,7672
14081,7673
14871,7674
18684,7675
7089,7676
2558,7677
6406,7678
11167,7679
7755,7680
20012,7681
24228,7682
6005,7683
13187,7684
3689,7685
12493,7686
23545,7687
13288,7688
17886,7689
9128,7690
3964,7691
9808,7692
10483,7693
6394,7694
17673,7695
9126,7696
9806,7697
9112,7698
20772,7699
1797,7700
2983,7701
9623,7702
20183,7703
21965,7704
22820,7705
19488,7706
11164,7707
12987,7708
8046,7709
18595,7710
4925,7711
5596,7712
18590,7713
4893,7714
20290,7715
23968,7716
11502,7717
23106,7718
11125,7719
19726,7720
6354,7721
7038,7722
22212,7723
23355,7724
1048,7725
19397,7726
2800,7727
22803,7728
1965,7729
23661,7730
19492,7731
8396,7732
13087,7733
15090,7734
14325,7735
19728,7736
13801,7737
1716,7738
22840,7739
4800,7740
4085,7741
18695,7742
17897,7743
17890,7744
15847,7745
22589,7746
5679,7747
3560,7748
10439,7749
2430,7750
3212,7751
20194,7752
4214,7753
21097,7754
5497,7755
21950,7756
21942,7757
4976,7758
13880,7759
5694,7760
7059,7761
1408,7762
2856,7763
1035,7764
22509,7765
19238,7766
18376,7767
8781,7768
8730,7769
16068,7770
18417,7771
2089,7772
2529,7773
19555,7774
20866,7775
1091,7776
20351,7777
3231,7778
4223,7779
13857,7780
6756,7781
12271,7782
9516,7783
13063,7784
8828,7785
13856,7786
8829,7787
4594,7788
2474,7789
3199,7790
7397,7791
10831,7792
10779,7793
3198,7794
7356,7795
9962,7796
7897,7797
10644,7798
11328,7799
13583,7800
15904,7801
5006,7802
18180,7803
6434,7804
1445,7805
10515,7806
7118,7807
22385,7808
316,7809
2412,7810
9463,7811
974,7812
5245,7813
20034,7814
9412,7815
9293,7816
4397,7817
2984,7818
3688,7819
4302,7820
696,7821
2868,7822
695,7823
20788,7824
15957,7825
18155,7826
3194,7827
522,7828
20563,7829
972,7830
14731,7831
4086,7832
20190,7833
20899,7834
17791,7835
6364,7836
23112,7837
15122,7838
18956,7839
15222,7840
19763,7841
21636,7842
12288,7843
18957,7844
21728,7845
20564,7846
21397,7847
7048,7848
22491,7849
7382,7850
19898,7851
21798,7852
3903,7853
15879,7854
6793,7855
21518,7856
19761,7857
24010,7858
11517,7859
12352,7860
17372,7861
17493,7862
16628,7863
15378,7864
23437,7865
21448,7866
17606,7867
16013,7868
15347,7869
10770,7870
14693,7871
20146,7872
8722,7873
22375,7874
11514,7875
16014,7876
21796,7877
3561,7878
3805,7879
7996,7880
12351,7881
16961,7882
680,7883
3562,7884
8680,7885
7413,7886
20640,7887
17460,7888
4786,7889
2687,7890
4795,7891
13984,7892
4271,7893
2846,7894
2848,7895
21727,7896
20078,7897
23436,7898
2125,7899
2124,7900
2126,7901
2847,7902
1399,7903
6369,7904
8407,7905
7726,7906
6366,7907
16103,7908
9404,7909
24087,7910
22252,7911
11515,7912
23508,7913
14437,7914
679,7915
18156,7916
6365,7917
19209,7918
5292,7919
24086,7920
13896,7921
19348,7922
21450,7923
678,7924
10166,7925
13646,7926
16709,7927
1242,7928
5496,7929
16629,7930
20877,7931
17380,7932
3379,7933
19392,7934
1400,7935
23113,7936
18480,7937
22580,7938
7052,7939
23975,7940
6368,7941
17379,7942
8406,7943
7049,7944
18407,7945
23371,7946
4590,7947
308,7948
24085,7949
11560,7950
13897,7951
22303,7952
20947,7953
23973,7954
2678,7955
20990,7956
3380,7957
4796,7958
22251,7959
18154,7960
21395,7961
12770,7962
18381,7963
5332,7964
3132,7965
15493,7966
20562,7967
13081,7968
18955,7969
23111,7970
11495,7971
17681,7972
23460,7973
21396,7974
22250,7975
7310,7976
23974,7977
15878,7978
11979,7979
5962,7980
4630,7981
19101,7982
13940,7983
17706,7984
10450,7985
19762,7986
7995,7987
19182,7988
6021,7989
6634,7990
20105,7991
6625,7992
13034,7993
941,7994
15200,7995
24058,7996
7768,7997
19078,7998
17418,7999
24057,8000
12860,8001
15916,8002
17194,8003
5774,8004
5775,8005
3652,8006
1491,8007
3580,8008
11994,8009
15897,8010
23123,8011
9518,8012
15414,8013
8129,8014
16924,8015
20657,8016
5605,8017
19064,8018
21969,8019
21471,8020
22315,8021
13300,8022
15652,8023
9007,8024
13869,8025
4997,8026
1411,8027
4986,8028
19189,8029
4616,8030
19909,8031
2661,8032
4780,8033
23677,8034
17133,8035
4880,8036
5700,8037
11488,8038
11992,8039
12784,8040
18963,8041
20813,8042
1011,8043
10992,8044
13685,8045
16383,8046
1947,8047
17135,8048
17887,8049
17393,8050
21648,8051
8056,8052
19911,8053
9624,8054
10323,8055
22819,8056
14870,8057
2773,8058
1412,8059
14663,8060
691,8061
5702,8062
5691,8063
7739,8064
14664,8065
7061,8066
6377,8067
15882,8068
21615,8069
2520,8070
23236,8071
2662,8072
11011,8073
15628,8074
14868,8075
1336,8076
2464,8077
15541,8078
2064,8079
20339,8080
21011,8081
1349,8082
5590,8083
6341,8084
22601,8085
7025,8086
16565,8087
22209,8088
12193,8089
17315,8090
21748,8091
15058,8092
15815,8093
18912,8094
24219,8095
1763,8096
6886,8097
7004,8098
629,8099
20208,8100
23659,8101
17891,8102
8385,8103
18112,8104
13008,8105
9400,8106
16294,8107
14911,8108
3477,8109
21863,8110
2785,8111
4887,8112
11921,8113
23458,8114
14294,8115
5329,8116
14781,8117
4923,8118
22801,8119
21012,8120
21948,8121
18689,8122
13503,8123
20896,8124
14293,8125
11920,8126
21352,8127
22476,8128
4254,8129
16511,8130
14226,8131
18072,8132
13133,8133
16237,8134
8194,8135
20675,8136
14722,8137
15486,8138
6823,8139
17505,8140
11545,8141
11546,8142
18534,8143
10261,8144
8895,8145
9579,8146
17506,8147
21493,8148
22854,8149
20354,8150
23714,8151
4932,8152
12795,8153
15146,8154
5710,8155
17407,8156
18766,8157
13336,8158
11746,8159
17191,8160
8600,8161
11369,8162
11370,8163
16993,8164
21781,8165
23493,8166
24230,8167
3701,8168
9995,8169
7237,8170
14530,8171
15487,8172
21783,8173
23491,8174
7919,8175
11366,8176
2280,8177
1585,8178
864,8179
19005,8180
14541,8181
20931,8182
2623,8183
4737,8184
12339,8185
12999,8186
14723,8187
19337,8188
20064,8189
1094,8190
18466,8191
19268,8192
16175,8193
16929,8194
15421,8195
11484,8196
11810,8197
11831,8198
13459,8199
14187,8200
14209,8201
14251,8202
11868,8203
14477,8204
13139,8205
14982,8206
12962,8207
1052,8208
15009,8209
15728,8210
15736,8211
15758,8212
16019,8213
14728,8214
13414,8215
16483,8216
16510,8217
14214,8218
16770,8219
16230,8220
13418,8221
16825,8222
16827,8223
17235,8224
13762,8225
17240,8226
16484,8227
14552,8228
17261,8229
17578,8230
18868,8231
18069,8232
13421,8233
16074,8234
18880,8235
19200,8236
10131,8237
19653,8238
19923,8239
19926,8240
17741,8241
19990,8242
20104,8243
20225,8244
18863,8245
20435,8246
17577,8247
20619,8248
20723,8249
20725,8250
13140,8251
11847,8252
10213,8253
12640,8254
13433,8255
12628,8256
15318,8257
20789,8258
21152,8259
21430,8260
21637,8261
21640,8262
22143,8263
22183,8264
22278,8265
22492,8266
22496,8267
22644,8268
15739,8269
23002,8270
23009,8271
23224,8272
19308,8273
23147,8274
23227,8275
13895,8276
14715,8277
17273,8278
23253,8279
23350,8280
20834,8281
19896,8282
17708,8283
12056,8284
23357,8285
23501,8286
12637,8287
23853,8288
12171,8289
10132,8290
23859,8291
23898,8292
12167,8293
1767,8294
12088,8295
24088,8296
10951,8297
13894,8298
22169,8299
24115,8300
24122,8301
21787,8302
23815,8303
2418,8304
1889,8305
21262,8306
3140,8307
3193,8308
22373,8309
12308,8310
11423,8311
3289,8312
24007,8313
12242,8314
18239,8315
3902,8316
23225,8317
13104,8318
4221,8319
19466,8320
4541,8321
1895,8322
12624,8323
457,8324
23861,8325
4608,8326
17522,8327
16983,8328
19306,8329
1621,8330
20444,8331
4707,8332
23129,8333
5169,8334
5632,8335
17864,8336
18662,8337
21172,8338
22025,8339
23613,8340
5695,8341
5870,8342
588,8343
23715,8344
1307,8345
14934,8346
2025,8347
15694,8348
20245,8349
19449,8350
17936,8351
6106,8352
5880,8353
6127,8354
23004,8355
653,8356
3441,8357
2810,8358
4149,8359
22026,8360
4857,8361
21173,8362
19448,8363
18644,8364
16426,8365
18734,8366
6588,8367
20610,8368
18801,8369
6817,8370
12612,8371
7379,8372
23260,8373
20936,8374
20438,8375
434,8376
12842,8377
7380,8378
6103,8379
3787,8380
7478,8381
10056,8382
7499,8383
19668,8384
7500,8385
21288,8386
8061,8387
10922,8388
18329,8389
12345,8390
14999,8391
2362,8392
8062,8393
21552,8394
13136,8395
22102,8396
2588,8397
16722,8398
8063,8399
4555,8400
18536,8401
12634,8402
8064,8403
22402,8404
20141,8405
14204,8406
7477,8407
5190,8408
8065,8409
21519,8410
11516,8411
6131,8412
19687,8413
8145,8414
23864,8415
21290,8416
22993,8417
14551,8418
1047,8419
16956,8420
8181,8421
11824,8422
8182,8423
22116,8424
8365,8425
8377,8426
8763,8427
1866,8428
16724,8429
22407,8430
12341,8431
12601,8432
8764,8433
22405,8434
23496,8435
21280,8436
5403,8437
7978,8438
8765,8439
17701,8440
2423,8441
11549,8442
17238,8443
7300,8444
8962,8445
21210,8446
13985,8447
901,8448
15393,8449
10726,8450
10738,8451
11790,8452
10271,8453
12443,8454
21206,8455
2318,8456
4033,8457
5127,8458
913,8459
17647,8460
1632,8461
2086,8462
21913,8463
21997,8464
22766,8465
17974,8466
23624,8467
18773,8468
5535,8469
4920,8470
9348,8471
15194,8472
13192,8473
23754,8474
9368,8475
12253,8476
9356,8477
3756,8478
14947,8479
12262,8480
16912,8481
11372,8482
18461,8483
1953,8484
22275,8485
22276,8486
23570,8487
22712,8488
2989,8489
3352,8490
4195,8491
4903,8492
6179,8493
3488,8494
11097,8495
17968,8496
11063,8497
6987,8498
7267,8499
10959,8500
10426,8501
11571,8502
14890,8503
4744,8504
15644,8505
7921,8506
8604,8507
2218,8508
3952,8509
3572,8510
14666,8511
2563,8512
815,8513
4992,8514
13488,8515
692,8516
17040,8517
17788,8518
20308,8519
12490,8520
7811,8521
9228,8522
4682,8523
12697,8524
6414,8525
10326,8526
11009,8527
1952,8528
1384,8529
23050,8530
19510,8531
16382,8532
11698,8533
11049,8534
17819,8535
19716,8536
3402,8537
554,8538
4881,8539
10365,8540
5586,8541
2711,8542
15788,8543
3405,8544
3407,8545
3409,8546
4815,8547
14806,8548
12515,8549
4107,8550
4108,8551
5517,8552
8283,8553
19522,8554
18619,8555
20483,8556
12650,8557
1271,8558
1273,8559
22033,8560
18080,8561
15004,8562
20379,8563
7019,8564
21179,8565
23744,8566
23743,8567
7599,8568
15008,8569
21180,8570
17270,8571
15444,8572
22728,8573
6231,8574
6771,8575
17269,8576
17271,8577
2723,8578
6916,8579
18625,8580
16321,8581
13445,8582
23588,8583
1286,8584
13224,8585
19428,8586
565,8587
11849,8588
13438,8589
17074,8590
18629,8591
20228,8592
22734,8593
21025,8594
8378,8595
16507,8596
4251,8597
22153,8598
6335,8599
14218,8600
11841,8601
1852,8602
14996,8603
14222,8604
11836,8605
12967,8606
14611,8607
3840,8608
18541,8609
15755,8610
1139,8611
22999,8612
1854,8613
12633,8614
11840,8615
15746,8616
16826,8617
6010,8618
19136,8619
23494,8620
13426,8621
1849,8622
17266,8623
7464,8624
421,8625
8159,8626
10217,8627
16199,8628
16512,8629
8144,8630
20467,8631
23000,8632
3084,8633
11839,8634
16729,8635
11640,8636
21036,8637
21887,8638
15763,8639
18064,8640
6331,8641
4954,8642
21261,8643
12617,8644
19648,8645
15570,8646
17838,8647
21041,8648
12629,8649
16499,8650
14987,8651
6779,8652
7468,8653
21247,8654
19639,8655
12621,8656
12172,8657
19199,8658
15737,8659
14980,8660
3986,8661
1862,8662
10906,8663
1762,8664
6694,8665
14978,8666
17246,8667
22957,8668
14184,8669
18048,8670
6790,8671
17700,8672
5253,8673
19637,8674
18033,8675
23817,8676
13392,8677
20450,8678
925,8679
17482,8680
20138,8681
24220,8682
12593,8683
18831,8684
18032,8685
6009,8686
21641,8687
13761,8688
15371,8689
13889,8690
6045,8691
6791,8692
12048,8693
4484,8694
8659,8695
12244,8696
17475,8697
1236,8698
18593,8699
6319,8700
18752,8701
503,8702
6302,8703
19583,8704
17855,8705
4070,8706
21963,8707
17954,8708
21110,8709
18653,8710
19457,8711
5583,8712
13346,8713
14138,8714
14893,8715
21049,8716
21901,8717
9000,8718
17178,8719
7000,8720
19391,8721
20382,8722
13222,8723
23628,8724
22846,8725
21917,8726
17973,8727
22770,8728
18772,8729
22756,8730
1360,8731
3359,8732
6988,8733
8998,8734
9324,8735
9445,8736
1153,8737
17477,8738
3844,8739
12340,8740
12603,8741
9446,8742
11509,8743
15261,8744
13932,8745
19672,8746
4494,8747
13039,8748
8662,8749
22004,8750
3439,8751
19554,8752
2027,8753
11756,8754
4064,8755
22818,8756
4147,8757
12548,8758
19450,8759
11051,8760
17097,8761
18646,8762
17177,8763
18735,8764
13261,8765
17174,8766
2249,8767
22787,8768
16422,8769
9447,8770
9538,8771
14202,8772
9549,8773
18499,8774
9584,8775
9615,8776
4552,8777
2727,8778
9645,8779
6615,8780
7682,8781
13404,8782
13410,8783
23660,8784
18832,8785
15382,8786
9721,8787
14056,8788
13135,8789
514,8790
15972,8791
23356,8792
23142,8793
10461,8794
14905,8795
22103,8796
23676,8797
14621,8798
6693,8799
21148,8800
6177,8801
8955,8802
23431,8803
15213,8804
16203,8805
23673,8806
2774,8807
18656,8808
16360,8809
22815,8810
23972,8811
11603,8812
3515,8813
9372,8814
16406,8815
2087,8816
2151,8817
4882,8818
11144,8819
21960,8820
21910,8821
8239,8822
8933,8823
11457,8824
7642,8825
22761,8826
593,8827
20068,8828
18144,8829
9097,8830
20349,8831
21107,8832
10742,8833
11974,8834
13344,8835
14136,8836
6415,8837
17065,8838
21058,8839
23621,8840
5585,8841
1226,8842
16430,8843
17088,8844
12567,8845
13358,8846
17202,8847
16450,8848
15653,8849
17904,8850
12389,8851
23625,8852
6876,8853
6316,8854
16468,8855
4824,8856
1278,8857
13437,8858
3980,8859
14229,8860
18638,8861
22955,8862
9542,8863
21245,8864
22100,8865
11800,8866
16075,8867
10815,8868
1155,8869
19028,8870
20040,8871
15210,8872
14789,8873
14150,8874
17846,8875
14862,8876
5351,8877
650,8878
13285,8879
14811,8880
22745,8881
15526,8882
7548,8883
11653,8884
15581,8885
23615,8886
12765,8887
15535,8888
4863,8889
5564,8890
4883,8891
2069,8892
11808,8893
13396,8894
14765,8895
17134,8896
12547,8897
11755,8898
17158,8899
7001,8900
4919,8901
7002,8902
1861,8903
8859,8904
3356,8905
6233,8906
8325,8907
12447,8908
14034,8909
14822,8910
16344,8911
21392,8912
7684,8913
5622,8914
6315,8915
15590,8916
13262,8917
17108,8918
12469,8919
1525,8920
21126,8921
15665,8922
21979,8923
17666,8924
17112,8925
7119,8926
2154,8927
10194,8928
9140,8929
5372,8930
6435,8931
18471,8932
15537,8933
13364,8934
14776,8935
4311,8936
7564,8937
2824,8938
20395,8939
7612,8940
4281,8941
15540,8942
666,8943
23773,8944
12285,8945
17991,8946
12410,8947
16299,8948
2134,8949
2052,8950
17052,8951
11616,8952
20206,8953
13395,8954
4188,8955
18153,8956
15650,8957
23755,8958
21096,8959
21939,8960
21729,8961
13281,8962
3472,8963
7718,8964
21970,8965
17215,8966
14670,8967
18486,8968
20082,8969
23105,8970
14074,8971
7593,8972
4974,8973
13529,8974
20552,8975
16942,8976
19758,8977
21117,8978
14863,8979
15623,8980
14099,8981
13306,8982
16375,8983
14281,8984
18497,8985
21350,8986
1988,8987
3401,8988
553,8989
15014,8990
21314,8991
15771,8992
10893,8993
9524,8994
6769,8995
16522,8996
13448,8997
20486,8998
18884,8999
14240,9000
18084,9001
23025,9002
23886,9003
1123,9004
15868,9005
15857,9006
20086,9007
17368,9008
20889,9009
15085,9010
17818,9011
18923,9012
24215,9013
23351,9014
5677,9015
14012,9016
4965,9017
19729,9018
3388,9019
14319,9020
11634,9021
19751,9022
8983,9023
6218,9024
11945,9025
11947,9026
3559,9027
20384,9028
3192,9029
9671,9030
14942,9031
20032,9032
19582,9033
2839,9034
17342,9035
22893,9036
23751,9037
20381,9038
11040,9039
11913,9040
15807,9041
6902,9042
13495,9043
543,9044
15701,9045
1977,9046
6338,9047
14148,9048
15565,9049
4827,9050
8986,9051
11046,9052
11047,9053
1984,9054
15702,9055
19422,9056
2705,9057
14944,9058
19585,9059
5528,9060
13357,9061
13356,9062
14943,9063
15703,9064
14149,9065
1277,9066
4826,9067
7600,9068
10133,9069
431,9070
18335,9071
9821,9072
15767,9073
1994,9074
4118,9075
8284,9076
8285,9077
5526,9078
981,9079
11433,9080
22637,9081
21010,9082
23554,9083
14156,9084
11857,9085
23881,9086
7601,9087
9527,9088
19681,9089
14682,9090
14228,9091
9526,9092
17995,9093
15764,9094
14974,9095
9818,9096
13218,9097
3416,9098
3385,9099
4833,9100
14235,9101
21205,9102
5393,9103
14785,9104
21287,9105
21306,9106
9655,9107
12431,9108
21191,9109
19432,9110
23595,9111
23596,9112
1853,9113
4093,9114
22714,9115
22736,9116
22737,9117
2836,9118
15005,9119
1137,9120
13430,9121
8276,9122
22135,9123
20471,9124
14225,9125
23001,9126
20390,9127
23573,9128
23869,9129
10901,9130
20236,9131
21892,9132
22744,9133
8379,9134
1140,9135
7592,9136
10218,9137
10898,9138
10899,9139
18860,9140
10348,9141
10212,9142
14972,9143
22959,9144
14191,9145
17078,9146
18634,9147
21888,9148
11844,9149
15704,9150
23854,9151
7696,9152
16494,9153
22994,9154
2583,9155
22117,9156
22150,9157
4956,9158
21265,9159
15757,9160
6899,9161
17250,9162
4695,9163
427,9164
424,9165
11825,9166
12618,9167
19636,9168
15317,9169
7381,9170
19128,9171
20940,9172
17245,9173
14213,9174
16487,9175
8856,9176
1395,9177
22992,9178
9537,9179
23852,9180
14945,9181
12966,9182
21248,9183
19642,9184
14686,9185
12602,9186
23835,9187
11835,9188
19993,9189
13412,9190
20792,9191
1992,9192
10816,9193
14188,9194
22105,9195
5891,9196
22975,9197
18398,9198
10817,9199
12619,9200
328,9201
2714,9202
13891,9203
979,9204
14969,9205
20436,9206
15727,9207
16126,9208
15448,9209
19924,9210
6788,9211
16397,9212
5179,9213
22495,9214
16073,9215
12301,9216
4490,9217
19022,9218
17883,9219
6695,9220
19821,9221
17149,9222
14687,9223
7418,9224
18681,9225
3777,9226
17915,9227
6729,9228
19485,9229
20283,9230
10422,9231
12505,9232
14077,9233
12641,9234
5395,9235
4959,9236
11641,9237
18635,9238
20235,9239
11819,9240
19645,9241
14196,9242
7469,9243
1147,9244
6095,9245
18841,9246
14977,9247
12611,9248
18042,9249
11818,9250
14968,9251
17234,9252
3531,9253
7669,9254
9654,9255
10338,9256
17989,9257
6221,9258
6906,9259
11112,9260
6967,9261
9062,9262
6281,9263
9726,9264
11952,9265
11503,9266
13088,9267
14323,9268
13533,9269
12706,9270
11044,9271
15778,9272
17347,9273
18148,9274
22590,9275
13534,9276
14324,9277
15053,9278
5508,9279
18891,9280
4687,9281
6901,9282
12667,9283
7702,9284
1982,9285
11874,9286
3269,9287
14252,9288
13460,9289
23036,9290
24214,9291
2490,9292
8270,9293
13461,9294
8277,9295
14253,9296
19299,9297
21328,9298
9744,9299
7650,9300
13447,9301
8333,9302
12654,9303
8843,9304
14239,9305
23876,9306
1135,9307
23016,9308
14018,9309
15569,9310
12625,9311
16497,9312
21035,9313
20452,9314
10219,9315
15744,9316
14985,9317
16496,9318
14547,9319
3984,9320
5310,9321
22372,9322
12309,9323
21425,9324
17650,9325
8854,9326
14210,9327
21271,9328
15741,9329
13757,9330
333,9331
8901,9332
10081,9333
11814,9334
11838,9335
23823,9336
3843,9337
16461,9338
3868,9339
21551,9340
16488,9341
22951,9342
14208,9343
16514,9344
18838,9345
19300,9346
18856,9347
16107,9348
22109,9349
23030,9350
23031,9351
18892,9352
17984,9353
19832,9354
23067,9355
13413,9356
6336,9357
19899,9358
17607,9359
13931,9360
21308,9361
19929,9362
21785,9363
21788,9364
4577,9365
15350,9366
12596,9367
24125,9368
12636,9369
19102,9370
19105,9371
20491,9372
20496,9373
12218,9374
14990,9375
2837,9376
14997,9377
16860,9378
21242,9379
11551,9380
10364,9381
17071,9382
6226,9383
6227,9384
21548,9385
14726,9386
11803,9387
16856,9388
17839,9389
12656,9390
17956,9391
21296,9392
23605,9393
18540,9394
20139,9395
19685,9396
19692,9397
23840,9398
23843,9399
14183,9400
11881,9401
23868,9402
16959,9403
16962,9404
6665,9405
10066,9406
23893,9407
16982,9408
10085,9409
2115,9410
22996,9411
23593,9412
17610,9413
18881,9414
11048,9415
13006,9416
13011,9417
14971,9418
282,9419
20733,9420
8005,9421
10251,9422
15750,9423
16242,9424
12213,9425
18092,9426
12217,9427
2715,9428
16210,9429
16951,9430
15348,9431
17077,9432
15351,9433
23816,9434
22735,9435
5519,9436
10763,9437
10769,9438
4146,9439
6912,9440
15729,9441
277,9442
21030,9443
15048,9444
16318,9445
18047,9446
17472,9447
20699,9448
15745,9449
14590,9450
14591,9451
23811,9452
21281,9453
18057,9454
1276,9455
19664,9456
21521,9457
19220,9458
11856,9459
6620,9460
23856,9461
20630,9462
1001,9463
18332,9464
11891,9465
23873,9466
16960,9467
1143,9468
8032,9469
22956,9470
6668,9471
7595,9472
10080,9473
8996,9474
18847,9475
18854,9476
16104,9477
23023,9478
23024,9479
3065,9480
22136,9481
22139,9482
15256,9483
4026,9484
1987,9485
20353,9486
5440,9487
21284,9488
17608,9489
13010,9490
18089,9491
7348,9492
7349,9493
5984,9494
10764,9495
6909,9496
12653,9497
3282,9498
12216,9499
2420,9500
15454,9501
1270,9502
20099,9503
2438,9504
20698,9505
19341,9506
4465,9507
22137,9508
7319,9509
13355,9510
1865,9511
23263,9512
6777,9513
20451,9514
21268,9515
13390,9516
6651,9517
3161,9518
4551,9519
12343,9520
19652,9521
16108,9522
21279,9523
14692,9524
8186,9525
13401,9526
14939,9527
3438,9528
5280,9529
5982,9530
16855,9531
8157,9532
3281,9533
18334,9534
2586,9535
10062,9536
13138,9537
3758,9538
22887,9539
16209,9540
19307,9541
7988,9542
14725,9543
16106,9544
10053,9545
13890,9546
23258,9547
16954,9548
23257,9549
22638,9550
1657,9551
14973,9552
5555,9553
10913,9554
21282,9555
23821,9556
10079,9557
12346,9558
20140,9559
10234,9560
18071,9561
10086,9562
13354,9563
18226,9564
14190,9565
1172,9566
19934,9567
9074,9568
18833,9569
13424,9570
24123,9571
15206,9572
14470,9573
16733,9574
18034,9575
5402,9576
6652,9577
16508,9578
23461,9579
14182,9580
22639,9581
20622,9582
3160,9583
2375,9584
7334,9585
19661,9586
3283,9587
21266,9588
10208,9589
8656,9590
12051,9591
23885,9592
21274,9593
8668,9594
8672,9595
23592,9596
8716,9597
8717,9598
1857,9599
16727,9600
8721,9601
4125,9602
24117,9603
8280,9604
19135,9605
19137,9606
14994,9607
8374,9608
18233,9609
15011,9610
8852,9611
4249,9612
7479,9613
21029,9614
5192,9615
15965,9616
4738,9617
19659,9618
7971,9619
6130,9620
8900,9621
3833,9622
11843,9623
19933,9624
7476,9625
16198,9626
8687,9627
22121,9628
13681,9629
20137,9630
10944,9631
23858,9632
14194,9633
12849,9634
18842,9635
20243,9636
23495,9637
18448,9638
22141,9639
5409,9640
21258,9641
5893,9642
16207,9643
15753,9644
12558,9645
10855,9646
7465,9647
3320,9648
3321,9649
16859,9650
15476,9651
22107,9652
20468,9653
22998,9654
20463,9655
883,9656
7015,9657
10216,9658
16504,9659
17255,9660
17253,9661
17609,9662
5279,9663
14479,9664
22635,9665
4467,9666
8851,9667
16719,9668
13429,9669
23825,9670
12607,9671
6666,9672
23892,9673
12631,9674
6774,9675
5171,9676
6785,9677
17256,9678
14119,9679
14221,9680
22403,9681
8869,9682
13803,9683
21285,9684
16478,9685
8674,9686
16505,9687
21059,9688
15749,9689
19342,9690
4486,9691
3869,9692
22140,9693
878,9694
16502,9695
21145,9696
7335,9697
674,9698
8102,9699
3989,9700
857,9701
16858,9702
19462,9703
21911,9704
3870,9705
3779,9706
17480,9707
13349,9708
14141,9709
10937,9710
12096,9711
22002,9712
3937,9713
15576,9714
7305,9715
17736,9716
5559,9717
18230,9718
2088,9719
10169,9720
1359,9721
18655,9722
4858,9723
22006,9724
1655,9725
23738,9726
22880,9727
20252,9728
2090,9729
16331,9730
22858,9731
1311,9732
14908,9733
2024,9734
2745,9735
19575,9736
20373,9737
20244,9738
2811,9739
23694,9740
8312,9741
9027,9742
22027,9743
21174,9744
18643,9745
17084,9746
21131,9747
17938,9748
9369,9749
20044,9750
2323,9751
4073,9752
2786,9753
4464,9754
1387,9755
10719,9756
17082,9757
18004,9758
6143,9759
6831,9760
8611,9761
9379,9762
8802,9763
2372,9764
18755,9765
4852,9766
19556,9767
3436,9768
11760,9769
4144,9770
12552,9771
14817,9772
10366,9773
17083,9774
17096,9775
17843,9776
18736,9777
19538,9778
5621,9779
939,9780
6040,9781
5915,9782
2675,9783
18007,9784
14779,9785
17046,9786
14948,9787
9403,9788
22376,9789
14690,9790
6129,9791
22171,9792
7972,9793
14632,9794
6589,9795
10995,9796
3066,9797
6985,9798
17988,9799
21712,9800
23418,9801
13215,9802
13847,9803
9349,9804
7239,9805
11373,9806
1555,9807
21841,9808
6146,9809
6828,9810
10693,9811
13951,9812
1586,9813
8350,9814
6555,9815
9059,9816
6298,9817
8548,9818
14769,9819
11113,9820
384,9821
4821,9822
9551,9823
4197,9824
7903,9825
4776,9826
2937,9827
6176,9828
8941,9829
10993,9830
10304,9831
1232,9832
4777,9833
8952,9834
8956,9835
8244,9836
19513,9837
1355,9838
2791,9839
15887,9840
22814,9841
22816,9842
11766,9843
9298,9844
935,9845
15630,9846
23674,9847
2070,9848
20311,9849
23672,9850
7750,9851
2000,9852
23586,9853
3415,9854
4831,9855
566,9856
5582,9857
2775,9858
4879,9859
1335,9860
19490,9861
7145,9862
21876,9863
17825,9864
2724,9865
1283,9866
23589,9867
20321,9868
19523,9869
15121,9870
15654,9871
16407,9872
4308,9873
5491,9874
17268,9875
23013,9876
15003,9877
12646,9878
13436,9879
11092,9880
18783,9881
8143,9882
4692,9883
2718,9884
11853,9885
8380,9886
560,9887
11642,9888
21038,9889
21890,9890
11639,9891
14812,9892
20238,9893
15769,9894
22108,9895
11816,9896
21254,9897
18844,9898
11829,9899
20449,9900
7470,9901
14975,9902
14192,9903
15730,9904
13009,9905
9399,9906
18336,9907
4027,9908
19643,9909
10907,9910
20448,9911
14981,9912
13391,9913
8017,9914
9398,9915
19129,9916
22643,9917
19649,9918
7467,9919
1145,9920
8867,9921
16201,9922
18846,9923
9540,9924
10895,9925
22983,9926
12055,9927
10224,9928
1653,9929
22980,9930
22965,9931
16520,9932
22124,9933
15380,9934
13402,9935
12597,9936
17831,9937
20229,9938
21883,9939
11804,9940
18235,9941
8699,9942
23008,9943
18870,9944
20460,9945
14592,9946
13980,9947
18753,9948
3981,9949
417,9950
422,9951
3159,9952
17906,9953
1944,9954
22758,9955
18068,9956
20473,9957
19301,9958
3142,9959
18704,9960
18867,9961
19674,9962
23999,9963
20458,9964
18055,9965
17611,9966
5981,9967
10235,9968
20726,9969
13634,9970
16893,9971
19824,9972
21998,9973
4797,9974
6189,9975
10981,9976
3445,9977
5477,9978
3491,9979
22850,9980
4198,9981
2033,9982
2754,9983
8322,9984
11758,9985
12550,9986
8431,9987
17085,9988
15423,9989
15578,9990
2077,9991
20561,9992
22835,9993
20079,9994
3584,9995
13204,9996
14355,9997
19586,9998
1972,9999
20385,10000
4822,10001
4114,10002
13439,10003
6087,10004
14231,10005
655,10006
13228,10007
19438,10008
2054,10009
23616,10010
5557,10011
16591,10012
23735,10013
22877,10014
21891,10015
4834,10016
15734,10017
13400,10018
21250,10019
23614,10020
23693,10021
8858,10022
6780,10023
1148,10024
2798,10025
14193,10026
22961,10027
11815,10028
12605,10029
22097,10030
23812,10031
13804,10032
8031,10033
1864,10034
20730,10035
19033,10036
7416,10037
14625,10038
23139,10039
1225,10040
11699,10041
13974,10042
4222,10043
12388,10044
5562,10045
19552,10046
1313,10047
22879,10048
594,10049
23737,10050
17844,10051
11651,10052
14820,10053
15589,10054
16332,10055
21983,10056
15603,10057
19534,10058
21984,10059
11674,10060
15666,10061
3506,10062
21080,10063
20332,10064
11678,10065
2155,10066
401,10067
2878,10068
23763,10069
23772,10070
6190,10071
12491,10072
20288,10073
14894,10074
10406,10075
7605,10076
4392,10077
8255,10078
12565,10079
9090,10080
9581,10081
21317,10082
9582,10083
14199,10084
9583,10085
22128,10086
9679,10087
23022,10088
9770,10089
12290,10090
12741,10091
13552,10092
20554,10093
13882,10094
19753,10095
18947,10096
14286,10097
21738,10098
11950,10099
17344,10100
13496,10101
22219,10102
2701,10103
23747,10104
4095,10105
22889,10106
1997,10107
1280,10108
540,10109
11770,10110
7594,10111
22892,10112
7720,10113
23942,10114
2695,10115
23746,10116
8992,10117
12562,10118
4115,10119
4823,10120
23872,10121
1136,10122
23012,10123
17837,10124
18636,10125
20440,10126
10226,10127
15732,10128
21039,10129
11812,10130
1860,10131
13398,10132
15733,10133
22963,10134
9541,10135
21252,10136
20442,10137
22952,10138
9668,10139
23750,10140
21872,10141
4116,10142
22163,10143
8141,10144
9670,10145
22888,10146
16319,10147
17072,10148
12649,10149
7461,10150
16519,10151
15567,10152
17826,10153
18065,10154
20230,10155
19671,10156
1851,10157
7017,10158
3982,10159
17259,10160
9531,10161
19669,10162
22146,10163
9772,10164
19283,10165
11949,10166
12296,10167
12740,10168
13531,10169
12705,10170
16619,10171
11024,10172
12563,10173
2840,10174
1976,10175
11771,10176
20218,10177
996,10178
22406,10179
16996,10180
2834,10181
3990,10182
9378,10183
4643,10184
4498,10185
11045,10186
23749,10187
2813,10188
10324,10189
17909,10190
3435,10191
21153,10192
19455,10193
4143,10194
4774,10195
18707,10196
4172,10197
18718,10198
487,10199
14764,10200
3941,10201
5475,10202
20305,10203
6958,10204
7009,10205
7588,10206
22891,10207
1995,10208
21873,10209
23883,10210
6770,10211
11858,10212
2003,10213
12632,10214
23594,10215
14217,10216
2726,10217
22151,10218
2572,10219
23871,10220
5659,10221
22134,10222
13802,10223
1715,10224
6775,10225
6787,10226
7691,10227
17842,10228
14825,10229
14830,10230
16330,10231
19446,10232
20336,10233
2251,10234
22786,10235
22831,10236
22836,10237
23644,10238
18730,10239
2531,10240
639,10241
21934,10242
17932,10243
12472,10244
4310,10245
5373,10246
1241,10247
7099,10248
14833,10249
18803,10250
18606,10251
17807,10252
11115,10253
7012,10254
22913,10255
11615,10256
12409,10257
13361,10258
7737,10259
22577,10260
4282,10261
15545,10262
630,10263
623,10264
20388,10265
2704,10266
8944,10267
19507,10268
2055,10269
15130,10270
19280,10271
20573,10272
9092,10273
21731,10274
12739,10275
13556,10276
1397,10277
16189,10278
11948,10279
14320,10280
17307,10281
1979,10282
23748,10283
2698,10284
22894,10285
4104,10286
22890,10287
1279,10288
22724,10289
15762,10290
6773,10291
8973,10292
23752,10293
1993,10294
9534,10295
19662,10296
20461,10297
14216,10298
9651,10299
6299,10300
4867,10301
14129,10302
9694,10303
17697,10304
5385,10305
12698,10306
9728,10307
10429,10308
9046,10309
9747,10310
7646,10311
21971,10312
8329,10313
21118,10314
6963,10315
17303,10316
20096,10317
11909,10318
4817,10319
21315,10320
6225,10321
21316,10322
16950,10323
7458,10324
8281,10325
22172,10326
10892,10327
20488,10328
19689,10329
18082,10330
13800,10331
7351,10332
9842,10333
6066,10334
2172,10335
1249,10336
22693,10337
17993,10338
6326,10339
9141,10340
1834,10341
11179,10342
13994,10343
3593,10344
17806,10345
22914,10346
12408,10347
11614,10348
17216,10349
10337,10350
11631,10351
12564,10352
4905,10353
3452,10354
534,10355
21198,10356
17816,10357
18616,10358
22900,10359
13221,10360
5647,10361
6353,10362
14672,10363
10441,10364
15434,10365
20886,10366
5678,10367
4975,10368
6892,10369
12426,10370
20389,10371
3394,10372
4102,10373
5646,10374
7703,10375
8989,10376
8991,10377
19696,10378
9084,10379
8395,10380
11034,10381
18093,10382
9663,10383
6325,10384
5521,10385
4820,10386
8343,10387
5574,10388
7660,10389
4871,10390
6978,10391
3456,10392
4163,10393
5603,10394
6292,10395
13283,10396
17262,10397
10211,10398
15759,10399
21037,10400
21889,10401
13407,10402
1146,10403
20445,10404
19646,10405
14970,10406
22113,10407
10223,10408
22742,10409
18043,10410
23831,10411
22971,10412
8857,10413
22970,10414
23830,10415
9665,10416
20495,10417
2566,10418
9672,10419
10427,10420
7649,10421
3487,10422
8332,10423
4194,10424
9757,10425
9764,10426
3453,10427
4160,10428
19686,10429
18882,10430
11635,10431
1264,10432
15056,10433
545,10434
18893,10435
15780,10436
1130,10437
7459,10438
15023,10439
18083,10440
409,10441
23045,10442
14232,10443
19697,10444
11876,10445
2570,10446
13440,10447
11638,10448
14017,10449
22739,10450
21273,10451
22129,10452
14986,10453
7466,10454
3983,10455
6091,10456
22987,10457
14211,10458
22127,10459
23847,10460
13419,10461
21272,10462
11830,10463
12623,10464
13799,10465
14587,10466
2442,10467
8035,10468
14151,10469
12194,10470
23372,10471
23836,10472
1739,10473
17739,10474
17279,10475
18781,10476
1740,10477
19130,10478
11875,10479
10378,10480
14989,10481
23870,10482
22374,10483
16503,10484
9423,10485
13397,10486
985,10487
21555,10488
9430,10489
5291,10490
16528,10491
18537,10492
12668,10493
16241,10494
12595,10495
3784,10496
8162,10497
8741,10498
24119,10499
15255,10500
5524,10501
11801,10502
22984,10503
16995,10504
18837,10505
1020,10506
22642,10507
16771,10508
21264,10509
18500,10510
22995,10511
12302,10512
23837,10513
6090,10514
18056,10515
18855,10516
16500,10517
16088,10518
302,10519
2421,10520
11550,10521
23855,10522
301,10523
13782,10524
14241,10525
16087,10526
13783,10527
18857,10528
11554,10529
5400,10530
21269,10531
18044,10532
451,10533
15748,10534
17591,10535
12989,10536
18067,10537
15774,10538
1624,10539
5951,10540
5953,10541
20439,10542
5997,10543
16776,10544
16778,10545
12630,10546
20004,10547
20006,10548
17251,10549
14572,10550
21431,10551
1704,10552
5401,10553
2463,10554
8139,10555
10794,10556
10109,10557
12983,10558
20447,10559
12848,10560
20808,10561
6680,10562
10793,10563
14567,10564
21789,10565
428,10566
12195,10567
3173,10568
1702,10569
1867,10570
3143,10571
3882,10572
5250,10573
6789,10574
5996,10575
13930,10576
12342,10577
20142,10578
3079,10579
23265,10580
3988,10581
1745,10582
13097,10583
3842,10584
19640,10585
17740,10586
22960,10587
15731,10588
2582,10589
22095,10590
23820,10591
21249,10592
18409,10593
15017,10594
24236,10595
20098,10596
22096,10597
2589,10598
14185,10599
10920,10600
7321,10601
1699,10602
13431,10603
8748,10604
20459,10605
12594,10606
10233,10607
14478,10608
10953,10609
15456,10610
15490,10611
18535,10612
4589,10613
9424,10614
23137,10615
15332,10616
11813,10617
12838,10618
23499,10619
16208,10620
23706,10621
20803,10622
10116,10623
22969,10624
903,10625
22982,10626
21520,10627
19127,10628
15455,10629
18229,10630
7016,10631
7480,10632
15488,10633
6101,10634
933,10635
6105,10636
7504,10637
7505,10638
5207,10639
13680,10640
1651,10641
12307,10642
15477,10643
16089,10644
23226,10645
23839,10646
15214,10647
1027,10648
5872,10649
11842,10650
21251,10651
23497,10652
2462,10653
22516,10654
4862,10655
11809,10656
22604,10657
1738,10658
24084,10659
10111,10660
12057,10661
10236,10662
21546,10663
3996,10664
4548,10665
6104,10666
22284,10667
13933,10668
14436,10669
17742,10670
18843,10671
13449,10672
20938,10673
7981,10674
2342,10675
13641,10676
6638,10677
8868,10678
16495,10679
8665,10680
4253,10681
11826,10682
3064,10683
11820,10684
13103,10685
8187,10686
21996,10687
21293,10688
20937,10689
5869,10690
18849,10691
17861,10692
5563,10693
12551,10694
19340,10695
10919,10696
19828,10697
18300,10698
4479,10699
15973,10700
8893,10701
3091,10702
2357,10703
12655,10704
18869,10705
11759,10706
14818,10707
22112,10708
20136,10709
15772,10710
4918,10711
11459,10712
16489,10713
18505,10714
6132,10715
16137,10716
15390,10717
22964,10718
13446,10719
21440,10720
920,10721
18408,10722
307,10723
4933,10724
23228,10725
17103,10726
12306,10727
8899,10728
23711,10729
904,10730
15596,10731
16350,10732
17649,10733
17201,10734
16449,10735
15579,10736
21130,10737
15262,10738
18751,10739
17523,10740
3789,10741
19548,10742
22144,10743
10739,10744
16498,10745
3046,10746
1603,10747
13642,10748
19338,10749
21909,10750
10267,10751
14694,10752
10170,10753
18659,10754
10052,10755
16287,10756
2343,10757
16890,10758
15752,10759
22852,10760
22986,10761
11424,10762
7296,10763
12583,10764
9065,10765
19589,10766
22762,10767
23620,10768
2091,10769
1598,10770
11404,10771
22878,10772
23736,10773
4145,10774
4754,10775
1577,10776
6560,10777
12445,10778
22005,10779
4213,10780
4853,10781
5554,10782
14139,10783
13347,10784
14819,10785
15669,10786
20346,10787
12054,10788
16903,10789
19463,10790
20261,10791
5634,10792
10040,10793
14137,10794
13345,10795
5560,10796
11016,10797
5168,10798
21902,10799
3517,10800
1350,10801
11472,10802
11649,10803
15504,10804
15558,10805
21713,10806
22059,10807
8909,10808
4212,10809
3443,10810
4151,10811
6556,10812
14953,10813
14743,10814
3011,10815
20158,10816
21704,10817
6583,10818
7663,10819
15693,10820
14933,10821
13307,10822
848,10823
3327,10824
11377,10825
13237,10826
2943,10827
11108,10828
17086,10829
20247,10830
22754,10831
6053,10832
3505,10833
9974,10834
4921,10835
9102,10836
20334,10837
9575,10838
12284,10839
18978,10840
23865,10841
3972,10842
2135,10843
6454,10844
6337,10845
18496,10846
1961,10847
5723,10848
17300,10849
15705,10850
3403,10851
4818,10852
7598,10853
17983,10854
22694,10855
15805,10856
9680,10857
16317,10858
3399,10859
3400,10860
18782,10861
7596,10862
6224,10863
8997,10864
17070,10865
22196,10866
4110,10867
4111,10868
8279,10869
22032,10870
22034,10871
13443,10872
20378,10873
21307,10874
21309,10875
8282,10876
5522,10877
20481,10878
19580,10879
12674,10880
23745,10881
561,10882
12651,10883
21181,10884
558,10885
5527,10886
23584,10887
21024,10888
21026,10889
22730,10890
4123,10891
564,10892
11852,10893
23882,10894
15768,10895
23587,10896
20224,10897
21878,10898
17264,10899
2722,10900
8844,10901
7699,10902
1848,10903
2001,10904
12645,10905
15006,10906
23021,10907
15010,10908
17267,10909
415,10910
18630,10911
21032,10912
567,10913
14808,10914
19433,10915
2004,10916
14230,10917
19660,10918
21295,10919
18866,10920
15756,10921
22148,10922
3545,10923
13229,10924
18637,10925
23603,10926
10904,10927
8847,10928
4252,10929
3544,10930
15747,10931
16839,10932
10110,10933
17528,10934
16243,10935
4957,10936
418,10937
3275,10938
2573,10939
1850,10940
22104,10941
17239,10942
23822,10943
14991,10944
9550,10945
20470,10946
14223,10947
23867,10948
3278,10949
1149,10950
10911,10951
11845,10952
23007,10953
14189,10954
22958,10955
12606,10956
2112,10957
13632,10958
7697,10959
17252,10960
11811,10961
18835,10962
13399,10963
14988,10964
13422,10965
12196,10966
17237,10967
23810,10968
16486,10969
17590,10970
5290,10971
16841,10972
17592,10973
12990,10974
6681,10975
1019,10976
4588,10977
11510,10978
5251,10979
24127,10980
4698,10981
16952,10982
22410,10983
14423,10984
18538,10985
5908,10986
3794,10987
15384,10988
6728,10989
4495,10990
23716,10991
4501,10992
1306,10993
4044,10994
22003,10995
17957,10996
2749,10997
5553,10998
587,10999
21150,11000
22881,11001
23739,11002
1310,11003
2028,11004
12444,11005
21175,11006
22028,11007
14028,11008
17847,11009
11650,11010
19537,11011
19447,11012
20335,11013
4210,11014
4699,11015
11511,11016
10306,11017
10308,11018
1224,11019
12395,11020
1941,11021
2215,11022
3358,11023
8940,11024
19673,11025
14909,11026
20626,11027
7562,11028
6185,11029
17908,11030
17910,11031
23997,11032
20310,11033
20306,11034
2673,11035
7670,11036
8241,11037
5482,11038
9634,11039
17644,11040
13040,11041
19508,11042
19509,11043
20472,11044
8353,11045
14079,11046
18708,11047
19512,11048
18706,11049
15970,11050
4175,11051
9039,11052
18685,11053
3465,11054
2053,11055
1376,11056
8942,11057
20320,11058
19783,11059
19760,11060
17920,11061
17159,11062
2039,11063
1949,11064
21111,11065
2747,11066
13867,11067
17369,11068
21964,11069
22856,11070
18954,11071
615,11072
2026,11073
21906,11074
11998,11075
19282,11076
12516,11077
13348,11078
14140,11079
15877,11080
21013,11081
15104,11082
15577,11083
15559,11084
13359,11085
15842,11086
13236,11087
14029,11088
3418,11089
8289,11090
7042,11091
17179,11092
17937,11093
3503,11094
6236,11095
17321,11096
12468,11097
14054,11098
21081,11099
1526,11100
1980,11101
17982,11102
14805,11103
15564,11104
16513,11105
416,11106
12642,11107
20233,11108
22976,11109
1858,11110
17244,11111
16493,11112
13389,11113
20007,11114
2461,11115
8160,11116
23135,11117
16144,11118
20616,11119
18749,11120
21127,11121
16423,11122
21980,11123
18326,11124
15525,11125
22765,11126
6191,11127
4065,11128
536,11129
6171,11130
18639,11131
23599,11132
8892,11133
4649,11134
21106,11135
22692,11136
14205,11137
15740,11138
19550,11139
21959,11140
20279,11141
4773,11142
2579,11143
6093,11144
10996,11145
21060,11146
21912,11147
4309,11148
18702,11149
19650,11150
4895,11151
21171,11152
22024,11153
3963,11154
18845,11155
2776,11156
22755,11157
5020,11158
21241,11159
16333,11160
16335,11161
21050,11162
6921,11163
14949,11164
19603,11165
15333,11166
5624,11167
5623,11168
19536,11169
21933,11170
11675,11171
14843,11172
20331,11173
19533,11174
17931,11175
17878,11176
10496,11177
3962,11178
1428,11179
6192,11180
18794,11181
8296,11182
7736,11183
20402,11184
7571,11185
21862,11186
14155,11187
19410,11188
22044,11189
11700,11190
2104,11191
10367,11192
2857,11193
3468,11194
16937,11195
21860,11196
5099,11197
13310,11198
8417,11199
19409,11200
374,11201
11504,11202
17051,11203
14100,11204
2895,11205
16592,11206
22802,11207
6277,11208
10880,11209
706,11210
17343,11211
2780,11212
11721,11213
723,11214
3255,11215
10353,11216
11914,11217
1337,11218
15706,11219
12561,11220
8252,11221
9636,11222
9676,11223
11724,11224
5570,11225
9723,11226
2877,11227
4303,11228
7568,11229
13286,11230
9041,11231
15708,11232
12513,11233
22697,11234
15861,11235
10359,11236
11769,11237
15712,11238
1385,11239
617,11240
16618,11241
11098,11242
11696,11243
22905,11244
18485,11245
20880,11246
3408,11247
16940,11248
4803,11249
14321,11250
23103,11251
17155,11252
5525,11253
16516,11254
16188,11255
22242,11256
15111,11257
23449,11258
5504,11259
21389,11260
4691,11261
16403,11262
17341,11263
17809,11264
17362,11265
5668,11266
8261,11267
9083,11268
11773,11269
22244,11270
21298,11271
12488,11272
14346,11273
17688,11274
13202,11275
10342,11276
16570,11277
11035,11278
21187,11279
8980,11280
7022,11281
12436,11282
19439,11283
22746,11284
12700,11285
7027,11286
9656,11287
15084,11288
2102,11289
21183,11290
6903,11291
22040,11292
1266,11293
3406,11294
13393,11295
539,11296
22036,11297
22041,11298
12604,11299
19298,11300
15841,11301
21188,11302
3985,11303
13491,11304
17073,11305
22038,11306
8860,11307
6217,11308
20219,11309
18036,11310
14009,11311
16557,11312
11032,11313
557,11314
18038,11315
4109,11316
5518,11317
6910,11318
16320,11319
11806,11320
22037,11321
15765,11322
8971,11323
4812,11324
7693,11325
5523,11326
23819,11327
11862,11328
11863,11329
14242,11330
19682,11331
12599,11332
6772,11333
22897,11334
21184,11335
22164,11336
22950,11337
10207,11338
6768,11339
15773,11340
22170,11341
14238,11342
13778,11343
2467,11344
21522,11345
6815,11346
15016,11347
10896,11348
21240,11349
16517,11350
20807,11351
16523,11352
7591,11353
22160,11354
23583,11355
14020,11356
14021,11357
17836,11358
17274,11359
8275,11360
14016,11361
18626,11362
5534,11363
12608,11364
20441,11365
22165,11366
8346,11367
12638,11368
21291,11369
23003,11370
8151,11371
10225,11372
20804,11373
4868,11374
2574,11375
8849,11376
10215,11377
23824,11378
22106,11379
1026,11380
6295,11381
6332,11382
23005,11383
21289,11384
21253,11385
22962,11386
5571,11387
17258,11388
3543,11389
2114,11390
14181,11391
11802,11392
6981,11393
16501,11394
11837,11395
12988,11396
10418,11397
11104,11398
23027,11399
23888,11400
9525,11401
22167,11402
22156,11403
414,11404
21301,11405
12432,11406
16323,11407
23598,11408
18050,11409
15743,11410
23846,11411
8147,11412
10905,11413
6776,11414
19654,11415
17249,11416
18848,11417
20453,11418
11832,11419
18049,11420
23844,11421
1134,11422
19684,11423
19431,11424
17254,11425
21881,11426
12635,11427
10902,11428
14220,11429
13428,11430
14215,11431
20806,11432
2576,11433
15751,11434
14992,11435
22133,11436
19211,11437
3417,11438
14993,11439
1142,11440
13427,11441
14219,11442
13423,11443
8742,11444
20732,11445
19339,11446
6786,11447
14433,11448
9669,11449
21185,11450
21021,11451
4825,11452
13444,11453
10209,11454
14236,11455
17830,11456
21884,11457
18070,11458
2725,11459
18058,11460
1855,11461
22997,11462
23857,11463
21278,11464
16840,11465
1021,11466
3145,11467
9529,11468
23010,11469
9763,11470
14285,11471
2702,11472
19584,11473
2706,11474
20383,11475
22725,11476
9681,11477
15761,11478
5394,11479
15002,11480
16325,11481
18046,11482
22740,11483
22977,11484
23606,11485
22123,11486
6092,11487
23842,11488
11828,11489
14180,11490
14571,11491
303,11492
13096,11493
4491,11494
6778,11495
8855,11496
22979,11497
22120,11498
13388,11499
21660,11500
1022,11501
16953,11502
2369,11503
12247,11504
9992,11505
23128,11506
13979,11507
5608,11508
9981,11509
18605,11510
6301,11511
13280,11512
15089,11513
12295,11514
15846,11515
16596,11516
21737,11517
23447,11518
4269,11519
12743,11520
7586,11521
23044,11522
7714,11523
7037,11524
8383,11525
6223,11526
23906,11527
3976,11528
18091,11529
8384,11530
8982,11531
23907,11532
9076,11533
11043,11534
16529,11535
1844,11536
15779,11537
15022,11538
16524,11539
12189,11540
2468,11541
16012,11542
10350,11543
21752,11544
12851,11545
8801,11546
19040,11547
13216,11548
11116,11549
13995,11550
16464,11551
11632,11552
14010,11553
15707,11554
3367,11555
19608,11556
12399,11557
11605,11558
16463,11559
518,11560
10430,11561
11695,11562
19567,11563
9673,11564
8990,11565
7011,11566
18620,11567
17820,11568
11714,11569
14076,11570
12506,11571
14865,11572
13301,11573
15625,11574
14094,11575
16377,11576
14884,11577
17129,11578
15000,11579
10897,11580
13434,11581
12435,11582
14019,11583
21257,11584
23601,11585
12613,11586
10909,11587
14198,11588
13406,11589
23829,11590
8150,11591
22111,11592
21256,11593
16485,11594
21656,11595
10800,11596
9539,11597
13405,11598
14197,11599
17236,11600
22512,11601
9674,11602
17278,11603
8841,11604
1177,11605
11827,11606
12622,11607
1354,11608
1367,11609
13743,11610
14206,11611
14207,11612
15021,11613
15300,11614
10141,11615
15738,11616
16229,11617
16506,11618
1691,11619
17210,11620
17257,11621
17866,11622
1789,11623
15254,11624
18031,11625
18040,11626
18385,11627
18830,11628
18836,11629
18840,11630
18865,11631
18878,11632
19641,11633
13387,11634
19663,11635
19670,11636
18054,11637
19922,11638
10260,11639
19979,11640
20437,11641
19638,11642
20465,11643
20696,11644
20721,11645
10946,11646
2083,11647
20900,11648
21267,11649
21270,11650
21292,11651
21623,11652
21751,11653
15961,11654
22093,11655
17563,11656
22101,11657
21246,11658
22094,11659
22132,11660
22138,11661
22401,11662
19344,11663
14203,11664
22741,11665
14979,11666
10908,11667
13409,11668
14201,11669
12592,11670
20779,11671
1068,11672
13098,11673
21544,11674
22949,11675
23841,11676
3854,11677
3855,11678
23845,11679
23851,11680
23884,11681
22973,11682
23897,11683
23904,11684
23905,11685
5326,11686
5328,11687
350,11688
23028,11689
2349,11690
4927,11691
1784,11692
5262,11693
14685,11694
21542,11695
23035,11696
23043,11697
3924,11698
20266,11699
3992,11700
2612,11701
4487,11702
13415,11703
22175,11704
4955,11705
5894,11706
3153,11707
19468,11708
456,11709
4561,11710
4563,11711
23630,11712
2410,11713
24116,11714
24120,11715
462,11716
4623,11717
4624,11718
4626,11719
23252,11720
21882,11721
24199,11722
24200,11723
2835,11724
2838,11725
5150,11726
4706,11727
4250,11728
4728,11729
18770,11730
19813,11731
10945,11732
17971,11733
2339,11734
1141,11735
1890,11736
24083,11737
18327,11738
21790,11739
14533,11740
16955,11741
1154,11742
22603,11743
2506,11744
654,11745
12948,11746
2338,11747
14172,11748
2512,11749
2113,11750
3918,11751
3919,11752
3920,11753
18858,11754
18862,11755
18864,11756
20727,11757
3991,11758
16204,11759
15754,11760
1074,11761
3215,11762
20464,11763
647,11764
17243,11765
17260,11766
23262,11767
14983,11768
13141,11769
3792,11770
22398,11771
21031,11772
23338,11773
23809,11774
6600,11775
19100,11776
18066,11777
6604,11778
14727,11779
432,11780
8009,11781
21550,11782
18333,11783
899,11784
16997,11785
9457,11786
20695,11787
2575,11788
3041,11789
2587,11790
2590,11791
22142,11792
22605,11793
4471,11794
21244,11795
8188,11796
9577,11797
6812,11798
12052,11799
7285,11800
21283,11801
4550,11802
5944,11803
16721,11804
24114,11805
3209,11806
24126,11807
19980,11808
22760,11809
7389,11810
22772,11811
20935,11812
6020,11813
18664,11814
4701,11815
21547,11816
1374,11817
18834,11818
16994,11819
349,11820
856,11821
2577,11822
23498,11823
12889,11824
19343,11825
11548,11826
8158,11827
13408,11828
4499,11829
13425,11830
18037,11831
16200,11832
18507,11833
19897,11834
18062,11835
20372,11836
592,11837
15770,11838
19928,11839
23618,11840
12620,11841
20457,11842
17707,11843
19103,11844
19574,11845
3284,11846
5263,11847
22978,11848
17474,11849
3060,11850
3541,11851
11834,11852
11552,11853
5408,11854
8661,11855
22122,11856
18059,11857
7292,11858
20371,11859
20841,11860
10266,11861
11652,11862
16737,11863
19573,11864
3764,11865
3311,11866
1178,11867
6086,11868
13637,11869
15489,11870
6102,11871
11805,11872
6107,11873
20106,11874
23337,11875
5656,11876
19657,11877
7506,11878
1183,11879
15979,11880
19665,11881
16904,11882
21051,11883
17829,11884
1783,11885
10903,11886
15450,11887
23890,11888
17935,11889
14031,11890
23405,11891
22125,11892
20446,11893
18079,11894
3229,11895
22098,11896
7977,11897
7970,11898
17490,11899
3210,11900
1708,11901
22985,11902
8376,11903
1602,11904
8366,11905
23860,11906
19132,11907
4700,11908
20462,11909
18215,11910
16425,11911
3071,11912
20231,11913
23590,11914
5533,11915
5205,11916
12246,11917
19249,11918
16888,11919
24124,11920
433,11921
20039,11922
4460,11923
21786,11924
2805,11925
11846,11926
23866,11927
17952,11928
6607,11929
11411,11930
13929,11931
12303,11932
23256,11933
21066,11934
989,11935
8072,11936
5950,11937
20939,11938
14224,11939
9530,11940
13432,11941
6333,11942
20456,11943
3518,11944
3774,11945
14431,11946
6089,11947
24006,11948
15967,11949
21277,11950
19667,11951
2676,11952
2032,11953
2084,11954
11555,11955
19458,11956
7550,11957
8654,11958
13394,11959
15447,11960
10272,11961
18642,11962
23771,11963
18060,11964
1954,11965
14623,11966
4562,11967
9532,11968
21949,11969
22851,11970
21918,11971
22771,11972
6984,11973
13059,11974
20055,11975
4481,11976
22918,11977
2507,11978
5657,11979
18859,11980
19026,11981
18063,11982
20369,11983
19571,11984
2753,11985
596,11986
6200,11987
3285,11988
10214,11989
22991,11990
13183,11991
5633,11992
23863,11993
7602,11994
19014,11995
18384,11996
4625,11997
1152,11998
22409,11999
12846,12000
20933,12001
22876,12002
22023,12003
16901,12004
13829,12005
17031,12006
3444,12007
14033,12008
16728,12009
4930,12010
640,12011
17950,12012
19461,12013
20258,12014
6259,12015
17203,12016
16451,12017
20347,12018
17845,12019
16351,12020
17104,12021
641,12022
14931,12023
15691,12024
15580,12025
13241,12026
4211,12027
8999,12028
15584,12029
19451,12030
8367,12031
6314,12032
7683,12033
23753,12034
17465,12035
11403,12036
23571,12037
21995,12038
10273,12039
10958,12040
8610,12041
19464,12042
7536,12043
21142,12044
21063,12045
21915,12046
16448,12047
17200,12048
14821,12049
12452,12050
17087,12051
3504,12052
7606,12053
2075,12054
2796,12055
6922,12056
4193,12057
3705,12058
18003,12059
8605,12060
11468,12061
5446,12062
876,12063
5635,12064
16356,12065
7898,12066
16402,12067
8603,12068
21421,12069
20255,12070
21056,12071
14932,12072
15692,12073
12446,12074
13238,12075
13239,12076
14829,12077
14831,12078
1361,12079
2076,12080
22834,12081
5483,12082
471,12083
7927,12084
7178,12085
866,12086
8349,12087
16396,12088
6885,12089
10657,12090
7427,12091
1543,12092
19369,12093
10590,12094
13189,12095
19389,12096
1939,12097
1940,12098
505,12099
5478,12100
6178,12101
8231,12102
6374,12103
8352,12104
1950,12105
2674,12106
4782,12107
6186,12108
8240,12109
8957,12110
9642,12111
18703,12112
20307,12113
14869,12114
21109,12115
11118,12116
18705,12117
23671,12118
21958,12119
16381,12120
22813,12121
21105,12122
17905,12123
14078,12124
15629,12125
17907,12126
616,12127
618,12128
1338,12129
4174,12130
3467,12131
18686,12132
5584,12133
20319,12134
17919,12135
14103,12136
23110,12137
1619,12138
23828,12139
22788,12140
23646,12141
15664,12142
14363,12143
22131,12144
16405,12145
13522,12146
18717,12147
18787,12148
6273,12149
17173,12150
16421,12151
6445,12152
2431,12153
11093,12154
13543,12155
13264,12156
2150,12157
528,12158
3211,12159
11973,12160
2153,12161
17981,12162
8870,12163
17672,12164
20615,12165
2876,12166
13836,12167
15709,12168
5187,12169
16293,12170
22058,12171
20352,12172
2663,12173
22899,12174
10327,12175
2748,12176
6849,12177
23675,12178
22817,12179
17955,12180
375,12181
3466,12182
1309,12183
590,12184
6180,12185
11723,12186
12549,12187
11757,12188
22812,12189
6959,12190
20246,12191
3469,12192
17367,12193
14030,12194
18645,12195
8290,12196
9683,12197
7058,12198
2797,12199
15668,12200
4391,12201
18733,12202
16183,12203
14055,12204
23645,12205
20063,12206
13263,12207
4991,12208
19532,12209
18728,12210
17930,12211
15606,12212
8457,12213
7445,12214
3370,12215
7735,12216
11492,12217
7057,12218
14787,12219
21008,12220
19498,12221
7666,12222
4179,12223
10411,12224
21190,12225
16439,12226
1265,12227
6244,12228
14678,12229
4960,12230
18908,12231
21333,12232
5384,12233
2101,12234
1274,12235
1989,12236
1272,12237
12652,12238
1990,12239
2712,12240
16518,12241
4819,12242
5520,12243
21305,12244
10210,12245
23020,12246
11637,12247
22731,12248
22145,12249
23591,12250
23862,12251
420,12252
18861,12253
19666,12254
19658,12255
555,12256
20480,12257
5658,12258
419,12259
5964,12260
21692,12261
16957,12262
21543,12263
5183,12264
6913,12265
6228,12266
22161,12267
7776,12268
22902,12269
22912,12270
23574,12271
22715,12272
18788,12273
6928,12274
20403,12275
21009,12276
23572,12277
15649,12278
12489,12279
14889,12280
11697,12281
19520,12282
13282,12283
14075,12284
14888,12285
20318,12286
15624,12287
7701,12288
17698,12289
15802,12290
2710,12291
21313,12292
16197,12293
17272,12294
15013,12295
20484,12296
6911,12297
16521,12298
7597,12299
18883,12300
6084,12301
23889,12302
21312,12303
14237,12304
7326,12305
8074,12306
20697,12307
6108,12308
8140,12309
15012,12310
20485,12311
11860,12312
6643,12313
7391,12314
8850,12315
3542,12316
20466,12317
18853,12318
5264,12319
6702,12320
15449,12321
22399,12322
5884,12323
19246,12324
23131,12325
10328,12326
10432,12327
10404,12328
13573,12329
19278,12330
20991,12331
18780,12332
14014,12333
22249,12334
15893,12335
12776,12336
20878,12337
12752,12338
12738,12339
15099,12340
16941,12341
12731,12342
12764,12343
17322,12344
17684,12345
15837,12346
16617,12347
11025,12348
1837,12349
19288,12350
19750,12351
20551,12352
10356,12353
17211,12354
20891,12355
11940,12356
2117,12357
1259,12358
21186,12359
21867,12360
11768,12361
22039,12362
22218,12363
23104,12364
23444,12365
23961,12366
23966,12367
10355,12368
12559,12369
15050,12370
1267,12371
11767,12372
2696,12373
22035,12374
2703,12375
16458,12376
2716,12377
21020,12378
11859,12379
2720,12380
23880,12381
3410,12382
2719,12383
11850,12384
3411,12385
4119,12386
15001,12387
4268,12388
11961,12389
15436,12390
21363,12391
1981,12392
19581,12393
4962,12394
5664,12395
6209,12396
20380,12397
19423,12398
20220,12399
18078,12400
6888,12401
12560,12402
4117,12403
1996,12404
7460,12405
7700,12406
8262,12407
17985,12408
8845,12409
18877,12410
17828,12411
14995,12412
20227,12413
18061,12414
22732,12415
8146,12416
8985,12417
18784,12418
559,12419
2717,12420
12644,12421
8988,12422
21182,12423
17821,12424
18621,12425
14227,12426
8994,12427
16459,12428
6915,12429
6230,12430
9075,12431
12681,12432
2709,12433
11765,12434
4113,12435
12557,12436
21877,12437
19427,12438
4816,12439
14146,12440
2002,12441
1285,12442
551,12443
5516,12444
552,12445
17265,12446
9762,12447
9841,12448
9082,12449
12556,12450
6088,12451
7020,12452
22885,12453
22886,12454
9510,12455
9820,12456
1262,12457
12704,12458
13223,12459
12643,12460
7463,12461
16460,12462
3397,12463
15571,12464
1284,12465
402,12466
14807,12467
14813,12468
19441,12469
15566,12470
22981,12471
22119,12472
21243,12473
9139,12474
9160,12475
1150,12476
17043,12477
9536,12478
10221,12479
22729,12480
17212,12481
14015,12482
17263,12483
2145,12484
20993,12485
8381,12486
13203,12487
22953,12488
16290,12489
23760,12490
11851,12491
23838,12492
6229,12493
2571,12494
18002,12495
13435,12496
19440,12497
1253,12498
21893,12499
19596,12500
11775,12501
4239,12502
21040,12503
23813,12504
3273,12505
18045,12506
6914,12507
15760,12508
20207,12509
8846,12510
22099,12511
19651,12512
1971,12513
14186,12514
16515,12515
19635,12516
13442,12517
13227,12518
19436,12519
23600,12520
13996,12521
11848,12522
429,12523
10220,12524
2693,12525
5397,12526
16324,12527
20237,12528
23604,12529
5963,12530
8142,12531
23833,12532
13411,12533
11823,12534
4944,12535
12434,12536
19437,12537
18790,12538
18035,12539
12598,12540
23818,12541
14234,12542
8149,12543
2580,12544
10222,12545
22974,12546
23834,12547
14178,12548
24198,12549
1070,12550
23254,12551
10259,12552
12616,12553
11022,12554
14200,12555
19647,12556
6214,12557
3279,12558
2584,12559
10912,12560
18631,12561
19434,12562
4832,12563
22115,12564
21263,12565
8161,12566
6207,12567
6094,12568
2581,12569
8268,12570
23814,12571
2116,12572
14998,12573
20469,12574
21260,12575
22118,12576
19590,12577
12615,12578
21259,12579
12600,12580
916,12581
13386,12582
22954,12583
11822,12584
3274,12585
8848,12586
10900,12587
4810,12588
11798,12589
22114,12590
13360,12591
11807,12592
18383,12593
21239,12594
11799,12595
21294,12596
16509,12597
22147,12598
5511,12599
23336,12600
12591,12601
14179,12602
1785,12603
22477,12604
22149,12605
12639,12606
23006,12607
351,12608
19186,12609
21622,12610
12627,12611
3486,12612
18852,12613
4161,12614
18053,12615
20778,12616
14688,12617
9552,12618
8345,12619
19185,12620
1069,12621
1635,12622
3076,12623
3454,12624
5327,12625
10921,12626
5252,12627
20042,12628
7662,12629
16202,12630
24118,12631
3780,12632
22641,12633
2354,12634
4869,12635
5572,12636
5193,12637
13934,12638
13976,12639
1985,12640
22166,12641
21311,12642
11454,12643
14770,12644
10894,12645
23026,12646
18874,12647
4690,12648
18075,12649
12433,12650
13226,12651
13417,12652
14810,12653
17247,12654
22126,12655
3277,12656
4694,12657
14984,12658
17248,12659
8148,12660
15742,12661
13416,12662
8972,12663
11023,12664
22896,12665
6907,12666
6222,12667
14152,12668
556,12669
1275,12670
18713,12671
18682,12672
9067,12673
9044,12674
17346,12675
13881,12676
14673,12677
15435,12678
15845,12679
15088,12680
11915,12681
10360,12682
12666,12683
16595,12684
18948,12685
18949,12686
19755,12687
15809,12688
3390,12689
11873,12690
1131,12691
23042,12692
4098,12693
21326,12694
546,12695
21327,12696
6216,12697
9740,12698
7023,12699
22182,12700
17884,12701
9675,12702
5389,12703
13299,12704
22181,12705
19486,12706
20284,12707
410,12708
11712,12709
14092,12710
19695,12711
9735,12712
5661,12713
4693,12714
18871,12715
17835,12716
22743,12717
23602,12718
22968,12719
16492,12720
18839,12721
1859,12722
426,12723
10910,12724
18041,12725
23827,12726
20443,12727
22967,12728
19644,12729
21238,12730
23808,12731
16811,12732
16058,12733
8775,12734
10825,12735
5243,12736
18506,12737
2616,12738
16713,12739
12254,12740
23425,12741
7236,12742
10681,12743
3694,12744
14598,12745
13822,12746
21556,12747
6138,12748
6552,12749
19264,12750
6554,12751
7238,12752
4402,12753
12223,12754
13029,12755
23266,12756
15484,12757
10684,12758
5817,12759
17663,12760
5115,12761
4409,12762
5108,12763
13016,12764
12236,12765
15265,12766
13925,12767
3005,12768
5113,12769
3698,12770
5299,12771
20060,12772
2283,12773
1563,12774
8592,12775
8701,12776
14610,12777
12892,12778
7512,12779
3006,12780
7337,12781
3155,12782
19935,12783
13927,12784
9312,12785
19265,12786
3004,12787
2281,12788
7229,12789
12337,12790
6553,12791
12267,12792
8601,12793
7918,12794
7909,12795
6654,12796
15370,12797
16780,12798
3931,12799
3000,12800
837,12801
7914,12802
16865,12803
3864,12804
19104,12805
16991,12806
8602,12807
3939,12808
9315,12809
9998,12810
6545,12811
2282,12812
5107,12813
17616,12814
4573,12815
18302,12816
16238,12817
9313,12818
20864,12819
9996,12820
1559,12821
18463,12822
839,12823
5815,12824
5809,12825
15357,12826
5275,12827
18301,12828
14724,12829
20853,12830
5839,12831
5137,12832
2994,12833
15358,12834
22539,12835
12893,12836
4724,12837
865,12838
18456,12839
2304,12840
18208,12841
2271,12842
17617,12843
23398,12844
16781,12845
2613,12846
1584,12847
17533,12848
1180,12849
18206,12850
22556,12851
5835,12852
5133,12853
9986,12854
16866,12855
11442,12856
3201,12857
3002,12858
11364,12859
5816,12860
3003,12861
5990,12862
9997,12863
5814,12864
12029,12865
12034,12866
9858,12867
10525,12868
2128,12869
4273,12870
22254,12871
2849,12872
8937,12873
9319,12874
22564,12875
22839,12876
5625,12877
643,12878
21137,12879
17943,12880
1364,12881
6174,12882
7545,12883
9620,12884
17180,12885
13324,12886
11330,12887
22843,12888
11736,12889
10688,12890
15529,12891
17661,12892
3511,12893
7686,12894
22845,12895
3510,12896
18743,12897
20344,12898
21988,12899
22841,12900
17946,12901
7218,12902
5627,12903
15531,12904
6173,12905
8938,12906
20861,12907
6317,12908
2078,12909
5628,12910
20343,12911
19541,12912
20338,12913
21993,12914
14912,12915
10645,12916
21992,12917
21989,12918
11600,12919
7240,12920
16285,12921
17037,12922
6172,12923
19543,12924
19263,12925
14772,12926
16284,12927
17039,12928
2080,12929
17181,12930
1365,12931
18742,12932
3507,12933
17940,12934
21987,12935
9280,12936
21986,12937
5626,12938
16282,12939
7922,12940
22347,12941
12862,12942
24060,12943
7916,12944
7235,12945
2995,12946
5271,12947
8710,12948
14480,12949
15485,12950
8599,12951
21715,12952
16023,12953
11547,12954
4407,12955
4646,12956
3699,12957
8597,12958
9304,12959
5972,12960
4575,12961
5813,12962
21716,12963
5111,12964
1557,12965
9987,12966
18423,12967
5277,12968
16022,12969
21782,12970
3847,12971
12072,12972
18280,12973
19081,12974
986,12975
992,12976
1391,12977
20934,12978
836,12979
19266,12980
1556,12981
10678,12982
828,12983
23390,12984
20865,12985
2278,12986
9993,12987
1548,12988
22530,12989
273,12990
16779,12991
23492,12992
3001,12993
5439,12994
7234,12995
11473,12996
4406,12997
5112,12998
5106,12999
21675,13000
2434,13001
19138,13002
14453,13003
12866,13004
19874,13005
23200,13006
12068,13007
24062,13008
19932,13009
15264,13010
22634,13011
9311,13012
22567,13013
9994,13014
10679,13015
11357,13016
20022,13017
3866,13018
4405,13019
5808,13020
20823,13021
1711,13022
13689,13023
20932,13024
5812,13025
20062,13026
3697,13027
17664,13028
4408,13029
7915,13030
10672,13031
19226,13032
3157,13033
17532,13034
16239,13035
3700,13036
1549,13037
13015,13038
1710,13039
12097,13040
6139,13041
840,13042
20061,13043
1560,13044
5114,13045
15263,13046
10682,13047
829,13048
13808,13049
2433,13050
22411,13051
13132,13052
9314,13053
22566,13054
11367,13055
20930,13056
838,13057
23426,13058
1558,13059
2279,13060
2272,13061
4569,13062
9392,13063
20734,13064
10643,13065
7217,13066
9963,13067
6532,13068
14373,13069
16655,13070
12003,13071
18980,13072
8501,13073
814,13074
7820,13075
1321,13076
21929,13077
17105,13078
14839,13079
2159,13080
18188,13081
7105,13082
10375,13083
21922,13084
5566,13085
2258,13086
5046,13087
1452,13088
17874,13089
22781,13090
18666,13091
11671,13092
12464,13093
6241,13094
18671,13095
2163,13096
20594,13097
9827,13098
7147,13099
19475,13100
17106,13101
18670,13102
4156,13103
17871,13104
17107,13105
9691,13106
10551,13107
2981,13108
713,13109
5030,13110
5737,13111
21071,13112
728,13113
11183,13114
14394,13115
1432,13116
19477,13117
7629,13118
3450,13119
7611,13120
12466,13121
21928,13122
11219,13123
1534,13124
24063,13125
22350,13126
23203,13127
12073,13128
9840,13129
10516,13130
2171,13131
11198,13132
8410,13133
6367,13134
7729,13135
13566,13136
16286,13137
8227,13138
8228,13139
1568,13140
6747,13141
23697,13142
4922,13143
1363,13144
644,13145
15312,13146
4612,13147
24082,13148
13145,13149
2882,13150
16165,13151
711,13152
1433,13153
4305,13154
18298,13155
17746,13156
20593,13157
10883,13158
19793,13159
22271,13160
3595,13161
17573,13162
1056,13163
24210,13164
337,13165
13678,13166
17745,13167
5031,13168
10196,13169
5735,13170
3610,13171
2871,13172
10488,13173
23701,13174
19540,13175
15533,13176
6858,13177
8226,13178
10002,13179
5368,13180
8369,13181
4217,13182
17947,13183
21135,13184
23699,13185
8453,13186
4924,13187
10777,13188
19895,13189
14729,13190
1437,13191
7441,13192
715,13193
5738,13194
19790,13195
23385,13196
21417,13197
14651,13198
13605,13199
15924,13200
21414,13201
17601,13202
9410,13203
22370,13204
22648,13205
19346,13206
7783,13207
10882,13208
8464,13209
6421,13210
20590,13211
6650,13212
10093,13213
12881,13214
11371,13215
2079,13216
1362,13217
6318,13218
19545,13219
18740,13220
17941,13221
11173,13222
10185,13223
14771,13224
6859,13225
8939,13226
21654,13227
10806,13228
13679,13229
13937,13230
1435,13231
9513,13232
2161,13233
2884,13234
22267,13235
3609,13236
2885,13237
19789,13238
14564,13239
8753,13240
21516,13241
12348,13242
4319,13243
8125,13244
4593,13245
14469,13246
16998,13247
714,13248
15411,13249
10502,13250
7106,13251
20589,13252
13775,13253
15671,13254
3010,13255
1434,13256
712,13257
4304,13258
18377,13259
10145,13260
12085,13261
21795,13262
10500,13263
8126,13264
10829,13265
21514,13266
13936,13267
15168,13268
7442,13269
15925,13270
16678,13271
2147,13272
24193,13273
710,13274
10198,13275
5732,13276
5028,13277
3594,13278
19178,13279
9461,13280
19099,13281
20944,13282
8368,13283
23696,13284
13323,13285
12812,13286
21133,13287
3508,13288
8823,13289
10989,13290
17038,13291
8229,13292
24018,13293
21458,13294
20644,13295
13648,13296
18953,13297
12289,13298
19759,13299
20560,13300
14349,13301
22481,13302
5318,13303
12821,13304
7566,13305
7555,13306
20304,13307
21104,13308
21087,13309
22811,13310
5488,13311
17903,13312
2056,13313
21394,13314
23438,13315
13567,13316
14357,13317
16623,13318
14579,13319
1730,13320
12826,13321
8235,13322
23971,13323
14350,13324
22504,13325
7373,13326
11017,13327
2176,13328
19506,13329
6868,13330
18701,13331
21940,13332
22248,13333
22581,13334
23109,13335
7724,13336
22470,13337
8785,13338
11208,13339
6196,13340
3361,13341
22810,13342
21957,13343
4885,13344
11988,13345
11496,13346
12779,13347
10455,13348
1741,13349
17817,13350
21136,13351
21093,13352
21864,13353
21946,13354
4888,13355
17304,13356
3971,13357
16554,13358
15804,13359
22199,13360
14570,13361
8382,13362
18103,13363
17576,13364
2486,13365
17942,13366
4804,13367
22716,13368
22799,13369
23657,13370
18690,13371
15047,13372
1840,13373
20517,13374
3264,13375
12701,13376
11910,13377
23061,13378
12215,13379
8718,13380
17945,13381
19420,13382
19411,13383
19497,13384
3476,13385
5591,13386
13492,13387
11895,13388
21621,13389
4627,13390
2694,13391
2801,13392
627,13393
23575,13394
1347,13395
17892,13396
15046,13397
2562,13398
15803,13399
16553,13400
8462,13401
15167,13402
10499,13403
11340,13404
7142,13405
2038,13406
2759,13407
20275,13408
21076,13409
21075,13410
23641,13411
15599,13412
16353,13413
22602,13414
19304,13415
4704,13416
18667,13417
19471,13418
6260,13419
6946,13420
2883,13421
17429,13422
3611,13423
7902,13424
730,13425
16354,13426
18672,13427
17872,13428
23639,13429
17868,13430
22775,13431
18669,13432
19473,13433
11670,13434
14049,13435
17873,13436
20273,13437
18502,13438
19303,13439
17703,13440
6538,13441
14840,13442
15600,13443
14841,13444
22783,13445
19474,13446
20272,13447
4864,13448
5565,13449
22780,13450
23638,13451
15601,13452
16355,13453
6463,13454
7782,13455
5029,13456
9145,13457
3287,13458
1156,13459
20101,13460
22778,13461
23636,13462
6537,13463
5407,13464
20102,13465
3288,13466
17875,13467
18673,13468
13259,13469
14052,13470
4157,13471
4865,13472
11672,13473
23642,13474
19476,13475
20274,13476
16687,13477
9823,13478
3608,13479
7102,13480
18251,13481
3103,13482
15225,13483
21455,13484
398,13485
4219,13486
10873,13487
1369,13488
10190,13489
5631,13490
2082,13491
399,13492
20271,13493
20876,13494
14668,13495
21926,13496
11493,13497
20269,13498
13080,13499
21074,13500
13939,13501
3606,13502
8832,13503
4316,13504
5027,13505
2148,13506
23346,13507
2495,13508
14471,13509
18988,13510
700,13511
18392,13512
19237,13513
24091,13514
23505,13515
17428,13516
10197,13517
16677,13518
9824,13519
1422,13520
19193,13521
20033,13522
20700,13523
17747,13524
11182,13525
6754,13526
9143,13527
12539,13528
13188,13529
6857,13530
8230,13531
6458,13532
673,13533
2832,13534
22077,13535
2110,13536
23792,13537
21222,13538
18819,13539
18020,13540
22301,13541
19839,13542
20637,13543
23793,13544
18019,13545
18818,13546
19620,13547
4317,13548
3607,13549
18985,13550
13001,13551
10094,13552
14472,13553
23506,13554
2160,13555
6069,13556
18189,13557
15412,13558
18989,13559
19794,13560
18185,13561
13794,13562
9411,13563
22378,13564
21794,13565
17425,13566
14582,13567
8729,13568
5945,13569
20144,13570
5736,13571
8830,13572
5032,13573
1436,13574
12394,13575
20366,13576
2660,13577
6861,13578
2901,13579
22081,13580
21226,13581
4952,13582
5654,13583
19624,13584
20423,13585
18022,13586
18821,13587
15715,13588
14956,13589
22936,13590
3540,13591
23154,13592
18247,13593
19047,13594
10305,13595
14924,13596
16283,13597
6862,13598
3538,13599
4246,13600
21224,13601
4951,13602
20420,13603
19621,13604
18021,13605
18820,13606
19623,13607
20422,13608
23795,13609
22935,13610
8507,13611
6068,13612
6420,13613
5734,13614
16673,13615
17583,13616
2473,13617
21525,13618
11556,13619
7104,13620
11181,13621
10498,13622
18184,13623
12979,13624
3888,13625
18304,13626
12350,13627
5733,13628
16919,13629
20701,13630
11557,13631
9826,13632
8831,13633
10501,13634
11184,13635
18984,13636
16832,13637
1750,13638
12852,13639
22302,13640
23152,13641
19619,13642
22076,13643
11604,13644
12540,13645
15532,13646
9625,13647
2376,13648
4510,13649
3097,13650
22075,13651
22930,13652
1392,13653
2109,13654
671,13655
23790,13656
20418,13657
18017,13658
22932,13659
18817,13660
7136,13661
2158,13662
699,13663
22471,13664
9462,13665
24089,13666
23507,13667
9142,13668
10884,13669
2881,13670
4318,13671
7443,13672
9825,13673
9144,13674
1421,13675
2428,13676
8780,13677
19106,13678
13144,13679
20945,13680
6418,13681
7444,13682
8461,13683
7780,13684
2870,13685
21616,13686
10146,13687
18303,13688
17489,13689
15218,13690
2374,13691
15217,13692
2880,13693
5729,13694
4314,13695
4313,13696
19542,13697
15113,13698
17371,13699
16428,13700
10448,13701
19544,13702
12767,13703
4216,13704
22397,13705
24110,13706
3837,13707
18187,13708
6422,13709
10503,13710
10451,13711
23533,13712
21824,13713
13170,13714
12374,13715
6724,13716
18572,13717
22676,13718
980,13719
24111,13720
22395,13721
7100,13722
1438,13723
7108,13724
13564,13725
13959,13726
20968,13727
11579,13728
23528,13729
15516,13730
13166,13731
9481,13732
2156,13733
11185,13734
9829,13735
20171,13736
18571,13737
20970,13738
22673,13739
13960,13740
21821,13741
9776,13742
23249,13743
1698,13744
23248,13745
12240,13746
23535,13747
17426,13748
4320,13749
8466,13750
13827,13751
14758,13752
18574,13753
20174,13754
17775,13755
17774,13756
17376,13757
19917,13758
20716,13759
19125,13760
13613,13761
10540,13762
15177,13763
9169,13764
17870,13765
18668,13766
1403,13767
4983,13768
14051,13769
21073,13770
12780,13771
21070,13772
21923,13773
8411,13774
22782,13775
23640,13776
14456,13777
14449,13778
18284,13779
17636,13780
19124,13781
14734,13782
18987,13783
3961,13784
19792,13785
20592,13786
5016,13787
19988,13788
11177,13789
21632,13790
2494,13791
973,13792
15492,13793
8465,13794
9512,13795
7784,13796
4321,13797
2886,13798
10494,13799
22487,13800
1771,13801
15258,13802
20953,13803
9828,13804
6752,13805
9147,13806
13068,13807
19275,13808
20070,13809
18243,13810
20972,13811
19086,13812
19883,13813
15994,13814
1833,13815
5728,13816
5024,13817
22268,13818
14583,13819
1725,13820
24113,13821
14732,13822
6416,13823
287,13824
23237,13825
19345,13826
5034,13827
6067,13828
6424,13829
11186,13830
16674,13831
13002,13832
1006,13833
12092,13834
18547,13835
10504,13836
10195,13837
11187,13838
9148,13839
15921,13840
12209,13841
18472,13842
19273,13843
3965,13844
21820,13845
24014,13846
21413,13847
17584,13848
2472,13849
6637,13850
21801,13851
15166,13852
3254,13853
15923,13854
16676,13855
7107,13856
7785,13857
17424,13858
12980,13859
3887,13860
22381,13861
16244,13862
6423,13863
8124,13864
10881,13865
2887,13866
716,13867
15164,13868
12185,13869
3178,13870
21531,13871
20951,13872
2164,13873
19372,13874
18473,13875
20870,13876
4674,13877
16751,13878
18283,13879
18286,13880
24012,13881
16675,13882
5371,13883
18986,13884
18186,13885
5719,13886
21617,13887
1794,13888
22394,13889
13151,13890
6753,13891
9146,13892
8463,13893
10493,13894
23331,13895
361,13896
13683,13897
22647,13898
2162,13899
11176,13900
22472,13901
1080,13902
16773,13903
13945,13904
3612,13905
14650,13906
4322,13907
5033,13908
3803,13909
19375,13910
16172,13911
16173,13912
17675,13913
19083,13914
5940,13915
9382,13916
4307,13917
3598,13918
8456,13919
5017,13920
22080,13921
21225,13922
6361,13923
11970,13924
22934,13925
23794,13926
13554,13927
14163,13928
13371,13929
10444,13930
20419,13931
18018,13932
3129,13933
13659,13934
20679,13935
19920,13936
19918,13937
18322,13938
13594,13939
11163,13940
12808,13941
19043,13942
13963,13943
19882,13944
22354,13945
13660,13946
978,13947
13686,13948
4547,13949
13596,13950
7766,13951
10482,13952
17024,13953
21451,13954
17527,13955
5948,13956
5248,13957
21822,13958
7765,13959
14385,13960
6403,13961
15993,13962
19084,13963
24065,13964
18245,13965
21540,13966
4545,13967
19122,13968
5917,13969
15519,13970
16665,13971
17415,13972
9805,13973
18282,13974
6630,13975
14455,13976
12746,13977
23340,13978
23402,13979
22382,13980
4792,13981
2688,13982
22808,13983
23666,13984
5589,13985
7041,13986
13878,13987
16606,13988
17357,13989
9089,13990
20881,13991
8400,13992
7719,13993
20557,13994
13790,13995
2453,13996
19115,13997
20188,13998
18592,13999
19504,14000
20302,14001
22792,14002
13538,14003
13769,14004
320,14005
13684,14006
3375,14007
19395,14008
17901,14009
18699,14010
23650,14011
17361,14012
13877,14013
15103,14014
15860,14015
19286,14016
4978,14017
5681,14018
15091,14019
23329,14020
9467,14021
24095,14022
4083,14023
2689,14024
2067,14025
2788,14026
4178,14027
7040,14028
11580,14029
23049,14030
13781,14031
1023,14032
18617,14033
20342,14034
4183,14035
6893,14036
18693,14037
19494,14038
12685,14039
15443,14040
11893,14041
17290,14042
14681,14043
15790,14044
15033,14045
23048,14046
16824,14047
3189,14048
20340,14049
5505,14050
6208,14051
22798,14052
23656,14053
21943,14054
16540,14055
13169,14056
15782,14057
5269,14058
10765,14059
18744,14060
20217,14061
10339,14062
2783,14063
2062,14064
20292,14065
20507,14066
16196,14067
18101,14068
13477,14069
16269,14070
24197,14071
1071,14072
3386,14073
645,14074
21092,14075
14011,14076
21945,14077
1344,14078
20506,14079
8137,14080
19706,14081
18901,14082
23909,14083
23534,14084
21478,14085
19067,14086
22331,14087
16756,14088
19080,14089
15996,14090
14384,14091
10480,14092
10481,14093
874,14094
16441,14095
21482,14096
24046,14097
3122,14098
23201,14099
19082,14100
14452,14101
14386,14102
8447,14103
7087,14104
17970,14105
10030,14106
15997,14107
19876,14108
13661,14109
15684,14110
12016,14111
13595,14112
7086,14113
4530,14114
24044,14115
23184,14116
9345,14117
16755,14118
14450,14119
12861,14120
3731,14121
11748,14122
17417,14123
15155,14124
9125,14125
19066,14126
960,14127
22328,14128
7005,14129
1370,14130
2806,14131
21141,14132
14348,14133
22777,14134
16620,14135
22779,14136
16352,14137
6362,14138
10447,14139
13258,14140
16822,14141
15313,14142
17574,14143
17509,14144
16752,14145
16754,14146
17385,14147
17386,14148
21404,14149
1594,14150
17602,14151
16851,14152
7333,14153
12865,14154
19877,14155
12070,14156
4280,14157
2855,14158
18967,14159
9346,14160
15238,14161
15995,14162
12863,14163
20572,14164
2133,14165
15885,14166
15326,14167
20001,14168
20800,14169
10029,14170
18281,14171
20672,14172
12067,14173
4439,14174
15884,14175
18965,14176
16635,14177
24194,14178
18378,14179
23332,14180
1119,14181
16166,14182
400,14183
2555,14184
16185,14185
15672,14186
18482,14187
18741,14188
23702,14189
14669,14190
17683,14191
2081,14192
3905,14193
1055,14194
2493,14195
2398,14196
23181,14197
24041,14198
17802,14199
16581,14200
23453,14201
15074,14202
15831,14203
19723,14204
19197,14205
10134,14206
19937,14207
15077,14208
23962,14209
5247,14210
18797,14211
17998,14212
13516,14213
3899,14214
19746,14215
15266,14216
16775,14217
4970,14218
2594,14219
14312,14220
21384,14221
14782,14222
24130,14223
22596,14224
22709,14225
17722,14226
20524,14227
10925,14228
18917,14229
3782,14230
18139,14231
16297,14232
17799,14233
23098,14234
19991,14235
6803,14236
17634,14237
2351,14238
19140,14239
1970,14240
918,14241
3555,14242
8164,14243
18940,14244
12732,14245
12736,14246
5195,14247
4967,14248
17814,14249
14709,14250
18396,14251
5673,14252
4489,14253
12420,14254
8101,14255
1049,14256
18116,14257
23992,14258
9080,14259
16305,14260
18613,14261
4261,14262
5896,14263
5949,14264
24218,14265
23354,14266
23953,14267
7708,14268
14676,14269
7252,14270
21851,14271
23488,14272
330,14273
2487,14274
13884,14275
18132,14276
18933,14277
14297,14278
21639,14279
4605,14280
23267,14281
17803,14282
23091,14283
11505,14284
7031,14285
6347,14286
11925,14287
14550,14288
5307,14289
3838,14290
15544,14291
8389,14292
3552,14293
22239,14294
3083,14295
18338,14296
22413,14297
2599,14298
6114,14299
10239,14300
21002,14301
3073,14302
9371,14303
18601,14304
1872,14305
2841,14306
1588,14307
20043,14308
22283,14309
6348,14310
2361,14311
13507,14312
19814,14313
16145,14314
22494,14315
13378,14316
924,14317
18433,14318
13961,14319
1936,14320
22086,14321
472,14322
6997,14323
9331,14324
6311,14325
4866,14326
17999,14327
10274,14328
11584,14329
22675,14330
2648,14331
21839,14332
1357,14333
3341,14334
4916,14335
6312,14336
637,14337
5567,14338
20399,14339
15551,14340
13208,14341
11939,14342
15552,14343
14306,14344
13091,14345
18491,14346
17331,14347
16580,14348
11124,14349
12170,14350
1764,14351
20213,14352
21375,14353
22230,14354
12716,14355
13760,14356
3190,14357
21558,14358
13198,14359
3300,14360
11427,14361
4264,14362
4644,14363
23132,14364
11659,14365
13168,14366
22911,14367
4677,14368
2122,14369
2844,14370
10440,14371
12965,14372
6998,14373
8363,14374
14847,14375
6327,14376
8620,14377
10368,14378
15588,14379
18000,14380
18799,14381
11621,14382
12415,14383
14792,14384
15834,14385
13883,14386
19416,14387
20547,14388
4747,14389
5619,14390
15607,14391
5648,14392
23578,14393
17055,14394
17057,14395
17332,14396
22719,14397
16587,14398
23100,14399
7032,14400
21740,14401
7937,14402
2559,14403
18492,14404
17338,14405
11661,14406
15080,14407
13247,14408
14039,14409
21357,14410
20790,14411
5306,14412
1587,14413
8727,14414
10092,14415
286,14416
23186,14417
2401,14418
22335,14419
10766,14420
12104,14421
15260,14422
15820,14423
19222,14424
20019,14425
20199,14426
20621,14427
19630,14428
10015,14429
20915,14430
20995,14431
16590,14432
20997,14433
20550,14434
21362,14435
23959,14436
18137,14437
18921,14438
20018,14439
24252,14440
10082,14441
19938,14442
16220,14443
12839,14444
22701,14445
18143,14446
2440,14447
21562,14448
20196,14449
20919,14450
2441,14451
23269,14452
15473,14453
17050,14454
22236,14455
3086,14456
3138,14457
13914,14458
18597,14459
13527,14460
20620,14461
3871,14462
20720,14463
17716,14464
20195,14465
13530,14466
4579,14467
20737,14468
17801,14469
18524,14470
22288,14471
4972,14472
5204,14473
5268,14474
5676,14475
6109,14476
1646,14477
6613,14478
7298,14479
18444,14480
7711,14481
8393,14482
8667,14483
11384,14484
21817,14485
2073,14486
8719,14487
7253,14488
4034,14489
20966,14490
14485,14491
2794,14492
16973,14493
21849,14494
17113,14495
21435,14496
665,14497
17337,14498
15385,14499
19822,14500
20248,14501
23527,14502
3031,14503
19602,14504
4917,14505
1907,14506
2308,14507
4126,14508
6237,14509
2074,14510
9685,14511
18001,14512
18800,14513
11618,14514
11053,14515
10369,14516
13998,14517
14000,14518
21014,14519
16467,14520
17218,14521
12737,14522
18944,14523
4973,14524
12414,14525
11620,14526
20888,14527
11946,14528
23965,14529
23078,14530
22528,14531
279,14532
22396,14533
23556,14534
13528,14535
22720,14536
20087,14537
14674,14538
19413,14539
19749,14540
23478,14541
23097,14542
4267,14543
12735,14544
5675,14545
19290,14546
14425,14547
3968,14548
3558,14549
11944,14550
23452,14551
18943,14552
23940,14553
3557,14554
18142,14555
23388,14556
4266,14557
20528,14558
19727,14559
18419,14560
20819,14561
3872,14562
3163,14563
12102,14564
17725,14565
2364,14566
7419,14567
15962,14568
18826,14569
21819,14570
14756,14571
2647,14572
3502,14573
4209,14574
17030,14575
19482,14576
4208,14577
20401,14578
4746,14579
2795,14580
8932,14581
20280,14582
998,14583
3501,14584
21204,14585
23272,14586
16361,14587
15547,14588
17798,14589
2591,14590
1386,14591
12412,14592
21865,14593
23577,14594
12045,14595
21866,14596
15840,14597
22243,14598
7712,14599
10171,14600
13206,14601
13207,14602
20210,14603
21739,14604
18487,14605
19289,14606
14317,14607
16586,14608
8392,14609
15083,14610
21388,14611
7035,14612
17689,14613
20088,14614
22595,14615
14318,14616
23967,14617
6351,14618
15082,14619
15836,14620
6350,14621
18121,14622
20529,14623
18922,14624
15839,14625
15079,14626
7034,14627
20820,14628
21672,14629
22217,14630
15063,14631
1717,14632
5968,14633
7935,14634
19070,14635
5233,14636
21480,14637
12192,14638
23270,14639
21560,14640
18118,14641
18340,14642
24133,14643
22416,14644
1697,14645
9427,14646
17726,14647
22704,14648
18525,14649
23561,14650
23375,14651
22627,14652
3384,14653
12330,14654
22702,14655
11538,14656
21850,14657
13119,14658
4090,14659
12888,14660
5899,14661
15076,14662
19019,14663
18141,14664
10797,14665
5902,14666
20553,14667
23996,14668
12733,14669
5201,14670
23102,14671
6610,14672
7713,14673
16222,14674
23559,14675
21559,14676
14624,14677
18220,14678
22240,14679
13989,14680
8168,14681
7295,14682
14308,14683
19818,14684
10700,14685
12249,14686
11385,14687
23134,14688
22671,14689
9332,14690
14755,14691
11052,14692
11386,14693
8287,14694
8364,14695
4240,14696
4945,14697
18945,14698
22214,14699
16086,14700
8047,14701
5249,14702
18520,14703
20197,14704
21433,14705
15081,14706
11453,14707
22286,14708
14170,14709
18647,14710
3532,14711
16300,14712
17053,14713
17339,14714
23450,14715
16588,14716
6569,14717
12416,14718
19412,14719
1194,14720
18569,14721
4745,14722
6238,14723
15833,14724
11942,14725
5620,14726
638,14727
7680,14728
12455,14729
6923,14730
20089,14731
22594,14732
14058,14733
23768,14734
22910,14735
16583,14736
14314,14737
13367,14738
19414,14739
17334,14740
13524,14741
11624,14742
12417,14743
20211,14744
23937,14745
21359,14746
18935,14747
21379,14748
13521,14749
14569,14750
13780,14751
5379,14752
23093,14753
23955,14754
11927,14755
16837,14756
1742,14757
16025,14758
22707,14759
18134,14760
19744,14761
19725,14762
21658,14763
1024,14764
19936,14765
11609,14766
23957,14767
21744,14768
22234,14769
13090,14770
15832,14771
15075,14772
20526,14773
24239,14774
305,14775
23250,14776
21000,14777
21382,14778
8745,14779
7364,14780
3299,14781
7487,14782
4712,14783
1638,14784
19017,14785
18218,14786
14630,14787
5885,14788
14757,14789
20429,14790
6999,14791
22674,14792
2629,14793
7535,14794
7681,14795
6313,14796
13182,14797
8217,14798
17879,14799
18677,14800
1358,14801
4915,14802
23770,14803
17219,14804
13265,14805
13205,14806
12570,14807
12413,14808
15548,14809
18609,14810
20209,14811
14316,14812
8394,14813
23964,14814
11622,14815
14790,14816
4092,14817
22593,14818
22592,14819
23451,14820
18942,14821
21385,14822
11936,14823
13526,14824
6352,14825
17335,14826
3261,14827
21741,14828
20893,14829
15838,14830
7036,14831
16584,14832
19748,14833
23963,14834
12727,14835
14298,14836
20527,14837
13508,14838
20549,14839
23101,14840
23095,14841
17588,14842
24240,14843
15330,14844
18919,14845
23075,14846
9426,14847
10112,14848
8744,14849
12986,14850
10113,14851
8052,14852
10121,14853
6686,14854
10698,14855
19861,14856
24038,14857
23178,14858
3724,14859
13745,14860
12099,14861
21870,14862
16577,14863
18610,14864
13505,14865
5331,14866
21004,14867
9559,14868
20544,14869
17318,14870
17811,14871
21868,14872
22722,14873
15303,14874
21539,14875
11932,14876
4476,14877
20894,14878
21377,14879
22232,14880
12714,14881
16061,14882
2510,14883
14483,14884
11610,14885
19743,14886
17566,14887
22238,14888
23960,14889
17329,14890
1787,14891
10927,14892
22708,14893
4715,14894
1072,14895
21742,14896
21383,14897
9761,14898
9759,14899
7328,14900
5330,14901
20719,14902
22703,14903
23099,14904
3213,14905
12896,14906
13195,14907
18138,14908
20090,14909
17330,14910
11938,14911
9078,14912
8011,14913
8693,14914
3922,14915
12895,14916
12404,14917
16578,14918
21745,14919
18136,14920
18937,14921
14295,14922
20718,14923
1628,14924
14303,14925
3769,14926
20717,14927
19325,14928
6796,14929
4004,14930
21853,14931
6111,14932
23564,14933
5417,14934
1640,14935
922,14936
5888,14937
12729,14938
5883,14939
15827,14940
10741,14941
12250,14942
20843,14943
2359,14944
5182,14945
9330,14946
23801,14947
2628,14948
20170,14949
5617,14950
4914,14951
6261,14952
22055,14953
21018,14954
14003,14955
20214,14956
7572,14957
22228,14958
15070,14959
17324,14960
6078,14961
19739,14962
20540,14963
16568,14964
12155,14965
10139,14966
13692,14967
23566,14968
21373,14969
20092,14970
15067,14971
21746,14972
16573,14973
18930,14974
15818,14975
12950,14976
17641,14977
24128,14978
13199,14979
10241,14980
10931,14981
1630,14982
911,14983
22546,14984
18216,14985
10014,14986
7603,14987
11660,14988
17095,14989
21202,14990
22909,14991
23767,14992
21016,14993
17328,14994
8618,14995
3330,14996
7936,14997
868,14998
11625,14999
23579,15000
12375,15001
5618,15002
9686,15003
11583,15004
11054,15005
9003,15006
8362,15007
22054,15008
22907,15009
13211,15010
14797,15011
15553,15012
21019,15013
21368,15014
13513,15015
20537,15016
15439,15017
22223,15018
23084,15019
8387,15020
8692,15021
3923,15022
14481,15023
21858,15024
14302,15025
10932,15026
13520,15027
13093,15028
19736,15029
22225,15030
7706,15031
6645,15032
4629,15033
22412,15034
13992,15035
18129,15036
12723,15037
22599,15038
16714,15039
19292,15040
6119,15041
16943,15042
12722,15043
14310,15044
908,15045
23089,15046
11931,15047
21381,15048
17648,15049
23951,15050
7026,15051
2347,15052
11923,15053
21231,15054
21826,15055
16814,15056
16272,15057
4036,15058
5460,15059
4207,15060
353,15061
7679,15062
3500,15063
17032,15064
4758,15065
4158,15066
3451,15067
4206,15068
3499,15069
20400,15070
19601,15071
6947,15072
13366,15073
10144,15074
360,15075
8778,15076
10484,15077
12809,15078
15158,15079
11166,15080
23969,15081
11669,15082
23635,15083
13535,15084
21072,15085
23637,15086
14838,15087
15598,15088
11954,15089
9085,15090
12465,15091
21927,15092
3196,15093
336,15094
1770,15095
12959,15096
17575,15097
16823,15098
17534,15099
16018,15100
13694,15101
18339,15102
20736,15103
24129,15104
23268,15105
12894,15106
12100,15107
4546,15108
19123,15109
18323,15110
21631,15111
9409,15112
10776,15113
1005,15114
14584,15115
22525,15116
13796,15117
12897,15118
12898,15119
13695,15120
14476,15121
12103,15122
19921,15123
14484,15124
22417,15125
23251,15126
22414,15127
24134,15128
3839,15129
24249,15130
17585,15131
16082,15132
16834,15133
12094,15134
16782,15135
2416,15136
19141,15137
19139,15138
20735,15139
22415,15140
21561,15141
24112,15142
24132,15143
23271,15144
7320,15145
7369,15146
10805,15147
9435,15148
14563,15149
20774,15150
19179,15151
19975,15152
23330,15153
14482,15154
13693,15155
12101,15156
16024,15157
12098,15158
15267,15159
18321,15160
19919,15161
21541,15162
22393,15163
13691,15164
21557,15165
10828,15166
1079,15167
9460,15168
8459,15169
3604,15170
2157,15171
3603,15172
15870,15173
5653,15174
23796,15175
11131,15176
1394,15177
22079,15178
4248,15179
12574,15180
11132,15181
11976,15182
2831,15183
672,15184
13102,15185
15453,15186
8163,15187
3195,15188
17635,15189
4610,15190
6631,15191
8002,15192
23205,15193
12077,15194
17513,15195
15999,15196
16758,15197
15241,15198
23204,15199
21499,15200
13669,15201
20681,15202
5315,15203
7481,15204
16206,15205
11513,15206
10775,15207
1724,15208
3166,15209
22353,15210
3831,15211
14460,15212
12079,15213
24066,15214
21504,15215
24064,15216
12872,15217
17515,15218
12868,15219
13671,15220
5241,15221
1726,15222
1032,15223
9434,15224
10804,15225
21503,15226
17510,15227
16004,15228
23209,15229
16002,15230
19880,15231
12870,15232
14458,15233
23207,15234
20680,15235
21501,15236
6632,15237
15452,15238
13101,15239
14691,15240
8754,15241
10827,15242
1793,15243
3219,15244
1795,15245
3830,15246
13666,15247
13667,15248
20677,15249
13665,15250
19881,15251
12075,15252
19087,15253
22355,15254
15242,15255
5240,15256
8001,15257
6792,15258
7482,15259
16963,15260
7756,15261
21410,15262
8436,15263
7079,15264
19752,15265
12372,15266
11941,15267
17772,15268
17022,15269
21387,15270
18939,15271
22677,15272
19039,15273
20635,15274
19837,15275
3904,15276
18434,15277
5312,15278
7316,15279
8686,15280
22352,15281
14459,15282
12074,15283
15240,15284
17511,15285
16000,15286
19085,15287
14457,15288
16003,15289
21502,15290
4613,15291
24009,15292
21446,15293
22299,15294
10091,15295
2447,15296
3875,15297
13668,15298
4539,15299
15244,15300
24069,15301
21500,15302
20683,15303
18285,15304
13670,15305
16762,15306
22351,15307
12873,15308
5942,15309
2449,15310
313,15311
8752,15312
10120,15313
20682,15314
16757,15315
15246,15316
22356,15317
16760,15318
20678,15319
16761,15320
12076,15321
12871,15322
15243,15323
24067,15324
7317,15325
13644,15326
21445,15327
14435,15328
9436,15329
10143,15330
2516,15331
3928,15332
2518,15333
4538,15334
21498,15335
12869,15336
19879,15337
12867,15338
16001,15339
17514,15340
23206,15341
23208,15342
17512,15343
5941,15344
8685,15345
18238,15346
20634,15347
19038,15348
18146,15349
13532,15350
15061,15351
24203,15352
22543,15353
5502,15354
9809,15355
17898,15356
20191,15357
18696,15358
21941,15359
20555,15360
20887,15361
12742,15362
18920,15363
12997,15364
8733,15365
13597,15366
21846,15367
18591,15368
21099,15369
21952,15370
20289,15371
14322,15372
22591,15373
11951,15374
16594,15375
23448,15376
17345,15377
15087,15378
23073,15379
14558,15380
1039,15381
22698,15382
8448,15383
22805,15384
17792,15385
23663,15386
21088,15387
15843,15388
15086,15389
17316,15390
24191,15391
10151,15392
18596,15393
6405,15394
19501,15395
19393,15396
20299,15397
22794,15398
16593,15399
13089,15400
18094,15401
17275,15402
22515,15403
304,15404
22844,15405
4097,15406
11633,15407
1346,15408
626,15409
5592,15410
16531,15411
3975,15412
18894,15413
22672,15414
3898,15415
21990,15416
8981,15417
12427,15418
17895,15419
4891,15420
3474,15421
20497,15422
4686,15423
19698,15424
22184,15425
18088,15426
16072,15427
20172,15428
11578,15429
15775,15430
5969,15431
5281,15432
18745,15433
7584,15434
13219,15435
2782,15436
2061,15437
4889,15438
12670,15439
3268,15440
13462,15441
15781,15442
12669,15443
5388,15444
16530,15445
17280,15446
21320,15447
23335,15448
352,15449
16429,15450
6215,15451
10340,15452
22797,15453
23655,15454
4181,15455
21825,15456
11448,15457
20925,15458
20926,15459
16977,15460
19068,15461
24043,15462
2399,15463
23183,15464
22333,15465
23182,15466
3120,15467
18268,15468
22332,15469
24042,15470
21479,15471
1681,15472
20708,15473
9483,15474
11532,15475
12329,15476
22626,15477
966,15478
2403,15479
24047,15480
1684,15481
22336,15482
1685,15483
23187,15484
3124,15485
3826,15486
3123,15487
4533,15488
21483,15489
14475,15490
19322,15491
3294,15492
15469,15493
964,15494
4531,15495
23185,15496
22334,15497
3824,15498
5234,15499
5935,15500
21481,15501
5934,15502
1682,15503
2400,15504
3121,15505
13035,15506
20710,15507
9556,15508
16228,15509
1874,15510
24097,15511
20660,15512
21477,15513
24040,15514
2397,15515
23179,15516
19862,15517
18266,15518
22330,15519
23180,15520
961,15521
24039,15522
1679,15523
10853,15524
1368,15525
3257,15526
14655,15527
23708,15528
13860,15529
17949,15530
4672,15531
5630,15532
14048,15533
21736,15534
12463,15535
23446,15536
20885,15537
23633,15538
12294,15539
21925,15540
9057,15541
3801,15542
5214,15543
4508,15544
21633,15545
21634,15546
12165,15547
24212,15548
23348,15549
15314,15550
14545,15551
24211,15552
16070,15553
23347,15554
13755,15555
12960,15556
16958,15557
13294,15558
22300,15559
15221,15560
23150,15561
16100,15562
16101,15563
14585,15564
8016,15565
13004,15566
15345,15567
21669,15568
16853,15569
17604,15570
15344,15571
12211,15572
13797,15573
8871,15574
6624,15575
5216,15576
7309,15577
16835,15578
20801,15579
19208,15580
18406,15581
20002,15582
15327,15583
17586,15584
20802,15585
16083,15586
12982,15587
12187,15588
20003,15589
11707,15590
13892,15591
23148,15592
18240,15593
24008,15594
8872,15595
4560,15596
24196,15597
21619,15598
20775,15599
24195,15600
3852,15601
19976,15602
5960,15603
22474,15604
19180,15605
23333,15606
18379,15607
6290,15608
6385,15609
4294,15610
14367,15611
15136,15612
21139,15613
17348,15614
23700,15615
12744,15616
12745,15617
23703,15618
9765,15619
23698,15620
15220,15621
10852,15622
6699,15623
6697,15624
8769,15625
8067,15626
15373,15627
10822,15628
7385,15629
8069,15630
16127,15631
9452,15632
6014,15633
10137,15634
15034,15635
13645,15636
10167,15637
10090,15638
8724,15639
284,15640
8725,15641
3165,15642
3873,15643
1722,15644
10089,15645
5987,15646
5284,15647
7354,15648
4581,15649
10650,15650
11447,15651
9432,15652
10119,15653
1746,15654
8749,15655
312,15656
6685,15657
10802,15658
10117,15659
8050,15660
2470,15661
7367,15662
6000,15663
12850,15664
16631,15665
13828,15666
7698,15667
6708,15668
5335,15669
1076,15670
358,15671
5337,15672
8078,15673
4634,15674
3927,15675
6023,15676
8776,15677
10142,15678
1791,15679
19836,15680
9129,15681
15915,15682
7767,15683
7088,15684
12462,15685
13255,15686
16597,15687
13256,15688
17869,15689
11953,15690
23107,15691
1320,15692
601,15693
7715,15694
13257,15695
14050,15696
6586,15697
3485,15698
6015,15699
6013,15700
9451,15701
7384,15702
14613,15703
10138,15704
8068,15705
7386,15706
16881,15707
8770,15708
6698,15709
10821,15710
3734,15711
7658,15712
10774,15713
10773,15714
1003,15715
9407,15716
5282,15717
4580,15718
2445,15719
6671,15720
8037,15721
4582,15722
3874,15723
5283,15724
9968,15725
5349,15726
10592,15727
9285,15728
1490,15729
5967,15730
8039,15731
18455,15732
9336,15733
5447,15734
4899,15735
8750,15736
10803,15737
2469,15738
9431,15739
1031,15740
6001,15741
10118,15742
10801,15743
2471,15744
1747,15745
311,15746
6684,15747
5148,15748
9738,15749
6024,15750
4633,15751
357,15752
1077,15753
4635,15754
7395,15755
5336,15756
3218,15757
6707,15758
9458,15759
10826,15760
2514,15761
7954,15762
4990,15763
6373,15764
5693,15765
3570,15766
4247,15767
3539,15768
3549,15769
2111,15770
2833,15771
5666,15772
23072,15773
5655,15774
4953,15775
19721,15776
1393,15777
22931,15778
24209,15779
8677,15780
9548,15781
13094,15782
6098,15783
10229,15784
10916,15785
15446,15786
8865,15787
14684,15788
10917,15789
10231,15790
6783,15791
9545,15792
12208,15793
21447,15794
13095,15795
7471,15796
8153,15797
7472,15798
13887,15799
3987,15800
13888,15801
6781,15802
8152,15803
14683,15804
10228,15805
10914,15806
1963,15807
2685,15808
529,15809
9511,15810
6181,15811
8679,15812
10915,15813
7474,15814
6096,15815
8862,15816
9547,15817
15445,15818
9546,15819
6782,15820
10230,15821
8864,15822
6097,15823
9544,15824
12184,15825
22298,15826
10232,15827
6784,15828
7473,15829
10918,15830
6100,15831
6099,15832
8155,15833
8154,15834
8863,15835
8866,15836
8156,15837
7475,15838
24192,15839
1125,15840
5667,15841
18115,15842
22208,15843
12160,15844
21691,15845
17797,15846
19914,15847
5595,15848
14788,15849
4892,15850
22795,15851
4964,15852
16564,15853
15814,15854
21353,15855
12204,15856
9415,15857
18319,15858
23555,15859
11617,15860
20297,15861
19499,15862
21089,15863
17314,15864
2561,15865
10126,15866
23245,15867
4801,15868
12411,15869
18694,15870
17896,15871
23653,15872
13502,15873
1839,15874
12711,15875
4258,15876
4961,15877
12179,15878
404,15879
21356,15880
22211,15881
4256,15882
5958,15883
10835,15884
21847,15885
23242,15886
4184,15887
22717,15888
2065,15889
1343,15890
20523,15891
23529,15892
11864,15893
6083,15894
12657,15895
13450,15896
11861,15897
21659,15898
10796,15899
8269,15900
21140,15901
2781,15902
4811,15903
2060,15904
20293,15905
19373,15906
21310,15907
15316,15908
4604,15909
14117,15910
6900,15911
4103,15912
1345,15913
625,15914
17893,15915
15015,15916
8842,15917
23029,15918
23891,15919
11865,15920
412,15921
23894,15922
23032,15923
23887,15924
18420,15925
3162,15926
12429,15927
4218,15928
5512,15929
21944,15930
21091,15931
19495,15932
12370,15933
22168,15934
18081,15935
19183,15936
2509,15937
22842,15938
3395,15939
4807,15940
23654,15941
5594,15942
18691,15943
20487,15944
413,15945
19688,15946
20973,15947
1772,15948
7270,15949
24029,15950
951,15951
5227,15952
1669,15953
2387,15954
953,15955
1670,15956
954,15957
3110,15958
1672,15959
2389,15960
5928,15961
10778,15962
4442,15963
1674,15964
3817,15965
22321,15966
23171,15967
23170,15968
4524,15969
21468,15970
3111,15971
21467,15972
956,15973
22320,15974
19856,15975
23982,15976
18966,15977
15129,15978
7796,15979
19610,15980
5849,15981
18260,15982
18261,15983
3109,15984
2388,15985
19061,15986
19855,15987
19060,15988
22319,15989
1673,15990
5930,15991
24028,15992
23168,15993
3179,15994
8637,15995
5226,15996
19854,15997
20652,15998
22318,15999
3816,16000
4521,16001
21465,16002
3814,16003
18259,16004
5228,16005
5929,16006
4522,16007
10830,16008
23705,16009
20350,16010
20348,16011
4220,16012
2037,16013
11668,16014
21069,16015
20270,16016
1057,16017
12164,16018
3935,16019
6039,16020
369,16021
2525,16022
288,16023
12210,16024
16887,16025
9479,16026
7412,16027
8797,16028
15883,16029
17382,16030
14597,16031
1709,16032
977,16033
19336,16034
17384,16035
21726,16036
16633,16037
19771,16038
15125,16039
13809,16040
990,16041
2414,16042
12338,16043
18165,16044
13078,16045
20571,16046
13926,16047
15886,16048
13871,16049
16636,16050
17387,16051
23117,16052
16113,16053
271,16054
21537,16055
8477,16056
10453,16057
18160,16058
13560,16059
13774,16060
1751,16061
10264,16062
18808,16063
15539,16064
14778,16065
18961,16066
20875,16067
12186,16068
6723,16069
1802,16070
8095,16071
16133,16072
5295,16073
3851,16074
4640,16075
5342,16076
1088,16077
3226,16078
362,16079
5378,16080
13073,16081
13074,16082
20074,16083
13325,16084
21138,16085
8370,16086
17944,16087
338,16088
1054,16089
5225,16090
18254,16091
949,16092
3812,16093
1007,16094
1723,16095
17496,16096
22312,16097
19849,16098
21459,16099
15239,16100
20676,16101
24059,16102
21953,16103
10344,16104
11028,16105
1257,16106
4094,16107
19287,16108
8051,16109
19054,16110
3106,16111
20647,16112
24021,16113
10807,16114
1792,16115
5926,16116
6628,16117
1667,16118
4519,16119
1081,16120
7068,16121
5005,16122
13577,16123
17396,16124
2758,16125
3449,16126
22776,16127
23634,16128
19470,16129
20268,16130
19472,16131
21924,16132
5246,16133
1769,16134
5927,16135
2390,16136
4523,16137
3815,16138
1696,16139
9408,16140
5229,16141
24031,16142
20653,16143
20654,16144
18594,16145
18806,16146
1968,16147
20989,16148
23550,16149
2686,16150
4084,16151
5495,16152
6882,16153
12689,16154
15793,16155
18105,16156
21193,16157
12749,16158
6002,16159
23169,16160
952,16161
955,16162
1671,16163
21534,16164
9459,16165
4520,16166
19059,16167
21466,16168
3108,16169
19116,16170
7746,16171
9110,16172
15898,16173
16644,16174
19622,16175
20421,16176
22078,16177
21223,16178
18822,16179
18023,16180
23791,16181
21221,16182
9739,16183
2492,16184
22297,16185
20632,16186
22296,16187
16735,16188
12499,16189
8726,16190
23146,16191
18237,16192
15978,16193
16736,16194
23062,16195
20508,16196
8019,16197
8709,16198
975,16199
13928,16200
11898,16201
6766,16202
23924,16203
16992,16204
15036,16205
6081,16206
14271,16207
13480,16208
18102,16209
12222,16210
2432,16211
1695,16212
10204,16213
19710,16214
20511,16215
14268,16216
7336,16217
9391,16218
15259,16219
17737,16220
18905,16221
7503,16222
22046,16223
9664,16224
7585,16225
15791,16226
16949,16227
23051,16228
19707,16229
21330,16230
16821,16231
3907,16232
16602,16233
1748,16234
19037,16235
15219,16236
15977,16237
21444,16238
23682,16239
8777,16240
21443,16241
17488,16242
19036,16243
19834,16244
6976,16245
11136,16246
15120,16247
16627,16248
11985,16249
20969,16250
21823,16251
13165,16252
13964,16253
19119,16254
22392,16255
19875,16256
23199,16257
22346,16258
10206,16259
19421,16260
3412,16261
4120,16262
5529,16263
2784,16264
19120,16265
20713,16266
15044,16267
14270,16268
12955,16269
20840,16270
19117,16271
6203,16272
22800,16273
22718,16274
21947,16275
21090,16276
16551,16277
1841,16278
17301,16279
17302,16280
4683,16281
16552,16282
12699,16283
19709,16284
17598,16285
10100,16286
14800,16287
21536,16288
20296,16289
13997,16290
21095,16291
19493,16292
3265,16293
13490,16294
22206,16295
20509,16296
12974,16297
10810,16298
16312,16299
21535,16300
21094,16301
23576,16302
20295,16303
20291,16304
14280,16305
5258,16306
6029,16307
17526,16308
7573,16309
21015,16310
628,16311
23658,16312
2059,16313
13489,16314
15440,16315
14279,16316
11907,16317
18902,16318
16271,16319
20971,16320
13958,16321
13171,16322
4192,16323
8341,16324
17276,16325
14940,16326
21300,16327
11855,16328
18074,16329
10346,16330
11031,16331
14153,16332
3392,16333
6212,16334
6896,16335
8267,16336
9660,16337
9662,16338
5602,16339
9056,16340
21144,16341
2809,16342
23710,16343
20345,16344
17193,16345
11747,16346
19568,16347
13337,16348
15018,16349
6334,16350
4958,16351
19177,16352
8080,16353
10265,16354
14147,16355
21875,16356
22727,16357
7018,16358
9528,16359
19675,16360
20134,16361
22155,16362
3272,16363
19677,16364
20476,16365
22154,16366
17615,16367
3156,16368
20709,16369
6653,16370
3865,16371
21533,16372
6824,16373
12648,16374
5392,16375
23015,16376
23875,16377
23014,16378
12647,16379
11854,16380
21299,16381
16864,16382
5276,16383
21529,16384
22636,16385
18873,16386
3979,16387
9008,16388
1289,16389
8294,16390
9690,16391
19496,16392
21042,16393
21894,16394
22747,16395
9533,16396
20673,16397
15998,16398
18279,16399
11060,16400
15592,16401
7610,16402
10374,16403
1281,16404
1282,16405
17822,16406
17824,16407
18623,16408
19426,16409
22031,16410
5530,16411
562,16412
22946,16413
13385,16414
22092,16415
21286,16416
10490,16417
9813,16418
7772,16419
12020,16420
20432,16421
22945,16422
14596,16423
272,16424
15268,16425
1902,16426
22091,16427
3280,16428
21236,16429
22090,16430
15356,16431
991,16432
12900,16433
20135,16434
12589,16435
5398,16436
11796,16437
23806,16438
16112,16439
4574,16440
19940,16441
13134,16442
19634,16443
4696,16444
20433,16445
18029,16446
18828,16447
7695,16448
16922,16449
15415,16450
10888,16451
8130,16452
21495,16453
22348,16454
21494,16455
4182,16456
7092,16457
9133,16458
7094,16459
14389,16460
12437,16461
13231,16462
14022,16463
14936,16464
17079,16465
19444,16466
20240,16467
21044,16468
23609,16469
6408,16470
8450,16471
6410,16472
13600,16473
13563,16474
9775,16475
15876,16476
16625,16477
20879,16478
21730,16479
23439,16480
13082,16481
14353,16482
9095,16483
15119,16484
15875,16485
11984,16486
14352,16487
17378,16488
7050,16489
11981,16490
7725,16491
13561,16492
12771,16493
16836,16494
22489,16495
8698,16496
19977,16497
1030,16498
10136,16499
3164,16500
8077,16501
455,16502
1176,16503
2611,16504
10258,16505
11137,16506
15783,16507
7855,16508
20475,16509
4361,16510
6490,16511
2936,16512
20817,16513
8036,16514
6639,16515
16765,16516
21701,16517
5845,16518
23524,16519
8538,16520
386,16521
10329,16522
18568,16523
21211,16524
5019,16525
11982,16526
12777,16527
14351,16528
17587,16529
310,16530
3846,16531
24070,16532
17738,16533
22065,16534
21844,16535
20992,16536
11986,16537
22582,16538
15561,16539
17769,16540
13362,16541
7098,16542
23910,16543
16071,16544
10820,16545
20729,16546
23210,16547
21784,16548
14154,16549
1263,16550
544,16551
13467,16552
20097,16553
22189,16554
14258,16555
21022,16556
23525,16557
11764,16558
7775,16559
20776,16560
7394,16561
18331,16562
19090,16563
16240,16564
14145,16565
11636,16566
12430,16567
19676,16568
7462,16569
18872,16570
18073,16571
3546,16572
22668,16573
4306,16574
13699,16575
2930,16576
2931,16577
13702,16578
13704,16579
2935,16580
13711,16581
2948,16582
2949,16583
6635,16584
2950,16585
17410,16586
2971,16587
11899,16588
11905,16589
13750,16590
13752,16591
11922,16592
13772,16593
6691,16594
8534,16595
11935,16596
11937,16597
10098,16598
11943,16599
23011,16600
8558,16601
11958,16602
19334,16603
8569,16604
13811,16605
10129,16606
3063,16607
17524,16608
23064,16609
12008,16610
17544,16611
1756,16612
17572,16613
17580,16614
17582,16615
6819,16616
17595,16617
17622,16618
3170,16619
10263,16620
17639,16621
12108,16622
12111,16623
12122,16624
6883,16625
21342,16626
14542,16627
20836,16628
12904,16629
5438,16630
20513,16631
6080,16632
14275,16633
13484,16634
15817,16635
15825,16636
21365,16637
3221,16638
5067,16639
8760,16640
323,16641
21378,16642
23235,16643
8783,16644
15871,16645
21405,16646
17732,16647
1037,16648
23276,16649
15910,16650
15911,16651
23293,16652
23299,16653
3319,16654
15945,16655
2332,16656
23339,16657
23344,16658
5220,16659
23366,16660
7077,16661
10479,16662
19717,16663
7109,16664
21572,16665
19737,16666
21583,16667
19741,16668
21593,16669
16077,16670
16081,16671
21610,16672
23459,16673
19774,16674
7176,16675
7177,16676
7179,16677
7181,16678
14269,16679
7190,16680
21650,16681
10594,16682
10598,16683
21664,16684
21668,16685
10616,16686
14304,16687
14311,16688
10625,16689
21688,16690
10631,16691
7257,16692
3574,16693
5435,16694
19900,16695
363,16696
21778,16697
19941,16698
14414,16699
3645,16700
19947,16701
3646,16702
10733,16703
19951,16704
3655,16705
3666,16706
3667,16707
18125,16708
18145,16709
19996,16710
19998,16711
10785,16712
7398,16713
20013,16714
14487,16715
7404,16716
14491,16717
3749,16718
12715,16719
12718,16720
2195,16721
12751,16722
10955,16723
18343,16724
9442,16725
2207,16726
23929,16727
2209,16728
2210,16729
16574,16730
12905,16731
18438,16732
1660,16733
12916,16734
12917,16735
23977,16736
12919,16737
12946,16738
1479,16739
12953,16740
12957,16741
2219,16742
12978,16743
12994,16744
16684,16745
22215,16746
11158,16747
11159,16748
22222,16749
22224,16750
24145,16751
24149,16752
24155,16753
24157,16754
24164,16755
16796,16756
24169,16757
20510,16758
11297,16759
16828,16760
11299,16761
24206,16762
11309,16763
16844,16764
16845,16765
11315,16766
20535,16767
20556,16768
15043,16769
20575,16770
2435,16771
22425,16772
22427,16773
15062,16774
2454,16775
22441,16776
16920,16777
2245,16778
1509,16779
2497,16780
15126,16781
8042,16782
16984,16783
15189,16784
18906,16785
20750,16786
20753,16787
1523,16788
18951,16789
1712,16790
17141,16791
13517,16792
13591,16793
19147,16794
10247,16795
12690,16796
19148,16797
2501,16798
20994,16799
21343,16800
19155,16801
15472,16802
15475,16803
15478,16804
19175,16805
22632,16806
12159,16807
20837,16808
16810,16809
3181,16810
14309,16811
19905,16812
12734,16813
23927,16814
13026,16815
19960,16816
3310,16817
12115,16818
345,16819
2479,16820
295,16821
18166,16822
20754,16823
17727,16824
15880,16825
8690,16826
15068,16827
15059,16828
14502,16829
1181,16830
18389,16831
23274,16832
1167,16833
15154,16834
11539,16835
20119,16836
15188,16837
7254,16838
18436,16839
3182,16840
12182,16841
11162,16842
5270,16843
5418,16844
14296,16845
13915,16846
20542,16847
21763,16848
6626,16849
20574,16850
7325,16851
7371,16852
11282,16853
1733,16854
11301,16855
13506,16856
14299,16857
11258,16858
10935,16859
12901,16860
11271,16861
17734,16862
13625,16863
13916,16864
24170,16865
16566,16866
19218,16867
23480,16868
5339,16869
10811,16870
18415,16871
10813,16872
22448,16873
18532,16874
10587,16875
1036,16876
1255,16877
10475,16878
10016,16879
14278,16880
2592,16881
22467,16882
1014,16883
16830,16884
3298,16885
23285,16886
15913,16887
22480,16888
20751,16889
23399,16890
12120,16891
14543,16892
21689,16893
5507,16894
3204,16895
1974,16896
24233,16897
18946,16898
1170,16899
10097,16900
1195,16901
18518,16902
22618,16903
16976,16904
15481,16905
14677,16906
19986,16907
5415,16908
13768,16909
20912,16910
324,16911
10786,16912
23690,16913
23115,16914
5436,16915
20702,16916
23935,16917
19321,16918
5025,16919
14498,16920
24161,16921
12805,16922
18106,16923
19320,16924
13910,16925
10641,16926
3131,16927
12726,16928
1877,16929
19329,16930
20081,16931
19319,16932
17451,16933
21651,16934
13698,16935
1796,16936
23939,16937
17728,16938
11268,16939
23938,16940
13709,16941
21432,16942
15212,16943
13487,16944
1775,16945
17292,16946
22486,16947
21681,16948
19724,16949
13509,16950
21574,16951
17543,16952
10744,16953
21584,16954
2355,16955
3567,16956
1169,16957
12958,16958
19767,16959
20116,16960
2346,16961
19313,16962
20929,16963
15285,16964
21393,16965
7169,16966
2370,16967
6713,16968
12207,16969
3149,16970
13130,16971
17597,16972
14276,16973
10058,16974
18120,16975
21566,16976
22440,16977
20911,16978
16789,16979
18527,16980
886,16981
19376,16982
17008,16983
17718,16984
6608,16985
12799,16986
17638,16987
10618,16988
18108,16989
16621,16990
11906,16991
5296,16992
8758,16993
8759,16994
670,16995
16550,16996
23133,16997
20838,16998
10469,16999
3751,17000
10154,17001
12344,17002
12114,17003
21571,17004
12721,17005
10780,17006
11431,17007
10747,17008
8732,17009
12109,17010
15337,17011
24144,17012
20748,17013
22508,17014
21674,17015
23923,17016
19445,17017
24050,17018
13114,17019
20623,17020
3291,17021
23060,17022
3650,17023
3773,17024
6656,17025
3316,17026
23936,17027
15964,17028
12046,17029
14347,17030
23140,17031
13741,17032
1753,17033
19316,17034
22633,17035
21568,17036
24248,17037
20816,17038
21563,17039
2356,17040
13919,17041
20558,17042
19027,17043
14562,17044
15451,17045
23232,17046
15040,17047
17594,17048
21775,17049
20835,17050
20815,17051
8696,17052
15474,17053
2496,17054
6672,17055
13482,17056
8734,17057
20015,17058
5422,17059
1900,17060
12125,17061
16788,17062
19826,17063
19190,17064
19143,17065
18789,17066
20715,17067
14496,17068
12977,17069
13512,17070
23489,17071
1013,17072
5419,17073
16221,17074
19217,17075
10240,17076
1008,17077
17504,17078
10104,17079
23279,17080
10095,17081
3136,17082
23295,17083
23328,17084
8881,17085
8882,17086
8883,17087
902,17088
7293,17089
1060,17090
5363,17091
19823,17092
16027,17093
19715,17094
2352,17095
907,17096
16040,17097
12363,17098
14329,17099
8976,17100
8884,17101
9113,17102
9115,17103
10702,17104
9164,17105
7332,17106
21792,17107
14429,17108
19241,17109
19242,17110
13715,17111
13720,17112
8540,17113
19332,17114
15663,17115
23063,17116
10244,17117
10250,17118
15844,17119
23277,17120
5173,17121
8885,17122
889,17123
5224,17124
16015,17125
19809,17126
16205,17127
7284,17128
21764,17129
919,17130
10758,17131
1629,17132
19985,17133
21827,17134
9218,17135
9219,17136
9221,17137
9226,17138
9239,17139
7399,17140
20011,17141
9243,17142
9245,17143
1633,17144
9249,17145
9250,17146
14499,17147
14506,17148
20035,17149
1082,17150
9279,17151
10836,17152
12692,17153
3766,17154
7483,17155
7488,17156
7489,17157
293,17158
17462,17159
13789,17160
19335,17161
17571,17162
8649,17163
13918,17164
3244,17165
1774,17166
21426,17167
23275,17168
5149,17169
19754,17170
7167,17171
23483,17172
19904,17173
16227,17174
7313,17175
10749,17176
14488,17177
14557,17178
7492,17179
16419,17180
3806,17181
5660,17182
7509,17183
20126,17184
5674,17185
3834,17186
9365,17187
5687,17188
9373,17189
3849,17190
18308,17191
3863,17192
3867,17193
12801,17194
9413,17195
2203,17196
3889,17197
3890,17198
3892,17199
18356,17200
18357,17201
5746,17202
9437,17203
3909,17204
14689,17205
5771,17206
3930,17207
3933,17208
13703,17209
1189,17210
6676,17211
676,17212
3100,17213
8652,17214
6813,17215
4971,17216
13911,17217
10248,17218
12116,17219
5185,17220
16029,17221
16031,17222
16034,17223
21567,17224
21575,17225
16067,17226
5301,17227
19858,17228
3654,17229
23648,17230
10746,17231
7403,17232
18199,17233
3746,17234
14518,17235
3771,17236
12712,17237
13701,17238
4781,17239
13712,17240
11902,17241
6805,17242
21361,17243
21470,17244
344,17245
21586,17246
17997,17247
16234,17248
20021,17249
3761,17250
18372,17251
9464,17252
9465,17253
2208,17254
5784,17255
14711,17256
18400,17257
5795,17258
16569,17259
14730,17260
765,17261
2212,17262
12910,17263
3998,17264
4001,17265
4002,17266
7694,17267
1478,17268
4009,17269
4015,17270
4016,17271
12945,17272
7707,17273
9553,17274
5868,17275
4024,17276
12952,17277
9557,17278
12973,17279
9586,17280
5907,17281
5909,17282
18531,17283
11192,17284
780,17285
2226,17286
5971,17287
9659,17288
22279,17289
22285,17290
5988,17291
24140,17292
24142,17293
6003,17294
7849,17295
22306,17296
7854,17297
24153,17298
16783,17299
7857,17300
16785,17301
16786,17302
786,17303
13099,17304
16791,17305
11261,17306
11262,17307
787,17308
6026,17309
7871,17310
7870,17311
13117,17312
7881,17313
24201,17314
24202,17315
9760,17316
22379,17317
793,17318
22391,17319
7938,17320
1871,17321
7941,17322
9792,17323
795,17324
9794,17325
20566,17326
6112,17327
6115,17328
22419,17329
7965,17330
7973,17331
6134,17332
1875,17333
22439,17334
2452,17335
4296,17336
7986,17337
18761,17338
11396,17339
800,17340
9844,17341
6605,17342
17381,17343
6611,17344
1925,17345
17413,17346
17414,17347
6649,17348
8532,17349
19328,17350
4909,17351
17538,17352
6804,17353
10243,17354
17637,17355
12112,17356
6873,17357
6874,17358
5068,17359
12151,17360
5070,17361
12202,17362
23287,17363
3317,17364
2331,17365
1779,17366
1042,17367
23345,17368
2335,17369
23384,17370
12335,17371
16030,17372
5278,17373
10519,17374
16080,17375
16084,17376
21630,17377
1064,17378
5421,17379
9120,17380
7282,17381
7290,17382
7311,17383
21780,17384
19946,17385
10737,17386
19955,17387
3665,17388
9220,17389
18158,17390
9284,17391
1085,17392
14539,17393
9333,17394
14578,17395
7494,17396
10923,17397
5712,17398
18342,17399
9441,17400
18399,17401
14719,17402
1661,17403
4010,17404
5863,17405
1480,17406
9566,17407
9569,17408
18519,17409
9612,17410
18565,17411
18576,17412
9703,17413
16818,17414
20515,17415
13163,17416
7974,17417
2475,17418
6162,17419
8007,17420
1878,17421
20627,17422
8014,17423
8015,17424
16946,17425
1880,17426
6188,17427
15123,17428
20656,17429
8043,17430
9889,17431
4356,17432
16974,17433
4360,17434
8053,17435
6210,17436
16981,17437
437,17438
8057,17439
8058,17440
4373,17441
4378,17442
22523,17443
9916,17444
439,17445
9920,17446
808,17447
9924,17448
9925,17449
9927,17450
8083,17451
8087,17452
9936,17453
9942,17454
9954,17455
8111,17456
15207,17457
2597,17458
2598,17459
20741,17460
20742,17461
20743,17462
2601,17463
8136,17464
445,17465
11537,17466
4454,17467
4455,17468
4457,17469
11540,17470
20759,17471
2621,17472
4469,17473
22613,17474
20771,17475
4475,17476
8165,17477
1894,17478
8171,17479
8173,17480
8175,17481
8176,17482
4497,17483
6602,17484
10036,17485
10048,17486
6687,17487
19366,17488
3070,17489
3074,17490
23066,17491
3087,17492
3112,17493
6801,17494
8653,17495
8658,17496
6822,17497
10238,17498
15796,17499
12121,17500
3200,17501
3203,17502
1773,17503
23273,17504
5176,17505
5197,17506
5208,17507
3113,17508
15800,17509
8873,17510
892,17511
10478,17512
10505,17513
2341,17514
21585,17515
5294,17516
21595,17517
16066,17518
2344,17519
346,17520
5322,17521
21625,17522
10577,17523
23490,17524
5347,17525
7195,17526
10596,17527
23500,17528
10694,17529
14381,17530
21779,17531
364,17532
7331,17533
19949,17534
19952,17535
14421,17536
9238,17537
14505,17538
20037,17539
3739,17540
3742,17541
3750,17542
3765,17543
7453,17544
10854,17545
20111,17546
5662,17547
20132,17548
3879,17549
9417,17550
2204,17551
1652,17552
3955,17553
18439,17554
23976,17555
5850,17556
23994,17557
5879,17558
5904,17559
2224,17560
22282,17561
13079,17562
24138,17563
24141,17564
24146,17565
7853,17566
24160,17567
6027,17568
7877,17569
7882,17570
16829,17571
7968,17572
22426,17573
22430,17574
2451,17575
20607,17576
22450,17577
2481,17578
11418,17579
11445,17580
8081,17581
17009,17582
9930,17583
443,17584
2604,17585
20749,17586
11543,17587
4478,17588
8167,17589
2918,17590
2925,17591
13697,17592
6616,17593
19247,17594
17467,17595
3053,17596
17537,17597
13851,17598
6794,17599
12044,17600
3183,17601
17714,17602
17720,17603
23278,17604
23303,17605
5164,17606
5178,17607
12266,17608
12327,17609
19713,17610
19714,17611
16042,17612
21613,17613
6599,17614
10585,17615
14272,17616
5375,17617
16149,17618
21721,17619
16193,17620
914,17621
1626,17622
18109,17623
14490,17624
14501,17625
14510,17626
2379,17627
20117,17628
20131,17629
10930,17630
18373,17631
14716,17632
14717,17633
18437,17634
24000,17635
9567,17636
18513,17637
22202,17638
24188,17639
7929,17640
20565,17641
2426,17642
16906,17643
22438,17644
1876,17645
18778,17646
1879,17647
2502,17648
9901,17649
16988,17650
22520,17651
20714,17652
8169,17653
22628,17654
449,17655
8183,17656
6340,17657
20799,17658
6342,17659
15272,17660
6346,17661
15274,17662
8191,17663
15275,17664
15277,17665
20812,17666
4513,17667
2671,17668
20822,17669
15306,17670
4536,17671
15310,17672
19000,17673
8234,17674
6395,17675
6396,17676
15322,17677
15324,17678
6399,17679
6398,17680
15325,17681
13481,17682
8243,17683
4558,17684
6400,17685
13486,17686
19016,17687
15339,17688
6417,17689
1166,17690
274,17691
15359,17692
15538,17693
1188,17694
11897,17695
15636,17696
6714,17697
1012,17698
10123,17699
15661,17700
17541,17701
12013,17702
8650,17703
23138,17704
12081,17705
10245,17706
10246,17707
21344,17708
3224,17709
10055,17710
23114,17711
12119,17712
23281,17713
2330,17714
7078,17715
7081,17716
23382,17717
7085,17718
895,17719
19367,17720
6798,17721
6827,17722
17757,17723
7076,17724
19765,17725
5323,17726
10611,17727
1063,17728
14331,17729
5416,17730
5420,17731
12527,17732
1622,17733
14383,17734
19915,17735
10699,17736
19939,17737
19945,17738
14416,17739
366,17740
10745,17741
3668,17742
10757,17743
16291,17744
7370,17745
7375,17746
3744,17747
1636,17748
10837,17749
3762,17750
7455,17751
3783,17752
3788,17753
936,17754
12803,17755
18350,17756
23978,17757
2030,17758
4000,17759
12947,17760
4022,17761
9555,17762
5875,17763
16660,17764
18514,17765
22200,17766
9588,17767
7748,17768
22204,17769
13000,17770
16711,17771
13028,17772
16725,17773
13122,17774
24245,17775
9801,17776
11379,17777
2456,17778
805,17779
2522,17780
16980,17781
8054,17782
11460,17783
6235,17784
22578,17785
4449,17786
20760,17787
8170,17788
2656,17789
8198,17790
22680,17791
15308,17792
4566,17793
8254,17794
17373,17795
22908,17796
10013,17797
21124,17798
1934,17799
1383,17800
13832,17801
19368,17802
21220,17803
8613,17804
12011,17805
682,17806
13957,17807
14038,17808
1222,17809
12235,17810
5162,17811
3351,17812
16056,17813
9001,17814
5338,17815
17953,17816
19825,17817
1065,17818
10671,17819
5445,17820
19903,17821
917,17822
10781,17823
18157,17824
14489,17825
9252,17826
14500,17827
12688,17828
18227,17829
1641,17830
20110,17831
7517,17832
18293,17833
9419,17834
18347,17835
18352,17836
18354,17837
1101,17838
18465,17839
9590,17840
20417,17841
5989,17842
16787,17843
15026,17844
9795,17845
16892,17846
6120,17847
7967,17848
7969,17849
7976,17850
20612,17851
2593,17852
20738,17853
20740,17854
4483,17855
8177,17856
1158,17857
18959,17858
15276,17859
8200,17860
4585,17861
4592,17862
4596,17863
4598,17864
20913,17865
4614,17866
4615,17867
19071,17868
4618,17869
4619,17870
20923,17871
20924,17872
20927,17873
1356,17874
4636,17875
4637,17876
4639,17877
6484,17878
6488,17879
6491,17880
1727,17881
13588,17882
6504,17883
13592,17884
13593,17885
467,17886
6514,17887
6516,17888
20975,17889
1729,17890
17293,17891
17294,17892
17295,17893
17298,17894
19144,17895
19146,17896
19150,17897
15465,17898
19152,17899
15467,17900
11782,17901
8386,17902
17317,17903
4711,17904
4713,17905
4714,17906
19172,17907
4716,17908
19174,17909
4719,17910
4721,17911
8408,17912
8412,17913
13658,17914
15501,17915
289,17916
4733,17917
4735,17918
1182,17919
4736,17920
6587,17921
8441,17922
22506,17923
14041,17924
6252,17925
11429,17926
20167,17927
14774,17928
18557,17929
7263,17930
9303,17931
10470,17932
16184,17933
13164,17934
23766,17935
501,17936
16028,17937
18449,17938
8782,17939
21201,17940
22420,17941
21057,17942
2751,17943
6603,17944
13696,17945
13700,17946
13705,17947
2946,17948
22940,17949
481,17950
13742,17951
21125,17952
19327,17953
13845,17954
13872,17955
6795,17956
4984,17957
10237,17958
12118,17959
10292,17960
19561,17961
10373,17962
516,17963
14107,17964
5186,17965
14114,17966
8876,17967
8877,17968
8878,17969
5206,17970
12334,17971
16032,17972
16057,17973
21597,17974
17929,17975
9005,17976
7201,17977
21667,17978
1615,17979
14332,17980
3564,17981
5413,17982
1804,17983
14358,17984
7302,17985
19948,17986
365,17987
12582,17988
16281,17989
367,17990
3693,17991
9246,17992
9248,17993
926,17994
3736,17995
20046,17996
18217,17997
9325,17998
934,17999
1644,18000
10933,18001
18348,18002
3891,18003
18351,18004
11012,18005
16543,18006
22074,18007
1288,18008
5800,18009
12906,18010
12911,18011
18445,18012
18446,18013
23993,18014
9558,18015
5874,18016
9562,18017
14836,18018
18533,18019
16720,18020
18584,18021
22289,18022
24137,18023
24143,18024
9688,18025
16792,18026
13125,18027
4203,18028
1870,18029
22389,18030
15024,18031
24246,18032
24247,18033
9797,18034
2427,18035
11356,18036
22423,18037
22431,18038
22436,18039
6137,18040
13249,18041
16948,18042
15117,18043
16979,18044
4446,18045
2602,18046
20747,18047
2605,18048
4453,18049
15235,18050
4488,18051
18958,18052
22653,18053
2672,18054
11623,18055
1163,18056
6402,18057
1168,18058
15383,18059
6510,18060
4673,18061
15466,18062
13633,18063
4717,18064
19204,18065
4750,18066
8887,18067
9564,18068
4023,18069
6736,18070
1515,18071
6025,18072
3785,18073
7271,18074
20613,18075
4274,18076
16716,18077
2595,18078
12041,18079
9118,18080
17109,18081
4470,18082
19015,18083
2348,18084
13317,18085
8443,18086
18530,18087
2519,18088
23470,18089
762,18090
290,18091
869,18092
9094,18093
17469,18094
17476,18095
8100,18096
20124,18097
23283,18098
1929,18099
17034,18100
12110,18101
18624,18102
1999,18103
20221,18104
22726,18105
23585,18106
2973,18107
3413,18108
4829,18109
5531,18110
22551,18111
5163,18112
17646,18113
13058,18114
17658,18115
8804,18116
11455,18117
905,18118
16233,18119
12304,18120
1157,18121
7082,18122
16542,18123
10998,18124
2313,18125
473,18126
13352,18127
9563,18128
20928,18129
3077,18130
4473,18131
9352,18132
15392,18133
8646,18134
1373,18135
16549,18136
5018,18137
468,18138
4718,18139
22053,18140
15479,18141
5898,18142
5561,18143
19820,18144
13657,18145
17281,18146
1010,18147
1009,18148
8788,18149
2974,18150
8174,18151
7510,18152
16986,18153
21776,18154
9256,18155
21199,18156
12691,18157
5680,18158
5181,18159
3069,18160
19326,18161
5854,18162
1666,18163
2248,18164
15152,18165
16307,18166
5184,18167
20069,18168
1609,18169
15966,18170
3949,18171
15156,18172
15969,18173
19018,18174
6690,18175
18200,18176
5853,18177
23130,18178
12009,18179
1500,18180
14648,18181
12902,18182
14742,18183
6573,18184
15114,18185
11421,18186
1097,18187
11482,18188
7757,18189
7080,18190
10468,18191
18390,18192
340,18193
15273,18194
4734,18195
8438,18196
11735,18197
13045,18198
17860,18199
8439,18200
19943,18201
15974,18202
16065,18203
12126,18204
13123,18205
1589,18206
16055,18207
17925,18208
6617,18209
4459,18210
4005,18211
2174,18212
1901,18213
4008,18214
17978,18215
22030,18216
14143,18217
17208,18218
11763,18219
16456,18220
23741,18221
12554,18222
19010,18223
17765,18224
1904,18225
2309,18226
6147,18227
23991,18228
8581,18229
7928,18230
3092,18231
2363,18232
8442,18233
943,18234
21429,18235
14656,18236
6642,18237
15096,18238
10294,18239
1212,18240
8356,18241
8930,18242
21128,18243
18628,18244
5174,18245
1447,18246
14900,18247
3760,18248
14046,18249
2750,18250
8833,18251
12798,18252
9370,18253
16662,18254
16142,18255
651,18256
14448,18257
5970,18258
6117,18259
16035,18260
3293,18261
16038,18262
2329,18263
10476,18264
11308,18265
4492,18266
14795,18267
11900,18268
15112,18269
18447,18270
4458,18271
948,18272
1398,18273
13837,18274
3498,18275
19798,18276
17416,18277
18355,18278
6050,18279
13051,18280
16147,18281
2239,18282
3621,18283
2312,18284
6866,18285
20784,18286
12834,18287
10926,18288
16357,18289
910,18290
21147,18291
6116,18292
4620,18293
22287,18294
5340,18295
598,18296
18724,18297
15394,18298
1634,18299
7861,18300
11426,18301
10020,18302
4767,18303
17766,18304
3032,18305
23688,18306
3497,18307
16703,18308
11378,18309
4205,18310
4898,18311
20071,18312
12239,18313
14629,18314
8440,18315
8082,18316
17449,18317
7191,18318
9935,18319
22733,18320
13839,18321
21062,18322
9070,18323
17228,18324
23797,18325
5722,18326
1122,18327
23136,18328
4152,18329
4860,18330
5923,18331
19225,18332
993,18333
8639,18334
7508,18335
19023,18336
17719,18337
20846,18338
10203,18339
14006,18340
15035,18341
14326,18342
5175,18343
14634,18344
23157,18345
3078,18346
4154,18347
4374,18348
11153,18349
16971,18350
5789,18351
7958,18352
20611,18353
2962,18354
10986,18355
4200,18356
492,18357
493,18358
18950,18359
2498,18360
10623,18361
22281,18362
18732,18363
7676,18364
1314,18365
4861,18366
5860,18367
24154,18368
12883,18369
13100,18370
23707,18371
7628,18372
6597,18373
1593,18374
1942,18375
12377,18376
23631,18377
4401,18378
2993,18379
3232,18380
23627,18381
7761,18382
5219,18383
3082,18384
7759,18385
17536,18386
450,18387
382,18388
19271,18389
18052,18390
7286,18391
18747,18392
599,18393
20957,18394
3597,18395
4204,18396
22082,18397
15719,18398
5222,18399
10074,18400
22362,18401
20849,18402
9486,18403
17473,18404
3052,18405
20534,18406
14531,18407
3860,18408
18712,18409
8651,18410
16102,18411
3484,18412
17948,18413
9900,18414
23383,18415
15211,18416
5087,18417
6493,18418
5616,18419
2933,18420
9242,18421
8552,18422
8544,18423
6489,18424
17876,18425
18674,18426
18665,18427
13377,18428
12580,18429
16152,18430
16987,18431
436,18432
10949,18433
3099,18434
1317,18435
2034,18436
4226,18437
11388,18438
12454,18439
14740,18440
2625,18441
8196,18442
1209,18443
18719,18444
3339,18445
9609,18446
16604,18447
7687,18448
2270,18449
827,18450
6534,18451
2085,18452
7084,18453
22833,18454
9589,18455
8359,18456
3585,18457
14720,18458
6598,18459
6506,18460
7875,18461
14110,18462
21914,18463
22767,18464
3512,18465
9796,18466
21054,18467
8221,18468
21452,18469
13682,18470
21485,18471
10722,18472
23998,18473
16139,18474
12378,18475
14752,18476
16255,18477
17010,18478
4057,18479
4743,18480
7940,18481
8197,18482
6710,18483
10073,18484
24254,18485
12575,18486
14751,18487
17007,18488
17011,18489
18542,18490
21813,18491
2630,18492
7516,18493
5986,18494
19465,18495
20263,18496
12157,18497
6673,18498
2211,18499
21065,18500
1366,18501
21808,18502
5159,18503
16698,18504
923,18505
7731,18506
14167,18507
11785,18508
21068,18509
21920,18510
21064,18511
21916,18512
18816,18513
7803,18514
20254,18515
24207,18516
23925,18517
11296,18518
1318,18519
22773,18520
9116,18521
21151,18522
12180,18523
18274,18524
16347,18525
14419,18526
7515,18527
12840,18528
20329,18529
17019,18530
4032,18531
10720,18532
16343,18533
9002,18534
24135,18535
3304,18536
17224,18537
11783,18538
3914,18539
12921,18540
15468,18541
648,18542
4855,18543
17229,18544
17851,18545
18649,18546
19453,18547
4841,18548
6939,18549
7622,18550
8306,18551
18024,18552
22938,18553
7657,18554
11643,18555
11645,18556
12438,18557
14023,18558
16326,18559
20241,18560
21045,18561
22748,18562
2972,18563
19063,18564
3158,18565
16257,18566
16342,18567
18566,18568
21811,18569
6571,18570
15512,18571
8361,18572
10270,18573
10703,18574
17761,18575
17776,18576
19362,18577
4058,18578
5470,18579
6169,18580
8288,18581
14952,18582
20157,18583
14112,18584
10174,18585
3951,18586
15410,18587
4295,18588
6606,18589
17735,18590
3059,18591
22941,18592
18825,18593
23712,18594
3586,18595
13365,18596
14157,18597
2793,18598
379,18599
5556,18600
10275,18601
13157,18602
17025,18603
17768,18604
20165,18605
20941,18606
474,18607
6142,18608
6145,18609
6330,18610
7372,18611
12201,18612
14959,18613
19626,18614
1059,18615
13376,18616
15720,18617
18660,18618
6670,18619
1319,18620
600,18621
19074,18622
11397,18623
10718,18624
873,18625
3038,18626
870,18627
20359,18628
1592,18629
1930,18630
806,18631
8629,18632
9628,18633
2897,18634
10164,18635
22323,18636
23229,18637
14576,18638
8560,18639
11298,18640
4376,18641
6258,18642
6944,18643
15711,18644
17767,18645
10370,18646
10371,18647
15520,18648
18560,18649
11733,18650
20161,18651
6854,18652
14159,18653
7843,18654
9210,18655
11289,18656
7869,18657
6496,18658
15388,18659
16545,18660
16150,18661
4049,18662
10579,18663
2035,18664
2756,18665
14935,18666
2821,18667
16452,18668
4236,18669
21055,18670
21907,18671
12975,18672
23626,18673
11786,18674
14168,18675
23686,18676
17927,18677
20961,18678
18725,18679
11387,18680
11572,18681
18567,18682
4768,18683
5471,18684
4769,18685
13708,18686
15591,18687
15594,18688
6688,18689
21176,18690
11960,18691
6749,18692
15696,18693
21228,18694
17570,18695
13893,18696
6843,18697
6850,18698
8736,18699
10302,18700
19525,18701
6924,18702
3241,18703
23231,18704
19547,18705
6938,18706
19576,18707
3336,18708
8936,18709
5255,18710
898,18711
12392,18712
9021,18713
17975,18714
10604,18715
18025,18716
7291,18717
5452,18718
12577,18719
16301,18720
5542,18721
10848,18722
7542,18723
16476,18724
1099,18725
7604,18726
7608,18727
2391,18728
577,18729
14747,18730
14759,18731
14835,18732
9619,18733
24107,18734
20427,18735
4127,18736
4132,18737
9706,18738
7942,18739
13248,18740
13266,18741
4371,18742
2543,18743
6239,18744
6253,18745
13374,18746
17100,18747
1160,18748
22667,18749
20869,18750
17205,18751
22906,18752
2924,18753
21200,18754
2311,18755
23173,18756
3205,18757
877,18758
21428,18759
5143,18760
15956,18761
3344,18762
1596,18763
3447,18764
1424,18765
9006,18766
10613,18767
12458,18768
12568,18769
16261,18770
16263,18771
3670,18772
9259,18773
23789,18774
9341,18775
2202,18776
11058,18777
14815,18778
5920,18779
2232,18780
24165,18781
22322,18782
22344,18783
13185,18784
18727,18785
6128,18786
983,18787
18759,18788
11395,18789
11402,18790
13250,18791
4330,18792
9891,18793
9939,18794
17035,18795
6289,18796
11679,18797
20895,18798
17225,18799
22768,18800
8340,18801
20958,18802
2818,18803
11776,18804
11784,18805
22847,18806
15513,18807
24187,18808
17059,18809
10707,18810
21573,18811
5346,18812
16473,18813
9515,18814
17996,18815
1503,18816
18795,18817
6734,18818
4654,18819
10312,18820
12393,18821
17758,18822
6577,18823
18371,18824
22752,18825
13032,18826
2954,18827
14703,18828
8625,18829
23197,18830
8484,18831
6864,18832
10390,18833
11076,18834
9167,18835
7779,18836
3239,18837
21203,18838
14300,18839
15717,18840
1331,18841
2048,18842
4167,18843
4875,18844
5578,18845
611,18846
6284,18847
8337,18848
1296,18849
2014,18850
20212,18851
15510,18852
17862,18853
20262,18854
10155,18855
14638,18856
14641,18857
15398,18858
16909,18859
16910,18860
17652,18861
23412,18862
3296,18863
19815,18864
702,18865
9903,18866
17062,18867
2956,18868
14330,18869
11601,18870
11734,18871
10297,18872
10300,18873
1213,18874
7672,18875
10839,18876
16482,18877
7997,18878
5069,18879
19024,18880
13846,18881
14640,18882
16154,18883
16156,18884
16908,18885
17654,18886
18451,18887
19253,18888
19255,18889
20052,18890
21702,18891
22553,18892
22554,18893
23411,18894
3104,18895
8121,18896
570,18897
13379,18898
14171,18899
19797,18900
12398,18901
6198,18902
9650,18903
11929,18904
6853,18905
19517,18906
4191,18907
5601,18908
13293,18909
16389,18910
6975,18911
14876,18912
17914,18913
21232,18914
22087,18915
22083,18916
13375,18917
10033,18918
6575,18919
1597,18920
11399,18921
3036,18922
10717,18923
11392,18924
2360,18925
14086,18926
2874,18927
21647,18928
2234,18929
10521,18930
18675,18931
2229,18932
6501,18933
11294,18934
12908,18935
13320,18936
13767,18937
13831,18938
15199,18939
10025,18940
3040,18941
10712,18942
7266,18943
10710,18944
9347,18945
2315,18946
3035,18947
1591,18948
4436,18949
1590,18950
9337,18951
10709,18952
947,18953
5041,18954
23757,18955
1905,18956
10889,18957
12206,18958
19274,18959
3258,18960
20567,18961
23116,18962
23979,18963
17319,18964
20059,18965
2769,18966
22563,18967
3461,18968
23422,18969
4168,18970
2528,18971
5579,18972
1332,18973
23423,18974
18460,18975
7654,18976
17662,18977
612,18978
8910,18979
11573,18980
1193,18981
13953,18982
2653,18983
3349,18984
4035,18985
5465,18986
7538,18987
9592,18988
19612,18989
1219,18990
16262,18991
20163,18992
4763,18993
12365,18994
1564,18995
17015,18996
1906,18997
3329,18998
4053,18999
4762,19000
5449,19001
1933,19002
2654,19003
4055,19004
20411,19005
15389,19006
13852,19007
8444,19008
10001,19009
4765,19010
2108,19011
22923,19012
22929,19013
6674,19014
9214,19015
23325,19016
9471,19017
12113,19018
4025,19019
7186,19020
9490,19021
8549,19022
7866,19023
4876,19024
19359,19025
19363,19026
19364,19027
19365,19028
500,19029
3184,19030
13955,19031
5075,19032
10349,19033
1220,19034
5120,19035
1221,19036
17764,19037
21453,19038
19614,19039
19616,19040
3328,19041
3347,19042
8915,19043
12367,19044
23434,19045
7174,19046
7175,19047
23519,19048
23521,19049
3535,19050
18015,19051
10685,19052
10686,19053
10687,19054
3622,19055
5467,19056
5469,19057
5476,19058
12573,19059
16264,19060
16266,19061
21810,19062
21812,19063
9229,19064
9230,19065
16358,19066
18224,19067
10878,19068
23783,19069
7541,19070
20162,19071
20164,19072
1100,19073
22071,19074
5776,19075
14748,19076
5822,19077
14750,19078
5889,19079
774,19080
11154,19081
7764,19082
778,19083
18563,19084
18564,19085
20413,19086
20415,19087
11280,19088
1497,19089
1498,19090
13162,19091
4243,19092
16938,19093
6170,19094
22485,19095
18810,19096
18814,19097
4363,19098
17021,19099
15193,19100
13370,19101
2627,19102
11575,19103
22664,19104
8223,19105
6404,19106
1165,19107
4599,19108
4659,19109
15429,19110
20960,19111
20962,19112
22832,19113
11781,19114
2287,19115
15509,19116
15511,19117
2289,19118
7763,19119
23788,19120
19386,19121
19385,19122
17529,19123
10242,19124
11334,19125
7013,19126
23786,19127
3537,19128
22926,19129
3536,19130
4948,19131
18014,19132
21219,19133
12205,19134
2975,19135
5651,19136
1524,19137
4949,19138
22255,19139
23381,19140
5364,19141
19617,19142
18815,19143
18011,19144
7113,19145
22073,19146
21217,19147
14955,19148
18016,19149
4245,19150
2830,19151
1105,19152
7428,19153
14113,19154
7800,19155
10514,19156
20414,19157
17221,19158
4950,19159
2951,19160
6740,19161
15714,19162
6329,19163
725,19164
10471,19165
8445,19166
22928,19167
18813,19168
17787,19169
1819,19170
8109,19171
10858,19172
23787,19173
15124,19174
22927,19175
5317,19176
1239,19177
3953,19178
21218,19179
7899,19180
19615,19181
5652,19182
4244,19183
8446,19184
17466,19185
22429,19186
10609,19187
21399,19188
20416,19189
22068,19190
17877,19191
502,19192
14162,19193
16470,19194
14783,19195
19402,19196
21003,19197
21403,19198
15530,19199
22640,19200
3768,19201
22571,19202
5474,19203
7358,19204
21719,19205
4393,19206
9966,19207
11257,19208
8020,19209
21684,19210
19142,19211
13921,19212
3685,19213
17667,19214
21400,19215
8737,19216
5072,19217
4783,19218
12181,19219
12275,19220
5376,19221
9519,19222
18586,19223
20186,19224
4060,19225
9911,19226
10591,19227
17110,19228
11204,19229
785,19230
11274,19231
3354,19232
2140,19233
15543,19234
21855,19235
22259,19236
2691,19237
535,19238
4772,19239
19388,19240
1494,19241
777,19242
7865,19243
15881,19244
21564,19245
5073,19246
4061,19247
23430,19248
2659,19249
19387,19250
1937,19251
1254,19252
13196,19253
19772,19254
20998,19255
4091,19256
13838,19257
8875,19258
7189,19259
16630,19260
17786,19261
17933,19262
1223,19263
4771,19264
16579,19265
2123,19266
22231,19267
18612,19268
21871,19269
9847,19270
8578,19271
23404,19272
1528,19273
16777,19274
3829,19275
15873,19276
17545,19277
3366,19278
517,19279
8960,19280
4597,19281
12014,19282
12807,19283
16664,19284
11014,19285
7561,19286
9643,19287
1235,19288
1951,19289
4071,19290
12526,19291
9149,19292
10575,19293
11013,19294
8959,19295
9644,19296
5473,19297
14580,19298
13519,19299
15069,19300
14791,19301
23582,19302
16585,19303
7033,19304
11010,19305
9639,19306
9635,19307
15116,19308
2603,19309
3365,19310
515,19311
7559,19312
20187,19313
4265,19314
23096,19315
17810,19316
19415,19317
13525,19318
16589,19319
7288,19320
5892,19321
9896,19322
17374,19323
18585,19324
19480,19325
20278,19326
12728,19327
4968,19328
376,19329
771,19330
2246,19331
770,19332
14581,19333
7357,19334
18539,19335
16471,19336
20963,19337
21815,19338
6530,19339
21427,19340
2252,19341
13978,19342
8682,19343
21666,19344
13121,19345
12006,19346
18981,19347
15909,19348
5955,19349
12806,19350
12015,19351
9124,19352
15908,19353
7758,19354
12800,19355
9800,19356
5008,19357
16661,19358
11677,19359
12471,19360
11483,19361
12150,19362
13863,19363
16927,19364
21611,19365
6397,19366
4297,19367
10472,19368
3253,19369
8041,19370
6349,19371
15826,19372
16925,19373
6760,19374
8131,19375
22522,19376
4451,19377
7762,19378
7760,19379
9804,19380
10877,19381
14315,19382
18938,19383
8478,19384
13042,19385
22466,19386
13793,19387
5061,19388
5765,19389
12297,19390
13885,19391
5671,19392
3553,19393
18119,19394
20014,19395
1728,19396
21570,19397
20203,19398
7030,19399
8040,19400
1238,19401
2896,19402
5770,19403
19848,19404
291,19405
5198,19406
16928,19407
12277,19408
15419,19409
11553,19410
11611,19411
16634,19412
19403,19413
12405,19414
15128,19415
20200,19416
2692,19417
12403,19418
17805,19419
20570,19420
23565,19421
13070,19422
17411,19423
16659,19424
5711,19425
17561,19426
10148,19427
19942,19428
5437,19429
15150,19430
8837,19431
14657,19432
13861,19433
13069,19434
3966,19435
9119,19436
7400,19437
6401,19438
15912,19439
12276,19440
16926,19441
8838,19442
9168,19443
19133,19444
18490,19445
17694,19446
15159,19447
7090,19448
16667,19449
13049,19450
3259,19451
11481,19452
17674,19453
10527,19454
17690,19455
23454,19456
1643,19457
6715,19458
10782,19459
1108,19460
8172,19461
19121,19462
22919,19463
12226,19464
13833,19465
16658,19466
13586,19467
17412,19468
11139,19469
20541,19470
23580,19471
17333,19472
23954,19473
20548,19474
15078,19475
15072,19476
16572,19477
17326,19478
3301,19479
14378,19480
11156,19481
12010,19482
9799,19483
2422,19484
11160,19485
9803,19486
11155,19487
10474,19488
12007,19489
2682,19490
506,19491
16118,19492
7962,19493
15153,19494
3587,19495
14382,19496
6194,19497
21386,19498
15829,19499
14399,19500
11512,19501
6479,19502
5161,19503
18320,19504
21434,19505
14376,19506
18181,19507
23553,19508
22696,19509
9099,19510
13874,19511
15118,19512
9779,19513
15872,19514
12976,19515
1038,19516
13137,19517
23778,19518
23956,19519
5877,19520
15151,19521
10473,19522
12802,19523
11613,19524
19769,19525
21006,19526
21859,19527
23569,19528
9576,19529
11612,19530
13993,19531
19406,19532
20569,19533
22711,19534
13991,19535
18604,19536
23120,19537
11157,19538
14377,19539
11485,19540
11059,19541
13372,19542
16254,19543
17743,19544
17777,19545
6826,19546
13589,19547
12012,19548
22241,19549
13518,19550
7101,19551
14696,19552
17964,19553
7122,19554
11152,19555
21370,19556
15556,19557
16310,19558
23946,19559
23943,19560
20474,19561
23950,19562
11930,19563
15823,19564
15557,19565
22221,19566
20539,19567
18929,19568
11628,19569
16306,19570
11151,19571
9114,19572
22216,19573
23076,19574
6199,19575
7570,19576
12252,19577
20091,19578
12720,19579
16870,19580
13191,19581
13213,19582
18126,19583
19732,19584
3565,19585
319,19586
6205,19587
8133,19588
5686,19589
5007,19590
20242,19591
884,19592
15901,19593
19770,19594
7620,19595
20409,19596
11586,19597
12366,19598
13954,19599
14753,19600
23522,19601
6830,19602
7518,19603
18416,19604
14561,19605
11664,19606
10467,19607
9793,19608
19191,19609
22524,19610
23945,19611
19738,19612
23081,19613
11150,19614
11057,19615
18430,19616
22829,19617
3763,19618
23094,19619
22258,19620
19764,19621
19735,19622
7452,19623
1838,19624
15430,19625
2415,19626
19591,19627
18179,19628
13873,19629
1402,19630
569,19631
23408,19632
13200,19633
21367,19634
23457,19635
23083,19636
18926,19637
7705,19638
14532,19639
6709,19640
21565,19641
20184,19642
12364,19643
23435,19644
9100,19645
2850,19646
11134,19647
15297,19648
10832,19649
24092,19650
8184,19651
9780,19652
6219,19653
11464,19654
11507,19655
11508,19656
13814,19657
17045,19658
20739,19659
18450,19660
18927,19661
403,19662
14356,19663
2127,19664
3137,19665
15298,19666
8224,19667
22233,19668
871,19669
8731,19670
15362,19671
18152,19672
12163,19673
23687,19674
3713,19675
16809,19676
21977,19677
20533,19678
13161,19679
3808,19680
15514,19681
2450,19682
7963,19683
447,19684
17171,19685
9554,19686
6904,19687
19012,19688
8388,19689
20536,19690
14354,19691
15234,19692
3051,19693
19733,19694
22220,19695
17353,19696
9774,19697
13108,19698
4937,19699
8292,19700
22213,19701
16911,19702
18453,19703
19256,19704
21576,19705
13565,19706
15852,19707
21687,19708
22789,19709
15402,19710
21708,19711
21935,19712
18124,19713
14832,19714
11731,19715
8647,19716
3049,19717
2378,19718
18098,19719
18213,19720
18128,19721
17370,19722
5924,19723
2328,19724
12713,19725
15095,19726
13740,19727
14816,19728
5151,19729
5540,19730
3245,19731
13773,19732
11394,19733
7260,19734
11393,19735
6797,19736
13557,19737
19757,19738
8880,19739
19600,19740
3684,19741
16704,19742
22056,19743
15816,19744
6056,19745
11680,19746
16251,19747
16999,19748
19352,19749
20147,19750
20152,19751
20153,19752
2624,19753
3726,19754
13050,19755
11390,19756
13941,19757
13944,19758
14733,19759
17004,19760
19354,19761
20948,19762
23512,19763
4028,19764
23941,19765
3810,19766
12360,19767
16246,19768
19349,19769
20150,19770
20950,19771
20954,19772
3323,19773
6140,19774
8195,19775
8623,19776
17562,19777
18147,19778
3222,19779
2310,19780
19251,19781
21699,19782
22549,19783
6562,19784
5065,19785
8755,19786
9339,19787
6576,19788
10708,19789
3748,19790
18122,19791
2118,19792
4472,19793
5829,19794
3019,19795
14001,19796
8689,19797
7166,19798
23765,19799
2228,19800
2968,19801
5088,19802
8576,19803
7868,19804
9950,19805
10286,19806
10298,19807
10969,19808
1924,19809
3334,19810
6836,19811
8926,19812
2326,19813
10978,19814
1202,19815
1211,19816
2632,19817
2643,19818
4040,19819
7521,19820
7522,19821
8919,19822
2247,19823
7208,19824
11321,19825
17447,19826
10624,19827
2969,19828
9275,19829
2235,19830
23079,19831
20641,19832
5081,19833
11324,19834
4387,19835
2958,19836
1516,19837
7203,19838
9923,19839
9940,19840
10608,19841
10283,19842
10972,19843
1197,19844
1208,19845
2646,19846
8917,19847
9608,19848
9614,19849
9616,19850
12305,19851
23230,19852
11467,19853
16157,19854
18454,19855
2327,19856
9358,19857
22559,19858
1240,19859
4784,19860
24148,19861
5110,19862
5462,19863
11363,19864
3696,19865
20530,19866
7704,19867
7222,19868
16292,19869
1808,19870
5100,19871
17058,19872
4074,19873
8246,19874
22723,19875
9267,19876
8551,19877
1504,19878
7215,19879
2957,19880
9272,19881
15057,19882
14546,19883
3678,19884
801,19885
9257,19886
2967,19887
8681,19888
8897,19889
10023,19890
3050,19891
10042,19892
21209,19893
23776,19894
12390,19895
14766,19896
18916,19897
7024,19898
10655,19899
20204,19900
10647,19901
4394,19902
11933,19903
18804,19904
19606,19905
5352,19906
14292,19907
13825,19908
681,19909
7944,19910
12355,19911
13943,19912
13948,19913
5441,19914
7256,19915
6201,19916
4794,19917
12401,19918
6531,19919
4760,19920
17392,19921
477,19922
8579,19923
9909,19924
16095,19925
5992,19926
19961,19927
23511,19928
10642,19929
8582,19930
8626,19931
6848,19932
6856,19933
13966,19934
5042,19935
10293,19936
3238,19937
10334,19938
5095,19939
7014,19940
1964,19941
3378,19942
8929,19943
19722,19944
7123,19945
530,19946
5354,19947
7199,19948
7202,19949
18110,19950
1815,19951
3727,19952
9283,19953
9326,19954
7514,19955
7527,19956
7531,19957
7533,19958
10973,19959
22051,19960
16541,19961
3944,19962
5790,19963
5798,19964
9487,19965
2223,19966
4089,19967
7883,19968
11293,19969
11323,19970
6113,19971
796,19972
803,19973
6197,19974
4372,19975
4377,19976
11461,19977
2540,19978
4404,19979
9943,19980
9961,19981
17048,19982
18911,19983
22645,19984
22657,19985
22659,19986
8203,19987
8204,19988
8208,19989
11607,19990
2690,19991
20857,19992
22705,19993
8256,19994
6439,19995
15372,19996
1910,19997
4651,19998
6509,19999
1913,20000
6524,20001
6529,20002
13627,20003
19181,20004
15500,20005
15502,20006
4740,20007
4749,20008
6594,20009
1921,20010
11203,20011
5797,20012
20394,20013
8105,20014
11389,20015
12356,20016
12357,20017
13946,20018
14739,20019
15498,20020
16248,20021
17753,20022
21803,20023
4029,20024
4741,20025
3943,20026
19312,20027
7943,20028
9922,20029
8483,20030
18726,20031
8122,20032
3669,20033
11306,20034
22049,20035
12368,20036
12369,20037
13158,20038
13173,20039
13956,20040
21814,20041
8911,20042
21196,20043
19594,20044
10619,20045
20518,20046
16465,20047
4386,20048
20067,20049
378,20050
22529,20051
784,20052
4435,20053
7246,20054
7207,20055
783,20056
782,20057
10629,20058
21845,20059
9955,20060
7422,20061
8571,20062
6737,20063
22903,20064
1812,20065
3242,20066
3234,20067
3057,20068
8805,20069
4650,20070
17217,20071
2538,20072
3055,20073
6503,20074
16279,20075
3233,20076
11959,20077
17849,20078
11314,20079
6523,20080
7896,20081
9277,20082
20599,20083
15853,20084
18793,20085
5801,20086
18928,20087
12270,20088
9450,20089
3681,20090
1521,20091
9489,20092
9271,20093
15408,20094
4652,20095
2535,20096
5334,20097
1502,20098
5537,20099
10602,20100
11322,20101
7278,20102
15946,20103
20066,20104
790,20105
10287,20106
1206,20107
1926,20108
2635,20109
4752,20110
479,20111
6163,20112
6845,20113
6846,20114
8209,20115
6527,20116
1510,20117
8561,20118
4370,20119
8557,20120
7212,20121
8565,20122
3676,20123
7864,20124
3656,20125
2244,20126
15215,20127
2999,20128
3346,20129
8826,20130
12027,20131
3237,20132
10621,20133
6855,20134
11577,20135
14768,20136
9591,20137
19531,20138
11576,20139
17098,20140
17928,20141
4656,20142
18422,20143
7893,20144
10620,20145
6518,20146
4576,20147
11300,20148
835,20149
7901,20150
4658,20151
19396,20152
4385,20153
3671,20154
7888,20155
2945,20156
12042,20157
10638,20158
15395,20159
11316,20160
3664,20161
11585,20162
16472,20163
2626,20164
3326,20165
8907,20166
7188,20167
10520,20168
9278,20169
22588,20170
16162,20171
10856,20172
11561,20173
7216,20174
3942,20175
804,20176
2970,20177
9227,20178
16847,20179
10784,20180
17553,20181
1095,20182
9960,20183
7895,20184
1487,20185
16092,20186
10103,20187
21600,20188
21800,20189
11326,20190
15409,20191
21735,20192
1576,20193
5350,20194
5043,20195
17785,20196
18316,20197
5353,20198
7194,20199
1810,20200
10630,20201
7213,20202
9260,20203
3217,20204
1102,20205
8108,20206
1809,20207
11564,20208
13149,20209
13150,20210
13942,20211
14736,20212
15497,20213
16253,20214
20955,20215
23516,20216
4434,20217
8106,20218
3679,20219
19800,20220
4384,20221
6517,20222
4365,20223
6528,20224
7878,20225
7211,20226
7184,20227
9251,20228
3662,20229
15949,20230
4388,20231
15527,20232
13611,20233
7802,20234
12819,20235
5788,20236
11270,20237
14042,20238
19530,20239
20328,20240
17880,20241
4836,20242
18678,20243
9938,20244
2213,20245
11305,20246
8566,20247
8536,20248
13977,20249
7221,20250
16696,20251
14284,20252
10588,20253
4379,20254
9908,20255
8547,20256
14417,20257
1520,20258
10049,20259
6996,20260
10960,20261
13965,20262
16268,20263
17763,20264
22662,20265
2655,20266
6829,20267
9004,20268
11055,20269
9224,20270
11476,20271
11327,20272
13541,20273
1514,20274
7887,20275
13900,20276
20906,20277
18201,20278
17354,20279
11033,20280
3686,20281
11331,20282
5747,20283
7097,20284
24056,20285
4389,20286
7874,20287
2241,20288
10636,20289
16774,20290
20185,20291
9240,20292
9270,20293
1522,20294
2243,20295
9959,20296
4285,20297
13626,20298
9926,20299
6508,20300
9264,20301
10966,20302
10979,20303
10982,20304
1198,20305
1200,20306
4041,20307
8213,20308
8215,20309
8916,20310
8923,20311
7879,20312
9907,20313
16916,20314
5356,20315
10176,20316
2533,20317
3948,20318
15407,20319
6052,20320
18469,20321
1817,20322
10172,20323
767,20324
14400,20325
4331,20326
15928,20327
17596,20328
7429,20329
14059,20330
20397,20331
387,20332
14158,20333
15338,20334
2934,20335
768,20336
13788,20337
15173,20338
10345,20339
10347,20340
11030,20341
1975,20342
2250,20343
3389,20344
4100,20345
6213,20346
9661,20347
12203,20348
8537,20349
12996,20350
11269,20351
9225,20352
1489,20353
14164,20354
1908,20355
20175,20356
23502,20357
8199,20358
8906,20359
7678,20360
6310,20361
3419,20362
18562,20363
499,20364
14767,20365
20959,20366
6144,20367
10586,20368
17069,20369
538,20370
8975,20371
17484,20372
22293,20373
19001,20374
16316,20375
8264,20376
9658,20377
5509,20378
8584,20379
22043,20380
13608,20381
10885,20382
23196,20383
5096,20384
9906,20385
769,20386
24055,20387
3596,20388
9276,20389
789,20390
14415,20391
2966,20392
9953,20393
9947,20394
8556,20395
9244,20396
802,20397
2238,20398
8562,20399
16093,20400
5093,20401
20598,20402
2220,20403
11320,20404
7198,20405
7891,20406
6499,20407
9933,20408
5782,20409
16701,20410
13787,20411
6065,20412
757,20413
23764,20414
9895,20415
19417,20416
9834,20417
12971,20418
1043,20419
18341,20420
8219,20421
15930,20422
10879,20423
17434,20424
16683,20425
21665,20426
22521,20427
10017,20428
11574,20429
13950,20430
15515,20431
16265,20432
22663,20433
23537,20434
13318,20435
12524,20436
7630,20437
8313,20438
14040,20439
12525,20440
16420,20441
12457,20442
15336,20443
22203,20444
15039,20445
16548,20446
8099,20447
11901,20448
14273,20449
19712,20450
18879,20451
807,20452
6413,20453
22310,20454
16846,20455
21490,20456
10199,20457
20065,20458
3946,20459
5358,20460
2532,20461
14647,20462
22572,20463
5360,20464
383,20465
19269,20466
23514,20467
2961,20468
6733,20469
4383,20470
3675,20471
9222,20472
22503,20473
10127,20474
23302,20475
1488,20476
3369,20477
6877,20478
12421,20479
2455,20480
8908,20481
14754,20482
17018,20483
8225,20484
23520,20485
21978,20486
2103,20487
2825,20488
4662,20489
23647,20490
8112,20491
21456,20492
2872,20493
799,20494
10634,20495
9845,20496
294,20497
2942,20498
2944,20499
2955,20500
5721,20501
2964,20502
9416,20503
9418,20504
14680,20505
22057,20506
17452,20507
5769,20508
13786,20509
10101,20510
10102,20511
16094,20512
19799,20513
8570,20514
8574,20515
21189,20516
8577,20517
7193,20518
20281,20519
17986,20520
10614,20521
9522,20522
3533,20523
6765,20524
10628,20525
10635,20526
10637,20527
22623,20528
14794,20529
19418,20530
12993,20531
12995,20532
4075,20533
14397,20534
20387,20535
5486,20536
3644,20537
20405,20538
16731,20539
5510,20540
14439,20541
13999,20542
5078,20543
5079,20544
14005,20545
16309,20546
18614,20547
10787,20548
5086,20549
9254,20550
9255,20551
7873,20552
11287,20553
9274,20554
19587,20555
8840,20556
11319,20557
11325,20558
794,20559
14577,20560
2149,20561
698,20562
2457,20563
5901,20564
3171,20565
14575,20566
3368,20567
5484,20568
10640,20569
18786,20570
9904,20571
15174,20572
1519,20573
11627,20574
17169,20575
17172,20576
17214,20577
11732,20578
2823,20579
6513,20580
15441,20581
1732,20582
13649,20583
22895,20584
7171,20585
10582,20586
2233,20587
7173,20588
1883,20589
19157,20590
7851,20591
7894,20592
15041,20593
23082,20594
15269,20595
11619,20596
15550,20597
17054,20598
5781,20599
3649,20600
23949,20601
1420,20602
13483,20603
5014,20604
4241,20605
1731,20606
8535,20607
7172,20608
15192,20609
13716,20610
13728,20611
4809,20612
23086,20613
23088,20614
3102,20615
13886,20616
19483,20617
15798,20618
8735,20619
13987,20620
10330,20621
12178,20622
19599,20623
19607,20624
15931,20625
23363,20626
8963,20627
21596,20628
10583,20629
10584,20630
14274,20631
16140,20632
14301,20633
18005,20634
9081,20635
21747,20636
5463,20637
7359,20638
18135,20639
18212,20640
21908,20641
12695,20642
23775,20643
5718,20644
5773,20645
16546,20646
18401,20647
766,20648
9568,20649
22201,20650
7754,20651
1485,20652
1486,20653
11265,20654
11266,20655
11267,20656
16801,20657
13118,20658
16831,20659
24227,20660
9932,20661
9937,20662
9957,20663
17056,20664
20795,20665
4514,20666
6486,20667
6487,20668
17336,20669
1734,20670
17340,20671
14706,20672
21761,20673
18086,20674
12300,20675
12299,20676
12161,20677
17323,20678
20398,20679
23059,20680
24152,20681
13194,20682
22917,20683
17047,20684
10509,20685
1041,20686
18805,20687
20909,20688
22655,20689
16078,20690
20797,20691
22198,20692
5200,20693
22600,20694
17691,20695
23944,20696
23290,20697
19294,20698
23407,20699
4931,20700
11904,20701
5501,20702
6393,20703
17296,20704
10812,20705
15323,20706
1606,20707
21345,20708
12956,20709
17581,20710
15321,20711
19997,20712
18402,20713
13107,20714
3790,20715
6006,20716
4359,20717
7852,20718
2932,20719
16303,20720
17813,20721
5503,20722
5300,20723
12149,20724
19202,20725
20796,20726
18489,20727
15270,20728
18488,20729
15205,20730
15971,20731
23948,20732
22227,20733
23401,20734
15066,20735
4759,20736
4859,20737
6712,20738
10128,20739
321,20740
21366,20741
21369,20742
21372,20743
21376,20744
3303,20745
1040,20746
17796,20747
15959,20748
12359,20749
21592,20750
16079,20751
19831,20752
3556,20753
7374,20754
20041,20755
12847,20756
23921,20757
16567,20758
16603,20759
14780,20760
12944,20761
22235,20762
6007,20763
1312,20764
20543,20765
22424,20766
11451,20767
438,20768
22542,20769
20744,20770
20745,20771
18903,20772
6308,20773
1159,20774
22661,20775
13687,20776
19291,20777
17542,20778
8660,20779
4977,20780
13903,20781
3144,20782
19628,20783
23343,20784
12332,20785
19742,20786
21629,20787
23475,20788
14424,20789
7401,20790
7491,20791
7513,20792
9440,20793
22085,20794
18493,20795
5886,20796
591,20797
2221,20798
13126,20799
6043,20800
7982,20801
11414,20802
17001,20803
22597,20804
11606,20805
15299,20806
13479,20807
13504,20808
20884,20809
13511,20810
6440,20811
13540,20812
4642,20813
19134,20814
19153,20815
8391,20816
21017,20817
19203,20818
8232,20819
2845,20820
13153,20821
18526,20822
14628,20823
13086,20824
15575,20825
4445,20826
20168,20827
341,20828
3085,20829
15060,20830
22540,20831
17478,20832
6995,20833
13906,20834
3841,20835
8657,20836
16044,20837
4050,20838
16576,20839
16146,20840
19553,20841
1637,20842
20629,20843
2072,20844
13843,20845
21380,20846
12400,20847
22484,20848
12152,20849
18149,20850
20085,20851
16726,20852
13186,20853
12331,20854
23518,20855
7710,20856
13210,20857
14004,20858
21869,20859
322,20860
11304,20861
3778,20862
10057,20863
13629,20864
11465,20865
20047,20866
22550,20867
448,20868
8008,20869
2600,20870
18443,20871
20253,20872
16329,20873
7957,20874
9627,20875
14631,20876
20113,20877
17327,20878
3772,20879
22759,20880
23617,20881
13044,20882
16417,20883
4854,20884
10729,20885
23958,20886
13542,20887
10343,20888
6895,20889
7580,20890
10984,20891
6994,20892
16345,20893
4485,20894
23077,20895
19740,20896
2120,20897
20545,20898
15660,20899
12261,20900
17655,20901
20852,20902
4448,20903
887,20904
21423,20905
15201,20906
10147,20907
13631,20908
12843,20909
2812,20910
10706,20911
12259,20912
17651,20913
23409,20914
6926,20915
10054,20916
8670,20917
19528,20918
12579,20919
22937,20920
16715,20921
17857,20922
656,20923
6500,20924
21360,20925
12293,20926
12693,20927
21346,20928
16544,20929
6161,20930
4856,20931
8375,20932
13835,20933
11506,20934
13092,20935
2842,20936
677,20937
18918,20938
23368,20939
317,20940
19145,20941
17804,20942
4262,20943
17693,20944
13254,20945
19008,20946
7259,20947
12836,20948
5154,20949
1607,20950
20608,20951
13707,20952
11466,20953
14901,20954
19456,20955
3437,20956
13053,20957
21703,20958
23413,20959
2324,20960
1604,20961
19810,20962
19577,20963
18723,20964
6044,20965
1316,20966
490,20967
6165,20968
4913,20969
652,20970
1308,20971
589,20972
5267,20973
15097,20974
8135,20975
16195,20976
15442,20977
7185,20978
22855,20979
2721,20980
5191,20981
18934,20982
8879,20983
7709,20984
22848,20985
18209,20986
10021,20987
12043,20988
11566,20989
11570,20990
1191,20991
13155,20992
18549,20993
18554,20994
3322,20995
3725,20996
4742,20997
10704,20998
11563,20999
1190,21000
13152,21001
13156,21002
17000,21003
18548,21004
20149,21005
20151,21006
6825,21007
10018,21008
12358,21009
12361,21010
13949,21011
16250,21012
17749,21013
19351,21014
19353,21015
469,21016
470,21017
20201,21018
2596,21019
3735,21020
19460,21021
22939,21022
22084,21023
17459,21024
6574,21025
11391,21026
4447,21027
5152,21028
19011,21029
12439,21030
20259,21031
7301,21032
17951,21033
5456,21034
4155,21035
19459,21036
20256,21037
11788,21038
23799,21039
10096,21040
1256,21041
4806,21042
6894,21043
15795,21044
3440,21045
4148,21046
21023,21047
7677,21048
18133,21049
10734,21050
8390,21051
11667,21052
12461,21053
11362,21054
6166,21055
2276,21056
7233,21057
788,21058
3661,21059
776,21060
15944,21061
9949,21062
23984,21063
2236,21064
10985,21065
10987,21066
1207,21067
2640,21068
3337,21069
3342,21070
4047,21071
4755,21072
482,21073
6154,21074
11279,21075
10968,21076
10980,21077
10983,21078
491,21079
6839,21080
6847,21081
8206,21082
8918,21083
9607,21084
9617,21085
9956,21086
3659,21087
2953,21088
5780,21089
1518,21090
11318,21091
4382,21092
7885,21093
12040,21094
10299,21095
10301,21096
1203,21097
4757,21098
486,21099
5454,21100
5457,21101
7524,21102
8921,21103
8925,21104
5786,21105
7192,21106
15131,21107
7196,21108
8573,21109
1513,21110
11313,21111
6498,21112
9235,21113
16256,21114
22001,21115
4051,21116
16708,21117
7258,21118
5842,21119
15496,21120
15499,21121
17754,21122
20155,21123
20156,21124
20952,21125
22658,21126
4739,21127
7939,21128
16252,21129
17755,21130
18551,21131
18555,21132
1903,21133
23517,21134
5444,21135
7255,21136
11565,21137
13947,21138
14738,21139
16249,21140
17756,21141
19355,21142
19356,21143
22656,21144
23513,21145
23515,21146
4433,21147
13232,21148
14913,21149
21123,21150
23623,21151
597,21152
10603,21153
3514,21154
21230,21155
23800,21156
3345,21157
21348,21158
18909,21159
14277,21160
12581,21161
18824,21162
21879,21163
14745,21164
19467,21165
18117,21166
20428,21167
18026,21168
13184,21169
18994,21170
7543,21171
11599,21172
4369,21173
9921,21174
1508,21175
9253,21176
10595,21177
1496,21178
2237,21179
798,21180
2231,21181
12833,21182
2227,21183
9948,21184
5077,21185
9273,21186
8568,21187
4367,21188
1501,21189
7183,21190
5091,21191
5084,21192
6511,21193
10612,21194
2240,21195
7890,21196
17450,21197
4332,21198
10677,21199
8220,21200
17017,21201
7913,21202
17762,21203
3029,21204
10622,21205
11295,21206
7867,21207
8545,21208
10597,21209
5090,21210
5791,21211
7884,21212
1204,21213
1215,21214
15507,21215
17013,21216
17760,21217
2639,21218
5455,21219
5458,21220
7528,21221
9611,21222
14413,21223
11285,21224
16699,21225
4994,21226
2938,21227
14418,21228
2940,21229
18558,21230
18559,21231
2641,21232
3340,21233
4753,21234
5461,21235
6164,21236
6842,21237
6844,21238
7534,21239
10626,21240
18997,21241
8553,21242
7200,21243
8543,21244
23122,21245
10599,21246
7889,21247
10632,21248
20600,21249
10295,21250
1201,21251
14746,21252
16260,21253
1917,21254
3338,21255
4756,21256
480,21257
484,21258
494,21259
14814,21260
20260,21261
21061,21262
16259,21263
595,21264
11789,21265
19629,21266
16164,21267
20264,21268
3448,21269
1217,21270
8134,21271
6079,21272
14679,21273
20160,21274
11821,21275
15506,21276
4928,21277
19360,21278
17435,21279
8479,21280
2539,21281
15187,21282
8554,21283
2929,21284
13748,21285
20036,21286
22428,21287
11569,21288
9931,21289
19270,21290
12362,21291
781,21292
16918,21293
10607,21294
11292,21295
763,21296
14538,21297
19240,21298
17540,21299
16161,21300
9952,21301
9269,21302
7170,21303
14540,21304
1778,21305
19158,21306
19350,21307
2963,21308
12391,21309
8480,21310
9162,21311
17033,21312
7120,21313
15528,21314
5089,21315
9917,21316
8550,21317
7862,21318
11278,21319
4381,21320
2952,21321
6505,21322
7204,21323
11307,21324
1495,21325
8541,21326
9247,21327
2216,21328
15947,21329
8564,21330
10606,21331
6515,21332
8572,21333
11290,21334
11284,21335
5082,21336
11317,21337
9945,21338
9234,21339
11793,21340
17012,21341
13326,21342
20159,21343
11288,21344
18823,21345
19627,21346
15799,21347
19361,21348
20265,21349
2757,21350
6750,21351
9163,21352
10517,21353
14649,21354
8107,21355
6739,21356
5359,21357
5355,21358
2651,21359
9241,21360
4761,21361
6751,21362
4912,21363
23065,21364
8905,21365
11291,21366
7424,21367
2965,21368
13855,21369
7798,21370
9843,21371
6425,21372
17569,21373
4621,21374
17535,21375
14749,21376
6437,21377
21229,21378
10173,21379
10175,21380
6800,21381
496,21382
17670,21383
5074,21384
3236,21385
1218,21386
6948,21387
8807,21388
8808,21389
779,21390
1499,21391
7168,21392
4557,21393
9469,21394
12909,21395
18553,21396
10605,21397
8809,21398
14061,21399
14062,21400
14063,21401
17858,21402
19801,21403
1612,21404
5357,21405
10600,21406
5362,21407
16163,21408
10633,21409
21765,21410
1811,21411
3663,21412
1813,21413
1814,21414
1816,21415
9232,21416
9236,21417
1818,21418
9261,21419
7420,21420
7421,21421
18194,21422
7425,21423
18195,21424
16363,21425
16365,21426
7438,21427
12696,21428
10857,21429
10860,21430
21936,21431
23798,21432
1098,21433
5785,21434
1103,21435
3947,21436
1104,21437
9488,21438
20257,21439
9491,21440
9492,21441
9509,21442
20282,21443
4003,21444
18468,21445
2031,21446
11200,21447
11201,21448
20426,21449
2230,21450
7872,21451
7886,21452
6048,21453
6051,21454
20516,21455
20525,21456
15037,21457
15038,21458
15042,21459
1511,21460
1512,21461
2534,21462
2536,21463
2537,21464
2541,21465
9918,21466
8103,21467
8104,21468
18936,21469
17116,21470
17118,21471
2752,21472
4653,21473
4655,21474
4657,21475
6502,21476
4660,21477
6520,21478
17297,21479
11787,21480
2242,21481
7495,21482
9929,21483
4366,21484
912,21485
18570,21486
8810,21487
15190,21488
6993,21489
10928,21490
636,21491
22827,21492
20324,21493
16477,21494
16917,21495
20845,21496
9258,21497
10859,21498
1493,21499
3673,21500
16915,21501
13638,21502
6521,21503
5361,21504
4375,21505
11302,21506
9914,21507
7180,21508
6735,21509
9268,21510
5793,21511
8827,21512
10601,21513
18995,21514
20323,21515
16415,21516
9159,21517
18104,21518
2225,21519
20322,21520
1507,21521
3240,21522
9237,21523
8563,21524
1492,21525
9265,21526
15721,21527
7863,21528
775,21529
12521,21530
3072,21531
5796,21532
14962,21533
9161,21534
8123,21535
497,21536
9934,21537
3950,21538
377,21539
797,21540
4368,21541
21349,21542
12183,21543
15794,21544
13478,21545
791,21546
8806,21547
15191,21548
18998,21549
8559,21550
6738,21551
6525,21552
2960,21553
3495,21554
14899,21555
14169,21556
12835,21557
17448,21558
7187,21559
6494,21560
11311,21561
16547,21562
20956,21563
6485,21564
3740,21565
10610,21566
3658,21567
8481,21568
4364,21569
8567,21570
13271,21571
7287,21572
16368,21573
13273,21574
8319,21575
4380,21576
9941,21577
7182,21578
773,21579
18202,21580
7210,21581
20842,21582
7205,21583
13624,21584
10617,21585
759,21586
7860,21587
9944,21588
3674,21589
7121,21590
11286,21591
7787,21592
10398,21593
11081,21594
9166,21595
20814,21596
2947,21597
6955,21598
5083,21599
9919,21600
7880,21601
9912,21602
2959,21603
21809,21604
8546,21605
11281,21606
15617,21607
5094,21608
717,21609
10518,21610
2652,21611
9216,21612
8555,21613
9946,21614
1517,21615
3660,21616
18904,21617
1752,21618
15792,21619
16808,21620
792,21621
15948,21622
18198,21623
7876,21624
11283,21625
7209,21626
11686,21627
14858,21628
1931,21629
13628,21630
16697,21631
760,21632
1481,21633
11260,21634
10576,21635
7439,21636
10434,21637
5613,21638
23685,21639
19526,21640
3672,21641
2205,21642
6497,21643
10578,21644
6526,21645
20624,21646
9928,21647
9902,21648
23326,21649
9897,21650
3647,21651
7799,21652
1483,21653
16064,21654
17922,21655
17167,21656
9151,21657
9414,21658
19524,21659
1506,21660
9215,21661
9898,21662
11263,21663
11259,21664
11729,21665
2928,21666
1446,21667
4052,21668
19971,21669
6507,21670
9263,21671
2206,21672
10580,21673
23286,21674
17560,21675
5792,21676
1484,21677
764,21678
11264,21679
5777,21680
5066,21681
8357,21682
15659,21683
10988,21684
2927,21685
23327,21686
22469,21687
20770,21688
6438,21689
18679,21690
9711,21691
14854,21692
17120,21693
11687,21694
12480,21695
6953,21696
7636,21697
761,21698
21614,21699
4355,21700
18374,21701
17168,21702
2926,21703
13749,21704
10838,21705
19173,21706
16820,21707
12158,21708
17640,21709
11084,21710
6268,21711
11688,21712
14856,21713
12162,21714
13862,21715
15418,21716
9520,21717
23280,21718
6802,21719
13276,21720
6269,21721
7848,21722
19970,21723
16819,21724
20769,21725
14857,21726
17123,21727
1439,21728
6030,21729
10581,21730
4357,21731
8697,21732
10924,21733
23563,21734
1482,21735
12954,21736
15309,21737
9752,21738
21612,21739
10394,21740
12479,21741
15618,21742
7635,21743
7537,21744
24190,21745
1084,21746
1798,21747
8085,21748
2683,21749
3374,21750
4081,21751
13601,21752
12813,21753
6407,21754
8451,21755
10492,21756
11175,21757
2144,21758
1418,21759
19972,21760
9468,21761
22468,21762
7402,21763
2755,21764
24189,21765
3912,21766
22418,21767
1799,21768
5319,21769
3913,21770
16784,21771
3592,21772
7774,21773
23987,21774
3910,21775
12804,21776
15157,21777
13590,21778
697,21779
1419,21780
3850,21781
6031,21782
5321,21783
8086,21784
5009,21785
4298,21786
22465,21787
13710,21788
21626,21789
7281,21790
15307,21791
19239,21792
5320,21793
11682,21794
11684,21795
12475,21796
13268,21797
13269,21798
14850,21799
14852,21800
14853,21801
15611,21802
9029,21803
9470,21804
9815,21805
13603,21806
7096,21807
5010,21808
16270,21809
8786,21810
17539,21811
6378,21812
7741,21813
2858,21814
2521,21815
23291,21816
8787,21817
18748,21818
10153,21819
16790,21820
1882,21821
3325,21822
14492,21823
10936,21824
5464,21825
19930,21826
16663,21827
15914,21828
14380,21829
10152,21830
12903,21831
13154,21832
16226,21833
4617,21834
13048,21835
4910,21836
16413,21837
3494,21838
17921,21839
21122,21840
7674,21841
17166,21842
18720,21843
23684,21844
15658,21845
12818,21846
19950,21847
9560,21848
14735,21849
5412,21850
3446,21851
6945,21852
17003,21853
7484,21854
13920,21855
5442,21856
5153,21857
21791,21858
13990,21859
18164,21860
21005,21861
22710,21862
15127,21863
21856,21864
21857,21865
12407,21866
20202,21867
23567,21868
23568,21869
16033,21870
19357,21871
9565,21872
24159,21873
7966,21874
15614,21875
14069,21876
11080,21877
16371,21878
6267,21879
14705,21880
915,21881
11428,21882
12578,21883
16475,21884
20618,21885
1631,21886
14637,21887
21807,21888
8874,21889
5876,21890
21805,21891
22629,21892
13172,21893
14741,21894
15503,21895
19358,21896
22665,21897
4056,21898
6141,21899
6920,21900
8619,21901
4202,21902
17162,21903
21975,21904
16414,21905
14898,21906
928,21907
22545,21908
16895,21909
15387,21910
21695,21911
2365,21912
15208,21913
13319,21914
18556,21915
3350,21916
11777,21917
10956,21918
10957,21919
13246,21920
16267,21921
20166,21922
23523,21923
5468,21924
6568,21925
6832,21926
9684,21927
13272,21928
14065,21929
11691,21930
12483,21931
5569,21932
6263,21933
6265,21934
6951,21935
10397,21936
11083,21937
5882,21938
13037,21939
9710,21940
11663,21941
12569,21942
17020,21943
10372,21944
22666,21945
4766,21946
11662,21947
22830,21948
18798,21949
5614,21950
23769,21951
11056,21952
7607,21953
2728,21954
9689,21955
12456,21956
9687,21957
18611,21958
2029,21959
21149,21960
3442,21961
4150,21962
23126,21963
9028,21964
5887,21965
17223,21966
14957,21967
9618,21968
12419,21969
13209,21970
15554,21971
23581,21972
18932,21973
20538,21974
7275,21975
20075,21976
4286,21977
3576,21978
10456,21979
16843,21980
10788,21981
21581,21982
18552,21983
8422,21984
16168,21985
12724,21986
2119,21987
19734,21988
18898,21989
2350,21990
13604,21991
12816,21992
12814,21993
12022,21994
13041,21995
13858,21996
10200,21997
19248,21998
5672,21999
17060,22000
20215,22001
4802,22002
6202,22003
17325,22004
23085,22005
19279,22006
16672,22007
693,22008
11168,22009
9131,22010
16169,22011
1625,22012
3781,22013
12418,22014
16304,22015
2371,22016
8291,22017
13064,22018
11477,22019
21436,22020
6073,22021
6071,22022
2006,22023
12282,22024
7062,22025
4996,22026
9781,22027
16091,22028
296,22029
18349,22030
11567,22031
8421,22032
8454,22033
7773,22034
19598,22035
18796,22036
6741,22037
6072,22038
13859,22039
11778,22040
6046,22041
4764,22042
18131,22043
15073,22044
21371,22045
2121,22046
6495,22047
13124,22048
9135,22049
14675,22050
16944,22051
16945,22052
7457,22053
8360,22054
6757,22055
7447,22056
19819,22057
5714,22058
2867,22059
1627,22060
18130,22061
4969,22062
21374,22063
14361,22064
10201,22065
6759,22066
14390,22067
16902,22068
8455,22069
15549,22070
17422,22071
17423,22072
1928,22073
4911,22074
6763,22075
19405,22076
22229,22077
15437,22078
23952,22079
23090,22080
9079,22081
24208,22082
1058,22083
19944,22084
17692,22085
20546,22086
19745,22087
15819,22088
20785,22089
3908,22090
24151,22091
13988,22092
15830,22093
15824,22094
22598,22095
15071,22096
15828,22097
11123,22098
18391,22099
339,22100
12913,22101
13197,22102
2843,22103
14002,22104
8935,22105
19747,22106
23455,22107
10574,22108
14305,22109
16190,22110
16191,22111
3588,22112
5459,22113
14393,22114
18127,22115
927,22116
5615,22117
1639,22118
10886,22119
16416,22120
20125,22121
5717,22122
22060,22123
23912,22124
3954,22125
16575,22126
20326,22127
5873,22128
2036,22129
11171,22130
20404,22131
14892,22132
14951,22133
9811,22134
9817,22135
15133,22136
6307,22137
13602,22138
19604,22139
16302,22140
17812,22141
22721,22142
18802,22143
11774,22144
5558,22145
22226,22146
1164,22147
6110,22148
1873,22149
11626,22150
14793,22151
15555,22152
8218,22153
20892,22154
4263,22155
5485,22156
13515,22157
13514,22158
18931,22159
20396,22160
17759,22161
20391,22162
23947,22163
19469,22164
2649,22165
2650,22166
7675,22167
4300,22168
15597,22169
1645,22170
19597,22171
17808,22172
20502,22173
1955,22174
4354,22175
23456,22176
22763,22177
6309,22178
21994,22179
19593,22180
15546,22181
9724,22182
17064,22183
4902,22184
19605,22185
9101,22186
1315,22187
17157,22188
22713,22189
15835,22190
16582,22191
14307,22192
13201,22193
7582,22194
4225,22195
23087,22196
9363,22197
5862,22198
10047,22199
7029,22200
23092,22201
15822,22202
7859,22203
22237,22204
3554,22205
22063,22206
17320,22207
18615,22208
8542,22209
14013,22210
11924,22211
2803,22212
1927,22213
11277,22214
18657,22215
21194,22216
15673,22217
11629,22218
11726,22219
18607,22220
1998,22221
22186,22222
13368,22223
2677,22224
9646,22225
18750,22226
23629,22227
21067,22228
21919,22229
8265,22230
12518,22231
14786,22232
14102,22233
11725,22234
14799,22235
1325,22236
20205,22237
15335,22238
21146,22239
10407,22240
18608,22241
21120,22242
20890,22243
21743,22244
19293,22245
21861,22246
21972,22247
15646,22248
6897,22249
17856,22250
18654,22251
16151,22252
13841,22253
15438,22254
12298,22255
16192,22256
12730,22257
19192,22258
16311,22259
22825,22260
3243,22261
18714,22262
8979,22263
13753,22264
17867,22265
20267,22266
10593,22267
3516,22268
6898,22269
14047,22270
14837,22271
14007,22272
23683,22273
664,22274
15699,22275
16295,22276
20406,22277
18006,22278
18658,22279
4153,22280
3513,22281
17227,22282
14961,22283
14885,22284
6211,22285
6271,22286
20393,22287
14008,22288
17994,22289
6983,22290
12517,22291
19408,22292
1015,22293
22764,22294
23622,22295
13309,22296
23761,22297
13523,22298
18941,22299
18791,22300
20386,22301
21227,22302
14166,22303
6345,22304
11934,22305
15065,22306
21358,22307
5316,22308
16466,22309
9040,22310
9915,22311
3530,22312
21686,22313
15718,22314
16474,22315
385,22316
17859,22317
23619,22318
17917,22319
7583,22320
13373,22321
12576,22322
22050,22323
11090,22324
12425,22325
17075,22326
15542,22327
13193,22328
17226,22329
14960,22330
17865,22331
18663,22332
15508,22333
17987,22334
16409,22335
7576,22336
11630,22337
6890,22338
6905,22339
15622,22340
18792,22341
12914,22342
14165,22343
20424,22344
19419,22345
9042,22346
16315,22347
14313,22348
18140,22349
15563,22350
1986,22351
6852,22352
5670,22353
12725,22354
11020,22355
21119,22356
9233,22357
2713,22358
13160,22359
9913,22360
19625,22361
15716,22362
14946,22363
1932,22364
14803,22365
21973,22366
13217,22367
16322,22368
18150,22369
13986,22370
7539,22371
20425,22372
14958,22373
17014,22374
1268,22375
7640,22376
8323,22377
6891,22378
10437,22379
10336,22380
6220,22381
17160,22382
6206,22383
14712,22384
14737,22385
4054,22386
20216,22387
11722,22388
15562,22389
23074,22390
7581,22391
1269,22392
11926,22393
12717,22394
17068,22395
10405,22396
11091,22397
3496,22398
1991,22399
8222,22400
9231,22401
5466,22402
10363,22403
8260,22404
16374,22405
602,22406
11912,22407
21297,22408
23445,22409
15854,22410
6167,22411
7540,22412
6851,22413
4813,22414
14895,22415
17161,22416
15806,22417
16555,22418
23896,22419
7641,22420
8324,22421
11021,22422
10743,22423
3348,22424
23930,22425
14073,22426
2760,22427
22207,22428
23369,22429
9756,22430
14244,22431
21652,22432
24232,22433
17306,22434
13311,22435
14104,22436
12476,22437
12477,22438
12478,22439
14851,22440
15610,22441
15612,22442
16364,22443
17119,22444
19484,22445
7631,22446
21318,22447
8358,22448
9678,22449
23068,22450
14105,22451
13312,22452
5383,22453
1138,22454
12750,22455
11501,22456
17016,22457
6168,22458
13451,22459
9722,22460
4681,22461
16408,22462
15655,22463
11911,22464
16898,22465
18561,22466
22052,22467
15710,22468
3263,22469
3180,22470
3978,22471
4595,22472
5297,22473
1322,22474
13316,22475
11728,22476
16410,22477
21974,22478
6306,22479
17924,22480
5612,22481
17163,22482
17164,22483
9069,22484
11683,22485
11685,22486
13270,22487
14064,22488
15613,22489
16366,22490
16367,22491
17117,22492
21083,22493
8314,22494
6957,22495
22152,22496
11026,22497
11027,22498
8263,22499
17355,22500
11581,22501
15049,22502
23995,22503
20173,22504
12703,22505
11866,22506
12907,22507
14495,22508
6949,22509
10396,22510
10400,22511
6264,22512
15615,22513
8317,22514
11692,22515
14068,22516
11689,22517
7638,22518
11730,22519
14896,22520
18721,22521
6991,22522
12519,22523
18907,22524
15797,22525
13485,22526
4096,22527
537,22528
7579,22529
11202,22530
10022,22531
15766,22532
18603,22533
9561,22534
442,22535
14109,22536
12520,22537
15656,22538
11120,22539
18722,22540
6305,22541
16412,22542
9751,22543
9521,22544
7454,22545
16194,22546
22205,22547
4255,22548
17299,22549
3054,22550
3747,22551
11086,22552
9035,22553
7634,22554
9714,22555
10401,22556
11087,22557
9037,22558
9719,22559
23926,22560
20512,22561
11903,22562
6764,22563
8839,22564
16947,22565
21347,22566
19711,22567
12694,22568
23928,22569
20514,22570
19708,22571
11896,22572
23367,22573
19527,22574
15657,22575
3493,22576
14108,22577
14267,22578
18183,22579
18983,22580
318,22581
3590,22582
5715,22583
15007,22584
22547,22585
12687,22586
19521,22587
3970,22588
15032,22589
21121,22590
21319,22591
15651,22592
22507,22593
18107,22594
14111,22595
13494,22596
7632,22597
8315,22598
13062,22599
14066,22600
14855,22601
14897,22602
724,22603
6272,22604
12481,22605
13274,22606
694,22607
2865,22608
7769,22609
7091,22610
14891,22611
12424,22612
11082,22613
17125,22614
9030,22615
16373,22616
14067,22617
9032,22618
9034,22619
10402,22620
8316,22621
21341,22622
9517,22623
4720,22624
8834,22625
18076,22626
21082,22627
5011,22628
21351,22629
10335,22630
6950,22631
12272,22632
10485,22633
10489,22634
17923,22635
19788,22636
5391,22637
2173,22638
12522,22639
9136,22640
14388,22641
7440,22642
5611,22643
14653,22644
12815,22645
23922,22646
7633,22647
20325,22648
22185,22649
22197,22650
9716,22651
24231,22652
18716,22653
9816,22654
8006,22655
11422,22656
13275,22657
13314,22658
13315,22659
15160,22660
6274,22661
11727,22662
13599,22663
17288,22664
15917,22665
13353,22666
16538,22667
12686,22668
9132,22669
1416,22670
14859,22671
15619,22672
4237,22673
23034,22674
21840,22675
3376,22676
5493,22677
10395,22678
9712,22679
6436,22680
11088,22681
11693,22682
9812,22683
10202,22684
20000,22685
11169,22686
16372,22687
17124,22688
15295,22689
23058,22690
23986,22691
5298,22692
9043,22693
7446,22694
10157,22695
21411,22696
10399,22697
11085,22698
9031,22699
9713,22700
15416,22701
14101,22702
9033,22703
9715,22704
16170,22705
14254,22706
7449,22707
6917,22708
12683,22709
7010,22710
15161,22711
15918,22712
4830,22713
18876,22714
17388,22715
15889,22716
15888,22717
12018,22718
12810,22719
1247,22720
3377,22721
5494,22722
14941,22723
11172,22724
7448,22725
3934,22726
13463,22727
14493,22728
14713,22729
17918,22730
10491,22731
19098,22732
11479,22733
9810,22734
6960,22735
7643,22736
10487,22737
11170,22738
12019,22739
16806,22740
17902,22741
6232,22742
6980,22743
11877,22744
5532,22745
4122,22746
9061,22747
18077,22748
15428,22749
12283,22750
15132,22751
17391,22752
5689,22753
6648,22754
20038,22755
23284,22756
17005,22757
13571,22758
15427,22759
11991,22760
22260,22761
6376,22762
4121,22763
4942,22764
10486,22765
19894,22766
16053,22767
17733,22768
900,22769
10408,22770
9725,22771
18779,22772
8898,22773
23125,22774
14093,22775
13308,22776
12514,22777
11713,22778
5341,22779
21100,22780
4177,22781
13351,22782
17558,22783
563,22784
6294,22785
18777,22786
19679,22787
11990,22788
20127,22789
19425,22790
4900,22791
3414,22792
17209,22793
3318,22794
3225,22795
20045,22796
16404,22797
17156,22798
4828,22799
20604,22800
2100,22801
15626,22802
8326,22803
13284,22804
15253,22805
23651,22806
23774,22807
20232,22808
6032,22809
21177,22810
9051,22811
15568,22812
15294,22813
12782,22814
5177,22815
23740,22816
20223,22817
7661,22818
19424,22819
8609,22820
13677,22821
1620,22822
11094,22823
18622,22824
9742,22825
20222,22826
14883,22827
12512,22828
15643,22829
15482,22830
19595,22831
16298,22832
19435,22833
21512,22834
21886,22835
11111,22836
13225,22837
11443,22838
4276,22839
20844,22840
17076,22841
12555,22842
11715,22843
21874,22844
2622,22845
19618,22846
11720,22847
22883,22848
3455,22849
12507,22850
17823,22851
20226,22852
14866,22853
4124,22854
851,22855
7575,22856
21007,22857
21276,22858
14721,22859
21034,22860
7651,22861
9733,22862
20455,22863
16011,22864
5878,22865
14809,22866
17832,22867
8335,22868
17979,22869
4417,22870
5448,22871
7552,22872
7946,22873
17127,22874
23597,22875
8344,22876
6282,22877
11762,22878
19429,22879
17148,22880
19430,22881
8259,22882
16556,22883
7925,22884
12626,22885
9743,22886
10425,22887
2578,22888
10952,22889
5141,22890
18850,22891
18632,22892
11109,22893
1287,22894
17934,22895
10296,22896
13313,22897
3335,22898
8927,22899
17154,22900
22738,22901
4162,22902
9734,22903
10424,22904
18633,22905
11833,22906
16378,22907
17130,22908
23850,22909
13493,22910
1127,22911
20095,22912
8334,22913
18851,22914
11381,22915
22828,22916
14212,22917
6969,22918
7652,22919
568,22920
19479,22921
11303,22922
14070,22923
15616,22924
17881,22925
6954,22926
8318,22927
16700,22928
18999,22929
10412,22930
17882,22931
21275,22932
6293,22933
6979,22934
4870,22935
6968,22936
17833,22937
8853,22938
21178,22939
23742,22940
9535,22941
19297,22942
406,22943
18910,22944
17305,22945
19518,22946
17241,22947
12473,22948
9741,22949
10423,22950
23848,22951
23691,22952
380,22953
4201,22954
22826,22955
6992,22956
16411,22957
17165,22958
1096,22959
7423,22960
22048,22961
21195,22962
9052,22963
9060,22964
11110,22965
22989,22966
19656,22967
21880,22968
22990,22969
12702,22970
14283,22971
12684,22972
14266,22973
11817,22974
16666,22975
6283,22976
20277,22977
6512,22978
12484,22979
13277,22980
16370,22981
17122,22982
16369,22983
17121,22984
11690,22985
12482,22986
6266,22987
6952,22988
7206,22989
5085,22990
11029,22991
12504,22992
5573,22993
1856,22994
12610,22995
21028,22996
14195,22997
15789,22998
17289,22999
13476,23000
13475,23001
11797,23002
16171,23003
16395,23004
21981,23005
7197,23006
4301,23007
3591,23008
8452,23009
14391,23010
15919,23011
15162,23012
4299,23013
3589,23014
16671,23015
18982,23016
6522,23017
5787,23018
8977,23019
9058,23020
23849,23021
13403,23022
23832,23023
21255,23024
16539,23025
11892,23026
21329,23027
18895,23028
7323,23029
18692,23030
10419,23031
14844,23032
15604,23033
5772,23034
15413,23035
11480,23036
12274,23037
11478,23038
13066,23039
4358,23040
3648,23041
11894,23042
2044,23043
17242,23044
12590,23045
22947,23046
23046,23047
23908,23048
8688,23049
18370,23050
10842,23051
17894,23052
624,23053
17147,23054
11252,23055
10569,23056
12972,23057
5012,23058
12023,23059
16669,23060
2142,23061
18182,23062
17579,23063
12177,23064
10890,23065
14091,23066
16491,23067
16804,23068
17556,23069
20767,23070
19968,23071
1801,23072
1087,23073
22366,23074
22796,23075
22884,23076
11105,23077
607,23078
10862,23079
3893,23080
11772,23081
23759,23082
11716,23083
17992,23084
17990,23085
2480,23086
1757,23087
17291,23088
2765,23089
3457,23090
14177,23091
10158,23092
12238,23093
368,23094
2524,23095
24081,23096
22363,23097
8890,23098
14144,23099
18627,23100
14882,23101
15642,23102
1472,23103
10357,23104
14804,23105
605,23106
8978,23107
7589,23108
23298,23109
14250,23110
13298,23111
12503,23112
22464,23113
16768,23114
19891,23115
20694,23116
12880,23117
15483,23118
20133,23119
19802,23120
21033,23121
17827,23122
1327,23123
8460,23124
11041,23125
13304,23126
15645,23127
8266,23128
6297,23129
14886,23130
2697,23131
12509,23132
8273,23133
23485,23134
13458,23135
4164,23136
8791,23137
7498,23138
1888,23139
8904,23140
7511,23141
3017,23142
2293,23143
22561,23144
21885,23145
22130,23146
17146,23147
14777,23148
7569,23149
22042,23150
9730,23151
9049,23152
18785,23153
4101,23154
6965,23155
1324,23156
17213,23157
6278,23158
16462,23159
3089,23160
11867,23161
11711,23162
18297,23163
3014,23164
7242,23165
3709,23166
20454,23167
1144,23168
3276,23169
13568,23170
19766,23171
8995,23172
18715,23173
14095,23174
550,23175
3393,23176
7665,23177
13303,23178
4814,23179
17916,23180
5514,23181
15386,23182
12148,23183
4872,23184
6809,23185
17660,23186
21711,23187
423,23188
5396,23189
13420,23190
22988,23191
12286,23192
14667,23193
2708,23194
11100,23195
9048,23196
2042,23197
9731,23198
5515,23199
13453,23200
11102,23201
6279,23202
2762,23203
604,23204
4106,23205
10415,23206
6964,23207
3398,23208
2367,23209
16394,23210
3711,23211
1571,23212
21398,23213
18159,23214
14245,23215
17151,23216
16399,23217
12508,23218
13302,23219
20489,23220
21192,23221
22045,23222
11717,23223
14096,23224
18885,23225
16398,23226
17150,23227
12659,23228
12026,23229
5825,23230
6716,23231
8608,23232
19655,23233
18051,23234
15735,23235
22110,23236
11106,23237
9053,23238
21710,23239
10690,23240
22253,23241
18960,23242
17699,23243
10414,23244
2763,23245
8274,23246
2041,23247
4689,23248
11101,23249
10193,23250
3695,23251
17519,23252
9321,23253
16490,23254
23826,23255
14976,23256
22966,23257
20377,23258
19579,23259
20601,23260
4403,23261
15115,23262
16622,23263
22174,23264
5604,23265
9064,23266
7590,23267
4901,23268
13452,23269
8348,23270
13610,23271
5257,23272
16990,23273
7910,23274
12609,23275
18039,23276
20434,23277
22948,23278
17834,23279
3710,23280
23878,23281
19683,23282
2043,23283
20479,23284
10416,23285
1246,23286
20189,23287
4082,23288
18368,23289
18030,23290
18829,23291
13737,23292
12942,23293
20234,23294
5811,23295
23018,23296
6982,23297
19680,23298
9746,23299
2136,23300
18171,23301
19775,23302
14527,23303
12147,23304
9473,23305
6033,23306
20478,23307
1326,23308
606,23309
18875,23310
9050,23311
9732,23312
16934,23313
17680,23314
16935,23315
17557,23316
6296,23317
8347,23318
16052,23319
11114,23320
10428,23321
9103,23322
18971,23323
22261,23324
12237,23325
10417,23326
10841,23327
2764,23328
8420,23329
19776,23330
12783,23331
22365,23332
7664,23333
12879,23334
9745,23335
685,23336
1406,23337
2131,23338
6818,23339
14714,23340
11103,23341
22502,23342
23362,23343
24226,23344
3718,23345
7250,23346
9063,23347
1758,23348
18346,23349
6280,23350
6966,23351
17006,23352
4007,23353
4238,23354
4943,23355
17468,23356
4112,23357
12251,23358
3404,23359
14616,23360
12144,23361
20482,23362
7975,23363
19169,23364
22972,23365
7406,23366
8089,23367
22368,23368
19889,23369
9477,23370
14463,23371
8092,23372
6085,23373
5142,23374
15376,23375
425,23376
21590,23377
20762,23378
2409,23379
22162,23380
14903,23381
13729,23382
2425,23383
19963,23384
20477,23385
5568,23386
19678,23387
8449,23388
23874,23389
6075,23390
2063,23391
12614,23392
16805,23393
15291,23394
17551,23395
22360,23396
9574,23397
9572,23398
2732,23399
1348,23400
3473,23401
23807,23402
6717,23403
10385,23404
454,23405
6125,23406
21418,23407
1573,23408
14916,23409
4180,23410
22898,23411
21237,23412
16766,23413
12531,23414
5121,23415
852,23416
2010,23417
6248,23418
19588,23419
11042,23420
19633,23421
4017,23422
11071,23423
9018,23424
17185,23425
16433,23426
2707,23427
10358,23428
15293,23429
5130,23430
11739,23431
14122,23432
6933,23433
549,23434
23033,23435
11444,23436
9701,23437
17966,23438
22173,23439
1133,23440
3271,23441
16009,23442
13329,23443
1847,23444
2569,23445
12658,23446
23895,23447
10943,23448
2011,23449
14243,23450
19690,23451
22158,23452
21304,23453
854,23454
13441,23455
23019,23456
21303,23457
22159,23458
14233,23459
23879,23460
21302,23461
23877,23462
22157,23463
23017,23464
12943,23465
21609,23466
13738,23467
14528,23468
7405,23469
9472,23470
8088,23471
8790,23472
21510,23473
21515,23474
21507,23475
12086,23476
13924,23477
11544,23478
8193,23479
16236,23480
5122,23481
7924,23482
1570,23483
10689,23484
12811,23485
16668,23486
9134,23487
20588,23488
21412,23489
9130,23490
14387,23491
5827,23492
3015,23493
4415,23494
20056,23495
23420,23496
18764,23497
19260,23498
15404,23499
22562,23500
2294,23501
3016,23502
2292,23503
3707,23504
1574,23505
9322,23506
2733,23507
574,23508
20077,23509
16936,23510
13870,23511
8836,23512
6074,23513
16923,23514
14654,23515
8835,23516
13067,23517
10005,23518
3013,23519
5109,23520
1552,23521
5125,23522
16432,23523
17184,23524
17389,23525
23121,23526
7060,23527
17419,23528
17421,23529
12021,23530
17420,23531
22266,23532
13598,23533
831,23534
1551,23535
24184,23536
21608,23537
4419,23538
22463,23539
23322,23540
7409,23541
10845,23542
6036,23543
6720,23544
24078,23545
21509,23546
1293,23547
16637,23548
23983,23549
7738,23550
13296,23551
18776,23552
14937,23553
17207,23554
12553,23555
14089,23556
8593,23557
16045,23558
22449,23559
22458,23560
23317,23561
11121,23562
20765,23563
24179,23564
21603,23565
8795,23566
9698,23567
8302,23568
18294,23569
14124,23570
17186,23571
646,23572
7617,23573
9015,23574
7618,23575
9700,23576
12533,23577
13331,23578
11740,23579
12532,23580
8301,23581
9017,23582
8371,23583
7688,23584
3422,23585
9071,23586
4130,23587
4838,23588
9753,23589
10435,23590
5539,23591
5640,23592
11074,23593
3526,23594
10388,23595
6936,23596
16632,23597
17383,23598
18161,23599
3459,23600
23607,23601
22749,23602
15572,23603
4233,23604
19563,23605
6251,23606
5629,23607
23632,23608
4926,23609
21921,23610
22774,23611
5840,23612
5138,23613
13054,23614
3723,23615
5806,23616
5104,23617
21897,23618
5576,23619
2977,23620
19969,23621
20768,23622
3148,23623
16391,23624
14879,23625
21043,23626
14090,23627
13230,23628
17144,23629
14881,23630
22750,23631
6977,23632
22462,23633
1086,23634
1800,23635
2523,23636
21046,23637
3528,23638
20374,23639
2767,23640
17204,23641
10421,23642
11646,23643
10162,23644
24139,23645
23610,23646
21048,23647
21899,23648
16392,23649
12441,23650
17143,23651
14025,23652
21487,23653
3302,23654
4030,23655
14176,23656
14027,23657
13234,23658
1329,23659
609,23660
16327,23661
9055,23662
11795,23663
3068,23664
17233,23665
21234,23666
11709,23667
12501,23668
13384,23669
18775,23670
11458,23671
4873,23672
9543,23673
4468,23674
15638,23675
14967,23676
5140,23677
22088,23678
15662,23679
21233,23680
14848,23681
13380,23682
12017,23683
6640,23684
15417,23685
8792,23686
3475,23687
21513,23688
20294,23689
4890,23690
7496,23691
5593,23692
20375,23693
10696,23694
16453,23695
15573,23696
11470,23697
13233,23698
21898,23699
9327,23700
15574,23701
11794,23702
16705,23703
15725,23704
5399,23705
430,23706
22089,23707
23803,23708
12585,23709
17231,23710
11792,23711
16480,23712
14964,23713
15723,23714
16051,23715
13736,23716
7407,23717
8090,23718
20688,23719
13673,23720
6810,23721
2610,23722
19002,23723
2290,23724
19261,23725
23421,23726
5824,23727
850,23728
3708,23729
11375,23730
7230,23731
1550,23732
21607,23733
24183,23734
6721,23735
6037,23736
15287,23737
23308,23738
24180,23739
23318,23740
6247,23741
13333,23742
11067,23743
5538,23744
14920,23745
15680,23746
11666,23747
15675,23748
21896,23749
13350,23750
23611,23751
21047,23752
13383,23753
1151,23754
14966,23755
15724,23756
18827,23757
16479,23758
14526,23759
6034,23760
16799,23761
8891,23762
10004,23763
1805,23764
11374,23765
849,23766
830,23767
23321,23768
8093,23769
17547,23770
22459,23771
9717,23772
14106,23773
7637,23774
7771,23775
8320,23776
12024,23777
14652,23778
14392,23779
17977,23780
21895,23781
16393,23782
19443,23783
14142,23784
22753,23785
21900,23786
23804,23787
2585,23788
22944,23789
16481,23790
17232,23791
11791,23792
12941,23793
10159,23794
24080,23795
453,23796
3027,23797
13848,23798
18207,23799
19006,23800
11358,23801
4556,23802
15377,23803
24104,23804
21604,23805
9718,23806
7673,23807
8321,23808
15920,23809
9036,23810
16670,23811
16921,23812
15163,23813
15697,23814
11644,23815
15640,23816
2045,23817
17145,23818
23608,23819
3458,23820
12502,23821
4165,23822
11710,23823
4941,23824
13235,23825
12442,23826
15726,23827
5575,23828
22824,23829
8861,23830
21235,23831
14965,23832
22943,23833
12584,23834
23323,23835
10843,23836
23219,23837
6123,23838
6566,23839
21705,23840
7934,23841
8617,23842
10673,23843
19965,23844
14617,23845
20711,23846
21605,23847
15593,23848
22018,23849
16346,23850
13332,23851
17099,23852
14125,23853
17850,23854
18763,23855
9737,23856
17976,23857
22751,23858
12440,23859
14174,23860
9750,23861
15620,23862
9068,23863
9038,23864
6411,23865
9720,23866
7095,23867
16167,23868
5713,23869
14938,23870
20239,23871
15641,23872
10420,23873
19442,23874
15695,23875
17080,23876
20316,23877
1328,23878
23612,23879
23805,23880
10227,23881
12588,23882
14173,23883
13381,23884
18028,23885
17555,23886
608,23887
14880,23888
8342,23889
2766,23890
12500,23891
5577,23892
6291,23893
4166,23894
16390,23895
4874,23896
17142,23897
6970,23898
15637,23899
9474,23900
20690,23901
8178,23902
5834,23903
20054,23904
4426,23905
22273,23906
9305,23907
18367,23908
10847,23909
21526,23910
22460,23911
9814,23912
6758,23913
7770,23914
15698,23915
18640,23916
13297,23917
11107,23918
17840,23919
18774,23920
14026,23921
11647,23922
12587,23923
1863,23924
14175,23925
19632,23926
20431,23927
17230,23928
12146,23929
21116,23930
6718,23931
22453,23932
6811,23933
8607,23934
20058,23935
10003,23936
9054,23937
7659,23938
9320,23939
5810,23940
12939,23941
7410,23942
19151,23943
3147,23944
12460,23945
17189,23946
13252,23947
14044,23948
16437,23949
21165,23950
14834,23951
14915,23952
6934,23953
13328,23954
11072,23955
11738,23956
6249,23957
14121,23958
10386,23959
22867,23960
9736,23961
15639,23962
2046,23963
14878,23964
2768,23965
13295,23966
1330,23967
11708,23968
2047,23969
14088,23970
610,23971
14877,23972
7653,23973
14087,23974
3460,23975
6323,23976
8336,23977
5644,23978
11648,23979
17081,23980
13382,23981
4697,23982
12586,23983
20430,23984
19631,23985
15722,23986
16803,23987
13030,23988
1690,23989
3305,23990
4424,23991
22558,23992
5832,23993
859,23994
2996,23995
19168,23996
8796,23997
18307,23998
22857,23999
9951,24000
9899,24001
9967,24002
10649,24003
758,24004
9988,24005
20764,24006
10163,24007
14474,24008
14524,24009
4129,24010
11742,24011
2730,24012
16436,24013
3421,24014
12534,24015
2008,24016
12530,24017
9702,24018
17965,24019
2734,24020
16431,24021
9019,24022
17183,24023
2012,24024
22015,24025
4133,24026
23725,24027
13253,24028
18760,24029
3425,24030
17962,24031
14045,24032
17182,24033
2746,24034
18754,24035
21053,24036
21905,24037
4412,24038
5118,24039
20863,24040
5820,24041
2268,24042
2991,24043
6535,24044
23320,24045
9478,24046
22340,24047
16132,24048
24051,24049
23191,24050
1668,24051
18641,24052
498,24053
22072,24054
3355,24055
1118,24056
8624,24057
17656,24058
10019,24059
8606,24060
9296,24061
10309,24062
21214,24063
519,24064
1836,24065
11161,24066
9850,24067
18588,24068
12279,24069
16652,24070
14602,24071
10452,24072
15869,24073
15064,24074
15821,24075
15808,24076
14282,24077
7955,24078
199,24079
24072,24080
181,24081
24071,24082
225,24083
206,24084
189,24085
1184,24086
24061,24087
205,24088
16873,24089
6038,24090
12080,24091
23211,24092
19887,24093
22359,24094
18291,24095
8638,24096
19091,24097
21506,24098
19092,24099
15249,24100
14462,24101
9705,24102
20686,24103
13672,24104
18290,24105
23212,24106
8025,24107
195,24108
161,24109
4443,24110
9351,24111
14603,24112
84,24113
8024,24114
69,24115
6657,24116
101,24117
89,24118
75,24119
463,24120
23161,24121
4012,24122
88,24123
258,24124
19079,24125
8023,24126
8705,24127
17623,24128
15364,24129
8706,24130
8704,24131
16871,24132
17624,24133
6658,24134
16119,24135
16872,24136
23704,24137
15363,24138
13021,24139
7340,24140
16120,24141
218,24142
80,24143
53,24144
13815,24145
8022,24146
160,24147
155,24148
168,24149
18013,24150
10732,24151
3312,24152
18027,24153
125,24154
18278,24155
270,24156
260,24157
152,24158
148,24159
170,24160
193,24161
156,24162
151,24163
269,24164
142,24165
138,24166
17863,24167
9022,24168
149,24169
141,24170
159,24171
158,24172
96,24173
139,24174
188,24175
52,24176
48,24177
60,24178
11417,24179
22942,24180
19859,24181
135,24182
127,24183
46,24184
42,24185
62,24186
78,24187
49,24188
45,24189
134,24190
36,24191
32,24192
649,24193
21161,24194
43,24195
35,24196
51,24197
50,24198
33,24199
74,24200
23802,24201
10961,24202
10035,24203
18661,24204
22769,24205
7623,24206
8307,24207
1914,24208
483,24209
475,24210
19803,24211
4423,24212
5124,24213
4418,24214
2636,24215
10289,24216
18812,24217
11471,24218
20859,24219
22925,24220
23785,24221
12396,24222
3715,24223
5826,24224
4063,24225
10307,24226
5831,24227
853,24228
3357,24229
22067,24230
2273,24231
6546,24232
21213,24233
24182,24234
19966,24235
17042,24236
7411,24237
10846,24238
16289,24239
24181,24240
18365,24241
8094,24242
23319,24243
19166,24244
219,24245
12875,24246
12874,24247
97,24248
7341,24249
12228,24250
259,24251
265,24252
126,24253
131,24254
