Node ID,Order
1,0
10,1
10033,2
10037,3
10044,4
10453,5
10454,6
10458,7
10465,8
10506,9
10546,10
10549,11
10554,12
10562,13
10597,14
10598,15
10616,16
10625,17
10631,18
10654,19
10667,20
10682,21
10733,22
11,23
11129,24
11133,25
11147,26
11151,27
11158,28
10475,29
10469,30
11159,31
11174,32
11176,33
11177,34
11196,35
11206,36
11207,37
11248,38
11258,39
11261,40
11271,41
11282,42
11297,43
11299,44
11301,45
11309,46
10587,47
11315,48
11335,49
11337,50
11351,51
11718,52
11801,53
11810,54
11814,55
11827,56
11838,57
11864,58
11865,59
11875,60
11879,61
11882,62
11888,63
11890,64
11898,65
11899,66
11905,67
11922,68
11924,69
11937,70
11957,71
11958,72
11964,73
11966,74
11969,75
11982,76
11988,77
12,78
12002,79
12008,80
12011,81
10470,82
12082,83
12083,84
12087,85
12099,86
12104,87
12107,88
12129,89
12131,90
12143,91
12174,92
12190,93
12192,94
12194,95
12202,96
12218,97
12221,98
12225,99
12595,100
12596,101
12622,102
12627,103
12630,104
12195,105
12636,106
12647,107
11854,108
12648,109
12660,110
12662,111
12668,112
12669,113
12680,114
12682,115
12690,116
12715,117
12718,118
12746,119
12755,120
12770,121
12777,122
12824,123
12898,124
12905,125
12916,126
12919,127
12923,128
12927,129
12938,130
12946,131
12949,132
12951,133
12953,134
12957,135
12972,136
12977,137
12978,138
12979,139
12984,140
12987,141
12989,142
12994,143
13,144
13009,145
13397,146
13413,147
13457,148
13459,149
13516,150
13517,151
12726,152
13539,153
1354,154
13544,155
13547,156
12756,157
13575,158
13585,159
13597,160
13606,161
13684,162
13702,163
13706,164
13711,165
13718,166
13722,167
13743,168
13745,169
13752,170
13753,171
13770,172
13772,173
13779,174
13782,175
13783,176
13787,177
13811,178
13876,179
10445,180
14,181
14180,182
14187,183
14206,184
14207,185
14208,186
10066,187
14241,188
14249,189
14251,190
11868,191
14257,192
14259,193
13464,194
14269,195
14304,196
13506,197
14309,198
13509,199
14311,200
14299,201
12207,202
1434,203
14343,204
13553,205
12748,206
14349,207
14351,208
14365,209
1437,210
14372,211
14409,212
11188,213
1441,214
14412,215
14414,216
13625,217
14477,218
14482,219
14511,220
1453,221
14535,222
14543,223
14549,224
14553,225
14559,226
14571,227
14573,228
14589,229
14591,230
1460,231
14600,232
1479,233
14982,234
12962,235
14989,236
14572,237
14990,238
12217,239
14997,240
15,241
15021,242
15030,243
15031,244
15025,245
15037,246
15044,247
14270,248
12955,249
15046,250
15047,251
15062,252
15067,253
15077,254
14312,255
1509,256
15090,257
14325,258
15094,259
10751,260
15135,261
15140,262
15171,263
12200,264
15172,265
15189,266
15198,267
15203,268
14098,269
1523,270
10641,271
15251,272
15259,273
15260,274
14476,275
12079,276
15264,277
15266,278
15271,279
15284,280
153,281
15300,282
15302,283
15305,284
15312,285
15318,286
1532,287
15320,288
15337,289
15350,290
15351,291
15353,292
15355,293
1545,294
1549,295
13015,296
1559,297
15728,298
15729,299
15736,300
15738,301
15748,302
15750,303
13010,304
15758,305
15774,306
14567,307
15775,308
15776,309
15782,310
15787,311
10891,312
14264,313
13473,314
15791,315
15794,316
15792,317
15813,318
15820,319
15825,320
15068,321
15838,322
14298,323
15843,324
15086,325
15863,326
15871,327
15883,328
15910,329
15911,330
15154,331
15943,332
10511,333
12991,334
15945,335
15188,336
11268,337
15957,338
16,339
16013,340
16019,341
16023,342
16076,343
16077,344
16081,345
16087,346
16106,347
16107,348
16112,349
16483,350
16488,351
11803,352
16493,353
13389,354
16503,355
16510,356
14214,357
16514,358
16517,359
16528,360
15017,361
16535,362
16564,363
15814,364
16577,365
16594,366
1660,367
16601,368
16675,369
16681,370
16684,371
16707,372
16770,373
16771,374
16794,375
16796,376
16797,377
16810,378
16819,379
16820,380
16825,381
16827,382
16828,383
16844,384
16850,385
16865,386
16869,387
1697,388
17,389
17141,390
17210,391
17235,392
13762,393
17240,394
16484,395
14552,396
17274,397
17279,398
17292,399
13741,400
17302,401
17315,402
17316,403
17318,404
17319,405
17334,406
17360,407
17382,408
14597,409
17389,410
16637,411
16632,412
17397,413
17402,414
17410,415
17425,416
14582,417
17430,418
16815,419
17438,420
17456,421
17458,422
17524,423
17533,424
17534,425
17544,426
17560,427
17566,428
17572,429
17578,430
17580,431
17582,432
17587,433
17588,434
17591,435
17594,436
17595,437
17597,438
17606,439
17607,440
17608,441
17609,442
17610,443
17901,444
17998,445
18,446
18031,447
18040,448
18044,449
18060,450
18071,451
18087,452
17565,453
18094,454
17275,455
18111,456
14548,457
18114,458
18118,459
18145,460
18146,461
13532,462
15061,463
18155,464
18156,465
18160,466
13560,467
13774,468
18167,469
18178,470
18189,471
18190,472
14536,473
18192,474
18298,475
18306,476
18343,477
1835,478
1427,479
18359,480
18381,481
18385,482
18387,483
18389,484
18395,485
18797,486
17814,487
18830,488
18838,489
14971,490
12216,491
18840,492
18853,493
18856,494
18057,495
18854,496
16108,497
18859,498
18868,499
18069,500
13421,501
16074,502
18870,503
18878,504
18880,505
18892,506
18092,507
18089,508
16855,509
18906,510
18106,511
18917,512
18396,513
18945,514
18946,515
18120,516
18951,517
18957,518
18964,519
16105,520
18976,521
18979,522
18988,523
19,524
19101,525
19105,526
19147,527
19148,528
19149,529
19164,530
19175,531
19176,532
19188,533
19191,534
19200,535
19207,536
19210,537
19215,538
19221,539
19222,540
19228,541
19294,542
19613,543
19653,544
19663,545
19677,546
19717,547
19720,548
19724,549
14562,550
19728,551
13801,552
19737,553
14296,554
12958,555
19741,556
19744,557
19725,558
19746,559
19756,560
16838,561
19771,562
15125,563
13809,564
19780,565
19795,566
19796,567
14537,568
19806,569
19890,570
19899,571
19900,572
19916,573
19922,574
19923,575
19926,576
19941,577
19947,578
19951,579
19954,580
17627,581
19958,582
19969,583
19979,584
19986,585
19990,586
19996,587
19998,588
2,589
157,590
13734,591
20,592
200,593
19131,594
19927,595
20004,596
20006,597
20007,598
20013,599
20015,600
20019,601
201,602
20305,603
20312,604
20432,605
20435,606
17577,607
20437,608
19638,609
20447,610
12594,611
20458,612
17611,613
20465,614
20470,615
20476,616
20491,617
13006,618
20496,619
19692,620
12213,621
20498,622
13759,623
20500,624
20510,625
18415,626
20521,627
20522,628
18913,629
13007,630
20535,631
20542,632
20543,633
19742,634
15060,635
20556,636
16566,637
20559,638
20563,639
20575,640
20580,641
20585,642
20596,643
20687,644
20689,645
20696,646
207,647
20701,648
20721,649
20753,650
20763,651
19964,652
20771,653
20776,654
20778,655
20786,656
20788,657
20789,658
20794,659
208,660
20803,661
20808,662
20826,663
2083,664
18742,665
209,666
21,667
211,668
1000,669
1004,670
1006,671
10079,672
10080,673
10084,674
10086,675
10095,676
10097,677
10098,678
10104,679
10109,680
10125,681
10027,682
10126,683
10129,684
1013,685
10131,686
10133,687
1014,688
10141,689
1020,690
1023,691
1027,692
1036,693
1037,694
1044,695
1047,696
1049,697
1052,698
1069,699
1072,700
1073,701
10760,702
10764,703
10766,704
10767,705
10769,706
10770,707
10785,708
10789,709
10793,710
10794,711
10795,712
10811,713
10813,714
10823,715
10829,716
1086,717
12092,718
12130,719
13026,720
13704,721
13713,722
13720,723
14118,724
14470,725
14506,726
16789,727
16885,728
1702,729
1709,730
1710,731
12097,732
1713,733
12931,734
1716,735
1719,736
12915,737
1739,738
16778,739
1741,740
1744,741
1745,742
13680,743
1751,744
17548,745
1760,746
14514,747
17628,748
17636,749
17639,750
1775,751
1777,752
1781,753
13717,754
1788,755
12127,756
1789,757
15254,758
1796,759
18334,760
18335,761
18353,762
18363,763
18435,764
15252,765
18438,766
19124,767
19150,768
19154,769
19233,770
16772,771
19905,772
19920,773
16756,774
17509,775
19960,776
20030,777
13821,778
15280,779
10755,780
1693,781
179,782
20031,783
20342,784
14348,785
20717,786
18321,787
12075,788
17514,789
18266,790
19976,791
20723,792
20751,793
20754,794
20835,795
20837,796
13698,797
20840,798
19117,799
21108,800
20287,801
21115,802
21136,803
21144,804
212,805
21264,806
21267,807
21269,808
12983,809
21270,810
21272,811
12623,812
14587,813
21292,814
10900,815
21299,816
16864,817
21310,818
15316,819
21332,820
15329,821
21338,822
11880,823
20818,824
21342,825
14542,826
20836,827
12904,828
21343,829
21353,830
12204,831
21362,832
21365,833
15059,834
21393,835
20558,836
14329,837
15844,838
19754,839
12712,840
20021,841
21405,842
21409,843
11989,844
13012,845
21413,846
17584,847
21416,848
21417,849
2146,850
18369,851
21514,852
21521,853
21530,854
12071,855
18287,856
21476,857
20777,858
21538,859
21549,860
21554,861
21560,862
21566,863
21568,864
21571,865
2158,866
21580,867
21583,868
21587,869
21593,870
21610,871
21623,872
21624,873
21632,874
21637,875
21642,876
21650,877
21651,878
1753,879
12910,880
21654,881
10806,882
13679,883
21657,884
21658,885
1024,886
19936,887
19139,888
16002,889
16760,890
21664,891
1733,892
13709,893
21668,894
21670,895
10768,896
20752,897
21671,898
21674,899
21680,900
19118,901
13023,902
180,903
21681,904
21563,905
17504,906
21686,907
21688,908
12901,909
21689,910
20838,911
20715,912
2182,913
2188,914
2192,915
2195,916
2199,917
22,918
220,919
18324,920
2201,921
1476,922
1442,923
16833,924
1749,925
20692,926
2205,927
21614,928
2207,929
2209,930
16830,931
22090,932
15356,933
22093,934
17563,935
221,936
19126,937
18325,938
2210,939
13768,940
22101,941
21246,942
22094,943
22104,944
22109,945
14183,946
14590,947
2211,948
12201,949
22139,950
22147,951
22154,952
17615,953
22165,954
20804,955
1026,956
22168,957
18081,958
19183,959
22183,960
22188,961
16085,962
2219,963
22214,964
16086,965
22215,966
19218,967
10780,968
14496,969
22222,970
22224,971
14677,972
12721,973
13512,974
16569,975
21630,976
22246,977
22247,978
17350,979
18394,980
1051,981
22252,982
22256,983
12940,984
22346,985
22374,986
22375,987
22380,988
17507,989
1687,990
22401,991
22404,992
13652,993
16743,994
11412,995
22415,996
12870,997
16761,998
22416,999
21561,1000
14458,1001
12076,1002
21481,1003
20802,1004
10117,1005
10801,1006
22419,1007
2242,1008
22422,1009
22427,1010
22434,1011
22437,1012
22440,1013
2245,1014
22467,1015
10154,1016
19143,1017
22472,1018
1080,1019
16773,1020
19122,1021
12861,1022
12067,1023
22480,1024
17638,1025
16788,1026
22481,1027
22485,1028
22486,1029
22492,1030
22496,1031
22501,1032
22515,1033
22516,1034
10111,1035
22517,1036
22527,1037
1718,1038
15289,1039
22534,1040
11438,1041
20728,1042
21598,1043
13024,1044
143,1045
22349,1046
15247,1047
20663,1048
21655,1049
22535,1050
22536,1051
18432,1052
22408,1053
19878,1054
16763,1055
2255,1056
22586,1057
13546,1058
14336,1059
12747,1060
22596,1061
18139,1062
18940,1063
18116,1064
226,1065
227,1066
228,1067
22811,1068
2282,1069
2284,1070
22840,1071
22924,1072
22945,1073
14596,1074
22949,1075
22951,1076
16856,1077
10085,1078
20699,1079
22954,1080
21239,1081
22477,1082
22967,1083
21238,1084
16811,1085
22984,1086
22991,1087
18384,1088
22995,1089
23,1090
230,1091
103,1092
23006,1093
18053,1094
19185,1095
23011,1096
23030,1097
12656,1098
19685,1099
15348,1100
23031,1101
23039,1102
23047,1103
23053,1104
19700,1105
14568,1106
23054,1107
23060,1108
20799,1109
23061,1110
12215,1111
23064,1112
23070,1113
23071,1114
23132,1115
23178,1116
19975,1117
23214,1118
2322,1119
10039,1120
23224,1121
23227,1122
23232,1123
23233,1124
23235,1125
23245,1126
20348,1127
23248,1128
18286,1129
23252,1130
23253,1131
23263,1132
23274,1133
23276,1134
23279,1135
23289,1136
23293,1137
23295,1138
23297,1139
23299,1140
23314,1141
23338,1142
23339,1143
18436,1144
21584,1145
23340,1146
23344,1147
23350,1148
20834,1149
19896,1150
23353,1151
23357,1152
23360,1153
23366,1154
23372,1155
23373,1156
10799,1157
20746,1158
23374,1159
1025,1160
23307,1161
23375,1162
10797,1163
21559,1164
20735,1165
19880,1166
20678,1167
23380,1168
1016,1169
16793,1170
23386,1171
234,1172
22400,1173
23255,1174
23193,1175
21472,1176
23402,1177
22382,1178
235,1179
20724,1180
18328,1181
23687,1182
23690,1183
23708,1184
23762,1185
23811,1186
19220,1187
1001,1188
20698,1189
23823,1190
21242,1191
13011,1192
23837,1193
22096,1194
16089,1195
1738,1196
21546,1197
23841,1198
23809,1199
19980,1200
23845,1201
13415,1202
14533,1203
1074,1204
23851,1205
23853,1206
12171,1207
10132,1208
23859,1209
23870,1210
17251,1211
15332,1212
23876,1213
23886,1214
23351,1215
23893,1216
18881,1217
16104,1218
23897,1219
23898,1220
12167,1221
1767,1222
12088,1223
23899,1224
23904,1225
23035,1226
23905,1227
23043,1228
22175,1229
12948,1230
23910,1231
16071,1232
10820,1233
20729,1234
23210,1235
23929,1236
16946,1237
23933,1238
20520,1239
14588,1240
23935,1241
22508,1242
23936,1243
15325,1244
10123,1245
12119,1246
23937,1247
14569,1248
23938,1249
20815,1250
23959,1251
18137,1252
18921,1253
20018,1254
23962,1255
21384,1256
20524,1257
19991,1258
17634,1259
19140,1260
18339,1261
12077,1262
14459,1263
23183,1264
23971,1265
14350,1266
22504,1267
23977,1268
23115,1269
16621,1270
19190,1271
1060,1272
16015,1273
2398,1274
12959,1275
23980,1276
23988,1277
23364,1278
24,1279
236,1280
12890,1281
12095,1282
12858,1283
1675,1284
23724,1285
24052,1286
21469,1287
24054,1288
23172,1289
24062,1290
24065,1291
23184,1292
20800,1293
24069,1294
1684,1295
2407,1296
24075,1297
24084,1298
24087,1299
24093,1300
1688,1301
2410,1302
24109,1303
23247,1304
18289,1305
24115,1306
24122,1307
24123,1308
24125,1309
24133,1310
23271,1311
21501,1312
24067,1313
2400,1314
12187,1315
24136,1316
24144,1317
24149,1318
24155,1319
2416,1320
16004,1321
15246,1322
23185,1323
19208,1324
1746,1325
24164,1326
24168,1327
24169,1328
2417,1329
18271,1330
23175,1331
24170,1332
24174,1333
12231,1334
184,1335
2418,1336
24189,1337
10153,1338
24145,1339
24191,1340
10151,1341
24197,1342
1071,1343
24199,1344
24200,1345
24203,1346
22543,1347
24204,1348
20839,1349
14468,1350
16048,1351
20648,1352
24206,1353
23399,1354
12109,1355
24210,1356
24212,1357
24216,1358
24218,1359
24223,1360
24228,1361
24233,1362
24236,1363
10116,1364
23226,1365
24237,1366
24241,1367
24243,1368
24246,1369
1010,1370
22425,1371
24247,1372
1009,1373
16035,1374
24248,1375
24252,1376
10082,1377
19938,1378
12103,1379
24066,1380
21500,1381
22336,1382
13004,1383
24253,1384
10759,1385
23218,1386
2435,1387
20702,1388
24050,1389
13658,1390
2436,1391
12132,1392
2437,1393
12140,1394
2438,1395
19934,1396
2439,1397
2440,1398
21562,1399
22417,1400
12872,1401
13670,1402
2441,1403
23269,1404
22414,1405
12868,1406
22351,1407
2448,1408
23220,1409
2451,1410
14510,1411
2452,1412
19946,1413
2454,1414
22448,1415
2458,1416
12924,1417
2459,1418
19888,1419
2461,1420
18326,1421
2462,1422
2463,1423
23265,1424
2464,1425
20339,1426
12795,1427
2465,1428
18362,1429
2466,1430
19156,1431
2469,1432
2472,1433
2475,1434
22426,1435
2479,1436
21574,1437
2483,1438
21588,1439
2488,1440
22442,1441
2489,1442
22433,1443
2494,1444
2496,1445
20743,1446
2497,1447
14498,1448
25,1449
241,1450
20722,1451
2504,1452
14503,1453
2509,1454
22842,1455
20270,1456
17944,1457
19472,1458
21924,1459
21221,1460
23791,1461
13964,1462
2512,1463
19100,1464
26,1465
242,1466
23259,1467
24121,1468
14443,1469
18262,1470
27,1471
243,1472
23246,1473
24108,1474
20685,1475
272,1476
15268,1477
21495,1478
277,1479
18332,1480
279,1481
22396,1482
23251,1483
17515,1484
16762,1485
28,1486
261,1487
19165,1488
18364,1489
16007,1490
20664,1491
280,1492
24173,1493
2802,1494
2806,1495
282,1496
15256,1497
2837,1498
2115,1499
19659,1500
16859,1501
2847,1502
2853,1503
19994,1504
10814,1505
12929,1506
2854,1507
15331,1508
2861,1509
2863,1510
287,1511
23237,1512
13686,1513
19082,1514
19877,1515
2401,1516
22525,1517
1724,1518
2447,1519
2886,1520
10494,1521
22487,1522
1771,1523
15258,1524
18322,1525
15996,1526
16754,1527
24041,1528
16823,1529
2889,1530
289,1531
19948,1532
29,1533
266,1534
21606,1535
22461,1536
290,1537
12126,1538
2911,1539
292,1540
2930,1541
12159,1542
20035,1543
22439,1544
2931,1545
12973,1546
2935,1547
20011,1548
293,1549
14518,1550
2948,1551
2226,1552
2949,1553
295,1554
24142,1555
2971,1556
2979,1557
10069,1558
23394,1559
16017,1560
17626,1561
17632,1562
16020,1563
12864,1564
186,1565
2405,1566
298,1567
12937,1568
2987,1569
2978,1570
2998,1571
11435,1572
16125,1573
19908,1574
16744,1575
15986,1576
3,1577
171,1578
301,1579
1704,1580
303,1581
16776,1582
304,1583
22844,1584
3063,1585
3075,1586
16386,1587
10716,1588
3084,1589
310,1590
3118,1591
3123,1592
15344,1593
3124,1594
16853,1595
10089,1596
3128,1597
18269,1598
13756,1599
3136,1600
18761,1601
3138,1602
3139,1603
18272,1604
24035,1605
3140,1606
3141,1607
21545,1608
24053,1609
24032,1610
22277,1611
21424,1612
3143,1613
3148,1614
2523,1615
13699,1616
3149,1617
3150,1618
3153,1619
3154,1620
21523,1621
3156,1622
20709,1623
20673,1624
3165,1625
3170,1626
14499,1627
3172,1628
13732,1629
3173,1630
3174,1631
19957,1632
3175,1633
13719,1634
3181,1635
17543,1636
3182,1637
22379,1638
3186,1639
17552,1640
3188,1641
13721,1642
3191,1643
24163,1644
3192,1645
24088,1646
3193,1647
22373,1648
3194,1649
3195,1650
3200,1651
24138,1652
3204,1653
12114,1654
3206,1655
23292,1656
3209,1657
19928,1658
3213,1659
12896,1660
12101,1661
13667,1662
12869,1663
24040,1664
21619,1665
1076,1666
3219,1667
323,1668
16040,1669
324,1670
16027,1671
3278,1672
14189,1673
11811,1674
17237,1675
16841,1676
1019,1677
24127,1678
330,1679
18338,1680
13694,1681
23205,1682
22352,1683
2399,1684
12165,1685
332,1686
24147,1687
3349,1688
337,1689
13678,1690
345,1691
15274,1692
3471,1693
3477,1694
349,1695
12889,1696
350,1697
24120,1698
3535,1699
3541,1700
11834,1701
23337,1702
3210,1703
24124,1704
3568,1705
12173,1706
1761,1707
13731,1708
3569,1709
16842,1710
357,1711
3602,1712
3609,1713
2885,1714
19789,1715
14564,1716
3625,1717
363,1718
24140,1719
3634,1720
364,1721
22438,1722
3645,1723
23328,1724
10836,1725
24153,1726
3646,1727
3650,1728
20812,1729
1012,1730
20760,1731
3653,1732
3655,1733
3657,1734
3667,1735
2208,1736
14539,1737
3203,1738
19152,1739
37,1740
3714,1741
3733,1742
3776,1743
11705,1744
1595,1745
3784,1746
23706,1747
21993,1748
3807,1749
3823,1750
23349,1751
21685,1752
3824,1753
20002,1754
312,1755
1031,1756
3826,1757
17604,1758
3830,1759
3831,1760
3834,1761
3839,1762
3842,1763
3843,1764
3846,1765
24070,1766
3848,1767
3849,1768
3850,1769
10152,1770
16033,1771
3853,1772
3854,1773
1784,1774
21542,1775
3855,1776
1783,1777
19132,1778
3857,1779
3858,1780
10083,1781
23311,1782
3864,1783
19104,1784
14453,1785
3867,1786
1193,1787
19858,1788
21470,1789
3868,1790
21548,1791
3871,1792
20720,1793
19921,1794
21504,1795
20683,1796
1685,1797
15345,1798
3873,1799
3876,1800
18295,1801
3882,1802
3883,1803
12135,1804
3888,1805
18304,1806
1698,1807
18283,1808
19084,1809
24044,1810
20001,1811
10121,1812
10805,1813
3889,1814
21567,1815
3890,1816
21575,1817
3892,1818
13703,1819
3893,1820
12917,1821
3894,1822
16037,1823
3896,1824
24171,1825
3898,1826
21990,1827
3899,1828
24130,1829
12100,1830
23204,1831
19085,1832
22332,1833
16070,1834
16127,1835
16881,1836
3902,1837
23225,1838
3904,1839
3906,1840
20707,1841
3909,1842
19144,1843
3916,1844
23316,1845
3918,1846
3919,1847
18333,1848
3920,1849
24126,1850
3921,1851
21134,1852
3928,1853
3930,1854
16029,1855
3933,1856
16783,1857
4,1858
172,1859
408,1860
19701,1861
18896,1862
12671,1863
16060,1864
2511,1865
23300,1866
417,1867
20473,1868
19674,1869
18055,1870
16860,1871
10763,1872
2420,1873
4224,1874
4278,1875
19212,1876
4287,1877
4288,1878
4289,1879
4296,1880
16080,1881
4316,1882
4317,1883
3607,1884
18985,1885
13001,1886
10094,1887
14472,1888
4318,1889
4324,1890
12156,1891
2503,1892
22432,1893
4332,1894
4355,1895
22468,1896
4360,1897
15339,1898
4361,1899
4405,1900
4428,1901
11361,1902
12981,1903
4454,1904
11782,1905
4456,1906
2334,1907
4461,1908
4480,1909
18709,1910
4527,1911
4532,1912
4538,1913
20660,1914
4539,1915
2403,1916
16101,1917
4540,1918
4541,1919
4547,1920
14452,1921
12070,1922
22335,1923
13796,1924
3166,1925
3875,1926
4548,1927
4549,1928
19925,1929
23194,1930
23177,1931
4550,1932
4553,1933
19931,1934
14445,1935
19065,1936
4554,1937
4558,1938
4560,1939
4561,1940
3215,1941
20695,1942
4563,1943
2506,1944
20727,1945
4567,1946
4570,1947
18428,1948
14921,1949
4574,1950
19940,1951
21494,1952
4577,1953
20733,1954
4579,1955
20737,1956
14484,1957
24064,1958
18285,1959
23187,1960
21669,1961
1722,1962
2445,1963
4580,1964
4585,1965
21597,1966
4587,1967
22456,1968
4589,1969
21520,1970
4593,1971
14469,1972
4598,1973
24143,1974
4602,1975
24175,1976
4604,1977
14117,1978
4608,1979
17522,1980
4610,1981
4612,1982
24082,1983
4614,1984
12118,1985
4615,1986
18348,1987
4622,1988
19162,1989
4623,1990
18327,1991
4624,1992
22398,1993
4625,1994
22409,1995
4626,1996
23262,1997
4634,1998
4636,1999
22423,2000
4639,2001
13696,2002
4824,2003
4887,2004
11921,2005
4955,2006
18864,2007
19657,2008
1708,2009
20039,2010
23256,2011
4970,2012
4985,2013
4987,2014
13763,2015
4993,2016
22573,2017
14379,2018
4998,2019
20568,2020
16050,2021
13823,2022
5,2023
177,2024
3146,2025
21553,2026
15230,2027
20658,2028
20609,2029
19811,2030
5022,2031
5026,2032
5027,2033
2148,2034
23346,2035
2495,2036
14471,2037
22397,2038
14456,2039
3129,2040
21478,2041
16822,2042
3905,2043
3196,2044
5036,2045
19987,2046
3197,2047
20705,2048
5067,2049
24202,2050
17637,2051
19952,2052
5070,2053
16829,2054
3183,2055
17541,2056
5090,2057
5107,2058
17616,2059
4573,2060
18302,2061
12866,2062
5116,2063
5128,2064
2997,2065
12224,2066
21683,2067
12089,2068
5146,2069
10754,2070
15368,2071
11745,2072
5150,2073
2339,2074
14172,2075
3041,2076
5166,2077
5167,2078
5182,2079
23801,2080
5220,2081
5224,2082
5234,2083
15327,2084
5235,2085
12188,2086
5241,2087
5247,2088
19123,2089
13669,2090
16003,2091
21479,2092
13755,2093
5250,2094
5252,2095
5254,2096
22342,2097
19857,2098
3753,2099
5256,2100
5258,2101
5260,2102
359,2103
5262,2104
3924,2105
24083,2106
5264,2107
5265,2108
348,2109
14517,2110
5266,2111
347,2112
14507,2113
5268,2114
5269,2115
10765,2116
18744,2117
5270,2118
10758,2119
19904,2120
20822,2121
10757,2122
19903,2123
13953,2124
20415,2125
22391,2126
4536,2127
5274,2128
5276,2129
21529,2130
18279,2131
5278,2132
3112,2133
3113,2134
4035,2135
5279,2136
14479,2137
5280,2138
23258,2139
5282,2140
5284,2141
4582,2142
5291,2143
15255,2144
5296,2145
12125,2146
5308,2147
22447,2148
5309,2149
21569,2150
5312,2151
5313,2152
12878,2153
5314,2154
24094,2155
5317,2156
21564,2157
5318,2158
12821,2159
4219,2160
5319,2161
19155,2162
5321,2163
12111,2164
5326,2165
24114,2166
5327,2167
24118,2168
5328,2169
21550,2170
5329,2171
4923,2172
17407,2173
5330,2174
20719,2175
21541,2176
22355,2177
23208,2178
23180,2179
22474,2180
5331,2181
21539,2182
22393,2183
15242,2184
17512,2185
5332,2186
3132,2187
5336,2188
5339,2189
20741,2190
5660,2191
12945,2192
5662,2193
18109,2194
11897,2195
23382,2196
1729,2197
12911,2198
5673,2199
5674,2200
4971,2201
21361,2202
23384,2203
1727,2204
20747,2205
5676,2206
5679,2207
3560,2208
10439,2209
2430,2210
3212,2211
4214,2212
5682,2213
5687,2214
5688,2215
5692,2216
12197,2217
3881,2218
24074,2219
5695,2220
5703,2221
4999,2222
5709,2223
5744,2224
16111,2225
5745,2226
23389,2227
10075,2228
19097,2229
5746,2230
5747,2231
13608,2232
13786,2233
2457,2234
14487,2235
5750,2236
5743,2237
13013,2238
10077,2239
12935,2240
5767,2241
5771,2242
16067,2243
344,2244
19955,2245
5778,2246
5782,2247
5079,2248
3649,2249
12178,2250
1756,2251
12115,2252
5784,2253
3665,2254
10577,2255
18373,2256
2522,2257
14500,2258
5795,2259
5808,2260
20823,2261
1711,2262
13689,2263
5813,2264
5817,2265
5833,2266
5848,2267
3861,2268
16123,2269
14127,2270
11665,2271
15681,2272
10381,2273
11066,2274
16438,2275
17190,2276
5851,2277
11405,2278
20766,2279
5867,2280
5921,2281
2286,2282
5935,2283
17586,2284
10802,2285
10118,2286
5937,2287
5236,2288
1683,2289
14566,2290
309,2291
1028,2292
22386,2293
12062,2294
17501,2295
3116,2296
2395,2297
17495,2298
22505,2299
5938,2300
3828,2301
18267,2302
22475,2303
3216,2304
5333,2305
23234,2306
13651,2307
12853,2308
1676,2309
5231,2310
5939,2311
20655,2312
3061,2313
3754,2314
5942,2315
21483,2316
13797,2317
4581,2318
5283,2319
5944,2320
5946,2321
22849,2322
5949,2323
18323,2324
20681,2325
21502,2326
1681,2327
12960,2328
10137,2329
10821,2330
5951,2331
5952,2332
18330,2333
5238,2334
2393,2335
10727,2336
18462,2337
5956,2338
22343,2339
2392,2340
1618,2341
5165,2342
10034,2343
21676,2344
15367,2345
2098,2346
5959,2347
10834,2348
21517,2349
2386,2350
5965,2351
1067,2352
24167,2353
5969,2354
5281,2355
18745,2356
5971,2357
274,2358
12081,2359
19071,2360
19561,2361
5980,2362
5981,2363
20726,2364
5982,2365
23257,2366
5984,2367
3833,2368
5987,2369
5988,2370
23287,2371
5994,2372
14512,2373
5995,2374
19163,2375
5996,2376
19127,2377
5997,2378
14478,2379
6,2380
178,2381
1705,2382
2424,2383
20670,2384
24033,2385
2337,2386
1617,2387
6003,2388
12112,2389
6005,2390
3689,2391
20351,2392
6014,2393
6018,2394
23312,2395
6019,2396
23296,2397
6022,2398
6023,2399
6026,2400
18342,2401
6029,2402
17526,2403
20345,2404
6035,2405
10615,2406
6086,2407
18079,2408
6090,2409
18056,2410
18855,2411
16500,2412
16088,2413
302,2414
2421,2415
6334,2416
4958,2417
19177,2418
6336,2419
6339,2420
6342,2421
12947,2422
5338,2423
22420,2424
6346,2425
17317,2426
16057,2427
2519,2428
19943,2429
6354,2430
6362,2431
6363,2432
15292,2433
6364,2434
21636,2435
3903,2436
21518,2437
6365,2438
19209,2439
5292,2440
24086,2441
6370,2442
3856,2443
22544,2444
13727,2445
6372,2446
20791,2447
16880,2448
14116,2449
10646,2450
6395,2451
13000,2452
5989,2453
16792,2454
6398,2455
6400,2456
6405,2457
5630,2458
6419,2459
6426,2460
21643,2461
4603,2462
13714,2463
6441,2464
645,2465
10447,2466
6483,2467
18426,2468
10756,2469
3738,2470
6484,2471
2427,2472
6485,2473
13750,2474
2501,2475
15285,2476
6488,2477
19204,2478
6490,2479
2936,2480
20817,2481
6514,2482
6516,2483
6539,2484
13817,2485
21422,2486
20024,2487
20026,2488
17521,2489
15365,2490
146,2491
20827,2492
17841,2493
3045,2494
40,2495
5819,2496
15401,2497
5779,2498
6585,2499
19227,2500
21679,2501
6631,2502
6633,2503
6635,2504
6636,2505
23198,2506
2820,2507
2099,2508
6637,2509
17527,2510
15997,2511
15238,2512
19070,2513
17585,2514
1032,2515
313,2516
6638,2517
6652,2518
3160,2519
21551,2520
6664,2521
12877,2522
6665,2523
6666,2524
22403,2525
6668,2526
6671,2527
6672,2528
15277,2529
6680,2530
1699,2531
6683,2532
5999,2533
24103,2534
12063,2535
12857,2536
22327,2537
2394,2538
24015,2539
21649,2540
10124,2541
19592,2542
6685,2543
6001,2544
6686,2545
6687,2546
14505,2547
6689,2548
12093,2549
22853,2550
6690,2551
18355,2552
6691,2553
16791,2554
6692,2555
12134,2556
6698,2557
67,2558
670,2559
6700,2560
18292,2561
6701,2562
12137,2563
6702,2564
22399,2565
6707,2566
6708,2567
6024,2568
6713,2569
18357,2570
6714,2571
18350,2572
68,2573
699,2574
22471,2575
7,2576
182,2577
70,2578
700,2579
18392,2580
19237,2581
24091,2582
24110,2583
14449,2584
13659,2585
19067,2586
15313,2587
1055,2588
336,2589
7005,2590
7038,2591
22212,2592
23355,2593
1048,2594
2800,2595
7053,2596
7056,2597
16090,2598
300,2599
21601,2600
7064,2601
7069,2602
4277,2603
24222,2604
2484,2605
23313,2606
707,2607
1429,2608
5720,2609
20782,2610
343,2611
21532,2612
1371,2613
7075,2614
13735,2615
6719,2616
19907,2617
10659,2618
7077,2619
12182,2620
4596,2621
13705,2622
7078,2623
4566,2624
10781,2625
22431,2626
7081,2627
7076,2628
16056,2629
710,2630
7107,2631
7109,2632
15306,2633
5323,2634
20738,2635
7114,2636
23377,2637
10792,2638
13725,2639
712,2640
4304,2641
18377,2642
10145,2643
12085,2644
7124,2645
2888,2646
19229,2647
5976,2648
19107,2649
7125,2650
4323,2651
5957,2652
7126,2653
14396,2654
6647,2655
15374,2656
12912,2657
7128,2658
6444,2659
10508,2660
24225,2661
7144,2662
7146,2663
15926,2664
6646,2665
16884,2666
17550,2667
7161,2668
5058,2669
1440,2670
19974,2671
7162,2672
7169,2673
24201,2674
1064,2675
12121,2676
7176,2677
7179,2678
2203,2679
18372,2680
1085,2681
23273,2682
7181,2683
1478,2684
19172,2685
367,2686
12110,2687
7190,2688
72,2689
7201,2690
7203,2691
7206,2692
6522,2693
4358,2694
17579,2695
2480,2696
23298,2697
7224,2698
19555,2699
7231,2700
16115,2701
11441,2702
4542,2703
14454,2704
17516,2705
22329,2706
19978,2707
6705,2708
7241,2709
1162,2710
7257,2711
11396,2712
4909,2713
726,2714
13607,2715
7268,2716
22531,2717
21678,2718
7279,2719
6595,2720
4441,2721
20023,2722
17629,2723
21166,2724
7283,2725
7285,2726
7312,2727
16807,2728
7313,2729
22306,2730
16084,2731
5294,2732
4592,2733
22389,2734
13657,2735
14448,2736
5923,2737
5222,2738
21452,2739
12180,2740
7315,2741
7316,2742
19068,2743
21633,2744
6699,2745
6015,2746
7319,2747
7321,2748
7325,2749
7329,2750
14615,2751
18361,2752
7332,2753
19241,2754
14488,2755
7337,2756
3155,2757
19935,2758
18280,2759
7338,2760
23396,2761
20831,2762
18337,2763
13663,2764
19072,2765
22337,2766
12212,2767
24178,2768
14605,2769
210,2770
2444,2771
1721,2772
3135,2773
12064,2774
14447,2775
1677,2776
7343,2777
19902,2778
11342,2779
7348,2780
19137,2781
7349,2782
19135,2783
7350,2784
22452,2785
7361,2786
15250,2787
7362,2788
14515,2789
7363,2790
7003,2791
5731,2792
7365,2793
7367,2794
311,2795
7368,2796
18299,2797
15248,2798
22869,2799
19562,2800
7371,2801
18308,2802
7372,2803
5255,2804
7373,2805
2176,2806
5631,2807
7379,2808
23260,2809
7380,2810
20725,2811
7388,2812
23305,2813
7389,2814
21547,2815
7392,2816
12090,2817
21488,2818
22341,2819
21454,2820
24017,2821
5221,2822
7324,2823
6711,2824
22882,2825
7394,2826
18331,2827
19090,2828
7398,2829
16786,2830
7399,2831
23275,2832
7403,2833
13701,2834
7404,2835
12120,2836
741,2837
6428,2838
19201,2839
1759,2840
14466,2841
749,2842
720,2843
18404,2844
1033,2845
16010,2846
7538,2847
12573,2848
759,2849
23326,2850
10838,2851
22418,2852
762,2853
16065,2854
4620,2855
24154,2856
765,2857
15322,2858
7375,2859
18352,2860
7671,2861
7694,2862
7697,2863
13422,2864
17590,2865
6681,2866
5251,2867
7706,2868
6645,2869
4629,2870
22412,2871
13691,2872
5240,2873
5941,2874
24039,2875
23333,2876
10142,2877
10826,2878
7707,2879
7709,2880
7716,2881
7730,2882
7739,2883
774,2884
7742,2885
1404,2886
22478,2887
5325,2888
12922,2889
7745,2890
4290,2891
18162,2892
15352,2893
7752,2894
5273,2895
16876,2896
11343,2897
778,2898
7785,2899
17424,2900
12980,2901
3887,2902
22381,2903
5948,2904
19876,2905
15995,2906
5233,2907
16082,2908
7786,2909
2429,2910
3220,2911
24076,2912
7792,2913
20811,2914
3880,2915
19892,2916
780,2917
7805,2918
7808,2919
719,2920
21646,2921
7809,2922
7827,2923
7149,2924
6431,2925
12220,2926
6663,2927
20757,2928
7837,2929
7849,2930
6649,2931
346,2932
14490,2933
7854,2934
14578,2935
3879,2936
23303,2937
786,2938
787,2939
7870,2940
1480,2941
19174,2942
365,2943
23283,2944
7892,2945
7907,2946
7916,2947
7235,2948
2995,2949
5271,2950
7917,2951
18380,2952
18008,2953
3926,2954
23264,2955
23189,2956
22338,2957
22324,2958
793,2959
5068,2960
15310,2961
1063,2962
18354,2963
7952,2964
13813,2965
18429,2966
14922,2967
7970,2968
7999,2969
8,2970
183,2971
5954,2972
3845,2973
21489,2974
18263,2975
5864,2976
8000,2977
21474,2978
8005,2979
8007,2980
8008,2981
10147,2982
13707,2983
8010,2984
3214,2985
13723,2986
8014,2987
18439,2988
23278,2989
8015,2990
20037,2991
16042,2992
8016,2993
8021,2994
21682,2995
19234,2996
17531,2997
13662,2998
21594,2999
16875,3000
229,3001
102,3002
8025,3003
218,3004
8027,3005
17549,3006
8028,3007
17520,3008
8032,3009
24117,3010
8034,3011
14494,3012
8035,3013
19102,3014
8036,3015
6639,3016
16765,3017
8037,3018
8038,3019
24102,3020
8042,3021
24161,3022
8043,3023
19949,3024
8045,3025
19160,3026
8046,3027
4925,3028
8047,3029
5249,3030
7320,3031
6632,3032
7317,3033
3121,3034
20003,3035
6000,3036
6684,3037
8048,3038
19906,3039
18275,3040
17497,3041
18252,3042
24019,3043
18249,3044
14560,3045
1754,3046
12566,3047
8053,3048
22430,3049
8054,3050
20740,3051
8057,3052
22450,3053
8058,3054
24160,3055
8059,3056
15288,3057
8061,3058
18329,3059
8062,3060
21552,3061
8063,3062
4555,3063
8064,3064
22402,3065
8065,3066
21519,3067
8066,3068
14612,3069
5947,3070
15232,3071
17503,3072
4516,3073
3809,3074
2381,3075
13751,3076
3202,3077
17980,3078
8067,3079
7384,3080
8071,3081
15281,3082
8075,3083
2513,3084
12885,3085
19073,3086
18273,3087
21475,3088
24037,3089
5922,3090
6641,3091
10149,3092
20376,3093
8076,3094
24099,3095
19871,3096
15988,3097
21473,3098
3114,3099
8079,3100
19110,3101
8080,3102
8081,3103
17537,3104
8083,3105
6027,3106
20714,3107
19915,3108
1383,3109
8087,3110
20749,3111
8091,3112
3134,3113
7947,3114
8139,3115
13449,3116
15772,3117
13446,3118
18408,3119
307,3120
23228,3121
829,3122
13808,3123
2433,3124
22411,3125
8372,3126
8390,3127
20525,3128
12183,3129
1752,3130
23286,3131
8397,3132
1121,3133
13879,3134
2152,3135
1426,3136
7039,3137
6355,3138
15848,3139
4571,3140
14606,3141
22377,3142
8404,3143
8407,3144
15347,3145
8412,3146
3564,3147
8413,3148
22497,3149
6008,3150
19956,3151
8419,3152
20874,3153
3573,3154
4283,3155
19768,3156
21677,3157
8026,3158
2939,3159
8180,3160
8424,3161
7743,3162
684,3163
15319,3164
10130,3165
20755,3166
8434,3167
19992,3168
6011,3169
21991,3170
845,3171
2257,3172
1533,3173
20994,3174
2214,3175
16920,3176
20081,3177
14347,3178
3863,3179
195,3180
5025,3181
6656,3182
161,3183
53,3184
6396,3185
676,3186
6340,3187
21344,3188
22200,3189
15026,3190
15024,3191
17281,3192
5970,3193
19225,3194
10074,3195
13682,3196
18274,3197
19074,3198
5465,3199
18810,3200
7748,3201
80,3202
8340,3203
8408,3204
15117,3205
5680,3206
15112,3207
14326,3208
3860,3209
10073,3210
19063,3211
22323,3212
24254,3213
3158,3214
23229,3215
2653,3216
5476,3217
8472,3218
20009,3219
4586,3220
12142,3221
8474,3222
10068,3223
7346,3224
14520,3225
8475,3226
13014,3227
5978,3228
3832,3229
8476,3230
20020,3231
7344,3232
23304,3233
8493,3234
8498,3235
8506,3236
8516,3237
7835,3238
8471,3239
14555,3240
5303,3241
12876,3242
8530,3243
23324,3244
10840,3245
24131,3246
8531,3247
21618,3248
1078,3249
18317,3250
8532,3251
7331,3252
2502,3253
23281,3254
8534,3255
18400,3256
1042,3257
21595,3258
8539,3259
8540,3260
8558,3261
11262,3262
16818,3263
5322,3264
14501,3265
856,3266
8569,3267
8596,3268
16852,3269
285,3270
22390,3271
8614,3272
7931,3273
7232,3274
13812,3275
20029,3276
20706,3277
15237,3278
19867,3279
19069,3280
12961,3281
6696,3282
7383,3283
18315,3284
16749,3285
17502,3286
4517,3287
7998,3288
1663,3289
18388,3290
3911,3291
7692,3292
8620,3293
7937,3294
8628,3295
8635,3296
14601,3297
17630,3298
15682,3299
6929,3300
14128,3301
7613,3302
13335,3303
8297,3304
12538,3305
3420,3306
14919,3307
8636,3308
18424,3309
19231,3310
7689,3311
10379,3312
8638,3313
8642,3314
23482,3315
8648,3316
7964,3317
4440,3318
13020,3319
19232,3320
4234,3321
8668,3322
868,3323
8683,3324
24048,3325
16854,3326
10088,3327
10772,3328
23244,3329
12065,3330
12859,3331
3811,3332
5925,3333
24016,3334
13791,3335
5991,3336
11779,3337
8693,3338
3922,3339
12895,3340
13693,3341
13666,3342
21498,3343
21477,3344
24196,3345
5335,3346
4633,3347
8694,3348
8695,3349
14614,3350
21577,3351
8696,3352
19242,3353
19146,3354
8700,3355
8704,3356
193,3357
78,3358
8710,3359
14480,3360
8712,3361
5242,3362
8715,3363
24177,3364
8716,3365
19933,3366
8717,3367
8687,3368
8718,3369
17945,3370
8719,3371
14485,3372
13695,3373
14460,3374
15244,3375
24047,3376
14585,3377
284,3378
1003,3379
8720,3380
13726,3381
8721,3382
13681,3383
8722,3384
16014,3385
8724,3386
10773,3387
8725,3388
8728,3389
22383,3390
8729,3391
5945,3392
22395,3393
15994,3394
13660,3395
3122,3396
7333,3397
286,3398
1005,3399
8732,3400
23277,3401
8734,3402
18356,3403
8739,3404
8003,3405
8740,3406
24176,3407
8741,3408
5953,3409
8743,3410
7685,3411
11332,3412
8745,3413
23270,3414
24132,3415
20680,3416
15243,3417
1682,3418
12982,3419
2470,3420
1747,3421
8746,3422
12930,3423
8747,3424
23282,3425
8748,3426
18300,3427
8753,3428
21516,3429
8755,3430
24148,3431
8757,3432
12882,3433
19058,3434
8758,3435
20759,3436
8759,3437
13715,3438
8761,3439
21578,3440
8762,3441
18358,3442
8763,3443
22407,3444
8764,3445
22405,3446
8765,3447
2423,3448
8766,3449
14504,3450
8767,3451
21528,3452
16745,3453
17498,3454
4528,3455
3821,3456
17494,3457
22483,3458
342,3459
16457,3460
8769,3461
8771,3462
12936,3463
8772,3464
15278,3465
8775,3466
1691,3467
8779,3468
14473,3469
8782,3470
16032,3471
8783,3472
16785,3473
8784,3474
11761,3475
8787,3476
14491,3477
8788,3478
16038,3479
8793,3480
19108,3481
1569,3482
8794,3483
12899,3484
882,3485
17554,3486
16005,3487
16759,3488
10252,3489
10939,3490
1173,3491
1174,3492
1582,3493
15985,3494
10263,3495
1187,3496
13127,3497
1600,3498
11562,3499
14730,3500
1540,3501
16247,3502
10663,3503
17730,3504
17744,3505
17748,3506
1539,3507
17751,3508
11346,3509
18205,3510
18550,3511
1886,3512
1893,3513
15955,3514
1896,3515
20048,3516
20130,3517
20854,3518
21802,3519
22646,3520
22660,3521
1537,3522
2298,3523
13057,3524
19004,3525
23503,3526
11353,3527
23510,3528
2608,3529
21419,3530
2985,3531
2992,3532
3313,3533
3691,3534
3717,3535
4399,3536
13854,3537
459,3538
2299,3539
461,3540
466,3541
5103,3542
5425,3543
3692,3544
23427,3545
2269,3546
1546,3547
2256,3548
10753,3549
5428,3550
15196,3551
5431,3552
4398,3553
15406,3554
5432,3555
6542,3556
13061,3557
10664,3558
6731,3559
6807,3560
17457,3561
6808,3562
6814,3563
3023,3564
19258,3565
2300,3566
1580,3567
6816,3568
7225,3569
7502,3570
21420,3571
7906,3572
7932,3573
808,3574
819,3575
2986,3576
820,3577
16914,3578
2264,3579
821,3580
811,3581
16116,3582
12234,3583
22537,3584
23216,3585
12353,3586
17625,3587
147,3588
41,3589
7226,3590
7322,3591
6629,3592
3306,3593
7314,3594
21484,3595
13005,3596
824,3597
8587,3598
1806,3599
8588,3600
7905,3601
11338,3602
13018,3603
20830,3604
23213,3605
12229,3606
13148,3607
23395,3608
23261,3609
21497,3610
19885,3611
2402,3612
20016,3613
1720,3614
2443,3615
24096,3616
19870,3617
19075,3618
1664,3619
264,3620
130,3621
3690,3622
8589,3623
1531,3624
16868,3625
13820,3626
11440,3627
22387,3628
15989,3629
16747,3630
19866,3631
13798,3632
10771,3633
10087,3634
18314,3635
13654,3636
12856,3637
22308,3638
23158,3639
19845,3640
17600,3641
24077,3642
16121,3643
137,3644
31,3645
5285,3646
4946,3647
860,3648
20856,3649
5131,3650
4425,3651
10675,3652
16117,3653
22533,3654
12091,3655
10948,3656
23202,3657
19089,3658
19863,3659
19989,3660
5311,3661
4609,3662
15257,3663
20666,3664
19868,3665
23159,3666
22309,3667
19843,3668
23342,3669
23400,3670
15700,3671
861,3672
8615,3673
12264,3674
6564,3675
7248,3676
832,3677
16867,3678
23397,3679
8616,3680
13849,3681
10011,3682
896,3683
5147,3684
5973,3685
16877,3686
22870,3687
10253,3688
12333,3689
15953,3690
2263,3691
23416,3692
897,3693
5865,3694
10721,3695
24255,3696
16124,3697
22871,3698
10254,3699
4727,3700
5830,3701
13850,3702
4422,3703
2297,3704
11359,3705
6544,3706
8702,3707
20833,3708
24090,3709
10950,3710
3127,3711
2406,3712
1680,3713
5261,3714
1075,3715
4632,3716
19912,3717
15231,3718
23195,3719
14440,3720
20645,3721
2380,3722
13739,3723
8084,3724
16455,3725
9,3726
190,3727
19167,3728
18366,3729
90,3730
9072,3731
6245,3732
10436,3733
6930,3734
9080,3735
23354,3736
2487,3737
22413,3738
23268,3739
16758,3740
17511,3741
3120,3742
14545,3743
7385,3744
8068,3745
9089,3746
9094,3747
16055,3748
5340,3749
12883,3750
9101,3751
15335,3752
1015,3753
12914,3754
9103,3755
8420,3756
685,3757
22502,3758
8760,3759
14502,3760
9113,3761
19985,3762
1774,3763
16031,3764
9121,3765
6392,3766
19170,3767
13824,3768
2259,3769
9138,3770
5974,3771
16122,3772
5244,3773
1567,3774
9153,3775
12176,3776
4600,3777
22443,3778
9156,3779
22519,3780
10106,3781
7318,3782
9164,3783
11192,3784
18399,3785
2481,3786
13697,3787
9165,3788
9192,3789
12817,3790
15354,3791
9195,3792
9208,3793
2891,3794
19206,3795
314,3796
21511,3797
9214,3798
23325,3799
9218,3800
12952,3801
1779,3802
24146,3803
9219,3804
17571,3805
4619,3806
13700,3807
9220,3808
16066,3809
4618,3810
18351,3811
9221,3812
14557,3813
5301,3814
13712,3815
9226,3816
13789,3817
6676,3818
21586,3819
9239,3820
9243,3821
9245,3822
9249,3823
4356,3824
21625,3825
18437,3826
19945,3827
9279,3828
7167,3829
15359,3830
13028,3831
12235,3832
16028,3833
15235,3834
1666,3835
18293,3836
16873,3837
22653,3838
2248,3839
258,3840
125,3841
9284,3842
9287,3843
13019,3844
17631,3845
23393,3846
24073,3847
13022,3848
15494,3849
169,3850
61,3851
6541,3852
14646,3853
11349,3854
5805,3855
8004,3856
21496,3857
20684,3858
19865,3859
24235,3860
5998,3861
6682,3862
17525,3863
9292,3864
9316,3865
843,3866
15328,3867
1029,3868
13688,3869
3125,3870
2404,3871
4525,3872
5650,3873
9328,3874
6548,3875
10070,3876
14609,3877
23238,3878
12069,3879
3126,3880
19864,3881
12166,3882
10819,3883
6012,3884
24101,3885
16748,3886
15990,3887
5932,3888
3820,3889
7501,3890
7933,3891
933,3892
19548,3893
20343,3894
4156,3895
19545,3896
4864,3897
18021,3898
5565,3899
18820,3900
22673,3901
9333,3902
9350,3903
5272,3904
14607,3905
23728,3906
8889,3907
10010,3908
21706,3909
22274,3910
2301,3911
10674,3912
8903,3913
2261,3914
372,3915
817,3916
11345,3917
9014,3918
12535,3919
7616,3920
14126,3921
8300,3922
11743,3923
6932,3924
13330,3925
9351,3926
8022,3927
188,3928
74,3929
9362,3930
10046,3931
3732,3932
12227,3933
20028,3934
4939,3935
10940,3936
13251,3937
5642,3938
7247,3939
22557,3940
11380,3941
10695,3942
7911,3943
17618,3944
22538,3945
19901,3946
24068,3947
10256,3948
12078,3949
20659,3950
21620,3951
1790,3952
3925,3953
3133,3954
4535,3955
19869,3956
5933,3957
24036,3958
6627,3959
17559,3960
10833,3961
16454,3962
8185,3963
6563,3964
8190,3965
10661,3966
22569,3967
9012,3968
7007,3969
9294,3970
9367,3971
10051,3972
7953,3973
20824,3974
20027,3975
20364,3976
11065,3977
19566,3978
2607,3979
5129,3980
12265,3981
6135,3982
2262,3983
23428,3984
818,3985
1538,3986
7220,3987
17619,3988
17633,3989
13027,3990
20703,3991
19884,3992
19088,3993
3825,3994
14586,3995
4840,3996
6669,3997
5985,3998
19114,3999
17500,4000
12061,4001
19847,4002
19052,4003
20643,4004
15341,4005
4583,4006
22066,4007
669,4008
8179,4009
7497,4010
10670,4011
8248,4012
858,4013
3021,4014
833,4015
17621,4016
16879,4017
18305,4018
10262,4019
15245,4020
14461,4021
1578,4022
3119,4023
22490,4024
2491,4025
1768,4026
18309,4027
15227,4028
14442,4029
4529,4030
5232,4031
18248,4032
21628,4033
1061,4034
6324,4035
9013,4036
18765,4037
9380,4038
10064,4039
24020,4040
21457,4041
20642,4042
13771,4043
2476,4044
22901,4045
9381,4046
23727,4047
18762,4048
9383,4049
283,4050
7352,4051
24098,4052
12854,4053
12060,4054
19053,4055
23160,4056
18250,4057
16097,4058
3877,4059
668,4060
9387,4061
15369,4062
19910,4063
5427,4064
16706,4065
20053,4066
7249,4067
6565,4068
8594,4069
9389,4070
231,4071
104,4072
9390,4073
16026,4074
5102,4075
21718,4076
11341,4077
10656,4078
10653,4079
5975,4080
10072,4081
24079,4082
18296,4083
21714,4084
4537,4085
13052,4086
3034,4087
22552,4088
5239,4089
24027,4090
21464,4091
3324,4092
13322,4093
4515,4094
22473,4095
7360,4096
22367,4097
7920,4098
3704,4099
11360,4100
4572,4101
8641,4102
10701,4103
4031,4104
15634,4105
495,4106
19515,4107
2770,4108
11205,4109
8707,4110
10233,4111
10920,4112
10921,4113
10922,4114
10927,4115
10937,4116
11514,4117
11515,4118
11519,4119
1152,4120
11521,4121
10050,4122
11528,4123
1172,4124
12302,4125
12307,4126
12308,4127
11423,4128
12310,4129
12312,4130
12314,4131
12315,4132
12323,4133
12324,4134
12325,4135
12846,4136
13096,4137
13103,4138
13110,4139
13113,4140
13119,4141
13120,4142
11430,4143
136,4144
13641,4145
13643,4146
13894,4147
13898,4148
13914,4149
14437,4150
14692,4151
10053,4152
14699,4153
14701,4154
14704,4155
14709,4156
15457,4157
15460,4158
15461,4159
162,4160
16213,4161
11416,4162
1628,4163
1651,4164
16718,4165
16733,4166
16951,4167
16952,4168
16955,4169
16956,4170
16959,4171
16960,4172
17706,4173
17711,4174
17716,4175
17717,4176
17723,4177
18222,4178
18234,4179
185,4180
18500,4181
18508,4182
18510,4183
10038,4184
18511,4185
18520,4186
1867,4187
12838,4188
19031,4189
191,4190
19309,4191
19325,4192
1640,4193
198,4194
20106,4195
17490,4196
20118,4197
16710,4198
20120,4199
202,4200
20620,4201
20630,4202
20903,4203
15216,4204
21431,4205
21433,4206
21462,4207
17508,4208
13962,4209
14020,4210
12608,4211
1469,4212
20231,4213
11846,4214
20974,4215
217,4216
21757,4217
11420,4218
21762,4219
21766,4220
12841,4221
21769,4222
21774,4223
22292,4224
22603,4225
22606,4226
1656,4227
22615,4228
15209,4229
22619,4230
1599,4231
22741,4232
14979,4233
10908,4234
13409,4235
14201,4236
12592,4237
20779,4238
1068,4239
13098,4240
21544,4241
232,4242
105,4243
2338,4244
2342,4245
23462,4246
16734,4247
23465,4248
23467,4249
10063,4250
23468,4251
23469,4252
23474,4253
23478,4254
14425,4255
23488,4256
2349,4257
23531,4258
2358,4259
23605,4260
2362,4261
23816,4262
23992,4263
24034,4264
10260,4265
10266,4266
10951,4267
10954,4268
1183,4269
12345,4270
12349,4271
13136,4272
13139,4273
13141,4274
13550,4275
13930,4276
13931,4277
13936,4278
13938,4279
1471,4280
14734,4281
14999,4282
15168,4283
15477,4284
11820,4285
15480,4286
15489,4287
15490,4288
16242,4289
16994,4290
16995,4291
16998,4292
17739,4293
11813,4294
17745,4295
18037,4296
18066,4297
18529,4298
18535,4299
11842,4300
18536,4301
12634,4302
18546,4303
10568,4304
18857,4305
18987,4306
19330,4307
11972,4308
19331,4309
14341,4310
19340,4311
16489,4312
19341,4313
19342,4314
19344,4315
14203,4316
20136,4317
20137,4318
20141,4319
14204,4320
20142,4321
20144,4322
20459,4323
20933,4324
21786,4325
13394,4326
21789,4327
11826,4328
21801,4329
15166,4330
22098,4331
22102,4332
22107,4333
22169,4334
22637,4335
14974,4336
22639,4337
19661,4338
22641,4339
22644,4340
15739,4341
22650,4342
2194,4343
22651,4344
22652,4345
22956,4346
10913,4347
18833,4348
18034,4349
14182,4350
22964,4351
22982,4352
22985,4353
23009,4354
23108,4355
23495,4356
20463,4357
23496,4358
21280,4359
23497,4360
23505,4361
17428,4362
23843,4363
23890,4364
250,4365
117,4366
253,4367
120,4368
256,4369
123,4370
2587,4371
2588,4372
16722,4373
263,4374
129,4375
2835,4376
1141,4377
2113,4378
22142,4379
20457,4380
2838,4381
30,4382
3062,4383
3067,4384
3083,4385
3281,4386
16727,4387
3282,4388
10062,4389
3284,4390
3289,4391
24007,4392
3396,4393
23901,4394
3780,4395
3794,4396
3796,4397
3799,4398
3997,4399
4006,4400
24013,4401
4018,4402
23920,4403
4020,4404
17364,4405
4026,4406
13401,4407
4249,4408
4253,4409
431,4410
11433,4411
4348,4412
4351,4413
4465,4414
4474,4415
4491,4416
4499,4417
4505,4418
451,4419
12848,4420
456,4421
465,4422
11885,4423
4700,4424
15967,4425
4709,4426
3775,4427
4729,4428
11872,4429
4738,4430
14194,4431
5031,4432
5156,4433
5158,4434
5170,4435
5202,4436
5263,4437
20841,4438
15450,4439
18215,4440
5390,4441
12663,4442
11870,4443
12661,4444
19196,4445
331,4446
23306,4447
1186,4448
23476,4449
54,4450
5400,4451
19828,4452
5402,4453
20622,4454
5403,4455
5409,4456
5417,4457
10741,4458
5423,4459
5217,4460
5433,4461
14247,4462
5656,4463
5736,4464
5858,4465
5869,4466
5870,4467
5897,4468
6045,4469
4484,4470
6109,4471
1646,4472
6118,4473
19840,4474
6127,4475
23004,4476
6319,4477
22843,4478
21922,4479
23628,4480
22846,4481
21917,4482
17973,4483
22770,4484
18772,4485
22756,4486
1360,4487
23701,4488
18667,4489
19471,4490
18019,4491
23793,4492
18572,4493
6477,4494
6604,4495
6610,4496
6613,4497
6618,4498
674,4499
6789,4500
3079,4501
6817,4502
12612,4503
7016,4504
71,4505
714,4506
7163,4507
10179,4508
7276,4509
7292,4510
7297,4511
7299,4512
7305,4513
7307,4514
7334,4515
10081,4516
19300,4517
17472,4518
19929,4519
7476,4520
7477,4521
5190,4522
7478,4523
10056,4524
7486,4525
5218,4526
76,4527
7959,4528
7961,4529
7978,4530
7981,4531
7995,4532
7996,4533
8151,4534
23824,4535
21253,4536
14181,4537
8162,4538
1624,4539
8186,4540
21274,4541
8187,4542
18849,4543
83,4544
85,4545
8523,4546
3247,4547
8525,4548
3639,4549
8656,4550
8663,4551
8669,4552
8708,4553
12105,4554
3009,4555
23424,4556
8813,4557
6478,4558
8524,4559
3613,4560
1706,4561
3929,4562
19093,4563
13146,4564
885,4565
8869,4566
4486,4567
8902,4568
16612,4569
893,4570
913,4571
9154,4572
22510,4573
10122,4574
21527,4575
19347,4576
7842,4577
9317,4578
10000,4579
6547,4580
9318,4581
872,4582
9309,4583
932,4584
9360,4585
9376,4586
9377,4587
9379,4588
939,4589
9395,4590
19161,4591
13904,4592
13639,4593
9397,4594
18360,4595
9399,4596
18336,4597
9401,4598
12136,4599
9402,4600
14513,4601
9403,4602
22376,4603
9405,4604
8723,4605
12887,4606
13655,4607
14446,4608
1678,4609
2396,4610
15983,4611
16849,4612
10783,4613
23781,4614
9407,4615
9413,4616
12116,4617
9415,4618
18319,4619
20350,4620
9417,4621
15275,4622
9418,4623
21596,4624
9420,4625
1694,4626
12230,4627
10236,4628
10251,4629
10925,4630
10934,4631
11517,4632
11520,4633
11522,4634
11529,4635
11530,4636
1154,4637
12303,4638
12306,4639
12311,4640
12319,4641
12321,4642
11408,4643
12322,4644
12328,4645
12330,4646
13097,4647
13104,4648
13111,4649
13895,4650
13896,4651
13913,4652
140,4653
14685,4654
14690,4655
14698,4656
14700,4657
15449,4658
15454,4659
15455,4660
15463,4661
14422,4662
15464,4663
1613,4664
16198,4665
12849,4666
16204,4667
16219,4668
16224,4669
163,4670
164,4671
166,4672
16712,4673
16954,4674
16961,4675
16962,4676
16964,4677
16969,4678
16973,4679
16978,4680
17461,4681
17493,4682
17707,4683
17713,4684
18507,4685
16737,4686
18512,4687
10735,4688
18522,4689
18523,4690
18525,4691
1866,4692
16724,4693
1869,4694
1872,4695
19019,4696
192,4697
19307,4698
1657,4699
19308,4700
19310,4701
19311,4702
196,4703
19852,4704
20099,4705
18226,4706
20104,4707
20115,4708
19827,4709
20617,4710
20665,4711
10329,4712
10362,4713
15561,4714
13362,4715
17077,4716
17836,4717
18264,4718
11548,4719
11550,4720
11555,4721
11557,4722
1177,4723
12341,4724
12346,4725
12348,4726
12601,4727
13138,4728
13933,4729
13945,4730
14715,4731
14727,4732
15491,4733
16229,4734
16230,4735
13418,4736
16231,4737
14337,4738
16240,4739
14145,4740
16495,4741
16508,4742
17273,4743
17738,4744
17741,4745
17746,4746
18059,4747
18538,4748
18540,4749
18047,4750
18547,4751
10504,4752
18847,4753
1890,4754
1898,4755
11886,4756
19346,4757
20139,4758
20145,4759
20169,4760
20198,4761
14338,4762
11499,4763
12757,4764
16610,4765
11956,4766
20441,4767
10225,4768
20464,4769
20593,4770
20901,4771
17487,4772
20902,4773
20904,4774
20910,4775
20915,4776
20921,4777
16717,4778
20935,4779
18834,4780
20936,4781
20438,4782
20938,4783
20942,4784
1474,4785
20953,4786
21032,4787
21211,4788
21244,4789
21284,4790
21293,4791
21295,4792
21435,4793
21450,4794
10166,4795
13646,4796
16709,4797
216,4798
21701,4799
21751,4800
15961,4801
21768,4802
21784,4803
14154,4804
1263,4805
21790,4806
17260,4807
21795,4808
10500,4809
21797,4810
1468,4811
2198,4812
1107,4813
22065,4814
21844,4815
20992,4816
11986,4817
22106,4818
22278,4819
22284,4820
22290,4821
224,4822
100,4823
22513,4824
10115,4825
12920,4826
14707,4827
22604,4828
12057,4829
22610,4830
19032,4831
22612,4832
22621,4833
10061,4834
22631,4835
1648,4836
22638,4837
14190,4838
22962,4839
11802,4840
12988,4841
1740,4842
21555,4843
18537,4844
21251,4845
23028,4846
23038,4847
23137,4848
23144,4849
23147,4850
2345,4851
23460,4852
23466,4853
23472,4854
21439,4855
23473,4856
14430,4857
23498,4858
12620,4859
23504,4860
23509,4861
23536,4862
2361,4863
23855,4864
23996,4865
24001,4866
24003,4867
245,4868
112,4869
248,4870
115,4871
252,4872
119,4873
257,4874
124,4875
2575,4876
19665,4877
2586,4878
2589,4879
2618,4880
21325,4881
2619,4882
19694,4883
2657,4884
3060,4885
3064,4886
3090,4887
3311,4888
22125,4889
3320,4890
23825,4891
3321,4892
12607,4893
34,4894
3612,4895
3637,4896
3755,4897
3758,4898
3774,4899
3792,4900
3798,4901
3991,4902
16721,4903
4021,4904
23900,4905
3977,4906
21322,4907
22177,4908
13454,4909
12964,4910
1050,4911
16972,4912
23301,4913
4250,4914
4319,4915
432,4916
12052,4917
434,4918
12842,4919
441,4920
4466,4921
4471,4922
4482,4923
4506,4924
4511,4925
462,4926
17243,4927
464,4928
23055,4929
4698,4930
4731,4931
11971,4932
4732,4933
5060,4934
5169,4935
5189,4936
5192,4937
5199,4938
5411,4939
5194,4940
5440,4941
14994,4942
55,4943
5533,4944
23866,4945
56,4946
5657,4947
10214,4948
5762,4949
2545,4950
4347,4951
2193,4952
58,4953
5845,4954
5861,4955
5871,4956
5884,4957
19246,4958
23131,4959
1367,4960
17866,4961
19543,4962
4927,4963
19468,4964
17971,4965
20266,4966
18770,4967
21051,4968
5894,4969
5903,4970
5908,4971
5910,4972
5911,4973
5919,4974
6101,4975
15973,4976
6102,4977
6105,4978
2357,4979
6106,4980
5880,4981
17647,4982
1632,4983
2086,4984
21913,4985
21997,4986
22766,4987
17974,4988
23624,4989
18773,4990
5535,4991
4920,4992
6119,4993
6129,4994
22171,4995
6130,4996
21258,4997
643,4998
17105,4999
1363,5000
21075,5001
23641,5002
21222,5003
23792,5004
13170,5005
6481,5006
6592,5007
6593,5008
6614,5009
6620,5010
6777,5011
20451,5012
21268,5013
13390,5014
6651,5015
3161,5016
10234,5017
15206,5018
4551,5019
12343,5020
19652,5021
6796,5022
6821,5023
14335,5024
7164,5025
7298,5026
7306,5027
7310,5028
7487,5029
19017,5030
7500,5031
21288,5032
7505,5033
22112,5034
754,5035
11254,5036
2166,5037
77,5038
7783,5039
7972,5040
7977,5041
81,5042
8157,5043
18233,5044
8164,5045
4489,5046
8181,5047
11824,5048
8189,5049
8366,5050
8376,5051
21277,5052
4562,5053
2507,5054
3285,5055
19014,5056
8377,5057
8529,5058
8665,5059
8672,5060
8673,5061
8680,5062
8738,5063
20691,5064
8684,5065
10235,5066
10239,5067
10932,5068
11510,5069
11516,5070
11523,5071
11526,5072
11534,5073
11538,5074
13115,5075
13116,5076
13634,5077
13890,5078
13902,5079
13908,5080
14423,5081
14693,5082
14702,5083
14708,5084
10059,5085
14710,5086
15202,5087
15456,5088
15471,5089
15473,5090
15965,5091
10855,5092
16200,5093
16202,5094
16207,5095
16208,5096
16209,5097
16210,5098
16211,5099
16216,5100
10043,5101
16217,5102
10728,5103
16220,5104
12839,5105
16223,5106
16714,5107
16719,5108
14119,5109
16893,5110
16965,5111
16966,5112
16968,5113
17474,5114
14623,5115
17481,5116
17701,5117
17708,5118
12056,5119
12242,5120
17726,5121
18239,5122
18505,5123
10739,5124
18515,5125
1614,5126
16905,5127
18517,5128
16723,5129
18524,5130
1865,5131
1881,5132
18244,5133
19026,5134
19062,5135
15236,5136
14021,5137
17839,5138
18575,5139
10571,5140
18837,5141
19306,5142
1621,5143
19314,5144
19323,5145
19324,5146
14426,5147
19370,5148
11255,5149
19371,5150
19824,5151
20098,5152
18229,5153
20109,5154
20123,5155
10730,5156
20900,5157
20916,5158
17479,5159
20917,5160
12049,5161
20918,5162
20919,5163
20920,5164
21437,5165
21442,5166
21754,5167
21755,5168
21756,5169
21760,5170
16732,5171
21767,5172
21438,5173
21771,5174
21773,5175
21998,5176
20344,5177
22283,5178
16145,5179
22288,5180
15385,5181
19822,5182
20248,5183
19602,5184
22605,5185
15979,5186
16888,5187
22611,5188
10740,5189
22614,5190
20628,5191
22616,5192
22620,5193
22630,5194
18225,5195
23174,5196
10269,5197
10944,5198
10946,5199
10953,5200
11541,5201
11549,5202
11551,5203
11552,5204
11559,5205
1178,5206
11967,5207
12342,5208
12350,5209
13140,5210
11847,5211
13143,5212
13145,5213
13147,5214
13922,5215
13923,5216
13929,5217
13934,5218
13937,5219
13939,5220
14185,5221
1435,5222
14725,5223
14726,5224
14728,5225
13414,5226
14973,5227
15476,5228
15488,5229
11809,5230
15855,5231
16232,5232
16244,5233
16982,5234
15745,5235
16983,5236
16997,5237
11805,5238
17238,5239
17740,5240
17742,5241
18544,5242
18545,5243
11253,5244
18843,5245
1889,5246
1895,5247
12624,5248
1897,5249
1899,5250
19343,5251
19345,5252
20128,5253
18099,5254
20129,5255
13456,5256
20140,5257
20444,5258
20446,5259
20468,5260
20937,5261
18869,5262
20943,5263
20945,5264
20946,5265
21262,5266
21266,5267
21296,5268
21785,5269
21787,5270
21788,5271
22122,5272
22138,5273
22176,5274
22635,5275
22642,5276
18067,5277
22960,5278
22969,5279
22973,5280
22978,5281
22996,5282
23052,5283
2333,5284
12255,5285
11419,5286
23461,5287
23484,5288
11432,5289
21693,5290
23487,5291
23501,5292
12637,5293
23506,5294
2160,5295
23590,5296
19667,5297
2375,5298
23815,5299
23821,5300
1148,5301
22961,5302
12605,5303
23812,5304
13804,5305
23840,5306
1857,5307
22121,5308
23868,5309
23892,5310
23918,5311
24006,5312
2582,5313
23820,5314
21249,5315
2590,5316
2612,5317
15754,5318
2882,5319
2919,5320
2923,5321
3031,5322
2308,5323
3058,5324
3065,5325
3086,5326
3095,5327
3228,5328
12845,5329
3283,5330
12051,5331
3295,5332
1649,5333
3297,5334
3315,5335
18097,5336
3445,5337
22850,5338
2033,5339
11758,5340
2754,5341
12550,5342
17085,5343
2077,5344
3511,5345
3606,5346
3757,5347
13840,5348
1623,5349
15952,5350
3764,5351
23405,5352
3071,5353
2805,5354
17940,5355
21066,5356
2084,5357
21918,5358
20369,5359
22771,5360
19571,5361
3805,5362
388,5363
3988,5364
15214,5365
16137,5366
21440,5367
3992,5368
19813,5369
16901,5370
17465,5371
21995,5372
19464,5373
21142,5374
21063,5375
16448,5376
21915,5377
17200,5378
14821,5379
3504,5380
3507,5381
19477,5382
3996,5383
14436,5384
4004,5385
4019,5386
12664,5387
4027,5388
19643,5389
4105,5390
16527,5391
2568,5392
15019,5393
17277,5394
14246,5395
12169,5396
433,5397
14431,5398
13829,5399
16728,5400
17950,5401
2080,5402
4352,5403
4467,5404
14632,5405
4496,5406
21160,5407
457,5408
23861,5409
4606,5410
12128,5411
18521,5412
1610,5413
4701,5414
13637,5415
3229,5416
4706,5417
4707,5418
23129,5419
4708,5420
11407,5421
4728,5422
14983,5423
4933,5424
21992,5425
14048,5426
21139,5427
12462,5428
13255,5429
3539,5430
4247,5431
23529,5432
5034,5433
5160,5434
5172,5435
5188,5436
13043,5437
19817,5438
22859,5439
5193,5440
11454,5441
4487,5442
5201,5443
5204,5444
18444,5445
5205,5446
17952,5447
17181,5448
5209,5449
13036,5450
5212,5451
5401,5452
5207,5453
5410,5454
19812,5455
5414,5456
2368,5457
16896,5458
1650,5459
18710,5460
10031,5461
3008,5462
11582,5463
17023,5464
22678,5465
3640,5466
3246,5467
11251,5468
3642,5469
2542,5470
4349,5471
10863,5472
5434,5473
10443,5474
5633,5475
21986,5476
5733,5477
5764,5478
5768,5479
5855,5480
16153,5481
5856,5482
5872,5483
5881,5484
5888,5485
5895,5486
5899,5487
11453,5488
22286,5489
14170,5490
5906,5491
5345,5492
5912,5493
11449,5494
5914,5495
6040,5496
5915,5497
6103,5498
3787,5499
6104,5500
3091,5501
6131,5502
19687,5503
6132,5504
16498,5505
6136,5506
17358,5507
6259,5508
20347,5509
16351,5510
14931,5511
17104,5512
15691,5513
15580,5514
13241,5515
17087,5516
2796,5517
4211,5518
6300,5519
13581,5520
1561,5521
6359,5522
6418,5523
6423,5524
654,5525
22760,5526
1374,5527
23618,5528
20371,5529
5626,5530
21928,5531
3508,5532
19476,5533
20274,5534
18817,5535
22932,5536
17774,5537
592,5538
19573,5539
14031,5540
16425,5541
6569,5542
6589,5543
3066,5544
17988,5545
6591,5546
6600,5547
19249,5548
11411,5549
662,5550
6728,5551
4501,5552
22003,5553
20338,5554
17107,5555
17941,5556
15601,5557
16355,5558
22935,5559
23795,5560
21821,5561
6785,5562
6799,5563
1642,5564
6803,5565
2351,5566
6812,5567
18062,5568
7015,5569
7277,5570
21697,5571
5857,5572
4196,5573
12792,5574
7294,5575
7300,5576
7303,5577
22865,5578
7413,5579
20640,5580
17460,5581
7479,5582
5893,5583
7480,5584
4479,5585
15390,5586
7490,5587
7493,5588
19046,5589
7499,5590
19668,5591
7504,5592
12655,5593
752,5594
10178,5595
2196,5596
4350,5597
7536,5598
755,5599
7602,5600
12452,5601
14033,5602
2075,5603
640,5604
7606,5605
7960,5606
2804,5607
23630,5608
647,5609
18664,5610
20372,5611
22772,5612
19574,5613
11652,5614
17935,5615
7971,5616
18448,5617
7983,5618
17645,5619
5203,5620
14873,5621
7984,5622
2814,5623
7988,5624
7990,5625
22863,5626
580,5627
23721,5628
4844,5629
11754,5630
5545,5631
12546,5632
16334,5633
7991,5634
8031,5635
1864,5636
19033,5637
20730,5638
7416,5639
19832,5640
17956,5641
7686,5642
8102,5643
3779,5644
22002,5645
21988,5646
11671,5647
21135,5648
18669,5649
18022,5650
19473,5651
18821,5652
23528,5653
5559,5654
2088,5655
18655,5656
23738,5657
4858,5658
22880,5659
16331,5660
14908,5661
8158,5662
8160,5663
23135,5664
16144,5665
20616,5666
18749,5667
2078,5668
22765,5669
19550,5670
21060,5671
21171,5672
21912,5673
22024,5674
22755,5675
8168,5676
19818,5677
8182,5678
22116,5679
8188,5680
15770,5681
8368,5682
17875,5683
18673,5684
22075,5685
22930,5686
14758,5687
8598,5688
8654,5689
23753,5690
11403,5691
8610,5692
8661,5693
12246,5694
6607,5695
13183,5696
3518,5697
17031,5698
21987,5699
3450,5700
13323,5701
4157,5702
4865,5703
23790,5704
671,5705
20174,5706
8666,5707
8667,5708
11384,5709
7253,5710
8674,5711
10169,5712
1655,5713
2090,5714
1311,5715
18743,5716
20269,5717
19544,5718
21070,5719
14163,5720
21923,5721
13371,5722
16269,5723
2811,5724
8312,5725
22027,5726
879,5727
23410,5728
2319,5729
18012,5730
8802,5731
2372,5732
18755,5733
3510,5734
22781,5735
4217,5736
17872,5737
23639,5738
4852,5739
19556,5740
3436,5741
11760,5742
4144,5743
12552,5744
14817,5745
4952,5746
5654,5747
20968,5748
883,5749
5171,5750
16478,5751
878,5752
857,5753
8847,5754
4252,5755
3544,5756
15747,5757
16839,5758
10110,5759
17528,5760
16243,5761
4957,5762
8852,5763
23858,5764
22998,5765
12631,5766
13803,5767
3869,5768
3989,5769
17480,5770
3937,5771
18230,5772
22006,5773
10981,5774
20252,5775
22841,5776
22858,5777
2024,5778
19575,5779
2745,5780
20373,5781
20244,5782
17843,5783
19538,5784
23694,5785
8867,5786
12055,5787
15380,5788
18235,5789
18753,5790
22845,5791
23633,5792
23703,5793
1320,5794
5655,5795
601,5796
4953,5797
12370,5798
8868,5799
3789,5800
10170,5801
7296,5802
2091,5803
19541,5804
17871,5805
18740,5806
22780,5807
19623,5808
23638,5809
20422,5810
13960,5811
8892,5812
23836,5813
8893,5814
22144,5815
8899,5816
890,5817
13842,5818
5157,5819
14887,5820
5818,5821
1562,5822
15315,5823
14161,5824
19374,5825
21818,5826
10570,5827
1821,5828
23526,5829
10573,5830
10177,5831
6480,5832
753,5833
1473,5834
5740,5835
7841,5836
8768,5837
20731,5838
1686,5839
8900,5840
18842,5841
899,5842
16904,5843
1602,5844
4460,5845
10272,5846
10273,5847
10958,5848
13059,5849
16402,5850
18642,5851
18003,5852
20055,5853
23571,5854
23771,5855
11468,5856
19263,5857
21421,5858
3705,5859
4193,5860
5446,5861
471,5862
16396,5863
728,5864
3010,5865
6537,5866
11604,5867
12540,5868
15532,5869
17426,5870
4320,5871
5371,5872
18986,5873
18186,5874
5719,5875
21617,5876
1794,5877
22394,5878
13151,5879
21540,5880
16755,5881
18281,5882
19861,5883
20774,5884
10827,5885
10143,5886
6753,5887
8603,5888
7178,5889
10657,5890
10590,5891
10328,5892
10432,5893
13189,5894
18703,5895
19389,5896
1939,5897
14869,5898
1940,5899
1950,5900
16381,5901
20307,5902
21109,5903
2674,5904
22813,5905
4782,5906
21105,5907
505,5908
11118,5909
10404,5910
13573,5911
5478,5912
18705,5913
616,5914
20319,5915
6178,5916
23671,5917
618,5918
17919,5919
6186,5920
17905,5921
4174,5922
14103,5923
6273,5924
13543,5925
8231,5926
21958,5927
1338,5928
16405,5929
8240,5930
14078,5931
3467,5932
13522,5933
8605,5934
7427,5935
6374,5936
14363,5937
19278,5938
22249,5939
15893,5940
12776,5941
21867,5942
11768,5943
6445,5944
2150,5945
20991,5946
18780,5947
528,5948
17981,5949
14014,5950
6888,5951
12560,5952
4117,5953
7922,5954
1534,5955
10989,5956
17038,5957
3608,5958
7443,5959
8229,5960
7102,5961
7444,5962
8461,5963
7780,5964
2870,5965
21616,5966
10146,5967
18303,5968
19125,5969
866,5970
1543,5971
14772,5972
11183,5973
16284,5974
14394,5975
17039,5976
1432,5977
10198,5978
5732,5979
5028,5980
3594,5981
19178,5982
7442,5983
15925,5984
16678,5985
2147,5986
24193,5987
8126,5988
876,5989
7927,5990
8957,5991
15629,5992
18686,5993
23110,5994
20878,5995
12752,5996
12738,5997
15099,5998
19288,5999
22218,6000
23104,6001
23444,6002
23966,6003
10355,6004
12559,6005
15050,6006
1267,6007
11767,6008
2696,6009
22035,6010
3410,6011
4268,6012
11961,6013
15436,6014
21363,6015
1981,6016
19581,6017
6209,6018
20380,6019
19423,6020
8988,6021
21182,6022
17821,6023
901,6024
15393,6025
10726,6026
10738,6027
11790,6028
2318,6029
5127,6030
9027,6031
21174,6032
18643,6033
15578,6034
17084,6035
21131,6036
22835,6037
903,6038
11459,6039
3046,6040
10052,6041
12583,6042
1598,6043
1577,6044
904,6045
17649,6046
1603,6047
2343,6048
19589,6049
11404,6050
6560,6051
908,6052
17648,6053
2347,6054
21231,6055
5460,6056
9146,6057
8463,6058
10493,6059
23331,6060
361,6061
13683,6062
22647,6063
2162,6064
4545,6065
14450,6066
20672,6067
24038,6068
19179,6069
1793,6070
2516,6071
918,6072
920,6073
18751,6074
4754,6075
5628,6076
18670,6077
6318,6078
19474,6079
20272,6080
19621,6081
20420,6082
20970,6083
921,6084
9211,6085
8526,6086
9212,6087
5366,6088
922,6089
12250,6090
2359,6091
924,6092
22086,6093
11659,6094
22911,6095
930,6096
14627,6097
18223,6098
19514,6099
9330,6100
8618,6101
9331,6102
11661,6103
9349,6104
10693,6105
9354,6106
19252,6107
7956,6108
2829,6109
9361,6110
9364,6111
17153,6112
2285,6113
11368,6114
15346,6115
1388,6116
15517,6117
20964,6118
22669,6119
6482,6120
4663,6121
7353,6122
16021,6123
21486,6124
22339,6125
22325,6126
23524,6127
751,6128
1822,6129
5062,6130
5766,6131
756,6132
7846,6133
4353,6134
15929,6135
16098,6136
7355,6137
18313,6138
8538,6139
8811,6140
2200,6141
9368,6142
12253,6143
9356,6144
3756,6145
14947,6146
7267,6147
9324,6148
9369,6149
20044,6150
2323,6151
4464,6152
13215,6153
1387,6154
10719,6155
13847,6156
13951,6157
11113,6158
1555,6159
1586,6160
17082,6161
17661,6162
1452,6163
10002,6164
18004,6165
21712,6166
23418,6167
11373,6168
10688,6169
2258,6170
15533,6171
2883,6172
6069,6173
6143,6174
6828,6175
6298,6176
6831,6177
6146,6178
6858,6179
17429,6180
15412,6181
18989,6182
19794,6183
18185,6184
13794,6185
7239,6186
6555,6187
7902,6188
12394,6189
20366,6190
2660,6191
1438,6192
6067,6193
6424,6194
11186,6195
16674,6196
13002,6197
6861,6198
7100,6199
1833,6200
5728,6201
5024,6202
22268,6203
14583,6204
1725,6205
24113,6206
14732,6207
6416,6208
7108,6209
10195,6210
11187,6211
8226,6212
3611,6213
8548,6214
384,6215
15887,6216
7750,6217
7145,6218
4308,6219
4797,6220
17984,6221
5491,6222
18783,6223
2718,6224
7903,6225
10304,6226
10993,6227
13980,6228
17906,6229
19513,6230
22816,6231
2937,6232
1232,6233
15630,6234
1944,6235
18704,6236
2054,6237
16591,6238
4776,6239
22814,6240
4777,6241
23674,6242
2775,6243
19523,6244
5477,6245
4198,6246
6176,6247
2791,6248
6189,6249
3491,6250
8244,6251
23672,6252
19490,6253
16407,6254
8322,6255
8431,6256
15423,6257
20561,6258
3584,6259
13204,6260
14355,6261
19586,6262
1972,6263
20385,6264
4822,6265
8611,6266
8830,6267
5032,6268
1436,6269
8941,6270
1355,6271
5582,6272
20321,6273
8952,6274
2070,6275
4879,6276
15121,6277
20079,6278
8956,6279
20311,6280
1335,6281
15654,6282
11092,6283
9059,6284
9148,6285
15921,6286
12209,6287
9298,6288
15531,6289
2163,6290
6173,6291
20594,6292
14651,6293
13605,6294
15924,6295
21414,6296
17601,6297
7441,6298
715,6299
5738,6300
19790,6301
23385,6302
10777,6303
19895,6304
14729,6305
8938,6306
937,6307
938,6308
16889,6309
5211,6310
18757,6311
2021,6312
22860,6313
2742,6314
23731,6315
3433,6316
21168,6317
15586,6318
9382,6319
14455,6320
22328,6321
23332,6322
8778,6323
94,6324
9410,6325
22370,6326
22648,6327
9411,6328
22378,6329
21794,6330
24111,6331
19883,6332
22354,6333
24046,6334
16851,6335
10092,6336
10776,6337
942,6338
14618,6339
4512,6340
14950,6341
4908,6342
9422,6343
22451,6344
13905,6345
18232,6346
9423,6347
4699,6348
20626,6349
17644,6350
15970,6351
1376,6352
15525,6353
2747,6354
22856,6355
2026,6356
13348,6357
21906,6358
14140,6359
15577,6360
6171,6361
6317,6362
19475,6363
2079,6364
14840,6365
15600,6366
3538,6367
4246,6368
20171,6369
9424,6370
10919,6371
13642,6372
15262,6373
16890,6374
12054,6375
19338,6376
15752,6377
5634,6378
21989,6379
20271,6380
19542,6381
17870,6382
18668,6383
21225,6384
22080,6385
11580,6386
5560,6387
3517,6388
3443,6389
15693,6390
4151,6391
14933,6392
13237,6393
9425,6394
2799,6395
17106,6396
1362,6397
14841,6398
21224,6399
22783,6400
4951,6401
18571,6402
19372,6403
21822,6404
15684,6405
9426,6406
18340,6407
19141,6408
22627,6409
23209,6410
22356,6411
22334,6412
18406,6413
5902,6414
14624,6415
7295,6416
10700,6417
11385,6418
8749,6419
9427,6420
12888,6421
12094,6422
16222,6423
18220,6424
12249,6425
21503,6426
20682,6427
23134,6428
18647,6429
3532,6430
9332,6431
11386,6432
6238,6433
9428,6434
15462,6435
15960,6436
20756,6437
1185,6438
22179,6439
9429,6440
18344,6441
10929,6442
18246,6443
10850,6444
23153,6445
22904,6446
4907,6447
9430,6448
17523,6449
10267,6450
14694,6451
11424,6452
16903,6453
10040,6454
22986,6455
5168,6456
11472,6457
11649,6458
14953,6459
15504,6460
14743,6461
13307,6462
15558,6463
21713,6464
22059,6465
20158,6466
20861,6467
21704,6468
3011,6469
3327,6470
11108,6471
6556,6472
6583,6473
11377,6474
7147,6475
11371,6476
6538,6477
10305,6478
14924,6479
16283,6480
11185,6481
2156,6482
3254,6483
15923,6484
16676,6485
6862,6486
7240,6487
2981,6488
14771,6489
6859,6490
5029,6491
16919,6492
11181,6493
10498,6494
18184,6495
7782,6496
6068,6497
6420,6498
5734,6499
16673,6500
17583,6501
2473,6502
21525,6503
11556,6504
23249,6505
16751,6506
15993,6507
4530,6508
15326,6509
7104,6510
8052,6511
7369,6512
8124,6513
848,6514
2943,6515
6053,6516
8909,6517
7663,6518
8939,6519
9102,6520
18978,6521
6454,6522
1961,6523
17983,6524
5723,6525
22694,6526
18782,6527
561,6528
9145,6529
9431,6530
9433,6531
24106,6532
10065,6533
20360,6534
4232,6535
4131,6536
2296,6537
4808,6538
9020,6539
17455,6540
9434,6541
8752,6542
9435,6543
9437,6544
16034,6545
9438,6546
13363,6547
9439,6548
20693,6549
19962,6550
23163,6551
944,6552
15296,6553
3932,6554
17206,6555
9441,6556
21585,6557
9442,6558
23285,6559
9443,6560
22435,6561
15470,6562
931,6563
14626,6564
5196,6565
3520,6566
585,6567
20355,6568
2022,6569
17197,6570
2743,6571
14927,6572
16340,6573
9444,6574
12138,6575
11525,6576
3047,6577
20847,6578
3741,6579
2808,6580
9445,6581
1153,6582
17477,6583
3844,6584
12340,6585
12603,6586
9446,6587
11509,6588
15261,6589
13932,6590
19672,6591
4494,6592
13039,6593
8662,6594
22004,6595
1364,6596
3439,6597
19554,6598
2027,6599
11756,6600
4147,6601
12548,6602
19450,6603
18735,6604
9448,6605
16043,6606
20114,6607
4730,6608
22193,6609
6596,6610
14635,6611
7280,6612
9066,6613
15144,6614
6551,6615
945,6616
20783,6617
1776,6618
5645,6619
9451,6620
9453,6621
20758,6622
17712,6623
3093,6624
9457,6625
19897,6626
5408,6627
1619,6628
7506,6629
23828,6630
946,6631
19050,6632
13792,6633
3168,6634
1389,6635
9460,6636
9461,6637
19099,6638
20944,6639
9462,6640
24089,6641
19917,6642
19083,6643
18282,6644
19066,6645
23507,6646
24194,6647
10144,6648
10828,6649
9142,6650
9464,6651
16030,6652
9465,6653
17538,6654
9466,6655
11398,6656
19549,6657
9468,6658
23291,6659
9471,6660
12113,6661
9475,6662
10024,6663
9476,6664
16328,6665
8676,6666
14619,6667
4463,6668
3094,6669
6584,6670
7339,6671
10161,6672
194,6673
79,6674
948,6675
23157,6676
16102,6677
5986,6678
6670,6679
24107,6680
22344,6681
23197,6682
3104,6683
947,6684
21453,6685
12205,6686
7358,6687
16777,6688
9495,6689
3638,6690
5763,6691
7110,6692
16069,6693
95,6694
9508,6695
10522,6696
9532,6697
18063,6698
23863,6699
22131,6700
2431,6701
3211,6702
24116,6703
10945,6704
18862,6705
8870,6706
20615,6707
9549,6708
15972,6709
9550,6710
13632,6711
15384,6712
4495,6713
23716,6714
1306,6715
14912,6716
17957,6717
22777,6718
15672,6719
11669,6720
23635,6721
23796,6722
4044,6723
22692,6724
4649,6725
10645,6726
5553,6727
22881,6728
5653,6729
12372,6730
22672,6731
587,6732
23739,6733
12444,6734
9551,6735
935,6736
9559,6737
4476,6738
957,6739
5866,6740
3752,6741
7269,6742
23391,6743
20828,6744
663,6745
9570,6746
1579,6747
23417,6748
3022,6749
20602,6750
1553,6751
15361,6752
23392,6753
12884,6754
13664,6755
1887,6756
22357,6757
3424,6758
22922,6759
10331,6760
9575,6761
23865,6762
9577,6763
13408,6764
9580,6765
19804,6766
21707,6767
20603,6768
3716,6769
2274,6770
13017,6771
20832,6772
9581,6773
21317,6774
9582,6775
14199,6776
9583,6777
22128,6778
9584,6779
13404,6780
9585,6781
9587,6782
14115,6783
22784,6784
5076,6785
7426,6786
959,6787
15224,6788
19216,6789
10099,6790
22921,6791
9592,6792
1497,6793
8109,6794
777,6795
96,6796
961,6797
19180,6798
8776,6799
9458,6800
9615,6801
9625,6802
8466,6803
14650,6804
4322,6805
5033,6806
963,6807
21635,6808
1053,6809
334,6810
1692,6811
10750,6812
5237,6813
15984,6814
22307,6815
19048,6816
24205,6817
22541,6818
2822,6819
9639,6820
6760,6821
7090,6822
16870,6823
189,6824
22258,6825
18152,6826
15852,6827
19757,6828
2118,6829
75,6830
7704,6831
7024,6832
18110,6833
1712,6834
22529,6835
3131,6836
20656,6837
10164,6838
10848,6839
23173,6840
10707,6841
2391,6842
22322,6843
4576,6844
8625,6845
964,6846
16835,6847
9432,6848
8750,6849
9642,6850
17907,6851
5584,6852
18717,6853
11093,6854
11973,6855
17684,6856
15837,6857
16617,6858
11025,6859
1837,6860
19750,6861
20551,6862
2117,6863
1259,6864
21186,6865
22039,6866
2716,6867
4962,6868
968,6869
3818,6870
544,6871
13467,6872
969,6873
18650,6874
2093,6875
19454,6876
15689,6877
20251,6878
14929,6879
11655,6880
23188,6881
17605,6882
1002,6883
4146,6884
20353,6885
3438,6886
5555,6887
8374,6888
9074,6889
20243,6890
10366,6891
17096,6892
17938,6893
5621,6894
9406,6895
22388,6896
15233,6897
15992,6898
3105,6899
2384,6900
23156,6901
18414,6902
6675,6903
21212,6904
9691,6905
11173,6906
9695,6907
6321,6908
11064,6909
17188,6910
1290,6911
15679,6912
11068,6913
21164,6914
571,6915
22017,6916
10382,6917
14914,6918
9696,6919
17967,6920
7615,6921
19565,6922
9697,6923
14123,6924
11070,6925
20362,6926
10384,6927
1292,6928
15676,6929
19564,6930
573,6931
11737,6932
970,6933
19458,6934
20661,6935
23334,6936
4631,6937
5635,6938
20255,6939
14932,6940
21056,6941
15692,6942
12446,6943
13238,6944
13239,6945
1361,6946
2076,6947
6706,6948
19111,6949
15228,6950
15987,6951
23176,6952
22326,6953
1662,6954
16054,6955
4638,6956
19578,6957
9704,6958
23782,6959
8250,6960
9705,6961
23704,6962
971,6963
1175,6964
1689,6965
20662,6966
24213,6967
2609,6968
4400,6969
9449,6970
10135,6971
19113,6972
18277,6973
20669,6974
3115,6975
958,6976
16741,6977
19984,6978
2499,6979
3529,6980
972,6981
20899,6982
15222,6983
973,6984
15492,6985
19918,6986
19080,6987
16752,6988
23181,6989
17575,6990
17635,6991
18434,6992
8465,6993
9754,6994
8298,6995
20363,6996
572,6997
14917,6998
1291,6999
15677,7000
2009,7001
16434,7002
2731,7003
4938,7004
6250,7005
5641,7006
6935,7007
6320,7008
7619,7009
7006,7010
8303,7011
17961,7012
576,7013
22014,7014
10389,7015
11075,7016
6581,7017
7265,7018
20850,7019
7949,7020
8632,7021
23989,7022
18425,7023
18427,7024
21492,7025
976,7026
24105,7027
19886,7028
4518,7029
16739,7030
17492,7031
18210,7032
1194,7033
22933,7034
11052,7035
12375,7036
12455,7037
13961,7038
13168,7039
16272,7040
17032,7041
18569,7042
20170,7043
20966,7044
20975,7045
21125,7046
21826,7047
22671,7048
14755,7049
23527,7050
23768,7051
2628,7052
3028,7053
13978,7054
17035,7055
17769,7056
18568,7057
2266,7058
18584,7059
22668,7060
23525,7061
4036,7062
3500,7063
4126,7064
18001,7065
4206,7066
4207,7067
4240,7068
4306,7069
4745,7070
4747,7071
4758,7072
3499,7073
4914,7074
4917,7075
5018,7076
5019,7077
5617,7078
5619,7079
5620,7080
6237,7081
18800,7082
11618,7083
6261,7084
22055,7085
638,7086
6923,7087
22910,7088
19414,7089
6947,7090
13366,7091
21018,7092
7098,7093
7679,7094
7680,7095
14058,7096
13367,7097
7775,7098
8287,7099
4945,7100
16300,7101
8363,7102
8364,7103
8833,7104
5722,7105
3597,7106
9619,7107
1424,7108
9515,7109
702,7110
2874,7111
11154,7112
10471,7113
2140,7114
14580,7115
8041,7116
19133,7117
506,7118
11059,7119
20409,7120
9762,7121
9082,7122
1262,7123
12704,7124
16460,7125
3397,7126
17212,7127
6229,7128
9768,7129
13548,7130
16600,7131
20805,7132
3884,7133
16975,7134
23294,7135
7507,7136
18952,7137
7980,7138
9769,7139
15851,7140
22526,7141
281,7142
12925,7143
21772,7144
19025,7145
12245,7146
17471,7147
20313,7148
2620,7149
6582,7150
1565,7151
13167,7152
11250,7153
17773,7154
22670,7155
2544,7156
3641,7157
3643,7158
5365,7159
5064,7160
1477,7161
18993,7162
13795,7163
8812,7164
977,7165
15239,7166
9770,7167
12741,7168
13552,7169
22219,7170
9772,7171
9778,7172
978,7173
23201,7174
12865,7175
23186,7176
14584,7177
10775,7178
10091,7179
9787,7180
5690,7181
12968,7182
2485,7183
12933,7184
12317,7185
11413,7186
12257,7187
1605,7188
12347,7189
4929,7190
9792,7191
12151,7192
4637,7193
24137,7194
9794,7195
15324,7196
7370,7197
15276,7198
9796,7199
9116,7200
3586,7201
12975,7202
6688,7203
980,7204
19086,7205
19882,7206
21482,7207
17602,7208
8727,7209
9409,7210
9809,7211
1368,7212
9819,7213
20025,7214
6660,7215
11598,7216
14083,7217
3012,7218
1171,7219
16886,7220
20862,7221
3343,7222
11703,7223
18683,7224
2875,7225
5931,7226
5230,7227
11600,7228
10551,7229
10185,7230
15529,7231
16282,7232
11219,7233
3770,7234
4477,7235
19003,7236
14642,7237
5046,7238
5368,7239
6126,7240
21698,7241
6463,7242
6543,7243
12269,7244
22568,7245
3020,7246
1536,7247
10303,7248
15518,7249
23532,7250
6287,7251
635,7252
6973,7253
2772,7254
20587,7255
730,7256
2901,7257
13564,7258
18472,7259
13596,7260
14386,7261
18597,7262
13527,7263
19273,7264
20195,7265
13530,7266
20997,7267
20550,7268
23556,7269
13528,7270
3965,7271
10482,7272
4280,7273
13998,7274
12737,7275
20888,7276
11946,7277
23965,7278
23078,7279
22528,7280
7087,7281
17050,7282
17801,7283
18967,7284
14000,7285
18944,7286
20196,7287
22236,7288
22701,7289
18143,7290
14674,7291
12735,7292
11944,7293
7546,7294
7656,7295
2051,7296
2864,7297
7711,7298
7766,7299
8393,7300
8447,7301
20199,7302
20995,7303
16590,7304
21849,7305
17337,7306
2855,7307
21014,7308
4972,7309
4973,7310
20087,7311
4267,7312
3558,7313
23940,7314
23388,7315
8507,7316
8627,7317
7274,7318
6570,7319
8823,7320
16687,7321
7136,7322
17376,7323
16172,7324
16173,7325
16665,7326
17415,7327
15155,7328
12404,7329
16578,7330
17417,7331
11610,7332
13195,7333
13992,7334
15884,7335
14003,7336
17675,7337
18129,7338
18138,7339
18965,7340
19743,7341
21004,7342
11932,7343
22228,7344
6078,7345
19739,7346
20540,7347
16568,7348
12155,7349
10139,7350
13692,7351
10241,7352
16024,7353
1630,7354
20677,7355
19879,7356
23566,7357
21373,7358
2397,7359
20775,7360
358,7361
1077,7362
7572,7363
17324,7364
21746,7365
16573,7366
18930,7367
15818,7368
12950,7369
17641,7370
24128,7371
10931,7372
13199,7373
21557,7374
8001,7375
8685,7376
1679,7377
18379,7378
1791,7379
2514,7380
911,7381
22546,7382
18216,7383
10014,7384
11583,7385
11660,7386
17095,7387
22909,7388
23767,7389
3330,7390
5618,7391
3451,7392
19601,7393
7603,7394
21202,7395
21016,7396
11625,7397
12723,7398
16943,7399
21870,7400
20544,7401
20894,7402
21377,7403
22232,7404
12714,7405
16061,7406
23089,7407
23951,7408
11923,7409
16814,7410
2510,7411
14483,7412
15267,7413
19881,7414
16001,7415
19862,7416
353,7417
3852,7418
4715,7419
3769,7420
7936,7421
8078,7422
7395,7423
8362,7424
4158,7425
20400,7426
18610,7427
21868,7428
22722,7429
17329,7430
21745,7431
18136,7432
18937,7433
14295,7434
23960,7435
20090,7436
17330,7437
11938,7438
9078,7439
8011,7440
9282,7441
1093,7442
11350,7443
5080,7444
13983,7445
1353,7446
7547,7447
2068,7448
619,7449
17406,7450
9213,7451
9290,7452
20867,7453
2217,7454
2288,7455
20987,7456
4897,7457
6054,7458
8585,7459
6863,7460
5600,7461
23649,7462
15149,7463
16174,7464
15907,7465
19786,7466
8432,7467
9493,7468
709,7469
11256,7470
2879,7471
17044,7472
18697,7473
7563,7474
17899,7475
17889,7476
10449,7477
8127,7478
5013,7479
13857,7480
13583,7481
1431,7482
16175,7483
18590,7484
2128,7485
14373,7486
20876,7487
15113,7488
1403,7489
16185,7490
18617,7491
21864,7492
21946,7493
23969,7494
15870,7495
11633,7496
19752,7497
21736,7498
17348,7499
16597,7500
3549,7501
4097,7502
1346,7503
4183,7504
4302,7505
15541,7506
2064,7507
3580,7508
21011,7509
1349,7510
4893,7511
5590,7512
626,7513
5592,7514
16531,7515
6341,7516
6361,7517
6893,7518
18693,7519
19494,7520
12685,7521
7083,7522
18595,7523
5596,7524
20290,7525
23968,7526
8410,7527
17817,7528
21093,7529
4888,7530
17304,7531
9686,7532
11054,7533
22054,7534
9003,7535
22907,7536
13211,7537
14797,7538
21019,7539
20537,7540
13093,7541
19736,7542
21368,7543
15439,7544
22223,7545
22225,7546
23084,7547
8387,7548
8692,7549
3923,7550
14481,7551
12098,7552
13665,7553
12867,7554
21858,7555
14302,7556
23179,7557
24195,7558
5337,7559
4635,7560
9776,7561
18473,7562
20870,7563
14385,7564
13595,7565
20197,7566
15081,7567
2133,7568
17053,7569
17339,7570
20211,7571
13521,7572
13090,7573
15832,7574
15075,7575
20526,7576
23450,7577
16588,7578
23559,7579
22240,7580
24239,7581
305,7582
23250,7583
21000,7584
21382,7585
24112,7586
23207,7587
12871,7588
4090,7589
4674,7590
4712,7591
18218,7592
5934,7593
16083,7594
6403,7595
7086,7596
13989,7597
14308,7598
15885,7599
11624,7600
12416,7601
15833,7602
18935,7603
21850,7604
22704,7605
15076,7606
20089,7607
16583,7608
23102,7609
5379,7610
23093,7611
23955,7612
11927,7613
16837,7614
1742,7615
16025,7616
16782,7617
17510,7618
16757,7619
22707,7620
18134,7621
3299,7622
1638,7623
14630,7624
4531,7625
20801,7626
10119,7627
10803,7628
5885,7629
14757,7630
20429,7631
22674,7632
2629,7633
6313,7634
6999,7635
18677,7636
17219,7637
7535,7638
13182,7639
1358,7640
7681,7641
17879,7642
23770,7643
13205,7644
15548,7645
18609,7646
23964,7647
23451,7648
17335,7649
16584,7650
13508,7651
15330,7652
7713,7653
7765,7654
12016,7655
11609,7656
20572,7657
12413,7658
12417,7659
14316,7660
19412,7661
11942,7662
21379,7663
22702,7664
12733,7665
22594,7666
14314,7667
13524,7668
21359,7669
13780,7670
23561,7671
18141,7672
23957,7673
21744,7674
22234,7675
3384,7676
20553,7677
22593,7678
13526,7679
7364,7680
8050,7681
2471,7682
8217,7683
4915,7684
13265,7685
12570,7686
20209,7687
11622,7688
14790,7689
18942,7690
21385,7691
21741,7692
23963,7693
23101,7694
23075,7695
3261,7696
19748,7697
20549,7698
18919,7699
12986,7700
10113,7701
4092,7702
11936,7703
20893,7704
12727,7705
23095,7706
8394,7707
22592,7708
6352,7709
7036,7710
20527,7711
24240,7712
10112,7713
8744,7714
9805,7715
9125,7716
16635,7717
15553,7718
13513,7719
17811,7720
20214,7721
15070,7722
22238,7723
22703,7724
22708,7725
14303,7726
22599,7727
12722,7728
11931,7729
23099,7730
21742,7731
21383,7732
23564,7733
15827,7734
20092,7735
17328,7736
23579,7737
13520,7738
19292,7739
14310,7740
21381,7741
13505,7742
15303,7743
1787,7744
20718,7745
19919,7746
19087,7747
21853,7748
12729,7749
23206,7750
22330,7751
5960,7752
3927,7753
3218,7754
6111,7755
5883,7756
20843,7757
7026,7758
9761,7759
9759,7760
7328,7761
982,7762
1701,7763
12059,7764
19860,7765
3056,7766
894,7767
5847,7768
11436,7769
14608,7770
12537,7771
3309,7772
10668,7773
13853,7774
7614,7775
23730,7776
12459,7777
22019,7778
4128,7779
22872,7780
10380,7781
17187,7782
825,7783
9571,7784
3024,7785
20855,7786
1581,7787
5132,7788
9823,7789
10884,7790
2881,7791
9824,7792
1422,7793
19193,7794
20033,7795
20700,7796
17747,7797
11182,7798
3837,7799
18284,7800
20679,7801
22331,7802
17574,7803
2493,7804
1770,7805
9825,7806
9144,7807
1421,7808
2428,7809
8780,7810
19106,7811
13144,7812
20716,7813
5940,7814
6630,7815
960,7816
18378,7817
360,7818
1079,7819
9826,7820
8831,7821
10501,7822
11184,7823
18984,7824
16832,7825
1750,7826
9827,7827
10882,7828
8464,7829
6421,7830
20590,7831
6650,7832
10093,7833
12881,7834
9828,7835
9829,7836
10881,7837
2887,7838
716,7839
15164,7840
12185,7841
3178,7842
21531,7843
20951,7844
2164,7845
5248,7846
13661,7847
12863,7848
21480,7849
16834,7850
10804,7851
10120,7852
983,7853
6864,7854
570,7855
23757,7856
9830,7857
3151,7858
2517,7859
19094,7860
21799,7861
9831,7862
5966,7863
1066,7864
21579,7865
17724,7866
9374,7867
9834,7868
12971,7869
1043,7870
18341,7871
9835,7872
23370,7873
1034,7874
18311,7875
16245,7876
7165,7877
1820,7878
5063,7879
9836,7880
21662,7881
10791,7882
14522,7883
23464,7884
16730,7885
6727,7886
17483,7887
660,7888
4136,7889
1380,7890
6940,7891
7624,7892
7690,7893
8373,7894
15583,7895
9837,7896
23379,7897
10790,7898
22364,7899
23463,7900
6621,7901
16135,7902
8675,7903
4935,7904
4140,7905
5638,7906
2741,7907
11752,7908
3432,7909
23733,7910
14035,7911
984,7912
1703,7913
16746,7914
3819,7915
1616,7916
2336,7917
11406,7918
9388,7919
16878,7920
23729,7921
460,7922
1544,7923
16159,7924
2990,7925
2267,7926
6122,7927
11382,7928
13056,7929
15197,7930
15954,7931
8299,7932
11744,7933
6246,7934
12536,7935
6931,7936
13334,7937
4837,7938
11741,7939
9016,7940
16435,7941
10383,7942
14918,7943
9288,7944
9306,7945
6655,7946
19235,7947
22384,7948
16753,7949
24049,7950
2023,7951
22007,7952
2744,7953
16443,7954
3444,7955
4726,7956
4930,7957
19461,7958
17203,7959
20258,7960
16451,7961
17845,7962
14829,7963
14831,7964
22834,7965
586,7966
15686,7967
14828,7968
641,7969
9386,7970
18431,7971
12233,7972
17530,7973
14451,7974
23190,7975
2749,7976
21150,7977
1310,7978
2028,7979
21175,7980
22028,7981
11650,7982
19447,7983
14909,7984
19537,7985
3418,7986
3503,7987
4543,7988
5936,7989
14565,7990
6659,7991
267,7992
132,7993
8049,7994
7366,7995
4544,7996
13656,7997
15991,7998
22311,7999
2383,8000
23155,8001
24229,8002
10808,8003
23758,8004
9573,8005
10942,8006
7908,8007
962,8008
5961,8009
7393,8010
356,8011
12886,8012
19077,8013
19872,8014
20646,8015
18253,8016
3101,8017
14529,8018
3223,8019
22029,8020
9699,8021
15678,8022
11069,8023
15674,8024
1294,8025
14120,8026
10387,8027
12529,8028
575,8029
13327,8030
11073,8031
22866,8032
20250,8033
2819,8034
1295,8035
13630,8036
2013,8037
14420,8038
20049,8039
12837,8040
4438,8041
5841,8042
20825,8043
19230,8044
22345,8045
6722,8046
20671,8047
19873,8048
14963,8049
19445,8050
7941,8051
9844,8052
10519,8053
10505,8054
2426,8055
3224,8056
19939,8057
9846,8058
10192,8059
772,8060
11015,8061
11197,8062
1352,8063
4793,8064
18700,8065
3470,8066
7728,8067
18481,8068
7051,8069
7801,8070
8482,8071
1248,8072
1423,8073
1967,8074
19503,8075
20301,8076
9777,8077
8405,8078
22532,8079
9849,8080
2165,8081
3862,8082
15366,8083
12336,8084
13131,8085
5117,8086
22565,8087
7261,8088
15400,8089
20154,8090
23692,8091
847,8092
3230,8093
7945,8094
4048,8095
23681,8096
8886,8097
13834,8098
19020,8099
18221,8100
7262,8101
6578,8102
3702,8103
2305,8104
8595,8105
17668,8106
17669,8107
18382,8108
1786,8109
3682,8110
5097,8111
4390,8112
10314,8113
10316,8114
10318,8115
10320,8116
11001,8117
1230,8118
15899,8119
18175,8120
19777,8121
2665,8122
11995,8123
3360,8124
22264,8125
4066,8126
5706,8127
6182,8128
15143,8129
6732,8130
6533,8131
11329,8132
11003,8133
11007,8134
1233,8135
12397,8136
13190,8137
11149,8138
13572,8139
1943,8140
1946,8141
12786,8142
21408,8143
23985,8144
2667,8145
2894,8146
17041,8147
15138,8148
17790,8149
18475,8150
18589,8151
14362,8152
13868,8153
1957,8154
10466,8155
16177,8156
1959,8157
12785,8158
20581,8159
19781,8160
21407,8161
22262,8162
2680,8163
4067,8164
4279,8165
13784,8166
4788,8167
3578,8168
22575,8169
13574,8170
14364,8171
4790,8172
5000,8173
524,8174
525,8175
16643,8176
18477,8177
17395,8178
5289,8179
12139,8180
11524,8181
10045,8182
1228,8183
15896,8184
16907,8185
10731,8186
21143,8187
10391,8188
22013,8189
1297,8190
11753,8191
4862,8192
21996,8193
17861,8194
12551,8195
5563,8196
11759,8197
14818,8198
13236,8199
14028,8200
17179,8201
20335,8202
4918,8203
5704,8204
21723,8205
3579,8206
5705,8207
578,8208
23734,8209
12450,8210
6184,8211
19782,8212
6380,8213
6381,8214
13075,8215
11142,8216
10459,8217
3566,8218
18386,8219
1782,8220
6384,8221
6387,8222
6880,8223
20582,8224
5377,8225
18176,8226
13576,8227
22257,8228
7055,8229
24221,8230
7065,8231
7378,8232
12926,8233
12326,8234
4462,8235
14633,8236
2340,8237
10692,8238
21709,8239
7553,8240
12791,8241
7558,8242
11141,8243
16933,8244
7732,8245
22479,8246
5324,8247
12932,8248
11527,8249
509,8250
6601,8251
13046,8252
7797,8253
15536,8254
17789,8255
18975,8256
3373,8257
18972,8258
21724,8259
18172,8260
16641,8261
2851,8262
20780,8263
3917,8264
12928,8265
11531,8266
18214,8267
3967,8268
4078,8269
4787,8270
13579,8271
523,8272
11148,8273
14661,8274
6076,8275
14369,8276
6193,8277
20584,8278
13865,8279
19784,8280
15142,8281
18163,8282
6195,8283
16648,8284
6382,8285
23432,8286
6390,8287
6879,8288
11146,8289
12280,8290
6881,8291
11143,8292
18476,8293
10460,8294
7067,8295
7054,8296
4564,8297
7073,8298
14359,8299
16861,8300
8236,8301
8237,8302
12789,8303
4675,8304
17400,8305
15139,8306
2852,8307
20781,8308
8249,8309
6388,8310
8251,8311
2860,8312
8426,8313
17677,8314
8428,8315
8429,8316
6762,8317
7071,8318
5004,8319
13569,8320
17612,8321
10078,8322
21602,8323
16967,8324
8430,8325
846,8326
12371,8327
1566,8328
11673,8329
17138,8330
19539,8331
12467,8332
13260,8333
14910,8334
20337,8335
14053,8336
20330,8337
20965,8338
22822,8339
23679,8340
4170,8341
21113,8342
17132,8343
6972,8344
14872,8345
21084,8346
17969,8347
8354,8348
8580,8349
10315,8350
11002,8351
11004,8352
11006,8353
11199,8354
10332,8355
12790,8356
13578,8357
15137,8358
15424,8359
14368,8360
15141,8361
16288,8362
11996,8363
16642,8364
1945,8365
1960,8366
2668,8367
15892,8368
2679,8369
2139,8370
16931,8371
1414,8372
2681,8373
19778,8374
22576,8375
20578,8376
18173,8377
3372,8378
4079,8379
15891,8380
20873,8381
15134,8382
20577,8383
4275,8384
19187,8385
2505,8386
12133,8387
23477,8388
4989,8389
5489,8390
15894,8391
3260,8392
16645,8393
6371,8394
6867,8395
15900,8396
6869,8397
12788,8398
17676,8399
17399,8400
16647,8401
6871,8402
6878,8403
16651,8404
13072,8405
17403,8406
11999,8407
23981,8408
14593,8409
7347,8410
5943,8411
11518,8412
3080,8413
16900,8414
18219,8415
6375,8416
7554,8417
5708,8418
7565,8419
3582,8420
6077,8421
10463,8422
7567,8423
3581,8424
8427,8425
4676,8426
4291,8427
5002,8428
683,8429
8643,8430
13844,8431
10041,8432
21793,8433
23709,8434
2032,8435
22851,8436
2753,8437
22876,8438
596,8439
22023,8440
891,8441
8934,8442
21129,8443
12470,8444
6442,8445
5370,8446
10524,8447
8950,8448
8951,8449
7744,8450
8953,8451
18974,8452
8954,8453
18973,8454
23433,8455
11993,8456
17394,8457
8964,8458
7749,8459
11486,8460
4293,8461
3583,8462
8965,8463
17401,8464
12281,8465
16649,8466
18977,8467
7733,8468
23358,8469
327,8470
16046,8471
22608,8472
11425,8473
8949,8474
8966,8475
11145,8476
8999,8477
15584,8478
19451,8479
6314,8480
22788,8481
17173,8482
6922,8483
7683,8484
23646,8485
16421,8486
7898,8487
8367,8488
16356,8489
15664,8490
13264,8491
2153,8492
906,8493
8416,8494
9104,8495
9105,8496
9107,8497
22574,8498
2138,8499
1413,8500
1405,8501
9108,8502
16932,8503
7747,8504
7070,8505
23118,8506
8018,8507
1714,8508
16047,8509
12313,8510
3759,8511
16148,8512
8655,8513
8612,8514
14643,8515
3706,8516
2658,8517
14082,8518
4414,8519
17912,8520
21816,8521
13290,8522
21930,8523
12528,8524
20276,8525
21077,8526
21985,8527
22837,8528
19478,8529
17175,8530
5581,8531
11702,8532
22791,8533
613,8534
21967,8535
19487,8536
14130,8537
6990,8538
9109,8539
9291,8540
22570,8541
10658,8542
1535,8543
10994,8544
21962,8545
5821,8546
16280,8547
3483,8548
5802,8549
9301,8550
12268,8551
5105,8552
13982,8553
12572,8554
5807,8555
20412,8556
7544,8557
4894,8558
9310,8559
11597,8560
17136,8561
17131,8562
705,8563
9384,8564
8030,8565
9396,8566
14465,8567
15458,8568
1608,8569
8948,8570
9455,8571
13690,8572
14604,8573
18440,8574
197,8575
21505,8576
22358,8577
237,8578
107,8579
238,8580
108,8581
24166,8582
247,8583
114,8584
7245,8585
15403,8586
22560,8587
10007,8588
22069,8589
11008,8590
10322,8591
11780,8592
1251,8593
12571,8594
10997,8595
1966,8596
2066,8597
22649,8598
18085,8599
10887,8600
11497,8601
11502,8602
12273,8603
12287,8604
13065,8605
13864,8606
14681,8607
15431,8608
15443,8609
11893,8610
15790,8611
15033,8612
16654,8613
16930,8614
14370,8615
13580,8616
17290,8617
1840,8618
19787,8619
20517,8620
2130,8621
1707,8622
2141,8623
1415,8624
2143,8625
21748,8626
15058,8627
15815,8628
18912,8629
22265,8630
22579,8631
22601,8632
23048,8633
16824,8634
23049,8635
13781,8636
23106,8637
11125,8638
19726,8639
23458,8640
14294,8641
24219,8642
1763,8643
2562,8644
15803,8645
16553,8646
11895,8647
21621,8648
3189,8649
20340,8650
16620,8651
3363,8652
3971,8653
16554,8654
15804,8655
22199,8656
14570,8657
3975,8658
18894,8659
4069,8660
412,8661
23894,8662
23032,8663
23887,8664
18420,8665
3162,8666
4218,8667
21069,8668
4272,8669
3563,8670
12773,8671
15349,8672
278,8673
3509,8674
4627,8675
2801,8676
21074,8677
4216,8678
22782,8679
20419,8680
23640,8681
18018,8682
23534,8683
4779,8684
4981,8685
5388,8686
16530,8687
17280,8688
21320,8689
23335,8690
352,8691
16429,8692
21925,8693
23698,8694
13257,8695
1393,8696
14050,8697
22931,8698
20973,8699
5480,8700
18807,8701
23552,8702
17795,8703
20298,8704
5649,8705
5684,8706
11980,8707
18397,8708
10818,8709
18739,8710
6083,8711
12657,8712
13450,8713
11861,8714
21659,8715
10796,8716
21140,8717
2037,8718
13325,8719
2758,8720
19622,8721
3449,8722
20421,8723
20969,8724
16271,8725
17193,8726
4811,8727
2060,8728
6412,8729
2862,8730
16857,8731
4578,8732
19546,8733
18666,8734
17947,8735
17868,8736
19624,8737
20967,8738
2071,8739
22775,8740
20423,8741
11579,8742
6047,8743
10648,8744
6561,8745
22070,8746
10995,8747
20407,8748
6240,8749
19611,8750
6985,8751
7004,8752
14839,8753
15146,8754
644,8755
15599,8756
16353,8757
18020,8758
18819,8759
12374,8760
7025,8761
16565,8762
22209,8763
12193,8764
7227,8765
5783,8766
7550,8767
6984,8768
7723,8769
7046,8770
14328,8771
19198,8772
329,8773
642,8774
4315,8775
8128,8776
6409,8777
7093,8778
82,8779
8269,8780
2781,8781
20293,8782
8370,8783
19470,8784
18822,8785
20268,8786
18023,8787
13165,8788
8382,8789
18103,8790
17576,8791
2486,8792
17942,8793
8385,8794
18112,8795
13008,8796
8418,8797
17672,8798
22317,8799
2876,8800
15709,8801
16293,8802
22058,8803
22899,8804
8433,8805
19184,8806
2508,8807
15534,8808
20341,8809
11475,8810
12376,8811
21071,8812
15671,8813
22778,8814
19619,8815
23636,8816
22076,8817
23535,8818
4896,8819
5599,8820
3464,8821
5799,8822
8435,8823
23376,8824
8631,8825
18452,8826
20050,8827
20851,8828
10714,8829
3730,8830
10278,8831
10282,8832
10291,8833
10970,8834
10974,8835
10975,8836
11226,8837
1196,8838
14410,8839
15935,8840
1919,8841
1922,8842
2633,8843
16695,8844
2634,8845
15184,8846
2642,8847
3331,8848
2183,8849
4045,8850
4748,8851
4336,8852
4751,8853
13616,8854
488,8855
489,8856
12028,8857
5044,8858
5057,8859
5145,8860
5846,8861
10276,8862
10962,8863
10563,8864
10963,8865
10967,8866
10971,8867
1199,8868
12831,8869
13952,8870
14744,8871
1918,8872
12823,8873
2190,8874
2637,8875
2645,8876
17437,8877
2900,8878
3333,8879
13622,8880
4037,8881
3627,8882
4038,8883
4342,8884
4410,8885
11587,8886
11246,8887
11590,8888
11592,8889
12379,8890
12380,8891
12383,8892
12385,8893
13174,8894
10564,8895
13175,8896
13176,8897
11240,8898
13178,8899
14763,8900
11225,8901
15186,8902
15521,8903
16273,8904
17779,8905
10548,8906
17781,8907
11221,8908
1826,8909
19379,8910
10547,8911
19382,8912
10533,8913
19383,8914
10530,8915
20179,8916
20180,8917
12031,8918
20977,8919
20983,8920
21828,8921
21831,8922
1459,8923
21836,8924
22681,8925
1467,8926
22683,8927
22691,8928
18196,8929
1831,8930
10528,8931
12820,8932
23538,8933
23541,8934
23542,8935
23543,8936
23547,8937
2913,8938
3614,8939
3623,8940
3628,8941
3632,8942
10866,8943
3635,8944
396,8945
14404,8946
13615,8947
476,8948
5055,8949
5453,8950
10538,8951
5757,8952
5053,8953
5759,8954
6063,8955
12032,8956
6148,8957
6152,8958
5753,8959
6158,8960
6159,8961
2899,8962
6160,8963
6452,8964
6455,8965
6462,8966
1827,8967
13621,8968
12829,8969
4326,8970
12969,8971
1045,8972
19159,8973
16970,8974
20625,8975
19244,8976
18228,8977
2096,8978
6466,8979
6471,8980
6476,8981
6743,8982
4338,8983
6835,8984
6838,8985
6840,8986
6841,8987
12033,8988
7130,8989
7135,8990
7140,8991
7155,8992
10867,8993
1458,8994
727,8995
729,8996
734,8997
735,8998
1457,8999
736,9000
17431,9001
7433,9002
1451,9003
746,9004
10864,9005
10565,9006
747,9007
7520,9008
4345,9009
10865,9010
5761,9011
11244,9012
7525,9013
11230,9014
6061,9015
12827,9016
12035,9017
7530,9018
12822,9019
4667,9020
11213,9021
7788,9022
7793,9023
13806,9024
7795,9025
20821,9026
7819,9027
7823,9028
7829,9029
7831,9030
7832,9031
7432,9032
8013,9033
1780,9034
8029,9035
14523,9036
10965,9037
10557,9038
14697,9039
12053,9040
8113,9041
744,9042
1465,9043
8114,9044
4344,9045
7158,9046
7790,9047
13765,9048
325,9049
13676,9050
20108,9051
7989,9052
8202,9053
8211,9054
11216,9055
397,9056
8216,9057
2898,9058
8308,9059
2817,9060
3429,9061
21169,9062
4137,9063
23732,9064
14826,9065
844,9066
11588,9067
11589,9068
10558,9069
13179,9070
12038,9071
13181,9072
13970,9073
13971,9074
17026,9075
17027,9076
11232,9077
17028,9078
11229,9079
17029,9080
17783,9081
12030,9082
10876,9083
11212,9084
10529,9085
17784,9086
18577,9087
18579,9088
15938,9089
18580,9090
14405,9091
1829,9092
15179,9093
15936,9094
18581,9095
10534,9096
18583,9097
1449,9098
19378,9099
19380,9100
10543,9101
20182,9102
20981,9103
17446,9104
20984,9105
20985,9106
11214,9107
2167,9108
13766,9109
21829,9110
21830,9111
21832,9112
21834,9113
10552,9114
21838,9115
14401,9116
22682,9117
22685,9118
23549,9119
2550,9120
17441,9121
16690,9122
2903,9123
3185,9124
3353,9125
15178,9126
10874,9127
17439,9128
16688,9129
18990,9130
15304,9131
3960,9132
13612,9133
15932,9134
4059,9135
14403,9136
1116,9137
4770,9138
5047,9139
5741,9140
5758,9141
6058,9142
2180,9143
1454,9144
16680,9145
17568,9146
6016,9147
14521,9148
20905,9149
6062,9150
6446,9151
1117,9152
5748,9153
11211,9154
6473,9155
6619,9156
721,9157
20008,9158
1737,9159
15283,9160
1915,9161
22617,9162
7806,9163
8116,9164
6468,9165
7152,9166
5742,9167
24224,9168
7376,9169
22454,9170
21759,9171
17486,9172
16136,9173
19034,9174
3522,9175
2020,9176
22861,9177
1302,9178
14132,9179
15595,9180
11750,9181
13245,9182
8205,9183
8485,9184
4668,9185
7804,9186
8486,9187
2554,9188
6443,9189
7127,9190
718,9191
19982,9192
3207,9193
24150,9194
16225,9195
3088,9196
16897,9197
19021,9198
18758,9199
2738,9200
22011,9201
1299,9202
12541,9203
2017,9204
13338,9205
5536,9206
7532,9207
8487,9208
8490,9209
8495,9210
8120,9211
7814,9212
8500,9213
395,9214
14406,9215
13617,9216
8508,9217
3250,9218
8509,9219
4666,9220
7150,9221
8513,9222
3626,9223
8517,9224
1111,9225
7157,9226
5052,9227
11195,9228
12199,9229
8519,9230
7431,9231
3633,9232
4343,9233
15170,9234
7330,9235
16129,9236
12084,9237
17710,9238
23145,9239
8671,9240
8773,9241
22838,9242
12466,9243
21133,9244
11672,9245
20418,9246
23642,9247
18017,9248
17775,9249
5098,9250
19267,9251
2197,9252
3683,9253
8815,9254
3636,9255
4346,9256
11191,9257
23361,9258
2482,9259
8821,9260
7821,9261
8502,9262
7789,9263
13764,9264
326,9265
15282,9266
19317,9267
4500,9268
8824,9269
6447,9270
7131,9271
20597,9272
20010,9273
1735,9274
24156,9275
13917,9276
17470,9277
4042,9278
8825,9279
8913,9280
8914,9281
737,9282
6742,9283
10559,9284
11242,9285
4327,9286
12970,9287
3895,9288
8928,9289
8945,9290
4187,9291
4884,9292
15683,9293
9008,9294
11060,9295
10490,9296
16922,9297
7092,9298
6408,9299
13563,9300
20879,9301
14353,9302
11984,9303
11981,9304
16836,9305
1030,9306
455,9307
11137,9308
22582,9309
9173,9310
9174,9311
3251,9312
10531,9313
7132,9314
9175,9315
9178,9316
9179,9317
9186,9318
9193,9319
3958,9320
16693,9321
15941,9322
7117,9323
3859,9324
5977,9325
14519,9326
1912,9327
11237,9328
20908,9329
23141,9330
2527,9331
22291,9332
4228,9333
6943,9334
19558,9335
17102,9336
16446,9337
6257,9338
17198,9339
12449,9340
9196,9341
9197,9342
5367,9343
9200,9344
9202,9345
9203,9346
9344,9347
10028,9348
10277,9349
10281,9350
10285,9351
10288,9352
1205,9353
1210,9354
13159,9355
13618,9356
15175,9357
15505,9358
1464,9359
16258,9360
16689,9361
1909,9362
1916,9363
1923,9364
14402,9365
2186,9366
2644,9367
2910,9368
3007,9369
11591,9370
12381,9371
12382,9372
12384,9373
12387,9374
11215,9375
13177,9376
13180,9377
13967,9378
13968,9379
15185,9380
15524,9381
14407,9382
16274,9383
16276,9384
17778,9385
17780,9386
1830,9387
18578,9388
15940,9389
18582,9390
19377,9391
1463,9392
19381,9393
17440,9394
1115,9395
11220,9396
10537,9397
20181,9398
20976,9399
20979,9400
20980,9401
20982,9402
20986,9403
17436,9404
2179,9405
21833,9406
21837,9407
2187,9408
2191,9409
22684,9410
22686,9411
22688,9412
22689,9413
23539,9414
23540,9415
23548,9416
15176,9417
2546,9418
1462,9419
2553,9420
15933,9421
16686,9422
3252,9423
16685,9424
18996,9425
11189,9426
3332,9427
17444,9428
3624,9429
478,9430
5035,9431
5051,9432
5472,9433
10526,9434
5749,9435
3957,9436
4334,9437
2177,9438
5752,9439
6149,9440
6150,9441
5756,9442
6155,9443
6156,9444
6449,9445
6453,9446
10189,9447
6459,9448
6465,9449
6472,9450
6474,9451
6837,9452
2904,9453
7133,9454
7137,9455
7143,9456
10872,9457
10544,9458
11227,9459
3616,9460
733,9461
4665,9462
1455,9463
5049,9464
5038,9465
742,9466
1110,9467
5056,9468
5760,9469
10512,9470
743,9471
10181,9472
2912,9473
2189,9474
7116,9475
14595,9476
7345,9477
7519,9478
6475,9479
7523,9480
732,9481
7812,9482
10875,9483
7134,9484
6450,9485
2890,9486
14556,9487
5302,9488
15279,9489
20922,9490
6609,9491
7529,9492
7813,9493
7815,9494
20595,9495
13746,9496
7826,9497
6060,9498
12039,9499
14411,9500
1443,9501
12198,9502
2460,9503
23310,9504
13112,9505
4039,9506
7148,9507
7833,9508
7838,9509
7430,9510
7159,9511
7987,9512
7417,9513
1654,9514
22012,9515
4843,9516
21159,9517
3428,9518
5544,9519
8115,9520
5048,9521
4337,9522
18191,9523
16063,9524
7387,9525
12141,9526
16215,9527
20631,9528
8118,9529
8207,9530
15183,9531
10871,9532
16692,9533
8210,9534
15934,9535
6748,9536
8212,9537
6448,9538
8214,9539
11209,9540
1832,9541
1448,9542
8469,9543
20793,9544
5305,9545
14508,9546
1920,9547
10532,9548
20121,9549
8491,9550
3959,9551
7810,9552
4333,9553
8494,9554
6451,9555
8497,9556
8505,9557
8511,9558
8803,9559
7979,9560
17958,9561
4850,9562
23717,9563
17854,9564
15687,9565
18652,9566
13340,9567
17093,9568
14827,9569
8816,9570
8518,9571
7836,9572
3618,9573
8818,9574
2902,9575
8512,9576
7115,9577
14594,9578
5979,9579
13730,9580
13109,9581
17485,9582
5450,9583
8819,9584
15942,9585
7828,9586
8922,9587
17443,9588
9073,9589
9150,9590
9152,9591
22499,9592
7377,9593
9155,9594
24242,9595
10107,9596
9172,9597
9180,9598
8119,9599
7816,9600
7138,9601
10510,9602
9182,9603
9183,9604
9188,9605
6433,9606
4568,9607
6661,9608
9189,9609
8820,9610
7824,9611
9190,9612
9206,9613
9375,9614
9400,9615
14911,9616
12464,9617
23699,9618
11670,9619
14049,9620
14956,9621
15715,9622
15516,9623
5710,9624
9421,9625
9454,9626
16039,9627
10977,9628
22624,9629
13635,9630
13830,9631
12047,9632
2816,9633
1301,9634
2095,9635
2739,9636
22020,9637
582,9638
22873,9639
19452,9640
9484,9641
23143,9642
19560,9643
2736,9644
20358,9645
2015,9646
17972,9647
4135,9648
18771,9649
21903,9650
9485,9651
5900,9652
1381,9653
9024,9654
661,9655
2016,9656
14133,9657
9496,9658
1466,9659
745,9660
7794,9661
10752,9662
6662,9663
16767,9664
20107,9665
3800,9666
9497,9667
11245,9668
9499,9669
7154,9670
6470,9671
9157,9672
9385,9673
276,9674
13733,9675
10279,9676
22607,9677
22295,9678
7415,9679
14434,9680
23722,9681
2737,9682
22864,9683
1298,9684
20370,9685
579,9686
19572,9687
6918,9688
13240,9689
8514,9690
9500,9691
5751,9692
731,9693
9501,9694
12830,9695
10550,9696
7111,9697
19995,9698
9504,9699
7139,9700
12825,9701
18992,9702
18413,9703
297,9704
22444,9705
10290,9706
23479,9707
15963,9708
13038,9709
15204,9710
20356,9711
16349,9712
17959,9713
1303,9714
18769,9715
584,9716
19570,9717
16338,9718
9506,9719
11217,9720
9177,9721
11193,9722
21661,9723
6678,9724
9507,9725
9593,9726
2916,9727
1823,9728
2915,9729
9594,9730
11247,9731
8814,9732
9595,9733
5054,9734
9498,9735
740,9736
1461,9737
5040,9738
13807,9739
9394,9740
23215,9741
13105,9742
2373,9743
15379,9744
5913,9745
4936,9746
1300,9747
21158,9748
2018,9749
4940,9750
6254,9751
5643,9752
14823,9753
9596,9754
7156,9755
6057,9756
9597,9757
11241,9758
8817,9759
9598,9760
1456,9761
1112,9762
2905,9763
9599,9764
2178,9765
9600,9766
10555,9767
6744,9768
17445,9769
16694,9770
6427,9771
9601,9772
9602,9773
9604,9774
14408,9775
9605,9776
15181,9777
9606,9778
10542,9779
2551,9780
6457,9781
7141,9782
9621,9783
2792,9784
1334,9785
2866,9786
9626,9787
4190,9788
614,9789
9117,9790
15420,9791
14375,9792
9632,9793
18177,9794
9633,9795
6386,9796
21722,9797
10462,9798
9640,9799
7560,9800
23779,9801
21843,9802
22695,9803
2787,9804
621,9805
5606,9806
9641,9807
8958,9808
22061,9809
9648,9810
20583,9811
11487,9812
14366,9813
11997,9814
9649,9815
22263,9816
20871,9817
23124,9818
967,9819
19223,9820
4628,9821
17546,9822
14769,9823
17518,9824
11061,9825
12485,9826
14043,9827
14072,9828
14906,9829
11456,9830
12248,9831
14846,9832
16141,9833
16176,9834
12000,9835
17404,9836
19030,9837
19369,9838
19481,9839
14902,9840
15608,9841
17170,9842
16362,9843
17114,9844
19829,9845
10026,9846
12351,9847
12352,9848
15493,9849
16628,9850
19348,9851
20562,9852
21976,9853
11681,9854
19529,9855
13267,9856
14060,9857
3562,9858
3601,9859
3791,9860
4197,9861
4502,9862
3795,9863
13940,9864
19762,9865
21796,9866
23508,9867
3728,9868
5727,9869
4670,9870
11178,9871
12797,9872
19398,9873
12763,9874
20083,9875
20996,9876
22699,9877
14342,9878
17685,9879
12762,9880
5905,9881
10711,9882
14731,9883
20146,9884
20947,9885
23112,9886
23973,9887
3561,9888
6303,9889
13279,9890
6304,9891
13278,9892
678,9893
679,9894
680,9895
6889,9896
6989,9897
14861,9898
15621,9899
15905,9900
16656,9901
7044,9902
7645,9903
3489,9904
7777,9905
8132,9906
17408,9907
11608,9908
11963,9909
13085,9910
13545,9911
14784,9912
16605,9913
22587,9914
15098,9915
14333,9916
16599,9917
13758,9918
23560,9919
11965,9920
21733,9921
16609,9922
15859,9923
15092,9924
19195,9925
1766,9926
12124,9927
16985,9928
21777,9929
5890,9930
16899,9931
8257,9932
8295,9933
6242,9934
5698,9935
11489,9936
15426,9937
17679,9938
4995,9939
4284,9940
16626,9941
17061,9942
17066,9943
18113,9944
18914,9945
18494,9946
7063,9947
6379,9948
11135,9949
17815,9950
4963,9951
8328,9952
7667,9953
6276,9954
5669,9955
6962,9956
3551,9957
5380,9958
4260,9959
11039,9960
1261,9961
15027,9962
22191,9963
2700,9964
19703,9965
20897,9966
12678,9967
3974,9968
23914,9969
17282,9970
11878,9971
8352,9972
8355,9973
14071,9974
12005,9975
14860,9976
17409,9977
14658,9978
16657,9979
1969,9980
12758,9981
17686,9982
14339,9983
13549,9984
21848,9985
3383,9986
6360,9987
23441,9988
16613,9989
8401,9990
13083,9991
7043,9992
4979,9993
17352,9994
24250,9995
8458,9996
3256,9997
3599,9998
15147,9999
12402,10000
15100,10001
17687,10002
16607,10003
12754,10004
15849,10005
20999,10006
23352,10007
23558,10008
15862,10009
23442,10010
17363,10011
18151,10012
21391,10013
21638,10014
19236,10015
11535,10016
2366,10017
8969,10018
18915,10019
5381,10020
9009,10021
19773,10022
13076,10023
16181,10024
16638,10025
17390,10026
11983,10027
13214,10028
13500,10029
18479,10030
18968,10031
18168,10032
14798,10033
14289,10034
15874,10035
16314,10036
13499,10037
20576,10038
21406,10039
13562,10040
14796,10041
11919,10042
5382,10043
12708,10044
11917,10045
19718,10046
12963,10047
3901,10048
6204,10049
14291,10050
20093,10051
13501,10052
7574,10053
14290,10054
3969,10055
11918,10056
12709,10057
20519,10058
12168,10059
4607,10060
22421,10061
446,10062
20638,10063
13033,10064
15981,10065
9011,10066
12760,10067
11498,10068
10446,10069
11130,10070
14671,10071
17366,10072
16615,10073
18484,10074
15107,10075
15864,10076
1973,10077
13468,10078
19730,10079
21364,10080
23080,10081
3387,10082
16532,10083
4805,10084
18096,10085
542,10086
12675,10087
3267,10088
8272,10089
16533,10090
5387,10091
17283,10092
11883,10093
14255,10094
12154,10095
8987,10096
22190,10097
8138,10098
21334,10099
23913,10100
18095,10101
8691,10102
6703,10103
12918,10104
3292,10105
18211,10106
12260,10107
15958,10108
8293,10109
18809,10110
527,10111
5492,10112
22915,10113
22706,10114
21854,10115
19500,10116
18688,10117
16400,10118
2040,10119
12510,10120
2761,10121
14097,10122
7648,10123
17308,10124
8331,10125
16558,10126
19296,10127
15051,10128
548,10129
13455,10130
1846,10131
11869,10132
5513,10133
16526,10134
411,10135
18090,10136
20492,10137
18886,10138
16813,10139
354,10140
11536,10141
11415,10142
15396,10143
24158,10144
13128,10145
18889,10146
9088,10147
13084,10148
9677,10149
19693,10150
1132,10151
21321,10152
16525,10153
9707,10154
11751,10155
14036,10156
9755,10157
16337,10158
9773,10159
9093,10160
9783,10161
7740,10162
6887,10163
22210,10164
9096,10165
9652,10166
21355,10167
4679,10168
23934,10169
5665,10170
19719,10171
12214,10172
5983,10173
9784,10174
15425,10175
2859,10176
2137,10177
2129,10178
19981,10179
3208,10180
24162,10181
21770,10182
19013,10183
13047,10184
17464,10185
15951,10186
23419,10187
4411,10188
23530,10189
21966,10190
3703,10191
14842,10192
15633,10193
15670,10194
15602,10195
16427,10196
17770,10197
15632,10198
21932,10199
21132,10200
21079,10201
14904,10202
14057,10203
20327,10204
15609,10205
17926,10206
14849,10207
17115,10208
3463,10209
15631,10210
16380,10211
11119,10212
5724,10213
6286,10214
13289,10215
21937,10216
18767,10217
703,10218
19272,10219
1425,10220
12004,10221
18600,10222
15102,10223
18602,10224
20882,10225
21001,10226
15856,10227
11500,10228
14334,10229
11962,10230
13537,10231
23970,10232
20883,10233
11127,10234
7327,10235
8073,10236
23288,10237
14718,10238
8166,10239
20614,10240
8399,10241
15101,10242
14327,10243
6644,10244
7390,10245
12123,10246
3999,10247
19816,10248
6820,10249
9087,10250
22245,10251
16812,10252
8774,10253
12117,10254
440,10255
3081,10256
6730,10257
9653,10258
9692,10259
2007,10260
1410,10261
13077,10262
14665,10263
16182,10264
13570,10265
14360,10266
16624,10267
17063,10268
17067,10269
16561,10270
17311,10271
18169,10272
18969,10273
405,10274
15811,10275
15054,10276
23069,10277
14534,10278
16131,10279
689,10280
5697,10281
12423,10282
15810,10283
17375,10284
14802,10285
16560,10286
1126,10287
17310,10288
11916,10289
3547,10290
12153,10291
6704,10292
12106,10293
10249,10294
3804,10295
7727,10296
8968,10297
16562,10298
8970,10299
17312,10300
4680,10301
15055,10302
15812,10303
23931,10304
13744,10305
355,10306
9482,10307
5918,10308
21197,10309
10433,10310
17126,10311
5609,10312
6270,10313
4906,10314
6956,10315
12796,10316
7639,10317
13584,10318
14659,10319
14374,10320
12406,10321
11126,10322
19404,10323
20084,10324
23562,10325
12753,10326
12292,10327
6357,10328
17356,10329
21390,10330
17564,10331
9456,10332
7485,10333
2353,10334
9766,10335
9086,10336
17349,10337
16059,10338
10824,10339
18345,10340
19333,10341
10442,10342
444,10343
7289,10344
9767,10345
21734,10346
8398,10347
6356,10348
16598,10349
15301,10350
10140,10351
1161,10352
14497,10353
17731,10354
22280,10355
21694,10356
7717,10357
9785,10358
20872,10359
9788,10360
21402,10361
16109,10362
8714,10363
22457,10364
16214,10365
5155,10366
23406,10367
888,10368
1375,10369
15522,10370
20178,10371
13619,10372
22758,10373
23544,10374
11236,10375
4335,10376
10868,10377
4842,10378
23723,10379
11077,10380
17199,10381
655,10382
23616,10383
23735,10384
5557,10385
22877,10386
4834,10387
23614,10388
23693,10389
2798,10390
6746,10391
15939,10392
15182,10393
4328,10394
17613,10395
8117,10396
10553,10397
8713,10398
9023,10399
16447,10400
14032,10401
9789,10402
8414,10403
22498,10404
1046,10405
14464,10406
13106,10407
6183,10408
909,10409
15391,10410
23990,10411
3571,10412
20858,10413
7244,10414
2107,10415
23777,10416
6179,10417
3488,10418
7609,10419
18010,10420
9790,10421
12781,10422
12219,10423
10762,10424
13675,10425
16212,10426
1611,10427
12256,10428
5859,10429
12386,10430
13935,10431
14762,10432
1547,10433
16691,10434
18464,10435
22687,10436
13623,10437
2807,10438
21059,10439
21145,10440
19462,10441
13349,10442
21911,10443
14141,10444
15576,10445
1359,10446
17083,10447
18736,10448
2735,10449
1382,10450
3426,10451
14930,10452
4134,10453
15690,10454
11654,10455
12448,10456
18731,10457
6456,10458
10188,10459
7434,10460
7435,10461
17442,10462
6461,10463
13609,10464
16110,10465
8499,10466
7818,10467
14398,10468
10067,10469
9297,10470
11602,10471
18009,10472
2988,10473
1229,10474
10317,10475
2105,10476
21215,10477
10310,10478
1227,10479
2666,10480
3481,10481
4062,10482
4087,10483
508,10484
511,10485
2669,10486
22916,10487
5479,10488
4778,10489
22920,10490
21842,10491
5490,10492
4789,10493
22062,10494
22700,10495
5598,10496
21086,10497
16440,10498
667,10499
7556,10500
8238,10501
23780,10502
5498,10503
9631,10504
9791,10505
9111,10506
23119,10507
13805,10508
9838,10509
16863,10510
9848,10511
985,10512
16241,10513
20439,10514
9851,10515
9170,10516
9853,10517
10191,10518
8489,10519
9855,10520
5739,10521
16817,10522
3915,10523
16036,10524
20122,10525
1647,10526
16143,10527
929,10528
21154,10529
1305,10530
2092,10531
4851,10532
11749,10533
5552,10534
17195,10535
2005,10536
9610,10537
8492,10538
2552,10539
13614,10540
9856,10541
9833,10542
21644,10543
3897,10544
9857,10545
9176,10546
9859,10547
3619,10548
19224,10549
9393,10550
9860,10551
10536,10552
8467,10553
4565,10554
23403,10555
16795,10556
23481,10557
4493,10558
11452,10559
3786,10560
3524,10561
4845,10562
4231,10563
5546,10564
21167,10565
581,10566
14131,10567
17848,10568
6157,10569
8496,10570
9505,10571
9862,10572
7817,10573
17432,10574
24244,10575
10105,10576
21589,10577
10976,10578
11223,10579
22622,10580
6612,10581
19245,10582
10748,10583
22008,10584
9863,10585
1114,10586
11224,10587
10541,10588
4329,10589
18421,10590
8711,10591
9864,10592
16679,10593
16062,10594
6017,10595
22446,10596
20914,10597
15968,10598
3938,10599
14428,10600
2094,10601
583,10602
2815,10603
6942,10604
14926,10605
7626,10606
17196,10607
20249,10608
9865,10609
9184,10610
15169,10611
17567,10612
16130,10613
21591,10614
19318,10615
24002,10616
14622,10617
13640,10618
22009,10619
16348,10620
21156,10621
17101,10622
12542,10623
17852,10624
16444,10625
11050,10626
18648,10627
4835,10628
17176,10629
9866,10630
10187,10631
15937,10632
15180,10633
5037,10634
23359,10635
8060,10636
13724,10637
13909,10638
13636,10639
11450,10640
14427,10641
20357,10642
10392,10643
19559,10644
2638,10645
9025,10646
12543,10647
9185,10648
9708,10649
22874,10650
13244,10651
9867,10652
9503,10653
11228,10654
10545,10655
9869,10656
9502,10657
11231,10658
12036,10659
987,10660
7396,10661
2411,10662
9870,10663
14395,10664
8012,10665
15375,10666
16798,10667
17715,10668
14432,10669
15381,10670
4503,10671
4229,10672
9026,10673
3521,10674
7627,10675
16442,10676
8311,10677
15685,10678
6234,10679
9603,10680
12037,10681
2549,10682
9871,10683
7825,10684
8470,10685
14554,10686
5304,10687
23309,10688
10284,10689
11233,10690
1113,10691
23471,10692
3793,10693
16138,10694
7985,10695
1379,10696
3430,10697
659,10698
4846,10699
16445,10700
5547,10701
15688,10702
17092,10703
9873,10704
6745,10705
11235,10706
6464,10707
11194,10708
23378,10709
9874,10710
5039,10711
16862,10712
10761,10713
9875,10714
10869,10715
9194,10716
11238,10717
18991,10718
13747,10719
8070,10720
19959,10721
20112,10722
19833,10723
12243,10724
15975,10725
23718,10726
4141,10727
21155,10728
4849,10729
20367,10730
5550,10731
14925,10732
17094,10733
9876,10734
10507,10735
22500,10736
3187,10737
21599,10738
1911,10739
20907,10740
19830,10741
16891,10742
18231,10743
21157,10744
4139,10745
22010,10746
2019,10747
14134,10748
2740,10749
14928,10750
16339,10751
15585,10752
11658,10753
15667,10754
7830,10755
6059,10756
9877,10757
11190,10758
21645,10759
9878,10760
2181,10761
3617,10762
12175,10763
4601,10764
16800,10765
10280,10766
13901,10767
3797,10768
5050,10769
6042,10770
7304,10771
5637,10772
11079,10773
4934,10774
10393,10775
22021,10776
9709,10777
13339,10778
14037,10779
12453,10780
16424,10781
17111,10782
5694,10783
13063,10784
6434,10785
522,10786
17791,10787
19763,10788
20190,10789
18956,10790
21728,10791
20564,10792
21397,10793
23437,10794
4086,10795
15122,10796
12288,10797
15879,10798
19761,10799
17372,10800
7048,10801
22491,10802
7382,10803
19898,10804
21798,10805
6793,10806
24010,10807
15378,10808
21448,10809
8962,10810
21210,10811
13985,10812
9518,10813
4254,10814
1135,10815
18766,10816
23016,10817
14018,10818
15569,10819
12625,10820
16497,10821
21035,10822
20452,10823
10219,10824
15744,10825
14985,10826
16496,10827
14547,10828
3984,10829
11831,10830
14209,10831
5310,10832
22372,10833
12309,10834
21425,10835
17650,10836
6588,10837
20610,10838
10271,10839
10959,10840
10426,10841
11571,10842
12443,10843
14890,10844
16912,10845
11372,10846
18461,10847
18801,10848
12262,10849
1953,10850
21206,10851
22275,10852
22276,10853
22564,10854
23570,10855
22712,10856
2989,10857
3352,10858
4033,10859
4195,10860
4744,10861
15644,10862
4903,10863
11097,10864
17968,10865
11063,10866
6174,10867
2159,10868
16165,10869
6987,10870
711,10871
1433,10872
4305,10873
7545,10874
18188,10875
10883,10876
19793,10877
22271,10878
3595,10879
17573,10880
1056,10881
7820,10882
1568,10883
11340,10884
12539,10885
13188,10886
18187,10887
3961,10888
19792,10889
20592,10890
5016,10891
19988,10892
6857,10893
6422,10894
7921,10895
8230,10896
10503,10897
6752,10898
8604,10899
2218,10900
3952,10901
3572,10902
14666,10903
2563,10904
13488,10905
12697,10906
23050,10907
1278,10908
13437,10909
14806,10910
1994,10911
15764,10912
3407,10913
18080,10914
3409,10915
15004,10916
4992,10917
4682,10918
1384,10919
11049,10920
10365,10921
12650,10922
17819,10923
18619,10924
15008,10925
19716,10926
1271,10927
15788,10928
21180,10929
3402,10930
2711,10931
20483,10932
15444,10933
13445,10934
18629,10935
14218,10936
1854,10937
12633,10938
11840,10939
15746,10940
16826,10941
20228,10942
11841,10943
22734,10944
22999,10945
10217,10946
11839,10947
3405,10948
22033,10949
2723,10950
4107,10951
21179,10952
4108,10953
23744,10954
23588,10955
21025,10956
17266,10957
421,10958
23000,10959
4815,10960
20379,10961
22728,10962
18625,10963
13438,10964
4954,10965
14987,10966
19199,10967
5393,10968
15005,10969
20236,10970
14972,10971
21892,10972
22744,10973
14191,10974
22959,10975
2583,10976
16487,10977
12602,10978
427,10979
19642,10980
22105,10981
20436,10982
22495,10983
4695,10984
21248,10985
14188,10986
14969,10987
21640,10988
5517,10989
23743,10990
16321,10991
17074,10992
554,10993
1273,10994
17270,10995
565,10996
22153,10997
3980,10998
14229,10999
14811,11000
11808,11001
1861,11002
13395,11003
18638,11004
22745,11005
13396,11006
22955,11007
6010,11008
16199,11009
16729,11010
19136,11011
23494,11012
13426,11013
6231,11014
6331,11015
16499,11016
6335,11017
6694,11018
17700,11019
17482,11020
14621,11021
15213,11022
3515,11023
17180,11024
21910,11025
20349,11026
21058,11027
17202,11028
21926,11029
16428,11030
14051,11031
21073,11032
22934,11033
23621,11034
16450,11035
17846,11036
11653,11037
23615,11038
23794,11039
13169,11040
5253,11041
20138,11042
6916,11043
11849,11044
1137,11045
692,11046
7001,11047
7002,11048
7019,11049
1849,11050
16512,11051
11640,11052
21036,11053
12617,11054
21261,11055
21887,11056
19648,11057
6779,11058
15737,11059
14978,11060
19637,11061
24220,11062
6009,11063
6791,11064
7468,11065
14980,11066
17246,11067
18033,11068
7811,11069
19391,11070
20382,11071
6414,11072
18593,11073
19583,11074
13222,11075
8144,11076
15763,11077
15570,11078
17838,11079
19639,11080
1862,11081
14184,11082
13392,11083
18831,11084
21041,11085
12621,11086
10906,11087
18048,11088
20450,11089
18032,11090
13761,11091
15371,11092
13889,11093
12048,11094
12244,11095
17475,11096
18752,11097
17855,11098
17954,11099
18653,11100
13346,11101
19457,11102
14138,11103
21049,11104
18646,11105
17177,11106
21247,11107
3986,11108
22957,11109
23817,11110
12593,11111
21641,11112
5625,11113
21929,11114
4922,11115
20275,11116
21076,11117
2110,11118
22077,11119
21824,11120
815,11121
11603,11122
17040,11123
12490,11124
21960,11125
3359,11126
4064,11127
22818,11128
503,11129
21963,11130
6988,11131
8283,11132
7599,11133
17271,11134
14682,11135
21306,11136
12431,11137
13430,11138
1140,11139
11844,11140
22736,11141
23596,11142
14225,11143
10899,11144
23869,11145
10212,11146
22150,11147
1395,11148
11835,11149
18398,11150
16126,11151
12301,11152
19821,11153
4956,11154
22992,11155
19993,11156
10817,11157
15448,11158
19924,11159
4490,11160
7696,11161
15757,11162
23852,11163
20792,11164
328,11165
6788,11166
19022,11167
7418,11168
20619,11169
17788,11170
20308,11171
21152,11172
17943,11173
22779,11174
18741,11175
21072,11176
1394,11177
23637,11178
22079,11179
17772,11180
20172,11181
588,11182
23715,11183
1307,11184
14934,11185
2025,11186
15694,11187
20245,11188
2727,11189
7682,11190
8379,11191
17078,11192
18634,11193
16494,11194
21265,11195
21888,11196
22117,11197
424,11198
11825,11199
12618,11200
19636,11201
15317,11202
7381,11203
14686,11204
19128,11205
20940,11206
17245,11207
5891,11208
8659,11209
8854,11210
14210,11211
21271,11212
15741,11213
13757,11214
333,11215
8856,11216
23835,11217
22975,11218
15727,11219
16073,11220
6695,11221
14687,11222
3777,11223
6729,11224
21430,11225
4221,11226
13324,11227
11668,11228
19466,11229
21138,11230
22776,11231
22078,11232
23634,11233
21223,11234
21823,11235
5632,11236
17864,11237
18662,11238
21172,11239
22025,11240
23613,11241
19449,11242
17936,11243
21901,11244
17178,11245
8365,11246
8859,11247
8901,11248
8933,11249
8937,11250
8501,11251
6747,11252
7142,11253
6458,11254
10451,11255
13068,11256
13594,11257
14384,11258
17385,11259
12420,11260
17802,11261
16581,11262
19275,11263
11163,11264
10480,11265
16297,11266
17386,11267
16305,11268
18601,11269
1970,11270
12732,11271
20070,11272
12808,11273
10481,11274
14782,11275
21002,11276
21404,11277
18613,11278
21851,11279
22239,11280
22709,11281
23098,11282
23953,11283
13884,11284
18132,11285
18933,11286
14297,11287
21639,11288
3555,11289
4261,11290
4605,11291
23267,11292
12894,11293
15241,11294
16000,11295
17803,11296
18268,11297
23091,11298
24211,11299
2599,11300
3073,11301
4967,11302
14676,11303
3552,11304
2841,11305
13507,11306
22494,11307
18433,11308
6348,11309
7708,11310
11505,11311
7031,11312
6347,11313
11925,11314
14550,11315
5307,11316
3838,11317
15544,11318
4546,11319
21499,11320
14457,11321
24042,11322
23347,11323
6114,11324
8069,11325
7386,11326
8389,11327
8998,11328
15009,11329
6771,11330
17269,11331
1286,11332
13224,11333
16507,11334
1852,11335
14996,11336
14222,11337
11836,11338
12967,11339
14611,11340
19428,11341
3840,11342
18541,11343
15755,11344
4251,11345
7464,11346
20467,11347
18064,11348
12629,11349
12172,11350
1762,11351
6790,11352
8159,11353
8378,11354
1139,11355
9147,11356
9228,11357
10326,11358
1236,11359
19510,11360
1952,11361
11698,11362
4070,11363
21110,11364
4881,11365
19522,11366
514,11367
23676,11368
2774,11369
16406,11370
5583,11371
14893,11372
5586,11373
12515,11374
6302,11375
7642,11376
11974,11377
8239,11378
21107,11379
5585,11380
15653,11381
14862,11382
12765,11383
925,11384
9319,11385
814,11386
16286,11387
8227,11388
15167,11389
10197,11390
16677,11391
8228,11392
10499,11393
6754,11394
8462,11395
8832,11396
9143,11397
9348,11398
15194,11399
13192,11400
23754,11401
9371,11402
20043,11403
19814,11404
13378,11405
11584,11406
22675,11407
2648,11408
6312,11409
14847,11410
6327,11411
23578,11412
17055,11413
17057,11414
17332,11415
22719,11416
16587,11417
21740,11418
17338,11419
15080,11420
21357,11421
20790,11422
23100,11423
23453,11424
15074,11425
15831,11426
19723,11427
19197,11428
10134,11429
19937,11430
20736,11431
17513,11432
12074,11433
22333,11434
23348,11435
15373,11436
14613,11437
2559,11438
2594,11439
3782,11440
5306,11441
16775,11442
16018,11443
17722,11444
17799,11445
12736,11446
5195,11447
6998,11448
8002,11449
8101,11450
5896,11451
10274,11452
10368,11453
14039,11454
18000,11455
21839,11456
1357,11457
472,11458
4916,11459
15607,11460
5648,11461
6311,11462
7252,11463
13247,11464
15588,11465
1588,11466
18799,11467
11621,11468
12415,11469
14792,11470
15834,11471
13883,11472
1936,11473
19416,11474
20547,11475
3341,11476
637,11477
5567,11478
20399,11479
6997,11480
4866,11481
17999,11482
15551,11483
13208,11484
11939,11485
15552,11486
14306,11487
13091,11488
18491,11489
17331,11490
16580,11491
11124,11492
12170,11493
1764,11494
20213,11495
21375,11496
22230,11497
12716,11498
13760,11499
3190,11500
21558,11501
13198,11502
24129,11503
15999,11504
15240,11505
23182,11506
15314,11507
10822,11508
10138,11509
3300,11510
11427,11511
4264,11512
4644,11513
4677,11514
2122,11515
2844,11516
10440,11517
12965,11518
7032,11519
18492,11520
8686,11521
24043,11522
21634,11523
6697,11524
6013,11525
9447,11526
18499,11527
4552,11528
13135,11529
22103,11530
6615,11531
15382,11532
23142,11533
21148,11534
18656,11535
2087,11536
21137,11537
12463,11538
22761,11539
13344,11540
23700,11541
13256,11542
17869,11543
2111,11544
2833,11545
19373,11546
20971,11547
11747,11548
593,11549
14136,11550
17088,11551
15581,11552
4919,11553
6177,11554
23673,11555
6316,11556
8955,11557
22815,11558
4882,11559
18144,11560
9452,11561
8770,11562
9512,11563
7784,11564
4321,11565
9537,11566
13412,11567
12619,11568
9538,11569
14202,11570
13410,11571
18832,11572
23356,11573
6693,11574
16203,11575
9372,11576
11457,11577
10742,11578
1226,11579
16430,11580
17904,11581
22839,11582
1321,11583
23625,11584
23697,11585
2038,11586
2759,11587
2832,11588
650,11589
4863,11590
12547,11591
5564,11592
11755,11593
6233,11594
12447,11595
14034,11596
14822,11597
16344,11598
15590,11599
1525,11600
5622,11601
17108,11602
15665,11603
6315,11604
12469,11605
21979,11606
673,11607
23533,11608
6876,11609
13285,11610
4883,11611
17158,11612
7684,11613
13262,11614
21126,11615
17112,11616
2154,11617
5372,11618
4311,11619
20395,11620
15540,11621
17991,11622
666,11623
8325,11624
21392,11625
9542,11626
21245,11627
22100,11628
11800,11629
16075,11630
10815,11631
1155,11632
19028,11633
20040,11634
15210,11635
15526,11636
14765,11637
3356,11638
4188,11639
653,11640
11009,11641
11736,11642
12389,11643
16382,11644
3441,11645
2810,11646
4149,11647
22026,11648
4857,11649
21173,11650
19448,11651
11051,11652
17097,11653
18644,11654
16426,11655
13261,11656
17174,11657
18734,11658
2249,11659
17666,11660
22787,11661
16422,11662
5351,11663
11330,11664
10375,11665
10488,11666
15535,11667
2069,11668
21939,11669
5566,11670
19540,11671
6260,11672
18818,11673
6946,11674
19620,11675
22676,11676
20972,11677
13963,11678
16441,11679
1289,11680
15592,11681
7119,11682
10194,11683
6435,11684
15537,11685
13364,11686
14776,11687
2824,11688
7548,11689
17134,11690
2052,11691
18153,11692
9000,11693
7000,11694
14056,11695
14905,11696
16360,11697
2151,11698
20068,11699
6415,11700
12567,11701
16468,11702
12410,11703
11616,11704
23755,11705
7564,11706
4281,11707
12285,11708
2134,11709
20206,11710
21096,11711
7612,11712
23773,11713
16299,11714
17052,11715
15650,11716
13281,11717
21970,11718
14074,11719
21117,11720
14863,11721
14099,11722
15623,11723
13306,11724
16375,11725
14281,11726
18497,11727
21350,11728
1988,11729
15014,11730
10893,11731
16522,11732
18884,11733
23025,11734
24215,11735
20032,11736
3401,11737
21314,11738
553,11739
15771,11740
6769,11741
20486,11742
18084,11743
9140,11744
18471,11745
9524,11746
13448,11747
14240,11748
9620,11749
7105,11750
10196,11751
5735,11752
3610,11753
2871,11754
9645,11755
23660,11756
3472,11757
17215,11758
7593,11759
9721,11760
10461,11761
23431,11762
23972,11763
11144,11764
14789,11765
14150,11766
21729,11767
7718,11768
14670,11769
18486,11770
13529,11771
15857,11772
19729,11773
20082,11774
20086,11775
14319,11776
11947,11777
15807,11778
11046,11779
13356,11780
20552,11781
17368,11782
11634,11783
20384,11784
20889,11785
19751,11786
11945,11787
11040,11788
11913,11789
11047,11790
14943,11791
15702,11792
23105,11793
16942,11794
15085,11795
17342,11796
19758,11797
17818,11798
18923,11799
19582,11800
2839,11801
1977,11802
19585,11803
1277,11804
3388,11805
14942,11806
4974,11807
1123,11808
15868,11809
14012,11810
22893,11811
4965,11812
5677,11813
3559,11814
13495,11815
1984,11816
15703,11817
543,11818
14944,11819
6218,11820
20381,11821
15565,11822
6338,11823
2705,11824
14149,11825
6902,11826
14148,11827
4826,11828
4118,11829
11857,11830
7600,11831
8284,11832
23881,11833
8285,11834
7601,11835
14228,11836
8983,11837
23751,11838
19422,11839
8986,11840
13357,11841
5526,11842
9097,11843
17065,11844
13358,11845
9526,11846
14235,11847
19432,11848
22135,11849
10218,11850
22737,11851
17261,11852
10213,11853
12640,11854
13433,11855
12628,11856
23595,11857
20471,11858
10898,11859
23854,11860
22994,11861
14213,11862
9671,11863
15701,11864
4827,11865
5528,11866
15767,11867
9527,11868
19681,11869
20225,11870
18863,11871
3416,11872
21287,11873
1853,11874
23001,11875
18860,11876
17250,11877
12966,11878
10816,11879
13891,11880
4833,11881
2836,11882
10901,11883
22143,11884
23002,11885
5179,11886
8145,11887
23864,11888
21290,11889
22993,11890
14551,11891
979,11892
981,11893
9813,11894
15415,11895
9133,11896
8450,11897
9775,11898
21730,11899
9095,11900
14352,11901
7725,11902
22489,11903
10136,11904
1176,11905
15783,11906
20097,11907
22189,11908
14258,11909
21022,11910
11764,11911
11636,11912
12430,11913
19676,11914
9821,11915
21010,11916
14156,11917
13218,11918
23554,11919
17995,11920
3385,11921
4093,11922
20390,11923
10348,11924
6899,11925
14945,11926
9655,11927
21191,11928
8276,11929
7592,11930
15704,11931
1992,11932
2714,11933
16397,11934
17883,11935
17149,11936
18681,11937
17915,11938
19485,11939
10422,11940
20283,11941
12505,11942
14077,11943
12641,11944
5395,11945
4959,11946
11641,11947
11819,11948
18635,11949
19645,11950
1147,11951
14977,11952
20235,11953
14196,11954
6095,11955
12611,11956
11818,11957
17234,11958
7469,11959
18841,11960
18042,11961
14968,11962
9818,11963
14785,11964
21205,11965
22714,11966
23573,11967
3531,11968
7669,11969
9654,11970
10338,11971
17989,11972
6221,11973
6906,11974
11112,11975
6967,11976
9062,11977
6281,11978
9726,11979
11952,11980
11503,11981
13088,11982
14323,11983
13533,11984
12706,11985
11044,11986
15778,11987
17347,11988
18148,11989
22590,11990
13534,11991
14324,11992
15053,11993
5508,11994
18891,11995
4687,11996
6901,11997
12667,11998
7702,11999
1982,12000
11874,12001
3269,12002
14252,12003
13460,12004
23036,12005
24214,12006
2490,12007
8270,12008
13461,12009
8277,12010
14253,12011
19299,12012
21328,12013
9744,12014
7650,12015
13447,12016
8333,12017
12654,12018
8843,12019
14239,12020
9879,12021
9198,12022
10513,12023
17614,12024
10076,12025
988,12026
19243,12027
18738,12028
10313,12029
1351,12030
5487,12031
631,12032
1340,12033
5683,12034
19281,12035
4980,12036
4270,12037
13559,12038
7629,12039
23696,12040
13259,12041
1392,12042
14052,12043
2109,12044
18574,12045
19375,12046
15519,12047
11748,12048
9494,12049
1430,12050
2920,12051
15165,12052
521,12053
3479,12054
6070,12055
1417,12056
6884,12057
4186,12058
19491,12059
11977,12060
16939,12061
12768,12062
13558,12063
11955,12064
3152,12065
708,12066
13587,12067
20194,12068
21097,12069
5497,12070
21950,12071
21942,12072
4976,12073
13880,12074
9516,12075
18180,12076
11484,12077
2849,12078
13080,12079
12767,12080
17683,12081
18980,12082
13566,12083
23575,12084
1347,12085
2694,12086
627,12087
17892,12088
695,12089
14781,12090
22801,12091
23123,12092
21012,12093
21948,12094
18689,12095
13503,12096
20896,12097
14293,12098
11920,12099
21352,12100
22476,12101
8411,12102
10444,12103
14011,12104
21945,12105
3386,12106
21092,12107
1344,12108
20506,12109
8137,12110
19706,12111
18901,12112
23909,12113
9085,12114
11976,12115
10340,12116
12294,12117
18939,12118
23655,12119
6215,12120
22797,12121
4181,12122
9765,12123
7715,12124
19721,12125
3395,12126
23654,12127
4807,12128
5594,12129
18691,12130
20487,12131
413,12132
19688,12133
9880,12134
10183,12135
7834,12136
8515,12137
15927,12138
16816,12139
16883,12140
13674,12141
13899,12142
19035,12143
2631,12144
8098,12145
24005,12146
19557,12147
4142,12148
18756,12149
3434,12150
18768,12151
5551,12152
19569,12153
15587,12154
16341,12155
6919,12156
23689,12157
16359,12158
2856,12159
8829,12160
7118,12161
1954,12162
22918,12163
2676,12164
21949,12165
2678,12166
20990,12167
22251,12168
11495,12169
21396,12170
23974,12171
11979,12172
3380,12173
18154,12174
13081,12175
18955,12176
23111,12177
4796,12178
21395,12179
17681,12180
22250,12181
15878,12182
10450,12183
19182,12184
5483,12185
5962,12186
4630,12187
6021,12188
6200,12189
6634,12190
20105,12191
6625,12192
13034,12193
6885,12194
18787,12195
8349,12196
9199,12197
941,12198
15200,12199
16924,12200
18072,12201
17191,12202
9881,12203
1825,12204
11243,12205
10560,12206
7112,12207
9883,12208
391,12209
9884,12210
8473,12211
21663,12212
6677,12213
23217,12214
17709,12215
6622,12216
8097,12217
7992,12218
1377,12219
21052,12220
657,12221
21904,12222
22022,12223
22757,12224
22875,12225
12451,12226
8912,12227
8520,12228
9885,12229
9204,12230
6432,12231
9886,12232
10180,12233
7839,12234
8521,12235
9158,12236
21673,12237
275,12238
19095,12239
3290,12240
18236,12241
6725,12242
15976,12243
658,12244
6256,12245
1378,12246
4848,12247
13343,12248
5549,12249
14135,12250
17089,12251
16336,12252
8201,12253
9205,12254
9887,12255
1109,12256
11249,12257
10566,12258
9888,12259
9207,12260
18193,12261
16099,12262
3167,12263
19893,12264
11558,12265
10567,12266
9889,12267
3955,12268
2918,12269
6417,12270
989,12271
8072,12272
15447,12273
4481,12274
13836,12275
5187,12276
20352,12277
10327,12278
10356,12279
1365,12280
13258,12281
17211,12282
2081,12283
12465,12284
21927,12285
22817,12286
2663,12287
23675,12288
2748,12289
17955,12290
1309,12291
12549,12292
2831,12293
3466,12294
11723,12295
590,12296
11757,12297
20246,12298
14030,12299
18645,12300
15668,12301
23645,12302
18728,12303
2797,12304
14055,12305
19532,12306
5950,12307
20939,12308
14224,12309
672,12310
22677,12311
21825,12312
13171,12313
13337,12314
6849,12315
375,12316
6180,12317
22812,12318
3469,12319
6959,12320
17367,12321
16941,12322
12731,12323
12764,12324
17322,12325
20891,12326
11940,12327
23961,12328
2703,12329
16458,12330
3411,12331
5664,12332
7058,12333
16183,12334
4991,12335
8262,12336
17985,12337
8290,12338
4391,12339
20063,12340
8985,12341
18784,12342
559,12343
8994,12344
16459,12345
6915,12346
9280,12347
7611,12348
12812,12349
9530,12350
13432,12351
6333,12352
20456,12353
9683,12354
18733,12355
13263,12356
17930,12357
15606,12358
8457,12359
7445,12360
3370,12361
7735,12362
11492,12363
7057,12364
14787,12365
19498,12366
21008,12367
4179,12368
21190,12369
1265,12370
7666,12371
10411,12372
16439,12373
6244,12374
14678,12375
4960,12376
18908,12377
21333,12378
18621,12379
14227,12380
1996,12381
20220,12382
18078,12383
21020,12384
11859,12385
2717,12386
12644,12387
2719,12388
11850,12389
2720,12390
23880,12391
4119,12392
15001,12393
5384,12394
2101,12395
1274,12396
1989,12397
1272,12398
12652,12399
1990,12400
2712,12401
16518,12402
4819,12403
5520,12404
21305,12405
10210,12406
23020,12407
11637,12408
22731,12409
22145,12410
23591,12411
23862,12412
420,12413
18861,12414
19666,12415
19658,12416
555,12417
20480,12418
5658,12419
419,12420
18865,12421
19670,12422
18054,12423
5964,12424
21692,12425
16957,12426
21543,12427
5183,12428
6230,12429
6913,12430
6228,12431
22161,12432
6914,12433
13442,12434
7460,12435
23884,12436
17829,12437
21031,12438
21283,12439
21882,12440
18858,12441
10903,12442
20462,12443
23860,12444
2577,12445
13425,12446
6089,12447
7700,12448
7776,12449
22902,12450
22912,12451
23574,12452
22715,12453
18788,12454
6928,12455
20403,12456
21009,12457
23572,12458
15649,12459
12489,12460
14889,12461
11697,12462
19520,12463
13282,12464
14075,12465
14888,12466
20318,12467
15624,12468
7701,12469
17698,12470
15802,12471
2710,12472
21313,12473
16197,12474
17272,12475
15013,12476
20484,12477
6911,12478
16521,12479
7597,12480
18883,12481
6084,12482
23889,12483
21312,12484
14237,12485
7326,12486
8009,12487
6020,12488
19103,12489
6107,12490
8074,12491
20697,12492
6108,12493
8140,12494
15012,12495
20485,12496
11860,12497
6643,12498
7391,12499
8142,12500
14234,12501
18631,12502
19434,12503
14998,12504
2116,12505
3274,12506
21294,12507
22149,12508
4832,12509
20469,12510
8845,12511
18877,12512
17828,12513
14995,12514
20227,12515
18061,12516
22732,12517
8146,12518
16506,12519
17257,12520
22132,12521
8848,12522
16509,12523
12639,12524
18852,12525
8850,12526
3542,12527
20466,12528
9075,12529
12681,12530
2709,12531
11765,12532
4113,12533
12557,12534
21877,12535
19427,12536
4816,12537
14146,12538
2002,12539
1285,12540
17265,12541
551,12542
22886,12543
1284,12544
22729,12545
11851,12546
3273,12547
16515,12548
16324,12549
18035,12550
20237,12551
12598,12552
23604,12553
23818,12554
10912,12555
18836,12556
19641,12557
13387,12558
2584,12559
23814,12560
3279,12561
12600,12562
11807,12563
14179,12564
21622,12565
5516,12566
22885,12567
14807,12568
15566,12569
17263,12570
2571,12571
15760,12572
13227,12573
19436,12574
13411,12575
23600,12576
11823,12577
10222,12578
22974,12579
23833,12580
23834,12581
14178,12582
24198,12583
1070,12584
23254,12585
10259,12586
12616,12587
2580,12588
21263,12589
22118,12590
11798,12591
23336,12592
351,12593
552,12594
12556,12595
13223,12596
14015,12597
13435,12598
6088,12599
12643,12600
14813,12601
15571,12602
19441,12603
21243,12604
1150,12605
22119,12606
10221,12607
22953,12608
22981,12609
23813,12610
23838,12611
18045,12612
19635,12613
5963,12614
7020,12615
7463,12616
8149,12617
22115,12618
21260,12619
13386,12620
18383,12621
1785,12622
14688,12623
1635,12624
8161,12625
8381,12626
19440,12627
21040,12628
14186,12629
21893,12630
19651,12631
10220,12632
22099,12633
429,12634
5397,12635
8846,12636
11848,12637
12434,12638
14200,12639
19437,12640
19647,12641
2581,12642
21259,12643
22114,12644
12591,12645
19186,12646
6094,12647
12615,12648
11822,12649
11799,12650
916,12651
9536,12652
9552,12653
3076,12654
20042,12655
2354,12656
13976,12657
14770,12658
1985,12659
9690,12660
10374,12661
12020,12662
8130,12663
14389,12664
13600,12665
16625,12666
13082,12667
15875,12668
7050,12669
12771,12670
19977,12671
8077,12672
10258,12673
20475,12674
7462,12675
18872,12676
18073,12677
3546,12678
9841,12679
9510,12680
9160,12681
17043,12682
16290,12683
23760,12684
4239,12685
9820,12686
402,12687
9139,12688
13203,12689
11775,12690
20993,12691
19596,12692
1971,12693
2145,12694
1253,12695
18002,12696
20207,12697
13996,12698
2693,12699
18790,12700
4944,12701
11022,12702
6207,12703
19590,12704
4810,12705
5511,12706
3486,12707
4161,12708
6214,12709
8268,12710
13360,12711
8345,12712
3454,12713
7662,12714
4869,12715
22166,12716
5572,12717
21311,12718
10894,12719
23026,12720
18874,12721
4690,12722
18075,12723
12433,12724
13226,12725
13417,12726
14810,12727
17247,12728
22126,12729
3277,12730
4694,12731
14984,12732
17248,12733
8148,12734
15742,12735
13416,12736
8972,12737
11023,12738
22896,12739
6907,12740
6222,12741
14152,12742
556,12743
1275,12744
18713,12745
18682,12746
9067,12747
9044,12748
17346,12749
13881,12750
14673,12751
15435,12752
15845,12753
15088,12754
11915,12755
10360,12756
12666,12757
16595,12758
18948,12759
18949,12760
19755,12761
15809,12762
3390,12763
11873,12764
1131,12765
23042,12766
4098,12767
21326,12768
546,12769
21327,12770
6216,12771
22182,12772
5389,12773
7023,12774
9675,12775
22181,12776
410,12777
19695,12778
9740,12779
17884,12780
13299,12781
19486,12782
11712,12783
20284,12784
14092,12785
9735,12786
5661,12787
4693,12788
18871,12789
17835,12790
22743,12791
16492,12792
22968,12793
1859,12794
18041,12795
23602,12796
18839,12797
10910,12798
20443,12799
19644,12800
23808,12801
16058,12802
10825,12803
426,12804
23827,12805
5243,12806
18506,12807
16713,12808
12254,12809
2616,12810
9890,12811
9209,12812
17433,12813
15343,12814
9892,12815
9893,12816
7844,12817
2168,12818
24234,12819
315,12820
24100,12821
9894,12822
16682,12823
15342,12824
990,12825
2414,12826
20676,12827
9905,12828
18403,12829
10809,12830
3836,12831
22000,12832
991,12833
12900,12834
22348,12835
9910,12836
1237,12837
12492,12838
4173,12839
11140,12840
11491,12841
10457,12842
9782,12843
18962,12844
9916,12845
10596,12846
2925,12847
24188,12848
366,12849
14489,12850
992,12851
1391,12852
9920,12853
9238,12854
9901,12855
15308,12856
1065,12857
12906,12858
9925,12859
2204,12860
21613,12861
10837,12862
16787,12863
9927,12864
7853,12865
22520,12866
2456,12867
18347,12868
993,12869
22362,12870
21485,12871
16347,12872
11397,12873
16156,12874
10712,12875
16264,12876
14955,12877
17229,12878
1184,12879
14835,12880
15594,12881
1596,12882
17100,12883
17652,12884
10717,12885
17851,12886
10718,12887
16908,12888
18649,12889
1933,12890
19453,12891
23783,12892
24061,12893
23161,12894
10732,12895
11417,12896
23802,12897
1914,12898
2636,12899
22925,12900
2654,12901
18814,12902
3038,12903
19253,12904
2315,12905
20962,12906
22068,12907
3347,12908
4055,12909
22071,12910
4132,12911
11395,12912
16910,12913
17654,12914
10710,12915
3036,12916
17015,12917
1906,12918
11280,12919
1819,12920
1494,12921
11010,12922
16925,12923
15159,12924
16118,12925
19616,12926
19770,12927
14356,12928
17353,12929
15095,12930
18147,12931
206,12932
3329,12933
4053,12934
20413,12935
463,12936
18013,12937
4762,12938
11781,12939
4841,12940
502,12941
5075,12942
5143,12943
16909,12944
11399,12945
12365,12946
1564,12947
10685,12948
18011,12949
19614,12950
17787,12951
21702,12952
4436,12953
15509,12954
14162,12955
5449,12956
1498,12957
10858,12958
5542,12959
11402,12960
15398,12961
1597,12962
1219,12963
13370,12964
1223,12965
16262,12966
18015,12967
18451,12968
20163,12969
22923,12970
1239,12971
4763,12972
4243,12973
5651,12974
6038,12975
19079,12976
18278,12977
19859,12978
10035,12979
6253,12980
2311,12981
20052,12982
1591,12983
6938,12984
6939,12985
20359,12986
577,12987
2818,12988
1296,12989
2014,12990
21232,12991
22087,12992
7266,12993
12367,12994
2108,12995
19386,12996
4949,12997
7622,12998
1592,12999
23411,13000
10709,13001
17764,13002
21219,13003
7865,13004
8306,13005
7942,13006
22554,13007
23412,13008
11392,13009
20411,13010
870,13011
22553,13012
1590,13013
23519,13014
19617,13015
873,13016
19255,13017
3035,13018
15511,13019
16470,13020
877,13021
14638,13022
16154,13023
3040,13024
13162,13025
22664,13026
23787,13027
5652,13028
19387,13029
89,13030
8910,13031
19359,13032
11334,13033
22571,13034
1528,13035
2252,13036
5770,13037
12226,13038
18430,13039
20739,13040
15234,13041
5924,13042
3810,13043
20641,13044
14546,13045
15372,13046
8915,13047
1524,13048
17667,13049
9021,13050
15956,13051
13846,13052
14641,13053
15199,13054
13955,13055
21810,13056
23521,13057
18815,13058
3536,13059
4245,13060
6575,13061
19612,13062
4783,13063
9337,13064
16266,13065
18016,13066
20186,13067
6170,13068
22927,13069
9341,13070
14640,13071
10025,13072
4765,13073
23788,13074
500,13075
22926,13076
9347,13077
9450,13078
17785,13079
18316,13080
24056,13081
23196,13082
22310,13083
13649,13084
3102,13085
12161,13086
23401,13087
19134,13088
13186,13089
7097,13090
10885,13091
6413,13092
5721,13093
698,13094
1420,13095
7754,13096
12956,13097
22542,13098
13687,13099
8232,13100
16345,13101
8375,13102
9635,13103
8131,13104
16667,13105
17622,13106
18166,13107
205,13108
88,13109
9706,13110
18759,13111
10390,13112
11076,13113
13379,13114
14171,13115
1905,13116
2627,13117
3328,13118
2975,13119
21719,13120
4393,13121
7899,13122
23430,13123
9936,13124
994,13125
19096,13126
21753,13127
4507,13128
6833,13129
7160,13130
390,13131
7414,13132
5213,13133
4230,13134
8310,13135
3523,13136
6255,13137
3527,13138
6941,13139
4235,13140
15582,13141
8286,13142
19535,13143
15605,13144
7059,13145
8522,13146
2914,13147
8828,13148
1445,13149
15414,13150
16511,13151
13336,13152
21841,13153
2675,13154
18007,13155
14779,13156
17046,13157
14948,13158
4073,13159
2786,13160
4786,13161
13984,13162
2687,13163
2848,13164
23436,13165
2126,13166
4271,13167
21727,13168
2125,13169
4795,13170
2846,13171
20078,13172
2124,13173
1399,13174
6369,13175
6366,13176
7726,13177
16103,13178
8350,13179
4867,13180
14129,13181
9404,13182
9694,13183
9839,13184
11434,13185
9942,13186
7882,13187
10585,13188
24245,13189
9419,13190
22436,13191
995,13192
9954,13193
996,13194
22406,13195
16996,13196
2834,13197
3990,13198
9378,13199
4643,13200
4498,13201
2813,13202
10324,13203
17909,13204
17946,13205
16352,13206
23702,13207
14838,13208
15598,13209
12574,13210
3435,13211
21153,13212
19455,13213
4143,13214
4248,13215
17022,13216
11578,13217
13958,13218
19568,13219
4774,13220
18707,13221
4172,13222
18718,13223
487,13224
3941,13225
6958,13226
7009,13227
7218,13228
6241,13229
7691,13230
17842,13231
14825,13232
14830,13233
16330,13234
19446,13235
20336,13236
2251,13237
22786,13238
22831,13239
22836,13240
23644,13241
18730,13242
639,13243
21934,13244
17932,13245
12472,13246
4310,13247
5373,13248
7099,13249
7012,13250
22913,13251
8453,13252
8944,13253
19507,13254
2055,13255
15130,13256
19280,13257
20573,13258
17697,13259
16461,13260
10364,13261
15048,13262
11891,13263
1270,13264
17071,13265
1987,13266
14939,13267
22887,13268
4821,13269
11766,13270
2000,13271
5385,13272
12698,13273
23067,13274
11048,13275
11881,13276
16318,13277
11856,13278
21876,13279
17268,13280
23023,13281
4114,13282
13439,13283
560,13284
15769,13285
566,13286
23589,13287
13436,13288
4692,13289
6226,13290
5519,13291
12653,13292
6227,13293
6909,13294
13354,13295
3415,13296
2724,13297
15003,13298
6912,13299
15011,13300
10895,13301
16520,13302
17831,13303
20229,13304
21883,13305
20460,13306
23008,13307
3981,13308
18068,13309
18867,13310
422,13311
7595,13312
13355,13313
23586,13314
17825,13315
23013,13316
8280,13317
12558,13318
4831,13319
1283,13320
12646,13321
6087,13322
14231,13323
13228,13324
15734,13325
19438,13326
13400,13327
21891,13328
21250,13329
6780,13330
8380,13331
11639,13332
14812,13333
11829,13334
18844,13335
10907,13336
20238,13337
20448,13338
14981,13339
13391,13340
20449,13341
1145,13342
18846,13343
22980,13344
12597,13345
7467,13346
22983,13347
22124,13348
11804,13349
14592,13350
3159,13351
19301,13352
23999,13353
3142,13354
8017,13355
8699,13356
8858,13357
14193,13358
11815,13359
22097,13360
8996,13361
9092,13362
9398,13363
16201,13364
1653,13365
14625,13366
19129,13367
22643,13368
19649,13369
23139,13370
1225,13371
11699,13372
13974,13373
14764,13374
4095,13375
22889,13376
4222,13377
12388,13378
2701,13379
23747,13380
1997,13381
1280,13382
5475,13383
5562,13384
19552,13385
1313,13386
22879,13387
5627,13388
18671,13389
4924,13390
17873,13391
20273,13392
22936,13393
3540,13394
13166,13395
594,13396
23737,13397
17844,13398
11651,13399
14820,13400
15589,13401
16332,13402
21983,13403
15603,13404
19534,13405
21984,13406
11674,13407
15666,13408
3506,13409
21080,13410
20332,13411
11678,13412
2155,13413
401,13414
1241,13415
2878,13416
14833,13417
18803,13418
18606,13419
17807,13420
11115,13421
23763,13422
23772,13423
11615,13424
12409,13425
13361,13426
6190,13427
12491,13428
20288,13429
14894,13430
10406,13431
21738,13432
11950,13433
17344,13434
13496,13435
540,13436
11770,13437
7605,13438
4392,13439
2531,13440
7737,13441
22577,13442
4282,13443
15545,13444
630,13445
623,13446
20388,13447
2704,13448
8255,13449
12565,13450
8992,13451
12562,13452
4115,13453
4823,13454
23872,13455
1136,13456
23012,13457
17837,13458
18636,13459
20440,13460
10226,13461
15732,13462
21039,13463
11812,13464
1860,13465
13398,13466
15733,13467
22963,13468
9090,13469
12290,13470
19283,13471
11949,13472
12296,13473
12740,13474
13531,13475
12705,13476
11045,13477
16619,13478
11024,13479
12563,13480
20554,13481
13882,13482
19753,13483
18947,13484
14286,13485
21731,13486
12739,13487
13556,13488
1397,13489
16189,13490
11948,13491
14320,13492
17307,13493
1979,13494
23748,13495
23749,13496
2698,13497
22894,13498
2840,13499
1976,13500
11771,13501
20218,13502
2715,13503
23024,13504
10208,13505
23885,13506
21029,13507
15753,13508
23592,13509
11843,13510
4104,13511
22890,13512
1279,13513
22724,13514
15762,13515
4125,13516
22141,13517
10216,13518
16504,13519
17255,13520
17253,13521
6773,13522
7465,13523
13429,13524
14221,13525
15749,13526
7335,13527
3870,13528
12096,13529
17736,13530
7588,13531
22891,13532
1995,13533
21873,13534
23883,13535
7594,13536
22892,13537
7720,13538
23942,13539
2695,13540
23746,13541
8851,13542
17256,13543
16505,13544
16502,13545
16858,13546
8973,13547
23752,13548
1993,13549
1276,13550
23873,13551
8143,13552
11853,13553
11642,13554
21038,13555
11816,13556
10224,13557
13402,13558
21890,13559
21254,13560
22108,13561
7470,13562
14975,13563
14192,13564
15730,13565
9540,13566
22965,13567
9541,13568
21252,13569
20442,13570
22952,13571
9651,13572
6299,13573
9668,13574
23750,13575
21872,13576
4116,13577
22163,13578
8141,13579
21308,13580
21030,13581
22735,13582
23593,13583
19664,13584
23856,13585
1143,13586
22137,13587
21282,13588
13424,13589
6774,13590
21285,13591
22140,13592
9670,13593
22888,13594
16319,13595
17072,13596
12649,13597
7461,13598
16519,13599
15567,13600
17826,13601
18065,13602
20230,13603
19671,13604
1851,13605
7017,13606
3982,13607
17259,13608
9531,13609
19669,13610
22146,13611
9679,13612
23022,13613
6770,13614
11858,13615
2003,13616
12632,13617
23594,13618
14217,13619
2726,13620
22151,13621
2572,13622
23871,13623
5659,13624
22134,13625
13802,13626
1715,13627
6775,13628
21281,13629
22136,13630
21279,13631
6787,13632
9534,13633
19662,13634
20461,13635
14216,13636
9728,13637
10429,13638
9046,13639
9747,13640
7646,13641
21971,13642
8329,13643
21118,13644
6963,13645
17303,13646
20096,13647
11909,13648
4817,13649
21315,13650
6225,13651
21316,13652
16950,13653
7458,13654
8281,13655
22172,13656
10892,13657
20488,13658
19689,13659
18082,13660
13800,13661
7351,13662
9842,13663
6066,13664
2172,13665
1249,13666
22693,13667
17993,13668
6326,13669
9141,13670
1834,13671
11179,13672
13994,13673
3593,13674
17806,13675
22914,13676
12408,13677
11614,13678
17216,13679
10337,13680
11631,13681
12564,13682
4905,13683
3452,13684
534,13685
21198,13686
17816,13687
18616,13688
22900,13689
13221,13690
5647,13691
6353,13692
14672,13693
10441,13694
15434,13695
20886,13696
5678,13697
4975,13698
6892,13699
12426,13700
20389,13701
3394,13702
4102,13703
5646,13704
7703,13705
8989,13706
8991,13707
19696,13708
9084,13709
8395,13710
11034,13711
18093,13712
9663,13713
6325,13714
5521,13715
4820,13716
8343,13717
5574,13718
7660,13719
4871,13720
6978,13721
3456,13722
4163,13723
5603,13724
6292,13725
13283,13726
17262,13727
10211,13728
15759,13729
21037,13730
21889,13731
13407,13732
1146,13733
20445,13734
19646,13735
14970,13736
22113,13737
10223,13738
22742,13739
18043,13740
23831,13741
22971,13742
8857,13743
22970,13744
23830,13745
9665,13746
20495,13747
2566,13748
9672,13749
10427,13750
7649,13751
3487,13752
8332,13753
4194,13754
3453,13755
19686,13756
4160,13757
18882,13758
7459,13759
18083,13760
14232,13761
2570,13762
13440,13763
11638,13764
14017,13765
21273,13766
22129,13767
22739,13768
14986,13769
3983,13770
14211,13771
13419,13772
6091,13773
22127,13774
7466,13775
22987,13776
23847,13777
11830,13778
13799,13779
2442,13780
9757,13781
1264,13782
18893,13783
1130,13784
23045,13785
11876,13786
9764,13787
11635,13788
15023,13789
15056,13790
545,13791
15780,13792
409,13793
19697,13794
9964,13795
10665,13796
2222,13797
4648,13798
6860,13799
633,13800
8527,13801
4664,13802
3605,13803
2921,13804
17427,13805
4785,13806
19502,13807
6755,13808
5716,13809
5730,13810
1965,13811
23661,13812
6756,13813
15904,13814
16929,13815
4273,13816
14668,13817
16655,13818
17371,13819
18482,13820
13535,13821
11131,13822
11941,13823
12427,13824
22716,13825
23446,13826
12744,13827
11953,13828
23657,13829
4891,13830
4983,13831
11970,13832
5505,13833
22798,13834
5666,13835
4103,13836
6208,13837
23656,13838
21943,13839
16540,13840
625,13841
6367,13842
4804,13843
22799,13844
18690,13845
6900,13846
1345,13847
17893,13848
15015,13849
696,13850
11994,13851
20208,13852
23659,13853
6886,13854
629,13855
17891,13856
8842,13857
23029,13858
23891,13859
8967,13860
20300,13861
18687,13862
8981,13863
17895,13864
3474,13865
20497,13866
4686,13867
19698,13868
22184,13869
18088,13870
16072,13871
9281,13872
2175,13873
4076,13874
22809,13875
8947,13876
23667,13877
620,13878
9630,13879
23669,13880
2777,13881
12793,13882
15422,13883
16653,13884
17405,13885
9798,13886
19397,13887
22803,13888
19492,13889
8396,13890
13087,13891
9965,13892
11210,13893
2664,13894
21956,13895
8247,13896
21103,13897
2778,13898
5685,13899
11494,13900
4982,13901
1401,13902
12772,13903
17589,13904
9966,13905
11257,13906
8020,13907
21684,13908
19142,13909
13921,13910
3685,13911
3829,13912
8682,13913
19848,13914
3808,13915
19181,13916
5334,13917
3217,13918
16774,13919
20185,13920
24055,13921
21490,13922
21456,13923
14439,13924
3596,13925
10199,13926
2872,13927
2149,13928
4514,13929
12149,13930
5014,13931
5718,13932
6393,13933
12944,13934
6712,13935
3144,13936
20168,13937
7401,13938
13906,13939
3841,13940
7957,13941
9627,13942
6926,13943
19577,13944
9967,13945
10649,13946
758,13947
9968,13948
997,13949
14773,13950
3480,13951
4215,13952
11333,13953
17874,13954
20868,13955
7845,13956
1106,13957
1527,13958
7103,13959
8369,13960
16354,13961
18672,13962
21226,13963
22081,13964
13959,13965
21820,13966
17024,13967
17970,13968
8294,13969
7610,13970
7772,13971
10888,13972
7094,13973
6410,13974
15876,13975
23439,13976
15119,13977
17378,13978
13561,13979
8528,13980
520,13981
22806,13982
7778,13983
8253,13984
23664,13985
22793,13986
12769,13987
13875,13988
11978,13989
8698,13990
3164,13991
2611,13992
7855,13993
386,13994
8946,13995
2789,13996
1339,13997
12794,13998
12278,13999
9514,14000
9137,14001
12271,14002
5006,14003
15421,14004
22254,14005
11493,14006
10448,14007
12003,14008
12780,14009
13554,14010
10339,14011
14669,14012
11954,14013
11132,14014
13219,14015
19411,14016
20217,14017
2061,14018
2062,14019
20885,14020
12745,14021
21387,14022
23107,14023
12429,14024
21944,14025
23072,14026
2783,14027
20292,14028
20507,14029
16196,14030
18101,14031
13477,14032
2868,14033
15897,14034
16294,14035
21863,14036
2785,14037
3476,14038
5512,14039
21091,14040
19495,14041
7584,14042
2782,14043
4889,14044
12670,14045
3268,14046
13462,14047
15781,14048
7729,14049
19420,14050
19497,14051
5591,14052
13492,14053
3264,14054
12701,14055
11910,14056
7781,14057
4085,14058
17897,14059
9123,14060
4800,14061
18695,14062
17890,14063
15847,14064
22589,14065
9629,14066
20303,14067
9854,14068
1956,14069
19505,14070
2057,14071
9970,14072
8703,14073
9971,14074
14599,14075
11439,14076
13819,14077
18310,14078
19109,14079
20143,14080
4534,14081
11018,14082
11019,14083
1243,14084
13973,14085
15895,14086
16275,14087
16650,14088
14662,14089
19276,14090
16646,14091
17398,14092
23546,14093
11218,14094
3827,14095
17853,14096
18659,14097
20346,14098
19463,14099
14137,14100
20261,14101
13345,14102
21902,14103
20247,14104
21050,14105
19536,14106
24045,14107
13776,14108
3886,14109
3177,14110
20712,14111
16750,14112
21491,14113
1665,14114
4212,14115
4227,14116
1304,14117
18651,14118
20368,14119
21170,14120
17091,14121
11657,14122
4921,14123
5001,14124
20073,14125
5223,14126
22305,14127
23365,14128
6004,14129
23756,14130
6124,14131
7228,14132
16913,14133
10666,14134
7342,14135
165,14136
57,14137
7437,14138
10535,14139
1450,14140
7734,14141
15334,14142
10108,14143
12934,14144
12316,14145
507,14146
8504,14147
394,14148
9106,14149
9181,14150
8822,14151
9187,14152
9359,14153
11463,14154
8645,14155
11593,14156
13142,14157
11355,14158
13972,14159
21835,14160
11222,14161
5636,14162
17103,14163
23711,14164
15596,14165
16350,14166
16449,14167
17201,14168
15579,14169
16333,14170
17086,14171
21130,14172
3505,14173
5624,14174
6460,14175
1828,14176
7436,14177
10539,14178
8503,14179
7822,14180
2169,14181
18411,14182
299,14183
16041,14184
18516,14185
12050,14186
6153,14187
9786,14188
8415,14189
17593,14190
6679,14191
9861,14192
6430,14193
19213,14194
5288,14195
9868,14196
9872,14197
10870,14198
9191,14199
11234,14200
2892,14201
20809,14202
1018,14203
24172,14204
12318,14205
12844,14206
5344,14207
19029,14208
17960,14209
3427,14210
2097,14211
11078,14212
12545,14213
5543,14214
13342,14215
11656,14216
9972,14217
1807,14218
9289,14219
2980,14220
2254,14221
19171,14222
10156,14223
1700,14224
2419,14225
15229,14226
12258,14227
17499,14228
20848,14229
11310,14230
16989,14231
20051,14232
15950,14233
19262,14234
21720,14235
12832,14236
2385,14237
21806,14238
2106,14239
24030,14240
19844,14241
16114,14242
2982,14243
23429,14244
4396,14245
4661,14246
11276,14247
5852,14248
5443,14249
21982,14250
6492,14251
6519,14252
17682,14253
23443,14254
16608,14255
17359,14256
13536,14257
24185,14258
10160,14259
16016,14260
7129,14261
1962,14262
12778,14263
2873,14264
4791,14265
3577,14266
7223,14267
11273,14268
4072,14269
14080,14270
19489,14271
5696,14272
21725,14273
688,14274
1409,14275
21401,14276
19967,14277
13031,14278
16235,14279
7549,14280
13287,14281
7847,14282
24186,14283
7858,14284
7923,14285
13975,14286
4395,14287
504,14288
6288,14289
6974,14290
21085,14291
8055,14292
10230,14293
10231,14294
10914,14295
10915,14296
12891,14297
13094,14298
13816,14299
10240,14300
10923,14301
10036,14302
10924,14303
10933,14304
11513,14305
11532,14306
1157,14307
1158,14308
13099,14309
13117,14310
13910,14311
12046,14312
13919,14313
14711,14314
150,14315
15207,14316
15452,14317
13644,14318
15453,14319
15465,14320
13633,14321
15472,14322
15474,14323
15475,14324
16205,14325
1633,14326
1661,14327
167,14328
1672,14329
1673,14330
16976,14331
16979,14332
175,14333
176,14334
17704,14335
17705,14336
17714,14337
16725,14338
17720,14339
18260,14340
18501,14341
18514,14342
18227,14343
18518,14344
10058,14345
18527,14346
1871,14347
1880,14348
19045,14349
19303,14350
18247,14351
19305,14352
19313,14353
19316,14354
14429,14355
19322,14356
19809,14357
19856,14358
20110,14359
20111,14360
20117,14361
10745,14362
20119,14363
20126,14364
203,14365
204,14366
20635,14367
20667,14368
1803,14369
20674,14370
11028,14371
15793,14372
16291,14373
18959,14374
20898,14375
16740,14376
20911,14377
20912,14378
10747,14379
20913,14380
20923,14381
20924,14382
1644,14383
20925,14384
21429,14385
22289,14386
22299,14387
22300,14388
22304,14389
22316,14390
21463,14391
15478,14392
17451,14393
22602,14394
22301,14395
22628,14396
22747,14397
22092,14398
23133,14399
23138,14400
233,14401
106,14402
2335,14403
23409,14404
19810,14405
19011,14406
11565,14407
10626,14408
13947,14409
14738,14410
16249,14411
17756,14412
18997,14413
19355,14414
19356,14415
10599,14416
22656,14417
23122,14418
23459,14419
2346,14420
23483,14421
23485,14422
23513,14423
10632,14424
23515,14425
20600,14426
2355,14427
2370,14428
240,14429
110,14430
244,14431
111,14432
246,14433
113,14434
2478,14435
10229,14436
10917,14437
10918,14438
14684,14439
1669,14440
1755,14441
10232,14442
10916,14443
13887,14444
13888,14445
14683,14446
15445,14447
15446,14448
16049,14449
15290,14450
10237,14451
10238,14452
10242,14453
10243,14454
10245,14455
10055,14456
10247,14457
10248,14458
10935,14459
1156,14460
1163,14461
1167,14462
12329,14463
13101,14464
13102,14465
13114,14466
13122,14467
13911,14468
13918,14469
10746,14470
14689,14471
14712,14472
10743,14473
15221,14474
15466,14475
15467,14476
15969,14477
16228,14478
16716,14479
16720,14480
16963,14481
16971,14482
15211,14483
16980,14484
17703,14485
17718,14486
17728,14487
18240,14488
18503,14489
18504,14490
18519,14491
1868,14492
15980,14493
1876,14494
1877,14495
1883,14496
18212,14497
19038,14498
19039,14499
19047,14500
19302,14501
19304,14502
19327,14503
19328,14504
19329,14505
19825,14506
19826,14507
19838,14508
19839,14509
19855,14510
20124,14511
20627,14512
20909,14513
12847,14514
20926,14515
21445,14516
21449,14517
21468,14518
21764,14519
10749,14520
22302,14521
22318,14522
22618,14523
23170,14524
23241,14525
16874,14526
10244,14527
10246,14528
10250,14529
11537,14530
11539,14531
11540,14532
1166,14533
1168,14534
1169,14535
1170,14536
12327,14537
13100,14538
13123,14539
13125,14540
13915,14541
10744,14542
144,14543
145,14544
14691,14545
14435,14546
13035,14547
11707,14548
12850,14549
154,14550
15451,14551
15469,14552
1609,14553
16206,14554
16218,14555
11908,14556
16227,14557
16974,14558
1652,14559
16977,14560
16981,14561
174,14562
17462,14563
17702,14564
17719,14565
17473,14566
16139,14567
12840,14568
18502,14569
18513,14570
187,14571
1870,14572
1874,14573
1875,14574
1878,14575
1879,14576
1882,14577
1625,14578
19319,14579
19326,14580
19820,14581
20100,14582
1659,14583
20101,14584
20102,14585
20103,14586
18241,14587
20116,14588
19027,14589
1804,14590
17476,14591
17925,14592
20607,14593
213,14594
214,14595
21432,14596
21446,14597
21750,14598
20639,14599
21763,14600
15212,14601
21775,14602
21776,14603
222,14604
22287,14605
223,14606
22613,14607
22626,14608
23140,14609
23150,14610
10167,14611
23152,14612
23154,14613
23448,14614
17345,14615
15087,14616
23073,14617
14558,14618
1039,14619
23470,14620
15974,14621
23480,14622
11431,14623
23486,14624
2356,14625
2387,14626
239,14627
109,14628
23994,14629
24008,14630
24011,14631
13826,14632
23151,14633
19044,14634
2316,14635
249,14636
116,14637
251,14638
118,14639
254,14640
121,14641
255,14642
122,14643
2592,14644
2593,14645
2595,14646
11421,14647
2596,14648
1612,14649
2597,14650
2598,14651
10048,14652
2601,14653
14421,14654
2602,14655
2603,14656
2604,14657
1626,14658
2605,14659
262,14660
128,14661
268,14662
133,14663
2793,14664
23626,14665
19547,14666
22768,14667
15717,14668
3033,14669
17651,14670
1604,14671
18288,14672
10938,14673
1257,14674
18105,14675
18441,14676
18442,14677
21042,14678
22946,14679
23167,14680
10947,14681
1179,14682
1180,14683
1182,14684
12335,14685
13130,14686
13482,14687
13927,14688
14358,14689
16988,14690
17294,14691
17729,14692
17737,14693
18206,14694
18528,14695
18532,14696
12799,14697
18533,14698
16549,14699
18905,14700
10204,14701
1892,14702
1902,14703
19335,14704
13486,14705
19336,14706
17384,14707
19710,14708
20511,14709
14268,14710
20929,14711
15040,14712
20930,14713
20932,14714
20934,14715
21780,14716
15796,14717
22091,14718
22636,14719
18873,14720
24024,14721
23164,14722
15481,14723
10618,14724
2606,14725
2614,14726
2615,14727
3026,14728
3039,14729
11383,14730
22509,14731
2474,14732
3069,14733
3074,14734
3089,14735
3096,14736
3099,14737
3100,14738
3110,14739
316,14740
3265,14741
13490,14742
22206,14743
20509,14744
12974,14745
10810,14746
21535,14747
23710,14748
3280,14749
21236,14750
3286,14751
16738,14752
3287,14753
12852,14754
12240,14755
24012,14756
18245,14757
3288,14758
3097,14759
3291,14760
19823,14761
3293,14762
19023,14763
3294,14764
3298,14765
1629,14766
3307,14767
1530,14768
3447,14769
16473,14770
3737,14771
3743,14772
14636,14773
18258,14774
10268,14775
10725,14776
13292,14777
15495,14778
15635,14779
3744,14780
3750,14781
3761,14782
3762,14783
3765,14784
3766,14785
3768,14786
3771,14787
3773,14788
3783,14789
3785,14790
3788,14791
38,14792
3801,14793
3806,14794
39,14795
3936,14796
3987,14797
3993,14798
3994,14799
19042,14800
3995,14801
3998,14802
4000,14803
4001,14804
4002,14805
4005,14806
1634,14807
4008,14808
11426,14809
4009,14810
10737,14811
4010,14812
4013,14813
4014,14814
11354,14815
4023,14816
12009,14817
4024,14818
20515,14819
4094,14820
21193,14821
435,14822
1658,14823
436,14824
437,14825
3087,14826
439,14827
44,14828
443,14829
3053,14830
4430,14831
4431,14832
4433,14833
1201,14834
16260,14835
11284,14836
1103,14837
1917,14838
19801,14839
16917,14840
4380,14841
3672,14842
4444,14843
445,14844
3070,14845
4451,14846
4455,14847
4458,14848
4459,14849
4478,14850
4488,14851
449,14852
16711,14853
23407,14854
15959,14855
2221,14856
4492,14857
4497,14858
4508,14859
4510,14860
4513,14861
452,14862
4524,14863
4526,14864
10264,14865
10265,14866
10955,14867
1181,14868
1189,14869
11902,14870
13132,14871
13134,14872
13926,14873
14147,14874
14716,14875
13592,14876
15485,14877
15886,14878
15913,14879
16233,14880
16991,14881
16992,14882
15036,14883
18530,14884
18808,14885
1900,14886
19634,14887
19715,14888
19767,14889
20927,14890
22632,14891
13487,14892
3316,14893
12801,14894
3317,14895
23066,14896
4016,14897
18158,14898
13872,14899
458,14900
1529,14901
4641,14902
20650,14903
15226,14904
1601,14905
16987,14906
16698,14907
468,14908
12798,14909
4696,14910
20433,14911
18029,14912
18828,14913
47,14914
4702,14915
14438,14916
4703,14917
3802,14918
4704,14919
20637,14920
4705,14921
20636,14922
10851,14923
18242,14924
17491,14925
10715,14926
11400,14927
4711,14928
4713,14929
23993,14930
4714,14931
18217,14932
4716,14933
4717,14934
19018,14935
4718,14936
4719,14937
4721,14938
4453,14939
4722,14940
10006,14941
4725,14942
3719,14943
4733,14944
5134,14945
5148,14946
12184,14947
3179,14948
5152,14949
14735,14950
16252,14951
14413,14952
17755,14953
11285,14954
18551,14955
16699,14956
18555,14957
1903,14958
21807,14959
23517,14960
14418,14961
2938,14962
3666,14963
4994,14964
5162,14965
5181,14966
5184,14967
13837,14968
3078,14969
3484,14970
5185,14971
5186,14972
5197,14973
5208,14974
5214,14975
10852,14976
3485,14977
5216,14978
5226,14979
5295,14980
10807,14981
21534,14982
23682,14983
4875,14984
13293,14985
2528,14986
10686,14987
5404,14988
13647,14989
5405,14990
4509,14991
5406,14992
19841,14993
11446,14994
15223,14995
15982,14996
5407,14997
2376,14998
13827,14999
3803,15000
5412,15001
11428,15002
16895,15003
2371,15004
16416,15005
15597,15006
15673,15007
14047,15008
13373,15009
14837,15010
12576,15011
1932,15012
5413,15013
17469,15014
5415,15015
22285,15016
15386,15017
2367,15018
12026,15019
5416,15020
4483,15021
5419,15022
2352,15023
5347,15024
5420,15025
20612,15026
5421,15027
5422,15028
5435,15029
5438,15030
20513,15031
5439,15032
5444,15033
2940,15034
5579,15035
5812,15036
5850,15037
5854,15038
5868,15039
5874,15040
5875,15041
5879,15042
19247,15043
5178,15044
15636,15045
5898,15046
16142,15047
23136,15048
4204,15049
59,15050
5904,15051
5907,15052
5909,15053
5917,15054
3731,15055
4439,15056
3724,15057
23330,15058
1795,15059
2518,15060
24097,15061
598,15062
23707,15063
1317,15064
14167,15065
2034,15066
11785,15067
10302,15068
6081,15069
14271,15070
13480,15071
18102,15072
12222,15073
2432,15074
1695,15075
23199,15076
18563,15077
22928,15078
4772,15079
6096,15080
3109,15081
6097,15082
24028,15083
6098,15084
5227,15085
6099,15086
4521,15087
6100,15088
3816,15089
6112,15090
5863,15091
18449,15092
1615,15093
6113,15094
3057,15095
6115,15096
19016,15097
6116,15098
5860,15099
6117,15100
6120,15101
3736,15102
22551,15103
19010,15104
10020,15105
1593,15106
18719,15107
3339,15108
11298,15109
6121,15110
20605,15111
17657,15112
4429,15113
3721,15114
6210,15115
17295,15116
16948,15117
12691,15118
11900,15119
15035,15120
14531,15121
6285,15122
3677,15123
3235,15124
64,15125
6402,15126
65,15127
6510,15128
6587,15129
6599,15130
66,15131
6602,15132
6603,15133
6608,15134
6611,15135
10854,15136
24000,15137
1356,15138
14836,15139
1373,15140
14046,15141
17228,15142
2750,15143
23797,15144
20957,15145
6616,15146
6624,15147
6626,15148
6710,15149
24135,15150
17735,15151
16545,15152
3304,15153
3059,15154
6724,15155
18243,15156
19043,15157
6781,15158
3111,15159
6782,15160
22319,15161
6783,15162
2389,15163
6784,15164
19854,15165
6792,15166
18238,15167
6794,15168
12044,15169
6795,15170
20613,15171
6798,15172
6804,15173
11418,15174
6805,15175
2331,15176
6813,15177
20566,15178
6822,15179
15800,15180
6853,15181
7021,15182
1125,15183
13869,15184
4997,15185
1411,15186
4986,15187
19189,15188
4616,15189
19909,15190
22854,15191
5667,15192
18115,15193
22208,15194
12160,15195
21691,15196
19914,15197
23705,15198
7200,15199
7234,15200
7255,15201
18559,15202
2641,15203
6844,15204
7281,15205
7282,15206
7290,15207
7293,15208
13832,15209
11429,15210
4203,15211
5561,15212
651,15213
4152,15214
22082,15215
4860,15216
15719,15217
73,15218
7302,15219
7308,15220
7309,15221
11447,15222
4899,15223
7336,15224
7471,15225
3817,15226
16887,15227
17496,15228
5229,15229
23146,15230
7472,15231
23171,15232
7473,15233
20652,15234
7474,15235
18261,15236
7475,15237
4522,15238
7481,15239
24009,15240
7482,15241
20634,15242
10853,15243
6290,15244
19836,15245
7483,15246
4457,15247
7488,15248
21426,15249
7489,15250
4469,15251
18447,15252
5175,15253
18712,15254
7492,15255
3746,15256
16152,15257
5159,15258
6330,15259
11387,15260
7494,15261
7508,15262
13591,15263
7510,15264
10476,15265
761,15266
19972,15267
2521,15268
7658,15269
21447,15270
4442,15271
12210,15272
1723,15273
7768,15274
5605,15275
20675,15276
16993,15277
23493,15278
24230,15279
3005,15280
3698,15281
21716,15282
5111,15283
1557,15284
5299,15285
3847,15286
24063,15287
24018,15288
18251,15289
17489,15290
7881,15291
7889,15292
7948,15293
14639,15294
4416,15295
20057,15296
4450,15297
20949,15298
19516,15299
6572,15300
5451,15301
11706,15302
3462,15303
4339,15304
3248,15305
3629,15306
5754,15307
6429,15308
19205,15309
7904,15310
1091,15311
10644,15312
2291,15313
23545,15314
13288,15315
2984,15316
3652,15317
10323,15318
14870,15319
2773,15320
1412,15321
14663,15322
5804,15323
13187,15324
12493,15325
17886,15326
691,15327
5702,15328
5691,15329
21648,15330
7954,15331
24192,15332
10830,15333
362,15334
1081,15335
19116,15336
6976,15337
1331,15338
19517,15339
20059,15340
2287,15341
2769,15342
7175,15343
7965,15344
7967,15345
20046,15346
5163,15347
2309,15348
3032,15349
12377,15350
6147,15351
23688,15352
7968,15353
7973,15354
7974,15355
7976,15356
7986,15357
7993,15358
10168,15359
19041,15360
23149,15361
19808,15362
19009,15363
5139,15364
20773,15365
7994,15366
16134,15367
8056,15368
19911,15369
23714,15370
18466,15371
21054,15372
21151,15373
4855,15374
11786,15375
5556,15376
14168,15377
6850,15378
8100,15379
6617,15380
18724,15381
8110,15382
8152,15383
21467,15384
8153,15385
22321,15386
8154,15387
3814,15388
4640,15389
5926,15390
4520,15391
21443,15392
8155,15393
21465,15394
3226,15395
4519,15396
3108,15397
19834,15398
8156,15399
5929,15400
8163,15401
19837,15402
11448,15403
8165,15404
22282,15405
14629,15406
3082,15407
8167,15408
5164,15409
14634,15410
8169,15411
1636,15412
8170,15413
8171,15414
5176,15415
8173,15416
8174,15417
2329,15418
8175,15419
2341,15420
8176,15421
2344,15422
8177,15423
4446,15424
8183,15425
23978,15426
8191,15427
3668,15428
8192,15429
2828,15430
10325,15431
6875,15432
8221,15433
8254,15434
682,15435
16184,15436
4984,15437
4274,15438
15114,15439
20784,15440
2498,15441
13893,15442
23231,15443
5920,15444
13032,15445
6128,15446
7997,15447
13320,15448
22929,15449
8359,15450
20254,15451
23712,15452
21055,15453
13374,15454
21907,15455
12577,15456
16263,15457
836,15458
838,15459
8423,15460
16179,15461
8439,15462
8441,15463
8442,15464
8448,15465
17949,15466
8541,15467
4660,15468
6494,15469
8543,15470
855,15471
8553,15472
8564,15473
5357,15474
8572,15475
8103,15476
6525,15477
7209,15478
5066,15479
21612,15480
8575,15481
8583,15482
8591,15483
8599,15484
21715,15485
86,15486
8602,15487
8621,15488
1214,15489
13321,15490
11676,15491
10523,15492
6064,15493
8630,15494
17653,15495
16702,15496
14644,15497
11344,15498
3940,15499
1505,15500
381,15501
6557,15502
16277,15503
21112,15504
3687,15505
18587,15506
6579,15507
10680,15508
6590,15509
11568,15510
19609,15511
816,15512
4775,15513
19511,15514
5071,15515
8242,15516
20309,15517
17888,15518
5701,15519
18478,15520
690,15521
8339,15522
21938,15523
10477,15524
18474,15525
8488,15526
18197,15527
3620,15528
8633,15529
7950,15530
6567,15531
19219,15532
8639,15533
8644,15534
22314,15535
10724,15536
8649,15537
16906,15538
2330,15539
10699,15540
10013,15541
14041,15542
22680,15543
21124,15544
6235,15545
22908,15546
8200,15547
17929,15548
8651,15549
12575,15550
16342,15551
15711,15552
6571,15553
8652,15554
15394,15555
6597,15556
11388,15557
10703,15558
15520,15559
14759,15560
17776,15561
11733,15562
18727,15563
19362,15564
2625,15565
2630,15566
14112,15567
11679,15568
21203,15569
6169,15570
8653,15571
8658,15572
18446,15573
4473,15574
14900,15575
21062,15576
18747,15577
21914,15578
18024,15579
22767,15580
22938,15581
1930,15582
867,15583
21653,15584
1035,15585
4594,15586
22385,15587
24058,15588
20657,15589
13133,15590
8194,15591
11370,15592
17663,15593
5115,15594
4409,15595
5108,15596
13016,15597
12236,15598
15265,15599
13925,15600
24060,15601
18564,15602
18813,15603
8600,15604
23425,15605
7236,15606
10681,15607
3694,15608
14598,15609
13822,15610
21556,15611
22347,15612
6138,15613
6552,15614
7541,15615
20414,15616
8677,15617
7270,15618
12164,15619
1054,15620
1769,15621
2492,15622
19119,15623
4192,15624
6284,15625
14876,15626
8678,15627
6623,15628
8679,15629
5849,15630
12186,15631
8051,15632
6002,15633
1748,15634
19120,15635
5602,15636
2048,15637
4191,15638
869,15639
12454,15640
14751,15641
14952,15642
1589,15643
10370,15644
17011,15645
17761,15646
18566,15647
6239,15648
11776,15649
6924,15650
12568,15651
20212,15652
8288,15653
14159,15654
16301,15655
8361,15656
87,15657
8730,15658
10779,15659
5245,15660
12860,15661
22315,15662
10261,15663
1585,15664
20853,15665
5839,15666
5137,15667
2994,15668
15358,15669
22539,15670
12893,15671
23200,15672
4724,15673
5469,15674
21217,15675
18586,15676
865,15677
874,15678
1594,15679
1587,15680
21631,15681
5315,15682
4613,15683
20708,15684
875,15685
11401,15686
4432,15687
18376,15688
7397,15689
8781,15690
10831,15691
8789,15692
14486,15693
7856,15694
6055,15695
4362,15696
8797,15697
21459,15698
20654,15699
16736,15700
18542,15701
21813,15702
8798,15703
24023,15704
21460,15705
17732,15706
467,15707
2946,15708
7871,15709
8799,15710
12058,15711
19842,15712
2317,15713
10032,15714
7251,15715
18417,15716
7356,15717
8800,15718
2377,15719
3098,15720
7951,15721
8634,15722
2307,15723
16068,15724
3198,15725
20034,15726
15916,15727
13300,15728
16958,15729
15034,15730
16949,15731
17506,15732
14541,15733
23051,15734
19707,15735
19421,15736
14940,15737
21330,15738
16821,15739
21875,15740
2623,15741
11364,15742
20062,15743
3201,15744
19932,15745
23203,15746
20644,15747
15225,15748
2374,15749
3697,15750
3907,15751
4120,15752
11855,15753
4737,15754
5392,15755
23015,15756
23875,15757
23014,15758
5529,15759
18074,15760
3979,15761
5816,15762
17664,15763
4408,15764
6653,15765
3865,15766
21533,15767
15998,15768
20960,15769
20416,15770
6824,15771
7503,15772
22046,15773
7915,15774
10672,15775
19226,15776
3157,15777
17532,15778
16239,15779
19363,15780
3700,15781
7013,15782
886,15783
8862,15784
2388,15785
1802,15786
3106,15787
8863,15788
18259,15789
5342,15790
6628,15791
19059,15792
17488,15793
6142,15794
8864,15795
5930,15796
8865,15797
1670,15798
8866,15799
5228,15800
1088,15801
1667,15802
21466,15803
19036,15804
8873,15805
17467,15806
17646,15807
23991,15808
3497,15809
23631,15810
7687,15811
21068,15812
13376,15813
21920,15814
15720,15815
14747,15816
8874,15817
2365,15818
8876,15819
4470,15820
8877,15821
19015,15822
8878,15823
2348,15824
13045,15825
8881,15826
22279,15827
8882,15828
7284,15829
11460,15830
7969,15831
22074,15832
2313,15833
10294,15834
17449,15835
379,15836
8356,15837
8884,15838
8885,15839
5149,15840
13845,15841
7271,15842
14742,15843
3621,15844
6573,15845
2312,15846
4200,15847
8887,15848
5853,15849
8888,15850
2303,15851
12263,15852
862,15853
19805,15854
7912,15855
889,15856
20846,15857
3052,15858
7604,15859
21200,15860
7940,15861
10275,15862
10720,15863
13157,15864
17768,15865
18567,15866
20165,15867
20961,15868
22667,15869
23686,15870
7608,15871
8894,15872
19007,15873
23414,15874
19807,15875
20606,15876
8905,15877
11291,15878
8931,15879
14084,15880
15627,15881
21415,15882
18470,15883
895,15884
15395,15885
10049,15886
14164,15887
10017,15888
13950,15889
16265,15890
17018,15891
17172,15892
1908,15893
13318,15894
20175,15895
12524,15896
20281,15897
19599,15898
22663,15899
23537,15900
21978,15901
8225,15902
11732,15903
19483,15904
20398,15905
21017,15906
8976,15907
23063,15908
8136,15909
17293,15910
16543,15911
16542,15912
6642,15913
8082,15914
17536,15915
14720,15916
23925,15917
450,15918
6598,15919
16150,15920
898,15921
23789,15922
6577,15923
7672,15924
902,15925
16149,15926
1622,15927
21220,15928
7263,15929
14107,15930
905,15931
16902,15932
5873,15933
6309,15934
9057,15935
15220,15936
6586,15937
24209,15938
1772,15939
1057,15940
338,15941
5246,15942
907,15943
9098,15944
8409,15945
7047,15946
12145,15947
10844,15948
20704,15949
10849,15950
22625,15951
10257,15952
24022,15953
23162,15954
2684,15955
6041,15956
19835,15957
20633,15958
5843,15959
2306,15960
11275,15961
1192,15962
3244,15963
3654,15964
5364,15965
5072,15966
3366,15967
12006,15968
16928,15969
16658,15970
6188,15971
13593,15972
4673,15973
15156,15974
17416,15975
11153,15976
23383,15977
632,15978
6673,15979
12921,15980
15468,15981
6606,15982
15388,15983
7273,15984
18543,15985
7291,15986
6289,15987
7807,15988
5369,15989
810,15990
1092,15991
2530,15992
10651,15993
11336,15994
10589,15995
17603,15996
2976,15997
2253,15998
4647,15999
7850,16000
22488,16001
16882,16002
18318,16003
6806,16004
5837,16005
13055,16006
1583,16007
809,16008
8111,16009
6491,16010
2672,16011
15152,16012
20071,16013
516,16014
7761,16015
7084,16016
4295,16017
823,16018
3680,16019
10312,16020
10998,16021
14330,16022
14774,16023
14332,16024
15096,16025
1942,16026
16604,16027
6866,16028
18950,16029
8234,16030
14331,16031
8243,16032
8245,16033
23668,16034
5588,16035
826,16036
11474,16037
10669,16038
13060,16039
863,16040
1554,16041
13754,16042
16128,16043
19913,16044
12066,16045
1885,16046
22868,16047
17963,16048
3308,16049
4427,16050
23415,16051
3025,16052
2302,16053
2275,16054
14544,16055
335,16056
23222,16057
17517,16058
3525,16059
19385,16060
15530,16061
21027,16062
22016,16063
473,16064
21128,16065
16358,16066
14113,16067
17110,16068
12526,16069
11677,16070
12471,16071
4839,16072
5135,16073
5424,16074
3018,16075
18458,16076
1575,16077
5126,16078
6549,16079
7930,16080
8305,16081
10009,16082
8960,16083
15909,16084
15419,16085
17412,16086
18181,16087
11150,16088
16809,16089
3221,16090
15272,16091
1188,16092
16660,16093
91,16094
910,16095
7676,16096
9118,16097
11482,16098
7757,16099
7080,16100
10468,16101
18390,16102
340,16103
10926,16104
15273,16105
22281,16106
4734,16107
8438,16108
9128,16109
3964,16110
914,16111
15661,16112
2030,16113
17953,16114
21057,16115
22940,16116
2751,16117
12582,16118
1929,16119
917,16120
18445,16121
3077,16122
1447,16123
9171,16124
92,16125
923,16126
9230,16127
7428,16128
10591,16129
1951,16130
4071,16131
16661,16132
5008,16133
13069,16134
11156,16135
10473,16136
9237,16137
9250,16138
3241,16139
10613,16140
1503,16141
9258,16142
926,16143
11455,16144
2363,16145
4898,16146
22563,16147
15193,16148
3461,16149
4363,16150
3953,16151
5073,16152
515,16153
7559,16154
7760,16155
11481,16156
3587,16157
13589,16158
9114,16159
14561,16160
9261,16161
6735,16162
9286,16163
373,16164
9299,16165
15405,16166
11352,16167
9300,16168
9308,16169
13003,16170
2446,16171
23223,16172
16006,16173
18557,16174
14114,16175
1891,16176
20361,16177
19407,16178
21163,16179
3423,16180
4011,16181
4421,16182
7243,16183
371,16184
11376,16185
10691,16186
8304,16187
18204,16188
9312,16189
9314,16190
9323,16191
16158,16192
22272,16193
2295,16194
834,16195
9329,16196
9334,16197
9338,16198
12259,16199
17643,16200
19056,16201
18256,16202
20131,16203
10611,16204
23192,16205
10344,16206
11012,16207
1235,16208
12689,16209
15538,16210
16237,16211
11369,16212
18265,16213
10949,16214
11543,16215
11547,16216
12334,16217
12337,16218
12338,16219
12344,16220
14272,16221
15479,16222
16234,16223
16238,16224
16662,16225
16984,16226
12805,16227
17734,16228
14276,16229
18165,16230
18531,16231
18789,16232
1894,16233
19264,16234
19334,16235
20132,16236
19713,16237
20134,16238
20135,16239
12589,16240
20928,16241
20931,16242
21779,16243
13588,16244
21781,16245
21894,16246
13385,16247
22155,16248
22633,16249
12692,16250
22634,16251
23114,16252
2324,16253
23489,16254
17298,16255
23490,16256
22202,16257
23500,16258
18778,16259
2382,16260
17222,16261
23927,16262
23976,16263
22578,16264
18157,16265
18958,16266
2621,16267
3002,16268
3043,16269
1925,16270
3310,16271
15123,16272
3365,16273
3412,16274
21300,16275
3272,16276
4015,16277
17381,16278
4022,16279
4407,16280
4447,16281
15496,16282
10622,16283
15499,16284
11295,16285
17754,16286
20155,16287
22658,16288
3325,16289
10594,16290
4736,16291
4739,16292
4781,16293
17414,16294
1122,16295
5113,16296
4646,16297
3699,16298
517,16299
18981,16300
5343,16301
18257,16302
19057,16303
14719,16304
5398,16305
11796,16306
23806,16307
5712,16308
5791,16309
6139,16310
6399,16311
6553,16312
6554,16313
6766,16314
23924,16315
23062,16316
20508,16317
6883,16318
15880,16319
13079,16320
20565,16321
19765,16322
17373,16323
22506,16324
3891,16325
12304,16326
7082,16327
14656,16328
7238,16329
4402,16330
12223,16331
13029,16332
23266,16333
12862,16334
1221,16335
15484,16336
10684,16337
18014,16338
7509,16339
18199,16340
7731,16341
7762,16342
7867,16343
7877,16344
7884,16345
7939,16346
1204,16347
1215,16348
5089,16349
14649,16350
1511,16351
7528,16352
7204,16353
5355,16354
6520,16355
11311,16356
1481,16357
22469,16358
1798,16359
791,16360
8019,16361
840,16362
8440,16363
7759,16364
3585,16365
24207,16366
1059,16367
1160,16368
13708,16369
21428,16370
5346,16371
19815,16372
14086,16373
13852,16374
10001,16375
4876,16376
8443,16377
3259,16378
15153,16379
8545,16380
8597,16381
8709,16382
881,16383
1209,16384
8560,16385
1099,16386
8895,16387
864,16388
18456,16389
2304,16390
18208,16391
2271,16392
17617,16393
23398,16394
16781,16395
12068,16396
19364,16397
23786,16398
19388,16399
2613,16400
1584,16401
8930,16402
9120,16403
9252,16404
9304,16405
5972,16406
4575,16407
20162,16408
17221,16409
9311,16410
22567,16411
9313,16412
934,16413
8804,16414
3092,16415
4205,16416
9340,16417
1216,16418
16384,16419
2277,16420
16278,16421
12495,16422
17885,16423
704,16424
4671,16425
5725,16426
5021,16427
9343,16428
485,16429
17137,16430
841,16431
17782,16432
11704,16433
2050,16434
20591,16435
17671,16436
19791,16437
22269,16438
9345,16439
10029,16440
10698,16441
14563,16442
8754,16443
9353,16444
1212,16445
6162,16446
2224,16447
6736,16448
1500,16449
7191,16450
382,16451
6506,16452
11296,16453
10579,16454
17570,16455
3205,16456
21573,16457
3296,16458
2360,16459
936,16460
16892,16461
5206,16462
13317,16463
17860,16464
21147,16465
1314,16466
13377,16467
4861,16468
12580,16469
21808,16470
9365,16471
9370,16472
9391,16473
940,16474
12241,16475
5215,16476
5916,16477
2314,16478
3037,16479
3030,16480
15311,16481
19238,16482
3199,16483
10206,16484
17276,16485
15018,16486
19496,16487
1281,16488
1282,16489
17822,16490
17824,16491
18623,16492
19426,16493
22031,16494
2412,16495
19078,16496
19064,16497
14722,16498
15486,16499
2721,16500
3701,16501
20060,16502
2283,16503
1563,16504
5530,16505
562,16506
6823,16507
7237,16508
12267,16509
8592,16510
8601,16511
7918,16512
7909,16513
6654,16514
15370,16515
16780,16516
19081,16517
8223,16518
4244,16519
1937,16520
8701,16521
14610,16522
12892,16523
12072,16524
11575,16525
19615,16526
2659,16527
7512,16528
3006,16529
9408,16530
8726,16531
22392,16532
8341,16533
611,16534
6975,16535
9412,16536
17194,16537
15652,16538
21493,16539
12339,16540
12999,16541
14723,16542
19337,16543
3003,16544
20061,16545
1560,16546
5114,16547
5814,16548
23426,16549
1558,16550
2279,16551
2272,16552
4569,16553
5990,16554
15263,16555
12073,16556
13648,16557
21455,16558
15217,16559
9007,16560
9392,16561
14748,16562
15714,16563
20734,16564
4771,16565
943,16566
12239,16567
5219,16568
22833,16569
18816,16570
12392,16571
13185,16572
8484,16573
9436,16574
20710,16575
13892,16576
16631,16577
9463,16578
17418,16579
21969,16580
17505,16581
14530,16582
15487,16583
21783,16584
22727,16585
23491,16586
3000,16587
19266,16588
1556,16589
10678,16590
3931,16591
7018,16592
7914,16593
11473,16594
4406,16595
5112,16596
5106,16597
21675,16598
2434,16599
19138,16600
19365,16601
3537,16602
828,16603
23390,16604
837,16605
20865,16606
2278,16607
8872,16608
7698,16609
9470,16610
9481,16611
24014,16612
21451,16613
10030,16614
9346,16615
7935,16616
24249,16617
1726,16618
2449,16619
14475,16620
8871,16621
10650,16622
5349,16623
10592,16624
9285,16625
1490,16626
1963,16627
23982,16628
21726,16629
16633,16630
2685,16631
18966,16632
13078,16633
20571,16634
529,16635
15129,16636
13871,16637
16636,16638
17387,16639
23117,16640
16113,16641
271,16642
21537,16643
24059,16644
1220,16645
4012,16646
18027,16647
483,16648
10289,16649
23785,16650
4063,16651
3357,16652
21213,16653
4948,16654
5474,16655
5967,16656
6181,16657
19610,16658
15539,16659
14778,16660
18961,16661
20875,16662
19287,16663
12749,16664
16602,16665
2784,16666
10346,16667
10349,16668
14153,16669
3392,16670
6212,16671
8039,16672
18455,16673
8267,16674
9336,16675
5447,16676
9483,16677
13294,16678
13645,16679
3734,16680
12208,16681
10778,16682
288,16683
1007,16684
1696,16685
12499,16686
4167,16687
5601,16688
23422,16689
2289,16690
4168,16691
9486,16692
23998,16693
7657,16694
18460,16695
10687,16696
7654,16697
7177,16698
5363,16699
7857,16700
2671,16701
6873,16702
10478,16703
5375,16704
12013,16705
14383,16706
6874,16707
14381,16708
21721,16709
12803,16710
7085,16711
20069,16712
10479,16713
11162,16714
9115,16715
22523,16716
951,16717
3935,16718
5225,16719
5927,16720
19368,16721
22297,16722
13957,16723
9511,16724
7796,16725
8477,16726
21953,16727
17045,16728
18594,16729
18806,16730
1968,16731
20989,16732
23550,16733
2686,16734
4084,16735
5495,16736
6882,16737
952,16738
15219,16739
15515,16740
17765,16741
9528,16742
19675,16743
953,16744
369,16745
949,16746
4523,16747
22296,16748
3351,16749
9533,16750
21286,16751
7695,16752
4182,16753
12437,16754
12439,16755
13231,16756
14022,16757
14936,16758
17079,16759
19444,16760
20240,16761
21044,16762
23609,16763
954,16764
9544,16765
23168,16766
16133,16767
24021,16768
1671,16769
11574,16770
21444,16771
9545,16772
5928,16773
2525,16774
3812,16775
3815,16776
16735,16777
17008,16778
20167,16779
7517,16780
9546,16781
19060,16782
6723,16783
19054,16784
23169,16785
15501,16786
19037,16787
14754,16788
17009,16789
23502,16790
23520,16791
4767,16792
8199,16793
8906,16794
8908,16795
9547,16796
19061,16797
8095,16798
20647,16799
9548,16800
24029,16801
6039,16802
18254,16803
2390,16804
20632,16805
13164,16806
955,16807
15977,16808
17766,16809
1904,16810
9553,16811
7311,16812
11445,16813
2379,16814
12527,16815
17109,16816
11735,16817
16357,16818
18732,16819
17876,16820
18674,16821
20417,16822
16281,16823
17034,16824
2174,16825
7843,16826
9210,16827
2543,16828
9555,16829
1641,16830
15389,16831
5889,16832
725,16833
9556,16834
23148,16835
13828,16836
9557,16837
6605,16838
9558,16839
9352,16840
20849,16841
10722,16842
14419,16843
7515,16844
2897,16845
6749,16846
4330,16847
8629,16848
19525,16849
9167,16850
19797,16851
10889,16852
12206,16853
19274,16854
3258,16855
6404,16856
6674,16857
17529,16858
22640,16859
7764,16860
8444,16861
7763,16862
14783,16863
16579,16864
19402,16865
21003,16866
2123,16867
21403,16868
18612,16869
12728,16870
12297,16871
21871,16872
22231,16873
4968,16874
13885,16875
5671,16876
3553,16877
18119,16878
20014,16879
1728,16880
21570,16881
20203,16882
7030,16883
8172,16884
5161,16885
8445,16886
15543,16887
13519,16888
21855,16889
15069,16890
22259,16891
14791,16892
23582,16893
15826,16894
17694,16895
2691,16896
16585,16897
535,16898
6349,16899
7033,16900
18490,16901
8446,16902
1254,16903
13196,16904
19772,16905
17810,16906
14315,16907
17690,16908
19415,16909
18938,16910
21386,16911
22241,16912
22216,16913
22524,16914
23096,16915
23454,16916
15829,16917
13518,16918
23076,16919
18416,16920
2450,16921
24157,16922
13916,16923
20998,16924
13525,16925
3751,16926
4091,16927
16589,16928
4265,16929
8578,16930
376,16931
771,16932
2246,16933
1238,16934
22919,16935
23553,16936
22696,16937
770,16938
14581,16939
7357,16940
18539,16941
16471,16942
20963,16943
21815,16944
4443,16945
13815,16946
139,16947
33,16948
6530,16949
8040,16950
19121,16951
18320,16952
17964,16953
7620,16954
3713,16955
15402,16956
21708,16957
16704,16958
3019,16959
3684,16960
1808,16961
10647,16962
22051,16963
21845,16964
5100,16965
4394,16966
10334,16967
1964,16968
21196,16969
22049,16970
2690,16971
18793,16972
3378,16973
19594,16974
4089,16975
22903,16976
4794,16977
20394,16978
530,16979
16465,16980
5829,16981
16292,16982
20204,16983
16541,16984
6197,16985
17217,16986
7222,16987
10655,16988
8582,16989
8731,16990
21576,16991
6797,16992
3748,16993
11461,16994
3055,16995
11585,16996
16472,16997
10960,16998
13965,16999
17763,17000
22662,17001
2626,17002
2655,17003
14767,17004
12525,17005
20959,17006
16420,17007
23647,17008
22057,17009
17056,17010
16303,17011
17813,17012
22235,17013
22597,17014
21380,17015
23958,17016
21360,17017
3556,17018
19291,17019
2845,17020
5267,17021
10096,17022
5503,17023
21376,17024
18493,17025
16576,17026
17327,17027
6310,17028
6829,17029
6144,17030
6996,17031
7678,17032
7630,17033
2103,17034
8313,17035
2825,17036
13999,17037
11619,17038
15550,17039
17054,17040
17336,17041
17340,17042
18488,17043
18489,17044
11943,17045
12734,17046
23939,17047
20816,17048
1008,17049
9081,17050
17691,17051
8391,17052
7710,17053
23077,17054
9099,17055
9283,17056
19396,17057
14284,17058
956,17059
9562,17060
8646,17061
13049,17062
7962,17063
13372,17064
11586,17065
14753,17066
17743,17067
17777,17068
21977,17069
21935,17070
22056,17071
22829,17072
22789,17073
19600,17074
14001,17075
6826,17076
9563,17077
5174,17078
13839,17079
7286,17080
14110,17081
18660,17082
22847,17083
17862,17084
20262,17085
13375,17086
22083,17087
11573,17088
9564,17089
23130,17090
16147,17091
20611,17092
5616,17093
21065,17094
648,17095
2035,17096
16476,17097
2756,17098
21228,17099
16261,17100
9566,17101
3742,17102
9567,17103
4449,17104
9569,17105
3739,17106
13051,17107
7958,17108
6493,17109
9578,17110
5836,17111
11469,17112
3720,17113
9579,17114
19005,17115
22556,17116
5835,17117
5133,17118
9586,17119
17413,17120
3966,17121
12010,17122
12802,17123
11152,17124
9589,17125
7803,17126
8121,17127
5041,17128
3622,17129
7113,17130
12181,17131
12275,17132
12014,17133
12806,17134
11611,17135
16634,17136
13210,17137
19403,17138
17333,17139
19740,17140
20541,17141
11506,17142
18934,17143
18133,17144
18117,17145
22705,17146
11935,17147
4597,17148
5376,17149
12807,17150
12015,17151
12405,17152
15128,17153
20200,17154
20548,17155
21869,17156
20545,17157
23563,17158
21378,17159
17693,17160
23954,17161
2692,17162
15078,17163
5955,17164
11553,17165
11139,17166
13874,17167
15118,17168
9519,17169
16664,17170
9124,17171
12403,17172
15072,17173
17805,17174
16572,17175
20570,17176
14004,17177
2120,17178
13092,17179
23565,17180
17326,17181
2842,17182
677,17183
18918,17184
23368,17185
317,17186
19145,17187
17804,17188
4262,17189
8879,17190
10734,17191
13048,17192
7966,17193
13172,17194
13319,17195
14741,17196
15503,17197
19358,17198
18556,17199
22665,17200
4056,17201
3350,17202
6141,17203
6920,17204
11777,17205
8619,17206
10956,17207
10957,17208
11663,17209
11056,17210
13246,17211
12569,17212
16267,17213
17020,17214
20166,17215
10372,17216
23523,17217
22666,17218
2728,17219
2006,17220
5468,17221
4766,17222
6568,17223
11662,17224
12456,17225
19598,17226
6832,17227
22830,17228
7607,17229
8291,17230
3954,17231
4354,17232
9028,17233
11778,17234
9609,17235
4376,17236
20869,17237
2232,17238
2954,17239
5069,17240
13767,17241
3184,17242
9612,17243
7195,17244
3949,17245
19798,17246
4374,17247
9613,17248
20408,17249
4799,17250
1252,17251
11987,17252
20080,17253
11138,17254
9624,17255
22819,17256
9628,17257
11960,17258
9646,17259
18006,17260
9659,17261
13481,17262
7455,17263
9660,17264
9662,17265
9664,17266
7585,17267
9684,17268
18798,17269
18611,17270
12418,17271
16304,17272
16575,17273
19747,17274
20892,17275
22237,17276
12730,17277
21358,17278
23456,17279
23580,17280
23956,17281
20091,17282
23094,17283
22233,17284
22213,17285
13773,17286
9687,17287
18796,17288
14002,17289
11626,17290
14793,17291
15555,17292
15822,17293
16192,17294
15065,17295
23092,17296
12298,17297
11934,17298
12725,17299
12717,17300
24232,17301
5297,17302
14495,17303
442,17304
3747,17305
7029,17306
15438,17307
6345,17308
5670,17309
11926,17310
21652,17311
4595,17312
12907,17313
18603,17314
9561,17315
3054,17316
22547,17317
9689,17318
6741,17319
10574,17320
1955,17321
13368,17322
2677,17323
20406,17324
13193,17325
13986,17326
15854,17327
11501,17328
17355,17329
4096,17330
22205,17331
537,17332
4255,17333
5485,17334
22063,17335
16295,17336
15542,17337
18150,17338
23445,17339
12750,17340
11026,17341
11027,17342
15797,17343
18907,17344
6764,17345
23928,17346
7454,17347
20512,17348
19711,17349
19708,17350
22507,17351
7579,17352
17299,17353
16947,17354
8263,17355
13485,17356
16194,17357
11903,17358
12694,17359
11896,17360
23367,17361
318,17362
4720,17363
11422,17364
8839,17365
20514,17366
18107,17367
23922,17368
20000,17369
9521,17370
23926,17371
21347,17372
12687,17373
24231,17374
5298,17375
14493,17376
14713,17377
17733,17378
900,17379
20045,17380
1620,17381
19618,17382
5448,17383
17934,17384
19479,17385
23691,17386
20277,17387
21981,17388
14844,17389
11252,17390
15604,17391
10569,17392
10862,17393
1472,17394
7552,17395
7946,17396
10296,17397
11303,17398
13313,17399
3335,17400
16700,17401
1096,17402
380,17403
6512,17404
7197,17405
5772,17406
8460,17407
14777,17408
13568,17409
12286,17410
21398,17411
22253,17412
15115,17413
7569,17414
19766,17415
14667,17416
18159,17417
18960,17418
16622,17419
8927,17420
18999,17421
7423,17422
5085,17423
5787,17424
3648,17425
12177,17426
1757,17427
9703,17428
10694,17429
12266,17430
13851,17431
7929,17432
11379,17433
10671,17434
3693,17435
18624,17436
17978,17437
1999,17438
20221,17439
14143,17440
22030,17441
22726,17442
17208,17443
23585,17444
11763,17445
2973,17446
3413,17447
16456,17448
4829,17449
23741,17450
5531,17451
12554,17452
805,17453
18465,17454
5800,17455
13352,17456
18628,17457
8613,17458
21023,17459
21879,17460
11821,17461
9303,17462
11356,17463
2974,17464
22733,17465
18052,17466
9710,17467
23769,17468
15549,17469
16302,17470
15835,17471
17812,17472
16582,17473
20890,17474
13523,17475
14313,17476
21743,17477
18941,17478
18140,17479
22721,17480
14307,17481
19293,17482
23074,17483
23369,17484
3180,17485
9738,17486
22298,17487
8637,17488
3851,17489
1792,17490
9459,17491
8777,17492
20713,17493
9056,17494
8337,17495
17914,17496
17662,17497
5822,17498
612,17499
9229,17500
1105,17501
9739,17502
5578,17503
16389,17504
1332,17505
23423,17506
5120,17507
5776,17508
6740,17509
11274,17510
11013,17511
6397,17512
12276,17513
11155,17514
8959,17515
4297,17516
16926,17517
10474,17518
11157,17519
9644,17520
10472,17521
8838,17522
12007,17523
14377,17524
974,17525
24057,17526
21471,17527
11545,17528
11546,17529
11366,17530
18534,17531
20864,17532
2280,17533
18463,17534
7919,17535
3939,17536
839,17537
5815,17538
5809,17539
15357,17540
5275,17541
18301,17542
14724,17543
19874,17544
17021,17545
21218,17546
4061,17547
20187,17548
10877,17549
10527,17550
6194,17551
8133,17552
18179,17553
15362,17554
13565,17555
13557,17556
18122,17557
20530,17558
18916,17559
19722,17560
20518,17561
18422,17562
225,17563
101,17564
9315,17565
975,17566
13928,17567
19875,17568
5467,17569
22073,17570
17786,17571
18585,17572
9779,17573
15872,17574
12976,17575
1038,17576
13137,17577
23778,17578
319,17579
2415,17580
3137,17581
13108,17582
14816,17583
2310,17584
11467,17585
16157,17586
10023,17587
18454,17588
3727,17589
4435,17590
4937,17591
5151,17592
19251,17593
21699,17594
22549,17595
2327,17596
3050,17597
12355,17598
13943,17599
13948,17600
15500,17601
1502,17602
17392,17603
22657,17604
11314,17605
22659,17606
4740,17607
10602,17608
5095,17609
5441,17610
4377,17611
5540,17612
5798,17613
6205,17614
19591,17615
6219,17616
6523,17617
6562,17618
20857,17619
22559,17620
5801,17621
1576,17622
3686,17623
6594,17624
6904,17625
18098,17626
7256,17627
10293,17628
10973,17629
10629,17630
16162,17631
1514,17632
1913,17633
3669,17634
3237,17635
4749,17636
11322,17637
1809,17638
477,17639
5788,17640
5086,17641
5797,17642
20066,17643
3679,17644
10637,17645
6848,17646
7278,17647
11564,17648
13149,17649
13150,17650
13942,17651
14736,17652
1522,17653
15497,17654
13626,17655
16253,17656
20955,17657
2243,17658
23514,17659
23516,17660
2961,17661
4285,17662
4434,17663
10966,17664
10979,17665
1198,17666
1200,17667
2966,17668
2532,17669
4041,17670
6508,17671
7527,17672
7207,17673
10856,17674
7533,17675
782,17676
1102,17677
7887,17678
789,17679
3946,17680
2955,17681
2233,17682
11266,17683
19997,17684
6007,17685
19153,17686
12331,17687
23518,17688
4485,17689
794,17690
10584,17691
20797,17692
321,17693
7944,17694
4404,17695
16279,17696
10520,17697
4760,17698
11203,17699
11476,17700
7955,17701
14603,17702
160,17703
52,17704
799,17705
1519,17706
1486,17707
8213,17708
8215,17709
8219,17710
15930,17711
835,17712
13977,17713
15173,17714
10879,17715
17434,17716
16683,17717
8556,17718
5360,17719
7873,17720
8570,17721
8584,17722
807,17723
8626,17724
7943,17725
2999,17726
15527,17727
14400,17728
3346,17729
13611,17730
6065,17731
15174,17732
15931,17733
10509,17734
8916,17735
802,17736
19269,17737
11325,17738
10640,17739
8923,17740
2238,17741
6733,17742
4383,17743
3675,17744
8929,17745
10619,17746
4656,17747
9222,17748
22503,17749
10127,17750
23302,17751
22623,17752
5901,17753
16140,17754
5200,17755
6308,17756
591,17757
19553,17758
22759,17759
12579,17760
23617,17761
22937,17762
6165,17763
9244,17764
9264,17765
9270,17766
9271,17767
1810,17768
2241,17769
2964,17770
7173,17771
16831,17772
6006,17773
21592,17774
17001,17775
23475,17776
17478,17777
18443,17778
12843,17779
14901,17780
19460,17781
22001,17782
17858,17783
16477,17784
20257,17785
15721,17786
21809,17787
9274,17788
9276,17789
9326,17790
7246,17791
11033,17792
5350,17793
11331,17794
22043,17795
5509,17796
18879,17797
5510,17798
4809,17799
18086,17800
7901,17801
7221,17802
10347,17803
11030,17804
17986,17805
19587,17806
1975,17807
20387,17808
2250,17809
3389,17810
17214,17811
4100,17812
22895,17813
9358,17814
10042,17815
11389,17816
10287,17817
1206,17818
12356,17819
12357,17820
13946,17821
14739,17822
1510,17823
15498,17824
16248,17825
17753,17826
1926,17827
21803,17828
2635,17829
3676,17830
4029,17831
4365,17832
4370,17833
4384,17834
16916,17835
4741,17836
3656,17837
10176,17838
2220,17839
2942,17840
4752,17841
479,17842
5093,17843
6163,17844
6517,17845
6527,17846
6528,17847
6845,17848
7171,17849
7184,17850
7211,17851
15407,17852
7212,17853
2533,17854
11320,17855
10635,17856
766,17857
15323,17858
7374,17859
7864,17860
6052,17861
6499,17862
11287,17863
5773,17864
7878,17865
7891,17866
8209,17867
15949,17868
10172,17869
16701,17870
17452,17871
8557,17872
8561,17873
3948,17874
7198,17875
6513,17876
10583,17877
16078,17878
8565,17879
5356,17880
20598,17881
19799,17882
8574,17883
7851,17884
24227,17885
9251,17886
18469,17887
9661,17888
21189,17889
9793,17890
12163,17891
21687,17892
8880,17893
4472,17894
9795,17895
21667,17896
9797,17897
12277,17898
13586,17899
14376,17900
10467,17901
98,17902
9800,17903
13861,17904
9801,17905
10203,17906
9802,17907
9122,17908
9804,17909
17674,17910
14382,17911
12012,17912
9808,17913
10483,17914
6394,17915
9822,17916
10497,17917
2869,17918
14525,17919
7408,17920
19384,17921
9845,17922
9847,17923
7438,17924
9159,17925
9166,17926
9151,17927
12162,17928
13862,17929
12804,17930
15418,17931
15157,17932
15914,17933
15127,17934
13209,17935
15073,17936
16663,17937
13990,17938
17692,17939
18164,17940
19405,17941
20546,17942
19745,17943
15819,17944
20785,17945
21005,17946
17325,17947
21856,17948
18932,17949
21857,17950
20538,17951
22229,17952
22710,17953
23085,17954
3908,17955
24151,17956
13988,17957
15830,17958
3910,17959
19930,17960
21791,17961
18898,17962
4802,17963
4969,17964
5672,17965
23455,17966
4263,17967
3554,17968
6110,17969
5862,17970
16151,17971
3749,17972
10016,17973
10702,17974
1195,17975
1222,17976
12363,17977
12366,17978
13161,17979
13163,17980
13249,17981
13954,17982
14038,17983
15514,17984
11731,17985
15663,17986
16254,17987
17757,17988
18565,17989
19366,17990
19367,17991
19376,17992
16419,17993
20184,17994
17171,17995
11680,17996
21199,17997
21792,17998
21827,17999
23522,18000
23648,18001
17997,18002
23765,18003
22723,18004
12419,18005
17060,18006
18130,18007
16191,18008
18131,18009
16190,18010
13514,18011
18931,18012
23766,18013
2656,18014
1934,18015
501,18016
5445,18017
6827,18018
11664,18019
6830,18020
12364,18021
14832,18022
7457,18023
23912,18024
20502,18025
1998,18026
15699,18027
17075,18028
22186,18029
7518,18030
8198,18031
8224,18032
9001,18033
21201,18034
11623,18035
23581,18036
2121,18037
22598,18038
15071,18039
15828,18040
11123,18041
18391,18042
339,18043
12913,18044
13197,18045
1873,18046
10047,18047
2843,18048
6202,18049
21374,18050
15437,18051
23952,18052
23090,18053
9005,18054
8292,18055
9079,18056
24208,18057
1058,18058
19944,18059
1164,18060
9363,18061
9520,18062
13590,18063
14380,18064
12407,18065
15126,18066
16307,18067
1398,18068
17058,18069
11933,18070
18125,18071
20202,18072
12724,18073
14675,18074
14305,18075
13515,18076
17320,18077
19192,18078
23567,18079
2119,18080
16944,18081
15824,18082
16574,18083
23568,18084
19734,18085
5316,18086
8256,18087
18928,18088
16945,18089
18127,18090
23947,18091
9588,18092
1288,18093
569,18094
3245,18095
5065,18096
1240,18097
21209,18098
9590,18099
10373,18100
11057,18101
6056,18102
4784,18103
23776,18104
6201,18105
17048,18106
11959,18107
22588,18108
13541,18109
17069,18110
22203,18111
15441,18112
12695,18113
11904,18114
18903,18115
21629,18116
22540,18117
2600,18118
13631,18119
538,18120
15039,18121
7166,18122
4074,18123
18804,18124
8246,18125
19606,18126
12401,18127
11607,18128
15853,18129
21735,18130
17354,18131
16316,18132
11901,18133
8264,18134
14273,18135
14680,18136
22201,18137
21345,18138
13479,18139
22484,18140
8840,18141
13483,18142
14274,18143
22198,18144
8975,18145
16548,18146
6765,18147
15041,18148
15798,18149
23059,18150
9522,18151
16546,18152
17296,18153
23921,18154
23343,18155
341,18156
448,18157
15201,18158
11466,18159
3735,18160
16256,18161
9658,18162
19712,18163
6080,18164
14275,18165
13484,18166
9688,18167
22053,18168
14795,18169
14006,18170
15554,18171
20215,18172
20534,18173
20895,18174
14300,18175
11929,18176
21371,18177
6763,18178
22226,18179
23087,18180
9760,18181
23345,18182
1773,18183
24141,18184
10930,18185
8650,18186
13841,18187
9852,18188
20988,18189
21102,18190
701,18191
533,18192
21955,18193
4886,18194
15858,18195
9858,18196
10190,18197
4314,18198
15177,18199
400,18200
15158,18201
13860,18202
14367,18203
13074,18204
13577,18205
15898,18206
16627,18207
16312,18208
21094,18209
2157,18210
17792,18211
23576,18212
20295,18213
20291,18214
14280,18215
23663,18216
7767,18217
4801,18218
18694,18219
5693,18220
12411,18221
17896,18222
23653,18223
13502,18224
1839,18225
12711,18226
4258,18227
4961,18228
12179,18229
8436,18230
22698,18231
22805,18232
21088,18233
8456,18234
19395,18235
18699,18236
23650,18237
17361,18238
13877,18239
15103,18240
15860,18241
13538,18242
13769,18243
320,18244
10982,18245
14415,18246
3375,18247
5358,18248
6846,18249
3662,18250
1817,18251
7531,18252
783,18253
4658,18254
16696,18255
7193,18256
8535,18257
23363,18258
1041,18259
20744,18260
13126,18261
1637,18262
7513,18263
9254,18264
986,18265
22350,18266
21458,18267
3103,18268
15218,18269
16322,18270
21297,18271
9891,18272
7779,18273
12398,18274
20567,18275
23434,18276
22255,18277
21400,18278
15873,18279
21666,18280
291,18281
6198,18282
23116,18283
15429,18284
21399,18285
16630,18286
17374,18287
13793,18288
10782,18289
11512,18290
9650,18291
23979,18292
16938,18293
15124,18294
15881,18295
15116,18296
22522,18297
99,18298
9900,18299
12157,18300
3914,18301
9903,18302
21647,18303
4599,18304
22429,18305
8875,18306
5892,18307
13042,18308
1643,18309
14399,18310
9904,18311
9911,18312
11014,18313
15908,18314
13070,18315
17411,18316
16659,18317
5711,18318
17561,18319
10148,18320
19942,18321
3301,18322
5437,18323
15150,18324
5877,18325
12252,18326
3763,18327
7561,18328
7758,18329
8837,18330
9643,18331
12800,18332
14657,18333
14378,18334
15151,18335
5007,18336
15298,18337
9917,18338
1818,18339
7180,18340
7860,18341
9897,18342
19173,18343
1799,18344
12108,18345
20156,18346
8883,18347
5173,18348
15392,18349
3760,18350
9070,18351
599,18352
3512,18353
1318,18354
14959,18355
22773,18356
19626,18357
8936,18358
9919,18359
9215,18360
19970,18361
6031,18362
9922,18363
8108,18364
9240,18365
2944,18366
10582,18367
20795,18368
5300,18369
22424,18370
7491,18371
8657,18372
14631,18373
10054,18374
18723,18375
20259,18376
14913,18377
20260,18378
21061,18379
11787,18380
23798,18381
20956,18382
9926,18383
383,18384
5078,18385
5781,18386
11265,18387
15321,18388
9930,18389
1101,18390
9248,18391
9932,18392
4359,18393
9933,18394
10614,18395
7172,18396
18401,18397
10812,18398
20745,18399
12332,18400
3085,18401
9935,18402
19271,18403
7875,18404
9937,18405
7852,18406
19203,18407
322,18408
12122,18409
17727,18410
919,18411
13044,18412
16715,18413
4913,18414
4155,18415
3514,18416
20264,18417
18823,18418
3448,18419
19627,18420
1218,18421
9938,18422
9255,18423
6487,18424
20796,18425
10128,18426
17542,18427
13153,18428
11304,18429
18526,18430
3778,18431
13835,18432
5191,18433
7677,18434
14745,18435
15506,18436
19467,18437
4928,18438
20265,18439
21229,18440
2757,18441
20426,18442
497,18443
2652,18444
4052,18445
9236,18446
9941,18447
9944,18448
9947,18449
22572,18450
10628,18451
15192,18452
1485,18453
17581,18454
9953,18455
14647,18456
10634,18457
11319,18458
11267,18459
18402,18460
1040,18461
9957,18462
2932,18463
16079,18464
9440,18465
16044,18466
20113,18467
8670,18468
6044,18469
7301,18470
21123,18471
16259,18472
17012,18473
595,18474
13326,18475
2031,18476
14962,18477
2752,18478
14169,18479
1931,18480
10988,18481
7537,18482
16270,18483
12818,18484
10193,18485
13610,18486
1246,18487
20189,18488
18171,18489
17680,18490
18971,18491
19776,18492
1406,18493
2136,18494
16934,18495
23362,18496
4082,18497
19775,18498
16935,18499
22261,18500
12783,18501
2131,18502
24226,18503
1758,18504
18346,18505
17006,18506
4007,18507
17468,18508
12251,18509
7975,18510
5142,18511
14903,18512
9918,18513
6738,18514
11283,18515
5777,18516
9752,18517
11682,18518
11684,18519
12475,18520
13268,18521
13269,18522
14850,18523
14852,18524
14853,18525
15611,18526
16413,18527
17166,18528
16371,18529
16414,18530
17921,18531
14069,18532
17162,18533
11691,18534
12483,18535
18720,18536
21122,18537
11080,18538
21975,18539
23684,18540
15616,18541
22826,18542
16370,18543
17122,18544
14391,18545
3494,18546
14070,18547
4201,18548
12484,18549
13277,18550
3591,18551
4301,18552
15413,18553
4910,18554
15614,18555
4202,18556
13272,18557
11168,18558
14065,18559
5012,18560
11772,18561
10357,18562
11041,18563
13304,18564
22042,18565
5568,18566
5569,18567
12814,18568
6263,18569
12022,18570
6265,18571
13604,18572
6951,18573
12816,18574
6757,18575
14393,18576
20391,18577
14013,18578
18714,18579
6954,18580
16411,18581
11690,18582
12482,18583
3589,18584
4299,18585
11478,18586
2142,18587
17992,18588
7447,18589
11171,18590
19593,18591
7674,18592
17881,18593
6992,18594
16369,18595
15919,18596
17121,18597
15162,18598
12274,18599
16669,18600
11716,18601
605,18602
6297,18603
4101,18604
3393,18605
13453,18606
7773,18607
8265,18608
14885,18609
6211,18610
17987,18611
1268,18612
4813,18613
13451,18614
8318,18615
17165,18616
6266,18617
16671,18618
6952,18619
18982,18620
13066,18621
18182,18622
17990,18623
7589,18624
12509,18625
6278,18626
17916,18627
10415,18628
16398,18629
6964,18630
17150,18631
11101,18632
8273,18633
16462,18634
8348,18635
8449,18636
6075,18637
2063,18638
1348,18639
3473,18640
22898,18641
11042,18642
10358,18643
23033,18644
1133,18645
12658,18646
22158,18647
21303,18648
21302,18649
12943,18650
4180,18651
19588,18652
2707,18653
549,18654
22173,18655
7405,18656
21510,18657
13924,18658
5122,18659
8452,18660
11480,18661
12023,18662
23759,18663
14804,18664
15645,18665
8266,18666
18785,18667
550,18668
5515,18669
20489,18670
1847,18671
14243,18672
13441,18673
14233,18674
22157,18675
13738,18676
8088,18677
21507,18678
8193,18679
1570,18680
8454,18681
10886,18682
4300,18683
21194,18684
6898,18685
17917,18686
7583,18687
14946,18688
10363,18689
8978,18690
14886,18691
2697,18692
17213,18693
4814,18694
4106,18695
18885,18696
4689,18697
13452,18698
20479,18699
19680,18700
18875,18701
16052,18702
10841,18703
12879,18704
14714,18705
7250,18706
8979,18707
3530,18708
8995,18709
2708,18710
14245,18711
17699,18712
22174,18713
23878,18714
23018,18715
20478,18716
17557,18717
12237,18718
22365,18719
6818,18720
3718,18721
9029,18722
15658,18723
6267,18724
14898,18725
10397,18726
11083,18727
16672,18728
693,18729
10201,18730
17423,18731
11774,18732
7582,18733
15646,18734
1324,18735
13303,18736
2762,18737
11717,18738
604,18739
14096,18740
2041,18741
4901,18742
6897,18743
20386,18744
1986,18745
1269,18746
14244,18747
3978,18748
11866,18749
15766,18750
15007,18751
18076,18752
8006,18753
10157,18754
19098,18755
8898,18756
20604,18757
9049,18758
14095,18759
2042,18760
12508,18761
9131,18762
6759,18763
9678,18764
21319,18765
9730,18766
18715,18767
11100,18768
17151,18769
9048,18770
16399,18771
10414,18772
5604,18773
2043,18774
6982,18775
1326,18776
606,18777
6296,18778
8347,18779
10417,18780
7664,18781
9731,18782
13302,18783
2763,18784
9064,18785
10416,18786
9746,18787
9050,18788
11114,18789
9732,18790
10428,18791
2764,18792
9745,18793
11103,18794
9063,18795
6280,18796
4238,18797
6966,18798
4943,18799
4112,18800
3404,18801
20482,18802
9811,18803
4902,18804
1325,18805
6983,18806
6905,18807
6220,18808
23896,18809
5391,18810
23034,18811
18876,18812
18077,18813
19679,18814
15294,18815
11443,18816
16011,18817
10952,18818
11381,18819
6965,18820
7665,18821
11102,18822
21192,18823
6279,18824
22045,18825
8274,18826
7590,18827
19683,18828
6085,18829
22162,18830
20477,18831
19678,18832
23874,18833
16805,18834
6717,18835
16766,18836
4017,18837
5130,18838
9959,18839
20065,18840
8577,18841
7894,18842
6486,18843
19202,18844
9963,18845
2171,18846
11017,18847
19506,18848
6868,18849
18701,18850
21940,18851
22248,18852
22581,18853
23109,18854
9969,18855
7900,18856
9223,18857
18405,18858
8751,18859
1884,18860
3722,18861
22555,18862
5136,18863
5838,18864
10676,18865
9973,18866
3651,18867
8943,18868
8961,18869
21961,18870
9974,18871
10306,18872
10308,18873
1224,18874
12395,18875
14079,18876
17910,18877
1941,18878
19508,18879
20310,18880
2215,18881
10996,18882
1949,18883
21964,18884
2673,18885
3358,18886
17908,18887
4065,18888
21106,18889
4773,18890
18702,18891
4895,18892
2776,18893
2857,18894
12284,18895
2135,18896
5482,18897
18706,18898
2053,18899
17159,18900
6185,18901
18708,18902
18685,18903
19760,18904
6191,18905
21959,18906
3468,18907
13310,18908
7562,18909
20306,18910
4175,18911
20320,18912
7670,18913
8241,18914
19512,18915
3465,18916
17920,18917
2039,18918
17369,18919
8353,18920
8940,18921
19509,18922
8942,18923
21111,18924
615,18925
12516,18926
9039,18927
19783,18928
13867,18929
18954,18930
11998,18931
15877,18932
15559,18933
14151,18934
19282,18935
15104,18936
15842,18937
11504,18938
16592,18939
17343,18940
10353,18941
11914,18942
12561,18943
21013,18944
13359,18945
5524,18946
7042,18947
17321,18948
1980,18949
17982,18950
536,18951
18781,18952
14805,18953
9634,18954
11700,18955
1337,18956
11724,18957
9041,18958
16618,18959
9636,18960
13286,18961
617,18962
23103,18963
9676,18964
11769,18965
3408,18966
9723,18967
15861,18968
16940,18969
18485,18970
14321,18971
16188,18972
17362,18973
10342,18974
16570,18975
20880,18976
17341,18977
14346,18978
17688,18979
15084,18980
15841,18981
16557,18982
21183,18983
21389,18984
22242,18985
15111,18986
22244,18987
23449,18988
4812,18989
21184,18990
5668,18991
11035,18992
22040,18993
6217,18994
22037,18995
23583,18996
6903,18997
22036,18998
17073,18999
7022,19000
1266,19001
22038,19002
7027,19003
539,19004
21188,19005
8261,19006
21187,19007
3406,19008
9083,19009
9656,19010
22041,19011
557,19012
9669,19013
21185,19014
21021,19015
9763,19016
14285,19017
2702,19018
19584,19019
2706,19020
20383,19021
22725,19022
9975,19023
7219,19024
15360,19025
13818,19026
20829,19027
21582,19028
10071,19029
17002,19030
173,19031
23239,19032
14444,19033
13969,19034
20176,19035
10561,19036
1824,19037
20668,19038
20978,19039
21909,19040
22852,19041
22762,19042
22878,19043
23620,19044
23736,19045
12445,19046
16335,19047
22754,19048
20334,19049
14843,19050
17931,19051
2906,19052
2548,19053
3630,19054
3631,19055
392,19056
4213,19057
21933,19058
20331,19059
4340,19060
2170,19061
18412,19062
4341,19063
2185,19064
1444,19065
19214,19066
5623,19067
11675,19068
19533,19069
17878,19070
10496,19071
63,19072
6921,19073
10367,19074
5099,19075
8586,19076
965,19077
13777,19078
4591,19079
5293,19080
3835,19081
12855,19082
13653,19083
3117,19084
3822,19085
16742,19086
19999,19087
8756,19088
20392,19089
6896,19090
10345,19091
18786,19092
5514,19093
3398,19094
12659,19095
3271,19096
23895,19097
21304,19098
22159,19099
23877,19100
21609,19101
9472,19102
21515,19103
11544,19104
7924,19105
9882,19106
9201,19107
722,19108
12992,19109
1736,19110
16008,19111
14695,19112
5210,19113
6726,19114
4504,19115
5639,19116
4847,19117
23719,19118
3431,19119
13341,19120
5548,19121
12544,19122
13243,19123
6834,19124
9682,19125
14907,19126
9977,19127
10652,19128
17620,19129
12232,19130
13025,19131
21524,19132
22445,19133
11437,19134
215,19135
2408,19136
10941,19137
10255,19138
10333,19139
1244,19140
12787,19141
14760,19142
14761,19143
18174,19144
17678,19145
1958,19146
20072,19147
20177,19148
20579,19149
19779,19150
3130,19151
18270,19152
22511,19153
3176,19154
3885,19155
19112,19156
18276,19157
19076,19158
19051,19159
19846,19160
19049,19161
20798,19162
2477,19163
22047,19164
11031,19165
4145,19166
22005,19167
4853,19168
14139,19169
4988,19170
18410,19171
5541,19172
1390,19173
3371,19174
14775,19175
4077,19176
5554,19177
13347,19178
14819,19179
14029,19180
15669,19181
12468,19182
17847,19183
17937,19184
14054,19185
16423,19186
21127,19187
4210,19188
21081,19189
21980,19190
20279,19191
4309,19192
5707,19193
16178,19194
5003,19195
4292,19196
5755,19197
393,19198
11239,19199
10556,19200
6213,19201
2823,19202
2713,19203
1991,19204
21318,19205
2569,19206
19690,19207
23019,19208
23879,19209
23017,19210
14528,19211
6469,19212
3249,19213
686,19214
14574,19215
7153,19216
5045,19217
738,19218
2547,19219
2907,19220
2184,19221
2893,19222
20810,19223
1017,19224
22361,19225
10964,19226
18509,19227
22294,19228
2908,19229
7751,19230
6761,19231
7074,19232
6391,19233
2132,19234
7791,19235
22518,19236
5993,19237
22455,19238
21758,19239
24004,19240
14620,19241
21441,19242
23720,19243
8289,19244
6236,19245
1526,19246
374,19247
2895,19248
706,19249
8309,19250
22862,19251
4138,19252
7008,19253
7625,19254
6322,19255
14824,19256
17090,19257
13242,19258
20333,19259
14845,19260
1408,19261
8425,19262
19277,19263
6383,19264
7066,19265
8790,19266
12086,19267
16236,19268
10689,19269
93,19270
9302,19271
17665,19272
19259,19273
2265,19274
1542,19275
1938,19276
23784,19277
1234,19278
2790,19279
5119,19280
4413,19281
12497,19282
21078,19283
23695,19284
21931,19285
17939,19286
22785,19287
18737,19288
23643,19289
18729,19290
18676,19291
16418,19292
4878,19293
22821,19294
513,19295
21208,19296
6262,19297
12523,19298
12474,19299
22790,19300
3600,19301
5726,19302
2557,19303
10495,19304
15906,19305
19399,19306
15106,19307
19400,19308
19401,19309
16611,19310
12291,19311
22584,19312
13551,19313
12761,19314
15093,19315
6358,19316
21732,19317
11128,19318
11968,19319
15850,19320
20005,19321
1743,19322
14509,19323
17721,19324
6133,19325
6870,19326
10321,19327
4242,19328
7655,19329
23680,19330
8664,19331
16894,19332
10060,19333
17771,19334
12494,19335
14867,19336
1935,19337
21114,19338
20285,19339
20365,19340
5610,19341
11089,19342
15560,19343
3492,19344
10403,19345
4199,19346
11694,19347
12486,19348
15148,19349
20586,19350
6927,19351
10376,19352
16639,19353
11490,19354
16180,19355
18970,19356
18170,19357
12422,19358
12774,19359
17313,19360
20076,19361
15890,19362
16640,19363
16308,19364
17377,19365
16313,19366
11122,19367
21354,19368
19295,19369
10438,19370
12710,19371
23932,19372
5699,19373
3575,19374
12775,19375
13212,19376
14801,19377
3548,19378
4257,19379
17695,19380
7450,19381
8258,19382
16563,19383
3262,19384
8437,19385
18598,19386
12759,19387
21852,19388
22585,19389
14340,19390
15105,19391
17351,19392
9077,19393
9622,19394
2827,19395
9647,19396
10464,19397
13866,19398
7072,19399
6389,19400
1407,19401
13785,19402
8044,19403
21508,19404
11000,19405
15459,19406
5180,19407
4645,19408
3767,19409
687,19410
10880,19411
13856,19412
10515,19413
11016,19414
1242,19415
1350,19416
18457,19417
15195,19418
19392,19419
21216,19420
16287,19421
22064,19422
10319,19423
11005,19424
23113,19425
22580,19426
23975,19427
17379,19428
3255,19429
2877,19430
3379,19431
1400,19432
18480,19433
3962,19434
1428,19435
18794,19436
20402,19437
3963,19438
4068,19439
3362,19440
3534,19441
20192,19442
17793,19443
22807,19444
4303,19445
15712,19446
4947,19447
5020,19448
14949,19449
19603,19450
17809,19451
13202,19452
2102,19453
21862,19454
19410,19455
22044,19456
22697,19457
22905,19458
4803,19459
510,19460
1231,19461
531,19462
5496,19463
16629,19464
20877,19465
17380,19466
5499,19467
23665,19468
2058,19469
4904,19470
5504,19471
11773,19472
6192,19473
6328,19474
4798,19475
4088,19476
23662,19477
6925,19478
20410,19479
526,19480
1245,19481
14160,19482
17800,19483
18599,19484
22804,19485
622,19486
12511,19487
7049,19488
23371,19489
4590,19490
24085,19491
11560,19492
13897,19493
22303,19494
7052,19495
6368,19496
723,19497
7551,19498
7571,19499
14155,19500
7647,19501
13305,19502
7736,19503
16937,19504
8129,19505
14226,19506
11746,19507
8233,19508
634,19509
4176,19510
17192,19511
10377,19512
7451,19513
14371,19514
12001,19515
8252,19516
15708,19517
7568,19518
1385,19519
14009,19520
8296,19521
2104,19522
21860,19523
19409,19524
14100,19525
6277,19526
11721,19527
5570,19528
12513,19529
11098,19530
11696,19531
16403,19532
17155,19533
12488,19534
12700,19535
19298,19536
13491,19537
4109,19538
11862,19539
10207,19540
16523,19541
5518,19542
11863,19543
6910,19544
14242,19545
6768,19546
15773,19547
22170,19548
14238,19549
13778,19550
2467,19551
21522,19552
6815,19553
15016,19554
8327,19555
6986,19556
7644,19557
8330,19558
20317,19559
8351,19560
12487,19561
19731,19562
4159,19563
20532,19564
1124,19565
18925,19566
11037,19567
20503,19568
3391,19569
4684,19570
18899,19571
8406,19572
18407,19573
308,19574
8417,19575
17051,19576
22802,19577
2780,19578
15706,19579
10359,19580
8971,19581
22897,19582
7591,19583
8275,19584
8346,19585
4868,19586
6295,19587
5571,19588
6981,19589
10418,19590
11104,19591
23027,19592
23888,19593
8980,19594
11032,19595
7693,19596
9047,19597
15052,19598
9065,19599
9525,19600
22167,19601
22156,19602
414,19603
21301,19604
12432,19605
16323,19606
15743,19607
10905,19608
17249,19609
11832,19610
18050,19611
23598,19612
23846,19613
6776,19614
18848,19615
18049,19616
23844,19617
8147,19618
19654,19619
20453,19620
9667,19621
22194,19622
1842,19623
23917,19624
9693,19625
14344,19626
16187,19627
19284,19628
14345,19629
13555,19630
22583,19631
3550,19632
2699,19633
13472,19634
2564,19635
18100,19636
20504,19637
20499,19638
24238,19639
10114,19640
15286,19641
12428,19642
19315,19643
10723,19644
8402,19645
7721,19646
18123,19647
541,19648
15028,19649
7578,19650
17285,19651
2565,19652
15785,19653
19702,19654
22187,19655
22514,19656
306,19657
19953,19658
11533,19659
8403,19660
15109,19661
675,19662
880,19663
21700,19664
8984,19665
21336,19666
9657,19667
23915,19668
5386,19669
22192,19670
13471,19671
21331,19672
9729,19673
17309,19674
17696,19675
16559,19676
10361,19677
1983,19678
15020,19679
21324,19680
4688,19681
22178,19682
21323,19683
19691,19684
12985,19685
8993,19686
14248,19687
3270,19688
15777,19689
18890,19690
18887,19691
12191,19692
10798,19693
13912,19694
17463,19695
21696,19696
9523,19697
23040,19698
23902,19699
20490,19700
9758,19701
5663,19702
9978,19703
21717,19704
9295,19705
11347,19706
9979,19707
16160,19708
11348,19709
6540,19710
6536,19711
998,19712
23272,19713
17798,19714
24134,19715
13671,19716
12873,19717
2591,19718
12045,19719
10171,19720
20621,19721
1907,19722
19630,19723
10015,19724
2074,19725
21817,19726
2073,19727
4034,19728
2794,19729
17113,19730
4533,19731
12211,19732
665,19733
7354,19734
3874,19735
10228,19736
22320,19737
7412,19738
19849,19739
20653,19740
10270,19741
14740,19742
15978,19743
17007,19744
17767,19745
18562,19746
20161,19747
21811,19748
4058,19749
4127,19750
499,19751
6854,19752
7516,19753
8196,19754
8907,19755
9685,19756
10369,19757
11053,19758
16467,19759
17218,19760
12414,19761
11620,19762
19413,19763
19749,19764
19290,19765
18943,19766
18142,19767
20528,19768
18419,19769
22720,19770
23097,19771
3872,19772
3968,19773
5675,19774
23452,19775
3557,19776
4266,19777
19727,19778
20819,19779
3163,19780
12102,19781
12897,19782
17725,19783
22353,19784
13668,19785
2364,19786
7419,19787
15962,19788
18826,19789
14756,19790
21819,19791
2647,19792
17030,19793
3502,19794
4208,19795
4209,19796
19482,19797
20401,19798
4746,19799
2795,19800
20280,19801
21204,19802
15547,19803
12412,19804
15840,19805
21739,19806
15083,19807
14318,19808
18121,19809
20820,19810
1717,19811
21865,19812
22243,19813
18487,19814
21388,19815
23577,19816
23967,19817
20529,19818
7712,19819
19289,19820
7035,19821
6351,19822
18922,19823
21672,19824
8932,19825
3501,19826
16361,19827
1386,19828
21866,19829
13206,19830
13207,19831
14317,19832
16586,19833
17689,19834
15082,19835
15839,19836
20088,19837
15836,19838
15079,19839
20210,19840
22217,19841
5968,19842
8392,19843
22595,19844
6350,19845
7034,19846
15063,19847
966,19848
16100,19849
10090,19850
10774,19851
13095,19852
1674,19853
9479,19854
22312,19855
24031,19856
16257,19857
10371,19858
11055,19859
16268,19860
18237,19861
15512,19862
13248,19863
14040,19864
18560,19865
20157,19866
12457,19867
3326,19868
3419,19869
5470,19870
8112,19871
5769,19872
8963,19873
18805,19874
9004,19875
4662,19876
10330,19877
22917,19878
11606,19879
12400,19880
13542,19881
12293,19882
15097,19883
1256,19884
21348,19885
3644,19886
3368,19887
4241,19888
4806,19889
18909,19890
5484,19891
19607,19892
17047,19893
14780,19894
4977,19895
13086,19896
12751,19897
1255,19898
16550,19899
16193,19900
15043,19901
14278,19902
1974,19903
18108,19904
23923,19905
19217,19906
5507,19907
11906,19908
6079,19909
20516,19910
21349,19911
18904,19912
6894,19913
14277,19914
14679,19915
15799,19916
15042,19917
7453,19918
19714,19919
22204,19920
12688,19921
8134,19922
23065,19923
12696,19924
18104,19925
20814,19926
9414,19927
23280,19928
6802,19929
9980,19930
2941,19931
10999,19932
3482,19933
6175,19934
4189,19935
4171,19936
9982,19937
812,19938
23341,19939
21690,19940
22371,19941
13903,19942
14441,19943
15575,19944
13629,19945
12261,19946
17655,19947
19008,19948
18209,19949
11362,19950
13184,19951
18194,19952
20852,19953
12836,19954
12043,19955
370,19956
2325,19957
22548,19958
3107,19959
11542,19960
14875,19961
2321,19962
17750,19963
17140,19964
4445,19965
11465,19966
20047,19967
22550,19968
21423,19969
20608,19970
10018,19971
10299,19972
10301,19973
12358,19974
12361,19975
12362,19976
13949,19977
1501,19978
15131,19979
16250,19980
17749,19981
19351,19982
1513,19983
19353,19984
11313,19985
4448,19986
469,19987
470,19988
4757,19989
5074,19990
5154,19991
11566,19992
11570,19993
1191,19994
13155,19995
15944,19996
18549,19997
18554,19998
23984,19999
3322,20000
2236,20001
3661,20002
3725,20003
10985,20004
10987,20005
1207,20006
1508,20007
3342,20008
10595,20009
4047,20010
1496,20011
4369,20012
10857,20013
2225,20014
2947,20015
4742,20016
11279,20017
4755,20018
482,20019
2237,20020
5362,20021
1493,20022
5426,20023
5454,20024
5457,20025
10612,20026
5786,20027
5844,20028
3048,20029
6154,20030
1512,20031
6166,20032
18994,20033
6498,20034
6511,20035
6971,20036
5794,20037
6049,20038
5092,20039
7183,20040
7192,20041
1816,20042
7196,20043
2537,20044
7233,20045
11599,20046
7259,20047
10021,20048
2276,20049
7524,20050
2240,20051
16161,20052
7543,20053
17435,20054
6750,20055
18195,20056
18995,20057
773,20058
776,20059
10860,20060
7787,20061
16064,20062
17640,20063
16784,20064
10936,20065
5153,20066
5464,20067
781,20068
16918,20069
10607,20070
11292,20071
763,20072
14538,20073
19240,20074
17540,20075
6800,20076
7872,20077
3950,20078
788,20079
2536,20080
18998,20081
18198,20082
764,20083
12954,20084
19239,20085
8479,20086
13855,20087
7798,20088
8555,20089
6507,20090
10581,20091
8559,20092
7876,20093
11264,20094
15309,20095
5320,20096
8573,20097
8590,20098
14645,20099
8806,20100
792,20101
5792,20102
1482,20103
15307,20104
8827,20105
7121,20106
7799,20107
887,20108
1607,20109
10704,20110
10968,20111
10980,20112
10983,20113
11563,20114
1190,20115
12833,20116
13152,20117
13156,20118
17000,20119
1518,20120
18548,20121
11318,20122
20149,20123
20151,20124
2231,20125
2953,20126
1098,20127
1507,20128
3659,20129
4382,20130
491,20131
2227,20132
2539,20133
15187,20134
5780,20135
6825,20136
12040,20137
6839,20138
6847,20139
5077,20140
6051,20141
4368,20142
3660,20143
10580,20144
7885,20145
798,20146
18468,20147
5796,20148
5094,20149
2928,20150
8554,20151
2929,20152
13748,20153
20036,20154
22428,20155
11569,20156
4003,20157
3072,20158
8807,20159
8918,20160
8921,20161
7890,20162
6048,20163
797,20164
1517,20165
2206,20166
8697,20167
8925,20168
17450,20169
2534,20170
15191,20171
15948,20172
1484,20173
912,20174
9235,20175
8810,20176
4364,20177
9266,20178
8533,20179
22482,20180
9273,20181
9335,20182
8920,20183
16387,20184
4169,20185
7151,20186
10184,20187
6467,20188
8510,20189
8468,20190
21627,20191
2500,20192
1203,20193
2640,20194
3729,20195
16155,20196
18203,20197
18459,20198
10660,20199
19551,20200
20148,20201
12498,20202
4437,20203
11365,20204
11595,20205
13291,20206
4043,20207
12496,20208
1333,20209
11180,20210
1120,20211
5091,20212
5823,20213
22690,20214
11701,20215
5101,20216
10991,20217
23678,20218
20286,20219
7421,20220
5793,20221
3674,20222
3647,20223
7886,20224
377,20225
8206,20226
10633,20227
16915,20228
7210,20229
6526,20230
9491,20231
7863,20232
8546,20233
11263,20234
9617,20235
4367,20236
8809,20237
9807,20238
5374,20239
9127,20240
11165,20241
7753,20242
19983,20243
1062,20244
3337,20245
486,20246
5084,20247
1813,20248
4375,20249
9253,20250
1814,20251
11302,20252
10617,20253
9607,20254
8568,20255
1811,20256
6521,20257
7205,20258
9843,20259
6425,20260
17569,20261
4621,20262
17535,20263
14749,20264
6437,20265
7495,20266
3740,20267
14637,20268
7275,20269
6495,20270
9902,20271
13749,20272
3912,20273
16790,20274
17003,20275
7484,20276
20618,20277
15387,20278
3781,20279
4911,20280
9921,20281
7425,20282
10601,20283
11286,20284
1483,20285
12158,20286
3913,20287
14492,20288
13920,20289
1631,20290
21695,20291
2350,20292
5442,20293
8360,20294
2036,20295
21994,20296
21067,20297
17227,20298
21919,20299
14961,20300
15508,20301
17014,20302
6851,20303
8935,20304
8218,20305
7859,20306
9931,20307
9946,20308
9263,20309
4357,20310
21626,20311
4617,20312
24159,20313
21805,20314
22629,20315
15208,20316
13037,20317
21436,20318
20326,20319
22763,20320
18750,20321
18658,20322
17226,20323
4153,20324
14960,20325
7539,20326
9948,20327
9488,20328
9265,20329
2959,20330
9949,20331
8104,20332
2960,20333
9952,20334
9269,20335
7170,20336
14540,20337
1778,20338
19158,20339
19350,20340
21765,20341
13638,20342
20842,20343
20624,20344
17168,20345
2755,20346
18748,20347
2963,20348
3446,20349
12578,20350
5459,20351
17759,20352
6945,20353
16475,20354
8542,20355
3243,20356
9618,20357
6167,20358
9915,20359
9233,20360
3496,20361
12476,20362
12477,20363
11728,20364
10396,20365
12478,20366
12520,20367
11082,20368
12815,20369
13316,20370
14851,20371
15610,20372
15612,20373
16364,20374
16410,20375
10400,20376
15656,20377
11086,20378
17119,20379
17125,20380
10489,20381
10202,20382
11172,20383
17163,20384
14068,20385
14897,20386
13275,20387
17924,20388
18183,20389
19484,20390
17164,20391
11689,20392
16412,20393
12481,20394
13274,20395
21411,20396
21974,20397
4942,20398
3414,20399
20223,20400
12555,20401
17832,20402
18632,20403
14212,20404
5612,20405
11692,20406
6264,20407
21121,20408
6305,20409
10401,20410
11087,20411
2865,20412
6306,20413
15615,20414
11120,20415
14066,20416
10485,20417
14855,20418
15160,20419
15416,20420
694,20421
12272,20422
1416,20423
6949,20424
14109,20425
6950,20426
7010,20427
5532,20428
563,20429
21177,20430
21886,20431
21034,20432
12626,20433
6294,20434
7631,20435
7632,20436
13599,20437
7633,20438
11169,20439
7661,20440
8315,20441
14388,20442
16170,20443
12019,20444
11713,20445
13284,20446
15643,20447
4124,20448
19430,20449
23850,20450
8317,20451
18722,20452
7634,20453
7769,20454
9035,20455
18983,20456
9069,20457
7638,20458
9132,20459
7448,20460
10486,20461
17209,20462
19424,20463
11715,20464
21874,20465
17979,20466
1287,20467
568,20468
23848,20469
9136,20470
9517,20471
19788,20472
4237,20473
4830,20474
4122,20475
18777,20476
15568,20477
13225,20478
20455,20479
2578,20480
18851,20481
17241,20482
11817,20483
11797,20484
7323,20485
10842,20486
22366,20487
8890,20488
19802,20489
9061,20490
9714,20491
7091,20492
14653,20493
9716,20494
23986,20495
11479,20496
23125,20497
2100,20498
20222,20499
12507,20500
17823,20501
11762,20502
18633,20503
17833,20504
22989,20505
1856,20506
23849,20507
17242,20508
16491,20509
14177,20510
22464,20511
6282,20512
10424,20513
4870,20514
6968,20515
11110,20516
8791,20517
18297,20518
6809,20519
3711,20520
9060,20521
5573,20522
9058,20523
9751,20524
9037,20525
3590,20526
9719,20527
5715,20528
8834,20529
5011,20530
13353,20531
6917,20532
6232,20533
13351,20534
20232,20535
19435,20536
21276,20537
6980,20538
9051,20539
11111,20540
7651,20541
9535,20542
22990,20543
14195,20544
21255,20545
22947,20546
17556,20547
12238,20548
19891,20549
1888,20550
7242,20551
9733,20552
10425,20553
9743,20554
8334,20555
19518,20556
2044,20557
14091,20558
2765,20559
13298,20560
3457,20561
12503,20562
4164,20563
11711,20564
9810,20565
14093,20566
15626,20567
14883,20568
14866,20569
17148,20570
16378,20571
17130,20572
20226,20573
19429,20574
11833,20575
21178,20576
23742,20577
21880,20578
21028,20579
23832,20580
8853,20581
19656,20582
12610,20583
13403,20584
12590,20585
16804,20586
10158,20587
16768,20588
7498,20589
3014,20590
9812,20591
14941,20592
4121,20593
19425,20594
23740,20595
17076,20596
14809,20597
18850,20598
4900,20599
8335,20600
11109,20601
6969,20602
7652,20603
10423,20604
9741,20605
6283,20606
16395,20607
9816,20608
7446,20609
10491,20610
18779,20611
4828,20612
18622,20613
22883,20614
23597,20615
22738,20616
21275,20617
9742,20618
3455,20619
8344,20620
4162,20621
6293,20622
9734,20623
6979,20624
9052,20625
12504,20626
10419,20627
17147,20628
11105,20629
14882,20630
607,20631
15642,20632
1327,20633
17146,20634
4872,20635
16394,20636
11106,20637
20377,20638
9053,20639
19579,20640
17834,20641
20234,20642
22972,20643
425,20644
12614,20645
23807,20646
21237,20647
19633,20648
15293,20649
11444,20650
16009,20651
10943,20652
854,20653
9956,20654
19270,20655
2965,20656
9976,20657
2089,20658
2529,20659
5558,20660
4225,20661
17856,20662
18654,20663
14166,20664
21227,20665
6852,20666
17016,20667
11581,20668
11202,20669
13062,20670
2173,20671
21840,20672
17388,20673
15428,20674
11990,20675
12782,20676
3376,20677
15889,20678
12283,20679
15132,20680
17391,20681
4276,20682
5493,20683
15888,20684
15427,20685
19774,20686
20574,20687
3567,20688
5689,20689
6648,20690
20038,20691
23284,20692
17005,20693
13571,20694
20127,20695
5177,20696
20844,20697
5878,20698
5141,20699
22828,20700
12473,20701
16666,20702
16171,20703
18692,20704
17894,20705
22796,20706
14144,20707
21033,20708
21885,20709
20454,20710
423,20711
19655,20712
16490,20713
12609,20714
18030,20715
14527,20716
5396,20717
18051,20718
23826,20719
18039,20720
18829,20721
12147,20722
624,20723
22884,20724
18627,20725
17827,20726
22130,20727
1144,20728
13420,20729
15735,20730
14976,20731
20434,20732
13737,20733
3276,20734
22988,20735
22110,20736
22966,20737
22948,20738
12942,20739
6033,20740
19889,20741
7406,20742
17551,20743
454,20744
5121,20745
8089,20746
22360,20747
6125,20748
852,20749
9473,20750
22368,20751
9572,20752
1573,20753
9574,20754
21418,20755
9962,20756
20064,20757
12029,20758
10643,20759
398,20760
2880,20761
1119,20762
10484,20763
13613,20764
3257,20765
4307,20766
2688,20767
23666,20768
4792,20769
22808,20770
5589,20771
6385,20772
5378,20773
7041,20774
13878,20775
16606,20776
17357,20777
7068,20778
7555,20779
20304,20780
7746,20781
11136,20782
22718,20783
21947,20784
6203,20785
22800,20786
21090,20787
16551,20788
1841,20789
17301,20790
8459,20791
20191,20792
18696,20793
7756,20794
5502,20795
17898,20796
21941,20797
20555,20798
20887,20799
9129,20800
17797,20801
4990,20802
14788,20803
4892,20804
5595,20805
22795,20806
4964,20807
9293,20808
2661,20809
23677,20810
5774,20811
4780,20812
17133,20813
4880,20814
5700,20815
9840,20816
7566,20817
21104,20818
21087,20819
18953,20820
12289,20821
19759,20822
20560,20823
9983,20824
9984,20825
11339,20826
16848,20827
3169,20828
16769,20829
13650,20830
14696,20831
17642,20832
3745,20833
3813,20834
884,20835
11464,20836
18450,20837
19012,20838
18213,20839
11390,20840
11561,20841
1211,20842
13941,20843
13944,20844
14733,20845
11321,20846
17004,20847
17447,20848
19354,20849
10624,20850
20948,20851
2247,20852
23408,20853
23512,20854
2969,20855
3051,20856
2328,20857
12360,20858
14737,20859
16246,20860
11324,20861
19349,20862
20150,20863
20950,20864
1516,20865
22655,20866
2958,20867
3323,20868
3574,20869
4028,20870
2235,20871
4387,20872
5081,20873
6140,20874
6509,20875
7208,20876
7216,20877
7963,20878
800,20879
8195,20880
10608,20881
8623,20882
8208,20883
20599,20884
15409,20885
18201,20886
19001,20887
8647,20888
16251,20889
16999,20890
19352,20891
20147,20892
20152,20893
13627,20894
20153,20895
2228,20896
2624,20897
2968,20898
3726,20899
10286,20900
10298,20901
5088,20902
7868,20903
8551,20904
2540,20905
6503,20906
7188,20907
8576,20908
8919,20909
9224,20910
9267,20911
9272,20912
3944,20913
9275,20914
9355,20915
9489,20916
7194,20917
7874,20918
9616,20919
2223,20920
9906,20921
9923,20922
6737,20923
2945,20924
8547,20925
11269,20926
9940,20927
9950,20928
9487,20929
8571,20930
7888,20931
9908,20932
12996,20933
10101,20934
19157,20935
13118,20936
3790,20937
20041,20938
7982,20939
2072,20940
4854,20941
656,20942
1308,20943
11788,20944
589,20945
23799,20946
3345,20947
9955,20948
4385,20949
10588,20950
12203,20951
9985,20952
5348,20953
822,20954
13981,20955
1541,20956
17036,20957
17220,20958
18811,20959
23670,20960
2670,20961
3364,20962
4080,20963
19390,20964
21207,20965
512,20966
13369,20967
5481,20968
2826,20969
17049,20970
16296,20971
21098,20972
5500,20973
532,20974
21951,20975
1342,20976
19519,20977
10413,20978
15647,20979
11099,20980
17152,20981
1323,20982
13497,20983
603,20984
14287,20985
20094,20986
6187,20987
6865,20988
10311,20989
5597,20990
5587,20991
14923,20992
14660,20993
15902,20994
19785,20995
6872,20996
15713,20997
7557,20998
9010,20999
2729,21000
7045,21001
15433,21002
15865,21003
15108,21004
18618,21005
11884,21006
18924,21007
19285,21008
16614,21009
17365,21010
1978,21011
17284,21012
1129,21013
16534,21014
15784,21015
20531,21016
10354,21017
13469,21018
23440,21019
15866,21020
16616,21021
16571,21022
5506,21023
12676,21024
4685,21025
14260,21026
21335,21027
19699,21028
22493,21029
3900,21030
8271,21031
15029,21032
8974,21033
15786,21034
3973,21035
17286,21036
16536,21037
14256,21038
9637,21039
16469,21040
3382,21041
20193,21042
21101,21043
9638,21044
1948,21045
14954,21046
17794,21047
23551,21048
21954,21049
1341,21050
7668,21051
10410,21052
9748,21053
11096,21054
11117,21055
9045,21056
6344,21057
9727,21058
7028,21059
4678,21060
4966,21061
11038,21062
1260,21063
14262,21064
20501,21065
1843,21066
18897,21067
12677,21068
13465,21069
3266,21070
14261,21071
13470,21072
12672,21073
24217,21074
1765,21075
7587,21076
19704,21077
407,21078
21337,21079
23916,21080
9986,21081
16866,21082
11442,21083
9987,21084
18423,21085
5277,21086
14750,21087
16022,21088
21782,21089
6329,21090
9989,21091
13810,21092
999,21093
22609,21094
23315,21095
5430,21096
14265,21097
9366,21098
19250,21099
10736,21100
3490,21101
13582,21102
10683,21103
1250,21104
13071,21105
15903,21106
15145,21107
17900,21108
19394,21109
23557,21110
3381,21111
18698,21112
2779,21113
3478,21114
4185,21115
23652,21116
15648,21117
14864,21118
16401,21119
17128,21120
11719,21121
16376,21122
12707,21123
18680,21124
13498,21125
18495,21126
14288,21127
547,21128
11871,21129
18498,21130
6243,21131
11062,21132
15867,21133
15432,21134
16186,21135
11975,21136
12766,21137
18483,21138
15110,21139
6343,21140
10351,21141
23919,21142
6908,21143
22180,21144
1845,21145
20494,21146
20493,21147
23037,21148
7577,21149
23057,21150
6082,21151
21339,21152
16537,21153
12673,21154
20017,21155
6667,21156
7722,21157
1396,21158
10352,21159
12679,21160
1128,21161
11887,21162
14263,21163
23911,21164
18418,21165
8033,21166
14516,21167
10341,21168
12320,21169
11409,21170
8278,21171
12665,21172
2567,21173
23903,21174
23041,21175
18888,21176
23387,21177
9749,21178
11095,21179
10431,21180
10409,21181
5607,21182
6275,21183
12719,21184
6961,21185
13510,21186
2560,21187
11928,21188
11036,21189
11889,21190
10205,21191
1258,21192
21340,21193
23056,21194
22195,21195
13466,21196
24251,21197
7456,21198
17287,21199
9666,21200
13474,21201
6767,21202
9771,21203
9091,21204
13220,21205
18900,21206
4259,21207
4099,21208
19705,21209
21749,21210
20505,21211
9990,21212
4559,21213
2515,21214
23221,21215
16764,21216
17758,21217
11734,21218
18675,21219
22832,21220
17877,21221
17933,21222
19480,21223
20278,21224
23726,21225
12393,21226
11601,21227
10521,21228
10878,21229
10514,21230
11204,21231
14024,21232
21162,21233
4723,21234
5061,21235
5765,21236
1108,21237
5828,21238
17659,21239
4420,21240
6252,21241
6479,21242
6937,21243
10008,21244
7101,21245
13191,21246
19764,21247
23435,21248
6199,21249
5686,21250
13873,21251
1402,21252
2127,21253
7570,21254
3565,21255
15430,21256
7621,21257
17454,21258
7926,21259
8896,21260
10012,21261
19257,21262
10697,21263
9100,21264
2850,21265
11134,21266
15297,21267
10832,21268
24092,21269
8184,21270
9149,21271
11483,21272
12150,21273
13863,21274
16927,21275
15912,21276
6401,21277
11160,21278
13993,21279
11930,21280
19406,21281
15823,21282
20569,21283
14794,21284
22711,21285
22221,21286
23088,21287
12299,21288
22227,21289
21372,21290
15817,21291
7400,21292
2422,21293
8690,21294
1082,21295
20742,21296
11612,21297
23950,21298
6801,21299
892,21300
20845,21301
2332,21302
11572,21303
16255,21304
11058,21305
20941,21306
474,21307
18725,21308
4743,21309
4032,21310
4768,21311
7254,21312
12458,21313
14752,21314
16343,21315
13365,21316
17010,21317
17019,21318
17025,21319
17927,21320
13266,21321
18795,21322
22906,21323
4057,21324
5471,21325
4769,21326
13250,21327
6145,21328
15591,21329
7542,21330
15513,21331
7938,21332
18576,21333
12378,21334
20329,21335
8197,21336
9002,21337
14157,21338
17059,21339
13213,21340
19735,21341
11508,21342
20536,21343
18128,21344
9006,21345
17996,21346
17062,21347
15557,21348
19732,21349
1838,21350
20533,21351
18124,21352
15816,21353
8689,21354
9119,21355
9307,21356
5259,21357
6028,21358
14467,21359
16802,21360
16329,21361
10706,21362
13053,21363
17459,21364
16708,21365
10677,21366
12391,21367
21703,21368
23413,21369
11391,21370
2617,21371
3712,21372
4710,21373
15801,21374
11496,21375
12779,21376
10455,21377
14664,21378
17673,21379
19286,21380
2556,21381
3945,21382
11312,21383
404,21384
21356,21385
22211,21386
4256,21387
4312,21388
4978,21389
5023,21390
5015,21391
19973,21392
1083,21393
18312,21394
21999,21395
4753,21396
484,21397
5681,21398
15091,21399
23329,21400
5785,21401
3240,21402
5083,21403
1506,21404
5842,21405
17762,21406
3029,21407
15528,21408
10517,21409
5958,21410
10835,21411
17760,21412
11278,21413
23242,21414
4220,21415
23629,21416
3513,21417
17865,21418
18663,21419
14958,21420
20425,21421
494,21422
5461,21423
2216,21424
1104,21425
1492,21426
6574,21427
6739,21428
7061,21429
6377,21430
15882,21431
21615,21432
2520,21433
23236,21434
3338,21435
4932,21436
5082,21437
4657,21438
5458,21439
6505,21440
17670,21441
7120,21442
6751,21443
11200,21444
7258,21445
17017,21446
7534,21447
10606,21448
7424,21449
6502,21450
7187,21451
7540,21452
760,21453
23327,21454
1084,21455
17539,21456
7724,21457
22470,21458
7848,21459
7913,21460
17033,21461
11201,21462
8220,21463
8480,21464
8785,21465
11208,21466
15507,21467
2082,21468
18665,21469
1366,21470
1319,21471
11784,21472
4756,21473
3663,21474
5361,21475
13624,21476
600,21477
17225,21478
15510,21479
6164,21480
10600,21481
10859,21482
7182,21483
6497,21484
8550,21485
8107,21486
9126,21487
9161,21488
717,21489
9162,21490
8123,21491
10518,21492
1446,21493
1439,21494
22465,21495
9163,21496
9232,21497
9234,21498
2541,21499
9262,21500
9217,21501
18375,21502
10150,21503
13129,21504
16388,21505
23240,21506
17752,21507
18711,21508
18746,21509
15397,21510
10713,21511
19254,21512
17453,21513
20860,21514
2260,21515
2639,21516
4381,21517
16163,21518
3673,21519
18202,21520
10578,21521
18374,21522
480,21523
11317,21524
4877,21525
10627,21526
6558,21527
5803,21528
6842,21529
15947,21530
3236,21531
15190,21532
7402,21533
20750,21534
19320,21535
20623,21536
15383,21537
15966,21538
20952,21539
3498,21540
4154,21541
17948,21542
19465,21543
17224,21544
20263,21545
11783,21546
20958,21547
7420,21548
8567,21549
9268,21550
9325,21551
13058,21552
17658,21553
7928,21554
11378,21555
2993,21556
827,21557
11643,21558
11645,21559
12438,21560
14023,21561
14935,21562
16326,21563
16452,21564
17975,21565
19576,21566
20241,21567
21045,21568
15696,21569
22748,21570
21176,21571
2821,21572
2972,21573
4236,21574
8581,21575
16703,21576
13232,21577
14814,21578
11793,21579
3232,21580
4401,21581
2270,21582
6534,21583
17205,21584
14815,21585
806,21586
22752,21587
16482,21588
9342,21589
4046,21590
21968,21591
6550,21592
11596,21593
22823,21594
16379,21595
9357,21596
21804,21597
17139,21598
8622,21599
8924,21600
14874,21601
2049,21602
12828,21603
10186,21604
13620,21605
9467,21606
14746,21607
11290,21608
17013,21609
18558,21610
1495,21611
24095,21612
21141,21613
7862,21614
10175,21615
4366,21616
3658,21617
10576,21618
8808,21619
779,21620
1499,21621
7168,21622
4557,21623
9469,21624
12909,21625
10928,21626
18553,21627
10605,21628
7287,21629
9492,21630
775,21631
11281,21632
11259,21633
20769,21634
8086,21635
12903,21636
19357,21637
950,21638
10165,21639
18255,21640
19055,21641
1901,21642
3042,21643
10300,21644
4025,21645
493,21646
6501,21647
7186,21648
7861,21649
8096,21650
20649,21651
19851,21652
19332,21653
2320,21654
10297,21655
2229,21656
4373,21657
1100,21658
2951,21659
492,21660
5436,21661
6504,21662
785,21663
10575,21664
21611,21665
8544,21666
15410,21667
6496,21668
8552,21669
3951,21670
7869,21671
4371,21672
2924,21673
24187,21674
10155,21675
9480,21676
22313,21677
19850,21678
8640,21679
10986,21680
1213,21681
11294,21682
4659,21683
10609,21684
7189,21685
9242,21686
10174,21687
11289,21688
10604,21689
2202,21690
18371,21691
10839,21692
12908,21693
1165,21694
17466,21695
13838,21696
3319,21697
7288,21698
8478,21699
9490,21700
8549,21701
7866,21702
9509,21703
9554,21704
2378,21705
9560,21706
915,21707
22545,21708
5882,21709
5614,21710
2029,21711
21149,21712
3442,21713
17223,21714
4150,21715
14957,21716
4764,21717
9565,21718
5876,21719
19248,21720
1627,21721
5615,21722
19469,21723
2649,21724
1927,21725
10593,21726
2803,21727
17867,21728
15718,21729
20267,21730
16474,21731
13160,21732
8222,21733
6168,21734
9576,21735
20474,21736
1138,21737
22152,21738
9611,21739
11307,21740
4655,21741
17448,21742
16697,21743
9774,21744
13740,21745
3222,21746
12305,21747
23230,21748
8681,21749
13825,21750
8897,21751
681,21752
9780,21753
9799,21754
11613,21755
19769,21756
15556,21757
16310,21758
18126,21759
21006,21760
21370,21761
23081,21762
23569,21763
23943,21764
23946,21765
403,21766
22220,21767
7452,21768
18927,21769
19733,21770
12713,21771
17562,21772
9803,21773
13200,21774
13991,21775
18604,21776
18929,21777
20201,21778
18936,21779
20539,21780
21367,21781
23120,21782
11628,21783
16306,21784
19738,21785
11507,21786
23945,21787
23457,21788
23083,21789
18926,21790
7705,21791
14532,21792
6709,21793
21565,21794
447,21795
3049,21796
13050,21797
2326,21798
13966,21799
15502,21800
18726,21801
22645,21802
17849,21803
5537,21804
7014,21805
12368,21806
12369,21807
11577,21808
13158,21809
13173,21810
13956,21811
11576,21812
14768,21813
19530,21814
19531,21815
17880,21816
20328,21817
14059,21818
20397,21819
21814,21820
23764,21821
12421,21822
11627,21823
16309,21824
14301,21825
19418,21826
22600,21827
13511,21828
23082,21829
21747,21830
23086,21831
12300,21832
23944,21833
21366,21834
23948,21835
21369,21836
13504,21837
12152,21838
6855,21839
14042,21840
7514,21841
17098,21842
7429,21843
757,21844
6877,21845
20405,21846
8386,21847
13742,21848
6025,21849
12902,21850
21859,21851
12720,21852
8388,21853
8911,21854
17928,21855
18678,21856
14158,21857
19417,21858
14005,21859
18614,21860
18135,21861
23949,21862
13886,21863
17323,21864
15066,21865
16567,21866
15299,21867
9591,21868
4836,21869
387,21870
3369,21871
3533,21872
13987,21873
13194,21874
16603,21875
20884,21876
18149,21877
10343,21878
12693,21879
6895,21880
21346,21881
16195,21882
15795,21883
15038,21884
13478,21885
16808,21886
7580,21887
16544,21888
15442,21889
8135,21890
17297,21891
16547,21892
9806,21893
9112,21894
20772,21895
1797,21896
10295,21897
2983,21898
20183,21899
22820,21900
3231,21901
11328,21902
19268,21903
10525,21904
3340,21905
3688,21906
1491,21907
11011,21908
14868,21909
2662,21910
15628,21911
1336,21912
399,21913
4223,21914
4313,21915
2555,21916
11166,21917
3603,21918
19393,21919
20299,21920
4672,21921
15136,21922
20074,21923
17396,21924
16644,21925
11985,21926
21015,21927
23658,21928
5455,21929
2952,21930
5359,21931
2230,21932
6515,21933
3947,21934
6532,21935
11198,21936
3361,21937
21957,21938
6196,21939
22810,21940
4885,21941
7079,21942
18596,21943
19501,21944
22794,21945
16593,21946
13089,21947
7088,21948
21847,21949
3570,21950
22717,21951
2065,21952
4184,21953
1343,21954
20523,21955
7573,21956
628,21957
2059,21958
13489,21959
15440,21960
14279,21961
11907,21962
18902,21963
8563,21964
7880,21965
9169,21966
4083,21967
2067,21968
5017,21969
2689,21970
2788,21971
4178,21972
7040,21973
9247,21974
10173,21975
9623,21976
21965,21977
19488,21978
11164,21979
9895,21980
4075,21981
23775,21982
5486,21983
18005,21984
5501,21985
17796,21986
13540,21987
20085,21988
9896,21989
22466,21990
6715,21991
21572,21992
4735,21993
5418,21994
4475,21995
23404,21996
21427,21997
2896,21998
9246,21999
9898,22000
9912,22001
9914,22002
9924,22003
9928,22004
2926,22005
9929,22006
10610,22007
11260,22008
20770,22009
8085,22010
9934,22011
9216,22012
19971,22013
6030,22014
13710,22015
13154,22016
16226,22017
5887,22018
6046,22019
1639,22020
7675,22021
18657,22022
3516,22023
17859,22024
19625,22025
23619,22026
15716,22027
5466,22028
9945,22029
4653,22030
12835,22031
13628,22032
2927,22033
24190,22034
8786,22035
19950,22036
14705,22037
928,22038
13041,22039
19819,22040
1928,22041
2650,22042
11277,22043
385,22044
6307,22045
1315,22046
21146,22047
22764,22048
14165,22049
23622,22050
20424,22051
4054,22052
3348,22053
18561,22054
20173,22055
724,22056
7440,22057
6436,22058
1247,22059
11991,22060
20077,22061
3377,22062
22260,22063
16936,22064
23121,22065
23983,22066
17383,22067
20768,22068
1800,22069
24139,22070
3302,22071
3068,22072
11458,22073
4030,22074
4468,22075
5140,22076
15662,22077
5494,22078
6376,22079
13870,22080
7060,22081
7738,22082
18161,22083
9913,22084
9231,22085
8358,22086
11683,22087
11685,22088
11730,22089
13270,22090
14064,22091
14848,22092
12017,22093
14896,22094
15417,22095
15613,22096
12519,22097
14067,22098
11727,22099
16366,22100
16367,22101
15657,22102
17117,22103
18721,22104
16373,22105
17923,22106
14859,22107
15161,22108
15619,22109
15918,22110
19527,22111
21083,22112
3475,22113
20294,22114
3493,22115
10402,22116
4890,22117
20375,22118
15573,22119
21898,22120
11794,22121
5593,22122
16453,22123
13233,22124
15574,22125
15725,22126
5611,22127
11088,22128
11693,22129
20588,22130
21412,22131
6074,22132
17421,22133
18776,22134
23607,22135
14879,22136
21043,22137
3528,22138
21048,22139
14027,22140
17233,22141
430,22142
23803,22143
17231,22144
16480,22145
15723,22146
13736,22147
6991,22148
8090,22149
13673,22150
2610,22151
2290,22152
23421,22153
8314,22154
14108,22155
8316,22156
13315,22157
850,22158
11375,22159
1550,22160
24183,22161
6037,22162
23308,22163
23318,22164
14462,22165
16872,22166
138,22167
32,22168
8835,22169
22266,22170
12553,22171
21897,22172
14881,22173
22750,22174
17204,22175
12441,22176
16327,22177
13384,22178
9030,22179
12522,22180
10395,22181
12018,22182
9031,22183
9032,22184
20325,22185
16372,22186
12811,22187
17124,22188
16668,22189
14654,22190
17420,22191
17207,22192
15572,22193
13230,22194
17144,22195
20374,22196
21899,22197
13234,22198
21234,22199
2767,22200
16392,22201
1329,22202
11709,22203
5399,22204
22089,22205
12585,22206
11792,22207
14964,22208
16051,22209
609,22210
12501,22211
4873,22212
15638,22213
7407,22214
20688,22215
6810,22216
19002,22217
19261,22218
5824,22219
3708,22220
7230,22221
21607,22222
6721,22223
15287,22224
24180,22225
13672,22226
13021,22227
141,22228
35,22229
6247,22230
13333,22231
11067,22232
14920,22233
5538,22234
15680,22235
11666,22236
15675,22237
9033,22238
10487,22239
9034,22240
13314,22241
10399,22242
11085,22243
9130,22244
9134,22245
9712,22246
12810,22247
8836,22248
17419,22249
13296,22250
3459,22251
16391,22252
21046,22253
23610,22254
14176,22255
9543,22256
14967,22257
22088,22258
21233,22259
13380,22260
6640,22261
8792,22262
21513,22263
7496,22264
10696,22265
11470,22266
9327,22267
16705,22268
9713,22269
14387,22270
13067,22271
13598,22272
14089,22273
5576,22274
6977,22275
10421,22276
11646,22277
14025,22278
11795,22279
17143,22280
9055,22281
18775,22282
9715,22283
11170,22284
16923,22285
12021,22286
14937,22287
22749,22288
14090,22289
21896,22290
13350,22291
23611,22292
21047,22293
13383,22294
1151,22295
14966,22296
15724,22297
18827,22298
16479,22299
14526,22300
6034,22301
16799,22302
8891,22303
10004,22304
1805,22305
11374,22306
849,22307
830,22308
23321,22309
8093,22310
17547,22311
22459,22312
21506,22313
17624,22314
151,22315
45,22316
9717,22317
14106,22318
7637,22319
7771,22320
8320,22321
12024,22322
14652,22323
14392,22324
17977,22325
21895,22326
16393,22327
19443,22328
14142,22329
22753,22330
21900,22331
23804,22332
2585,22333
22944,22334
16481,22335
17232,22336
11791,22337
12941,22338
10159,22339
24080,22340
453,22341
3027,22342
13848,22343
18207,22344
19006,22345
11358,22346
4556,22347
15377,22348
24104,22349
21604,22350
22359,22351
15364,22352
148,22353
42,22354
9718,22355
7673,22356
8321,22357
15920,22358
9036,22359
16670,22360
16921,22361
15163,22362
15697,22363
11644,22364
15640,22365
2045,22366
17145,22367
23608,22368
3458,22369
12502,22370
4165,22371
11710,22372
4941,22373
13235,22374
12442,22375
15726,22376
5575,22377
22824,22378
8861,22379
21235,22380
14965,22381
22943,22382
12584,22383
23323,22384
10843,22385
23219,22386
6123,22387
6566,22388
21705,22389
7934,22390
8617,22391
10673,22392
19965,22393
14617,22394
20711,22395
21605,22396
15593,22397
18291,22398
22018,22399
16346,22400
13332,22401
17099,22402
14125,22403
17850,22404
18763,22405
8706,22406
170,22407
62,22408
9737,22409
17976,22410
22751,22411
12440,22412
14174,22413
9750,22414
15620,22415
9068,22416
9038,22417
6411,22418
9720,22419
7095,22420
16167,22421
5713,22422
14938,22423
20239,22424
15641,22425
10420,22426
19442,22427
15695,22428
17080,22429
20316,22430
1328,22431
23612,22432
23805,22433
10227,22434
12588,22435
14173,22436
13381,22437
18028,22438
17555,22439
608,22440
14880,22441
8342,22442
2766,22443
12500,22444
5577,22445
6291,22446
4166,22447
16390,22448
4874,22449
17142,22450
6970,22451
15637,22452
9474,22453
20690,22454
8178,22455
5834,22456
20054,22457
4426,22458
22273,22459
9305,22460
18367,22461
10847,22462
21526,22463
22460,22464
19092,22465
6658,22466
269,22467
134,22468
9814,22469
6758,22470
7770,22471
15698,22472
18640,22473
13297,22474
11107,22475
17840,22476
18774,22477
14026,22478
11647,22479
12587,22480
1863,22481
14175,22482
19632,22483
20431,22484
17230,22485
12146,22486
21116,22487
6718,22488
22453,22489
6811,22490
8607,22491
20058,22492
10003,22493
9054,22494
7659,22495
9320,22496
5810,22497
12939,22498
7410,22499
19151,22500
3147,22501
12460,22502
17189,22503
13252,22504
14044,22505
16437,22506
21165,22507
14834,22508
14915,22509
23212,22510
16120,22511
158,22512
50,22513
6934,22514
13328,22515
11072,22516
11738,22517
6249,22518
14121,22519
10386,22520
22867,22521
9736,22522
15639,22523
2046,22524
14878,22525
2768,22526
13295,22527
1330,22528
11708,22529
2047,22530
14088,22531
610,22532
14877,22533
7653,22534
14087,22535
3460,22536
6323,22537
8336,22538
5644,22539
11648,22540
17081,22541
13382,22542
4697,22543
12586,22544
20430,22545
19631,22546
15722,22547
16803,22548
13030,22549
1690,22550
3305,22551
4424,22552
22558,22553
5832,22554
859,22555
2996,22556
19168,22557
8796,22558
18307,22559
22857,22560
9951,22561
9899,22562
9988,22563
20764,22564
10163,22565
14474,22566
14524,22567
24072,22568
4129,22569
11742,22570
2730,22571
16436,22572
3421,22573
12534,22574
2008,22575
12530,22576
8024,22577
155,22578
48,22579
9702,22580
17965,22581
2734,22582
16431,22583
9019,22584
17183,22585
2012,22586
22015,22587
4133,22588
23725,22589
13253,22590
18760,22591
3425,22592
17962,22593
14045,22594
17182,22595
17863,22596
2746,22597
18754,22598
21053,22599
21905,22600
4412,22601
5118,22602
20863,22603
5820,22604
2268,22605
2991,22606
649,22607
18661,22608
19803,22609
22769,22610
4423,22611
11471,22612
3715,22613
5831,22614
2273,22615
24182,22616
6535,22617
23320,22618
7411,22619
24181,22620
23319,22621
12875,22622
7341,22623
259,22624
126,22625
9478,22626
22340,22627
9991,22628
12998,22629
3878,22630
22369,22631
20761,22632
13907,22633
15045,22634
10182,22635
11488,22636
11992,22637
12784,22638
18467,22639
18963,22640
20242,22641
20813,22642
1011,22643
1202,22644
13685,22645
20354,22646
20881,22647
21461,22648
1089,22649
20651,22650
19853,22651
11410,22652
21778,22653
2526,22654
24026,22655
23166,22656
16986,22657
11308,22658
3227,22659
23165,22660
24025,22661
14717,22662
14416,22663
3044,22664
10292,22665
12041,22666
1097,22667
12834,22668
10623,22669
3334,22670
3336,22671
4669,22672
22270,22673
15922,22674
23127,22675
16096,22676
4683,22677
16552,22678
12699,22679
19709,22680
17598,22681
10100,22682
21536,22683
2809,22684
481,22685
1515,22686
5287,22687
10969,22688
10972,22689
2413,22690
23713,22691
2632,22692
11323,22693
3234,22694
10638,22695
1520,22696
1489,22697
16094,22698
1731,22699
13728,22700
21761,22701
15971,22702
4642,22703
16726,22704
5429,22705
5452,22706
3670,22707
5790,22708
6134,22709
19000,22710
6137,22711
6489,22712
6524,22713
15408,22714
10630,22715
6529,22716
4652,22717
6559,22718
6819,22719
4378,22720
6734,22721
2956,22722
2234,22723
6994,22724
4856,22725
22855,22726
3440,22727
12581,22728
4148,22729
18824,22730
20160,22731
7174,22732
23381,22733
7213,22734
10636,22735
7272,22736
4750,22737
18200,22738
6050,22739
5789,22740
5087,22741
6843,22742
739,22743
2909,22744
12025,22745
15340,22746
4584,22747
10283,22748
1910,22749
3678,22750
3681,22751
5353,22752
4389,22753
5096,22754
5354,22755
4386,22756
7264,22757
3519,22758
7422,22759
3671,22760
4379,22761
7521,22762
7522,22763
7628,22764
4226,22765
6258,22766
18025,22767
6944,22768
20427,22769
3344,22770
769,22771
16846,22772
7893,22773
2213,22774
15338,22775
795,22776
14648,22777
2239,22778
2962,22779
2933,22780
14576,22781
796,22782
803,22783
4650,22784
8204,22785
8400,22786
7719,22787
20557,22788
13790,22789
2453,22790
10978,22791
19115,22792
1370,22793
1921,22794
15946,22795
2646,22796
4372,22797
2538,22798
3664,22799
2950,22800
2212,22801
7202,22802
378,22803
6518,22804
8106,22805
7879,22806
8537,22807
21665,22808
1732,22809
22441,22810
19321,22811
15964,22812
8562,22813
1488,22814
12995,22815
8566,22816
768,22817
16845,22818
10786,22819
20748,22820
16221,22821
871,22822
16911,22823
11394,22824
18453,22825
19256,22826
11393,22827
10708,22828
3696,22829
14766,22830
5042,22831
7260,22832
6576,22833
11363,22834
6856,22835
8122,22836
12027,22837
12819,22838
15928,22839
12993,22840
3171,22841
15269,22842
5463,22843
8483,22844
8735,22845
24152,22846
1159,22847
22661,22848
8660,22849
8736,22850
24165,22851
14703,22852
19024,22853
13831,22854
18224,22855
7800,22856
8737,22857
17545,22858
13121,22859
5198,22860
13833,22861
21434,22862
7122,22863
8805,22864
11316,22865
8826,22866
7802,22867
4331,22868
14397,22869
14575,22870
1734,22871
15270,22872
3303,22873
11414,22874
4759,22875
6440,22876
8917,22877
2967,22878
3943,22879
2244,22880
4388,22881
767,22882
9256,22883
9259,22884
4654,22885
9277,22886
1095,22887
9339,22888
5110,22889
12390,22890
5462,22891
6439,22892
7123,22893
12270,22894
5043,22895
9373,22896
14628,22897
10057,22898
15660,22899
13254,22900
22848,22901
11667,22902
12461,22903
18026,22904
20428,22905
19360,22906
9416,22907
9568,22908
1606,22909
13843,22910
10729,22911
6500,22912
9608,22913
7883,22914
1812,22915
12042,22916
14417,22917
9225,22918
22521,22919
2455,22920
13716,22921
14706,22922
15205,22923
11451,22924
14424,22925
20954,22926
6995,22927
20253,22928
2812,22929
19456,22930
22939,22931
3437,22932
22084,22933
4051,22934
9939,22935
3239,22936
9958,22937
10639,22938
11272,22939
17599,22940
5286,22941
1197,22942
23243,22943
12354,22944
1372,22945
11462,22946
14085,22947
3314,22948
20315,22949
5144,22950
15399,22951
4452,22952
10705,22953
22654,22954
17913,22955
5123,22956
1090,22957
10662,22958
1572,22959
15523,22960
14871,22961
20866,22962
6151,22963
20314,22964
5580,22965
6580,22966
6836,22967
7215,22968
5352,22969
6531,22970
7526,22971
17911,22972
7897,22973
1094,22974
12034,22975
4397,22976
10992,22977
16383,22978
5775,22979
1947,22980
17135,22981
17887,22982
17393,22983
7217,22984
10516,22985
5488,22986
17903,22987
2056,22988
21394,22989
23438,22990
13567,22991
14357,22992
16623,22993
14579,22994
1730,22995
1208,22996
12826,22997
10873,22998
1369,22999
23627,23000
2085,23001
21064,23002
21916,23003
18825,23004
22941,23005
4040,23006
2957,23007
4049,23008
5729,23009
10540,23010
16166,23011
12809,23012
14655,23013
20188,23014
19504,23015
3598,23016
18592,23017
20302,23018
22792,23019
3604,23020
18591,23021
21410,23022
21952,23023
20289,23024
14322,23025
22591,23026
11951,23027
12742,23028
18920,23029
12997,23030
4294,23031
13073,23032
15915,23033
23555,23034
20297,23035
5005,23036
6373,23037
11617,23038
19499,23039
21089,23040
17314,23041
2561,23042
801,23043
4651,23044
1521,23045
8105,23046
790,23047
19800,23048
813,23049
10990,23050
14081,23051
18684,23052
7089,23053
2558,23054
6406,23055
11167,23056
7755,23057
20012,23058
8203,23059
7896,23060
3942,23061
804,23062
2970,23063
8235,23064
8338,23065
7214,23066
842,23067
11594,23068
16385,23069
2771,23070
8579,23071
8733,23072
1924,23073
1504,23074
1815,23075
21846,23076
21099,23077
2643,23078
7199,23079
20067,23080
10620,23081
11305,23082
2934,23083
14577,23084
7359,23085
23290,23086
12359,23087
438,23088
5886,23089
16146,23090
3772,23091
19528,23092
1316,23093
17951,23094
23623,23095
11789,23096
490,23097
597,23098
19629,23099
20159,23100
2651,23101
784,23102
11300,23103
8536,23104
13788,23105
8926,23106
9110,23107
13997,23108
15120,23109
14800,23110
20296,23111
21095,23112
19493,23113
9227,23114
16847,23115
10784,23116
17553,23117
13900,23118
17484,23119
9257,23120
3238,23121
11306,23122
10621,23123
11270,23124
17596,23125
10102,23126
9614,23127
11293,23128
3242,23129
9907,23130
16093,23131
294,23132
9909,23133
16095,23134
5992,23135
19961,23136
19312,23137
15215,23138
23511,23139
10642,23140
8099,23141
16731,23142
17169,23143
10984,23144
21908,23145
4931,23146
1312,23147
22085,23148
4859,23149
19628,23150
4050,23151
19361,23152
4761,23153
6161,23154
7185,23155
9943,23156
2535,23157
9260,23158
9960,23159
7895,23160
1487,23161
16092,23162
10103,23163
21600,23164
20906,23165
21800,23166
11326,23167
22293,23168
9961,23169
3233,23170
9278,23171
11327,23172
10586,23173
15336,23174
10787,23175
16801,23176
13107,23177
19831,23178
6043,23179
20629,23180
16417,23181
17857,23182
5456,23183
10603,23184
16164,23185
11288,23186
652,23187
19459,23188
20256,23189
21230,23190
23800,23191
1217,23192
496,23193
18570,23194
8481,23195
7439,23196
6438,23197
2683,23198
3374,23199
4081,23200
2858,23201
19279,23202
14361,23203
15133,23204
6378,23205
12282,23206
7062,23207
4996,23208
7741,23209
20075,23210
4286,23211
3576,23212
10456,23213
16843,23214
10788,23215
21581,23216
13124,23217
18552,23218
8422,23219
9241,23220
4912,23221
14061,23222
14062,23223
14063,23224
16363,23225
16365,23226
16415,23227
11081,23228
17116,23229
17118,23230
14899,23231
14858,23232
15659,23233
15618,23234
17167,23235
11688,23236
14856,23237
20282,23238
12521,23239
15617,23240
11729,23241
14857,23242
17123,23243
20323,23244
10398,23245
17922,23246
11084,23247
20324,23248
21936,23249
20322,23250
22827,23251
13273,23252
23126,23253
23685,23254
11687,23255
10492,23256
12480,23257
11175,23258
23987,23259
13859,23260
17422,23261
18802,23262
13201,23263
21861,23264
18791,23265
15563,23266
21972,23267
3495,23268
11686,23269
3592,23270
4298,23271
5009,23272
6071,23273
3588,23274
20396,23275
18615,23276
16311,23277
16466,23278
11020,23279
17068,23280
17306,23281
22825,23282
6072,23283
6268,23284
636,23285
16368,23286
5613,23287
14854,23288
17120,23289
6407,23290
6948,23291
6955,23292
19524,23293
13276,23294
6269,23295
1419,23296
697,23297
11477,23298
5717,23299
19597,23300
11629,23301
14007,23302
22050,23303
14803,23304
23683,23305
6993,23306
13271,23307
10434,23308
18679,23309
13601,23310
7096,23311
7581,23312
7635,23313
5010,23314
13858,23315
5714,23316
20404,23317
15546,23318
12518,23319
14786,23320
20393,23321
7576,23322
6891,23323
15806,23324
4681,23325
15049,23326
14267,23327
21341,23328
22185,23329
15295,23330
3934,23331
19894,23332
3318,23333
7774,23334
13064,23335
8260,23336
23068,23337
8319,23338
19526,23339
6953,23340
2144,23341
7636,23342
1418,23343
10200,23344
2867,23345
22060,23346
17808,23347
11726,23348
18607,23349
6271,23350
16409,23351
664,23352
12425,23353
13217,23354
11912,23355
5383,23356
13494,23357
22197,23358
23058,23359
13463,23360
16053,23361
3225,23362
13677,23363
2622,23364
4417,23365
22561,23366
3709,23367
5825,23368
3695,23369
5257,23370
14616,23371
14463,23372
20762,23373
23211,23374
7640,23375
14895,23376
8323,23377
17161,23378
8357,23379
10394,23380
12479,23381
13603,23382
8451,23383
6073,23384
13602,23385
17157,23386
10407,23387
13309,23388
19419,23389
20216,23390
23930,23391
3970,23392
21351,23393
16538,23394
12683,23395
11877,23396
17558,23397
6032,23398
21512,23399
14721,23400
7925,23401
21711,23402
8455,23403
19604,23404
22713,23405
18608,23406
21120,23407
11090,23408
21973,23409
16374,23410
14105,23411
23761,23412
16315,23413
15562,23414
22207,23415
602,23416
13312,23417
6957,23418
15651,23419
8608,23420
8609,23421
21710,23422
20601,23423
3710,23424
5811,23425
12144,23426
8092,23427
2409,23428
19963,23429
12080,23430
2732,23431
14916,23432
2010,23433
17185,23434
6248,23435
16433,23436
6933,23437
17966,23438
8023,23439
270,23440
135,23441
8705,23442
260,23443
127,23444
9040,23445
21119,23446
10405,23447
11091,23448
13311,23449
14104,23450
1322,23451
19521,23452
927,23453
9321,23454
7910,23455
18368,23456
9477,23457
21590,23458
2425,23459
18290,23460
7340,23461
159,23462
51,23463
9711,23464
12813,23465
16169,23466
14390,23467
14892,23468
9722,23469
14891,23470
6274,23471
14101,23472
6960,23473
13308,23474
7643,23475
12514,23476
8326,23477
12512,23478
9724,23479
14102,23480
14008,23481
11630,23482
10437,23483
3263,23484
12703,23485
15032,23486
17288,23487
14254,23488
16806,23489
5341,23490
15253,23491
15482,23492
851,23493
17660,23494
1571,23495
10690,23496
4403,23497
19169,23498
15376,23499
13729,23500
15291,23501
10385,23502
12531,23503
11071,23504
11739,23505
24071,23506
6657,23507
168,23508
60,23509
9018,23510
14122,23511
9042,23512
11722,23513
14073,23514
22052,23515
2760,23516
15710,23517
12424,23518
10335,23519
12686,23520
9701,23521
13329,23522
2011,23523
18764,23524
2733,23525
16432,23526
574,23527
17184,23528
1293,23529
11121,23530
9756,23531
9781,23532
16091,23533
296,23534
18349,23535
11567,23536
20125,23537
1645,23538
16898,23539
23995,23540
10022,23541
14111,23542
21082,23543
15917,23544
7449,23545
17902,23546
21100,23547
23651,23548
19595,23549
4177,23550
23774,23551
16298,23552
21007,23553
16556,23554
1127,23555
18910,23556
12684,23557
13476,23558
21329,23559
7575,23560
8259,23561
13493,23562
406,23563
14283,23564
17289,23565
11892,23566
23908,23567
19968,23568
2524,23569
12880,23570
7511,23571
4415,23572
22562,23573
3707,23574
3013,23575
1551,23576
23322,23577
6720,23578
22449,23579
21603,23580
19887,23581
17623,23582
152,23583
46,23584
8421,23585
8688,23586
1801,23587
24081,23588
15483,23589
3017,23590
20056,23591
2294,23592
1574,23593
5109,23594
24184,23595
7409,23596
24078,23597
22458,23598
19091,23599
16871,23600
156,23601
49,23602
8302,23603
17186,23604
7618,23605
11740,23606
9700,23607
12532,23608
9017,23609
7688,23610
9815,23611
16168,23612
9135,23613
14951,23614
17064,23615
11725,23616
14799,23617
17994,23618
6890,23619
10336,23620
16555,23621
20095,23622
17305,23623
14266,23624
13475,23625
18895,23626
18370,23627
1087,23628
22363,23629
20133,23630
2293,23631
23420,23632
3016,23633
9322,23634
1552,23635
21608,23636
10845,23637
21509,23638
23317,23639
15249,23640
16119,23641
142,23642
36,23643
9817,23644
19605,23645
20205,23646
12517,23647
15622,23648
17160,23649
19408,23650
18792,23651
6206,23652
11021,23653
11911,23654
19297,23655
12702,23656
15789,23657
16539,23658
23046,23659
20767,23660
368,23661
20694,23662
7641,23663
16408,23664
8324,23665
15655,23666
6272,23667
18716,23668
8904,23669
3015,23670
15404,23671
2292,23672
10005,23673
831,23674
22463,23675
6036,23676
16045,23677
24179,23678
20686,23679
15363,23680
149,23681
43,23682
9043,23683
17918,23684
10408,23685
16404,23686
9698,23687
14124,23688
7617,23689
12533,23690
9015,23691
13331,23692
8301,23693
8371,23694
3422,23695
9071,23696
4130,23697
4838,23698
10435,23699
9725,23700
17156,23701
11094,23702
11720,23703
17127,23704
17154,23705
10412,23706
17882,23707
21195,23708
22048,23709
11029,23710
8977,23711
11894,23712
10890,23713
17291,23714
14250,23715
13458,23716
11867,23717
12148,23718
6716,23719
17519,23720
16990,23721
5827,23722
19260,23723
5125,23724
4419,23725
8593,23726
20765,23727
8795,23728
18294,23729
646,23730
9753,23731
5539,23732
5640,23733
11074,23734
3526,23735
10388,23736
4233,23737
6936,23738
19563,23739
6251,23740
5629,23741
23632,23742
4926,23743
21921,23744
22774,23745
5138,23746
5840,23747
13054,23748
3723,23749
5806,23750
5104,23751
2977,23752
22462,23753
10162,23754
21487,23755
16132,23756
24051,23757
23191,23758
1668,23759
18641,23760
3312,23761
22942,23762
10961,23763
475,23764
18812,23765
12396,23766
10307,23767
22067,23768
17042,23769
16289,23770
498,23771
22072,23772
3355,23773
1118,23774
8094,23775
219,23776
8624,23777
17656,23778
10019,23779
8606,23780
9022,23781
21161,23782
7623,23783
5124,23784
8307,23785
4418,23786
20859,23787
5826,23788
853,23789
6546,23790
19966,23791
10846,23792
18365,23793
19166,23794
12874,23795
12228,23796
265,23797
131,23798
9296,23799
10309,23800
21214,23801
519,23802
1836,23803
11161,23804
97,23805
9850,23806
18588,23807
12279,23808
16652,23809
14602,23810
10452,23811
15869,23812
15064,23813
15821,23814
15808,23815
14282,23816
181,23817
69,23818
9992,23819
23128,23820
13979,23821
5608,23822
9981,23823
16285,23824
17037,23825
18605,23826
5030,23827
6172,23828
5737,23829
15411,23830
10502,23831
6301,23832
13280,23833
15089,23834
12295,23835
15846,23836
16596,23837
21737,23838
23447,23839
4269,23840
12743,23841
7106,23842
20589,23843
13775,23844
713,23845
7586,23846
23044,23847
7714,23848
7037,23849
8125,23850
8383,23851
6223,23852
23906,23853
3976,23854
18091,23855
8384,23856
8982,23857
23907,23858
9076,23859
11043,23860
16529,23861
1844,23862
15779,23863
15022,23864
16524,23865
12189,23866
2468,23867
16012,23868
10350,23869
21752,23870
12851,23871
8801,23872
19040,23873
13216,23874
11116,23875
13995,23876
16464,23877
11632,23878
14010,23879
15707,23880
3367,23881
19608,23882
12399,23883
11605,23884
16463,23885
518,23886
10430,23887
11695,23888
19567,23889
10378,23890
18496,23891
15705,23892
15805,23893
16317,23894
22196,23895
3399,23896
23745,23897
3400,23898
22034,23899
3403,23900
3972,23901
4818,23902
5522,23903
21181,23904
21024,23905
564,23906
6224,23907
20378,23908
4123,23909
6337,23910
17300,23911
12674,23912
15564,23913
16320,23914
16513,23915
17070,23916
19682,23917
2001,23918
17267,23919
20219,23920
15765,23921
21307,23922
23584,23923
15768,23924
23587,23925
12645,23926
2722,23927
15006,23928
4110,23929
21309,23930
4111,23931
20481,23932
10896,23933
22160,23934
14016,23935
12638,23936
18626,23937
21291,23938
2574,23939
4825,23940
13444,23941
5523,23942
22164,23943
1134,23944
19684,23945
19431,23946
17254,23947
21881,23948
12635,23949
10902,23950
14220,23951
13428,23952
14215,23953
20806,23954
2576,23955
15751,23956
14992,23957
22133,23958
19211,23959
3417,23960
14993,23961
1142,23962
13427,23963
14219,23964
13423,23965
5525,23966
16516,23967
4691,23968
21298,23969
12436,23970
12604,23971
19439,23972
18036,23973
22746,23974
13393,23975
3985,23976
18038,23977
23819,23978
22950,23979
20807,23980
428,23981
19640,23982
15731,23983
22095,23984
18409,23985
5527,23986
23882,23987
5534,23988
23003,23989
10215,23990
21289,23991
2114,23992
11837,23993
558,23994
11852,23995
415,23996
14230,23997
13229,23998
18637,23999
17239,24000
1149,24001
22958,24002
18835,24003
23603,24004
23810,24005
17592,24006
23822,24007
10911,24008
12606,24009
13399,24010
16486,24011
12990,24012
4588,24013
22410,24014
6332,24015
17258,24016
16501,24017
6772,24018
7596,24019
22032,24020
21026,24021
20224,24022
17264,24023
416,24024
12642,24025
18639,24026
14205,24027
20233,24028
22976,24029
1858,24030
17244,24031
23599,24032
15740,24033
2579,24034
19650,24035
18845,24036
21241,24037
15333,24038
6093,24039
7598,24040
8279,24041
19580,24042
22730,24043
21878,24044
7699,24045
8282,24046
12651,24047
10209,24048
14236,24049
17830,24050
21884,24051
18070,24052
2725,24053
18058,24054
1855,24055
22997,24056
23857,24057
21278,24058
16840,24059
1021,24060
3145,24061
8742,24062
20732,24063
19339,24064
6786,24065
14433,24066
8844,24067
23021,24068
18630,24069
19660,24070
10904,24071
14991,24072
2112,24073
14988,24074
567,24075
18866,24076
418,24077
8849,24078
23005,24079
3543,24080
8860,24081
11806,24082
12599,24083
21240,24084
9513,24085
2161,24086
2884,24087
22267,24088
9529,24089
23010,24090
9673,24091
8990,24092
7011,24093
18620,24094
17820,24095
11714,24096
14076,24097
12506,24098
14865,24099
13301,24100
15625,24101
14094,24102
16377,24103
14884,24104
17129,24105
15000,24106
10897,24107
13434,24108
12435,24109
14019,24110
21257,24111
23601,24112
12613,24113
10909,24114
14198,24115
13406,24116
23829,24117
8150,24118
22111,24119
21256,24120
16485,24121
21656,24122
10800,24123
9539,24124
13405,24125
14197,24126
17236,24127
22512,24128
9674,24129
17278,24130
8841,24131
9680,24132
8997,24133
13443,24134
1848,24135
15010,24136
14808,24137
15756,24138
19433,24139
2004,24140
22148,24141
2573,24142
23867,24143
23007,24144
3275,24145
14223,24146
11845,24147
17252,24148
12196,24149
3545,24150
1850,24151
19673,24152
20472,24153
5290,24154
11511,24155
23997,24156
13040,24157
24119,24158
11554,24159
13431,24160
9681,24161
15761,24162
5394,24163
15002,24164
16325,24165
18046,24166
22740,24167
22977,24168
23606,24169
22123,24170
6092,24171
23842,24172
11828,24173
6778,24174
8855,24175
22979,24176
22120,24177
13388,24178
21660,24179
1022,24180
16953,24181
19130,24182
23499,24183
2369,24184
12247,24185
23839,24186
9993,24187
1548,24188
22530,24189
273,24190
16779,24191
21812,24192
23492,24193
2830,24194
3001,24195
4060,24196
9994,24197
10679,24198
11357,24199
20022,24200
3866,24201
20164,24202
4950,24203
3354,24204
5473,24205
3253,24206
9168,24207
2682,24208
11485,24209
15901,24210
13814,24211
14354,24212
17370,24213
199,24214
23941,24215
23079,24216
15057,24217
14292,24218
18911,24219
84,24220
9995,24221
19265,24222
3004,24223
2281,24224
7229,24225
9996,24226
9997,24227
22566,24228
11367,24229
9998,24230
6545,24231
9999,24232
12373,24233
18573,24234
22679,24235
2917,24236
2922,24237
10861,24238
1475,24239
10572,24240
389,24241
1470,24242
5059,24243
3956,24244
748,24245
750,24246
3615,24247
19194,24248
7840,24249
4325,24250
18393,24251
4611,24252
9832,24253
20787,24254
