Node ID,Order
1,0
10,1
10033,2
10037,3
10044,4
10453,5
10454,6
10458,7
10465,8
10506,9
10546,10
10549,11
10550,12
10554,13
10597,14
10598,15
10616,16
10625,17
10631,18
10654,19
10667,20
10682,21
10733,22
11,23
11129,24
11133,25
11147,26
11151,27
11158,28
10475,29
10469,30
11159,31
11174,32
11176,33
11177,34
11181,35
10498,36
11196,37
11206,38
11207,39
11209,40
11248,41
11258,42
11261,43
11271,44
11282,45
11297,46
11299,47
11301,48
11309,49
10587,50
11315,51
11337,52
11351,53
11398,54
11718,55
11801,56
11810,57
11814,58
11823,59
10222,60
11827,61
11838,62
11840,63
11864,64
11865,65
11875,66
11879,67
11882,68
11888,69
11890,70
11899,71
11905,72
11922,73
11924,74
11937,75
11957,76
11958,77
11964,78
11966,79
11969,80
11982,81
12,82
12002,83
12008,84
12011,85
10470,86
12033,87
12083,88
12099,89
12107,90
12129,91
12131,92
12174,93
12190,94
12192,95
12194,96
12202,97
12218,98
12225,99
12595,100
12596,101
12622,102
12627,103
12630,104
12195,105
12636,106
12647,107
11854,108
12660,109
12662,110
12668,111
12669,112
12680,113
12682,114
12690,115
12715,116
12718,117
12742,118
12746,119
12754,120
12755,121
12770,122
12777,123
12788,124
12824,125
12905,126
12916,127
12919,128
12923,129
12927,130
12938,131
12946,132
12949,133
12951,134
12953,135
12957,136
12970,137
12972,138
12977,139
12978,140
12984,141
12987,142
12989,143
12994,144
13,145
13009,146
13397,147
13457,148
13459,149
13516,150
13517,151
12726,152
13520,153
13538,154
13539,155
13544,156
13547,157
12756,158
13575,159
13576,160
13585,161
13606,162
13702,163
13706,164
13711,165
13718,166
13725,167
13743,168
13745,169
13752,170
13753,171
13769,172
13770,173
13772,174
13779,175
13782,176
13783,177
13787,178
13811,179
13876,180
10445,181
14,182
14180,183
14187,184
14206,185
14207,186
14208,187
10066,188
1422,189
14241,190
14249,191
14251,192
11868,193
14257,194
14259,195
13464,196
14269,197
14304,198
13506,199
14309,200
13509,201
14311,202
14299,203
12207,204
14318,205
1434,206
14343,207
13553,208
12748,209
14351,210
14365,211
14372,212
1441,213
14412,214
14414,215
13625,216
14477,217
14482,218
14511,219
1453,220
14535,221
14543,222
14549,223
14553,224
14559,225
14571,226
14573,227
14589,228
14591,229
1460,230
14600,231
1479,232
14874,233
14982,234
12962,235
14989,236
14572,237
14990,238
12217,239
14997,240
15,241
15021,242
15030,243
15031,244
15025,245
15037,246
15044,247
14270,248
12955,249
15062,250
15067,251
15077,252
14312,253
1509,254
15090,255
14325,256
15092,257
15094,258
10751,259
15126,260
15135,261
15140,262
15171,263
12200,264
15172,265
15189,266
15198,267
15203,268
14098,269
1523,270
10641,271
15251,272
15260,273
14476,274
12079,275
15264,276
15266,277
15271,278
15284,279
153,280
15300,281
15302,282
15312,283
15318,284
1532,285
15320,286
15337,287
15347,288
15350,289
15351,290
15355,291
1545,292
1549,293
13015,294
1559,295
15728,296
15736,297
15738,298
15746,299
15748,300
15750,301
13010,302
15758,303
15774,304
14567,305
15775,306
15776,307
15782,308
15787,309
10891,310
14264,311
13473,312
15794,313
15792,314
15813,315
15820,316
15825,317
15068,318
15838,319
14298,320
15843,321
15086,322
15849,323
15863,324
15871,325
15883,326
15910,327
15911,328
15154,329
15936,330
15943,331
10511,332
12991,333
15945,334
15188,335
11268,336
15957,337
16,338
16013,339
16019,340
16023,341
16050,342
16076,343
16077,344
16081,345
16087,346
16106,347
16107,348
16112,349
16461,350
15048,351
11891,352
16483,353
16488,354
11803,355
16503,356
16510,357
14214,358
16528,359
15017,360
16535,361
16564,362
15814,363
16577,364
16594,365
1660,366
16601,367
16675,368
16681,369
16684,370
16707,371
16770,372
16771,373
16775,374
16018,375
16796,376
16797,377
16810,378
16819,379
16820,380
16825,381
16826,382
16827,383
16828,384
16844,385
16850,386
16865,387
16869,388
1697,389
17,390
17141,391
17235,392
13762,393
17240,394
16484,395
14552,396
17274,397
17279,398
17292,399
13741,400
17302,401
17315,402
17316,403
17318,404
17334,405
17382,406
14597,407
17389,408
16637,409
16632,410
17397,411
17402,412
17410,413
17425,414
14582,415
17430,416
16815,417
17438,418
17456,419
17458,420
17524,421
17533,422
17534,423
17544,424
17560,425
17566,426
17572,427
17578,428
17580,429
17582,430
17587,431
17588,432
17591,433
17594,434
17595,435
17597,436
17606,437
17607,438
17610,439
17998,440
18,441
18031,442
18040,443
18044,444
18060,445
18071,446
18087,447
17565,448
18094,449
17275,450
18111,451
14548,452
18118,453
18121,454
18125,455
18145,456
18146,457
13532,458
15061,459
18155,460
18156,461
18160,462
13560,463
13774,464
18167,465
18178,466
18184,467
12979,468
18189,469
18190,470
14536,471
18192,472
18193,473
16099,474
18298,475
18317,476
18343,477
1835,478
1427,479
18359,480
18381,481
18385,482
18387,483
18389,484
18395,485
18797,486
17814,487
18830,488
18838,489
14971,490
12216,491
18840,492
18853,493
18856,494
18057,495
18854,496
16108,497
18859,498
18868,499
18069,500
13421,501
16074,502
18870,503
18878,504
18880,505
18892,506
18092,507
18089,508
16855,509
18906,510
18106,511
18915,512
18917,513
18396,514
18920,515
12997,516
18945,517
18946,518
18120,519
18951,520
18953,521
18957,522
18964,523
16105,524
18976,525
18979,526
18988,527
19,528
19105,529
19110,530
19147,531
19148,532
19149,533
19164,534
19171,535
19175,536
19188,537
19191,538
19193,539
19195,540
19200,541
19207,542
19210,543
19215,544
19221,545
19222,546
19228,547
19292,548
14310,549
19294,550
19516,551
19549,552
19613,553
19653,554
19663,555
19717,556
19720,557
19724,558
14562,559
19728,560
13801,561
19737,562
14296,563
12958,564
19741,565
19744,566
19725,567
19746,568
19756,569
16838,570
19771,571
15125,572
13809,573
19795,574
19796,575
14537,576
19806,577
19816,578
19890,579
19899,580
19900,581
19916,582
19922,583
19923,584
19926,585
19941,586
19947,587
19951,588
19954,589
17627,590
19958,591
19969,592
19979,593
19986,594
19990,595
19996,596
19998,597
2,598
157,599
13734,600
20,601
200,602
19131,603
19927,604
20004,605
20006,606
20013,607
20015,608
20019,609
201,610
20312,611
20432,612
20435,613
17577,614
20447,615
12594,616
20458,617
17611,618
20465,619
20470,620
20491,621
13006,622
20496,623
19692,624
12213,625
20498,626
13759,627
20500,628
20510,629
18415,630
20521,631
20535,632
20542,633
20543,634
19742,635
15060,636
20546,637
19745,638
15819,639
20556,640
16566,641
20559,642
20563,643
20575,644
20578,645
18173,646
20579,647
19779,648
20585,649
20596,650
20689,651
20696,652
207,653
20701,654
20704,655
20721,656
20753,657
20763,658
19964,659
20771,660
20776,661
20778,662
20785,663
20788,664
20789,665
20794,666
208,667
20803,668
20808,669
20820,670
20826,671
209,672
21,673
21092,674
211,675
1000,676
1004,677
1006,678
10079,679
10080,680
10084,681
10086,682
10095,683
10097,684
10098,685
10104,686
10109,687
10126,688
10129,689
1013,690
10131,691
10133,692
1014,693
10141,694
10156,695
1020,696
1027,697
1036,698
1037,699
1044,700
1047,701
1049,702
1052,703
1069,704
1072,705
1073,706
10760,707
10764,708
10766,709
10767,710
10769,711
10770,712
10777,713
10785,714
10789,715
10793,716
10794,717
10795,718
10811,719
10813,720
10823,721
10829,722
1086,723
12092,724
12130,725
13026,726
13704,727
13713,728
13720,729
13823,730
14118,731
14470,732
14506,733
16789,734
16885,735
1700,736
1702,737
1709,738
1710,739
12097,740
1713,741
12931,742
1716,743
1717,744
12104,745
12898,746
1739,747
16778,748
1740,749
1741,750
1744,751
1745,752
13680,753
1751,754
17548,755
1760,756
14514,757
17628,758
17636,759
17639,760
1766,761
12124,762
1775,763
1781,764
13717,765
1788,766
12127,767
1789,768
15254,769
1796,770
18334,771
18335,772
18353,773
18363,774
18435,775
15252,776
18438,777
19124,778
19150,779
19154,780
19233,781
16772,782
19895,783
19905,784
19920,785
16756,786
17509,787
19960,788
20029,789
20030,790
13821,791
15280,792
10755,793
1693,794
179,795
20031,796
20033,797
20700,798
20706,799
15237,800
19867,801
19069,802
12961,803
20717,804
18321,805
12075,806
17514,807
18266,808
19976,809
20723,810
20751,811
20754,812
20835,813
20837,814
13698,815
20840,816
19117,817
21108,818
20287,819
21115,820
21136,821
21144,822
212,823
21264,824
21267,825
21269,826
12983,827
21270,828
21272,829
12623,830
14587,831
21292,832
10900,833
21299,834
16864,835
21310,836
15316,837
21332,838
15329,839
21338,840
11880,841
20818,842
21342,843
14542,844
20836,845
12904,846
21343,847
21353,848
12204,849
21362,850
21365,851
15059,852
21381,853
13505,854
15303,855
1787,856
20718,857
19919,858
19087,859
21393,860
20558,861
14329,862
15844,863
19754,864
12712,865
20021,866
21401,867
19967,868
13031,869
18306,870
21405,871
21409,872
11989,873
13012,874
21413,875
17584,876
21416,877
21417,878
2146,879
18369,880
21514,881
21521,882
21530,883
12071,884
18287,885
21476,886
20777,887
21538,888
21549,889
21554,890
21555,891
21560,892
21566,893
21568,894
21571,895
2158,896
21580,897
21583,898
21593,899
21610,900
21623,901
21624,902
21632,903
21637,904
21648,905
21650,906
21651,907
1753,908
12910,909
21654,910
10806,911
13679,912
21657,913
21658,914
1024,915
19936,916
19139,917
16002,918
16760,919
21664,920
1733,921
13709,922
21668,923
21670,924
10768,925
20752,926
21671,927
21674,928
2168,929
21680,930
19118,931
13023,932
180,933
21681,934
21563,935
17504,936
21686,937
21688,938
12901,939
21689,940
20838,941
20715,942
2182,943
2188,944
2192,945
2195,946
21968,947
16379,948
2199,949
22,950
220,951
18324,952
2201,953
1476,954
1442,955
16833,956
1749,957
20692,958
2205,959
21614,960
2207,961
2209,962
16830,963
22090,964
15356,965
22093,966
17563,967
221,968
19126,969
18325,970
2210,971
13768,972
22101,973
21246,974
22094,975
22104,976
22109,977
14183,978
14590,979
2211,980
12201,981
22139,982
22147,983
22165,984
20804,985
1026,986
22168,987
18081,988
19183,989
22183,990
22188,991
16085,992
2219,993
22214,994
16086,995
22215,996
19218,997
10780,998
14496,999
22222,1000
22224,1001
14677,1002
12721,1003
13512,1004
16569,1005
21630,1006
22246,1007
22252,1008
22256,1009
12940,1010
22257,1011
15353,1012
22264,1013
22374,1014
22375,1015
22380,1016
17507,1017
1687,1018
22401,1019
22404,1020
13652,1021
16743,1022
11412,1023
22415,1024
12870,1025
16761,1026
22416,1027
21561,1028
14458,1029
12076,1030
21481,1031
20802,1032
10117,1033
10801,1034
22419,1035
2242,1036
22422,1037
22427,1038
22434,1039
22437,1040
22440,1041
2245,1042
22467,1043
10154,1044
19143,1045
22472,1046
1080,1047
16773,1048
19122,1049
12861,1050
12067,1051
22480,1052
17638,1053
16788,1054
22486,1055
22492,1056
22496,1057
22501,1058
22515,1059
22516,1060
10111,1061
22527,1062
1718,1063
15289,1064
22534,1065
11438,1066
20728,1067
21598,1068
13024,1069
143,1070
22349,1071
15247,1072
20663,1073
21655,1074
22535,1075
22536,1076
18432,1077
22408,1078
19878,1079
16763,1080
2255,1081
22586,1082
13546,1083
14336,1084
12747,1085
22596,1086
18139,1087
18940,1088
18116,1089
226,1090
227,1091
228,1092
22811,1093
2282,1094
2284,1095
22840,1096
22924,1097
22945,1098
14596,1099
22949,1100
22951,1101
16856,1102
10085,1103
20699,1104
22954,1105
21239,1106
22477,1107
22967,1108
21238,1109
16811,1110
22974,1111
22984,1112
22991,1113
18384,1114
22995,1115
23,1116
230,1117
103,1118
23006,1119
18053,1120
19185,1121
23011,1122
23030,1123
12656,1124
19685,1125
15348,1126
23031,1127
23039,1128
23047,1129
23049,1130
13781,1131
1023,1132
20342,1133
14348,1134
23053,1135
19700,1136
14568,1137
23054,1138
23060,1139
20799,1140
23061,1141
12215,1142
23062,1143
20508,1144
23064,1145
23067,1146
11881,1147
23070,1148
23071,1149
23178,1150
19975,1151
23206,1152
22330,1153
23214,1154
2322,1155
10039,1156
23224,1157
23227,1158
23232,1159
23233,1160
23235,1161
23245,1162
20348,1163
23248,1164
18286,1165
23252,1166
23253,1167
23263,1168
23274,1169
23276,1170
23279,1171
23293,1172
23295,1173
23297,1174
23299,1175
23314,1176
23338,1177
23339,1178
18436,1179
21584,1180
23340,1181
23344,1182
23350,1183
20834,1184
19896,1185
23352,1186
23353,1187
23357,1188
23360,1189
23366,1190
23372,1191
23373,1192
10799,1193
20746,1194
23374,1195
1025,1196
23307,1197
23375,1198
10797,1199
21559,1200
20735,1201
19880,1202
20678,1203
23380,1204
1016,1205
16793,1206
23382,1207
1729,1208
12911,1209
23386,1210
234,1211
22400,1212
23255,1213
23193,1214
21472,1215
23402,1216
22382,1217
235,1218
20724,1219
18328,1220
23690,1221
23762,1222
23811,1223
19220,1224
1001,1225
20698,1226
23823,1227
21242,1228
13011,1229
23834,1230
14178,1231
23836,1232
23837,1233
22096,1234
16089,1235
1738,1236
21546,1237
23841,1238
23809,1239
19980,1240
23845,1241
13415,1242
14533,1243
1074,1244
23851,1245
23853,1246
12171,1247
10132,1248
23859,1249
23870,1250
17251,1251
15332,1252
23876,1253
23886,1254
23351,1255
23893,1256
18881,1257
16104,1258
23897,1259
23898,1260
12167,1261
1767,1262
12088,1263
23899,1264
23904,1265
23035,1266
23905,1267
23043,1268
22175,1269
12948,1270
23910,1271
16071,1272
10820,1273
20729,1274
23210,1275
23933,1276
20520,1277
14588,1278
23935,1279
22508,1280
23936,1281
15325,1282
10123,1283
12119,1284
23937,1285
14569,1286
23938,1287
20815,1288
23959,1289
18137,1290
18921,1291
20018,1292
23962,1293
21384,1294
20524,1295
19991,1296
17634,1297
19140,1298
18339,1299
12077,1300
14459,1301
23183,1302
23971,1303
14350,1304
22504,1305
23977,1306
23115,1307
16621,1308
19190,1309
1060,1310
16015,1311
2398,1312
12959,1313
23988,1314
23364,1315
24,1316
236,1317
12890,1318
12095,1319
12858,1320
1675,1321
23724,1322
24052,1323
21469,1324
24054,1325
23172,1326
24062,1327
24065,1328
23184,1329
20800,1330
24069,1331
1684,1332
2407,1333
24075,1334
24084,1335
24087,1336
24093,1337
1688,1338
2410,1339
24109,1340
23247,1341
18289,1342
24115,1343
24122,1344
24123,1345
24125,1346
24133,1347
23271,1348
21501,1349
24067,1350
2400,1351
12187,1352
24136,1353
24144,1354
24149,1355
24155,1356
2416,1357
16004,1358
15246,1359
23185,1360
19208,1361
1746,1362
24168,1363
24169,1364
2417,1365
18271,1366
23175,1367
24170,1368
24172,1369
24174,1370
12231,1371
184,1372
2418,1373
24189,1374
10153,1375
24145,1376
2419,1377
15229,1378
17499,1379
20848,1380
11310,1381
2385,1382
21806,1383
2106,1384
24030,1385
19844,1386
16114,1387
24191,1388
10151,1389
24198,1390
1070,1391
23254,1392
24199,1393
24200,1394
24203,1395
22543,1396
24204,1397
20839,1398
14468,1399
16048,1400
20648,1401
24206,1402
23399,1403
12109,1404
24210,1405
24212,1406
24216,1407
24218,1408
24228,1409
24233,1410
24234,1411
24236,1412
10116,1413
23226,1414
24237,1415
24243,1416
24246,1417
1010,1418
22425,1419
24247,1420
1009,1421
16035,1422
24248,1423
24252,1424
10082,1425
19938,1426
12103,1427
24066,1428
21500,1429
22336,1430
13004,1431
24253,1432
10759,1433
23218,1434
2426,1435
2435,1436
20702,1437
24050,1438
13658,1439
2436,1440
12132,1441
2437,1442
12140,1443
2438,1444
19934,1445
2439,1446
2440,1447
21562,1448
22417,1449
12872,1450
13670,1451
2441,1452
23269,1453
22414,1454
12868,1455
22351,1456
2448,1457
23220,1458
2451,1459
14510,1460
2452,1461
19946,1462
2454,1463
22448,1464
2458,1465
12924,1466
2459,1467
19888,1468
2462,1469
2463,1470
23265,1471
2464,1472
20339,1473
12795,1474
2465,1475
18362,1476
2466,1477
19156,1478
2469,1479
2472,1480
2475,1481
22426,1482
2479,1483
21574,1484
2488,1485
22442,1486
2489,1487
22433,1488
2494,1489
2496,1490
20743,1491
2497,1492
14498,1493
25,1494
241,1495
20722,1496
2504,1497
14503,1498
2509,1499
22842,1500
2512,1501
19100,1502
26,1503
242,1504
23259,1505
24121,1506
14443,1507
18262,1508
27,1509
243,1510
23246,1511
24108,1512
20685,1513
2715,1514
23024,1515
272,1516
15268,1517
21495,1518
277,1519
18332,1520
279,1521
22396,1522
23251,1523
17515,1524
16762,1525
28,1526
261,1527
19165,1528
18364,1529
16007,1530
20664,1531
280,1532
24173,1533
2802,1534
282,1535
15256,1536
2837,1537
2115,1538
19659,1539
16859,1540
2853,1541
19994,1542
10814,1543
12929,1544
2854,1545
15331,1546
2861,1547
2863,1548
287,1549
23237,1550
13686,1551
19082,1552
19877,1553
2401,1554
22525,1555
1724,1556
2447,1557
2886,1558
10494,1559
22487,1560
1771,1561
15258,1562
18322,1563
15996,1564
16754,1565
24041,1566
16823,1567
289,1568
19948,1569
29,1570
266,1571
21606,1572
22461,1573
290,1574
12126,1575
2911,1576
292,1577
2930,1578
12159,1579
20035,1580
22439,1581
2931,1582
12973,1583
2935,1584
20011,1585
293,1586
14518,1587
2948,1588
2226,1589
2949,1590
295,1591
24142,1592
2971,1593
2979,1594
10069,1595
23394,1596
16017,1597
17626,1598
17632,1599
16020,1600
12864,1601
186,1602
2405,1603
298,1604
12937,1605
2987,1606
2978,1607
2998,1608
11435,1609
16125,1610
19908,1611
16744,1612
15986,1613
3,1614
171,1615
301,1616
1704,1617
303,1618
16776,1619
304,1620
22844,1621
3063,1622
3075,1623
16386,1624
10716,1625
3084,1626
310,1627
3118,1628
3123,1629
15344,1630
3124,1631
16853,1632
10089,1633
3128,1634
18269,1635
13756,1636
3136,1637
18761,1638
3138,1639
3139,1640
18272,1641
24035,1642
3140,1643
3141,1644
21545,1645
24053,1646
24032,1647
22277,1648
21424,1649
3143,1650
3148,1651
2523,1652
13699,1653
3149,1654
315,1655
24100,1656
3153,1657
3154,1658
21523,1659
3165,1660
3167,1661
19893,1662
3170,1663
14499,1664
3172,1665
13732,1666
3173,1667
3174,1668
19957,1669
3175,1670
13719,1671
3181,1672
17543,1673
3182,1674
22379,1675
3186,1676
17552,1677
3188,1678
13721,1679
3191,1680
24163,1681
3192,1682
24088,1683
3193,1684
22373,1685
3194,1686
3195,1687
320,1688
13684,1689
2806,1690
3200,1691
24138,1692
3204,1693
12114,1694
3206,1695
23292,1696
3207,1697
24150,1698
3209,1699
19928,1700
3213,1701
12896,1702
12101,1703
13667,1704
12869,1705
24040,1706
21619,1707
1076,1708
3219,1709
3224,1710
19939,1711
323,1712
16040,1713
324,1714
16027,1715
3278,1716
14189,1717
11811,1718
17237,1719
16841,1720
1019,1721
24127,1722
330,1723
18338,1724
13694,1725
23205,1726
22352,1727
2399,1728
12165,1729
332,1730
24147,1731
3349,1732
337,1733
13678,1734
345,1735
15274,1736
3462,1737
3471,1738
3477,1739
349,1740
12889,1741
350,1742
24120,1743
3535,1744
3541,1745
11834,1746
23337,1747
3210,1748
24124,1749
3568,1750
12173,1751
1761,1752
13731,1753
3569,1754
16842,1755
357,1756
3602,1757
3609,1758
2885,1759
19789,1760
14564,1761
3625,1762
363,1763
24140,1764
3634,1765
364,1766
22438,1767
3645,1768
23328,1769
10836,1770
24153,1771
3646,1772
3650,1773
20812,1774
1012,1775
20760,1776
3655,1777
3657,1778
3667,1779
2208,1780
14539,1781
3203,1782
19152,1783
37,1784
3714,1785
3733,1786
3784,1787
23706,1788
21993,1789
3807,1790
3823,1791
23349,1792
21685,1793
3824,1794
20002,1795
312,1796
1031,1797
3826,1798
17604,1799
3830,1800
3831,1801
3834,1802
3837,1803
18284,1804
20679,1805
22331,1806
17574,1807
2493,1808
1770,1809
3839,1810
3842,1811
3843,1812
3846,1813
24070,1814
3848,1815
3849,1816
3850,1817
10152,1818
16033,1819
3853,1820
3854,1821
1784,1822
21542,1823
3855,1824
1783,1825
19132,1826
3857,1827
3858,1828
10083,1829
23311,1830
3864,1831
19104,1832
14453,1833
3867,1834
1193,1835
19858,1836
21470,1837
3868,1838
21548,1839
3871,1840
20720,1841
19921,1842
21504,1843
20683,1844
1685,1845
15345,1846
3873,1847
3876,1848
18295,1849
3882,1850
3883,1851
12135,1852
3888,1853
18304,1854
1698,1855
18283,1856
19084,1857
24044,1858
20001,1859
10121,1860
10805,1861
3889,1862
21567,1863
3890,1864
21575,1865
3892,1866
13703,1867
3893,1868
12917,1869
3894,1870
16037,1871
3895,1872
12082,1873
3898,1874
21990,1875
3899,1876
24130,1877
12100,1878
23204,1879
19085,1880
22332,1881
16070,1882
16127,1883
16881,1884
3902,1885
23225,1886
3904,1887
3908,1888
24151,1889
3909,1890
19144,1891
3916,1892
23316,1893
3918,1894
3919,1895
18333,1896
3920,1897
24126,1898
3928,1899
3930,1900
16029,1901
3933,1902
16783,1903
4,1904
172,1905
408,1906
19701,1907
18896,1908
12671,1909
16060,1910
2511,1911
23300,1912
417,1913
20473,1914
19674,1915
18055,1916
16860,1917
10763,1918
2420,1919
4278,1920
19212,1921
4288,1922
4289,1923
4296,1924
16080,1925
4317,1926
3607,1927
18985,1928
13001,1929
10094,1930
14472,1931
4318,1932
4324,1933
12156,1934
2503,1935
22432,1936
4339,1937
4345,1938
4355,1939
22468,1940
4360,1941
15339,1942
4361,1943
4405,1944
4428,1945
11361,1946
12981,1947
4454,1948
11782,1949
4456,1950
2334,1951
4461,1952
4463,1953
3094,1954
4527,1955
4532,1956
4538,1957
20660,1958
4539,1959
2403,1960
16101,1961
4540,1962
4541,1963
4542,1964
14454,1965
17516,1966
22329,1967
19978,1968
4547,1969
14452,1970
12070,1971
22335,1972
13796,1973
3166,1974
3875,1975
4548,1976
4549,1977
19925,1978
23194,1979
23177,1980
4550,1981
4553,1982
19931,1983
14445,1984
19065,1985
4554,1986
4558,1987
4560,1988
4561,1989
3215,1990
20695,1991
4563,1992
2506,1993
20727,1994
4567,1995
4570,1996
18428,1997
14921,1998
4574,1999
19940,2000
21494,2001
4577,2002
20733,2003
4579,2004
20737,2005
14484,2006
24064,2007
18285,2008
23187,2009
21669,2010
1722,2011
2445,2012
4580,2013
4585,2014
21597,2015
4587,2016
22456,2017
4589,2018
21520,2019
4593,2020
14469,2021
4598,2022
24143,2023
4602,2024
24175,2025
4604,2026
14117,2027
4608,2028
17522,2029
4610,2030
4612,2031
24082,2032
4614,2033
12118,2034
4615,2035
18348,2036
4622,2037
19162,2038
4623,2039
18327,2040
4624,2041
22398,2042
4625,2043
22409,2044
4626,2045
23262,2046
4634,2047
4636,2048
22423,2049
4639,2050
13696,2051
4824,2052
4887,2053
11921,2054
4955,2055
18864,2056
19657,2057
1708,2058
20039,2059
23256,2060
4970,2061
4987,2062
13763,2063
4988,2064
18410,2065
4993,2066
22573,2067
14379,2068
5,2069
177,2070
3146,2071
21553,2072
15230,2073
20658,2074
20609,2075
19811,2076
5022,2077
5036,2078
19987,2079
3197,2080
20705,2081
5057,2082
5067,2083
24202,2084
17637,2085
19952,2086
5070,2087
16829,2088
3183,2089
17541,2090
5090,2091
5092,2092
5107,2093
17616,2094
4573,2095
18302,2096
12866,2097
5116,2098
5128,2099
2997,2100
12224,2101
21683,2102
12089,2103
5146,2104
10754,2105
15368,2106
11745,2107
5150,2108
2339,2109
14172,2110
3041,2111
5166,2112
5167,2113
5189,2114
5220,2115
5224,2116
5234,2117
15327,2118
5235,2119
12188,2120
5241,2121
5247,2122
19123,2123
13669,2124
16003,2125
21479,2126
13755,2127
5250,2128
5252,2129
5254,2130
22342,2131
19857,2132
3753,2133
5256,2134
5258,2135
5262,2136
3924,2137
24083,2138
5264,2139
5266,2140
347,2141
14507,2142
5268,2143
5269,2144
10765,2145
18744,2146
5270,2147
10758,2148
19904,2149
20822,2150
10757,2151
19903,2152
13953,2153
20415,2154
22391,2155
4536,2156
5274,2157
5276,2158
21529,2159
18279,2160
5278,2161
3112,2162
3113,2163
4035,2164
5282,2165
5284,2166
4582,2167
5291,2168
15255,2169
5296,2170
12125,2171
5308,2172
22447,2173
5309,2174
21569,2175
5312,2176
5313,2177
12878,2178
5314,2179
24094,2180
5319,2181
19155,2182
5321,2183
12111,2184
5326,2185
24114,2186
5327,2187
24118,2188
5328,2189
21550,2190
5329,2191
4923,2192
17407,2193
5330,2194
20719,2195
21541,2196
22355,2197
23208,2198
23180,2199
22474,2200
5331,2201
21539,2202
22393,2203
15242,2204
17512,2205
5332,2206
3132,2207
5336,2208
5339,2209
20741,2210
5381,2211
18114,2212
20522,2213
18913,2214
13007,2215
1719,2216
12915,2217
5660,2218
12945,2219
5673,2220
5674,2221
4971,2222
21361,2223
23384,2224
1727,2225
20747,2226
5676,2227
5679,2228
3560,2229
10439,2230
2430,2231
3212,2232
4214,2233
5682,2234
5687,2235
5688,2236
5692,2237
12197,2238
3881,2239
24074,2240
5695,2241
5703,2242
4999,2243
5709,2244
5741,2245
24223,2246
2483,2247
21588,2248
5745,2249
23389,2250
10075,2251
19097,2252
5746,2253
5747,2254
13608,2255
13786,2256
2457,2257
14487,2258
5750,2259
5743,2260
13013,2261
10077,2262
12935,2263
5767,2264
5771,2265
16067,2266
344,2267
19955,2268
5778,2269
5782,2270
5079,2271
3649,2272
12178,2273
1756,2274
12115,2275
5784,2276
3665,2277
10577,2278
18373,2279
2522,2280
14500,2281
5795,2282
5808,2283
20823,2284
1711,2285
13689,2286
5813,2287
5817,2288
5833,2289
5848,2290
3861,2291
16123,2292
14127,2293
11665,2294
15681,2295
10381,2296
11066,2297
16438,2298
17190,2299
5851,2300
11405,2301
20766,2302
5852,2303
5867,2304
5921,2305
2286,2306
5935,2307
17586,2308
10802,2309
10118,2310
5937,2311
5236,2312
1683,2313
14566,2314
309,2315
1028,2316
22386,2317
12062,2318
17501,2319
3116,2320
2395,2321
17495,2322
22505,2323
5938,2324
3828,2325
18267,2326
22475,2327
3216,2328
5333,2329
23234,2330
13651,2331
12853,2332
1676,2333
5231,2334
5939,2335
20655,2336
3061,2337
3754,2338
5942,2339
21483,2340
13797,2341
4581,2342
5283,2343
5944,2344
5949,2345
18323,2346
20681,2347
21502,2348
1681,2349
12960,2350
10137,2351
10821,2352
5951,2353
5952,2354
18330,2355
5238,2356
2393,2357
10727,2358
18462,2359
5956,2360
22343,2361
2392,2362
1618,2363
5165,2364
10034,2365
21676,2366
15367,2367
2098,2368
5959,2369
10834,2370
21517,2371
2386,2372
5960,2373
3927,2374
3218,2375
5965,2376
1067,2377
24167,2378
5969,2379
5281,2380
18745,2381
5971,2382
274,2383
12081,2384
19071,2385
19561,2386
5980,2387
5981,2388
20726,2389
5982,2390
23257,2391
5984,2392
3833,2393
5987,2394
5988,2395
23287,2396
5995,2397
19163,2398
5996,2399
19127,2400
5997,2401
14478,2402
6,2403
178,2404
1705,2405
2424,2406
20670,2407
24033,2408
2337,2409
1617,2410
6003,2411
12112,2412
6005,2413
3689,2414
20351,2415
6010,2416
19136,2417
6014,2418
6018,2419
23312,2420
6019,2421
23296,2422
6022,2423
6023,2424
6026,2425
18342,2426
6029,2427
17526,2428
20345,2429
6035,2430
10615,2431
6086,2432
18079,2433
6090,2434
18056,2435
18855,2436
16500,2437
16088,2438
302,2439
2421,2440
6226,2441
5519,2442
12653,2443
10208,2444
23885,2445
6334,2446
4958,2447
19177,2448
6336,2449
6339,2450
6342,2451
12947,2452
5338,2453
22420,2454
6346,2455
17317,2456
16057,2457
2519,2458
19943,2459
6354,2460
6362,2461
6363,2462
15292,2463
6364,2464
21636,2465
3903,2466
21518,2467
6365,2468
19209,2469
5292,2470
24086,2471
6370,2472
3856,2473
22544,2474
13727,2475
6371,2476
21642,2477
6372,2478
20791,2479
16880,2480
14116,2481
10646,2482
6395,2483
13000,2484
5989,2485
16792,2486
6398,2487
6400,2488
6405,2489
5630,2490
6419,2491
6426,2492
21643,2493
4603,2494
13714,2495
6441,2496
6483,2497
18426,2498
10756,2499
3738,2500
6484,2501
2427,2502
6485,2503
13750,2504
2501,2505
15285,2506
6488,2507
19204,2508
6490,2509
2936,2510
20817,2511
6514,2512
6516,2513
6539,2514
13817,2515
21422,2516
20024,2517
20026,2518
17521,2519
15365,2520
146,2521
20827,2522
17841,2523
3045,2524
40,2525
5819,2526
15401,2527
5779,2528
6584,2529
6585,2530
19227,2531
21679,2532
6631,2533
6633,2534
6635,2535
6637,2536
17527,2537
15997,2538
15238,2539
19070,2540
17585,2541
1032,2542
313,2543
6638,2544
6652,2545
3160,2546
21551,2547
6653,2548
3865,2549
21533,2550
15998,2551
6664,2552
12877,2553
6665,2554
6666,2555
22403,2556
6668,2557
6671,2558
6672,2559
15277,2560
6680,2561
1699,2562
6683,2563
5999,2564
24103,2565
12063,2566
12857,2567
22327,2568
2394,2569
24015,2570
21649,2571
10124,2572
19592,2573
6685,2574
6001,2575
6686,2576
6687,2577
14505,2578
6689,2579
12093,2580
22853,2581
6690,2582
18355,2583
6691,2584
16791,2585
6692,2586
12134,2587
6696,2588
6698,2589
67,2590
670,2591
6701,2592
12137,2593
6702,2594
22399,2595
6705,2596
6707,2597
6708,2598
6024,2599
6713,2600
18357,2601
6714,2602
18350,2603
68,2604
699,2605
22471,2606
7,2607
182,2608
70,2609
700,2610
18392,2611
19237,2612
24091,2613
24110,2614
14449,2615
13659,2616
19067,2617
15313,2618
1055,2619
336,2620
7005,2621
7015,2622
7038,2623
22212,2624
23355,2625
1048,2626
2800,2627
7053,2628
7056,2629
16090,2630
300,2631
21601,2632
7064,2633
7069,2634
4277,2635
24222,2636
2484,2637
23313,2638
707,2639
1429,2640
5720,2641
20782,2642
343,2643
21532,2644
1371,2645
7075,2646
13735,2647
6719,2648
19907,2649
10659,2650
7077,2651
12182,2652
4596,2653
13705,2654
7078,2655
4566,2656
10781,2657
22431,2658
7081,2659
7076,2660
16056,2661
710,2662
7107,2663
7109,2664
15306,2665
5323,2666
20738,2667
7111,2668
19995,2669
3896,2670
24171,2671
712,2672
4304,2673
18377,2674
10145,2675
12085,2676
7124,2677
2888,2678
19229,2679
5976,2680
19107,2681
7125,2682
4323,2683
5957,2684
7126,2685
14396,2686
6647,2687
15374,2688
12912,2689
7128,2690
6444,2691
10508,2692
24225,2693
7144,2694
7146,2695
15926,2696
6646,2697
16884,2698
17550,2699
7157,2700
5052,2701
11195,2702
12199,2703
7161,2704
5058,2705
1440,2706
19974,2707
7162,2708
7169,2709
24201,2710
1064,2711
12121,2712
7176,2713
7179,2714
2203,2715
18372,2716
1085,2717
23273,2718
7181,2719
1478,2720
19172,2721
367,2722
12110,2723
7190,2724
72,2725
7201,2726
7206,2727
6522,2728
4358,2729
17579,2730
2480,2731
23298,2732
7224,2733
19555,2734
7241,2735
1162,2736
7257,2737
11396,2738
4909,2739
7268,2740
22531,2741
21678,2742
7279,2743
6595,2744
4441,2745
20023,2746
17629,2747
21166,2748
7283,2749
7285,2750
7312,2751
16807,2752
7313,2753
22306,2754
16084,2755
5294,2756
4592,2757
22389,2758
13657,2759
14448,2760
5923,2761
5222,2762
21452,2763
12180,2764
7316,2765
19068,2766
21633,2767
6699,2768
6015,2769
7319,2770
7321,2771
7325,2772
7329,2773
14615,2774
18361,2775
7332,2776
19241,2777
14488,2778
7337,2779
3155,2780
19935,2781
18280,2782
7338,2783
23396,2784
20831,2785
18337,2786
13663,2787
19072,2788
1987,2789
14939,2790
22337,2791
12212,2792
24178,2793
14605,2794
210,2795
2444,2796
1721,2797
3135,2798
12064,2799
14447,2800
1677,2801
7339,2802
10161,2803
12087,2804
12143,2805
194,2806
7315,2807
7343,2808
19902,2809
11342,2810
7348,2811
19137,2812
7349,2813
19135,2814
7350,2815
22452,2816
7362,2817
14515,2818
7363,2819
7003,2820
5731,2821
7365,2822
7367,2823
311,2824
7368,2825
18299,2826
15248,2827
22869,2828
19562,2829
7371,2830
18308,2831
7372,2832
5255,2833
7373,2834
2176,2835
5631,2836
7379,2837
23260,2838
7380,2839
20725,2840
7383,2841
18315,2842
16749,2843
17502,2844
4517,2845
7388,2846
23305,2847
7389,2848
21547,2849
7392,2850
12090,2851
21488,2852
22341,2853
21454,2854
24017,2855
5221,2856
7324,2857
6711,2858
22882,2859
7394,2860
18331,2861
19090,2862
7398,2863
16786,2864
7399,2865
23275,2866
7403,2867
13701,2868
7404,2869
12120,2870
741,2871
6428,2872
19201,2873
1759,2874
14466,2875
749,2876
720,2877
18404,2878
1033,2879
16010,2880
7538,2881
12573,2882
759,2883
23326,2884
10838,2885
22418,2886
762,2887
16065,2888
4620,2889
24154,2890
765,2891
15322,2892
7375,2893
18352,2894
7671,2895
7694,2896
7697,2897
13422,2898
17590,2899
6681,2900
5251,2901
7706,2902
6645,2903
4629,2904
22412,2905
13691,2906
5240,2907
5941,2908
24039,2909
23333,2910
10142,2911
10826,2912
7707,2913
7709,2914
7716,2915
7724,2916
22470,2917
7730,2918
7739,2919
774,2920
7742,2921
1404,2922
22478,2923
5325,2924
12922,2925
7745,2926
4290,2927
18162,2928
15352,2929
7752,2930
5273,2931
16876,2932
11343,2933
778,2934
7785,2935
17424,2936
12980,2937
3887,2938
22381,2939
5948,2940
19876,2941
15995,2942
5233,2943
16082,2944
7786,2945
2429,2946
3220,2947
24076,2948
7792,2949
20811,2950
3880,2951
19892,2952
780,2953
7807,2954
7808,2955
719,2956
21646,2957
7809,2958
7827,2959
7149,2960
6431,2961
12220,2962
6663,2963
20757,2964
7837,2965
7849,2966
6649,2967
346,2968
14490,2969
7854,2970
14578,2971
3879,2972
23303,2973
786,2974
787,2975
7870,2976
1480,2977
19174,2978
365,2979
23283,2980
7892,2981
79,2982
7907,2983
7916,2984
7235,2985
2995,2986
5271,2987
7917,2988
18380,2989
18008,2990
3926,2991
23264,2992
23189,2993
22338,2994
22324,2995
793,2996
5068,2997
15310,2998
1063,2999
18354,3000
7952,3001
13813,3002
18429,3003
14922,3004
7970,3005
7998,3006
1663,3007
18388,3008
3911,3009
7692,3010
7999,3011
8,3012
183,3013
5954,3014
3845,3015
21489,3016
18263,3017
5864,3018
8000,3019
21474,3020
8002,3021
8005,3022
8007,3023
8008,3024
10147,3025
13707,3026
8010,3027
3214,3028
13723,3029
8014,3030
18439,3031
23278,3032
8015,3033
20037,3034
16042,3035
8016,3036
8019,3037
8021,3038
21682,3039
19234,3040
17531,3041
13662,3042
21594,3043
16875,3044
229,3045
102,3046
8025,3047
218,3048
8027,3049
17549,3050
8032,3051
24117,3052
8034,3053
14494,3054
8035,3055
19102,3056
8036,3057
6639,3058
16765,3059
8037,3060
8038,3061
24102,3062
8042,3063
24161,3064
8043,3065
19949,3066
8045,3067
19160,3068
8046,3069
4925,3070
8047,3071
5249,3072
7320,3073
6632,3074
7317,3075
3121,3076
20003,3077
6000,3078
6684,3079
8048,3080
19906,3081
18275,3082
17497,3083
18252,3084
24019,3085
18249,3086
14560,3087
1754,3088
12566,3089
8053,3090
22430,3091
8054,3092
20740,3093
8055,3094
10914,3095
12891,3096
13816,3097
10240,3098
10923,3099
10036,3100
1158,3101
13099,3102
13117,3103
13910,3104
12046,3105
13919,3106
14711,3107
150,3108
15207,3109
15453,3110
15465,3111
13633,3112
15472,3113
15474,3114
15475,3115
16205,3116
1633,3117
1661,3118
167,3119
16976,3120
16979,3121
175,3122
176,3123
17704,3124
17720,3125
18501,3126
18514,3127
18227,3128
18518,3129
10058,3130
18527,3131
1880,3132
19045,3133
19305,3134
19313,3135
19316,3136
14429,3137
19322,3138
19809,3139
19856,3140
20110,3141
20117,3142
10745,3143
20119,3144
20126,3145
203,3146
204,3147
20635,3148
20667,3149
20674,3150
11028,3151
15793,3152
20898,3153
16740,3154
20911,3155
20912,3156
10747,3157
20913,3158
20923,3159
20924,3160
1644,3161
20925,3162
22289,3163
22304,3164
22602,3165
22301,3166
22747,3167
22092,3168
23133,3169
23138,3170
233,3171
106,3172
23459,3173
2346,3174
23483,3175
23485,3176
2355,3177
2370,3178
240,3179
110,3180
244,3181
111,3182
246,3183
113,3184
2478,3185
10917,3186
1755,3187
10232,3188
13887,3189
13888,3190
14683,3191
15445,3192
16049,3193
15290,3194
10237,3195
10238,3196
10243,3197
10245,3198
10055,3199
10247,3200
10248,3201
10935,3202
1163,3203
1167,3204
12329,3205
13101,3206
13114,3207
13122,3208
14689,3209
15221,3210
15466,3211
15969,3212
16716,3213
16971,3214
15211,3215
17718,3216
17728,3217
18503,3218
18504,3219
1868,3220
15980,3221
1876,3222
1877,3223
19304,3224
19327,3225
19328,3226
19329,3227
19825,3228
19826,3229
19838,3230
19839,3231
19855,3232
20124,3233
21445,3234
21468,3235
21764,3236
10749,3237
22618,3238
23170,3239
23241,3240
16874,3241
10244,3242
10246,3243
10250,3244
11537,3245
11539,3246
11540,3247
1166,3248
1168,3249
1169,3250
1170,3251
13123,3252
13125,3253
13915,3254
10744,3255
144,3256
145,3257
154,3258
15451,3259
1609,3260
16227,3261
16974,3262
1652,3263
16977,3264
174,3265
17462,3266
18502,3267
187,3268
1870,3269
1874,3270
1878,3271
1879,3272
1882,3273
1625,3274
19319,3275
19326,3276
19820,3277
20100,3278
1659,3279
20101,3280
20102,3281
20116,3282
19027,3283
1804,3284
17476,3285
17925,3286
20607,3287
213,3288
214,3289
21432,3290
21750,3291
20639,3292
21763,3293
15212,3294
21775,3295
222,3296
22287,3297
223,3298
22613,3299
22626,3300
23140,3301
23150,3302
23152,3303
23154,3304
23470,3305
15974,3306
23486,3307
2356,3308
239,3309
109,3310
23994,3311
24008,3312
249,3313
116,3314
251,3315
118,3316
254,3317
121,3318
255,3319
122,3320
2592,3321
2595,3322
11421,3323
2596,3324
1612,3325
2597,3326
2598,3327
10048,3328
2601,3329
14421,3330
2604,3331
1626,3332
2605,3333
262,3334
128,3335
268,3336
133,3337
3033,3338
18288,3339
1257,3340
18105,3341
10204,3342
19710,3343
20511,3344
14268,3345
21042,3346
22946,3347
23167,3348
10947,3349
1180,3350
1182,3351
13130,3352
13482,3353
13927,3354
14358,3355
16988,3356
18206,3357
18528,3358
18532,3359
12799,3360
18533,3361
16549,3362
1902,3363
20929,3364
15040,3365
20930,3366
20932,3367
21780,3368
15796,3369
22091,3370
22636,3371
18873,3372
2606,3373
2615,3374
3074,3375
3089,3376
3096,3377
3100,3378
3110,3379
3280,3380
21236,3381
3287,3382
12852,3383
3291,3384
19823,3385
3293,3386
19023,3387
3298,3388
1629,3389
3307,3390
1530,3391
3744,3392
3750,3393
3761,3394
3762,3395
3766,3396
3771,3397
3773,3398
3785,3399
38,3400
3801,3401
3806,3402
39,3403
3936,3404
3987,3405
3995,3406
3998,3407
4000,3408
4001,3409
4005,3410
1634,3411
4008,3412
11426,3413
4009,3414
10737,3415
4013,3416
4014,3417
11354,3418
4023,3419
12009,3420
4024,3421
20515,3422
4094,3423
21193,3424
435,3425
1658,3426
436,3427
437,3428
3087,3429
439,3430
44,3431
443,3432
3053,3433
4431,3434
4458,3435
4459,3436
4478,3437
4488,3438
4497,3439
4508,3440
4510,3441
4513,3442
4524,3443
4526,3444
10264,3445
10955,3446
1181,3447
1189,3448
11902,3449
13134,3450
13926,3451
14716,3452
13592,3453
15886,3454
15913,3455
16233,3456
16991,3457
16992,3458
15036,3459
18808,3460
1900,3461
19634,3462
19715,3463
19767,3464
20927,3465
22632,3466
13487,3467
3316,3468
12801,3469
3317,3470
23066,3471
4016,3472
18158,3473
458,3474
1529,3475
4641,3476
20650,3477
15226,3478
1601,3479
16987,3480
16698,3481
4696,3482
20433,3483
18029,3484
18828,3485
47,3486
4703,3487
3802,3488
4704,3489
20637,3490
4705,3491
20636,3492
4711,3493
4716,3494
4718,3495
4719,3496
4721,3497
4453,3498
4722,3499
10006,3500
4725,3501
3719,3502
4733,3503
5162,3504
5181,3505
5184,3506
13837,3507
3078,3508
3484,3509
5185,3510
5186,3511
5197,3512
5208,3513
5226,3514
5406,3515
19841,3516
11446,3517
15223,3518
15982,3519
5407,3520
2376,3521
5413,3522
17469,3523
5415,3524
22285,3525
15386,3526
2367,3527
12026,3528
5416,3529
4483,3530
5419,3531
2352,3532
5347,3533
5420,3534
20612,3535
5421,3536
5422,3537
5438,3538
20513,3539
5439,3540
5812,3541
5854,3542
5868,3543
5874,3544
5875,3545
5879,3546
5898,3547
59,3548
5907,3549
5909,3550
598,3551
23707,3552
1317,3553
14167,3554
2034,3555
11785,3556
10302,3557
6081,3558
14271,3559
13480,3560
18102,3561
12222,3562
2432,3563
1695,3564
23199,3565
6096,3566
3109,3567
6097,3568
24028,3569
6110,3570
5862,3571
6112,3572
5863,3573
18449,3574
1615,3575
6115,3576
19016,3577
6116,3578
5860,3579
6117,3580
6120,3581
3736,3582
22551,3583
19010,3584
10020,3585
1593,3586
18719,3587
6210,3588
17295,3589
16948,3590
12691,3591
11900,3592
15035,3593
14531,3594
64,3595
6402,3596
65,3597
6510,3598
6587,3599
6599,3600
66,3601
6602,3602
6603,3603
6608,3604
6611,3605
6624,3606
6626,3607
6710,3608
24135,3609
17735,3610
16545,3611
3304,3612
3059,3613
6724,3614
18243,3615
19043,3616
6781,3617
3111,3618
6782,3619
22319,3620
6783,3621
2389,3622
6794,3623
12044,3624
6795,3625
20613,3626
6798,3627
6804,3628
11418,3629
6805,3630
2331,3631
6813,3632
20566,3633
6822,3634
15800,3635
6824,3636
12648,3637
7021,3638
1125,3639
12289,3640
13869,3641
19759,3642
20560,3643
14349,3644
22481,3645
4997,3646
1411,3647
4986,3648
19189,3649
4616,3650
19909,3651
22854,3652
5318,3653
12821,3654
4219,3655
5667,3656
18115,3657
22208,3658
12160,3659
21691,3660
19914,3661
23705,3662
7234,3663
7282,3664
7293,3665
13832,3666
11429,3667
4203,3668
5561,3669
651,3670
4152,3671
22082,3672
4860,3673
15719,3674
73,3675
7302,3676
7308,3677
7336,3678
7473,3679
20652,3680
7483,3681
4457,3682
7488,3683
21426,3684
7489,3685
4469,3686
7492,3687
3746,3688
16152,3689
5159,3690
6330,3691
11387,3692
7494,3693
7503,3694
22046,3695
7508,3696
13591,3697
7510,3698
10476,3699
7965,3700
7967,3701
20046,3702
5163,3703
2309,3704
3032,3705
7968,3706
7973,3707
7974,3708
7986,3709
8056,3710
19911,3711
23714,3712
8057,3713
22450,3714
17714,3715
16725,3716
8058,3717
24160,3718
22628,3719
3783,3720
16142,3721
23136,3722
4204,3723
21054,3724
21151,3725
4855,3726
11786,3727
5556,3728
14168,3729
6850,3730
8059,3731
15288,3732
8061,3733
18329,3734
8062,3735
21552,3736
8063,3737
4555,3738
8064,3739
22402,3740
8065,3741
21519,3742
8066,3743
14612,3744
5947,3745
15232,3746
17503,3747
4516,3748
3809,3749
2381,3750
13751,3751
3202,3752
17980,3753
8067,3754
7384,3755
10229,3756
1669,3757
8071,3758
15281,3759
8075,3760
2513,3761
12885,3762
19073,3763
18273,3764
21475,3765
24037,3766
5922,3767
6641,3768
10149,3769
20376,3770
8076,3771
24099,3772
19871,3773
15988,3774
21473,3775
3114,3776
8080,3777
10265,3778
14147,3779
8081,3780
17537,3781
8083,3782
6027,3783
20714,3784
19915,3785
1383,3786
8087,3787
20749,3788
15467,3789
16720,3790
8091,3791
3134,3792
7947,3793
8100,3794
6617,3795
18724,3796
8139,3797
13449,3798
15772,3799
13446,3800
18408,3801
307,3802
23228,3803
8152,3804
21467,3805
8154,3806
3814,3807
8155,3808
21465,3809
8156,3810
5929,3811
8163,3812
19837,3813
8165,3814
22282,3815
8167,3816
5164,3817
14634,3818
8173,3819
8174,3820
2329,3821
8176,3822
2344,3823
8177,3824
4446,3825
8183,3826
23978,3827
8221,3828
8280,3829
12558,3830
829,3831
13808,3832
2433,3833
22411,3834
13132,3835
8372,3836
838,3837
8382,3838
18103,3839
17576,3840
2486,3841
17942,3842
8386,3843
13742,3844
6025,3845
12902,3846
8390,3847
20525,3848
12183,3849
1752,3850
23286,3851
10924,3852
7281,3853
8397,3854
1121,3855
13879,3856
2152,3857
1426,3858
7039,3859
6355,3860
15848,3861
4571,3862
14606,3863
22377,3864
8404,3865
8412,3866
3564,3867
8413,3868
22497,3869
6008,3870
19956,3871
8419,3872
20874,3873
3573,3874
4283,3875
19768,3876
21677,3877
8026,3878
2939,3879
8180,3880
8424,3881
7743,3882
684,3883
15319,3884
10130,3885
20755,3886
8441,3887
8442,3888
845,3889
2257,3890
1533,3891
20994,3892
2214,3893
16920,3894
20081,3895
14347,3896
3863,3897
195,3898
5025,3899
6656,3900
161,3901
53,3902
6396,3903
676,3904
6340,3905
21344,3906
22200,3907
15026,3908
15024,3909
17281,3910
5970,3911
19225,3912
10074,3913
13682,3914
18274,3915
19074,3916
5465,3917
18810,3918
7748,3919
80,3920
8340,3921
8408,3922
15117,3923
5680,3924
15112,3925
14326,3926
3860,3927
10073,3928
19063,3929
22323,3930
24254,3931
3158,3932
23229,3933
2653,3934
5476,3935
8472,3936
20009,3937
4586,3938
12142,3939
8474,3940
10068,3941
7346,3942
14520,3943
8476,3944
20020,3945
7344,3946
23304,3947
8493,3948
8498,3949
8506,3950
8516,3951
7835,3952
8471,3953
14555,3954
5303,3955
12876,3956
8532,3957
7331,3958
2502,3959
23281,3960
8170,3961
8534,3962
18400,3963
1042,3964
21595,3965
18513,3966
8539,3967
21720,3968
12832,3969
4661,3970
11276,3971
6492,3972
6519,3973
23443,3974
16608,3975
17359,3976
13536,3977
24185,3978
10160,3979
16016,3980
10849,3981
24022,3982
23162,3983
7129,3984
1962,3985
12778,3986
2873,3987
4791,3988
3577,3989
7273,3990
18543,3991
7847,3992
24186,3993
826,3994
11474,3995
10669,3996
8540,3997
855,3998
8558,3999
11262,4000
16818,4001
5322,4002
14501,4003
856,4004
8569,4005
8583,4006
8596,4007
16852,4008
285,4009
22390,4010
6121,4011
20605,4012
17657,4013
4429,4014
3721,4015
86,4016
8602,4017
8621,4018
8628,4019
8633,4020
7950,4021
6567,4022
19219,4023
8635,4024
14601,4025
17630,4026
15682,4027
6929,4028
14128,4029
7613,4030
13335,4031
8297,4032
12538,4033
3420,4034
14919,4035
8636,4036
18424,4037
19231,4038
7689,4039
10379,4040
8638,4041
8639,4042
8642,4043
12258,4044
23482,4045
22625,4046
8192,4047
2828,4048
10325,4049
6875,4050
8423,4051
16179,4052
4287,4053
4998,4054
20568,4055
8630,4056
17653,4057
16702,4058
14644,4059
11344,4060
3940,4061
1505,4062
381,4063
6557,4064
16277,4065
21112,4066
3687,4067
18587,4068
6579,4069
10680,4070
6590,4071
11568,4072
19609,4073
816,4074
4775,4075
19511,4076
5071,4077
8242,4078
20309,4079
17888,4080
5701,4081
18478,4082
690,4083
8339,4084
21938,4085
10477,4086
18474,4087
8488,4088
18197,4089
3620,4090
2684,4091
5369,4092
632,4093
5588,4094
8644,4095
22314,4096
10724,4097
8648,4098
7964,4099
4440,4100
13020,4101
19232,4102
4234,4103
8649,4104
16906,4105
2330,4106
10699,4107
10013,4108
6235,4109
22908,4110
8651,4111
12575,4112
16342,4113
15711,4114
6571,4115
8652,4116
15394,4117
6597,4118
11388,4119
10703,4120
8653,4121
8658,4122
18446,4123
4473,4124
14900,4125
8668,4126
8683,4127
24048,4128
16854,4129
10088,4130
10772,4131
23244,4132
12065,4133
12859,4134
3811,4135
5925,4136
24016,4137
13791,4138
5991,4139
11779,4140
6227,4141
6912,4142
15011,4143
8686,4144
24043,4145
21634,4146
6697,4147
6013,4148
13094,4149
869,4150
1589,4151
10370,4152
17761,4153
8693,4154
3922,4155
12895,4156
13693,4157
13666,4158
21498,4159
21477,4160
24196,4161
5335,4162
4633,4163
6784,4164
19854,4165
8694,4166
8696,4167
19242,4168
19146,4169
87,4170
8704,4171
193,4172
78,4173
8709,4174
8710,4175
14480,4176
15485,4177
8599,4178
8716,4179
19933,4180
8717,4181
8687,4182
8718,4183
17945,4184
8719,4185
14485,4186
13695,4187
14460,4188
15244,4189
24047,4190
14585,4191
284,4192
1003,4193
8153,4194
22321,4195
8720,4196
13726,4197
8721,4198
13681,4199
8722,4200
16014,4201
8724,4202
10773,4203
7471,4204
3817,4205
16887,4206
17496,4207
5229,4208
18566,4209
23146,4210
14751,4211
19362,4212
2625,4213
6169,4214
8725,4215
8728,4216
22383,4217
4702,4218
14438,4219
8729,4220
5945,4221
22395,4222
15994,4223
13660,4224
3122,4225
7333,4226
286,4227
1005,4228
11513,4229
22299,4230
8730,4231
10779,4232
5245,4233
12860,4234
22315,4235
10261,4236
1585,4237
20853,4238
5839,4239
5137,4240
2994,4241
15358,4242
22539,4243
12893,4244
23200,4245
4724,4246
865,4247
8732,4248
23277,4249
19335,4250
13486,4251
8175,4252
2341,4253
8733,4254
13597,4255
23708,4256
8734,4257
18356,4258
13911,4259
20627,4260
8739,4261
8003,4262
874,4263
1594,4264
1587,4265
21631,4266
5315,4267
4613,4268
20708,4269
8740,4270
24176,4271
8741,4272
5953,4273
8743,4274
7685,4275
11332,4276
8745,4277
23270,4278
24132,4279
20680,4280
15243,4281
1682,4282
12982,4283
2470,4284
1747,4285
8746,4286
12930,4287
8747,4288
23282,4289
8748,4290
18300,4291
8753,4292
21516,4293
1156,4294
22302,4295
12240,4296
24012,4297
18245,4298
8755,4299
24148,4300
6113,4301
3057,4302
8757,4303
12882,4304
1892,4305
19058,4306
18441,4307
3743,4308
18258,4309
10725,4310
8591,4311
13060,4312
8758,4313
20759,4314
20111,4315
6616,4316
8759,4317
13715,4318
13918,4319
10746,4320
8760,4321
14502,4322
4002,4323
7290,4324
8761,4325
21578,4326
8762,4327
18358,4328
8763,4329
22407,4330
8764,4331
22405,4332
8765,4333
2423,4334
8766,4335
14504,4336
8767,4337
21528,4338
16745,4339
17498,4340
4528,4341
3821,4342
17494,4343
22483,4344
342,4345
16457,4346
8769,4347
8771,4348
12936,4349
8772,4350
15278,4351
8775,4352
1691,4353
8779,4354
14473,4355
3993,4356
7994,4357
8782,4358
16032,4359
18530,4360
8439,4361
8783,4362
16785,4363
12335,4364
17294,4365
8784,4366
11761,4367
8785,4368
11208,4369
2082,4370
8787,4371
14491,4372
445,4373
3070,4374
8788,4375
16038,4376
17719,4377
17473,4378
16139,4379
12840,4380
2793,4381
23626,4382
19547,4383
22768,4384
15717,4385
3447,4386
16473,4387
6853,4388
8789,4389
14486,4390
7856,4391
6055,4392
4362,4393
3653,4394
8530,4395
23324,4396
10840,4397
24131,4398
8793,4399
19108,4400
1569,4401
8794,4402
12899,4403
8797,4404
21459,4405
20654,4406
16736,4407
18542,4408
21813,4409
8798,4410
24023,4411
21460,4412
17732,4413
467,4414
2946,4415
7871,4416
882,4417
17554,4418
16005,4419
16759,4420
10252,4421
10939,4422
1173,4423
1174,4424
1582,4425
15985,4426
10263,4427
1187,4428
13127,4429
1600,4430
11562,4431
14730,4432
1540,4433
16247,4434
10663,4435
17730,4436
17744,4437
17748,4438
1539,4439
17751,4440
11346,4441
18205,4442
18550,4443
1886,4444
1893,4445
15955,4446
1896,4447
20048,4448
20130,4449
20854,4450
21802,4451
22646,4452
22660,4453
1537,4454
2298,4455
13057,4456
19004,4457
23503,4458
11353,4459
23510,4460
2608,4461
21419,4462
2985,4463
2992,4464
3313,4465
3691,4466
3717,4467
4399,4468
13854,4469
459,4470
2299,4471
461,4472
466,4473
5103,4474
5425,4475
3692,4476
23427,4477
2269,4478
1546,4479
2256,4480
10753,4481
5428,4482
15196,4483
5431,4484
4398,4485
15406,4486
5432,4487
6542,4488
13061,4489
10664,4490
6731,4491
6807,4492
17457,4493
6808,4494
6814,4495
3023,4496
19258,4497
2300,4498
1580,4499
6816,4500
7225,4501
7231,4502
16115,4503
11441,4504
7502,4505
21420,4506
7906,4507
7932,4508
808,4509
819,4510
2986,4511
820,4512
16914,4513
2264,4514
821,4515
811,4516
16116,4517
12234,4518
22537,4519
23216,4520
12353,4521
17625,4522
147,4523
41,4524
7226,4525
7322,4526
6629,4527
1270,4528
22887,4529
3306,4530
7314,4531
21484,4532
13005,4533
824,4534
8587,4535
8588,4536
7905,4537
11338,4538
13018,4539
20830,4540
23213,4541
12229,4542
13148,4543
23395,4544
23261,4545
21497,4546
19885,4547
2402,4548
20016,4549
1720,4550
2443,4551
24096,4552
19870,4553
19075,4554
1664,4555
264,4556
130,4557
3690,4558
8589,4559
1531,4560
16868,4561
13820,4562
11440,4563
22387,4564
15989,4565
16747,4566
17071,4567
16318,4568
11856,4569
19866,4570
13798,4571
10771,4572
10087,4573
18314,4574
13654,4575
12856,4576
22308,4577
23158,4578
19845,4579
17600,4580
24077,4581
16121,4582
137,4583
31,4584
5285,4585
4946,4586
860,4587
20856,4588
5131,4589
4425,4590
10675,4591
16117,4592
22533,4593
12091,4594
10948,4595
23202,4596
19089,4597
19863,4598
19989,4599
5311,4600
4609,4601
15257,4602
20666,4603
19868,4604
23159,4605
22309,4606
19843,4607
23342,4608
23400,4609
15700,4610
861,4611
8615,4612
12264,4613
6564,4614
7248,4615
832,4616
16867,4617
23397,4618
8616,4619
13849,4620
10011,4621
886,4622
8863,4623
18259,4624
5342,4625
6628,4626
19059,4627
17488,4628
8864,4629
5930,4630
8873,4631
17467,4632
8874,4633
2365,4634
8876,4635
4470,4636
8877,4637
19015,4638
8881,4639
22279,4640
8882,4641
7284,4642
11460,4643
7969,4644
22074,4645
2313,4646
10294,4647
17449,4648
379,4649
8356,4650
8884,4651
8885,4652
5149,4653
8887,4654
5853,4655
889,4656
20846,4657
3052,4658
7604,4659
21200,4660
7940,4661
10720,4662
18567,4663
20165,4664
7608,4665
8894,4666
19007,4667
23414,4668
19807,4669
20606,4670
8931,4671
14084,4672
15627,4673
21415,4674
18470,4675
895,4676
896,4677
5147,4678
5973,4679
16877,4680
22870,4681
10253,4682
12333,4683
15953,4684
2263,4685
23416,4686
8614,4687
7931,4688
7232,4689
13812,4690
897,4691
5865,4692
10721,4693
24255,4694
16124,4695
22871,4696
10254,4697
4727,4698
5830,4699
13850,4700
4422,4701
2297,4702
11359,4703
6544,4704
8702,4705
20833,4706
24090,4707
10950,4708
3127,4709
2406,4710
1680,4711
5261,4712
1075,4713
4632,4714
19912,4715
15231,4716
23195,4717
14440,4718
20645,4719
2380,4720
13739,4721
8084,4722
16455,4723
8976,4724
23063,4725
8136,4726
17293,4727
16543,4728
16542,4729
6642,4730
8082,4731
17536,4732
14720,4733
23925,4734
450,4735
6598,4736
16150,4737
898,4738
23789,4739
6577,4740
7672,4741
8996,4742
9,4743
190,4744
19167,4745
18366,4746
90,4747
902,4748
16149,4749
1622,4750
21220,4751
7263,4752
14107,4753
907,4754
9072,4755
6245,4756
10436,4757
6930,4758
9080,4759
23354,4760
2487,4761
22413,4762
23268,4763
16758,4764
17511,4765
3120,4766
14545,4767
7385,4768
8068,4769
8865,4770
1670,4771
9089,4772
9094,4773
16055,4774
5340,4775
12883,4776
13100,4777
3099,4778
91,4779
9101,4780
15335,4781
1015,4782
12914,4783
14712,4784
10743,4785
9113,4786
19985,4787
1774,4788
16031,4789
16981,4790
3765,4791
19247,4792
5178,4793
15636,4794
9121,4795
6392,4796
19170,4797
13824,4798
2259,4799
9138,4800
5974,4801
16122,4802
5244,4803
1567,4804
914,4805
15661,4806
9153,4807
12176,4808
4600,4809
22443,4810
9156,4811
22519,4812
10106,4813
7318,4814
9164,4815
11192,4816
18399,4817
2481,4818
13697,4819
449,4820
16711,4821
9165,4822
917,4823
9171,4824
9192,4825
12817,4826
15354,4827
92,4828
9208,4829
2891,4830
19206,4831
314,4832
21511,4833
3994,4834
19042,4835
10851,4836
18242,4837
17491,4838
10715,4839
11400,4840
867,4841
21653,4842
1035,4843
4594,4844
22385,4845
24058,4846
20657,4847
13133,4848
8194,4849
11370,4850
17663,4851
5115,4852
4409,4853
5108,4854
13016,4855
12236,4856
15265,4857
13925,4858
24060,4859
8600,4860
23425,4861
7236,4862
10681,4863
3694,4864
14598,4865
13822,4866
21556,4867
22347,4868
6138,4869
6552,4870
9214,4871
23325,4872
9218,4873
12952,4874
1779,4875
24146,4876
8169,4877
1636,4878
18445,4879
3077,4880
1447,4881
9219,4882
17571,4883
4619,4884
13700,4885
9220,4886
16066,4887
4618,4888
18351,4889
1157,4890
21429,4891
14629,4892
3082,4893
8359,4894
20254,4895
23712,4896
21055,4897
13374,4898
21907,4899
12577,4900
16263,4901
9221,4902
14557,4903
5301,4904
13712,4905
4713,4906
23993,4907
9226,4908
13789,4909
6676,4910
21586,4911
18519,4912
5904,4913
923,4914
9239,4915
9243,4916
9245,4917
9249,4918
4356,4919
21625,4920
18437,4921
19945,4922
4714,4923
18217,4924
17646,4925
23991,4926
3497,4927
23631,4928
7687,4929
21068,4930
13376,4931
21920,4932
15720,4933
14747,4934
9266,4935
8533,4936
22482,4937
1777,4938
5946,4939
22849,4940
9279,4941
7167,4942
15359,4943
13028,4944
12235,4945
16028,4946
15235,4947
1666,4948
18293,4949
16873,4950
22653,4951
2248,4952
258,4953
125,4954
9284,4955
9286,4956
9287,4957
13019,4958
17631,4959
23393,4960
24073,4961
13022,4962
15494,4963
169,4964
61,4965
6541,4966
14646,4967
11349,4968
5805,4969
8004,4970
21496,4971
20684,4972
19865,4973
24235,4974
5998,4975
6682,4976
17525,4977
9299,4978
15405,4979
11352,4980
9300,4981
9308,4982
13003,4983
2446,4984
23223,4985
16006,4986
18557,4987
14114,4988
1891,4989
20361,4990
21163,4991
4011,4992
7243,4993
371,4994
11376,4995
10691,4996
9312,4997
9314,4998
9316,4999
843,5000
15328,5001
1029,5002
13688,5003
3125,5004
2404,5005
4525,5006
5650,5007
9328,5008
6548,5009
10070,5010
14609,5011
23238,5012
12069,5013
3126,5014
19864,5015
12166,5016
10819,5017
6012,5018
24101,5019
16748,5020
15990,5021
5932,5022
3820,5023
7501,5024
7933,5025
933,5026
19548,5027
20343,5028
4156,5029
19545,5030
4864,5031
18021,5032
5565,5033
18820,5034
22673,5035
9333,5036
14041,5037
9334,5038
9338,5039
17643,5040
19056,5041
18256,5042
20131,5043
10611,5044
23192,5045
10344,5046
12689,5047
16237,5048
11369,5049
18265,5050
10949,5051
11543,5052
11547,5053
12337,5054
12344,5055
14272,5056
15479,5057
16234,5058
16238,5059
16662,5060
16984,5061
12805,5062
17734,5063
14276,5064
18531,5065
18789,5066
1894,5067
19264,5068
19334,5069
20132,5070
19713,5071
20134,5072
20928,5073
21894,5074
13385,5075
22155,5076
22633,5077
12692,5078
22634,5079
23489,5080
17298,5081
23500,5082
18778,5083
2382,5084
17222,5085
23927,5086
23929,5087
23976,5088
2621,5089
3043,5090
1925,5091
3310,5092
15123,5093
4015,5094
17381,5095
4022,5096
4407,5097
4736,5098
5712,5099
6139,5100
6399,5101
6553,5102
6554,5103
6883,5104
15880,5105
13079,5106
20565,5107
19765,5108
17373,5109
22506,5110
3891,5111
12304,5112
7238,5113
4402,5114
12223,5115
13029,5116
23266,5117
12862,5118
15484,5119
10684,5120
7731,5121
840,5122
8895,5123
864,5124
18456,5125
2304,5126
18208,5127
2271,5128
17617,5129
23398,5130
16781,5131
12068,5132
2613,5133
1584,5134
8930,5135
9120,5136
9252,5137
9311,5138
9313,5139
934,5140
8804,5141
3092,5142
4205,5143
9345,5144
10029,5145
10698,5146
14563,5147
8754,5148
9350,5149
5272,5150
14607,5151
23728,5152
8889,5153
10010,5154
21706,5155
22274,5156
2301,5157
10674,5158
8903,5159
2261,5160
372,5161
817,5162
11345,5163
9014,5164
12535,5165
7616,5166
14126,5167
8300,5168
11743,5169
6932,5170
13330,5171
9351,5172
8022,5173
188,5174
74,5175
9353,5176
1212,5177
6162,5178
2224,5179
6736,5180
1500,5181
7191,5182
382,5183
6506,5184
11296,5185
10579,5186
17570,5187
3205,5188
21573,5189
3296,5190
2360,5191
936,5192
16892,5193
5206,5194
13317,5195
9362,5196
10046,5197
3732,5198
12227,5199
20028,5200
4939,5201
10940,5202
13251,5203
5642,5204
7247,5205
22557,5206
11380,5207
10695,5208
7911,5209
17618,5210
22538,5211
19901,5212
24068,5213
10256,5214
12078,5215
20659,5216
21620,5217
1790,5218
3925,5219
3133,5220
4535,5221
19869,5222
5933,5223
24036,5224
6627,5225
17559,5226
10833,5227
16454,5228
8185,5229
6563,5230
8190,5231
10661,5232
22569,5233
9012,5234
7007,5235
9294,5236
9365,5237
16151,5238
3749,5239
10016,5240
10702,5241
1222,5242
9367,5243
10051,5244
7953,5245
20824,5246
20027,5247
20364,5248
11065,5249
19566,5250
2607,5251
5129,5252
12265,5253
6135,5254
2262,5255
23428,5256
818,5257
1538,5258
7220,5259
17619,5260
17633,5261
13027,5262
20703,5263
19884,5264
19088,5265
10364,5266
11048,5267
23023,5268
3825,5269
14586,5270
4840,5271
6669,5272
5985,5273
19114,5274
17500,5275
12061,5276
19847,5277
19052,5278
20643,5279
15341,5280
4583,5281
22066,5282
669,5283
8179,5284
7497,5285
10670,5286
8248,5287
858,5288
3021,5289
833,5290
17621,5291
16879,5292
18305,5293
10262,5294
15245,5295
14461,5296
1578,5297
3119,5298
22490,5299
2491,5300
1768,5301
18309,5302
15227,5303
14442,5304
4529,5305
5232,5306
18248,5307
21628,5308
1061,5309
6324,5310
9013,5311
18765,5312
9370,5313
9380,5314
10064,5315
24020,5316
21457,5317
20642,5318
13771,5319
2476,5320
22901,5321
9381,5322
23727,5323
18762,5324
19407,5325
3423,5326
4421,5327
8304,5328
18204,5329
9383,5330
283,5331
7352,5332
24098,5333
12854,5334
12060,5335
19053,5336
23160,5337
18250,5338
16097,5339
3877,5340
668,5341
9385,5342
276,5343
13733,5344
9387,5345
15369,5346
19910,5347
5427,5348
16706,5349
20053,5350
7249,5351
6565,5352
8594,5353
9389,5354
231,5355
104,5356
9390,5357
16026,5358
5102,5359
21718,5360
11341,5361
10656,5362
10653,5363
5975,5364
10072,5365
24079,5366
18296,5367
21714,5368
4537,5369
13052,5370
3034,5371
22552,5372
5239,5373
24027,5374
21464,5375
3324,5376
13322,5377
4515,5378
22473,5379
7360,5380
22367,5381
7920,5382
3704,5383
11360,5384
4572,5385
8641,5386
10701,5387
4031,5388
15634,5389
495,5390
19515,5391
2770,5392
11205,5393
8707,5394
10233,5395
10920,5396
10921,5397
10922,5398
10927,5399
11514,5400
11515,5401
11519,5402
1152,5403
11521,5404
10050,5405
11528,5406
1172,5407
12302,5408
12307,5409
12308,5410
11423,5411
12310,5412
12312,5413
12314,5414
12315,5415
12318,5416
12323,5417
12324,5418
12325,5419
12844,5420
12846,5421
13096,5422
13103,5423
13110,5424
13119,5425
13120,5426
11430,5427
136,5428
13641,5429
13643,5430
13894,5431
13914,5432
14437,5433
14692,5434
10053,5435
14699,5436
14701,5437
14704,5438
14709,5439
15460,5440
15461,5441
162,5442
16213,5443
11416,5444
1628,5445
1651,5446
16718,5447
16733,5448
16951,5449
16952,5450
16955,5451
16956,5452
16959,5453
16960,5454
17711,5455
17716,5456
17717,5457
17722,5458
17723,5459
18222,5460
18234,5461
185,5462
18500,5463
18508,5464
18510,5465
10038,5466
18511,5467
18520,5468
1867,5469
12838,5470
19031,5471
191,5472
19325,5473
1640,5474
198,5475
20106,5476
17490,5477
20118,5478
16710,5479
20120,5480
202,5481
20620,5482
20630,5483
21431,5484
21433,5485
21462,5486
17508,5487
13962,5488
1469,5489
20231,5490
11846,5491
20974,5492
217,5493
21757,5494
11420,5495
21762,5496
21766,5497
12841,5498
21769,5499
21774,5500
21777,5501
22292,5502
22603,5503
22606,5504
1656,5505
22615,5506
15209,5507
22619,5508
1599,5509
22741,5510
14979,5511
10908,5512
13409,5513
14201,5514
12592,5515
20779,5516
1068,5517
13098,5518
21544,5519
232,5520
105,5521
2338,5522
2342,5523
23462,5524
16734,5525
23465,5526
23467,5527
10063,5528
23468,5529
23469,5530
23474,5531
23478,5532
14425,5533
23488,5534
2349,5535
23531,5536
2358,5537
23592,5538
11843,5539
2362,5540
23992,5541
24034,5542
10260,5543
10266,5544
10951,5545
10954,5546
1183,5547
12345,5548
12349,5549
13136,5550
13139,5551
13141,5552
13550,5553
13930,5554
13931,5555
13936,5556
13938,5557
1471,5558
14729,5559
1437,5560
14734,5561
14999,5562
15168,5563
15477,5564
11820,5565
15480,5566
15489,5567
15490,5568
16242,5569
16985,5570
16994,5571
16995,5572
16998,5573
17360,5574
17739,5575
11813,5576
17745,5577
18037,5578
18066,5579
18529,5580
18535,5581
11842,5582
18536,5583
12634,5584
18546,5585
10568,5586
18857,5587
18987,5588
19330,5589
11972,5590
19331,5591
14341,5592
19340,5593
16489,5594
19341,5595
19342,5596
19344,5597
14203,5598
20136,5599
20137,5600
20141,5601
14204,5602
20142,5603
20144,5604
20459,5605
20933,5606
21786,5607
13394,5608
21789,5609
11826,5610
21801,5611
15166,5612
22098,5613
22102,5614
22107,5615
22169,5616
22637,5617
14974,5618
22639,5619
19661,5620
22641,5621
22644,5622
15739,5623
22650,5624
2194,5625
22651,5626
22652,5627
22956,5628
22964,5629
22982,5630
22985,5631
23009,5632
23108,5633
23495,5634
20463,5635
23496,5636
21280,5637
23497,5638
23505,5639
17428,5640
23843,5641
23890,5642
250,5643
117,5644
253,5645
120,5646
256,5647
123,5648
2587,5649
2588,5650
16722,5651
263,5652
129,5653
2835,5654
1141,5655
2113,5656
22142,5657
20457,5658
2838,5659
30,5660
3062,5661
3067,5662
3083,5663
3281,5664
16727,5665
3282,5666
10062,5667
3284,5668
3289,5669
24007,5670
3396,5671
23901,5672
3780,5673
3794,5674
3796,5675
3997,5676
4006,5677
24013,5678
4018,5679
23920,5680
4020,5681
17364,5682
4026,5683
13401,5684
4249,5685
4253,5686
431,5687
11433,5688
4348,5689
4351,5690
4465,5691
4491,5692
4499,5693
451,5694
12848,5695
456,5696
465,5697
11885,5698
4700,5699
15967,5700
4709,5701
3775,5702
4729,5703
11872,5704
4738,5705
14194,5706
5031,5707
5156,5708
5158,5709
5170,5710
5195,5711
5202,5712
5263,5713
20841,5714
15450,5715
18215,5716
5390,5717
12663,5718
11870,5719
12661,5720
19196,5721
331,5722
23306,5723
1186,5724
23476,5725
54,5726
5400,5727
19828,5728
5402,5729
20622,5730
5403,5731
5409,5732
5417,5733
10741,5734
5423,5735
5217,5736
5433,5737
14247,5738
5656,5739
5736,5740
5858,5741
5869,5742
5870,5743
5890,5744
5897,5745
6045,5746
4484,5747
6109,5748
1646,5749
6111,5750
5883,5751
6118,5752
19840,5753
6127,5754
23004,5755
6319,5756
22843,5757
23628,5758
22846,5759
21917,5760
17973,5761
22770,5762
18772,5763
22756,5764
1360,5765
6477,5766
6604,5767
6610,5768
6613,5769
6618,5770
674,5771
6789,5772
3079,5773
6817,5774
12612,5775
7016,5776
71,5777
714,5778
7163,5779
10179,5780
7276,5781
7292,5782
7297,5783
7299,5784
7307,5785
7465,5786
13429,5787
14221,5788
15749,5789
7335,5790
3870,5791
10937,5792
12096,5793
17736,5794
7305,5795
7476,5796
7477,5797
5190,5798
7478,5799
10056,5800
7486,5801
5218,5802
76,5803
7961,5804
7978,5805
7981,5806
7996,5807
8162,5808
1624,5809
8186,5810
21274,5811
8187,5812
18849,5813
83,5814
85,5815
8523,5816
3247,5817
8525,5818
3639,5819
8656,5820
8663,5821
8669,5822
8708,5823
12105,5824
3009,5825
23424,5826
8813,5827
6478,5828
8524,5829
3613,5830
1706,5831
3929,5832
19093,5833
13146,5834
20103,5835
18241,5836
885,5837
8869,5838
4486,5839
8902,5840
16612,5841
893,5842
913,5843
9154,5844
22510,5845
10122,5846
21527,5847
17702,5848
19347,5849
24011,5850
7842,5851
9317,5852
10000,5853
6547,5854
9318,5855
872,5856
9309,5857
932,5858
9360,5859
9376,5860
9377,5861
9379,5862
939,5863
9391,5864
15259,5865
17737,5866
18905,5867
22346,5868
9395,5869
19161,5870
13904,5871
13639,5872
9397,5873
18360,5874
9399,5875
18336,5876
940,5877
12241,5878
5215,5879
5916,5880
2314,5881
3037,5882
3030,5883
15311,5884
19238,5885
3199,5886
2412,5887
19078,5888
19064,5889
14722,5890
15486,5891
3701,5892
20060,5893
2283,5894
1563,5895
6823,5896
7237,5897
12267,5898
8592,5899
8601,5900
7918,5901
7909,5902
6654,5903
15370,5904
16780,5905
19081,5906
8701,5907
14610,5908
12892,5909
12072,5910
7512,5911
3006,5912
9401,5913
12136,5914
9402,5915
14513,5916
9403,5917
22376,5918
9405,5919
8723,5920
12887,5921
13655,5922
14446,5923
1678,5924
2396,5925
15983,5926
16849,5927
10783,5928
23781,5929
9407,5930
7472,5931
23171,5932
9413,5933
12116,5934
1875,5935
4455,5936
9415,5937
18319,5938
20350,5939
2030,5940
17953,5941
21057,5942
22940,5943
2751,5944
12582,5945
1929,5946
9417,5947
15275,5948
16980,5949
7976,5950
9418,5951
21596,5952
20909,5953
12847,5954
9420,5955
1694,5956
12230,5957
10236,5958
10251,5959
10925,5960
10934,5961
11517,5962
11520,5963
11522,5964
11529,5965
11530,5966
1154,5967
12303,5968
12306,5969
12311,5970
12319,5971
12321,5972
11408,5973
12322,5974
12328,5975
12330,5976
13097,5977
13104,5978
13111,5979
13895,5980
13896,5981
13913,5982
140,5983
14685,5984
14690,5985
14698,5986
14700,5987
15449,5988
15454,5989
15455,5990
15463,5991
14422,5992
15464,5993
1613,5994
16198,5995
12849,5996
16199,5997
16204,5998
16219,5999
163,6000
164,6001
166,6002
16712,6003
16729,6004
16954,6005
16961,6006
16962,6007
16964,6008
16969,6009
16973,6010
17461,6011
17493,6012
17707,6013
17713,6014
18507,6015
16737,6016
18512,6017
10735,6018
18522,6019
18523,6020
18525,6021
1866,6022
16724,6023
1869,6024
1872,6025
19019,6026
192,6027
19307,6028
1657,6029
19308,6030
19310,6031
19311,6032
196,6033
19852,6034
20099,6035
18226,6036
20104,6037
20115,6038
19827,6039
20617,6040
20665,6041
10329,6042
10362,6043
15561,6044
13362,6045
18264,6046
10259,6047
11548,6048
11550,6049
11555,6050
11557,6051
11558,6052
10567,6053
1177,6054
12341,6055
12346,6056
12348,6057
12601,6058
12616,6059
13138,6060
13933,6061
13945,6062
14715,6063
14727,6064
15491,6065
16229,6066
16230,6067
13418,6068
16231,6069
14337,6070
16240,6071
14145,6072
16495,6073
16508,6074
17273,6075
17738,6076
17741,6077
17746,6078
17747,6079
11182,6080
18059,6081
18537,6082
18538,6083
18540,6084
18047,6085
18547,6086
10504,6087
1890,6088
1898,6089
11886,6090
19346,6091
20139,6092
20145,6093
20169,6094
20198,6095
14338,6096
11499,6097
12757,6098
16610,6099
11956,6100
20464,6101
20593,6102
20901,6103
17487,6104
20902,6105
20904,6106
20910,6107
20915,6108
20921,6109
16717,6110
20935,6111
18834,6112
20936,6113
20438,6114
20938,6115
20942,6116
1474,6117
20953,6118
21001,6119
15856,6120
11500,6121
14334,6122
11962,6123
13537,6124
21029,6125
15753,6126
21032,6127
21211,6128
21244,6129
21251,6130
21284,6131
21293,6132
21295,6133
21435,6134
21450,6135
10166,6136
13646,6137
16709,6138
216,6139
21701,6140
21751,6141
15961,6142
21784,6143
14154,6144
1263,6145
21790,6146
17260,6147
21795,6148
10500,6149
21797,6150
1468,6151
2198,6152
1107,6153
22065,6154
21844,6155
20992,6156
11986,6157
22278,6158
22284,6159
16144,6160
20616,6161
18749,6162
2078,6163
22290,6164
224,6165
100,6166
22513,6167
10115,6168
12920,6169
14707,6170
22604,6171
12057,6172
22607,6173
22295,6174
22610,6175
19032,6176
22612,6177
22621,6178
10061,6179
22631,6180
1648,6181
22638,6182
14190,6183
22765,6184
19550,6185
21060,6186
21171,6187
21912,6188
22024,6189
22755,6190
23028,6191
23038,6192
23137,6193
23144,6194
23147,6195
2345,6196
23460,6197
23472,6198
21439,6199
23473,6200
14430,6201
23494,6202
13426,6203
23498,6204
12620,6205
23504,6206
23509,6207
23536,6208
2361,6209
23855,6210
23996,6211
24001,6212
24003,6213
245,6214
112,6215
248,6216
115,6217
252,6218
119,6219
257,6220
124,6221
2575,6222
19665,6223
2586,6224
2589,6225
2618,6226
21325,6227
2619,6228
19694,6229
2657,6230
3060,6231
3064,6232
3090,6233
3311,6234
22125,6235
3320,6236
23825,6237
3321,6238
12607,6239
34,6240
3612,6241
3637,6242
3755,6243
3758,6244
3774,6245
3792,6246
3798,6247
3991,6248
16721,6249
4021,6250
23900,6251
3977,6252
21322,6253
22177,6254
13454,6255
12964,6256
1050,6257
16972,6258
23301,6259
4250,6260
4319,6261
432,6262
12052,6263
434,6264
12842,6265
441,6266
4471,6267
4506,6268
4511,6269
462,6270
17243,6271
464,6272
23055,6273
4698,6274
4731,6275
11971,6276
4732,6277
5060,6278
5169,6279
5192,6280
5199,6281
5411,6282
5194,6283
5440,6284
14994,6285
55,6286
5533,6287
23866,6288
56,6289
5657,6290
10214,6291
5762,6292
2545,6293
4347,6294
2193,6295
58,6296
5845,6297
5861,6298
5871,6299
5884,6300
19246,6301
23131,6302
1367,6303
17866,6304
19543,6305
4927,6306
19468,6307
17971,6308
20266,6309
18770,6310
21051,6311
5894,6312
5908,6313
5910,6314
5911,6315
5919,6316
6101,6317
15973,6318
6102,6319
6105,6320
2357,6321
6106,6322
5880,6323
17647,6324
1632,6325
2086,6326
21913,6327
21997,6328
22766,6329
17974,6330
23624,6331
18773,6332
5535,6333
4920,6334
6119,6335
6129,6336
22171,6337
6130,6338
21258,6339
643,6340
17105,6341
1363,6342
21075,6343
23641,6344
21222,6345
23792,6346
13170,6347
6481,6348
6592,6349
6593,6350
6614,6351
6620,6352
6796,6353
7164,6354
7298,6355
7306,6356
7310,6357
7327,6358
7487,6359
19017,6360
7500,6361
21288,6362
7505,6363
22112,6364
754,6365
11254,6366
2166,6367
77,6368
7783,6369
7972,6370
7977,6371
8073,6372
23288,6373
14718,6374
81,6375
8157,6376
18233,6377
8161,6378
8164,6379
4489,6380
8166,6381
20614,6382
8181,6383
11824,6384
8189,6385
8366,6386
8376,6387
21277,6388
4562,6389
2507,6390
3285,6391
19014,6392
8377,6393
8529,6394
8665,6395
8672,6396
8673,6397
8680,6398
8738,6399
20691,6400
8684,6401
10235,6402
10239,6403
10932,6404
11510,6405
11516,6406
11523,6407
11526,6408
11534,6409
11538,6410
13115,6411
13116,6412
13634,6413
13902,6414
13908,6415
14423,6416
14693,6417
14702,6418
14708,6419
10059,6420
14710,6421
15202,6422
15456,6423
15471,6424
15473,6425
16200,6426
16202,6427
16207,6428
16208,6429
16209,6430
16210,6431
16211,6432
16216,6433
10043,6434
16217,6435
10728,6436
16220,6437
12839,6438
16223,6439
16225,6440
16714,6441
16893,6442
16965,6443
16966,6444
16968,6445
17474,6446
14623,6447
17481,6448
17701,6449
17708,6450
12056,6451
12242,6452
17726,6453
18239,6454
18505,6455
10739,6456
18515,6457
1614,6458
16905,6459
18517,6460
16723,6461
18524,6462
1865,6463
1881,6464
18244,6465
19026,6466
19062,6467
15236,6468
13227,6469
18575,6470
10571,6471
19306,6472
1621,6473
19314,6474
19323,6475
19324,6476
14426,6477
19370,6478
11255,6479
19371,6480
19824,6481
20098,6482
18229,6483
20123,6484
10730,6485
20900,6486
20917,6487
12049,6488
20919,6489
20920,6490
21437,6491
21442,6492
21755,6493
21756,6494
21760,6495
16732,6496
21767,6497
21438,6498
21773,6499
21998,6500
20344,6501
22283,6502
16145,6503
22288,6504
15385,6505
19822,6506
20248,6507
19602,6508
22605,6509
15979,6510
16888,6511
22611,6512
10740,6513
22614,6514
20628,6515
22616,6516
22620,6517
22630,6518
18225,6519
23174,6520
10269,6521
10944,6522
10946,6523
10953,6524
11541,6525
11549,6526
11551,6527
11552,6528
11559,6529
1178,6530
11967,6531
12342,6532
12350,6533
13140,6534
11847,6535
13143,6536
13145,6537
13147,6538
13922,6539
13923,6540
13929,6541
13934,6542
13937,6543
13939,6544
14185,6545
1435,6546
14725,6547
14726,6548
14728,6549
13414,6550
14973,6551
15476,6552
15488,6553
11809,6554
15855,6555
16232,6556
16244,6557
16982,6558
15745,6559
16983,6560
16997,6561
11805,6562
17238,6563
17740,6564
17742,6565
18544,6566
18545,6567
11253,6568
18843,6569
1889,6570
1895,6571
12624,6572
1897,6573
1899,6574
19343,6575
19345,6576
20128,6577
18099,6578
20129,6579
13456,6580
20444,6581
20446,6582
20468,6583
20937,6584
18869,6585
20943,6586
20945,6587
20946,6588
21262,6589
21296,6590
21785,6591
21787,6592
21788,6593
22122,6594
22138,6595
22176,6596
22642,6597
18067,6598
22960,6599
22969,6600
22973,6601
22978,6602
22996,6603
23052,6604
2333,6605
12255,6606
11419,6607
23461,6608
23484,6609
11432,6610
23487,6611
23501,6612
12637,6613
23506,6614
2160,6615
23590,6616
19667,6617
2375,6618
23815,6619
23821,6620
1148,6621
22961,6622
12605,6623
23812,6624
13804,6625
23833,6626
23868,6627
23892,6628
23918,6629
24006,6630
2590,6631
2612,6632
15754,6633
2882,6634
2919,6635
2923,6636
3031,6637
2308,6638
3058,6639
3065,6640
3086,6641
3088,6642
16897,6643
19021,6644
18758,6645
3228,6646
12845,6647
3283,6648
12051,6649
3295,6650
1649,6651
3297,6652
3315,6653
18097,6654
3445,6655
22850,6656
2033,6657
11758,6658
2754,6659
12550,6660
17085,6661
2077,6662
3606,6663
3757,6664
13840,6665
1623,6666
15952,6667
3764,6668
23405,6669
3071,6670
2805,6671
17940,6672
21066,6673
2084,6674
21918,6675
20369,6676
22771,6677
19571,6678
3805,6679
388,6680
3988,6681
15214,6682
16137,6683
21440,6684
3992,6685
19813,6686
16901,6687
17465,6688
21995,6689
19464,6690
21142,6691
21063,6692
16448,6693
21915,6694
17200,6695
14821,6696
3504,6697
3507,6698
19477,6699
3996,6700
14436,6701
4004,6702
4019,6703
12664,6704
4027,6705
19643,6706
4105,6707
16527,6708
2568,6709
15019,6710
17277,6711
14246,6712
12169,6713
4125,6714
22141,6715
10216,6716
16504,6717
17255,6718
17253,6719
17609,6720
433,6721
14431,6722
13829,6723
16728,6724
17950,6725
2080,6726
4352,6727
4467,6728
14632,6729
457,6730
23861,6731
4606,6732
12128,6733
18521,6734
1610,6735
4701,6736
13637,6737
3229,6738
4706,6739
4707,6740
23129,6741
4708,6742
11407,6743
4728,6744
14983,6745
4933,6746
21992,6747
14048,6748
21139,6749
12462,6750
13255,6751
3539,6752
4247,6753
23529,6754
5034,6755
5160,6756
5172,6757
5188,6758
5193,6759
11454,6760
4487,6761
5201,6762
5204,6763
18444,6764
5205,6765
17952,6766
17181,6767
5209,6768
13036,6769
5279,6770
14479,6771
22635,6772
5401,6773
5207,6774
5410,6775
19812,6776
5414,6777
2368,6778
16896,6779
1650,6780
18710,6781
10031,6782
3008,6783
11582,6784
17023,6785
22678,6786
3640,6787
3246,6788
11251,6789
3642,6790
2542,6791
4349,6792
10863,6793
5434,6794
10443,6795
20883,6796
11127,6797
5633,6798
21986,6799
5733,6800
5764,6801
5768,6802
5855,6803
16153,6804
5856,6805
5872,6806
5881,6807
5888,6808
5895,6809
5899,6810
11453,6811
22286,6812
14170,6813
5912,6814
5914,6815
6040,6816
5915,6817
6103,6818
3787,6819
6104,6820
3091,6821
6131,6822
19687,6823
6132,6824
16498,6825
6136,6826
17358,6827
6259,6828
20347,6829
16351,6830
14931,6831
17104,6832
15691,6833
15580,6834
13241,6835
17087,6836
2796,6837
4211,6838
6300,6839
13581,6840
1561,6841
6359,6842
6418,6843
6423,6844
654,6845
22760,6846
1374,6847
23618,6848
20371,6849
5626,6850
21928,6851
3508,6852
19476,6853
20274,6854
18817,6855
22932,6856
17774,6857
592,6858
19573,6859
14031,6860
16425,6861
6569,6862
6589,6863
3066,6864
17988,6865
6600,6866
19249,6867
11411,6868
662,6869
6728,6870
4501,6871
22003,6872
20338,6873
17107,6874
17941,6875
15601,6876
16355,6877
22935,6878
23795,6879
21821,6880
6785,6881
6799,6882
1642,6883
16899,6884
3776,6885
11705,6886
1595,6887
6803,6888
2351,6889
6812,6890
18062,6891
7277,6892
21697,6893
5857,6894
4196,6895
12792,6896
7294,6897
7300,6898
7303,6899
22865,6900
7413,6901
20640,6902
17460,6903
7415,6904
14434,6905
23722,6906
2737,6907
22864,6908
1298,6909
20370,6910
579,6911
19572,6912
6918,6913
7479,6914
5893,6915
7480,6916
4479,6917
15390,6918
7490,6919
7493,6920
19046,6921
7499,6922
19668,6923
7504,6924
12655,6925
752,6926
10178,6927
2196,6928
4350,6929
2889,6930
3150,6931
7536,6932
755,6933
7602,6934
12452,6935
14033,6936
2075,6937
640,6938
7606,6939
7960,6940
2804,6941
2738,6942
22011,6943
1299,6944
12541,6945
2017,6946
13338,6947
5536,6948
7971,6949
18448,6950
7983,6951
17645,6952
5203,6953
14873,6954
7988,6955
7991,6956
8031,6957
1864,6958
19033,6959
20730,6960
7416,6961
19832,6962
17956,6963
7686,6964
8079,6965
8102,6966
3779,6967
22002,6968
21988,6969
11671,6970
21135,6971
18669,6972
18022,6973
19473,6974
18821,6975
23528,6976
5559,6977
2088,6978
18655,6979
23738,6980
4858,6981
22880,6982
16331,6983
14908,6984
8149,6985
22115,6986
21260,6987
13386,6988
18383,6989
1785,6990
14688,6991
1635,6992
8158,6993
8168,6994
19818,6995
8182,6996
22116,6997
8188,6998
15770,6999
8368,7000
17875,7001
18673,7002
22075,7003
22930,7004
14758,7005
8598,7006
8654,7007
23753,7008
11403,7009
8610,7010
8661,7011
12246,7012
6607,7013
13183,7014
3518,7015
17031,7016
21987,7017
8666,7018
8667,7019
11384,7020
7253,7021
8674,7022
10169,7023
1655,7024
2090,7025
1311,7026
18743,7027
20269,7028
19544,7029
21070,7030
14163,7031
21923,7032
13371,7033
16269,7034
2811,7035
8312,7036
22027,7037
879,7038
23410,7039
2319,7040
18012,7041
8802,7042
2372,7043
18755,7044
3510,7045
22781,7046
4217,7047
17872,7048
23639,7049
4852,7050
19556,7051
3436,7052
11760,7053
4144,7054
12552,7055
14817,7056
4952,7057
5654,7058
20968,7059
883,7060
5171,7061
16478,7062
878,7063
857,7064
8847,7065
4252,7066
3544,7067
15747,7068
16839,7069
10110,7070
17528,7071
16243,7072
4957,7073
8851,7074
17256,7075
16505,7076
16502,7077
16858,7078
8852,7079
23858,7080
22998,7081
12631,7082
13803,7083
3869,7084
3989,7085
17480,7086
3937,7087
18230,7088
22006,7089
10981,7090
20252,7091
22841,7092
22858,7093
2024,7094
19575,7095
2745,7096
20373,7097
20244,7098
17843,7099
19538,7100
23694,7101
8867,7102
12055,7103
15380,7104
18235,7105
18753,7106
22845,7107
23633,7108
23703,7109
1320,7110
5655,7111
601,7112
4953,7113
12370,7114
8868,7115
3789,7116
10170,7117
7296,7118
2091,7119
19541,7120
17871,7121
18740,7122
22780,7123
19623,7124
23638,7125
20422,7126
13960,7127
8893,7128
22144,7129
8899,7130
890,7131
13842,7132
5157,7133
14887,7134
5818,7135
1562,7136
15315,7137
14161,7138
19374,7139
21818,7140
10570,7141
1821,7142
23526,7143
10573,7144
10177,7145
6480,7146
753,7147
1473,7148
5740,7149
20786,7150
3906,7151
20707,7152
3286,7153
16738,7154
7841,7155
8768,7156
20731,7157
1686,7158
8800,7159
2377,7160
3098,7161
7951,7162
8634,7163
2307,7164
16068,7165
3198,7166
20034,7167
15916,7168
13300,7169
16958,7170
15034,7171
17506,7172
14541,7173
20931,7174
2623,7175
11364,7176
20062,7177
3002,7178
22567,7179
3201,7180
19932,7181
23203,7182
20644,7183
15225,7184
2374,7185
3697,7186
4737,7187
5816,7188
17664,7189
4408,7190
7915,7191
10672,7192
19226,7193
3157,7194
17532,7195
16239,7196
3700,7197
8900,7198
18842,7199
899,7200
16904,7201
1602,7202
4460,7203
10272,7204
10273,7205
10958,7206
13059,7207
16402,7208
18642,7209
18003,7210
20055,7211
23571,7212
23771,7213
11468,7214
19263,7215
21421,7216
3705,7217
4193,7218
5446,7219
471,7220
16396,7221
728,7222
3010,7223
6537,7224
11604,7225
12540,7226
15532,7227
17426,7228
4320,7229
5371,7230
18986,7231
18186,7232
5719,7233
21617,7234
1794,7235
22394,7236
13151,7237
21540,7238
16755,7239
18281,7240
19861,7241
20774,7242
10827,7243
10143,7244
6753,7245
8603,7246
7178,7247
10657,7248
10590,7249
10328,7250
10432,7251
13189,7252
18703,7253
19389,7254
1939,7255
14869,7256
1940,7257
1950,7258
16381,7259
20307,7260
21109,7261
2674,7262
22813,7263
4782,7264
21105,7265
505,7266
11118,7267
10404,7268
13573,7269
5478,7270
18705,7271
616,7272
20319,7273
6178,7274
23671,7275
618,7276
17919,7277
6186,7278
17905,7279
4174,7280
14103,7281
6273,7282
13543,7283
8231,7284
21958,7285
1338,7286
16405,7287
8240,7288
14078,7289
3467,7290
13522,7291
8605,7292
7427,7293
6374,7294
14363,7295
19278,7296
22249,7297
15893,7298
12776,7299
21867,7300
11768,7301
6445,7302
2150,7303
20991,7304
18780,7305
528,7306
17981,7307
14014,7308
6888,7309
12560,7310
4117,7311
7922,7312
1534,7313
10989,7314
17038,7315
3608,7316
7443,7317
8229,7318
7102,7319
7444,7320
8461,7321
7780,7322
2870,7323
21616,7324
10146,7325
18303,7326
19125,7327
866,7328
1543,7329
14772,7330
11183,7331
16284,7332
14394,7333
17039,7334
1432,7335
10198,7336
5732,7337
5028,7338
3594,7339
19178,7340
7442,7341
15925,7342
16678,7343
2147,7344
24193,7345
8126,7346
876,7347
7927,7348
8957,7349
15629,7350
18686,7351
23110,7352
20878,7353
12752,7354
12738,7355
15099,7356
19288,7357
22218,7358
23104,7359
23444,7360
23966,7361
10355,7362
12559,7363
15050,7364
1267,7365
11767,7366
2696,7367
22035,7368
3410,7369
4268,7370
11961,7371
15436,7372
21363,7373
1981,7374
19581,7375
6209,7376
20380,7377
19423,7378
8988,7379
21182,7380
17821,7381
901,7382
15393,7383
10726,7384
10738,7385
11790,7386
2318,7387
5127,7388
9027,7389
21174,7390
18643,7391
15578,7392
17084,7393
21131,7394
22835,7395
903,7396
11459,7397
3046,7398
10052,7399
12583,7400
1598,7401
1577,7402
904,7403
17649,7404
1603,7405
2343,7406
19589,7407
11404,7408
6560,7409
908,7410
17648,7411
2347,7412
21231,7413
9087,7414
22245,7415
16812,7416
8774,7417
12117,7418
440,7419
3081,7420
6730,7421
4480,7422
18709,7423
9146,7424
8463,7425
10493,7426
23331,7427
361,7428
13683,7429
22647,7430
2162,7431
4545,7432
14450,7433
20672,7434
24038,7435
19179,7436
1793,7437
2516,7438
16228,7439
18240,7440
916,7441
20042,7442
2354,7443
2083,7444
18742,7445
20270,7446
17944,7447
19472,7448
21924,7449
21221,7450
23630,7451
23791,7452
13964,7453
647,7454
18664,7455
20372,7456
22772,7457
19574,7458
11652,7459
17935,7460
918,7461
920,7462
18751,7463
4754,7464
5628,7465
18670,7466
6318,7467
19474,7468
20272,7469
19621,7470
20420,7471
20970,7472
921,7473
9211,7474
8526,7475
9212,7476
5366,7477
922,7478
12250,7479
2359,7480
924,7481
22086,7482
930,7483
14627,7484
18223,7485
19514,7486
9330,7487
8618,7488
9331,7489
9349,7490
10693,7491
9354,7492
19252,7493
7956,7494
2829,7495
9361,7496
9364,7497
17153,7498
2285,7499
11368,7500
15346,7501
1388,7502
15517,7503
20964,7504
22669,7505
6482,7506
4663,7507
7353,7508
16021,7509
21486,7510
22339,7511
22325,7512
23524,7513
751,7514
1822,7515
5062,7516
5766,7517
756,7518
7846,7519
4353,7520
15929,7521
16098,7522
7355,7523
18313,7524
5404,7525
13647,7526
8538,7527
8799,7528
12058,7529
19842,7530
2317,7531
10032,7532
7251,7533
18417,7534
7356,7535
8811,7536
2200,7537
9368,7538
12253,7539
9356,7540
3756,7541
14947,7542
7267,7543
9324,7544
9369,7545
20044,7546
2323,7547
4464,7548
13215,7549
1387,7550
10719,7551
13847,7552
13951,7553
11113,7554
1555,7555
1586,7556
17082,7557
17661,7558
1452,7559
10002,7560
18004,7561
21712,7562
23418,7563
11373,7564
10688,7565
2258,7566
15533,7567
2883,7568
6069,7569
6143,7570
6828,7571
6298,7572
6831,7573
6146,7574
6858,7575
17429,7576
15412,7577
18989,7578
19794,7579
18185,7580
13794,7581
7239,7582
6555,7583
7902,7584
12394,7585
20366,7586
2660,7587
1438,7588
6067,7589
6424,7590
11186,7591
16674,7592
13002,7593
6861,7594
7100,7595
1833,7596
5728,7597
5024,7598
22268,7599
14583,7600
1725,7601
24113,7602
14732,7603
6416,7604
7108,7605
10195,7606
11187,7607
8226,7608
3611,7609
8548,7610
384,7611
15887,7612
4821,7613
11766,7614
2000,7615
21876,7616
17268,7617
4831,7618
1283,7619
12646,7620
566,7621
23589,7622
13436,7623
4692,7624
7750,7625
7145,7626
4308,7627
4797,7628
17984,7629
5491,7630
18783,7631
2718,7632
560,7633
15769,7634
10895,7635
16520,7636
17831,7637
20229,7638
21883,7639
20460,7640
23008,7641
3981,7642
18068,7643
18867,7644
422,7645
7903,7646
10304,7647
10993,7648
13980,7649
17906,7650
19513,7651
22816,7652
2937,7653
1232,7654
15630,7655
1944,7656
18704,7657
2054,7658
16591,7659
4776,7660
22814,7661
4777,7662
23674,7663
2775,7664
19523,7665
5477,7666
4198,7667
6176,7668
2791,7669
6189,7670
3491,7671
8244,7672
23672,7673
19490,7674
16407,7675
8322,7676
8380,7677
11639,7678
14812,7679
11829,7680
18844,7681
10907,7682
20238,7683
20448,7684
14981,7685
13391,7686
20449,7687
1145,7688
18846,7689
22980,7690
12597,7691
7467,7692
22983,7693
22124,7694
11804,7695
14592,7696
3159,7697
19301,7698
23999,7699
3142,7700
8017,7701
8431,7702
15423,7703
20561,7704
3584,7705
13204,7706
14355,7707
19586,7708
1972,7709
20385,7710
4822,7711
4114,7712
13439,7713
6087,7714
14231,7715
13228,7716
15734,7717
19438,7718
13400,7719
21891,7720
21250,7721
6780,7722
8611,7723
8699,7724
8830,7725
5032,7726
1436,7727
8858,7728
14193,7729
11815,7730
22097,7731
8941,7732
1355,7733
5582,7734
20321,7735
8952,7736
2070,7737
4879,7738
15121,7739
20079,7740
8956,7741
20311,7742
1335,7743
15654,7744
11092,7745
9059,7746
9148,7747
15921,7748
12209,7749
9298,7750
15531,7751
2163,7752
6173,7753
20594,7754
14651,7755
13605,7756
15924,7757
21414,7758
17601,7759
7441,7760
715,7761
5738,7762
19790,7763
23385,7764
8938,7765
937,7766
938,7767
16889,7768
5211,7769
18757,7770
2021,7771
22860,7772
2742,7773
23731,7774
3433,7775
21168,7776
15586,7777
9382,7778
14455,7779
22328,7780
23332,7781
8778,7782
9398,7783
16201,7784
1653,7785
19129,7786
22643,7787
19649,7788
94,7789
9410,7790
22370,7791
19303,7792
18247,7793
22648,7794
9411,7795
22378,7796
21794,7797
24111,7798
19883,7799
22354,7800
24046,7801
16851,7802
10092,7803
10776,7804
16206,7805
21446,7806
9412,7807
17194,7808
15652,7809
21493,7810
12339,7811
12999,7812
14723,7813
19337,7814
3003,7815
20061,7816
1560,7817
5114,7818
5814,7819
23426,7820
1558,7821
2279,7822
2272,7823
4569,7824
5990,7825
15263,7826
12073,7827
13648,7828
21455,7829
15217,7830
9007,7831
9392,7832
20734,7833
942,7834
14618,7835
4512,7836
14950,7837
4908,7838
9421,7839
20687,7840
20109,7841
5212,7842
9422,7843
22451,7844
13905,7845
18232,7846
9423,7847
4699,7848
20626,7849
17644,7850
15970,7851
1376,7852
15525,7853
2747,7854
22856,7855
2026,7856
13348,7857
21906,7858
14140,7859
15577,7860
6171,7861
6317,7862
19475,7863
2079,7864
14840,7865
15600,7866
3538,7867
4246,7868
20171,7869
9424,7870
10919,7871
13642,7872
15262,7873
16890,7874
12054,7875
19338,7876
15752,7877
5634,7878
21989,7879
20271,7880
19542,7881
17870,7882
18668,7883
21225,7884
22080,7885
11580,7886
5560,7887
3517,7888
3443,7889
15693,7890
4151,7891
14933,7892
13237,7893
9426,7894
18340,7895
19141,7896
22627,7897
23209,7898
22356,7899
22334,7900
18406,7901
5902,7902
14624,7903
7295,7904
10700,7905
11385,7906
8749,7907
9427,7908
12888,7909
12094,7910
16222,7911
18220,7912
12249,7913
21503,7914
20682,7915
23134,7916
18647,7917
3532,7918
9332,7919
11386,7920
6238,7921
9428,7922
15462,7923
15960,7924
20756,7925
1185,7926
22179,7927
9429,7928
18344,7929
10929,7930
18246,7931
10850,7932
23153,7933
22904,7934
4907,7935
943,7936
12239,7937
5219,7938
22833,7939
18816,7940
12392,7941
13185,7942
8484,7943
9430,7944
17523,7945
10267,7946
14694,7947
11424,7948
16903,7949
10040,7950
22986,7951
5168,7952
11472,7953
11649,7954
14953,7955
15504,7956
14743,7957
13307,7958
15558,7959
21713,7960
22059,7961
20158,7962
20861,7963
21704,7964
3011,7965
3327,7966
11108,7967
6556,7968
6583,7969
11377,7970
7147,7971
11371,7972
6538,7973
10305,7974
14924,7975
16283,7976
11185,7977
2156,7978
3254,7979
15923,7980
16676,7981
6862,7982
7240,7983
2981,7984
14771,7985
6859,7986
5029,7987
16919,7988
7782,7989
6068,7990
6420,7991
5734,7992
16673,7993
17583,7994
2473,7995
21525,7996
11556,7997
23249,7998
16751,7999
15993,8000
4530,8001
15326,8002
7104,8003
8052,8004
7369,8005
15452,8006
13644,8007
8124,8008
848,8009
2943,8010
6053,8011
8909,8012
7663,8013
8939,8014
9102,8015
18978,8016
6454,8017
1961,8018
17983,8019
5723,8020
22694,8021
18782,8022
561,8023
9145,8024
9431,8025
8862,8026
2388,8027
1802,8028
3106,8029
9433,8030
24106,8031
10065,8032
10938,8033
1179,8034
20360,8035
4232,8036
4131,8037
2296,8038
4430,8039
4808,8040
5134,8041
9020,8042
17455,8043
9434,8044
8752,8045
3294,8046
5216,8047
9435,8048
14691,8049
14435,8050
13035,8051
11707,8052
12850,8053
5148,8054
12184,8055
3179,8056
5295,8057
10807,8058
21534,8059
23682,8060
4875,8061
13293,8062
2528,8063
10686,8064
5579,8065
9230,8066
9436,8067
20710,8068
9437,8069
16034,8070
1871,8071
2335,8072
15395,8073
10049,8074
14164,8075
10017,8076
13950,8077
16265,8078
22663,8079
9438,8080
13363,8081
9439,8082
20693,8083
17729,8084
19962,8085
16218,8086
11908,8087
23163,8088
1803,8089
18442,8090
22316,8091
21463,8092
15478,8093
17451,8094
23448,8095
17345,8096
15087,8097
23073,8098
14558,8099
1039,8100
24024,8101
23164,8102
15481,8103
10618,8104
3248,8105
3265,8106
13490,8107
22206,8108
20509,8109
12974,8110
10810,8111
21535,8112
23710,8113
17860,8114
21147,8115
1314,8116
13377,8117
3629,8118
3737,8119
3339,8120
11298,8121
4444,8122
4861,8123
12580,8124
21808,8125
5343,8126
18257,8127
19057,8128
14719,8129
5435,8130
5754,8131
6429,8132
19205,8133
10125,8134
10027,8135
4224,8136
7509,8137
18199,8138
7877,8139
8191,8140
3668,8141
8448,8142
17949,8143
21062,8144
18747,8145
21914,8146
18024,8147
22767,8148
22938,8149
1930,8150
881,8151
1209,8152
8560,8153
1099,8154
9250,8155
3241,8156
10613,8157
1503,8158
9323,8159
16158,8160
22272,8161
2295,8162
834,8163
944,8164
15296,8165
3932,8166
17206,8167
9441,8168
21585,8169
12327,8170
3788,8171
9442,8172
23285,8173
9443,8174
22435,8175
15470,8176
931,8177
14626,8178
5196,8179
3520,8180
585,8181
20355,8182
2022,8183
17197,8184
2743,8185
14927,8186
16340,8187
9444,8188
12138,8189
11525,8190
3047,8191
20847,8192
3741,8193
2808,8194
9445,8195
1153,8196
17477,8197
3844,8198
12340,8199
12603,8200
9446,8201
11509,8202
15261,8203
13932,8204
19672,8205
4494,8206
13039,8207
8662,8208
22004,8209
1364,8210
3439,8211
19554,8212
2027,8213
11756,8214
4147,8215
12548,8216
19450,8217
18735,8218
9448,8219
16043,8220
20114,8221
4730,8222
22193,8223
6596,8224
14635,8225
7280,8226
9066,8227
15144,8228
6551,8229
945,8230
20783,8231
1776,8232
5645,8233
9451,8234
6098,8235
5227,8236
9453,8237
20758,8238
17712,8239
3093,8240
9457,8241
19897,8242
5408,8243
1619,8244
7506,8245
23828,8246
946,8247
19050,8248
13792,8249
3168,8250
1389,8251
9460,8252
16963,8253
19038,8254
9461,8255
19099,8256
20944,8257
3288,8258
3097,8259
13827,8260
3803,8261
5917,8262
3731,8263
4439,8264
3724,8265
23330,8266
1795,8267
2518,8268
24097,8269
9462,8270
24089,8271
19917,8272
19083,8273
18282,8274
19066,8275
23507,8276
24194,8277
10144,8278
10828,8279
6792,8280
18238,8281
9142,8282
9464,8283
16030,8284
21779,8285
13588,8286
8171,8287
5176,8288
9465,8289
17538,8290
23490,8291
22202,8292
4010,8293
5850,8294
13845,8295
7271,8296
14742,8297
3621,8298
6573,8299
2312,8300
4200,8301
9468,8302
23291,8303
5412,8304
11428,8305
16895,8306
2371,8307
16416,8308
15597,8309
15673,8310
14047,8311
13373,8312
14837,8313
12576,8314
1932,8315
9471,8316
12113,8317
10242,8318
3768,8319
9475,8320
10024,8321
10257,8322
1214,8323
13321,8324
16989,8325
16235,8326
20051,8327
15950,8328
19262,8329
2982,8330
23429,8331
4396,8332
5443,8333
21982,8334
11676,8335
10523,8336
6041,8337
19835,8338
20633,8339
5843,8340
2306,8341
11275,8342
1192,8343
3244,8344
3654,8345
4781,8346
17414,8347
1122,8348
6064,8349
6188,8350
13593,8351
4673,8352
15156,8353
17416,8354
11153,8355
23383,8356
6673,8357
12921,8358
15468,8359
6606,8360
15388,8361
7223,8362
11273,8363
4072,8364
14080,8365
7291,8366
6289,8367
7428,8368
10591,8369
1235,8370
1951,8371
4071,8372
16661,8373
5008,8374
13069,8375
11156,8376
10473,8377
7549,8378
13287,8379
19489,8380
5696,8381
21725,8382
688,8383
1409,8384
7858,8385
7923,8386
13975,8387
4395,8388
504,8389
6288,8390
6974,8391
21085,8392
810,8393
1092,8394
2530,8395
10651,8396
11336,8397
10589,8398
17603,8399
2976,8400
2253,8401
373,8402
4647,8403
7850,8404
22488,8405
16882,8406
18318,8407
6806,8408
5837,8409
13055,8410
1583,8411
809,8412
11335,8413
8110,8414
8111,8415
6491,8416
11012,8417
2672,8418
15152,8419
20071,8420
516,8421
7082,8422
14656,8423
7761,8424
7084,8425
4295,8426
823,8427
3680,8428
10312,8429
10998,8430
14330,8431
14774,8432
14332,8433
15096,8434
1942,8435
16604,8436
6866,8437
18950,8438
8234,8439
14331,8440
8243,8441
8440,8442
7759,8443
3585,8444
24207,8445
1059,8446
1160,8447
13708,8448
21428,8449
8531,8450
21618,8451
1078,8452
863,8453
1554,8454
13754,8455
16128,8456
19913,8457
12066,8458
1885,8459
22868,8460
17963,8461
3308,8462
4427,8463
23415,8464
3025,8465
2302,8466
2275,8467
14544,8468
335,8469
23222,8470
17517,8471
3525,8472
21027,8473
22016,8474
473,8475
21128,8476
4839,8477
5135,8478
5424,8479
3018,8480
18458,8481
1575,8482
5126,8483
6549,8484
7930,8485
8305,8486
10009,8487
8888,8488
2303,8489
12263,8490
862,8491
19805,8492
7912,8493
5260,8494
359,8495
6636,8496
23198,8497
2614,8498
2820,8499
2099,8500
3026,8501
452,8502
9118,8503
11482,8504
7757,8505
7080,8506
10468,8507
18390,8508
340,8509
10926,8510
15273,8511
22281,8512
4734,8513
5346,8514
19815,8515
14086,8516
8438,8517
9329,8518
9340,8519
1216,8520
16384,8521
2277,8522
16278,8523
12495,8524
17885,8525
704,8526
4671,8527
5725,8528
5021,8529
9476,8530
16328,8531
8676,8532
14619,8533
948,8534
23157,8535
16102,8536
5986,8537
6670,8538
24107,8539
22344,8540
23197,8541
3104,8542
947,8543
21453,8544
12205,8545
7358,8546
16777,8547
9486,8548
23998,8549
7657,8550
9495,8551
3638,8552
5763,8553
7110,8554
16069,8555
95,8556
9508,8557
10522,8558
951,8559
952,8560
15219,8561
15515,8562
17765,8563
9532,8564
18063,8565
23863,8566
22131,8567
2431,8568
3211,8569
24116,8570
10945,8571
18862,8572
8870,8573
20615,8574
9544,8575
23168,8576
16133,8577
24021,8578
1671,8579
11574,8580
21444,8581
9545,8582
5928,8583
2525,8584
3812,8585
3815,8586
16735,8587
9546,8588
19060,8589
9547,8590
19061,8591
9548,8592
24029,8593
9549,8594
15972,8595
9550,8596
13632,8597
15384,8598
4495,8599
23716,8600
1306,8601
14912,8602
17957,8603
22777,8604
15672,8605
11669,8606
23635,8607
23796,8608
4044,8609
22692,8610
4649,8611
10645,8612
5553,8613
22881,8614
5653,8615
12372,8616
22672,8617
587,8618
23739,8619
12444,8620
9551,8621
935,8622
14625,8623
23139,8624
1225,8625
11699,8626
13974,8627
4222,8628
12388,8629
5562,8630
19552,8631
1313,8632
22879,8633
5627,8634
594,8635
23737,8636
17844,8637
14820,8638
15589,8639
16332,8640
21984,8641
3506,8642
6190,8643
12491,8644
20288,8645
14894,8646
10406,8647
9090,8648
9553,8649
7311,8650
11445,8651
2379,8652
12527,8653
17109,8654
11735,8655
16357,8656
18732,8657
17876,8658
18674,8659
20417,8660
16281,8661
17034,8662
2174,8663
7843,8664
9210,8665
2543,8666
9555,8667
1641,8668
15389,8669
5889,8670
725,8671
9556,8672
23148,8673
13828,8674
9557,8675
6605,8676
9558,8677
9352,8678
20849,8679
10722,8680
14419,8681
7515,8682
2897,8683
6749,8684
4330,8685
8629,8686
19525,8687
9167,8688
19797,8689
10889,8690
12206,8691
19274,8692
3258,8693
6404,8694
6674,8695
17529,8696
22640,8697
7764,8698
8444,8699
7763,8700
14783,8701
16579,8702
19402,8703
21003,8704
2123,8705
21403,8706
22231,8707
8445,8708
15543,8709
13519,8710
21855,8711
15069,8712
22259,8713
2691,8714
16585,8715
535,8716
7033,8717
8446,8718
1254,8719
13196,8720
19772,8721
23096,8722
4091,8723
16589,8724
4265,8725
8578,8726
376,8727
771,8728
2246,8729
1238,8730
22919,8731
23553,8732
770,8733
14581,8734
7357,8735
18539,8736
16471,8737
20963,8738
21815,8739
4443,8740
13815,8741
139,8742
33,8743
6530,8744
8040,8745
19121,8746
18320,8747
17964,8748
7620,8749
3713,8750
15402,8751
21708,8752
16704,8753
3019,8754
3684,8755
1808,8756
10647,8757
22051,8758
5100,8759
4394,8760
5829,8761
7222,8762
10655,8763
8582,8764
9283,8765
9559,8766
4476,8767
956,8768
9562,8769
8646,8770
9564,8771
23130,8772
16147,8773
20611,8774
5616,8775
9566,8776
3742,8777
9567,8778
4449,8779
9569,8780
3739,8781
13051,8782
7958,8783
6493,8784
957,8785
5866,8786
3752,8787
7269,8788
23391,8789
20828,8790
663,8791
9570,8792
1579,8793
23417,8794
3022,8795
20602,8796
1553,8797
15361,8798
23392,8799
12884,8800
13664,8801
1887,8802
22357,8803
3424,8804
22922,8805
10331,8806
9575,8807
23865,8808
9577,8809
13408,8810
9578,8811
5836,8812
11469,8813
3720,8814
9579,8815
19005,8816
22556,8817
5835,8818
5133,8819
9580,8820
19804,8821
21707,8822
20603,8823
3716,8824
2274,8825
13017,8826
20832,8827
9581,8828
21317,8829
9582,8830
14199,8831
9583,8832
22128,8833
9584,8834
13404,8835
9585,8836
9586,8837
17413,8838
3966,8839
12010,8840
12802,8841
11152,8842
9587,8843
14115,8844
22784,8845
5076,8846
7426,8847
9589,8848
7803,8849
8121,8850
5041,8851
3622,8852
7113,8853
12181,8854
12275,8855
12014,8856
12806,8857
11611,8858
16634,8859
19403,8860
17333,8861
20541,8862
22705,8863
11935,8864
4597,8865
5376,8866
12807,8867
12015,8868
12405,8869
15128,8870
20200,8871
20548,8872
23563,8873
21378,8874
23954,8875
2692,8876
15078,8877
5955,8878
9519,8879
16664,8880
9124,8881
12403,8882
15072,8883
17805,8884
16572,8885
20570,8886
23565,8887
17326,8888
959,8889
15224,8890
19216,8891
10099,8892
22921,8893
9592,8894
1497,8895
8109,8896
777,8897
96,8898
9609,8899
4376,8900
20869,8901
2232,8902
2954,8903
5069,8904
13767,8905
3184,8906
961,8907
19180,8908
8776,8909
9458,8910
8866,8911
5228,8912
9612,8913
7195,8914
3949,8915
19798,8916
4374,8917
9613,8918
20408,8919
4799,8920
1252,8921
11987,8922
20080,8923
11138,8924
9615,8925
9625,8926
8466,8927
14650,8928
4322,8929
5033,8930
9628,8931
11960,8932
963,8933
21635,8934
1053,8935
334,8936
1692,8937
10750,8938
5237,8939
15984,8940
22307,8941
19048,8942
24205,8943
22541,8944
2822,8945
9639,8946
6760,8947
7090,8948
16870,8949
189,8950
22258,8951
18152,8952
15852,8953
19757,8954
2118,8955
75,8956
7704,8957
7024,8958
18110,8959
1712,8960
22529,8961
3131,8962
20656,8963
10164,8964
10848,8965
23173,8966
10707,8967
2391,8968
22322,8969
4576,8970
8625,8971
964,8972
16835,8973
9432,8974
8750,8975
10915,8976
18260,8977
6723,8978
19054,8979
23169,8980
15501,8981
19037,8982
14754,8983
17009,8984
23502,8985
23520,8986
4767,8987
8199,8988
8906,8989
8908,8990
9642,8991
17907,8992
5584,8993
18717,8994
11093,8995
11973,8996
17684,8997
15837,8998
16617,8999
11025,9000
1837,9001
19750,9002
20551,9003
2117,9004
1259,9005
21186,9006
22039,9007
2716,9008
4962,9009
9659,9010
13481,9011
7455,9012
9664,9013
7585,9014
15791,9015
16949,9016
10206,9017
17276,9018
15018,9019
19496,9020
1281,9021
1282,9022
17822,9023
17824,9024
18623,9025
19426,9026
22031,9027
23051,9028
19707,9029
19421,9030
14940,9031
21330,9032
16821,9033
21875,9034
3412,9035
21300,9036
3272,9037
19677,9038
20476,9039
22154,9040
17615,9041
3156,9042
20709,9043
20673,9044
3907,9045
4120,9046
11855,9047
5392,9048
23015,9049
23875,9050
23014,9051
5529,9052
18074,9053
3979,9054
5530,9055
9679,9056
23022,9057
968,9058
3818,9059
544,9060
13467,9061
969,9062
23188,9063
17605,9064
1002,9065
4146,9066
20353,9067
3438,9068
5555,9069
8374,9070
9074,9071
20243,9072
10366,9073
17096,9074
17938,9075
5621,9076
9406,9077
22388,9078
15233,9079
15992,9080
3105,9081
2384,9082
23156,9083
18414,9084
6675,9085
21212,9086
9691,9087
11173,9088
9695,9089
6321,9090
11064,9091
17188,9092
1290,9093
15679,9094
11068,9095
21164,9096
571,9097
22017,9098
10382,9099
14914,9100
9696,9101
17967,9102
7615,9103
19565,9104
9697,9105
14123,9106
11070,9107
20362,9108
10384,9109
1292,9110
15676,9111
19564,9112
573,9113
11737,9114
970,9115
19458,9116
20661,9117
23334,9118
4631,9119
5635,9120
20255,9121
14932,9122
21056,9123
15692,9124
12446,9125
13238,9126
13239,9127
1361,9128
2076,9129
6706,9130
19111,9131
15228,9132
15987,9133
23176,9134
22326,9135
1662,9136
16054,9137
4638,9138
19578,9139
9703,9140
10694,9141
12266,9142
13851,9143
7929,9144
11379,9145
10671,9146
3693,9147
18624,9148
17978,9149
1999,9150
20221,9151
14143,9152
22030,9153
22726,9154
17208,9155
23585,9156
11763,9157
2973,9158
3413,9159
16456,9160
4829,9161
23741,9162
805,9163
18465,9164
5800,9165
13352,9166
18628,9167
8613,9168
9303,9169
11356,9170
2974,9171
22733,9172
18052,9173
9704,9174
23782,9175
8250,9176
9705,9177
23704,9178
971,9179
1175,9180
1689,9181
20662,9182
24213,9183
2609,9184
4400,9185
9449,9186
10135,9187
19113,9188
18277,9189
20669,9190
3115,9191
958,9192
16741,9193
19984,9194
2499,9195
3529,9196
562,9197
5531,9198
12554,9199
972,9200
20899,9201
15222,9202
973,9203
15492,9204
19918,9205
19080,9206
16752,9207
23181,9208
17575,9209
17635,9210
18434,9211
20926,9212
5214,9213
10852,9214
3485,9215
8465,9216
8677,9217
7270,9218
12164,9219
1054,9220
1769,9221
2492,9222
19119,9223
4192,9224
6284,9225
14876,9226
13852,9227
10001,9228
4876,9229
9738,9230
22298,9231
8637,9232
3851,9233
1792,9234
9459,9235
8777,9236
20713,9237
9056,9238
8337,9239
17914,9240
17662,9241
5822,9242
612,9243
9229,9244
1105,9245
975,9246
13928,9247
11898,9248
19875,9249
6766,9250
23924,9251
9754,9252
8298,9253
20363,9254
572,9255
14917,9256
1291,9257
15677,9258
2009,9259
16434,9260
2731,9261
4938,9262
6250,9263
5641,9264
6935,9265
6320,9266
7619,9267
7006,9268
8303,9269
17961,9270
576,9271
22014,9272
10389,9273
11075,9274
6581,9275
7265,9276
20850,9277
7949,9278
8632,9279
23989,9280
18425,9281
18427,9282
21492,9283
976,9284
24105,9285
19886,9286
4518,9287
16739,9288
17492,9289
18210,9290
10275,9291
1194,9292
1195,9293
13249,9294
15663,9295
17011,9296
17018,9297
17172,9298
1908,9299
13318,9300
21199,9301
22933,9302
11052,9303
12375,9304
12377,9305
12454,9306
12455,9307
14038,9308
14952,9309
15520,9310
14759,9311
17776,9312
11733,9313
18569,9314
18727,9315
19376,9316
16419,9317
20175,9318
12524,9319
20281,9320
19599,9321
20966,9322
20975,9323
21125,9324
21826,9325
21827,9326
22671,9327
14755,9328
22680,9329
21124,9330
23527,9331
23537,9332
21978,9333
23648,9334
17997,9335
23686,9336
23766,9337
23768,9338
2630,9339
14112,9340
11679,9341
21203,9342
3028,9343
13978,9344
17035,9345
17769,9346
18568,9347
2266,9348
18584,9349
22668,9350
23525,9351
4036,9352
3500,9353
4126,9354
18001,9355
4207,9356
4240,9357
4306,9358
4745,9359
4917,9360
5018,9361
5019,9362
5620,9363
6147,9364
23688,9365
6237,9366
18800,9367
11618,9368
6239,9369
11776,9370
638,9371
6923,9372
22910,9373
19414,9374
6924,9375
12568,9376
20212,9377
19415,9378
18938,9379
21871,9380
23454,9381
15829,9382
13518,9383
23076,9384
18416,9385
23582,9386
15826,9387
17694,9388
4968,9389
13885,9390
5671,9391
3553,9392
18119,9393
20014,9394
1728,9395
21570,9396
20203,9397
7030,9398
7098,9399
7680,9400
14058,9401
13367,9402
7775,9403
8172,9404
5161,9405
8200,9406
17929,9407
8225,9408
11732,9409
19483,9410
20398,9411
21017,9412
13210,9413
14004,9414
19740,9415
11506,9416
18934,9417
18133,9418
18117,9419
2120,9420
13092,9421
21869,9422
20545,9423
17693,9424
2842,9425
677,9426
18918,9427
23368,9428
317,9429
19145,9430
17804,9431
4262,9432
8287,9433
4945,9434
16300,9435
8288,9436
14159,9437
16301,9438
14791,9439
17810,9440
14315,9441
17690,9442
18612,9443
12728,9444
12297,9445
21386,9446
22241,9447
22216,9448
22524,9449
2450,9450
24157,9451
13916,9452
20998,9453
13525,9454
3751,9455
6349,9456
18490,9457
8361,9458
8364,9459
8731,9460
21576,9461
6797,9462
3748,9463
11461,9464
3055,9465
11585,9466
16472,9467
10960,9468
13965,9469
17763,9470
22662,9471
2626,9472
2655,9473
14767,9474
12525,9475
20959,9476
16420,9477
23647,9478
22057,9479
17056,9480
16303,9481
17813,9482
22235,9483
22597,9484
21380,9485
23958,9486
21360,9487
3556,9488
19291,9489
2845,9490
5267,9491
10096,9492
5503,9493
21376,9494
18493,9495
16576,9496
17327,9497
6310,9498
6829,9499
6144,9500
6996,9501
7678,9502
7630,9503
2103,9504
8313,9505
2825,9506
13999,9507
11619,9508
15550,9509
17054,9510
17336,9511
17340,9512
18488,9513
18489,9514
11943,9515
12734,9516
23939,9517
20816,9518
1008,9519
8833,9520
5722,9521
3597,9522
8879,9523
10734,9524
13048,9525
7966,9526
13172,9527
13319,9528
14741,9529
15503,9530
19358,9531
4056,9532
3350,9533
6141,9534
6920,9535
11777,9536
8619,9537
10956,9538
13246,9539
12569,9540
16267,9541
20166,9542
23523,9543
22666,9544
2728,9545
5468,9546
6568,9547
11662,9548
12456,9549
19598,9550
6832,9551
22830,9552
9001,9553
21201,9554
11623,9555
16307,9556
1398,9557
9028,9558
11778,9559
9081,9560
17691,9561
8391,9562
7710,9563
23077,9564
9619,9565
1424,9566
9515,9567
702,9568
2874,9569
11154,9570
10471,9571
2140,9572
14580,9573
8041,9574
19133,9575
506,9576
11059,9577
20409,9578
9684,9579
18798,9580
18611,9581
12418,9582
16304,9583
16575,9584
19747,9585
20892,9586
22237,9587
12730,9588
21358,9589
23456,9590
23580,9591
23956,9592
20091,9593
23094,9594
22233,9595
22213,9596
13773,9597
9687,9598
18796,9599
14002,9600
11626,9601
14793,9602
15555,9603
15822,9604
16192,9605
15065,9606
23092,9607
12298,9608
11934,9609
12725,9610
12717,9611
24232,9612
5297,9613
14495,9614
442,9615
3747,9616
7029,9617
15438,9618
6345,9619
5670,9620
11926,9621
21652,9622
4595,9623
12907,9624
18603,9625
9561,9626
3054,9627
22547,9628
9688,9629
22053,9630
14795,9631
14006,9632
20534,9633
20895,9634
14300,9635
11929,9636
17319,9637
22485,9638
5317,9639
21564,9640
2603,9641
4451,9642
13049,9643
7962,9644
13372,9645
11586,9646
12366,9647
14753,9648
15514,9649
11731,9650
17777,9651
20184,9652
17171,9653
11680,9654
21977,9655
21935,9656
22056,9657
22829,9658
23765,9659
22723,9660
6830,9661
7518,9662
23687,9663
22789,9664
19600,9665
14001,9666
17058,9667
11933,9668
8256,9669
18928,9670
9710,9671
23769,9672
15549,9673
16302,9674
15835,9675
17812,9676
16582,9677
20890,9678
13523,9679
14313,9680
21743,9681
18941,9682
18140,9683
22721,9684
14307,9685
19293,9686
23074,9687
23369,9688
3180,9689
9762,9690
9082,9691
1262,9692
12704,9693
16460,9694
3397,9695
17212,9696
6229,9697
9768,9698
13548,9699
16600,9700
20805,9701
3884,9702
16975,9703
23294,9704
7507,9705
18952,9706
7980,9707
9769,9708
15851,9709
22526,9710
281,9711
12925,9712
21772,9713
19025,9714
12245,9715
17471,9716
20313,9717
2620,9718
6582,9719
1565,9720
13167,9721
11250,9722
17773,9723
22670,9724
2544,9725
3641,9726
3643,9727
5365,9728
5064,9729
1477,9730
18993,9731
13795,9732
8812,9733
977,9734
15239,9735
19336,9736
17384,9737
9770,9738
12290,9739
12741,9740
13552,9741
20554,9742
13882,9743
19753,9744
18947,9745
14286,9746
21738,9747
11950,9748
17344,9749
13496,9750
22219,9751
2701,9752
23747,9753
4095,9754
22889,9755
1997,9756
1280,9757
540,9758
11770,9759
7594,9760
22892,9761
7720,9762
23942,9763
2695,9764
23746,9765
8992,9766
12562,9767
4115,9768
4823,9769
23872,9770
1136,9771
23012,9772
17837,9773
18636,9774
20440,9775
10226,9776
15732,9777
21039,9778
11812,9779
1860,9780
13398,9781
15733,9782
22963,9783
9541,9784
21252,9785
20442,9786
22952,9787
9668,9788
23750,9789
21872,9790
4116,9791
22163,9792
8141,9793
21308,9794
21030,9795
22735,9796
23593,9797
19664,9798
23856,9799
1143,9800
22137,9801
21282,9802
13424,9803
6774,9804
21285,9805
22140,9806
9670,9807
22888,9808
16319,9809
17072,9810
12649,9811
7461,9812
16519,9813
15567,9814
17826,9815
18065,9816
20230,9817
19671,9818
1851,9819
7017,9820
3982,9821
17259,9822
9531,9823
19669,9824
22146,9825
9772,9826
19283,9827
11949,9828
12296,9829
12740,9830
13531,9831
12705,9832
16619,9833
11024,9834
12563,9835
2840,9836
1976,9837
11771,9838
20218,9839
9778,9840
17682,9841
9098,9842
8409,9843
7047,9844
12145,9845
10844,9846
8245,9847
23668,9848
978,9849
23201,9850
12865,9851
23186,9852
14584,9853
10775,9854
10091,9855
11532,9856
22300,9857
10167,9858
7658,9859
21447,9860
4442,9861
12210,9862
1723,9863
9408,9864
8726,9865
22392,9866
8341,9867
611,9868
6975,9869
18460,9870
10687,9871
7654,9872
7177,9873
5363,9874
7857,9875
2671,9876
6873,9877
10478,9878
5375,9879
12013,9880
14383,9881
6874,9882
14381,9883
21721,9884
12803,9885
7085,9886
20069,9887
10479,9888
11162,9889
9115,9890
22523,9891
9787,9892
5690,9893
12968,9894
2485,9895
12933,9896
12317,9897
11413,9898
12257,9899
1605,9900
12347,9901
4929,9902
9792,9903
12151,9904
4637,9905
24137,9906
2602,9907
3069,9908
18447,9909
468,9910
12798,9911
5175,9912
18712,9913
9794,9914
15324,9915
7370,9916
15276,9917
12334,9918
2593,9919
8443,9920
926,9921
11455,9922
2363,9923
4898,9924
9795,9925
21667,9926
9796,9927
9116,9928
3586,9929
12975,9930
6688,9931
9797,9932
98,9933
980,9934
19086,9935
19882,9936
21482,9937
17602,9938
8727,9939
9409,9940
7481,9941
24009,9942
9483,9943
13294,9944
13645,9945
3734,9946
12208,9947
10778,9948
288,9949
1007,9950
1696,9951
12499,9952
4167,9953
5601,9954
23422,9955
2289,9956
4168,9957
9800,9958
13861,9959
9801,9960
10203,9961
9802,9962
9122,9963
9809,9964
1368,9965
21065,9966
648,9967
2035,9968
16476,9969
2756,9970
21228,9971
16261,9972
9819,9973
20025,9974
6660,9975
11598,9976
14083,9977
3012,9978
1171,9979
16886,9980
20862,9981
3343,9982
11703,9983
18683,9984
2875,9985
5931,9986
5230,9987
11600,9988
10551,9989
10185,9990
15529,9991
16282,9992
11219,9993
3770,9994
4477,9995
19003,9996
14642,9997
5046,9998
5368,9999
6126,10000
21698,10001
6463,10002
6543,10003
22568,10004
3020,10005
1536,10006
15518,10007
635,10008
730,10009
2901,10010
13564,10011
18472,10012
13596,10013
14386,10014
18597,10015
13527,10016
19273,10017
20195,10018
13530,10019
20997,10020
20550,10021
23556,10022
13528,10023
3965,10024
10482,10025
4280,10026
13998,10027
12737,10028
20888,10029
11946,10030
23965,10031
23078,10032
22528,10033
7087,10034
17050,10035
17801,10036
18967,10037
14000,10038
18944,10039
20196,10040
22236,10041
22701,10042
18143,10043
14674,10044
12735,10045
11944,10046
7546,10047
7656,10048
2051,10049
2864,10050
7711,10051
7766,10052
8393,10053
8447,10054
20199,10055
20995,10056
16590,10057
21849,10058
17337,10059
2855,10060
21014,10061
4972,10062
4973,10063
20087,10064
4267,10065
3558,10066
23940,10067
23388,10068
8507,10069
8627,10070
7274,10071
6570,10072
8823,10073
16687,10074
7136,10075
17376,10076
16172,10077
16173,10078
16665,10079
17415,10080
15155,10081
12404,10082
16578,10083
17417,10084
13195,10085
13992,10086
15884,10087
17675,10088
18129,10089
18138,10090
18965,10091
21004,10092
11932,10093
21870,10094
20544,10095
20894,10096
21377,10097
22232,10098
12714,10099
16061,10100
2510,10101
14483,10102
11610,10103
15267,10104
19743,10105
19881,10106
16001,10107
19862,10108
3852,10109
4715,10110
3769,10111
20843,10112
5182,10113
20170,10114
23801,10115
16272,10116
2628,10117
4914,10118
5460,10119
17032,10120
4206,10121
4758,10122
3499,10123
5617,10124
6261,10125
22055,10126
6947,10127
13366,10128
21018,10129
14003,10130
22228,10131
6078,10132
19739,10133
20540,10134
16568,10135
12155,10136
10139,10137
13692,10138
10241,10139
16024,10140
1630,10141
20677,10142
19879,10143
23566,10144
21373,10145
2397,10146
20775,10147
358,10148
1077,10149
10918,10150
22318,10151
7572,10152
17324,10153
21746,10154
16573,10155
18930,10156
15818,10157
12950,10158
17641,10159
24128,10160
10931,10161
13199,10162
21557,10163
7679,10164
8001,10165
8078,10166
7395,10167
6099,10168
4521,10169
4640,10170
5926,10171
4520,10172
13157,10173
21443,10174
868,10175
8685,10176
1679,10177
18379,10178
1791,10179
2514,10180
7475,10181
4522,10182
3226,10183
4519,10184
3108,10185
17768,10186
19834,10187
22667,10188
6142,10189
911,10190
22546,10191
18216,10192
10014,10193
11583,10194
11660,10195
17095,10196
22909,10197
23767,10198
3330,10199
5618,10200
3451,10201
19601,10202
7603,10203
21202,10204
21016,10205
11625,10206
12723,10207
16943,10208
23089,10209
23951,10210
11923,10211
16814,10212
353,10213
7936,10214
8362,10215
4158,10216
20400,10217
18610,10218
21868,10219
22722,10220
17329,10221
21745,10222
18136,10223
18937,10224
14295,10225
23960,10226
20090,10227
17330,10228
11938,10229
9078,10230
8011,10231
9282,10232
1093,10233
11350,10234
5080,10235
13983,10236
1353,10237
7547,10238
2068,10239
619,10240
17406,10241
9213,10242
9290,10243
20867,10244
2217,10245
2288,10246
20987,10247
4897,10248
6054,10249
8585,10250
6863,10251
5600,10252
23649,10253
15149,10254
16174,10255
15907,10256
19786,10257
8432,10258
9686,10259
11054,10260
22054,10261
9003,10262
22907,10263
13211,10264
14797,10265
21019,10266
20537,10267
13093,10268
19736,10269
21368,10270
15439,10271
22223,10272
22225,10273
23084,10274
8387,10275
8692,10276
3923,10277
14481,10278
12098,10279
13665,10280
12867,10281
21858,10282
14302,10283
23179,10284
24195,10285
5337,10286
4635,10287
6100,10288
3816,10289
1088,10290
1667,10291
21466,10292
19036,10293
20961,10294
9776,10295
18473,10296
20870,10297
14385,10298
13595,10299
20197,10300
15081,10301
2133,10302
17053,10303
17339,10304
20211,10305
13521,10306
13090,10307
15832,10308
15075,10309
20526,10310
23450,10311
16588,10312
23559,10313
22240,10314
24239,10315
305,10316
23250,10317
21000,10318
21382,10319
24112,10320
23207,10321
12871,10322
4090,10323
4674,10324
4712,10325
18218,10326
5934,10327
16083,10328
6403,10329
7086,10330
13989,10331
14308,10332
15885,10333
11624,10334
12416,10335
15833,10336
18935,10337
21850,10338
22704,10339
15076,10340
20089,10341
16583,10342
23102,10343
5379,10344
23093,10345
23955,10346
11927,10347
16837,10348
1742,10349
16025,10350
16782,10351
17510,10352
16757,10353
22707,10354
18134,10355
3299,10356
1638,10357
14630,10358
4531,10359
20801,10360
10119,10361
10803,10362
5885,10363
14757,10364
20429,10365
22674,10366
2629,10367
6313,10368
6999,10369
18677,10370
17219,10371
7474,10372
18261,10373
7535,10374
13182,10375
1358,10376
7681,10377
17879,10378
23770,10379
13205,10380
15548,10381
18609,10382
23964,10383
23451,10384
17335,10385
16584,10386
13508,10387
15330,10388
7713,10389
7765,10390
12016,10391
11609,10392
20572,10393
12413,10394
12417,10395
14316,10396
19412,10397
11942,10398
21379,10399
22702,10400
12733,10401
22594,10402
14314,10403
13524,10404
21359,10405
13780,10406
23561,10407
18141,10408
23957,10409
21744,10410
22234,10411
3384,10412
20553,10413
22593,10414
13526,10415
7364,10416
8050,10417
2471,10418
10230,10419
1673,10420
8095,10421
20647,10422
8217,10423
4915,10424
13265,10425
12570,10426
20209,10427
11622,10428
14790,10429
18942,10430
21385,10431
21741,10432
23963,10433
23101,10434
23075,10435
3261,10436
19748,10437
20549,10438
18919,10439
12986,10440
10113,10441
4092,10442
11936,10443
20893,10444
12727,10445
23095,10446
8394,10447
22592,10448
6352,10449
7036,10450
20527,10451
24240,10452
10112,10453
8744,10454
955,10455
10957,10456
11663,10457
11056,10458
15977,10459
17020,10460
17766,10461
18556,10462
1904,10463
2006,10464
22665,10465
10372,10466
4766,10467
7607,10468
8291,10469
3954,10470
4354,10471
9689,10472
6741,10473
10574,10474
1955,10475
13368,10476
9805,10477
9125,10478
16635,10479
15553,10480
13513,10481
17811,10482
20214,10483
15070,10484
21853,10485
12729,10486
22238,10487
22703,10488
22708,10489
14303,10490
22599,10491
12722,10492
11931,10493
23099,10494
21742,10495
21383,10496
23564,10497
15827,10498
20092,10499
17328,10500
23579,10501
7026,10502
9761,10503
9759,10504
7328,10505
982,10506
1701,10507
12059,10508
19860,10509
3056,10510
894,10511
5847,10512
11436,10513
14608,10514
12537,10515
3309,10516
10668,10517
13853,10518
7614,10519
23730,10520
12459,10521
22019,10522
4128,10523
22872,10524
10380,10525
17187,10526
825,10527
9571,10528
3024,10529
20855,10530
1581,10531
5132,10532
9822,10533
10497,10534
2869,10535
14525,10536
7408,10537
19384,10538
9823,10539
10884,10540
2881,10541
9825,10542
9144,10543
1421,10544
2428,10545
8780,10546
19106,10547
13144,10548
20716,10549
5940,10550
6630,10551
960,10552
18378,10553
360,10554
1079,10555
7482,10556
20634,10557
10853,10558
6290,10559
19836,10560
7954,10561
24192,10562
10830,10563
362,10564
1081,10565
19116,10566
6976,10567
1331,10568
19517,10569
20059,10570
2287,10571
2769,10572
7175,10573
5364,10574
5072,10575
3366,10576
12006,10577
16928,10578
16658,10579
517,10580
18981,10581
12277,10582
13586,10583
14376,10584
10467,10585
8960,10586
15909,10587
15419,10588
17412,10589
18181,10590
11150,10591
16809,10592
3221,10593
15272,10594
1188,10595
16660,10596
9826,10597
8831,10598
10501,10599
11184,10600
18984,10601
16832,10602
1750,10603
9827,10604
10882,10605
8464,10606
6421,10607
20590,10608
6650,10609
10093,10610
12881,10611
17703,10612
19047,10613
9481,10614
24014,10615
21451,10616
10030,10617
9346,10618
7935,10619
24249,10620
1726,10621
2449,10622
14475,10623
8871,10624
10650,10625
9828,10626
9829,10627
10881,10628
2887,10629
716,10630
15164,10631
12185,10632
3178,10633
21531,10634
20951,10635
2164,10636
5248,10637
13661,10638
12863,10639
21480,10640
16834,10641
10804,10642
10120,10643
15469,10644
7309,10645
11447,10646
4899,10647
8679,10648
5849,10649
12186,10650
8051,10651
6002,10652
1748,10653
19120,10654
5602,10655
2048,10656
4191,10657
22563,10658
15193,10659
2677,10660
20406,10661
3461,10662
4363,10663
3953,10664
5073,10665
3365,10666
515,10667
5485,10668
22063,10669
16295,10670
15542,10671
18150,10672
23445,10673
12750,10674
11026,10675
11027,10676
15797,10677
18907,10678
7454,10679
20512,10680
19711,10681
19708,10682
22507,10683
7559,10684
7760,10685
11481,10686
3587,10687
13589,10688
7762,10689
3259,10690
15153,10691
8263,10692
13485,10693
16194,10694
11903,10695
12694,10696
11896,10697
23367,10698
318,10699
4720,10700
11422,10701
9114,10702
14561,10703
9521,10704
23926,10705
21347,10706
12687,10707
24231,10708
5298,10709
14493,10710
14713,10711
17733,10712
900,10713
20045,10714
1620,10715
19618,10716
5448,10717
17934,10718
19479,10719
23691,10720
20277,10721
21981,10722
14844,10723
11252,10724
15604,10725
10569,10726
10862,10727
1472,10728
7552,10729
7946,10730
10296,10731
11303,10732
13313,10733
3335,10734
16700,10735
1096,10736
380,10737
6512,10738
7197,10739
5772,10740
8460,10741
14777,10742
13568,10743
12286,10744
21398,10745
22253,10746
15115,10747
7569,10748
19766,10749
14667,10750
18159,10751
18960,10752
16622,10753
8927,10754
18999,10755
7423,10756
5085,10757
5787,10758
3648,10759
12177,10760
1757,10761
9646,10762
18006,10763
13193,10764
13986,10765
15854,10766
11501,10767
17355,10768
4096,10769
22205,10770
537,10771
4255,10772
6764,10773
23928,10774
7579,10775
17299,10776
16947,10777
8839,10778
20514,10779
18107,10780
23922,10781
20000,10782
9804,10783
17674,10784
14382,10785
12012,10786
983,10787
6864,10788
570,10789
23757,10790
9830,10791
3151,10792
2517,10793
19094,10794
17705,10795
21799,10796
7993,10797
10168,10798
19041,10799
23149,10800
19808,10801
19009,10802
5139,10803
20773,10804
8781,10805
10831,10806
974,10807
24057,10808
21471,10809
11545,10810
11546,10811
11366,10812
18534,10813
20864,10814
2280,10815
18463,10816
7919,10817
3939,10818
839,10819
5815,10820
5809,10821
15357,10822
5275,10823
18301,10824
14724,10825
19874,10826
9315,10827
9831,10828
5966,10829
1066,10830
21579,10831
17724,10832
9374,10833
9834,10834
12971,10835
1043,10836
18341,10837
1883,10838
18212,10839
23407,10840
15959,10841
2221,10842
9835,10843
23370,10844
1034,10845
18311,10846
16245,10847
19302,10848
21449,10849
13826,10850
23151,10851
19044,10852
2316,10853
3039,10854
11383,10855
22509,10856
2474,10857
316,10858
7165,10859
1820,10860
5063,10861
7768,10862
5605,10863
13892,10864
16631,10865
20675,10866
16993,10867
21781,10868
23493,10869
24230,10870
3005,10871
21715,10872
3698,10873
21716,10874
5111,10875
1557,10876
5113,10877
4646,10878
3699,10879
5299,10880
3847,10881
24063,10882
24018,10883
18251,10884
11553,10885
11139,10886
17489,10887
22696,10888
8597,10889
9099,10890
13874,10891
15118,10892
9304,10893
5972,10894
4575,10895
9779,10896
15872,10897
12976,10898
1038,10899
13137,10900
23778,10901
319,10902
2415,10903
3137,10904
13108,10905
14816,10906
2310,10907
11467,10908
16157,10909
10023,10910
18454,10911
3727,10912
4435,10913
4937,10914
5151,10915
19251,10916
21699,10917
22549,10918
2327,10919
3050,10920
12355,10921
13943,10922
13948,10923
15500,10924
1502,10925
17392,10926
22657,10927
11314,10928
22659,10929
4740,10930
10602,10931
5095,10932
5441,10933
4377,10934
5540,10935
5798,10936
6205,10937
19591,10938
6219,10939
6523,10940
6562,10941
20857,10942
22559,10943
5801,10944
1576,10945
3686,10946
6594,10947
6904,10948
18098,10949
7256,10950
10293,10951
10973,10952
10629,10953
16162,10954
1514,10955
1913,10956
3669,10957
3237,10958
477,10959
5788,10960
5086,10961
5797,10962
20066,10963
3679,10964
10637,10965
6848,10966
7278,10967
11564,10968
13149,10969
13150,10970
13942,10971
14736,10972
1522,10973
15497,10974
13626,10975
16253,10976
20955,10977
2243,10978
23514,10979
23516,10980
2961,10981
4285,10982
4434,10983
10966,10984
10979,10985
10982,10986
1198,10987
1200,10988
14415,10989
2966,10990
2532,10991
4041,10992
5358,10993
6508,10994
7527,10995
7207,10996
10856,10997
7531,10998
7533,10999
782,11000
1102,11001
783,11002
4658,11003
16696,11004
7193,11005
7887,11006
789,11007
3946,11008
2955,11009
2233,11010
11266,11011
19997,11012
6007,11013
19153,11014
12331,11015
23518,11016
4485,11017
794,11018
10584,11019
20797,11020
321,11021
24164,11022
23480,11023
11431,11024
10854,11025
24000,11026
1356,11027
14836,11028
1373,11029
14046,11030
17228,11031
2750,11032
23797,11033
20957,11034
7944,11035
4404,11036
16279,11037
10520,11038
4760,11039
11203,11040
11476,11041
7955,11042
14603,11043
160,11044
52,11045
799,11046
1519,11047
1486,11048
8213,11049
8215,11050
8219,11051
15930,11052
835,11053
13977,11054
15173,11055
10879,11056
17434,11057
16683,11058
8535,11059
23363,11060
1041,11061
20744,11062
13126,11063
1637,11064
7513,11065
8556,11066
5360,11067
7873,11068
8570,11069
8584,11070
807,11071
8626,11072
7943,11073
2999,11074
15527,11075
14400,11076
3346,11077
13611,11078
6065,11079
15174,11080
15931,11081
10509,11082
8923,11083
2238,11084
6733,11085
4383,11086
3675,11087
8929,11088
10619,11089
4656,11090
9222,11091
22503,11092
10127,11093
23302,11094
22623,11095
5901,11096
16140,11097
5200,11098
6308,11099
591,11100
19553,11101
22759,11102
12579,11103
23617,11104
22937,11105
6165,11106
9244,11107
9254,11108
9264,11109
9270,11110
9271,11111
9276,11112
9326,11113
7246,11114
5350,11115
11331,11116
22043,11117
7901,11118
7221,11119
2250,11120
9358,11121
10042,11122
11389,11123
10287,11124
1206,11125
12356,11126
12357,11127
13946,11128
14739,11129
1510,11130
15498,11131
16248,11132
17753,11133
1926,11134
21803,11135
3676,11136
4029,11137
4365,11138
4370,11139
4384,11140
16916,11141
4741,11142
3656,11143
10176,11144
2220,11145
2942,11146
4752,11147
479,11148
5093,11149
6163,11150
6517,11151
6527,11152
6845,11153
6846,11154
3662,11155
1817,11156
7171,11157
7184,11158
7211,11159
15407,11160
7212,11161
7864,11162
6052,11163
6499,11164
11287,11165
5773,11166
7878,11167
7891,11168
8209,11169
15949,11170
10172,11171
16701,11172
17452,11173
8557,11174
8561,11175
3948,11176
7198,11177
6513,11178
10583,11179
16078,11180
8565,11181
5356,11182
20598,11183
19799,11184
8574,11185
7851,11186
24227,11187
9251,11188
18469,11189
9836,11190
21662,11191
10791,11192
14522,11193
23464,11194
16730,11195
6727,11196
17483,11197
660,11198
4136,11199
1380,11200
6940,11201
7624,11202
7690,11203
8373,11204
15583,11205
9837,11206
23379,11207
10790,11208
22364,11209
23463,11210
6621,11211
16135,11212
8675,11213
4935,11214
4140,11215
5638,11216
2741,11217
11752,11218
3432,11219
23733,11220
14035,11221
984,11222
1703,11223
16746,11224
3819,11225
1616,11226
2336,11227
11406,11228
9388,11229
16878,11230
23729,11231
460,11232
1544,11233
16159,11234
2990,11235
2267,11236
6122,11237
11382,11238
13056,11239
15197,11240
15954,11241
8299,11242
11744,11243
6246,11244
12536,11245
6931,11246
13334,11247
4837,11248
11741,11249
9016,11250
16435,11251
10383,11252
14918,11253
9288,11254
9306,11255
6655,11256
19235,11257
22384,11258
16753,11259
24049,11260
3444,11261
4726,11262
4930,11263
19461,11264
17203,11265
20258,11266
16451,11267
17845,11268
14829,11269
14831,11270
22834,11271
641,11272
9386,11273
18431,11274
12233,11275
17530,11276
14451,11277
23190,11278
2749,11279
21150,11280
1310,11281
2028,11282
21175,11283
22028,11284
11650,11285
19447,11286
14909,11287
19537,11288
3418,11289
3503,11290
4543,11291
5936,11292
14565,11293
6659,11294
267,11295
132,11296
8049,11297
7366,11298
4544,11299
13656,11300
15991,11301
22311,11302
2383,11303
23155,11304
24229,11305
10808,11306
23758,11307
9573,11308
10942,11309
7908,11310
962,11311
5961,11312
7393,11313
356,11314
12886,11315
19077,11316
19872,11317
20646,11318
18253,11319
3101,11320
14529,11321
3223,11322
22029,11323
9699,11324
15678,11325
11069,11326
15674,11327
1294,11328
14120,11329
10387,11330
12529,11331
575,11332
13327,11333
11073,11334
22866,11335
20250,11336
2819,11337
1295,11338
13630,11339
2013,11340
14420,11341
20049,11342
12837,11343
4438,11344
5841,11345
20825,11346
19230,11347
22345,11348
6722,11349
20671,11350
19873,11351
14963,11352
19445,11353
7941,11354
9845,11355
9846,11356
10192,11357
772,11358
11015,11359
11197,11360
1352,11361
4793,11362
18700,11363
3470,11364
7728,11365
18481,11366
7051,11367
7801,11368
8482,11369
1248,11370
1423,11371
1967,11372
19503,11373
20301,11374
9777,11375
8405,11376
22532,11377
9849,11378
2165,11379
3862,11380
15366,11381
12336,11382
13131,11383
5117,11384
22565,11385
7261,11386
15400,11387
20154,11388
23692,11389
847,11390
3230,11391
7945,11392
4048,11393
23681,11394
8886,11395
13834,11396
19020,11397
18221,11398
7262,11399
6578,11400
3702,11401
2305,11402
8595,11403
17668,11404
17669,11405
18382,11406
1786,11407
3682,11408
5097,11409
4390,11410
10314,11411
10316,11412
10318,11413
10320,11414
11001,11415
1230,11416
15899,11417
18175,11418
19777,11419
2665,11420
11995,11421
4066,11422
5706,11423
6182,11424
15143,11425
6732,11426
6533,11427
11329,11428
11003,11429
11007,11430
12397,11431
13190,11432
11149,11433
13572,11434
1943,11435
1946,11436
12786,11437
21408,11438
2667,11439
2894,11440
17041,11441
15138,11442
17790,11443
18475,11444
18589,11445
14362,11446
13868,11447
1957,11448
10466,11449
16177,11450
1959,11451
12785,11452
20581,11453
19781,11454
21407,11455
22262,11456
2680,11457
4067,11458
4279,11459
13784,11460
4788,11461
3578,11462
22575,11463
13574,11464
14364,11465
4790,11466
5000,11467
524,11468
525,11469
16643,11470
18477,11471
17395,11472
5289,11473
12139,11474
11524,11475
10045,11476
1228,11477
15896,11478
16907,11479
10731,11480
21143,11481
4862,11482
21996,11483
17861,11484
12551,11485
5563,11486
11759,11487
14818,11488
13236,11489
14028,11490
17179,11491
20335,11492
4918,11493
5704,11494
21723,11495
3579,11496
5705,11497
6184,11498
19782,11499
6380,11500
6381,11501
13075,11502
11142,11503
10459,11504
3566,11505
18386,11506
1782,11507
21587,11508
1233,11509
20918,11510
23985,11511
6384,11512
6387,11513
6591,11514
6880,11515
20582,11516
5377,11517
18176,11518
7055,11519
24221,11520
7065,11521
7378,11522
12926,11523
12326,11524
4462,11525
14633,11526
2340,11527
10692,11528
21709,11529
7553,11530
12791,11531
7558,11532
11141,11533
16933,11534
7732,11535
22479,11536
5324,11537
12932,11538
11527,11539
509,11540
6601,11541
13046,11542
7797,11543
15536,11544
17789,11545
18975,11546
3373,11547
18972,11548
21724,11549
18172,11550
16641,11551
2851,11552
20780,11553
3917,11554
12928,11555
11531,11556
18214,11557
3967,11558
19780,11559
20580,11560
4078,11561
4787,11562
13579,11563
4985,11564
523,11565
11148,11566
14661,11567
5265,11568
348,11569
14517,11570
13113,11571
6076,11572
14369,11573
6193,11574
20584,11575
13865,11576
19784,11577
15142,11578
18163,11579
6195,11580
16648,11581
6382,11582
23432,11583
6390,11584
6879,11585
11146,11586
12280,11587
6881,11588
11143,11589
18476,11590
10460,11591
7067,11592
7054,11593
4564,11594
7073,11595
14359,11596
16861,11597
7959,11598
8236,11599
8237,11600
12789,11601
4675,11602
17400,11603
15139,11604
2852,11605
20781,11606
8249,11607
6388,11608
8251,11609
2860,11610
8426,11611
17677,11612
8428,11613
8429,11614
6762,11615
7071,11616
5004,11617
13569,11618
17612,11619
10078,11620
21602,11621
16967,11622
8430,11623
846,11624
12371,11625
1566,11626
11673,11627
17138,11628
19539,11629
12467,11630
13260,11631
14910,11632
20337,11633
14053,11634
20330,11635
20965,11636
22822,11637
23679,11638
4170,11639
21113,11640
17132,11641
6972,11642
14872,11643
21084,11644
17969,11645
8354,11646
8580,11647
10315,11648
11002,11649
11004,11650
11006,11651
11199,11652
10332,11653
12790,11654
13578,11655
15137,11656
15424,11657
14368,11658
15141,11659
16288,11660
11996,11661
16642,11662
17676,11663
17399,11664
16647,11665
1945,11666
1960,11667
23980,11668
2668,11669
15892,11670
2679,11671
2139,11672
16931,11673
1414,11674
2681,11675
19778,11676
22576,11677
3372,11678
4079,11679
15891,11680
20873,11681
15134,11682
20577,11683
4275,11684
19187,11685
2505,11686
12133,11687
23477,11688
4989,11689
5489,11690
15894,11691
3260,11692
16645,11693
6867,11694
15900,11695
6871,11696
6878,11697
16651,11698
13072,11699
17403,11700
11999,11701
23981,11702
14593,11703
7347,11704
5943,11705
11518,11706
3080,11707
16900,11708
18219,11709
6375,11710
7554,11711
5708,11712
7565,11713
3582,11714
6077,11715
10463,11716
7567,11717
3581,11718
8427,11719
4676,11720
4291,11721
5002,11722
683,11723
8643,11724
13844,11725
10041,11726
21793,11727
23709,11728
2032,11729
22851,11730
2753,11731
22876,11732
596,11733
22023,11734
8700,11735
8715,11736
24177,11737
23466,11738
4466,11739
6869,11740
891,11741
8934,11742
21129,11743
12470,11744
6442,11745
5370,11746
10524,11747
8950,11748
8951,11749
7744,11750
8953,11751
18974,11752
8954,11753
18973,11754
23433,11755
11993,11756
17394,11757
8964,11758
7749,11759
11486,11760
4293,11761
3583,11762
8965,11763
17401,11764
12281,11765
16649,11766
18977,11767
7733,11768
23358,11769
327,11770
16046,11771
22608,11772
11425,11773
8949,11774
8966,11775
11145,11776
8999,11777
15584,11778
19451,11779
6314,11780
22788,11781
17173,11782
6922,11783
7683,11784
23646,11785
16421,11786
7898,11787
8367,11788
16356,11789
15664,11790
13264,11791
2153,11792
906,11793
8416,11794
9104,11795
9105,11796
9107,11797
22574,11798
2138,11799
1413,11800
1405,11801
9108,11802
16932,11803
7747,11804
7070,11805
23118,11806
8018,11807
1714,11808
16047,11809
12313,11810
3759,11811
16148,11812
8655,11813
8612,11814
14643,11815
3706,11816
2658,11817
14082,11818
4414,11819
17912,11820
21816,11821
13290,11822
21930,11823
12528,11824
20276,11825
21077,11826
21985,11827
22837,11828
19478,11829
17175,11830
5581,11831
11702,11832
22791,11833
613,11834
21967,11835
19487,11836
14130,11837
6990,11838
9109,11839
9291,11840
22570,11841
10658,11842
1535,11843
10994,11844
21962,11845
5821,11846
16280,11847
3483,11848
5802,11849
9301,11850
12268,11851
5105,11852
13982,11853
12572,11854
5807,11855
20412,11856
7544,11857
4894,11858
9310,11859
11597,11860
17136,11861
17131,11862
705,11863
9384,11864
8030,11865
9396,11866
14465,11867
15458,11868
1608,11869
8948,11870
9455,11871
13690,11872
14604,11873
18440,11874
197,11875
21505,11876
22358,11877
237,11878
107,11879
238,11880
108,11881
24166,11882
247,11883
114,11884
7245,11885
15403,11886
22560,11887
10007,11888
22069,11889
11008,11890
10322,11891
11780,11892
1251,11893
12571,11894
10997,11895
1966,11896
2066,11897
22649,11898
18085,11899
10887,11900
11494,11901
12273,11902
12287,11903
13065,11904
13864,11905
14681,11906
15431,11907
15790,11908
15033,11909
16654,11910
16930,11911
14370,11912
13580,11913
19787,11914
2130,11915
1707,11916
2141,11917
1415,11918
2143,11919
21748,11920
15058,11921
15815,11922
18912,11923
22265,11924
22579,11925
23048,11926
16824,11927
23458,11928
14294,11929
24219,11930
1763,11931
3189,11932
20340,11933
16620,11934
3363,11935
4069,11936
412,11937
23894,11938
23032,11939
23887,11940
18420,11941
3162,11942
4218,11943
4272,11944
3563,11945
12773,11946
15349,11947
278,11948
3509,11949
18671,11950
4779,11951
4924,11952
17873,11953
20273,11954
22936,11955
3540,11956
13166,11957
4981,11958
4982,11959
1401,11960
12772,11961
17589,11962
5388,11963
16530,11964
17280,11965
21320,11966
23335,11967
352,11968
16429,11969
21925,11970
23698,11971
13257,11972
1393,11973
14050,11974
22931,11975
20973,11976
5480,11977
18807,11978
23552,11979
17795,11980
20298,11981
5649,11982
5684,11983
11980,11984
18397,11985
10818,11986
18739,11987
6083,11988
12657,11989
13450,11990
11861,11991
21659,11992
10796,11993
21140,11994
2037,11995
13325,11996
2758,11997
19622,11998
3449,11999
20421,12000
20969,12001
16271,12002
17193,12003
6412,12004
2862,12005
16857,12006
4578,12007
19546,12008
18666,12009
17947,12010
17868,12011
19624,12012
20967,12013
2071,12014
22775,12015
20423,12016
11579,12017
6047,12018
10648,12019
6561,12020
22070,12021
10995,12022
20407,12023
6240,12024
19611,12025
6985,12026
7004,12027
14839,12028
15146,12029
644,12030
15599,12031
16353,12032
18020,12033
18819,12034
12374,12035
7227,12036
5783,12037
7550,12038
6984,12039
7723,12040
7046,12041
14328,12042
19198,12043
329,12044
642,12045
4315,12046
8128,12047
6409,12048
7093,12049
82,12050
8385,12051
18112,12052
13008,12053
8418,12054
17672,12055
22317,12056
2876,12057
15709,12058
16293,12059
22058,12060
22899,12061
8433,12062
19184,12063
2508,12064
15534,12065
20341,12066
11475,12067
12376,12068
21071,12069
15671,12070
22778,12071
19619,12072
23636,12073
22076,12074
23535,12075
4896,12076
5599,12077
3464,12078
5799,12079
8434,12080
19992,12081
6011,12082
10303,12083
21991,12084
12269,12085
21922,12086
23532,12087
23701,12088
18667,12089
19471,12090
18019,12091
23793,12092
18572,12093
6287,12094
6973,12095
2772,12096
20587,12097
8435,12098
23376,12099
8631,12100
18452,12101
20050,12102
20851,12103
10714,12104
3730,12105
10278,12106
10282,12107
10291,12108
10970,12109
10974,12110
10975,12111
11226,12112
14410,12113
15935,12114
1922,12115
2633,12116
16695,12117
2634,12118
15184,12119
2642,12120
3331,12121
2183,12122
4045,12123
4748,12124
4336,12125
4751,12126
13616,12127
488,12128
489,12129
12028,12130
5044,12131
5145,12132
5846,12133
10276,12134
10962,12135
10563,12136
10963,12137
10967,12138
10971,12139
1199,12140
12831,12141
14744,12142
1918,12143
12823,12144
2190,12145
2637,12146
2645,12147
17437,12148
2900,12149
3333,12150
13622,12151
4037,12152
3627,12153
4038,12154
4342,12155
4410,12156
11587,12157
11246,12158
11590,12159
11592,12160
12379,12161
12380,12162
12383,12163
12385,12164
13174,12165
10564,12166
13175,12167
13176,12168
11240,12169
13178,12170
14763,12171
11225,12172
15186,12173
15521,12174
16273,12175
17779,12176
10548,12177
17781,12178
11221,12179
1826,12180
19379,12181
10547,12182
19382,12183
10533,12184
19383,12185
10530,12186
20179,12187
20180,12188
12031,12189
20977,12190
20983,12191
21828,12192
21831,12193
1459,12194
21836,12195
22681,12196
1467,12197
22683,12198
22691,12199
18196,12200
1831,12201
10528,12202
12820,12203
23538,12204
23541,12205
23542,12206
23543,12207
23547,12208
2913,12209
3614,12210
3623,12211
3628,12212
3632,12213
10866,12214
3635,12215
10865,12216
396,12217
14404,12218
13615,12219
476,12220
5055,12221
5453,12222
10538,12223
5757,12224
5053,12225
5759,12226
5761,12227
11244,12228
5744,12229
16111,12230
6063,12231
12032,12232
6148,12233
6152,12234
5753,12235
6158,12236
6159,12237
2899,12238
6160,12239
6455,12240
6462,12241
1827,12242
13621,12243
12829,12244
4326,12245
12969,12246
1045,12247
19159,12248
16970,12249
20625,12250
19244,12251
18228,12252
2096,12253
6466,12254
6476,12255
6743,12256
4338,12257
6835,12258
6838,12259
6840,12260
7130,12261
7135,12262
7140,12263
7155,12264
10867,12265
1458,12266
727,12267
729,12268
734,12269
735,12270
1457,12271
736,12272
17431,12273
15305,12274
6700,12275
18292,12276
13952,12277
20903,12278
15216,12279
6471,12280
7433,12281
1451,12282
746,12283
10864,12284
10565,12285
747,12286
7525,12287
11230,12288
6061,12289
12827,12290
12035,12291
7530,12292
12822,12293
4667,12294
11213,12295
7532,12296
7788,12297
7793,12298
13806,12299
7795,12300
20821,12301
7805,12302
7819,12303
7823,12304
7829,12305
7831,12306
7832,12307
7432,12308
8013,12309
1780,12310
8029,12311
14523,12312
10965,12313
10557,12314
14697,12315
12053,12316
8113,12317
744,12318
1465,12319
8114,12320
4344,12321
7158,12322
7790,12323
13765,12324
325,12325
13676,12326
20108,12327
7989,12328
8202,12329
8211,12330
11216,12331
397,12332
8216,12333
2898,12334
8308,12335
2817,12336
3429,12337
21169,12338
4137,12339
23732,12340
14826,12341
844,12342
11588,12343
11589,12344
10558,12345
13179,12346
12038,12347
13181,12348
13970,12349
13971,12350
17026,12351
17027,12352
11232,12353
17028,12354
11229,12355
17029,12356
17783,12357
12030,12358
10876,12359
11212,12360
10529,12361
17784,12362
18577,12363
18579,12364
15938,12365
18580,12366
14405,12367
1829,12368
15179,12369
18581,12370
10534,12371
18583,12372
1449,12373
19378,12374
19380,12375
10543,12376
20182,12377
20981,12378
17446,12379
20984,12380
20985,12381
11214,12382
2167,12383
13766,12384
21829,12385
21830,12386
21832,12387
21834,12388
10552,12389
21838,12390
14401,12391
22682,12392
22685,12393
23549,12394
2550,12395
17441,12396
16690,12397
2903,12398
3185,12399
3353,12400
15178,12401
10874,12402
17439,12403
16688,12404
18990,12405
15304,12406
3960,12407
13612,12408
15932,12409
4059,12410
14403,12411
1116,12412
4770,12413
5047,12414
5758,12415
6058,12416
2180,12417
1454,12418
16680,12419
17568,12420
6016,12421
14521,12422
20905,12423
6062,12424
6446,12425
1117,12426
5748,12427
11211,12428
6473,12429
6619,12430
721,12431
20008,12432
1737,12433
15283,12434
1915,12435
22617,12436
7806,12437
8116,12438
6468,12439
7152,12440
5742,12441
24224,12442
7376,12443
22454,12444
21759,12445
17486,12446
16136,12447
19034,12448
3522,12449
2020,12450
22861,12451
1302,12452
14132,12453
15595,12454
11750,12455
13245,12456
8205,12457
8485,12458
4668,12459
7804,12460
8486,12461
2554,12462
6443,12463
7127,12464
718,12465
19982,12466
8487,12467
8490,12468
8495,12469
8500,12470
395,12471
14406,12472
13617,12473
8508,12474
3250,12475
8509,12476
4666,12477
7150,12478
8513,12479
3626,12480
8517,12481
1111,12482
8519,12483
7431,12484
3633,12485
4343,12486
15170,12487
7330,12488
16129,12489
12084,12490
17710,12491
23145,12492
8671,12493
8712,12494
5242,12495
13898,12496
4505,12497
11449,12498
7520,12499
7990,12500
22863,12501
580,12502
23721,12503
4844,12504
11754,12505
5545,12506
12546,12507
16334,12508
8773,12509
22838,12510
12466,12511
21133,12512
11672,12513
20418,12514
23642,12515
18017,12516
17775,12517
5098,12518
19267,12519
2197,12520
3683,12521
8815,12522
3636,12523
4346,12524
11191,12525
23361,12526
2482,12527
8821,12528
7821,12529
8502,12530
7789,12531
13764,12532
326,12533
15282,12534
19317,12535
4500,12536
8824,12537
6447,12538
7131,12539
20597,12540
20010,12541
1735,12542
24156,12543
13917,12544
17470,12545
4042,12546
8825,12547
8913,12548
8914,12549
737,12550
6742,12551
10559,12552
11242,12553
4327,12554
8928,12555
8945,12556
4187,12557
4884,12558
15683,12559
9173,12560
9174,12561
3251,12562
10531,12563
7132,12564
9175,12565
9178,12566
9179,12567
9186,12568
9193,12569
3958,12570
16693,12571
15941,12572
7117,12573
3859,12574
5977,12575
14519,12576
1912,12577
11237,12578
20908,12579
23141,12580
2527,12581
22291,12582
4228,12583
6943,12584
19558,12585
17102,12586
16446,12587
6257,12588
17198,12589
12449,12590
9196,12591
9197,12592
5367,12593
9200,12594
9202,12595
9203,12596
9344,12597
10028,12598
10277,12599
10279,12600
10281,12601
10285,12602
10288,12603
1205,12604
1210,12605
13159,12606
13618,12607
15175,12608
15505,12609
1464,12610
16258,12611
16689,12612
1909,12613
1911,12614
1916,12615
1923,12616
14402,12617
2186,12618
2644,12619
2910,12620
3007,12621
11591,12622
12381,12623
12382,12624
12384,12625
12387,12626
11215,12627
13177,12628
13180,12629
13967,12630
13968,12631
15185,12632
15524,12633
14407,12634
16274,12635
16276,12636
17778,12637
17780,12638
1830,12639
18578,12640
15940,12641
18582,12642
19377,12643
1463,12644
19381,12645
17440,12646
1115,12647
11220,12648
10537,12649
20181,12650
20976,12651
20979,12652
20980,12653
20982,12654
20986,12655
17436,12656
2179,12657
21833,12658
21837,12659
2187,12660
2191,12661
22684,12662
22686,12663
22688,12664
22689,12665
23539,12666
23540,12667
23548,12668
15176,12669
2546,12670
1462,12671
2553,12672
15933,12673
16686,12674
3252,12675
16685,12676
18996,12677
11189,12678
3332,12679
17444,12680
3624,12681
478,12682
5035,12683
5051,12684
5472,12685
10526,12686
1832,12687
1448,12688
5749,12689
3957,12690
4334,12691
2177,12692
5752,12693
6149,12694
6150,12695
5756,12696
6155,12697
6449,12698
6453,12699
10189,12700
6459,12701
6465,12702
6472,12703
6474,12704
6837,12705
2904,12706
7133,12707
7137,12708
7143,12709
10872,12710
10544,12711
11227,12712
3616,12713
726,12714
13607,12715
733,12716
4665,12717
1455,12718
5049,12719
5038,12720
742,12721
1110,12722
5056,12723
5760,12724
10512,12725
743,12726
10181,12727
2912,12728
2189,12729
7116,12730
14595,12731
7345,12732
7519,12733
6475,12734
7523,12735
732,12736
7812,12737
10875,12738
7134,12739
6450,12740
2890,12741
14556,12742
5302,12743
15279,12744
20922,12745
6609,12746
7529,12747
7813,12748
7815,12749
20595,12750
13746,12751
7826,12752
6060,12753
12039,12754
14411,12755
1443,12756
12198,12757
2460,12758
23310,12759
13112,12760
4039,12761
7148,12762
7830,12763
7833,12764
7838,12765
7430,12766
7159,12767
7987,12768
7417,12769
1654,12770
22012,12771
4843,12772
21159,12773
3428,12774
5544,12775
8115,12776
5048,12777
4337,12778
18191,12779
16063,12780
7387,12781
12141,12782
16215,12783
20631,12784
8118,12785
8207,12786
15183,12787
10871,12788
16692,12789
8210,12790
15934,12791
6748,12792
8212,12793
6448,12794
8469,12795
20793,12796
5305,12797
14508,12798
1920,12799
10532,12800
20121,12801
8491,12802
3959,12803
7810,12804
4333,12805
8494,12806
6451,12807
8497,12808
8119,12809
7816,12810
7138,12811
10510,12812
24241,12813
5994,12814
14512,12815
21768,12816
5903,12817
21693,12818
4496,12819
21160,12820
10391,12821
22013,12822
1297,12823
11753,12824
578,12825
23734,12826
12450,12827
6156,12828
8505,12829
8511,12830
6059,12831
8514,12832
8695,12833
14614,12834
21577,12835
16978,12836
4482,12837
13043,12838
19817,12839
22859,12840
2023,12841
22007,12842
2744,12843
16443,12844
586,12845
15686,12846
14828,12847
8214,12848
8803,12849
7979,12850
17958,12851
4850,12852
23717,12853
17854,12854
15687,12855
18652,12856
13340,12857
17093,12858
14827,12859
8816,12860
8518,12861
7836,12862
3618,12863
8818,12864
2902,12865
8512,12866
7115,12867
14594,12868
5979,12869
13730,12870
13109,12871
17485,12872
5450,12873
8819,12874
15942,12875
7828,12876
8922,12877
17443,12878
9073,12879
9150,12880
9152,12881
22499,12882
7377,12883
9155,12884
24242,12885
10107,12886
9172,12887
9180,12888
9182,12889
9183,12890
9188,12891
6433,12892
4568,12893
6661,12894
9189,12895
8820,12896
7824,12897
9190,12898
9195,12899
9206,12900
9375,12901
9400,12902
14911,12903
12464,12904
23699,12905
11670,12906
14049,12907
14956,12908
15715,12909
15516,12910
5710,12911
9425,12912
2799,12913
17106,12914
1362,12915
14841,12916
21224,12917
22783,12918
4951,12919
18571,12920
19372,12921
21822,12922
15684,12923
9008,12924
11060,12925
10490,12926
16922,12927
7092,12928
6408,12929
13563,12930
20879,12931
14353,12932
11984,12933
11981,12934
16836,12935
1030,12936
455,12937
11137,12938
22582,12939
9454,12940
16039,12941
10977,12942
22624,12943
13635,12944
13830,12945
12047,12946
2816,12947
1301,12948
2095,12949
2739,12950
22020,12951
582,12952
22873,12953
19452,12954
9484,12955
23143,12956
19560,12957
2736,12958
20358,12959
2015,12960
17972,12961
4135,12962
18771,12963
21903,12964
13240,12965
9485,12966
5900,12967
1381,12968
9024,12969
661,12970
2016,12971
14133,12972
9493,12973
709,12974
11256,12975
2879,12976
17044,12977
18697,12978
7563,12979
17899,12980
17889,12981
10449,12982
11497,12983
8127,12984
5013,12985
13857,12986
13583,12987
1431,12988
16175,12989
18590,12990
2128,12991
14373,12992
20876,12993
15113,12994
1403,12995
16185,12996
18617,12997
21864,12998
21946,12999
23969,13000
15870,13001
11633,13002
19752,13003
21736,13004
17348,13005
16597,13006
3549,13007
4097,13008
1346,13009
4183,13010
4302,13011
15541,13012
2064,13013
3580,13014
21011,13015
1349,13016
4811,13017
2060,13018
4893,13019
5590,13020
626,13021
5592,13022
16531,13023
3975,13024
18894,13025
6341,13026
22601,13027
6361,13028
6893,13029
18693,13030
19494,13031
12685,13032
15443,13033
11893,13034
17290,13035
7025,13036
16565,13037
22209,13038
12193,13039
7083,13040
18595,13041
5596,13042
20290,13043
23968,13044
11502,13045
23106,13046
11125,13047
19726,13048
8269,13049
2781,13050
20293,13051
8410,13052
17817,13053
21093,13054
4888,13055
17304,13056
3971,13057
16554,13058
15804,13059
22199,13060
14570,13061
9496,13062
1466,13063
745,13064
7794,13065
10752,13066
6662,13067
16767,13068
20107,13069
3800,13070
9497,13071
11245,13072
10562,13073
8475,13074
13014,13075
5978,13076
3832,13077
1196,13078
21754,13079
3095,13080
9499,13081
7154,13082
6470,13083
9157,13084
9500,13085
5751,13086
731,13087
9501,13088
12830,13089
9504,13090
7139,13091
12825,13092
18992,13093
18413,13094
297,13095
22444,13096
10290,13097
23479,13098
15963,13099
13038,13100
15204,13101
20356,13102
16349,13103
17959,13104
1303,13105
18769,13106
584,13107
19570,13108
16338,13109
9506,13110
11217,13111
9177,13112
11193,13113
21661,13114
6678,13115
9507,13116
9593,13117
2916,13118
1823,13119
2915,13120
9595,13121
5054,13122
9498,13123
740,13124
1461,13125
5040,13126
13807,13127
9394,13128
23215,13129
13105,13130
2373,13131
9596,13132
7156,13133
6057,13134
9597,13135
11241,13136
8817,13137
9598,13138
1456,13139
1112,13140
2905,13141
9599,13142
2178,13143
9600,13144
10555,13145
6744,13146
17445,13147
16694,13148
6427,13149
9601,13150
9602,13151
9604,13152
14408,13153
9605,13154
15181,13155
9606,13156
10542,13157
2551,13158
6457,13159
7141,13160
9621,13161
2792,13162
1334,13163
2866,13164
9626,13165
4190,13166
614,13167
9117,13168
15420,13169
14375,13170
9632,13171
18177,13172
9633,13173
6386,13174
21722,13175
10462,13176
9640,13177
7560,13178
23779,13179
21843,13180
22695,13181
2787,13182
621,13183
5606,13184
9641,13185
8958,13186
22061,13187
9648,13188
20583,13189
11487,13190
14366,13191
11997,13192
9649,13193
22263,13194
20871,13195
23124,13196
967,13197
19223,13198
4628,13199
17546,13200
14769,13201
17518,13202
11061,13203
12485,13204
14043,13205
14072,13206
14906,13207
11456,13208
12248,13209
14846,13210
16141,13211
16176,13212
12000,13213
17404,13214
19030,13215
19369,13216
19481,13217
14902,13218
15608,13219
17170,13220
16362,13221
17114,13222
19829,13223
10026,13224
12351,13225
12352,13226
15493,13227
16628,13228
19348,13229
20562,13230
21976,13231
11681,13232
19529,13233
13267,13234
14060,13235
3562,13236
3601,13237
3791,13238
4197,13239
4502,13240
3795,13241
21796,13242
23508,13243
3728,13244
5727,13245
4670,13246
11178,13247
12797,13248
19398,13249
12763,13250
20083,13251
20996,13252
22699,13253
14342,13254
17685,13255
12762,13256
5905,13257
10711,13258
14731,13259
20146,13260
20947,13261
23112,13262
23973,13263
3561,13264
6303,13265
13279,13266
6304,13267
13278,13268
678,13269
679,13270
680,13271
6889,13272
6989,13273
14861,13274
15621,13275
15905,13276
16656,13277
7044,13278
7645,13279
3489,13280
7777,13281
8132,13282
17408,13283
11608,13284
11963,13285
13085,13286
13545,13287
14784,13288
16605,13289
22247,13290
17350,13291
18394,13292
1051,13293
16224,13294
22587,13295
15098,13296
14333,13297
16599,13298
13758,13299
23289,13300
23560,13301
11965,13302
21733,13303
16609,13304
15859,13305
6821,13306
14335,13307
8257,13308
8295,13309
6242,13310
5698,13311
11489,13312
15426,13313
17679,13314
4995,13315
4284,13316
16626,13317
17061,13318
17066,13319
18113,13320
18914,13321
18494,13322
7063,13323
6379,13324
11135,13325
17815,13326
4963,13327
8328,13328
7667,13329
6276,13330
5669,13331
6962,13332
3551,13333
5380,13334
4260,13335
11039,13336
1261,13337
15027,13338
22191,13339
2700,13340
19703,13341
20897,13342
12678,13343
3974,13344
23914,13345
17282,13346
11878,13347
8352,13348
8355,13349
14071,13350
12005,13351
14860,13352
17409,13353
14658,13354
16657,13355
1969,13356
12758,13357
17686,13358
14339,13359
13549,13360
21848,13361
3383,13362
6360,13363
23441,13364
16613,13365
8401,13366
13083,13367
7043,13368
4979,13369
17352,13370
24250,13371
8458,13372
3256,13373
3599,13374
15147,13375
12402,13376
15100,13377
17687,13378
16607,13379
20999,13380
23558,13381
15862,13382
23442,13383
17363,13384
18151,13385
21391,13386
21638,13387
19236,13388
11535,13389
2366,13390
8969,13391
9009,13392
19773,13393
13076,13394
16181,13395
16638,13396
17390,13397
11983,13398
13214,13399
13500,13400
18479,13401
18968,13402
18168,13403
14798,13404
14289,13405
15874,13406
16314,13407
13499,13408
20576,13409
21406,13410
13562,13411
14796,13412
11919,13413
5382,13414
12708,13415
11917,13416
19718,13417
12963,13418
3901,13419
6204,13420
14291,13421
20093,13422
13501,13423
7574,13424
14290,13425
3969,13426
11918,13427
12709,13428
20519,13429
12168,13430
4607,13431
22421,13432
446,13433
20638,13434
13033,13435
15981,13436
9011,13437
12760,13438
11498,13439
10446,13440
11130,13441
14671,13442
17366,13443
16615,13444
18484,13445
15107,13446
15864,13447
1973,13448
13468,13449
19730,13450
21364,13451
23080,13452
3387,13453
16532,13454
4805,13455
18096,13456
542,13457
12675,13458
3267,13459
8272,13460
16533,13461
5387,13462
17283,13463
11883,13464
14255,13465
12154,13466
8987,13467
22190,13468
8138,13469
21334,13470
23913,13471
18095,13472
8691,13473
6703,13474
12918,13475
3292,13476
18211,13477
12260,13478
15958,13479
8293,13480
18809,13481
527,13482
5492,13483
22915,13484
22706,13485
21854,13486
19500,13487
18688,13488
16400,13489
2040,13490
12510,13491
2761,13492
14097,13493
7648,13494
17308,13495
8331,13496
16558,13497
19296,13498
15051,13499
548,13500
13455,13501
1846,13502
11869,13503
5513,13504
16526,13505
411,13506
18090,13507
20492,13508
18886,13509
16813,13510
354,13511
11536,13512
11415,13513
15396,13514
24158,13515
13128,13516
18889,13517
9088,13518
13084,13519
9677,13520
19693,13521
1132,13522
21321,13523
16525,13524
9707,13525
11751,13526
14036,13527
9755,13528
16337,13529
9773,13530
9093,13531
9783,13532
7740,13533
6887,13534
22210,13535
9096,13536
9652,13537
21355,13538
4679,13539
23934,13540
5665,13541
19719,13542
12214,13543
5983,13544
9784,13545
15425,13546
2859,13547
2137,13548
2129,13549
19981,13550
3208,13551
24162,13552
21770,13553
19013,13554
13047,13555
17464,13556
15951,13557
23419,13558
4411,13559
23530,13560
21966,13561
3703,13562
14842,13563
15633,13564
15670,13565
15602,13566
16427,13567
17770,13568
15632,13569
21932,13570
21132,13571
21079,13572
14904,13573
14057,13574
20327,13575
15609,13576
17926,13577
14849,13578
17115,13579
3463,13580
15631,13581
16380,13582
11119,13583
5724,13584
6286,13585
13289,13586
21937,13587
18767,13588
703,13589
19272,13590
1425,13591
12004,13592
18600,13593
15102,13594
18602,13595
20882,13596
23970,13597
8399,13598
15101,13599
14327,13600
6644,13601
7390,13602
12123,13603
3999,13604
6820,13605
9653,13606
9692,13607
2007,13608
1410,13609
13077,13610
14665,13611
16182,13612
13570,13613
14360,13614
16624,13615
17063,13616
17067,13617
16561,13618
17311,13619
18169,13620
18969,13621
405,13622
15811,13623
15054,13624
23069,13625
14534,13626
16131,13627
689,13628
5697,13629
12423,13630
15810,13631
17375,13632
14802,13633
16560,13634
1126,13635
17310,13636
11916,13637
3547,13638
12153,13639
6704,13640
12106,13641
10249,13642
3804,13643
7727,13644
8968,13645
16562,13646
8970,13647
17312,13648
4680,13649
15055,13650
15812,13651
23931,13652
13744,13653
355,13654
9482,13655
5918,13656
21197,13657
10433,13658
17126,13659
5609,13660
6270,13661
4906,13662
6956,13663
12796,13664
7639,13665
13584,13666
14659,13667
14374,13668
12406,13669
11126,13670
19404,13671
20084,13672
23562,13673
12753,13674
12292,13675
6357,13676
17356,13677
21390,13678
17564,13679
9456,13680
7485,13681
2353,13682
9766,13683
9086,13684
17349,13685
16059,13686
10824,13687
18345,13688
19333,13689
10442,13690
444,13691
7289,13692
9767,13693
21734,13694
8398,13695
6356,13696
16598,13697
15301,13698
10140,13699
1161,13700
14497,13701
17731,13702
22280,13703
21694,13704
7717,13705
9785,13706
20872,13707
9788,13708
21402,13709
16109,13710
8714,13711
22457,13712
16214,13713
5155,13714
23406,13715
888,13716
1375,13717
15522,13718
20178,13719
13619,13720
22758,13721
23544,13722
11236,13723
4335,13724
10868,13725
4842,13726
23723,13727
11077,13728
17199,13729
655,13730
23616,13731
23735,13732
5557,13733
22877,13734
4834,13735
11651,13736
21983,13737
15603,13738
19534,13739
23614,13740
23693,13741
11674,13742
15666,13743
2798,13744
21080,13745
20332,13746
11678,13747
2155,13748
401,13749
2878,13750
23763,13751
23772,13752
6746,13753
15939,13754
15182,13755
4328,13756
17613,13757
7595,13758
13355,13759
23586,13760
17825,13761
23013,13762
7605,13763
4392,13764
8117,13765
10553,13766
8255,13767
12565,13768
8713,13769
9023,13770
16447,13771
14032,13772
9789,13773
8414,13774
22498,13775
1046,13776
14464,13777
13106,13778
6183,13779
909,13780
15391,13781
23990,13782
3571,13783
20858,13784
7244,13785
2107,13786
23777,13787
6179,13788
3488,13789
7609,13790
18010,13791
9790,13792
12781,13793
12219,13794
10762,13795
13675,13796
16212,13797
1611,13798
12256,13799
5859,13800
12386,13801
13935,13802
14762,13803
1547,13804
16691,13805
18464,13806
22687,13807
13623,13808
2807,13809
2735,13810
1382,13811
3426,13812
14930,13813
4134,13814
15690,13815
11654,13816
12448,13817
18731,13818
6456,13819
10188,13820
6909,13821
13354,13822
3415,13823
2724,13824
15003,13825
6773,13826
16514,13827
17077,13828
17839,13829
18847,13830
23605,13831
23816,13832
10913,13833
18833,13834
18034,13835
14182,13836
23840,13837
1857,13838
22121,13839
13413,13840
15729,13841
17608,13842
5280,13843
13890,13844
15965,13845
23258,13846
20140,13847
21266,13848
6777,13849
20451,13850
21268,13851
13390,13852
6651,13853
3161,13854
10234,13855
15206,13856
4551,13857
12343,13858
19652,13859
7334,13860
10081,13861
19300,13862
17472,13863
10855,13864
16719,13865
14119,13866
19929,13867
21059,13868
21145,13869
19462,13870
13349,13871
21911,13872
14141,13873
15576,13874
1359,13875
17083,13876
18736,13877
3511,13878
21069,13879
7434,13880
7435,13881
17442,13882
6461,13883
13609,13884
16110,13885
8370,13886
19470,13887
18822,13888
20268,13889
18023,13890
13165,13891
8499,13892
7818,13893
14398,13894
10067,13895
9297,13896
11602,13897
18009,13898
2988,13899
1229,13900
10317,13901
2105,13902
21215,13903
10310,13904
1227,13905
2666,13906
3481,13907
4062,13908
4087,13909
508,13910
511,13911
2669,13912
22916,13913
5479,13914
4778,13915
22920,13916
21842,13917
5490,13918
4789,13919
22062,13920
22700,13921
5598,13922
21086,13923
16440,13924
667,13925
7556,13926
8238,13927
23780,13928
5498,13929
9631,13930
9791,13931
9111,13932
23119,13933
13805,13934
9838,13935
16863,13936
9848,13937
985,13938
16241,13939
20439,13940
9851,13941
9170,13942
9852,13943
20988,13944
21102,13945
701,13946
533,13947
21955,13948
4886,13949
15858,13950
9853,13951
10191,13952
8489,13953
9855,13954
5739,13955
16817,13956
3915,13957
16036,13958
20122,13959
1647,13960
16143,13961
929,13962
21154,13963
1305,13964
2092,13965
4851,13966
11749,13967
5552,13968
17195,13969
2005,13970
9610,13971
8492,13972
2552,13973
13614,13974
9856,13975
9833,13976
21644,13977
3897,13978
9857,13979
9176,13980
9859,13981
3619,13982
19224,13983
9393,13984
16794,13985
1919,13986
21771,13987
5906,13988
5345,13989
6452,13990
7984,13991
2814,13992
18650,13993
2093,13994
19454,13995
15689,13996
20251,13997
14929,13998
11655,13999
8120,14000
7814,14001
9860,14002
10536,14003
8467,14004
4565,14005
23403,14006
16795,14007
23481,14008
4493,14009
11452,14010
3786,14011
3524,14012
4845,14013
4231,14014
5546,14015
21167,14016
581,14017
14131,14018
17848,14019
6157,14020
8496,14021
9505,14022
9862,14023
7817,14024
17432,14025
24244,14026
10105,14027
21589,14028
10976,14029
11223,14030
22622,14031
6612,14032
19245,14033
10748,14034
22008,14035
9863,14036
1114,14037
11224,14038
10541,14039
4329,14040
18421,14041
8711,14042
9864,14043
16679,14044
16062,14045
6017,14046
22446,14047
20914,14048
15968,14049
3938,14050
14428,14051
2094,14052
583,14053
2815,14054
6942,14055
14926,14056
7626,14057
17196,14058
20249,14059
9865,14060
9184,14061
15169,14062
17567,14063
16130,14064
21591,14065
19318,14066
24002,14067
14622,14068
13640,14069
22009,14070
16348,14071
21156,14072
17101,14073
12542,14074
17852,14075
16444,14076
11050,14077
18648,14078
4835,14079
17176,14080
9866,14081
10187,14082
15937,14083
15180,14084
5037,14085
23359,14086
8060,14087
13724,14088
13909,14089
13636,14090
11450,14091
14427,14092
20357,14093
10392,14094
19559,14095
2638,14096
9025,14097
12543,14098
9185,14099
9708,14100
22874,14101
13244,14102
9867,14103
9503,14104
11228,14105
10545,14106
7114,14107
23377,14108
10792,14109
9869,14110
9502,14111
11231,14112
12036,14113
987,14114
7396,14115
2411,14116
5405,14117
4509,14118
16134,14119
8678,14120
6623,14121
875,14122
11401,14123
4432,14124
18376,14125
7397,14126
9463,14127
17418,14128
21969,14129
17505,14130
14530,14131
15487,14132
21783,14133
22727,14134
23491,14135
3000,14136
3931,14137
7018,14138
7914,14139
11473,14140
4406,14141
5112,14142
5106,14143
21675,14144
2434,14145
19138,14146
837,14147
20865,14148
2278,14149
8872,14150
7698,14151
9528,14152
19675,14153
9533,14154
21286,14155
7695,14156
4182,14157
12437,14158
13231,14159
14022,14160
14936,14161
17079,14162
19444,14163
20240,14164
21044,14165
23609,14166
986,14167
22350,14168
21458,14169
3103,14170
15218,14171
9870,14172
14395,14173
8012,14174
15375,14175
16798,14176
17715,14177
14432,14178
15381,14179
4503,14180
4229,14181
9026,14182
3521,14183
7627,14184
16442,14185
8311,14186
15685,14187
6234,14188
9603,14189
12037,14190
2549,14191
9871,14192
7825,14193
8470,14194
14554,14195
5304,14196
23309,14197
10284,14198
11233,14199
1113,14200
23471,14201
3793,14202
16138,14203
7985,14204
1379,14205
3430,14206
659,14207
4846,14208
16445,14209
5547,14210
15688,14211
17092,14212
9873,14213
6745,14214
11235,14215
6464,14216
11194,14217
23378,14218
9874,14219
5039,14220
16862,14221
10761,14222
9875,14223
10869,14224
9194,14225
11238,14226
18991,14227
13747,14228
8070,14229
19959,14230
20112,14231
19833,14232
12243,14233
15975,14234
23718,14235
4141,14236
21155,14237
4849,14238
20367,14239
5550,14240
14925,14241
17094,14242
9876,14243
10507,14244
22500,14245
3187,14246
21599,14247
20907,14248
19830,14249
16891,14250
18231,14251
21157,14252
4139,14253
22010,14254
2019,14255
14134,14256
2740,14257
14928,14258
16339,14259
15585,14260
11658,14261
15667,14262
9877,14263
11190,14264
21645,14265
9878,14266
2181,14267
3617,14268
12175,14269
4601,14270
16800,14271
10280,14272
13901,14273
3797,14274
5050,14275
6042,14276
7304,14277
5637,14278
11079,14279
4934,14280
10393,14281
22021,14282
9709,14283
13339,14284
14037,14285
12453,14286
16424,14287
17111,14288
5694,14289
13063,14290
6434,14291
522,14292
17791,14293
19763,14294
20190,14295
18956,14296
21728,14297
20564,14298
21397,14299
23437,14300
4086,14301
15122,14302
12288,14303
15879,14304
19761,14305
17372,14306
7048,14307
22491,14308
7382,14309
19898,14310
21798,14311
6793,14312
24010,14313
15378,14314
21448,14315
8962,14316
21210,14317
13985,14318
9518,14319
4254,14320
1135,14321
18766,14322
23016,14323
14018,14324
15569,14325
12625,14326
16497,14327
21035,14328
20452,14329
10219,14330
15744,14331
14985,14332
16496,14333
14547,14334
3984,14335
11831,14336
14209,14337
5310,14338
22372,14339
12309,14340
21425,14341
17650,14342
6588,14343
20610,14344
10271,14345
10959,14346
10426,14347
11571,14348
12443,14349
14890,14350
16912,14351
11372,14352
18461,14353
18801,14354
12262,14355
1953,14356
21206,14357
22275,14358
22276,14359
22564,14360
23570,14361
22712,14362
2989,14363
3352,14364
4033,14365
4195,14366
4744,14367
15644,14368
4903,14369
11097,14370
17968,14371
11063,14372
6174,14373
2159,14374
16165,14375
6987,14376
711,14377
1433,14378
4305,14379
7545,14380
18188,14381
10883,14382
19793,14383
22271,14384
3595,14385
17573,14386
1056,14387
7820,14388
1568,14389
11340,14390
12539,14391
13188,14392
18187,14393
3961,14394
19792,14395
20592,14396
5016,14397
19988,14398
6857,14399
6422,14400
7921,14401
8230,14402
10503,14403
6752,14404
8604,14405
2218,14406
3952,14407
3572,14408
14666,14409
2563,14410
13488,14411
12697,14412
23050,14413
1278,14414
13437,14415
14806,14416
1994,14417
15764,14418
3407,14419
18080,14420
3409,14421
15004,14422
4992,14423
4682,14424
1384,14425
11049,14426
10365,14427
12650,14428
17819,14429
18619,14430
15008,14431
19716,14432
1271,14433
15788,14434
21180,14435
3402,14436
2711,14437
20483,14438
15444,14439
13445,14440
18629,14441
14218,14442
1854,14443
12633,14444
20228,14445
11841,14446
22734,14447
22999,14448
10217,14449
11839,14450
3405,14451
22033,14452
2723,14453
4107,14454
21179,14455
4108,14456
23744,14457
23588,14458
21025,14459
17266,14460
421,14461
23000,14462
4815,14463
20379,14464
22728,14465
18625,14466
13438,14467
4954,14468
14987,14469
19199,14470
5393,14471
15005,14472
20236,14473
14972,14474
21892,14475
22744,14476
14191,14477
22959,14478
2583,14479
16487,14480
12602,14481
427,14482
19642,14483
22105,14484
20436,14485
22495,14486
4695,14487
21248,14488
14188,14489
14969,14490
21640,14491
5517,14492
23743,14493
16321,14494
17074,14495
554,14496
1273,14497
17270,14498
565,14499
22153,14500
3980,14501
14229,14502
14811,14503
11808,14504
1861,14505
13395,14506
18638,14507
22745,14508
13396,14509
22955,14510
6231,14511
6331,14512
16499,14513
6335,14514
6694,14515
17700,14516
17482,14517
14621,14518
15213,14519
3515,14520
17180,14521
21910,14522
20349,14523
21058,14524
17202,14525
21926,14526
16428,14527
14051,14528
21073,14529
22934,14530
23621,14531
16450,14532
17846,14533
11653,14534
23615,14535
23794,14536
13169,14537
5253,14538
20138,14539
6916,14540
11849,14541
1137,14542
692,14543
7001,14544
7002,14545
7019,14546
1849,14547
16512,14548
11640,14549
21036,14550
12617,14551
21261,14552
21887,14553
19648,14554
6779,14555
15737,14556
14978,14557
19637,14558
24220,14559
6009,14560
6791,14561
7468,14562
14980,14563
17246,14564
18033,14565
7811,14566
19391,14567
20382,14568
6414,14569
18593,14570
19583,14571
13222,14572
8144,14573
15763,14574
15570,14575
17838,14576
19639,14577
1862,14578
14184,14579
13392,14580
18831,14581
21041,14582
12621,14583
10906,14584
18048,14585
20450,14586
18032,14587
13761,14588
15371,14589
13889,14590
12048,14591
12244,14592
17475,14593
18752,14594
17855,14595
17954,14596
18653,14597
13346,14598
19457,14599
14138,14600
21049,14601
18646,14602
17177,14603
21247,14604
3986,14605
22957,14606
23817,14607
12593,14608
21641,14609
5625,14610
21929,14611
4922,14612
20275,14613
21076,14614
2110,14615
22077,14616
21824,14617
815,14618
11603,14619
17040,14620
12490,14621
21960,14622
3359,14623
4064,14624
22818,14625
503,14626
21963,14627
6988,14628
8283,14629
7599,14630
17271,14631
14682,14632
21306,14633
12431,14634
13430,14635
1140,14636
11844,14637
22736,14638
23596,14639
14225,14640
10899,14641
23869,14642
10212,14643
22150,14644
1395,14645
11835,14646
18398,14647
16126,14648
12301,14649
19821,14650
4956,14651
22992,14652
19993,14653
10817,14654
15448,14655
19924,14656
4490,14657
7696,14658
15757,14659
23852,14660
20792,14661
328,14662
6788,14663
19022,14664
7418,14665
20619,14666
17788,14667
20308,14668
21152,14669
17943,14670
22779,14671
18741,14672
21072,14673
1394,14674
23637,14675
22079,14676
17772,14677
20172,14678
588,14679
23715,14680
1307,14681
14934,14682
2025,14683
15694,14684
20245,14685
2727,14686
7682,14687
8379,14688
17078,14689
18634,14690
16494,14691
21265,14692
21888,14693
22117,14694
424,14695
11825,14696
12618,14697
19636,14698
15317,14699
7381,14700
14686,14701
19128,14702
20940,14703
17245,14704
5891,14705
8659,14706
8854,14707
14210,14708
21271,14709
15741,14710
13757,14711
333,14712
8856,14713
23835,14714
22975,14715
15727,14716
16073,14717
6695,14718
14687,14719
3777,14720
6729,14721
21430,14722
4221,14723
13324,14724
11668,14725
19466,14726
21138,14727
22776,14728
22078,14729
23634,14730
21223,14731
21823,14732
5632,14733
17864,14734
18662,14735
21172,14736
22025,14737
23613,14738
19449,14739
17936,14740
21901,14741
17178,14742
8365,14743
8859,14744
8901,14745
8933,14746
8937,14747
8501,14748
6747,14749
7142,14750
6458,14751
10451,14752
13068,14753
13594,14754
14384,14755
17385,14756
12420,14757
17802,14758
16581,14759
19275,14760
11163,14761
10480,14762
16297,14763
17386,14764
16305,14765
18601,14766
1970,14767
12732,14768
20070,14769
12808,14770
10481,14771
14782,14772
17799,14773
12736,14774
21002,14775
21404,14776
18613,14777
21851,14778
22239,14779
22709,14780
23098,14781
23453,14782
15074,14783
15831,14784
19723,14785
19197,14786
10134,14787
19937,14788
20736,14789
17513,14790
12074,14791
22333,14792
23348,14793
15373,14794
14613,14795
10916,14796
2387,14797
23953,14798
13884,14799
18132,14800
18933,14801
14297,14802
21639,14803
2594,14804
3555,14805
3782,14806
3935,14807
4261,14808
4605,14809
23267,14810
12894,14811
15241,14812
16000,14813
17803,14814
18268,14815
23091,14816
24211,14817
2599,14818
3073,14819
4967,14820
14676,14821
3552,14822
2841,14823
13507,14824
22494,14825
18433,14826
5225,14827
5927,14828
13163,14829
17757,14830
18565,14831
19368,14832
22297,14833
13954,14834
13957,14835
2656,14836
6348,14837
7517,14838
7708,14839
11505,14840
7031,14841
6347,14842
11925,14843
14550,14844
5307,14845
3838,14846
15544,14847
4546,14848
21499,14849
14457,14850
24042,14851
23347,14852
6114,14853
8069,14854
7386,14855
14684,14856
8101,14857
5896,14858
472,14859
6311,14860
7252,14861
1588,14862
13961,14863
1936,14864
6997,14865
4866,14866
17999,14867
8198,14868
8389,14869
8998,14870
15009,14871
6771,14872
17269,14873
1286,14874
13224,14875
16507,14876
1852,14877
14996,14878
14222,14879
11836,14880
12967,14881
14611,14882
19428,14883
3840,14884
18541,14885
15755,14886
4251,14887
7464,14888
20467,14889
18064,14890
12629,14891
12172,14892
1762,14893
6790,14894
8159,14895
8378,14896
1139,14897
9147,14898
9228,14899
10326,14900
1236,14901
19510,14902
1952,14903
11698,14904
4070,14905
21110,14906
4881,14907
19522,14908
514,14909
23676,14910
2774,14911
16406,14912
5583,14913
14893,14914
5586,14915
12515,14916
6302,14917
7642,14918
11974,14919
8239,14920
21107,14921
5585,14922
15653,14923
14862,14924
12765,14925
925,14926
9319,14927
814,14928
16286,14929
8227,14930
15167,14931
10197,14932
16677,14933
8228,14934
10499,14935
6754,14936
8462,14937
8832,14938
4316,14939
5027,14940
2148,14941
23346,14942
2495,14943
14471,14944
22397,14945
14456,14946
3129,14947
21478,14948
16822,14949
3905,14950
3196,14951
13102,14952
19039,14953
11448,14954
9057,14955
15220,14956
6586,14957
24209,14958
1772,14959
1057,14960
338,14961
5246,14962
9143,14963
9348,14964
15194,14965
13192,14966
23754,14967
9371,14968
20043,14969
19814,14970
13378,14971
10274,14972
11584,14973
22675,14974
2648,14975
21839,14976
1357,14977
3341,14978
4916,14979
6312,14980
637,14981
5567,14982
20399,14983
15551,14984
13208,14985
11939,14986
15552,14987
14306,14988
13091,14989
18491,14990
17331,14991
16580,14992
11124,14993
12170,14994
1764,14995
20213,14996
21375,14997
22230,14998
12716,14999
13760,15000
3190,15001
21558,15002
13198,15003
24129,15004
15999,15005
15240,15006
23182,15007
15314,15008
10822,15009
10138,15010
15446,15011
3300,15012
11427,15013
4264,15014
4644,15015
23132,15016
11659,15017
13168,15018
22911,15019
4677,15020
2122,15021
2844,15022
10440,15023
12965,15024
6998,15025
8363,15026
14847,15027
6327,15028
8620,15029
10368,15030
15588,15031
18000,15032
18799,15033
11621,15034
12415,15035
14792,15036
15834,15037
13883,15038
19416,15039
20547,15040
4747,15041
5619,15042
15607,15043
5648,15044
23578,15045
17055,15046
17057,15047
17332,15048
22719,15049
16587,15050
21740,15051
17338,15052
15080,15053
21357,15054
20790,15055
23100,15056
2559,15057
5306,15058
7032,15059
18492,15060
7937,15061
11661,15062
13247,15063
14039,15064
9447,15065
18499,15066
4552,15067
13135,15068
22103,15069
6615,15070
15382,15071
23142,15072
21148,15073
18656,15074
2087,15075
21137,15076
12463,15077
22761,15078
13344,15079
23700,15080
13256,15081
17869,15082
2111,15083
2833,15084
19373,15085
20971,15086
11747,15087
593,15088
14136,15089
17088,15090
15581,15091
4919,15092
6177,15093
23673,15094
6316,15095
8955,15096
22815,15097
4882,15098
18144,15099
9452,15100
8770,15101
10231,15102
1672,15103
9512,15104
7784,15105
4321,15106
953,15107
369,15108
949,15109
4523,15110
12364,15111
17008,15112
20167,15113
21792,15114
22296,15115
12363,15116
13161,15117
17743,15118
1934,15119
19366,15120
3351,15121
6826,15122
6827,15123
8224,15124
9537,15125
13412,15126
12619,15127
9538,15128
14202,15129
13410,15130
18832,15131
23356,15132
6693,15133
16203,15134
9372,15135
11457,15136
10742,15137
1226,15138
16430,15139
17904,15140
22839,15141
1321,15142
23625,15143
23697,15144
2038,15145
2759,15146
2832,15147
650,15148
4863,15149
12547,15150
5564,15151
11755,15152
6233,15153
12447,15154
14034,15155
14822,15156
16344,15157
15590,15158
1525,15159
5622,15160
17108,15161
15665,15162
6315,15163
12469,15164
21979,15165
673,15166
23533,15167
6876,15168
13285,15169
4883,15170
17158,15171
7684,15172
13262,15173
21126,15174
17112,15175
2154,15176
5372,15177
4311,15178
20395,15179
15540,15180
17991,15181
666,15182
8325,15183
21392,15184
954,15185
6039,15186
18254,15187
2390,15188
19367,15189
11664,15190
20632,15191
13164,15192
16254,15193
23522,15194
501,15195
5445,15196
14832,15197
9005,15198
8292,15199
9542,15200
21245,15201
22100,15202
11800,15203
16075,15204
10815,15205
1155,15206
19028,15207
20040,15208
15210,15209
15526,15210
14765,15211
3356,15212
4188,15213
653,15214
11009,15215
11736,15216
12389,15217
16382,15218
3441,15219
2810,15220
4149,15221
22026,15222
4857,15223
21173,15224
19448,15225
11051,15226
17097,15227
18644,15228
16426,15229
13261,15230
17174,15231
18734,15232
2249,15233
17666,15234
22787,15235
16422,15236
5351,15237
11330,15238
10375,15239
10488,15240
15535,15241
2069,15242
21939,15243
5566,15244
19540,15245
6260,15246
18818,15247
6946,15248
19620,15249
22676,15250
20972,15251
13963,15252
16441,15253
1289,15254
15592,15255
7119,15256
10194,15257
6435,15258
15537,15259
13364,15260
14776,15261
2824,15262
7548,15263
17134,15264
2052,15265
18153,15266
9000,15267
7000,15268
14056,15269
14905,15270
16360,15271
2151,15272
20068,15273
6415,15274
12567,15275
16468,15276
12410,15277
11616,15278
23755,15279
7564,15280
4281,15281
12285,15282
2134,15283
20206,15284
21096,15285
7612,15286
23773,15287
16299,15288
17052,15289
15650,15290
13281,15291
21970,15292
14074,15293
21117,15294
14863,15295
14099,15296
15623,15297
13306,15298
16375,15299
14281,15300
18497,15301
21350,15302
1988,15303
15014,15304
10893,15305
16522,15306
18884,15307
23025,15308
24215,15309
20032,15310
3401,15311
21314,15312
553,15313
15771,15314
6769,15315
20486,15316
18084,15317
9140,15318
18471,15319
9524,15320
13448,15321
14240,15322
9588,15323
1288,15324
569,15325
3245,15326
5065,15327
9590,15328
10373,15329
11057,15330
6056,15331
4784,15332
23776,15333
7166,15334
9620,15335
7105,15336
10196,15337
5735,15338
3610,15339
2871,15340
9645,15341
23660,15342
3472,15343
17215,15344
7593,15345
9721,15346
10461,15347
23431,15348
23972,15349
11144,15350
14789,15351
14150,15352
21729,15353
7718,15354
14670,15355
18486,15356
13529,15357
15857,15358
19729,15359
20082,15360
20086,15361
14319,15362
11947,15363
15807,15364
11046,15365
13356,15366
20552,15367
17368,15368
11634,15369
20384,15370
20889,15371
19751,15372
11945,15373
11040,15374
11913,15375
11047,15376
14943,15377
15702,15378
23105,15379
16942,15380
15085,15381
17342,15382
19758,15383
17818,15384
18923,15385
19582,15386
2839,15387
1977,15388
19585,15389
1277,15390
3388,15391
14942,15392
4974,15393
1123,15394
15868,15395
14012,15396
22893,15397
4965,15398
5677,15399
3559,15400
13495,15401
1984,15402
15703,15403
543,15404
14944,15405
6218,15406
20381,15407
15565,15408
6338,15409
2705,15410
14149,15411
6902,15412
14148,15413
4826,15414
4118,15415
11857,15416
7600,15417
8284,15418
23881,15419
8285,15420
7601,15421
14228,15422
8983,15423
23751,15424
19422,15425
8986,15426
13357,15427
5526,15428
9097,15429
17065,15430
13358,15431
9526,15432
14235,15433
19432,15434
22135,15435
10218,15436
22737,15437
17261,15438
10213,15439
12640,15440
13433,15441
12628,15442
23595,15443
20471,15444
10898,15445
23854,15446
22994,15447
14213,15448
9671,15449
15701,15450
4827,15451
5528,15452
15767,15453
9527,15454
19681,15455
20225,15456
18863,15457
3416,15458
21287,15459
1853,15460
23001,15461
18860,15462
17250,15463
12966,15464
10816,15465
13891,15466
4833,15467
2836,15468
10901,15469
22143,15470
23002,15471
5179,15472
8145,15473
23864,15474
21290,15475
22993,15476
14551,15477
9739,15478
5578,15479
16389,15480
1332,15481
23423,15482
1240,15483
21209,15484
4074,15485
18804,15486
5120,15487
5776,15488
6201,15489
17048,15490
11959,15491
22588,15492
13541,15493
17069,15494
22203,15495
15441,15496
12695,15497
11904,15498
18903,15499
21629,15500
22540,15501
2600,15502
13631,15503
538,15504
15039,15505
6740,15506
11274,15507
11013,15508
6397,15509
12276,15510
11155,15511
8246,15512
19606,15513
12401,15514
11607,15515
15853,15516
21735,15517
17354,15518
16316,15519
11901,15520
8264,15521
14273,15522
14680,15523
22201,15524
21345,15525
13479,15526
22484,15527
8840,15528
13483,15529
14274,15530
22198,15531
8959,15532
4297,15533
16926,15534
10474,15535
11157,15536
8975,15537
16548,15538
6765,15539
15041,15540
15798,15541
23059,15542
9522,15543
16546,15544
17296,15545
23921,15546
23343,15547
341,15548
448,15549
15201,15550
11466,15551
3735,15552
9644,15553
10472,15554
8838,15555
12007,15556
14377,15557
9658,15558
19712,15559
6080,15560
14275,15561
13484,15562
979,15563
9793,15564
12163,15565
21687,15566
8880,15567
4472,15568
981,15569
9813,15570
15415,15571
9133,15572
8450,15573
9775,15574
21730,15575
9095,15576
14352,15577
7725,15578
22489,15579
10136,15580
1176,15581
15783,15582
20097,15583
22189,15584
14258,15585
21022,15586
11764,15587
11636,15588
12430,15589
19676,15590
9821,15591
21010,15592
14156,15593
13218,15594
23554,15595
17995,15596
3385,15597
4093,15598
20390,15599
10348,15600
6899,15601
14945,15602
9655,15603
21191,15604
8276,15605
7592,15606
15704,15607
1992,15608
2714,15609
16397,15610
17883,15611
17149,15612
18681,15613
17915,15614
19485,15615
10422,15616
20283,15617
12505,15618
14077,15619
12641,15620
5395,15621
4959,15622
11641,15623
11819,15624
18635,15625
19645,15626
1147,15627
14977,15628
20235,15629
14196,15630
6095,15631
12611,15632
11818,15633
17234,15634
7469,15635
18841,15636
18042,15637
14968,15638
9818,15639
14785,15640
21205,15641
22714,15642
23573,15643
3531,15644
7669,15645
9654,15646
10338,15647
17989,15648
6221,15649
6906,15650
11112,15651
6967,15652
9062,15653
6281,15654
9726,15655
11952,15656
11503,15657
13088,15658
14323,15659
13533,15660
12706,15661
11044,15662
15778,15663
17347,15664
18148,15665
22590,15666
13534,15667
14324,15668
15053,15669
5508,15670
18891,15671
4687,15672
6901,15673
12667,15674
7702,15675
1982,15676
11874,15677
3269,15678
14252,15679
13460,15680
23036,15681
24214,15682
2490,15683
8270,15684
13461,15685
8277,15686
14253,15687
19299,15688
21328,15689
9744,15690
7650,15691
13447,15692
8333,15693
12654,15694
8843,15695
14239,15696
9824,15697
9879,15698
9198,15699
10513,15700
17614,15701
10076,15702
988,15703
19243,15704
18738,15705
10313,15706
1351,15707
5487,15708
631,15709
1340,15710
5683,15711
19281,15712
4980,15713
4270,15714
13559,15715
7629,15716
23696,15717
13259,15718
1392,15719
14052,15720
2109,15721
18574,15722
19375,15723
9494,15724
1430,15725
2920,15726
15165,15727
6884,15728
4186,15729
19491,15730
11977,15731
16939,15732
12768,15733
13558,15734
11955,15735
3152,15736
3921,15737
21134,15738
3450,15739
13323,15740
4157,15741
4865,15742
23790,15743
5026,15744
521,15745
3479,15746
6070,15747
1417,15748
671,15749
20174,15750
15519,15751
11748,15752
708,15753
13587,15754
20194,15755
21097,15756
5497,15757
21950,15758
21942,15759
4976,15760
13880,15761
9516,15762
18180,15763
11484,15764
2849,15765
18980,15766
13566,15767
23575,15768
1347,15769
17892,15770
15046,15771
2562,15772
15803,15773
16553,15774
11895,15775
21621,15776
4627,15777
2694,15778
2801,15779
13080,15780
12767,15781
21074,15782
4216,15783
22782,15784
20419,15785
23640,15786
18018,15787
23534,15788
627,15789
695,15790
14781,15791
22801,15792
23123,15793
21012,15794
21948,15795
18689,15796
13503,15797
20896,15798
14293,15799
11920,15800
21352,15801
22476,15802
8411,15803
10444,15804
14011,15805
21945,15806
1344,15807
20506,15808
8137,15809
19706,15810
18901,15811
23909,15812
24197,15813
1071,15814
3386,15815
645,15816
10447,15817
17683,15818
9085,15819
11976,15820
10340,15821
12294,15822
18939,15823
23655,15824
6215,15825
22797,15826
4181,15827
9765,15828
7715,15829
19721,15830
3395,15831
23654,15832
4807,15833
5594,15834
18691,15835
20487,15836
413,15837
19688,15838
9880,15839
10183,15840
7834,15841
8515,15842
15927,15843
16816,15844
16883,15845
13674,15846
13899,15847
19035,15848
2631,15849
8098,15850
24005,15851
19557,15852
4142,15853
18756,15854
3434,15855
18768,15856
5551,15857
19569,15858
15587,15859
16341,15860
6919,15861
23689,15862
16359,15863
2856,15864
8829,15865
7118,15866
1954,15867
22918,15868
2676,15869
21949,15870
2678,15871
20990,15872
22251,15873
11495,15874
21396,15875
23974,15876
11979,15877
3380,15878
18154,15879
13081,15880
18955,15881
23111,15882
4796,15883
21395,15884
17681,15885
22250,15886
15878,15887
10450,15888
19182,15889
5483,15890
5962,15891
4630,15892
19101,15893
13940,15894
17706,15895
19762,15896
6021,15897
6200,15898
6634,15899
20105,15900
6625,15901
6885,15902
18787,15903
7995,15904
13034,15905
8349,15906
9199,15907
941,15908
15200,15909
16924,15910
18072,15911
17191,15912
9881,15913
1825,15914
11243,15915
10560,15916
7112,15917
9883,15918
391,15919
9884,15920
8473,15921
21663,15922
6677,15923
23217,15924
17709,15925
6622,15926
8097,15927
7992,15928
1377,15929
21052,15930
657,15931
21904,15932
22022,15933
22757,15934
22875,15935
12451,15936
8912,15937
8520,15938
9885,15939
9204,15940
6432,15941
12221,15942
8028,15943
17520,15944
19309,15945
3799,15946
15379,15947
5913,15948
4936,15949
1300,15950
21158,15951
2018,15952
4940,15953
6254,15954
5643,15955
14823,15956
9594,15957
11247,15958
8814,15959
9886,15960
10180,15961
7839,15962
8521,15963
9158,15964
21673,15965
275,15966
19095,15967
3290,15968
18236,15969
6725,15970
15976,15971
658,15972
6256,15973
1378,15974
4848,15975
13343,15976
5549,15977
14135,15978
17089,15979
16336,15980
8201,15981
9205,15982
9887,15983
1109,15984
11249,15985
10566,15986
9888,15987
9207,15988
9889,15989
3955,15990
2918,15991
6417,15992
15538,15993
16291,15994
18959,15995
13872,15996
23114,15997
22578,15998
18157,15999
18958,16000
8254,16001
682,16002
16184,16003
4984,16004
4274,16005
15114,16006
20784,16007
2498,16008
13893,16009
23231,16010
5920,16011
13032,16012
6128,16013
7997,16014
13320,16015
16256,16016
16358,16017
14113,16018
17110,16019
12526,16020
11677,16021
12471,16022
22929,16023
19385,16024
15530,16025
4332,16026
9847,16027
7438,16028
9159,16029
9166,16030
9151,16031
12162,16032
13862,16033
12804,16034
15418,16035
15157,16036
15914,16037
13988,16038
15127,16039
12419,16040
13209,16041
15073,16042
15554,16043
15830,16044
16663,16045
13990,16046
17692,16047
18131,16048
18164,16049
17060,16050
18130,16051
19405,16052
20215,16053
21005,16054
17325,16055
16191,16056
18931,16057
21371,16058
21856,16059
18932,16060
16190,16061
13514,16062
21857,16063
20538,16064
22229,16065
22710,16066
23085,16067
23581,16068
2121,16069
22598,16070
15071,16071
15828,16072
11123,16073
18391,16074
339,16075
12913,16076
13197,16077
1873,16078
10047,16079
2843,16080
3910,16081
19930,16082
21791,16083
18898,16084
4802,16085
4969,16086
5672,16087
23455,16088
4263,16089
3554,16090
6202,16091
21374,16092
15437,16093
23952,16094
23090,16095
6763,16096
22226,16097
23087,16098
7457,16099
23912,16100
20502,16101
1998,16102
15699,16103
17075,16104
16322,16105
21297,16106
22186,16107
9079,16108
24208,16109
1058,16110
19944,16111
1164,16112
9363,16113
9520,16114
13590,16115
14380,16116
12407,16117
20202,16118
12724,16119
14675,16120
14305,16121
13515,16122
17320,16123
19192,16124
23567,16125
2119,16126
16944,16127
15824,16128
16574,16129
23568,16130
19734,16131
16945,16132
18127,16133
23947,16134
5316,16135
9760,16136
23345,16137
1773,16138
24141,16139
10930,16140
8650,16141
13841,16142
989,16143
8072,16144
15447,16145
4481,16146
13836,16147
5187,16148
20352,16149
10327,16150
10356,16151
1365,16152
13258,16153
17211,16154
2081,16155
12465,16156
21927,16157
22817,16158
2663,16159
23675,16160
2748,16161
17955,16162
1309,16163
12549,16164
2831,16165
3466,16166
11723,16167
590,16168
11757,16169
20246,16170
14030,16171
18645,16172
15668,16173
23645,16174
18728,16175
2797,16176
14055,16177
19532,16178
5950,16179
20939,16180
14224,16181
672,16182
22677,16183
21825,16184
13171,16185
13337,16186
6849,16187
13976,16188
14770,16189
1354,16190
375,16191
6180,16192
22812,16193
3469,16194
6959,16195
17367,16196
16941,16197
12731,16198
12764,16199
17322,16200
20891,16201
11940,16202
23961,16203
2703,16204
16458,16205
5664,16206
1985,16207
17210,16208
3411,16209
7058,16210
16183,16211
4991,16212
8262,16213
17985,16214
8290,16215
4391,16216
20063,16217
8985,16218
18784,16219
559,16220
8994,16221
16459,16222
6915,16223
9280,16224
7611,16225
12812,16226
9530,16227
13432,16228
6333,16229
20456,16230
9683,16231
18733,16232
13263,16233
17930,16234
15606,16235
8457,16236
7445,16237
3370,16238
7735,16239
11492,16240
7057,16241
14787,16242
19498,16243
21008,16244
4179,16245
21190,16246
1265,16247
7666,16248
10411,16249
16439,16250
6244,16251
14678,16252
4960,16253
18908,16254
21333,16255
18621,16256
14227,16257
1996,16258
20220,16259
18078,16260
21020,16261
11859,16262
2717,16263
12644,16264
2719,16265
11850,16266
2720,16267
23880,16268
4119,16269
15001,16270
5384,16271
2101,16272
1274,16273
1989,16274
1272,16275
12652,16276
1990,16277
2712,16278
16518,16279
4819,16280
5520,16281
21305,16282
10210,16283
23020,16284
11637,16285
22731,16286
22145,16287
23591,16288
23862,16289
420,16290
18861,16291
19666,16292
19658,16293
555,16294
20480,16295
5658,16296
419,16297
18865,16298
19670,16299
18054,16300
5964,16301
21692,16302
16957,16303
21543,16304
5183,16305
6230,16306
6913,16307
6228,16308
22161,16309
6914,16310
13442,16311
7460,16312
23884,16313
17829,16314
21031,16315
21283,16316
21882,16317
18858,16318
10903,16319
20462,16320
23860,16321
2577,16322
13425,16323
6089,16324
7700,16325
7776,16326
22902,16327
22912,16328
23574,16329
22715,16330
18788,16331
6928,16332
20403,16333
21009,16334
23572,16335
15649,16336
12489,16337
14889,16338
11697,16339
19520,16340
13282,16341
14075,16342
14888,16343
20318,16344
15624,16345
7701,16346
17698,16347
15802,16348
2710,16349
21313,16350
16197,16351
17272,16352
15013,16353
20484,16354
6911,16355
16521,16356
7597,16357
18883,16358
6084,16359
23889,16360
21312,16361
14237,16362
7326,16363
8009,16364
6020,16365
19103,16366
6107,16367
8074,16368
20697,16369
6108,16370
8140,16371
15012,16372
20485,16373
11860,16374
6643,16375
7391,16376
8142,16377
14234,16378
18631,16379
19434,16380
14998,16381
2116,16382
3274,16383
21294,16384
22149,16385
4832,16386
20469,16387
8845,16388
18877,16389
17828,16390
14995,16391
20227,16392
18061,16393
22732,16394
8146,16395
16506,16396
17257,16397
22132,16398
8848,16399
16509,16400
12639,16401
18852,16402
8850,16403
3542,16404
20466,16405
9075,16406
12681,16407
2709,16408
11765,16409
4113,16410
12557,16411
21877,16412
19427,16413
4816,16414
14146,16415
2002,16416
1285,16417
17265,16418
551,16419
22886,16420
1284,16421
22729,16422
11851,16423
3273,16424
16515,16425
16324,16426
18035,16427
20237,16428
12598,16429
23604,16430
23818,16431
10912,16432
18836,16433
19641,16434
13387,16435
2584,16436
23814,16437
3279,16438
12600,16439
11807,16440
14179,16441
21622,16442
5516,16443
22885,16444
14807,16445
15566,16446
17263,16447
2571,16448
15760,16449
19436,16450
13411,16451
23600,16452
2580,16453
21263,16454
22118,16455
11798,16456
23336,16457
351,16458
552,16459
12556,16460
13223,16461
14015,16462
13435,16463
6088,16464
12643,16465
14813,16466
15571,16467
19441,16468
21243,16469
1150,16470
22119,16471
10221,16472
22953,16473
22981,16474
23813,16475
23838,16476
18045,16477
19635,16478
5963,16479
7020,16480
7463,16481
8381,16482
19440,16483
21040,16484
14186,16485
21893,16486
19651,16487
10220,16488
22099,16489
429,16490
20437,16491
19638,16492
5397,16493
8846,16494
11848,16495
12434,16496
14200,16497
19437,16498
19647,16499
2581,16500
21259,16501
22114,16502
12591,16503
19186,16504
6094,16505
12615,16506
11822,16507
11799,16508
9536,16509
9552,16510
3076,16511
9690,16512
10374,16513
12020,16514
8130,16515
14389,16516
13600,16517
16625,16518
13082,16519
15875,16520
7050,16521
12771,16522
19977,16523
8077,16524
10258,16525
20475,16526
7462,16527
18872,16528
18073,16529
3546,16530
9841,16531
9510,16532
9160,16533
17043,16534
16290,16535
23760,16536
4239,16537
9820,16538
402,16539
9139,16540
13203,16541
11775,16542
20993,16543
19596,16544
1971,16545
2145,16546
1253,16547
18002,16548
20207,16549
13996,16550
2693,16551
18790,16552
4944,16553
11022,16554
6207,16555
19590,16556
4810,16557
5511,16558
3486,16559
4161,16560
6214,16561
8268,16562
13360,16563
8345,16564
3454,16565
7662,16566
4869,16567
22166,16568
5572,16569
21311,16570
10894,16571
23026,16572
18874,16573
4690,16574
18075,16575
12433,16576
13226,16577
13417,16578
14810,16579
17247,16580
22126,16581
3277,16582
4694,16583
14984,16584
17248,16585
8148,16586
15742,16587
13416,16588
8972,16589
11023,16590
22896,16591
6907,16592
6222,16593
14152,16594
556,16595
1275,16596
18713,16597
18682,16598
9067,16599
9044,16600
17346,16601
13881,16602
14673,16603
15435,16604
15845,16605
15088,16606
11915,16607
10360,16608
12666,16609
16595,16610
18948,16611
18949,16612
19755,16613
15809,16614
3390,16615
11873,16616
1131,16617
23042,16618
4098,16619
21326,16620
546,16621
21327,16622
6216,16623
22182,16624
5389,16625
7023,16626
9675,16627
22181,16628
410,16629
19695,16630
9740,16631
17884,16632
13299,16633
19486,16634
11712,16635
20284,16636
14092,16637
9735,16638
5661,16639
4693,16640
18871,16641
17835,16642
22743,16643
16492,16644
22968,16645
1859,16646
18041,16647
23602,16648
18839,16649
10910,16650
20443,16651
19644,16652
23808,16653
16058,16654
10825,16655
426,16656
23827,16657
5243,16658
18506,16659
16713,16660
12254,16661
2616,16662
9890,16663
9209,16664
17433,16665
15343,16666
9891,16667
7779,16668
12398,16669
20567,16670
23434,16671
22255,16672
21400,16673
15873,16674
21666,16675
291,16676
6198,16677
23116,16678
15429,16679
21399,16680
16630,16681
17374,16682
13793,16683
10782,16684
11512,16685
9650,16686
23979,16687
16938,16688
15124,16689
15881,16690
15116,16691
22522,16692
9892,16693
9893,16694
7844,16695
9894,16696
16682,16697
15342,16698
99,16699
990,16700
2414,16701
12338,16702
18165,16703
20676,16704
9900,16705
12157,16706
3914,16707
9903,16708
21647,16709
4599,16710
22429,16711
8875,16712
5892,16713
13042,16714
1643,16715
14399,16716
9904,16717
9905,16718
18403,16719
10809,16720
10268,16721
13292,16722
2635,16723
3836,16724
15495,16725
15635,16726
22000,16727
14636,16728
4749,16729
11322,16730
1809,16731
6285,16732
3677,16733
3235,16734
6528,16735
2533,16736
11320,16737
10635,16738
766,16739
15323,16740
7374,16741
7948,16742
14639,16743
4416,16744
20057,16745
4450,16746
20949,16747
6572,16748
5451,16749
11706,16750
7904,16751
1091,16752
10644,16753
18466,16754
2291,16755
23545,16756
13288,16757
2984,16758
3652,16759
10323,16760
14870,16761
5804,16762
13187,16763
12493,16764
17886,16765
8575,16766
8916,16767
802,16768
19269,16769
11325,16770
10640,16771
9128,16772
3964,16773
9274,16774
9343,16775
485,16776
17137,16777
841,16778
17782,16779
11704,16780
2050,16781
20591,16782
17671,16783
19791,16784
22269,16785
9624,16786
22819,16787
2773,16788
1412,16789
14663,16790
691,16791
5702,16792
5691,16793
9808,16794
10483,16795
6394,16796
9858,16797
10190,16798
4314,16799
15177,16800
3375,16801
17901,16802
400,16803
15158,16804
13860,16805
14367,16806
13074,16807
13577,16808
15898,16809
16627,16810
16312,16811
21094,16812
2157,16813
17792,16814
23576,16815
20295,16816
20291,16817
14280,16818
23663,16819
7767,16820
4801,16821
18694,16822
5693,16823
12411,16824
17896,16825
23653,16826
13502,16827
1839,16828
12711,16829
4258,16830
4961,16831
12179,16832
8436,16833
22698,16834
22805,16835
21088,16836
8456,16837
19395,16838
18699,16839
23650,16840
17361,16841
13877,16842
15103,16843
15860,16844
991,16845
12900,16846
20135,16847
12589,16848
22348,16849
5398,16850
11796,16851
23806,16852
9910,16853
1237,16854
12492,16855
4173,16856
11140,16857
11491,16858
10457,16859
9782,16860
18962,16861
9911,16862
11014,16863
15908,16864
13070,16865
17411,16866
16659,16867
5711,16868
17561,16869
10148,16870
19942,16871
3301,16872
5437,16873
15150,16874
5877,16875
12252,16876
3763,16877
7561,16878
7758,16879
8837,16880
9643,16881
12800,16882
14657,16883
14378,16884
15151,16885
5007,16886
15298,16887
9916,16888
10596,16889
2925,16890
24188,16891
366,16892
14489,16893
10933,16894
905,16895
16902,16896
5873,16897
6309,16898
992,16899
1391,16900
20934,16901
836,16902
19266,16903
1556,16904
10678,16905
828,16906
23390,16907
9920,16908
9238,16909
9901,16910
15308,16911
1065,16912
12906,16913
9563,16914
5174,16915
13839,16916
7286,16917
14110,16918
18660,16919
22847,16920
17862,16921
20262,16922
13375,16923
22083,16924
11573,16925
9922,16926
8108,16927
9240,16928
2944,16929
10582,16930
20795,16931
5300,16932
22424,16933
7491,16934
8657,16935
14631,16936
10054,16937
18723,16938
20259,16939
14913,16940
20260,16941
21061,16942
11787,16943
23798,16944
20956,16945
9925,16946
2204,16947
21613,16948
10837,16949
16787,16950
8878,16951
2348,16952
13045,16953
910,16954
7676,16955
18665,16956
1366,16957
1319,16958
11784,16959
600,16960
17225,16961
15510,16962
9926,16963
383,16964
5078,16965
5781,16966
11265,16967
15321,16968
9927,16969
7853,16970
22520,16971
2456,16972
18347,16973
4717,16974
19018,16975
993,16976
22362,16977
21485,16978
16347,16979
11397,16980
16156,16981
10712,16982
16264,16983
14955,16984
17229,16985
1184,16986
14835,16987
15594,16988
1596,16989
17100,16990
17652,16991
10717,16992
17851,16993
10718,16994
16908,16995
18649,16996
1933,16997
19364,16998
19453,16999
23783,17000
23786,17001
24061,17002
23161,17003
10732,17004
11417,17005
23802,17006
1914,17007
2636,17008
22925,17009
2654,17010
18814,17011
3038,17012
19253,17013
2315,17014
20962,17015
22068,17016
3347,17017
4055,17018
22071,17019
4132,17020
11395,17021
16910,17022
17654,17023
10710,17024
1221,17025
18014,17026
20162,17027
17221,17028
3036,17029
17015,17030
1906,17031
11280,17032
1819,17033
1494,17034
11010,17035
16925,17036
15159,17037
16118,17038
19616,17039
19770,17040
14356,17041
17353,17042
15095,17043
18147,17044
206,17045
3329,17046
4053,17047
20413,17048
463,17049
18013,17050
4762,17051
11781,17052
4841,17053
502,17054
5075,17055
5143,17056
16909,17057
11399,17058
12365,17059
1564,17060
10685,17061
18011,17062
19614,17063
17787,17064
21702,17065
4436,17066
15509,17067
14162,17068
5449,17069
1498,17070
10858,17071
5467,17072
22073,17073
5469,17074
21217,17075
5542,17076
11402,17077
15398,17078
1597,17079
1219,17080
13370,17081
1223,17082
16262,17083
18015,17084
18451,17085
20163,17086
22923,17087
1239,17088
4763,17089
4243,17090
18586,17091
5651,17092
6038,17093
19079,17094
18278,17095
19859,17096
10035,17097
6253,17098
2311,17099
20052,17100
1591,17101
11575,17102
19363,17103
19615,17104
20960,17105
20416,17106
6938,17107
6939,17108
20359,17109
577,17110
2818,17111
1296,17112
2014,17113
21232,17114
22087,17115
7013,17116
7266,17117
12367,17118
17021,17119
2108,17120
19386,17121
21218,17122
4949,17123
7622,17124
1592,17125
23411,17126
10709,17127
17764,17128
21219,17129
17786,17130
7541,17131
20414,17132
2659,17133
7865,17134
8306,17135
7942,17136
22554,17137
23412,17138
11392,17139
20411,17140
870,17141
22553,17142
1590,17143
23519,17144
19617,17145
8223,17146
4244,17147
873,17148
19255,17149
3035,17150
15511,17151
16470,17152
18563,17153
18564,17154
18813,17155
22928,17156
877,17157
14638,17158
16154,17159
3040,17160
13162,17161
22664,17162
23787,17163
4061,17164
5652,17165
19387,17166
89,17167
8910,17168
19359,17169
11334,17170
22571,17171
1528,17172
2252,17173
5770,17174
12226,17175
18430,17176
20739,17177
15234,17178
5924,17179
3810,17180
20641,17181
14546,17182
15372,17183
8915,17184
1524,17185
17667,17186
9021,17187
15956,17188
13846,17189
14641,17190
15199,17191
13955,17192
21810,17193
23521,17194
18815,17195
3536,17196
4245,17197
6575,17198
19612,17199
4783,17200
9337,17201
16266,17202
18016,17203
19365,17204
20186,17205
18585,17206
3537,17207
6170,17208
22927,17209
1937,17210
20187,17211
9341,17212
14640,17213
10025,17214
14748,17215
15714,17216
4765,17217
23788,17218
4771,17219
4772,17220
500,17221
22926,17222
19388,17223
10877,17224
10527,17225
6194,17226
8133,17227
18179,17228
15362,17229
13565,17230
13557,17231
18122,17232
20530,17233
18916,17234
19722,17235
20518,17236
18422,17237
225,17238
101,17239
9347,17240
9450,17241
17785,17242
18316,17243
24056,17244
23196,17245
22310,17246
13649,17247
3102,17248
12161,17249
23401,17250
19134,17251
13186,17252
7097,17253
10885,17254
6413,17255
5721,17256
698,17257
1420,17258
7754,17259
12956,17260
22542,17261
13687,17262
8232,17263
16345,17264
8375,17265
2721,17266
21023,17267
21879,17268
11821,17269
9635,17270
8131,17271
16667,17272
17622,17273
18166,17274
205,17275
88,17276
9706,17277
18759,17278
10390,17279
11076,17280
13379,17281
14171,17282
1905,17283
2627,17284
3328,17285
2975,17286
21719,17287
4393,17288
7899,17289
23430,17290
9930,17291
1101,17292
9248,17293
9932,17294
4359,17295
9933,17296
10614,17297
7172,17298
18401,17299
10812,17300
20745,17301
12332,17302
3085,17303
9935,17304
19271,17305
7875,17306
9936,17307
9937,17308
7852,17309
19203,17310
322,17311
12122,17312
17727,17313
919,17314
13044,17315
16715,17316
4913,17317
4155,17318
3514,17319
20264,17320
18823,17321
3448,17322
19627,17323
1218,17324
9938,17325
9255,17326
6487,17327
20796,17328
10128,17329
17542,17330
13153,17331
11304,17332
18526,17333
3778,17334
13835,17335
5191,17336
7677,17337
14745,17338
15506,17339
19467,17340
4928,17341
20265,17342
21229,17343
2757,17344
20426,17345
497,17346
2652,17347
4052,17348
9236,17349
994,17350
19096,17351
21753,17352
4507,17353
6833,17354
7160,17355
390,17356
7414,17357
5213,17358
4230,17359
8310,17360
3523,17361
6255,17362
3527,17363
6941,17364
4235,17365
15582,17366
8286,17367
19535,17368
15605,17369
7059,17370
8522,17371
2914,17372
8828,17373
1445,17374
15414,17375
16511,17376
13336,17377
21841,17378
2675,17379
18007,17380
14779,17381
17046,17382
14948,17383
4073,17384
2786,17385
4786,17386
13984,17387
2687,17388
2848,17389
23436,17390
2126,17391
4271,17392
21727,17393
2125,17394
2847,17395
4795,17396
2846,17397
20078,17398
2124,17399
1399,17400
6369,17401
6366,17402
7726,17403
16103,17404
8350,17405
8407,17406
9404,17407
9839,17408
11434,17409
9942,17410
7882,17411
10585,17412
24245,17413
9419,17414
22436,17415
21776,17416
4492,17417
9947,17418
22572,17419
10628,17420
15192,17421
1485,17422
17581,17423
995,17424
9953,17425
14647,17426
10634,17427
11319,17428
11267,17429
18402,17430
1040,17431
9954,17432
1810,17433
2241,17434
2964,17435
7173,17436
16831,17437
6006,17438
21592,17439
17001,17440
23475,17441
17478,17442
18443,17443
12843,17444
14901,17445
19460,17446
22001,17447
17858,17448
16477,17449
20257,17450
15721,17451
21809,17452
9957,17453
2932,17454
16079,17455
9440,17456
16044,17457
20113,17458
8670,17459
6044,17460
7301,17461
21123,17462
16259,17463
17012,17464
595,17465
13326,17466
2031,17467
14962,17468
2752,17469
14169,17470
1931,17471
10988,17472
7537,17473
16270,17474
12818,17475
10193,17476
13610,17477
1246,17478
20189,17479
18171,17480
17680,17481
18971,17482
19776,17483
1406,17484
2136,17485
16934,17486
23362,17487
4082,17488
19775,17489
16935,17490
22261,17491
12783,17492
2131,17493
24226,17494
1758,17495
18346,17496
17006,17497
4007,17498
17468,17499
12251,17500
7975,17501
5142,17502
14903,17503
9103,17504
8420,17505
685,17506
22502,17507
9918,17508
6738,17509
11283,17510
5777,17511
9752,17512
11682,17513
11684,17514
12475,17515
13268,17516
13269,17517
14850,17518
14852,17519
14853,17520
15611,17521
16413,17522
17166,17523
16371,17524
16414,17525
17921,17526
14069,17527
17162,17528
11691,17529
12483,17530
18720,17531
21122,17532
11080,17533
21975,17534
23684,17535
15616,17536
22826,17537
16370,17538
17122,17539
14391,17540
3494,17541
14070,17542
4201,17543
12484,17544
13277,17545
3591,17546
4301,17547
15413,17548
4910,17549
15614,17550
4202,17551
13272,17552
11168,17553
14065,17554
5012,17555
11772,17556
5568,17557
5569,17558
12814,17559
6263,17560
12022,17561
6265,17562
13604,17563
6951,17564
12816,17565
6757,17566
14393,17567
20391,17568
6954,17569
16411,17570
11690,17571
12482,17572
3589,17573
4299,17574
11478,17575
2142,17576
17992,17577
7447,17578
11171,17579
19593,17580
7674,17581
17881,17582
6992,17583
16369,17584
15919,17585
17121,17586
15162,17587
12274,17588
16669,17589
11716,17590
7773,17591
8318,17592
17165,17593
6266,17594
16671,17595
6952,17596
18982,17597
13066,17598
18182,17599
17990,17600
8449,17601
6075,17602
2063,17603
1348,17604
8452,17605
11480,17606
12023,17607
23759,17608
8454,17609
10886,17610
4300,17611
21194,17612
9029,17613
15658,17614
6267,17615
14898,17616
10397,17617
11083,17618
16672,17619
693,17620
10201,17621
17423,17622
11774,17623
9131,17624
6759,17625
9811,17626
4902,17627
9959,17628
20065,17629
8577,17630
7894,17631
6486,17632
19202,17633
996,17634
22406,17635
16996,17636
2834,17637
3990,17638
9378,17639
4643,17640
4498,17641
11045,17642
23749,17643
2813,17644
10324,17645
17909,17646
17946,17647
16352,17648
23702,17649
14838,17650
15598,17651
12574,17652
3435,17653
21153,17654
19455,17655
4143,17656
4248,17657
17022,17658
11578,17659
13958,17660
19568,17661
4774,17662
18707,17663
4172,17664
18718,17665
487,17666
14764,17667
3941,17668
5475,17669
20305,17670
6958,17671
7009,17672
7218,17673
6241,17674
7588,17675
22891,17676
1995,17677
21873,17678
23883,17679
6770,17680
11858,17681
2003,17682
12632,17683
23594,17684
14217,17685
2726,17686
22151,17687
2572,17688
23871,17689
5659,17690
22134,17691
13802,17692
1715,17693
6775,17694
21281,17695
22136,17696
21279,17697
6787,17698
7691,17699
17842,17700
14825,17701
14830,17702
16330,17703
19446,17704
20336,17705
2251,17706
22786,17707
22831,17708
22836,17709
23644,17710
18730,17711
2531,17712
639,17713
21934,17714
17932,17715
12472,17716
4310,17717
5373,17718
1241,17719
7099,17720
14833,17721
18803,17722
18606,17723
17807,17724
11115,17725
7012,17726
22913,17727
11615,17728
12409,17729
13361,17730
7737,17731
22577,17732
4282,17733
15545,17734
630,17735
623,17736
20388,17737
2704,17738
8453,17739
8944,17740
19507,17741
2055,17742
15130,17743
19280,17744
20573,17745
9092,17746
21731,17747
12739,17748
13556,17749
1397,17750
16189,17751
11948,17752
14320,17753
17307,17754
1979,17755
23748,17756
2698,17757
22894,17758
4104,17759
22890,17760
1279,17761
22724,17762
15762,17763
8973,17764
23752,17765
1993,17766
1276,17767
23873,17768
8143,17769
11853,17770
11642,17771
21038,17772
11816,17773
10224,17774
13402,17775
21890,17776
21254,17777
22108,17778
7470,17779
14975,17780
14192,17781
15730,17782
9534,17783
19662,17784
20461,17785
14216,17786
9540,17787
22965,17788
9651,17789
6299,17790
4867,17791
14129,17792
9694,17793
17697,17794
5385,17795
12698,17796
9728,17797
10429,17798
9046,17799
9747,17800
7646,17801
21971,17802
8329,17803
21118,17804
6963,17805
17303,17806
20096,17807
11909,17808
4817,17809
21315,17810
6225,17811
21316,17812
16950,17813
7458,17814
8281,17815
22172,17816
10892,17817
20488,17818
19689,17819
18082,17820
13800,17821
7351,17822
9842,17823
6066,17824
2172,17825
1249,17826
22693,17827
17993,17828
6326,17829
9141,17830
1834,17831
11179,17832
13994,17833
3593,17834
17806,17835
22914,17836
12408,17837
11614,17838
17216,17839
10337,17840
11631,17841
12564,17842
4905,17843
3452,17844
534,17845
21198,17846
17816,17847
18616,17848
22900,17849
13221,17850
5647,17851
6353,17852
14672,17853
10441,17854
15434,17855
20886,17856
5678,17857
4975,17858
6892,17859
12426,17860
20389,17861
3394,17862
4102,17863
5646,17864
7703,17865
8989,17866
8991,17867
19696,17868
9084,17869
8395,17870
11034,17871
18093,17872
9663,17873
6325,17874
5521,17875
4820,17876
8343,17877
5574,17878
7660,17879
4871,17880
6978,17881
3456,17882
4163,17883
5603,17884
6292,17885
13283,17886
17262,17887
10211,17888
15759,17889
21037,17890
21889,17891
13407,17892
1146,17893
20445,17894
19646,17895
14970,17896
22113,17897
10223,17898
22742,17899
18043,17900
23831,17901
22971,17902
8857,17903
22970,17904
23830,17905
9665,17906
20495,17907
2566,17908
9672,17909
10427,17910
7649,17911
3487,17912
8332,17913
4194,17914
3453,17915
19686,17916
4160,17917
18882,17918
7459,17919
18083,17920
14232,17921
2570,17922
13440,17923
11638,17924
14017,17925
21273,17926
22129,17927
22739,17928
14986,17929
3983,17930
14211,17931
13419,17932
6091,17933
22127,17934
7466,17935
22987,17936
23847,17937
11830,17938
13799,17939
2442,17940
9757,17941
1264,17942
18893,17943
1130,17944
23045,17945
11876,17946
9764,17947
11635,17948
15023,17949
15056,17950
545,17951
15780,17952
409,17953
19697,17954
9963,17955
2171,17956
11017,17957
19506,17958
6868,17959
18701,17960
21940,17961
22248,17962
22581,17963
23109,17964
9964,17965
10665,17966
2222,17967
4648,17968
6860,17969
633,17970
8527,17971
4664,17972
3605,17973
2921,17974
17427,17975
4785,17976
19502,17977
6755,17978
5716,17979
5730,17980
1965,17981
23661,17982
6756,17983
15904,17984
16929,17985
4273,17986
14668,17987
16655,17988
17371,17989
18482,17990
13535,17991
11131,17992
11941,17993
12427,17994
22716,17995
23446,17996
12744,17997
11953,17998
23657,17999
4891,18000
4983,18001
11970,18002
5505,18003
22798,18004
5666,18005
4103,18006
6208,18007
23656,18008
21943,18009
16540,18010
625,18011
6367,18012
4804,18013
22799,18014
18690,18015
15047,18016
1840,18017
20517,18018
6900,18019
1345,18020
17893,18021
15015,18022
696,18023
11994,18024
20208,18025
23659,18026
6886,18027
629,18028
17891,18029
8842,18030
23029,18031
23891,18032
8967,18033
20300,18034
18687,18035
8981,18036
17895,18037
3474,18038
20497,18039
4686,18040
19698,18041
22184,18042
18088,18043
16072,18044
9281,18045
2175,18046
4076,18047
22809,18048
8947,18049
23667,18050
620,18051
9630,18052
23669,18053
2777,18054
12793,18055
15422,18056
16653,18057
17405,18058
9798,18059
19397,18060
22803,18061
19492,18062
8396,18063
13087,18064
9965,18065
11210,18066
2664,18067
21956,18068
8247,18069
21103,18070
2778,18071
5685,18072
9966,18073
11257,18074
8020,18075
21684,18076
19142,18077
13921,18078
3685,18079
3829,18080
8682,18081
19848,18082
3808,18083
19181,18084
5334,18085
3217,18086
16774,18087
20185,18088
24055,18089
21490,18090
21456,18091
14439,18092
3596,18093
10199,18094
2872,18095
2149,18096
4514,18097
12149,18098
5014,18099
5718,18100
6393,18101
12944,18102
6712,18103
3144,18104
20168,18105
7401,18106
13906,18107
3841,18108
7957,18109
12259,18110
17651,18111
1604,18112
2324,18113
23409,18114
19810,18115
19011,18116
11565,18117
10626,18118
13947,18119
14738,18120
16249,18121
17756,18122
18997,18123
19355,18124
19356,18125
10599,18126
22656,18127
23122,18128
23513,18129
10632,18130
23515,18131
20600,18132
4433,18133
1201,18134
16260,18135
11284,18136
1103,18137
4447,18138
15496,18139
10622,18140
15499,18141
11295,18142
17754,18143
20155,18144
22658,18145
3325,18146
10594,18147
4739,18148
4756,18149
3663,18150
5152,18151
14735,18152
16252,18153
14413,18154
17755,18155
11285,18156
18551,18157
16699,18158
18555,18159
1903,18160
21807,18161
23517,18162
14418,18163
2938,18164
3666,18165
4994,18166
5444,18167
2940,18168
5791,18169
7200,18170
7255,18171
18559,18172
2641,18173
6164,18174
10600,18175
10859,18176
7182,18177
6497,18178
7867,18179
7881,18180
7884,18181
7889,18182
7939,18183
1204,18184
1215,18185
15507,18186
5089,18187
14649,18188
1511,18189
791,18190
8541,18191
4660,18192
6494,18193
8543,18194
8545,18195
8550,18196
8107,18197
8553,18198
5361,18199
13624,18200
8572,18201
8103,18202
6525,18203
7209,18204
5066,18205
21612,18206
8905,18207
11291,18208
9237,18209
9261,18210
6735,18211
9470,18212
9627,18213
6926,18214
19577,18215
12439,18216
9917,18217
1818,18218
7180,18219
7860,18220
9897,18221
19173,18222
1799,18223
12108,18224
20156,18225
8883,18226
5173,18227
15392,18228
3760,18229
9070,18230
599,18231
3512,18232
1318,18233
14959,18234
22773,18235
19626,18236
8936,18237
9919,18238
9215,18239
19970,18240
6031,18241
9928,18242
2926,18243
9944,18244
9967,18245
10649,18246
758,18247
9968,18248
5349,18249
10592,18250
9285,18251
1490,18252
1963,18253
23982,18254
21726,18255
16633,18256
2685,18257
18966,18258
13078,18259
20571,18260
529,18261
15129,18262
13871,18263
16636,18264
17387,18265
23117,18266
16113,18267
271,18268
21537,18269
24059,18270
1220,18271
4012,18272
18027,18273
483,18274
10289,18275
23785,18276
4063,18277
3357,18278
21213,18279
4948,18280
5474,18281
5967,18282
6181,18283
19610,18284
15539,18285
14778,18286
18961,18287
20875,18288
19287,18289
12749,18290
16602,18291
2784,18292
10346,18293
10349,18294
10357,18295
11033,18296
11041,18297
1325,18298
13304,18299
14013,18300
14153,18301
14804,18302
15645,18303
18714,18304
22042,18305
3473,18306
22898,18307
11042,18308
10358,18309
23033,18310
4180,18311
19588,18312
2707,18313
549,18314
22173,18315
5509,18316
18879,18317
5510,18318
4809,18319
18086,18320
605,18321
6212,18322
11030,18323
19587,18324
6297,18325
4101,18326
3393,18327
13453,18328
6898,18329
17917,18330
6983,18331
6905,18332
6220,18333
23896,18334
6965,18335
7582,18336
15646,18337
6897,18338
20386,18339
7583,18340
14946,18341
7589,18342
12509,18343
6278,18344
17916,18345
10415,18346
16398,18347
6964,18348
17150,18349
11101,18350
7665,18351
11102,18352
21192,18353
6279,18354
22045,18355
8039,18356
18455,18357
8265,18358
14885,18359
6211,18360
17987,18361
8266,18362
18785,18363
550,18364
5515,18365
20489,18366
1847,18367
14243,18368
13441,18369
14233,18370
22157,18371
13738,18372
8088,18373
21507,18374
8193,18375
1570,18376
8267,18377
3389,18378
17214,18379
10363,18380
8273,18381
16462,18382
8274,18383
7590,18384
19683,18385
8348,18386
8978,18387
14886,18388
1324,18389
13303,18390
2697,18391
17213,18392
2762,18393
11717,18394
604,18395
14096,18396
2041,18397
4901,18398
8979,18399
3530,18400
9049,18401
14095,18402
2042,18403
12508,18404
9336,18405
5447,18406
9511,18407
7796,18408
8477,18409
21953,18410
17045,18411
16292,18412
18594,18413
18806,18414
1968,18415
20204,18416
16541,18417
20989,18418
21845,18419
19396,18420
14284,18421
23550,18422
10334,18423
22049,18424
2686,18425
2690,18426
18793,18427
4084,18428
1964,18429
21196,18430
4089,18431
22903,18432
4794,18433
20394,18434
530,18435
16465,18436
5495,18437
3378,18438
19594,18439
6882,18440
6197,18441
17217,18442
9660,18443
1975,18444
20387,18445
1268,18446
4813,18447
13451,18448
1133,18449
12658,18450
22158,18451
21303,18452
21302,18453
12943,18454
7405,18455
21510,18456
13924,18457
5122,18458
9661,18459
21189,18460
1986,18461
1269,18462
14244,18463
3978,18464
11866,18465
15766,18466
15007,18467
18076,18468
8006,18469
10157,18470
19098,18471
8898,18472
20604,18473
9662,18474
10347,18475
17986,18476
4814,18477
4106,18478
18885,18479
4689,18480
13452,18481
20479,18482
19680,18483
18875,18484
16052,18485
10841,18486
12879,18487
14714,18488
7250,18489
9678,18490
21319,18491
5391,18492
23034,18493
18876,18494
18077,18495
19679,18496
15294,18497
11443,18498
16011,18499
10952,18500
11381,18501
9730,18502
18715,18503
11100,18504
17151,18505
9048,18506
16399,18507
10414,18508
5604,18509
2043,18510
6982,18511
1326,18512
606,18513
6296,18514
8347,18515
10417,18516
7664,18517
9731,18518
13302,18519
2763,18520
9064,18521
10416,18522
9746,18523
9050,18524
11114,18525
9732,18526
10428,18527
2764,18528
9745,18529
11103,18530
9063,18531
6280,18532
4238,18533
6966,18534
4943,18535
4112,18536
3404,18537
20482,18538
6085,18539
22162,18540
20477,18541
19678,18542
23874,18543
16805,18544
6717,18545
16766,18546
4017,18547
5130,18548
9969,18549
7900,18550
9223,18551
18405,18552
8751,18553
1884,18554
3722,18555
22555,18556
5136,18557
5838,18558
10676,18559
997,18560
14773,18561
3480,18562
4215,18563
11333,18564
17874,18565
20868,18566
7845,18567
1106,18568
1527,18569
7103,18570
8369,18571
16354,18572
18672,18573
21226,18574
22081,18575
13959,18576
21820,18577
17024,18578
17970,18579
8294,18580
7610,18581
7772,18582
10888,18583
7094,18584
6410,18585
15876,18586
23439,18587
15119,18588
17378,18589
13561,18590
8528,18591
520,18592
22806,18593
7778,18594
8253,18595
23664,18596
22793,18597
12769,18598
13875,18599
11978,18600
8698,18601
3164,18602
2611,18603
7855,18604
386,18605
8946,18606
2789,18607
1339,18608
12794,18609
12278,18610
9514,18611
9137,18612
12271,18613
5006,18614
15421,18615
22254,18616
11493,18617
10448,18618
12003,18619
12780,18620
13554,18621
10339,18622
14669,18623
11954,18624
11132,18625
13219,18626
19411,18627
20217,18628
2061,18629
2062,18630
20885,18631
12745,18632
21387,18633
23107,18634
12429,18635
21944,18636
23072,18637
2783,18638
20292,18639
20507,18640
16196,18641
18101,18642
13477,18643
2868,18644
15897,18645
16294,18646
21863,18647
2785,18648
3476,18649
5512,18650
21091,18651
19495,18652
7584,18653
2782,18654
4889,18655
12670,18656
3268,18657
13462,18658
15781,18659
7729,18660
19420,18661
19497,18662
5591,18663
13492,18664
3264,18665
12701,18666
11910,18667
7781,18668
4085,18669
17897,18670
9123,18671
4800,18672
18695,18673
17890,18674
15847,18675
22589,18676
9629,18677
20303,18678
9854,18679
1956,18680
19505,18681
2057,18682
9970,18683
8703,18684
9971,18685
14599,18686
11439,18687
13819,18688
18310,18689
19109,18690
20143,18691
4534,18692
11018,18693
11019,18694
1243,18695
13973,18696
15895,18697
16275,18698
16650,18699
14662,18700
19276,18701
16646,18702
17398,18703
23546,18704
11218,18705
3827,18706
17853,18707
18659,18708
20346,18709
19463,18710
14137,18711
20261,18712
13345,18713
21902,18714
20247,18715
21050,18716
19536,18717
24045,18718
13776,18719
3886,18720
3177,18721
20712,18722
16750,18723
21491,18724
1665,18725
4212,18726
4227,18727
1304,18728
18651,18729
20368,18730
21170,18731
17091,18732
11657,18733
4921,18734
5001,18735
20073,18736
5223,18737
22305,18738
23365,18739
6004,18740
23756,18741
3392,18742
4100,18743
22895,18744
6124,18745
7228,18746
16913,18747
10666,18748
7342,18749
165,18750
57,18751
7437,18752
10535,18753
1450,18754
7734,18755
15334,18756
10108,18757
12934,18758
12316,18759
507,18760
8504,18761
394,18762
8995,18763
2708,18764
14245,18765
17699,18766
22174,18767
23878,18768
23018,18769
20478,18770
17557,18771
12237,18772
22365,18773
6818,18774
3718,18775
9106,18776
9181,18777
8822,18778
9187,18779
9359,18780
11463,18781
8645,18782
11593,18783
13142,18784
11355,18785
13972,18786
21835,18787
11222,18788
5636,18789
17103,18790
23711,18791
15596,18792
16350,18793
16449,18794
17201,18795
15579,18796
16333,18797
17086,18798
21130,18799
3505,18800
5624,18801
6460,18802
1828,18803
7436,18804
10539,18805
8503,18806
7822,18807
2169,18808
18411,18809
299,18810
16041,18811
18516,18812
12050,18813
6153,18814
9786,18815
8415,18816
17593,18817
6679,18818
9861,18819
6430,18820
19213,18821
5288,18822
13722,18823
20916,18824
17479,18825
5344,18826
19029,18827
17960,18828
3427,18829
2097,18830
11078,18831
12545,18832
5543,18833
13342,18834
11656,18835
6841,18836
9868,18837
9872,18838
10870,18839
9191,18840
11234,18841
2892,18842
20809,18843
1018,18844
9972,18845
1807,18846
9289,18847
2980,18848
2254,18849
9973,18850
3651,18851
8943,18852
8961,18853
21961,18854
9974,18855
10306,18856
10308,18857
1224,18858
12395,18859
14079,18860
17910,18861
1941,18862
19508,18863
20310,18864
2215,18865
10996,18866
1949,18867
21964,18868
2673,18869
3358,18870
17908,18871
4065,18872
21106,18873
4773,18874
18702,18875
4895,18876
2776,18877
2857,18878
12284,18879
2135,18880
5482,18881
18706,18882
2053,18883
17159,18884
6185,18885
18708,18886
18685,18887
19760,18888
6191,18889
21959,18890
3468,18891
13310,18892
7562,18893
20306,18894
4175,18895
20320,18896
7670,18897
8241,18898
19512,18899
3465,18900
17920,18901
2039,18902
17369,18903
8353,18904
8940,18905
19509,18906
8942,18907
21111,18908
615,18909
12516,18910
9039,18911
19783,18912
13867,18913
18954,18914
11998,18915
15877,18916
15559,18917
14151,18918
19282,18919
15104,18920
15842,18921
11504,18922
16592,18923
17343,18924
10353,18925
11914,18926
12561,18927
21013,18928
13359,18929
5524,18930
7042,18931
17321,18932
1980,18933
17982,18934
536,18935
18781,18936
14805,18937
9634,18938
11700,18939
1337,18940
11724,18941
9041,18942
16618,18943
9636,18944
13286,18945
617,18946
23103,18947
9676,18948
11769,18949
3408,18950
9723,18951
15861,18952
16940,18953
18485,18954
14321,18955
16188,18956
17362,18957
10342,18958
16570,18959
20880,18960
17341,18961
14346,18962
17688,18963
15084,18964
15841,18965
16557,18966
21183,18967
21389,18968
22242,18969
15111,18970
22244,18971
23449,18972
4812,18973
21184,18974
5668,18975
11035,18976
22040,18977
6217,18978
22037,18979
23583,18980
6903,18981
22036,18982
17073,18983
7022,18984
1266,18985
22038,18986
7027,18987
539,18988
21188,18989
8261,18990
21187,18991
3406,18992
9083,18993
9656,18994
22041,18995
557,18996
9669,18997
21185,18998
21021,18999
9763,19000
14285,19001
2702,19002
19584,19003
2706,19004
20383,19005
22725,19006
9975,19007
7219,19008
15360,19009
13818,19010
20829,19011
21582,19012
10071,19013
17002,19014
173,19015
23239,19016
14444,19017
13969,19018
20176,19019
10561,19020
1824,19021
20668,19022
20978,19023
21909,19024
22852,19025
22762,19026
22878,19027
23620,19028
23736,19029
12445,19030
16335,19031
22754,19032
20334,19033
14843,19034
17931,19035
2906,19036
2548,19037
3630,19038
3631,19039
392,19040
4213,19041
21933,19042
20331,19043
4340,19044
2170,19045
18412,19046
4341,19047
2185,19048
1444,19049
19214,19050
5623,19051
11675,19052
19533,19053
17878,19054
10496,19055
63,19056
6921,19057
10367,19058
5099,19059
8586,19060
1806,19061
9292,19062
965,19063
13777,19064
4591,19065
5293,19066
3835,19067
12855,19068
13653,19069
3117,19070
3822,19071
16742,19072
19999,19073
8756,19074
20392,19075
6896,19076
10345,19077
18786,19078
5514,19079
3398,19080
12659,19081
3271,19082
23895,19083
21304,19084
22159,19085
23877,19086
21609,19087
9472,19088
21515,19089
11544,19090
7924,19091
9882,19092
9201,19093
722,19094
12992,19095
1736,19096
16008,19097
14695,19098
5210,19099
6726,19100
4504,19101
5639,19102
4847,19103
23719,19104
3431,19105
13341,19106
5548,19107
12544,19108
13243,19109
6834,19110
9682,19111
14907,19112
9977,19113
10652,19114
17620,19115
12232,19116
13025,19117
21524,19118
22445,19119
11437,19120
215,19121
2408,19122
10941,19123
10255,19124
10333,19125
1244,19126
12787,19127
14760,19128
14761,19129
18174,19130
17678,19131
1958,19132
20072,19133
20177,19134
3130,19135
18270,19136
22511,19137
3176,19138
3885,19139
19112,19140
18276,19141
19076,19142
19051,19143
19846,19144
19049,19145
20798,19146
2477,19147
22047,19148
11031,19149
4145,19150
22005,19151
4853,19152
14139,19153
5541,19154
1390,19155
3371,19156
14775,19157
4077,19158
5554,19159
13347,19160
14819,19161
14029,19162
15669,19163
12468,19164
17847,19165
17937,19166
14054,19167
16423,19168
21127,19169
4210,19170
21081,19171
21980,19172
20279,19173
4309,19174
5707,19175
16178,19176
5003,19177
4292,19178
5755,19179
393,19180
11239,19181
10556,19182
6213,19183
2823,19184
2713,19185
1991,19186
21318,19187
2569,19188
19690,19189
23019,19190
23879,19191
23017,19192
14528,19193
6469,19194
3249,19195
686,19196
14574,19197
7153,19198
5045,19199
738,19200
2547,19201
2907,19202
2184,19203
2893,19204
20810,19205
1017,19206
22361,19207
10964,19208
18509,19209
22294,19210
2908,19211
7751,19212
6761,19213
7074,19214
6391,19215
2132,19216
22517,19217
7361,19218
15250,19219
15457,19220
3360,19221
4474,19222
7791,19223
22518,19224
5993,19225
22455,19226
21758,19227
24004,19228
14620,19229
21441,19230
23720,19231
8289,19232
6236,19233
1526,19234
374,19235
2895,19236
706,19237
8309,19238
22862,19239
4138,19240
7008,19241
7625,19242
6322,19243
14824,19244
17090,19245
13242,19246
20333,19247
14845,19248
1408,19249
8425,19250
19277,19251
6383,19252
7066,19253
8790,19254
12086,19255
16236,19256
10689,19257
93,19258
9302,19259
17665,19260
19259,19261
2265,19262
1542,19263
1938,19264
23784,19265
1234,19266
2790,19267
5119,19268
4413,19269
12497,19270
21078,19271
23695,19272
21931,19273
17939,19274
22785,19275
18737,19276
23643,19277
18729,19278
18676,19279
16418,19280
4878,19281
22821,19282
513,19283
21208,19284
6262,19285
12523,19286
12474,19287
22790,19288
3600,19289
5726,19290
2557,19291
10495,19292
15906,19293
19399,19294
15106,19295
19400,19296
19401,19297
16611,19298
12291,19299
22584,19300
13551,19301
12761,19302
15093,19303
6358,19304
21732,19305
11128,19306
11968,19307
15850,19308
20005,19309
1743,19310
14509,19311
17721,19312
6133,19313
6870,19314
10321,19315
4242,19316
7655,19317
23680,19318
8664,19319
16894,19320
10060,19321
17771,19322
12494,19323
14867,19324
1935,19325
21114,19326
20285,19327
20365,19328
5610,19329
11089,19330
15560,19331
3492,19332
10403,19333
4199,19334
11694,19335
12486,19336
15148,19337
20586,19338
6927,19339
10376,19340
16639,19341
11490,19342
16180,19343
18970,19344
18170,19345
12422,19346
12774,19347
17313,19348
20076,19349
15890,19350
16640,19351
16308,19352
17377,19353
16313,19354
11122,19355
21354,19356
19295,19357
10438,19358
12710,19359
23932,19360
5699,19361
3575,19362
12775,19363
13212,19364
14801,19365
3548,19366
4257,19367
17695,19368
7450,19369
8258,19370
16563,19371
3262,19372
8437,19373
18598,19374
12759,19375
21852,19376
22585,19377
14340,19378
15105,19379
17351,19380
9077,19381
9622,19382
2827,19383
9647,19384
10464,19385
13866,19386
7072,19387
6389,19388
1407,19389
13785,19390
8044,19391
21508,19392
11000,19393
15459,19394
5180,19395
4645,19396
3767,19397
687,19398
10880,19399
13856,19400
10515,19401
11016,19402
1242,19403
1350,19404
18457,19405
15195,19406
19392,19407
21216,19408
16287,19409
22064,19410
10319,19411
11005,19412
23113,19413
22580,19414
23975,19415
17379,19416
3255,19417
2877,19418
3379,19419
1400,19420
18480,19421
3962,19422
1428,19423
18794,19424
20402,19425
3963,19426
4068,19427
3362,19428
3534,19429
20192,19430
17793,19431
22807,19432
4303,19433
15712,19434
4947,19435
5020,19436
14949,19437
19603,19438
17809,19439
13202,19440
2102,19441
21862,19442
19410,19443
22044,19444
22697,19445
22905,19446
4803,19447
510,19448
1231,19449
531,19450
5496,19451
16629,19452
20877,19453
17380,19454
5499,19455
23665,19456
2058,19457
4904,19458
5504,19459
11773,19460
6192,19461
6328,19462
4798,19463
4088,19464
23662,19465
6925,19466
20410,19467
526,19468
1245,19469
14160,19470
17800,19471
18599,19472
22804,19473
622,19474
12511,19475
7049,19476
23371,19477
4590,19478
24085,19479
11560,19480
13897,19481
22303,19482
7052,19483
6368,19484
723,19485
7551,19486
7571,19487
14155,19488
7647,19489
13305,19490
7736,19491
16937,19492
8129,19493
14226,19494
11746,19495
8233,19496
634,19497
4176,19498
17192,19499
10377,19500
7451,19501
14371,19502
12001,19503
8252,19504
15708,19505
7568,19506
1385,19507
14009,19508
8296,19509
2104,19510
21860,19511
19409,19512
14100,19513
6277,19514
11721,19515
5570,19516
12513,19517
11098,19518
11696,19519
16403,19520
17155,19521
12488,19522
12700,19523
19298,19524
13491,19525
4109,19526
11862,19527
10207,19528
16523,19529
5518,19530
11863,19531
6910,19532
14242,19533
6768,19534
15773,19535
22170,19536
14238,19537
13778,19538
2467,19539
21522,19540
6815,19541
15016,19542
8327,19543
6986,19544
7644,19545
8330,19546
20317,19547
8351,19548
12487,19549
19731,19550
4159,19551
20532,19552
1124,19553
18925,19554
11037,19555
20503,19556
3391,19557
4684,19558
18899,19559
8406,19560
18407,19561
308,19562
8417,19563
17051,19564
22802,19565
2780,19566
15706,19567
10359,19568
8971,19569
22897,19570
7591,19571
8275,19572
8346,19573
4868,19574
6295,19575
5571,19576
6981,19577
10418,19578
11104,19579
23027,19580
23888,19581
8980,19582
11032,19583
7693,19584
9047,19585
15052,19586
9065,19587
9525,19588
22167,19589
22156,19590
414,19591
21301,19592
12432,19593
16323,19594
15743,19595
10905,19596
17249,19597
11832,19598
18050,19599
23598,19600
23846,19601
6776,19602
18848,19603
18049,19604
23844,19605
8147,19606
19654,19607
20453,19608
9667,19609
22194,19610
1842,19611
23917,19612
9693,19613
14344,19614
16187,19615
19284,19616
14345,19617
13555,19618
22583,19619
3550,19620
2699,19621
13472,19622
2564,19623
18100,19624
20504,19625
20499,19626
24238,19627
10114,19628
15286,19629
12428,19630
19315,19631
10723,19632
8402,19633
7721,19634
18123,19635
541,19636
15028,19637
7578,19638
17285,19639
2565,19640
15785,19641
19702,19642
22187,19643
22514,19644
306,19645
19953,19646
11533,19647
8403,19648
15109,19649
675,19650
880,19651
21700,19652
8984,19653
21336,19654
9657,19655
23915,19656
5386,19657
22192,19658
13471,19659
21331,19660
9729,19661
17309,19662
17696,19663
16559,19664
10361,19665
1983,19666
15020,19667
21324,19668
4688,19669
22178,19670
21323,19671
19691,19672
12985,19673
8993,19674
14248,19675
3270,19676
15777,19677
18890,19678
18887,19679
12191,19680
10798,19681
13912,19682
17463,19683
21696,19684
9523,19685
23040,19686
23902,19687
20490,19688
9758,19689
5663,19690
9978,19691
21717,19692
9295,19693
11347,19694
9979,19695
16160,19696
11348,19697
6540,19698
6536,19699
998,19700
23272,19701
17798,19702
24134,19703
13671,19704
12873,19705
2591,19706
12045,19707
10171,19708
20621,19709
1907,19710
19630,19711
10015,19712
2074,19713
21817,19714
2073,19715
4034,19716
2794,19717
17113,19718
4533,19719
12211,19720
665,19721
7354,19722
3874,19723
10228,19724
22320,19725
7412,19726
19849,19727
20653,19728
10270,19729
14740,19730
15978,19731
17007,19732
17767,19733
18562,19734
20161,19735
21811,19736
4058,19737
4127,19738
499,19739
6854,19740
7516,19741
8196,19742
8907,19743
9685,19744
10369,19745
11053,19746
16467,19747
17218,19748
12414,19749
11620,19750
19413,19751
19749,19752
19290,19753
18943,19754
18142,19755
20528,19756
18419,19757
22720,19758
23097,19759
3872,19760
3968,19761
5675,19762
23452,19763
3557,19764
4266,19765
19727,19766
20819,19767
3163,19768
12102,19769
12897,19770
17725,19771
22353,19772
13668,19773
2364,19774
7419,19775
15962,19776
18826,19777
14756,19778
21819,19779
2647,19780
17030,19781
3502,19782
4208,19783
4209,19784
19482,19785
20401,19786
4746,19787
2795,19788
20280,19789
21204,19790
15547,19791
12412,19792
15840,19793
21739,19794
15083,19795
21865,19796
22243,19797
18487,19798
21388,19799
23577,19800
23967,19801
20529,19802
7712,19803
19289,19804
7035,19805
6351,19806
18922,19807
21672,19808
8932,19809
3501,19810
16361,19811
1386,19812
21866,19813
13206,19814
13207,19815
14317,19816
16586,19817
17689,19818
15082,19819
15839,19820
20088,19821
15836,19822
15079,19823
20210,19824
22217,19825
5968,19826
8392,19827
22595,19828
6350,19829
7034,19830
15063,19831
966,19832
16100,19833
10090,19834
10774,19835
13095,19836
1674,19837
9479,19838
22312,19839
24031,19840
16257,19841
10371,19842
11055,19843
16268,19844
18237,19845
15512,19846
13248,19847
14040,19848
18560,19849
20157,19850
12457,19851
3326,19852
3419,19853
5470,19854
8112,19855
5769,19856
8963,19857
18805,19858
9004,19859
4662,19860
10330,19861
22917,19862
11606,19863
12400,19864
13542,19865
12293,19866
15097,19867
1256,19868
21348,19869
3644,19870
3368,19871
4241,19872
4806,19873
18909,19874
5484,19875
19607,19876
17047,19877
14780,19878
4977,19879
13086,19880
12751,19881
1255,19882
16550,19883
16193,19884
15043,19885
14278,19886
1974,19887
18108,19888
23923,19889
19217,19890
5507,19891
11906,19892
16946,19893
5662,19894
18109,19895
11897,19896
6079,19897
20516,19898
21349,19899
18904,19900
6894,19901
14277,19902
14679,19903
15799,19904
15042,19905
7453,19906
19714,19907
22204,19908
12688,19909
8134,19910
23065,19911
12696,19912
18104,19913
20814,19914
9414,19915
23280,19916
6802,19917
9980,19918
2941,19919
10999,19920
3482,19921
6175,19922
4189,19923
4171,19924
9982,19925
812,19926
23341,19927
21690,19928
22371,19929
13903,19930
14441,19931
15575,19932
13629,19933
12261,19934
17655,19935
19008,19936
18209,19937
11362,19938
13184,19939
18194,19940
20852,19941
12836,19942
12043,19943
370,19944
2325,19945
22548,19946
3107,19947
11542,19948
14875,19949
2321,19950
17750,19951
17140,19952
4445,19953
11465,19954
20047,19955
22550,19956
21423,19957
20608,19958
10018,19959
10299,19960
10301,19961
12358,19962
12361,19963
12362,19964
13949,19965
1501,19966
15131,19967
16250,19968
17749,19969
19351,19970
1513,19971
19353,19972
11313,19973
4448,19974
469,19975
470,19976
4757,19977
5074,19978
5154,19979
11566,19980
11570,19981
1191,19982
13155,19983
15944,19984
18549,19985
18554,19986
23984,19987
3322,19988
2236,19989
3661,19990
3725,19991
10985,19992
10987,19993
1207,19994
1508,19995
3342,19996
10595,19997
4047,19998
1496,19999
4369,20000
10857,20001
2225,20002
2947,20003
4742,20004
11279,20005
4755,20006
482,20007
2237,20008
5362,20009
1493,20010
5426,20011
5454,20012
5457,20013
10612,20014
5786,20015
5844,20016
3048,20017
6154,20018
1512,20019
6166,20020
18994,20021
6498,20022
6511,20023
6971,20024
5794,20025
6049,20026
7183,20027
7192,20028
1816,20029
7196,20030
2537,20031
7233,20032
11599,20033
7259,20034
10021,20035
2276,20036
7524,20037
2240,20038
16161,20039
7543,20040
17435,20041
6750,20042
18195,20043
18995,20044
773,20045
776,20046
10860,20047
7787,20048
16064,20049
17640,20050
16784,20051
10936,20052
5153,20053
5464,20054
781,20055
16918,20056
10607,20057
11292,20058
763,20059
14538,20060
19240,20061
17540,20062
6800,20063
7872,20064
3950,20065
788,20066
2536,20067
18998,20068
18198,20069
764,20070
12954,20071
19239,20072
8479,20073
13855,20074
7798,20075
8555,20076
6507,20077
10581,20078
8559,20079
7876,20080
11264,20081
15309,20082
5320,20083
8573,20084
8590,20085
14645,20086
8806,20087
792,20088
5792,20089
1482,20090
15307,20091
8827,20092
7121,20093
7799,20094
887,20095
1607,20096
10704,20097
10968,20098
10980,20099
10983,20100
11563,20101
1190,20102
12833,20103
13152,20104
13156,20105
17000,20106
1518,20107
18548,20108
11318,20109
20149,20110
20151,20111
2231,20112
2953,20113
1098,20114
1507,20115
3659,20116
4382,20117
491,20118
2227,20119
2539,20120
15187,20121
5780,20122
6825,20123
12040,20124
6839,20125
6847,20126
5077,20127
6051,20128
4368,20129
3660,20130
10580,20131
7885,20132
798,20133
18468,20134
5796,20135
5094,20136
2928,20137
8554,20138
2929,20139
13748,20140
20036,20141
22428,20142
11569,20143
4003,20144
3072,20145
8807,20146
8918,20147
8921,20148
7890,20149
6048,20150
797,20151
1517,20152
2206,20153
8697,20154
8925,20155
17450,20156
2534,20157
15191,20158
15948,20159
1484,20160
912,20161
9235,20162
8810,20163
4364,20164
9273,20165
9335,20166
8920,20167
16387,20168
4169,20169
7151,20170
10184,20171
6467,20172
8510,20173
8468,20174
21627,20175
2500,20176
1203,20177
2640,20178
3729,20179
16155,20180
18203,20181
18459,20182
10660,20183
19551,20184
20148,20185
12498,20186
4437,20187
11365,20188
11595,20189
13291,20190
4043,20191
12496,20192
1333,20193
11180,20194
1120,20195
5091,20196
5823,20197
22690,20198
11701,20199
5101,20200
10991,20201
23678,20202
20286,20203
7421,20204
5793,20205
3674,20206
3647,20207
7886,20208
377,20209
8206,20210
10633,20211
16915,20212
7210,20213
6526,20214
9491,20215
7863,20216
8546,20217
11263,20218
9617,20219
4367,20220
8809,20221
9807,20222
5374,20223
9127,20224
11165,20225
7753,20226
19983,20227
1062,20228
3337,20229
486,20230
5084,20231
1813,20232
4375,20233
9253,20234
1814,20235
11302,20236
10617,20237
9607,20238
8568,20239
1811,20240
6521,20241
7205,20242
9843,20243
6425,20244
17569,20245
4621,20246
17535,20247
14749,20248
6437,20249
7495,20250
3740,20251
14637,20252
7275,20253
6495,20254
9902,20255
13749,20256
3912,20257
16790,20258
17003,20259
7484,20260
20618,20261
15387,20262
3781,20263
4911,20264
9921,20265
7425,20266
10601,20267
11286,20268
1483,20269
12158,20270
3913,20271
14492,20272
13920,20273
1631,20274
21695,20275
2350,20276
5442,20277
8360,20278
2036,20279
21994,20280
21067,20281
17227,20282
21919,20283
14961,20284
15508,20285
17014,20286
6851,20287
8935,20288
8218,20289
7859,20290
9931,20291
9946,20292
9263,20293
4357,20294
21626,20295
4617,20296
24159,20297
21805,20298
22629,20299
15208,20300
13037,20301
21436,20302
20326,20303
22763,20304
18750,20305
18658,20306
17226,20307
4153,20308
14960,20309
7539,20310
9948,20311
9488,20312
9265,20313
2959,20314
9949,20315
8104,20316
2960,20317
9952,20318
9269,20319
7170,20320
14540,20321
1778,20322
19158,20323
19350,20324
21765,20325
13638,20326
20842,20327
20624,20328
17168,20329
2755,20330
18748,20331
2963,20332
3446,20333
12578,20334
5459,20335
17759,20336
6945,20337
16475,20338
8542,20339
3243,20340
9618,20341
6167,20342
9915,20343
9233,20344
3496,20345
12476,20346
12477,20347
11728,20348
10396,20349
12478,20350
12520,20351
11082,20352
12815,20353
13316,20354
14851,20355
15610,20356
15612,20357
16364,20358
16410,20359
10400,20360
15656,20361
11086,20362
17119,20363
17125,20364
10489,20365
10202,20366
11172,20367
17163,20368
14068,20369
14897,20370
13275,20371
17924,20372
18183,20373
19484,20374
17164,20375
11689,20376
16412,20377
12481,20378
13274,20379
21411,20380
21974,20381
4942,20382
3414,20383
20223,20384
12555,20385
17832,20386
18632,20387
14212,20388
5612,20389
11692,20390
6264,20391
21121,20392
6305,20393
10401,20394
11087,20395
2865,20396
6306,20397
15615,20398
11120,20399
14066,20400
10485,20401
14855,20402
15160,20403
15416,20404
694,20405
12272,20406
1416,20407
6949,20408
14109,20409
6950,20410
7010,20411
5532,20412
563,20413
21177,20414
21886,20415
21034,20416
12626,20417
6294,20418
7631,20419
7632,20420
13599,20421
7633,20422
11169,20423
7661,20424
8315,20425
14388,20426
16170,20427
12019,20428
11713,20429
13284,20430
15643,20431
4124,20432
19430,20433
23850,20434
8317,20435
18722,20436
7634,20437
7769,20438
9035,20439
18983,20440
9069,20441
7638,20442
9132,20443
7448,20444
10486,20445
17209,20446
19424,20447
11715,20448
21874,20449
17979,20450
1287,20451
568,20452
23848,20453
9136,20454
9517,20455
19788,20456
4237,20457
4830,20458
4122,20459
18777,20460
15568,20461
13225,20462
20455,20463
2578,20464
18851,20465
17241,20466
11817,20467
11797,20468
7323,20469
10842,20470
22366,20471
8890,20472
19802,20473
9061,20474
9714,20475
7091,20476
14653,20477
9716,20478
23986,20479
11479,20480
23125,20481
2100,20482
20222,20483
12507,20484
17823,20485
11762,20486
18633,20487
17833,20488
22989,20489
1856,20490
23849,20491
17242,20492
16491,20493
14177,20494
22464,20495
6282,20496
10424,20497
4870,20498
6968,20499
11110,20500
8791,20501
18297,20502
6809,20503
3711,20504
9060,20505
5573,20506
9058,20507
9751,20508
9037,20509
3590,20510
9719,20511
5715,20512
8834,20513
5011,20514
13353,20515
6917,20516
6232,20517
13351,20518
20232,20519
19435,20520
21276,20521
6980,20522
9051,20523
11111,20524
7651,20525
9535,20526
22990,20527
14195,20528
21255,20529
22947,20530
17556,20531
12238,20532
19891,20533
1888,20534
7242,20535
9733,20536
10425,20537
9743,20538
8334,20539
19518,20540
2044,20541
14091,20542
2765,20543
13298,20544
3457,20545
12503,20546
4164,20547
11711,20548
9810,20549
14093,20550
15626,20551
14883,20552
14866,20553
17148,20554
16378,20555
17130,20556
20226,20557
19429,20558
11833,20559
21178,20560
23742,20561
21880,20562
21028,20563
23832,20564
8853,20565
19656,20566
12610,20567
13403,20568
12590,20569
16804,20570
10158,20571
16768,20572
7498,20573
3014,20574
9812,20575
14941,20576
4121,20577
19425,20578
23740,20579
17076,20580
14809,20581
18850,20582
4900,20583
8335,20584
11109,20585
6969,20586
7652,20587
10423,20588
9741,20589
6283,20590
16395,20591
9816,20592
7446,20593
10491,20594
18779,20595
4828,20596
18622,20597
22883,20598
23597,20599
22738,20600
21275,20601
9742,20602
3455,20603
8344,20604
4162,20605
6293,20606
9734,20607
6979,20608
9052,20609
12504,20610
10419,20611
17147,20612
11105,20613
14882,20614
607,20615
15642,20616
1327,20617
17146,20618
4872,20619
16394,20620
11106,20621
20377,20622
9053,20623
19579,20624
17834,20625
20234,20626
22972,20627
425,20628
12614,20629
23807,20630
21237,20631
19633,20632
15293,20633
11444,20634
16009,20635
10943,20636
854,20637
9956,20638
19270,20639
2965,20640
9976,20641
2089,20642
2529,20643
5558,20644
4225,20645
17856,20646
18654,20647
14166,20648
21227,20649
6852,20650
17016,20651
11581,20652
11202,20653
13062,20654
2173,20655
21840,20656
17388,20657
15428,20658
11990,20659
12782,20660
3376,20661
15889,20662
12283,20663
15132,20664
17391,20665
4276,20666
5493,20667
15888,20668
15427,20669
19774,20670
20574,20671
3567,20672
5689,20673
6648,20674
20038,20675
23284,20676
17005,20677
13571,20678
20127,20679
5177,20680
20844,20681
5878,20682
5141,20683
22828,20684
12473,20685
16666,20686
16171,20687
18692,20688
17894,20689
22796,20690
14144,20691
21033,20692
21885,20693
20454,20694
423,20695
19655,20696
16490,20697
12609,20698
18030,20699
14527,20700
5396,20701
18051,20702
23826,20703
18039,20704
18829,20705
12147,20706
624,20707
22884,20708
18627,20709
17827,20710
22130,20711
1144,20712
13420,20713
15735,20714
14976,20715
20434,20716
13737,20717
3276,20718
22988,20719
22110,20720
22966,20721
22948,20722
12942,20723
6033,20724
19889,20725
7406,20726
17551,20727
454,20728
5121,20729
8089,20730
22360,20731
6125,20732
852,20733
9473,20734
22368,20735
9572,20736
1573,20737
9574,20738
21418,20739
9962,20740
20064,20741
12029,20742
10643,20743
398,20744
2880,20745
1119,20746
10484,20747
13613,20748
3257,20749
4307,20750
2688,20751
23666,20752
4792,20753
22808,20754
5589,20755
6385,20756
5378,20757
7041,20758
13878,20759
16606,20760
17357,20761
7068,20762
7555,20763
20304,20764
7746,20765
11136,20766
22718,20767
21947,20768
6203,20769
22800,20770
21090,20771
16551,20772
1841,20773
17301,20774
8459,20775
20191,20776
18696,20777
7756,20778
5502,20779
17898,20780
21941,20781
20555,20782
20887,20783
9129,20784
17797,20785
4990,20786
14788,20787
4892,20788
5595,20789
22795,20790
4964,20791
9293,20792
2661,20793
23677,20794
5774,20795
4780,20796
17133,20797
4880,20798
5700,20799
9840,20800
7566,20801
21104,20802
21087,20803
9983,20804
9984,20805
11339,20806
16848,20807
3169,20808
16769,20809
13650,20810
14696,20811
17642,20812
3745,20813
3813,20814
884,20815
11464,20816
18450,20817
19012,20818
18213,20819
11390,20820
11561,20821
1211,20822
13941,20823
13944,20824
14733,20825
11321,20826
17004,20827
17447,20828
19354,20829
10624,20830
20948,20831
2247,20832
23408,20833
23512,20834
2643,20835
2969,20836
3051,20837
2328,20838
12360,20839
14737,20840
16246,20841
11324,20842
19349,20843
20150,20844
20950,20845
1516,20846
20954,20847
22655,20848
2958,20849
3323,20850
3574,20851
4028,20852
2235,20853
4387,20854
5081,20855
6140,20856
6509,20857
7199,20858
20067,20859
10620,20860
11305,20861
2934,20862
14577,20863
7203,20864
7208,20865
7216,20866
7359,20867
23290,20868
12359,20869
438,20870
5886,20871
16146,20872
3772,20873
19528,20874
1316,20875
17951,20876
23623,20877
11789,20878
597,20879
19629,20880
20159,20881
7963,20882
800,20883
8195,20884
10608,20885
8623,20886
8208,20887
20599,20888
15409,20889
18201,20890
19001,20891
8647,20892
16251,20893
16999,20894
19352,20895
20147,20896
20152,20897
13627,20898
20153,20899
2228,20900
2624,20901
2968,20902
3726,20903
10286,20904
10298,20905
1924,20906
1504,20907
1815,20908
5088,20909
784,20910
11300,20911
7868,20912
8536,20913
13788,20914
8551,20915
2540,20916
6503,20917
7188,20918
8576,20919
8919,20920
9224,20921
9267,20922
9272,20923
3944,20924
9275,20925
9355,20926
9489,20927
7194,20928
7874,20929
9614,20930
11293,20931
3242,20932
9616,20933
2223,20934
9906,20935
9923,20936
6737,20937
2945,20938
8547,20939
11269,20940
9940,20941
9950,20942
9487,20943
8571,20944
7888,20945
9908,20946
12996,20947
10101,20948
19157,20949
13118,20950
3790,20951
20041,20952
7982,20953
2072,20954
4854,20955
656,20956
1308,20957
11788,20958
589,20959
23799,20960
3345,20961
9955,20962
4385,20963
10588,20964
12203,20965
9985,20966
5348,20967
822,20968
13981,20969
1541,20970
17036,20971
17220,20972
18811,20973
23670,20974
2670,20975
3364,20976
4080,20977
19390,20978
21207,20979
512,20980
13369,20981
5481,20982
2826,20983
17049,20984
16296,20985
21098,20986
5500,20987
532,20988
21951,20989
1342,20990
19519,20991
10413,20992
15647,20993
11099,20994
17152,20995
1323,20996
13497,20997
603,20998
14287,20999
20094,21000
6187,21001
6865,21002
10311,21003
5597,21004
5587,21005
14923,21006
14660,21007
15902,21008
19785,21009
6872,21010
15713,21011
7557,21012
9010,21013
2729,21014
7045,21015
15433,21016
15865,21017
15108,21018
18618,21019
11884,21020
18924,21021
19285,21022
16614,21023
17365,21024
1978,21025
17284,21026
1129,21027
16534,21028
15784,21029
20531,21030
10354,21031
13469,21032
23440,21033
15866,21034
16616,21035
16571,21036
5506,21037
12676,21038
4685,21039
14260,21040
21335,21041
19699,21042
22493,21043
3900,21044
8271,21045
15029,21046
8974,21047
15786,21048
3973,21049
17286,21050
16536,21051
14256,21052
9637,21053
16469,21054
3382,21055
20193,21056
21101,21057
9638,21058
1948,21059
14954,21060
17794,21061
23551,21062
21954,21063
1341,21064
7668,21065
10410,21066
9748,21067
11096,21068
11117,21069
9045,21070
6344,21071
9727,21072
7028,21073
4678,21074
4966,21075
11038,21076
1260,21077
14262,21078
20501,21079
1843,21080
18897,21081
12677,21082
13465,21083
3266,21084
14261,21085
13470,21086
12672,21087
24217,21088
1765,21089
7587,21090
19704,21091
407,21092
21337,21093
23916,21094
9986,21095
16866,21096
11442,21097
9987,21098
18423,21099
5277,21100
14750,21101
16022,21102
21782,21103
6329,21104
9989,21105
13810,21106
999,21107
22609,21108
23315,21109
5430,21110
14265,21111
9366,21112
19250,21113
10736,21114
3490,21115
13582,21116
10683,21117
1250,21118
13071,21119
15903,21120
15145,21121
17900,21122
19394,21123
23557,21124
3381,21125
18698,21126
2779,21127
3478,21128
4185,21129
23652,21130
15648,21131
14864,21132
16401,21133
17128,21134
11719,21135
16376,21136
12707,21137
18680,21138
13498,21139
18495,21140
14288,21141
547,21142
11871,21143
18498,21144
6243,21145
11062,21146
15867,21147
15432,21148
16186,21149
11975,21150
12766,21151
18483,21152
15110,21153
6343,21154
10351,21155
23919,21156
6908,21157
22180,21158
1845,21159
20494,21160
20493,21161
23037,21162
7577,21163
23057,21164
6082,21165
21339,21166
16537,21167
12673,21168
20017,21169
6667,21170
7722,21171
1396,21172
10352,21173
12679,21174
1128,21175
11887,21176
14263,21177
23911,21178
18418,21179
8033,21180
14516,21181
10341,21182
12320,21183
11409,21184
8278,21185
12665,21186
2567,21187
23903,21188
23041,21189
18888,21190
23387,21191
9749,21192
11095,21193
10431,21194
10409,21195
5607,21196
6275,21197
12719,21198
6961,21199
13510,21200
2560,21201
11928,21202
11036,21203
11889,21204
10205,21205
1258,21206
21340,21207
23056,21208
22195,21209
13466,21210
24251,21211
7456,21212
17287,21213
9666,21214
13474,21215
6767,21216
9771,21217
9091,21218
13220,21219
18900,21220
4259,21221
4099,21222
19705,21223
21749,21224
20505,21225
9990,21226
4559,21227
2515,21228
23221,21229
16764,21230
17758,21231
11734,21232
18675,21233
22832,21234
17877,21235
17933,21236
19480,21237
20278,21238
23726,21239
12393,21240
11601,21241
10521,21242
10878,21243
10514,21244
11204,21245
14024,21246
21162,21247
4723,21248
5061,21249
5765,21250
1108,21251
5828,21252
17659,21253
4420,21254
6252,21255
6479,21256
6937,21257
10008,21258
7101,21259
13191,21260
19764,21261
23435,21262
6199,21263
5686,21264
13873,21265
1402,21266
2127,21267
7570,21268
3565,21269
15430,21270
7621,21271
17454,21272
7926,21273
8896,21274
10012,21275
19257,21276
10697,21277
9100,21278
2850,21279
11134,21280
15297,21281
10832,21282
24092,21283
8184,21284
9149,21285
11483,21286
12150,21287
13863,21288
16927,21289
15912,21290
6401,21291
11160,21292
13993,21293
11930,21294
19406,21295
15823,21296
20569,21297
14794,21298
22711,21299
22221,21300
23088,21301
12299,21302
22227,21303
21372,21304
15817,21305
7400,21306
2422,21307
8690,21308
1082,21309
20742,21310
11612,21311
23950,21312
6801,21313
892,21314
20845,21315
2332,21316
11572,21317
16255,21318
11058,21319
20941,21320
474,21321
18725,21322
4743,21323
4032,21324
4768,21325
7254,21326
12458,21327
14752,21328
16343,21329
13365,21330
17010,21331
17019,21332
17025,21333
17927,21334
13266,21335
18795,21336
22906,21337
4057,21338
5471,21339
4769,21340
13250,21341
6145,21342
15591,21343
7542,21344
15513,21345
7938,21346
18576,21347
12378,21348
20329,21349
8197,21350
9002,21351
14157,21352
17059,21353
13213,21354
19735,21355
11508,21356
20536,21357
18128,21358
9006,21359
17996,21360
17062,21361
15557,21362
19732,21363
1838,21364
20533,21365
18124,21366
15816,21367
8689,21368
9119,21369
9307,21370
5259,21371
6028,21372
14467,21373
16802,21374
16329,21375
10706,21376
13053,21377
17459,21378
16708,21379
10677,21380
12391,21381
21703,21382
23413,21383
11391,21384
2617,21385
3712,21386
4710,21387
15801,21388
14664,21389
17673,21390
19286,21391
2556,21392
3945,21393
11312,21394
404,21395
21356,21396
22211,21397
4256,21398
4312,21399
4978,21400
5023,21401
5015,21402
19973,21403
1083,21404
18312,21405
21999,21406
4753,21407
484,21408
5681,21409
15091,21410
23329,21411
5785,21412
3240,21413
5083,21414
1506,21415
5842,21416
17762,21417
3029,21418
15528,21419
10517,21420
5958,21421
10835,21422
17760,21423
11278,21424
23242,21425
4220,21426
23629,21427
3513,21428
17865,21429
18663,21430
14958,21431
20425,21432
494,21433
5461,21434
2216,21435
1104,21436
1492,21437
6574,21438
6739,21439
7061,21440
6377,21441
15882,21442
21615,21443
2520,21444
23236,21445
3338,21446
4932,21447
5082,21448
4657,21449
5458,21450
6505,21451
17670,21452
7120,21453
6751,21454
11200,21455
7258,21456
17017,21457
7534,21458
10606,21459
7424,21460
6502,21461
7187,21462
7540,21463
760,21464
23327,21465
1084,21466
17539,21467
7848,21468
7913,21469
17033,21470
11201,21471
8220,21472
8480,21473
9126,21474
9161,21475
717,21476
9162,21477
8123,21478
10518,21479
1446,21480
1439,21481
22465,21482
9163,21483
9232,21484
9234,21485
2541,21486
9262,21487
9217,21488
18375,21489
10150,21490
13129,21491
16388,21492
23240,21493
17752,21494
18711,21495
18746,21496
15397,21497
10713,21498
19254,21499
17453,21500
20860,21501
2260,21502
2639,21503
4381,21504
16163,21505
3673,21506
18202,21507
10578,21508
18374,21509
480,21510
11317,21511
4877,21512
10627,21513
6558,21514
5803,21515
6842,21516
15947,21517
3236,21518
15190,21519
7402,21520
20750,21521
19320,21522
20623,21523
15383,21524
15966,21525
20952,21526
3498,21527
4154,21528
17948,21529
19465,21530
17224,21531
20263,21532
11783,21533
20958,21534
7420,21535
8567,21536
9268,21537
9325,21538
13058,21539
17658,21540
7928,21541
11378,21542
2993,21543
827,21544
11643,21545
11645,21546
12438,21547
14023,21548
14935,21549
16326,21550
16452,21551
17975,21552
19576,21553
20241,21554
21045,21555
15696,21556
22748,21557
21176,21558
2821,21559
2972,21560
4236,21561
8581,21562
16703,21563
13232,21564
14814,21565
11793,21566
3232,21567
4401,21568
2270,21569
6534,21570
17205,21571
14815,21572
806,21573
22752,21574
16482,21575
9342,21576
4046,21577
6550,21578
11596,21579
22823,21580
9357,21581
21804,21582
17139,21583
2049,21584
12828,21585
10186,21586
13620,21587
14409,21588
11188,21589
19176,21590
8622,21591
9466,21592
1917,21593
19801,21594
16917,21595
4380,21596
3672,21597
6844,21598
7528,21599
7204,21600
5355,21601
6520,21602
11311,21603
1481,21604
22469,21605
1798,21606
761,21607
19972,21608
2521,21609
8564,21610
5357,21611
8924,21612
9258,21613
9467,21614
14746,21615
11290,21616
17013,21617
18558,21618
1495,21619
24095,21620
21141,21621
7862,21622
10175,21623
4366,21624
3658,21625
10576,21626
8808,21627
779,21628
1499,21629
7168,21630
4557,21631
9469,21632
12909,21633
10928,21634
18553,21635
10605,21636
7287,21637
9492,21638
775,21639
11281,21640
11259,21641
20769,21642
8086,21643
12903,21644
19357,21645
950,21646
10165,21647
18255,21648
19055,21649
1901,21650
3042,21651
10300,21652
4025,21653
493,21654
6501,21655
7186,21656
7861,21657
8096,21658
20649,21659
19851,21660
19332,21661
2320,21662
10297,21663
2229,21664
4373,21665
1100,21666
2951,21667
492,21668
5436,21669
6504,21670
785,21671
10575,21672
21611,21673
8544,21674
15410,21675
6496,21676
8552,21677
3951,21678
7869,21679
4371,21680
2924,21681
24187,21682
10155,21683
9480,21684
22313,21685
19850,21686
8640,21687
10986,21688
1213,21689
11294,21690
4659,21691
10609,21692
7189,21693
9242,21694
10174,21695
11289,21696
10604,21697
2202,21698
18371,21699
10839,21700
12908,21701
1165,21702
17466,21703
13838,21704
3319,21705
7288,21706
8478,21707
9490,21708
8549,21709
7866,21710
9509,21711
9554,21712
2378,21713
9560,21714
915,21715
22545,21716
5882,21717
5614,21718
2029,21719
21149,21720
3442,21721
17223,21722
4150,21723
14957,21724
4764,21725
9565,21726
5876,21727
19248,21728
1627,21729
5615,21730
19469,21731
2649,21732
1927,21733
10593,21734
2803,21735
17867,21736
15718,21737
20267,21738
16474,21739
13160,21740
8222,21741
6168,21742
9576,21743
20474,21744
1138,21745
22152,21746
9611,21747
11307,21748
4655,21749
17448,21750
16697,21751
9774,21752
13740,21753
3222,21754
12305,21755
23230,21756
8681,21757
13825,21758
8897,21759
681,21760
9780,21761
9799,21762
11613,21763
19769,21764
15556,21765
16310,21766
18126,21767
21006,21768
21370,21769
21859,21770
12720,21771
23081,21772
23569,21773
23943,21774
23946,21775
403,21776
22220,21777
7452,21778
18927,21779
19733,21780
12713,21781
17562,21782
9803,21783
13200,21784
13991,21785
18604,21786
18929,21787
20201,21788
18936,21789
20539,21790
21367,21791
23120,21792
11628,21793
16306,21794
19738,21795
11507,21796
23945,21797
23457,21798
23083,21799
18926,21800
7705,21801
14532,21802
6709,21803
21565,21804
447,21805
3049,21806
13050,21807
2326,21808
13966,21809
15502,21810
18726,21811
22645,21812
17849,21813
5537,21814
7014,21815
12368,21816
12369,21817
11577,21818
13158,21819
13173,21820
13956,21821
11576,21822
14768,21823
19530,21824
19531,21825
17880,21826
20328,21827
14059,21828
20397,21829
21814,21830
23764,21831
12421,21832
11627,21833
16309,21834
14301,21835
19418,21836
22600,21837
13511,21838
23082,21839
21747,21840
23086,21841
12300,21842
23944,21843
21366,21844
23948,21845
21369,21846
13504,21847
12152,21848
6855,21849
14042,21850
7514,21851
17098,21852
7429,21853
757,21854
6877,21855
20405,21856
8388,21857
8911,21858
17928,21859
18678,21860
14158,21861
19417,21862
14005,21863
18614,21864
18135,21865
23949,21866
13886,21867
17323,21868
15066,21869
16567,21870
15299,21871
9591,21872
4836,21873
387,21874
3369,21875
3533,21876
13987,21877
13194,21878
16603,21879
20884,21880
18149,21881
10343,21882
12693,21883
6895,21884
21346,21885
16195,21886
15795,21887
15038,21888
13478,21889
16808,21890
7580,21891
16544,21892
15442,21893
8135,21894
17297,21895
16547,21896
9806,21897
9112,21898
20772,21899
1797,21900
10295,21901
2983,21902
20183,21903
22820,21904
3231,21905
11328,21906
19268,21907
10525,21908
3340,21909
3688,21910
1491,21911
11011,21912
14868,21913
2662,21914
15628,21915
1336,21916
399,21917
4223,21918
4313,21919
2555,21920
11166,21921
3603,21922
19393,21923
20299,21924
4672,21925
15136,21926
20074,21927
17396,21928
16644,21929
11985,21930
21015,21931
23658,21932
5455,21933
2952,21934
5359,21935
2230,21936
6515,21937
3947,21938
6532,21939
11198,21940
3361,21941
21957,21942
6196,21943
22810,21944
4885,21945
11988,21946
11496,21947
12779,21948
10455,21949
7079,21950
18596,21951
19501,21952
22794,21953
16593,21954
13089,21955
7088,21956
21847,21957
3570,21958
22717,21959
2065,21960
4184,21961
1343,21962
20523,21963
7573,21964
628,21965
2059,21966
13489,21967
15440,21968
14279,21969
11907,21970
18902,21971
8563,21972
7880,21973
9169,21974
4083,21975
2067,21976
5017,21977
2689,21978
2788,21979
4178,21980
7040,21981
9247,21982
10173,21983
9623,21984
21965,21985
19488,21986
11164,21987
9844,21988
10519,21989
10505,21990
9895,21991
4075,21992
23775,21993
5486,21994
18005,21995
5501,21996
17796,21997
13540,21998
20085,21999
9896,22000
22466,22001
6715,22002
21572,22003
4735,22004
5418,22005
4475,22006
23404,22007
21427,22008
2896,22009
9246,22010
9898,22011
9912,22012
9914,22013
9924,22014
9929,22015
10610,22016
11260,22017
20770,22018
8085,22019
9934,22020
9216,22021
19971,22022
6030,22023
13710,22024
13154,22025
16226,22026
5887,22027
6046,22028
1639,22029
7675,22030
18657,22031
3516,22032
17859,22033
19625,22034
23619,22035
15716,22036
5466,22037
9941,22038
9945,22039
4653,22040
12835,22041
13628,22042
2927,22043
24190,22044
8786,22045
19950,22046
14705,22047
928,22048
13041,22049
19819,22050
1928,22051
2650,22052
11277,22053
385,22054
6307,22055
1315,22056
21146,22057
22764,22058
14165,22059
23622,22060
20424,22061
4054,22062
3348,22063
18561,22064
20173,22065
724,22066
7440,22067
6436,22068
1247,22069
11991,22070
20077,22071
3377,22072
22260,22073
16936,22074
23121,22075
23983,22076
17383,22077
20768,22078
1800,22079
24139,22080
3302,22081
3068,22082
11458,22083
4030,22084
4468,22085
5140,22086
15662,22087
5494,22088
6376,22089
13870,22090
7060,22091
7738,22092
18161,22093
9913,22094
9231,22095
8358,22096
11683,22097
11685,22098
11730,22099
13270,22100
14064,22101
14848,22102
12017,22103
14896,22104
15417,22105
15613,22106
12519,22107
14067,22108
11727,22109
16366,22110
16367,22111
15657,22112
17117,22113
18721,22114
16373,22115
17923,22116
14859,22117
15161,22118
15619,22119
15918,22120
19527,22121
21083,22122
3475,22123
20294,22124
3493,22125
10402,22126
4890,22127
20375,22128
15573,22129
21898,22130
11794,22131
5593,22132
16453,22133
13233,22134
15574,22135
15725,22136
5611,22137
11088,22138
11693,22139
20588,22140
21412,22141
6074,22142
17421,22143
18776,22144
23607,22145
14879,22146
21043,22147
3528,22148
21048,22149
14027,22150
17233,22151
430,22152
23803,22153
17231,22154
16480,22155
15723,22156
13736,22157
6991,22158
8090,22159
13673,22160
2610,22161
2290,22162
23421,22163
8314,22164
14108,22165
8316,22166
13315,22167
850,22168
11375,22169
1550,22170
24183,22171
6037,22172
23308,22173
23318,22174
14462,22175
16872,22176
138,22177
32,22178
8835,22179
22266,22180
12553,22181
21897,22182
14881,22183
22750,22184
17204,22185
12441,22186
16327,22187
13384,22188
9030,22189
12522,22190
10395,22191
12018,22192
9031,22193
9032,22194
20325,22195
16372,22196
12811,22197
17124,22198
16668,22199
14654,22200
17420,22201
17207,22202
15572,22203
13230,22204
17144,22205
20374,22206
21899,22207
13234,22208
21234,22209
2767,22210
16392,22211
1329,22212
11709,22213
5399,22214
22089,22215
12585,22216
11792,22217
14964,22218
16051,22219
609,22220
12501,22221
4873,22222
15638,22223
7407,22224
20688,22225
6810,22226
19002,22227
19261,22228
5824,22229
3708,22230
7230,22231
21607,22232
6721,22233
15287,22234
24180,22235
13672,22236
13021,22237
141,22238
35,22239
6247,22240
13333,22241
11067,22242
14920,22243
5538,22244
15680,22245
11666,22246
15675,22247
9033,22248
10487,22249
9034,22250
13314,22251
10399,22252
11085,22253
9130,22254
9134,22255
9712,22256
12810,22257
8836,22258
17419,22259
13296,22260
3459,22261
16391,22262
21046,22263
23610,22264
14176,22265
9543,22266
14967,22267
22088,22268
21233,22269
13380,22270
6640,22271
8792,22272
21513,22273
7496,22274
10696,22275
11470,22276
9327,22277
16705,22278
9713,22279
14387,22280
13067,22281
13598,22282
14089,22283
5576,22284
6977,22285
10421,22286
11646,22287
14025,22288
11795,22289
17143,22290
9055,22291
18775,22292
9715,22293
11170,22294
16923,22295
12021,22296
14937,22297
22749,22298
14090,22299
21896,22300
13350,22301
23611,22302
21047,22303
13383,22304
1151,22305
14966,22306
15724,22307
18827,22308
16479,22309
14526,22310
6034,22311
16799,22312
8891,22313
10004,22314
1805,22315
11374,22316
849,22317
830,22318
23321,22319
8093,22320
17547,22321
22459,22322
21506,22323
17624,22324
151,22325
45,22326
9717,22327
14106,22328
7637,22329
7771,22330
8320,22331
12024,22332
14652,22333
14392,22334
17977,22335
21895,22336
16393,22337
19443,22338
14142,22339
22753,22340
21900,22341
23804,22342
2585,22343
22944,22344
16481,22345
17232,22346
11791,22347
12941,22348
10159,22349
24080,22350
453,22351
3027,22352
13848,22353
18207,22354
19006,22355
11358,22356
4556,22357
15377,22358
24104,22359
21604,22360
22359,22361
15364,22362
148,22363
42,22364
9718,22365
7673,22366
8321,22367
15920,22368
9036,22369
16670,22370
16921,22371
15163,22372
15697,22373
11644,22374
15640,22375
2045,22376
17145,22377
23608,22378
3458,22379
12502,22380
4165,22381
11710,22382
4941,22383
13235,22384
12442,22385
15726,22386
5575,22387
22824,22388
8861,22389
21235,22390
14965,22391
22943,22392
12584,22393
23323,22394
10843,22395
23219,22396
6123,22397
6566,22398
21705,22399
7934,22400
8617,22401
10673,22402
19965,22403
14617,22404
20711,22405
21605,22406
15593,22407
18291,22408
22018,22409
16346,22410
13332,22411
17099,22412
14125,22413
17850,22414
18763,22415
8706,22416
170,22417
62,22418
9737,22419
17976,22420
22751,22421
12440,22422
14174,22423
9750,22424
15620,22425
9068,22426
9038,22427
6411,22428
9720,22429
7095,22430
16167,22431
5713,22432
14938,22433
20239,22434
15641,22435
10420,22436
19442,22437
15695,22438
17080,22439
20316,22440
1328,22441
23612,22442
23805,22443
10227,22444
12588,22445
14173,22446
13381,22447
18028,22448
17555,22449
608,22450
14880,22451
8342,22452
2766,22453
12500,22454
5577,22455
6291,22456
4166,22457
16390,22458
4874,22459
17142,22460
6970,22461
15637,22462
9474,22463
20690,22464
8178,22465
5834,22466
20054,22467
4426,22468
22273,22469
9305,22470
18367,22471
10847,22472
21526,22473
22460,22474
19092,22475
6658,22476
269,22477
134,22478
9814,22479
6758,22480
7770,22481
15698,22482
18640,22483
13297,22484
11107,22485
17840,22486
18774,22487
14026,22488
11647,22489
12587,22490
1863,22491
14175,22492
19632,22493
20431,22494
17230,22495
12146,22496
21116,22497
6718,22498
22453,22499
6811,22500
8607,22501
20058,22502
10003,22503
9054,22504
7659,22505
9320,22506
5810,22507
12939,22508
7410,22509
19151,22510
3147,22511
12460,22512
17189,22513
13252,22514
14044,22515
16437,22516
21165,22517
14834,22518
14915,22519
23212,22520
16120,22521
158,22522
50,22523
6934,22524
13328,22525
11072,22526
11738,22527
6249,22528
14121,22529
10386,22530
22867,22531
9736,22532
15639,22533
2046,22534
14878,22535
2768,22536
13295,22537
1330,22538
11708,22539
2047,22540
14088,22541
610,22542
14877,22543
7653,22544
14087,22545
3460,22546
6323,22547
8336,22548
5644,22549
11648,22550
17081,22551
13382,22552
4697,22553
12586,22554
20430,22555
19631,22556
15722,22557
16803,22558
13030,22559
1690,22560
3305,22561
4424,22562
22558,22563
5832,22564
859,22565
2996,22566
19168,22567
8796,22568
18307,22569
22857,22570
9951,22571
9899,22572
9988,22573
20764,22574
10163,22575
14474,22576
14524,22577
24072,22578
4129,22579
11742,22580
2730,22581
16436,22582
3421,22583
12534,22584
2008,22585
12530,22586
8024,22587
155,22588
48,22589
9702,22590
17965,22591
2734,22592
16431,22593
9019,22594
17183,22595
2012,22596
22015,22597
4133,22598
23725,22599
13253,22600
18760,22601
3425,22602
17962,22603
14045,22604
17182,22605
17863,22606
2746,22607
18754,22608
21053,22609
21905,22610
4412,22611
5118,22612
20863,22613
5820,22614
2268,22615
2991,22616
649,22617
18661,22618
19803,22619
22769,22620
4423,22621
11471,22622
3715,22623
5831,22624
2273,22625
24182,22626
6535,22627
23320,22628
7411,22629
24181,22630
23319,22631
12875,22632
7341,22633
259,22634
126,22635
9478,22636
22340,22637
9991,22638
12998,22639
3878,22640
22369,22641
20761,22642
13907,22643
15045,22644
10182,22645
11488,22646
11992,22647
12784,22648
18467,22649
18963,22650
20242,22651
20813,22652
1011,22653
1202,22654
13685,22655
20354,22656
20881,22657
21461,22658
1089,22659
20651,22660
19853,22661
11410,22662
21778,22663
2526,22664
24026,22665
23166,22666
16986,22667
11308,22668
3227,22669
23165,22670
24025,22671
14717,22672
14416,22673
3044,22674
10292,22675
12041,22676
1097,22677
12834,22678
10623,22679
3334,22680
3336,22681
4669,22682
22270,22683
15922,22684
23127,22685
16096,22686
4683,22687
16552,22688
12699,22689
19709,22690
17598,22691
10100,22692
21536,22693
2809,22694
481,22695
1515,22696
5287,22697
10969,22698
10972,22699
2413,22700
23713,22701
2632,22702
11323,22703
3234,22704
10638,22705
1520,22706
1489,22707
16094,22708
1731,22709
13728,22710
21761,22711
15971,22712
4642,22713
16726,22714
5429,22715
5452,22716
3670,22717
5790,22718
6134,22719
19000,22720
6137,22721
6489,22722
6524,22723
15408,22724
10630,22725
6529,22726
4652,22727
6559,22728
6819,22729
4378,22730
6734,22731
2956,22732
2234,22733
6994,22734
4856,22735
22855,22736
3440,22737
12581,22738
4148,22739
18824,22740
20160,22741
7174,22742
23381,22743
7213,22744
10636,22745
7272,22746
4750,22747
18200,22748
6050,22749
5789,22750
5087,22751
6843,22752
739,22753
2909,22754
12025,22755
15340,22756
4584,22757
10283,22758
1910,22759
3678,22760
3681,22761
5353,22762
4389,22763
5096,22764
5354,22765
4386,22766
7264,22767
3519,22768
7422,22769
3671,22770
4379,22771
7521,22772
7522,22773
7628,22774
4226,22775
6258,22776
18025,22777
6944,22778
20427,22779
3344,22780
769,22781
16846,22782
7893,22783
2213,22784
15338,22785
795,22786
14648,22787
2239,22788
2962,22789
2933,22790
14576,22791
796,22792
803,22793
4650,22794
8204,22795
8400,22796
7719,22797
20557,22798
13790,22799
2453,22800
10978,22801
19115,22802
1370,22803
1921,22804
15946,22805
2646,22806
4372,22807
2538,22808
3664,22809
2950,22810
2212,22811
7202,22812
378,22813
6518,22814
8106,22815
7879,22816
8537,22817
21665,22818
1732,22819
22441,22820
19321,22821
15964,22822
8562,22823
1488,22824
12995,22825
8566,22826
768,22827
16845,22828
10786,22829
20748,22830
16221,22831
871,22832
16911,22833
11394,22834
18453,22835
19256,22836
11393,22837
10708,22838
3696,22839
14766,22840
5042,22841
7260,22842
6576,22843
11363,22844
6856,22845
8122,22846
12027,22847
12819,22848
15928,22849
12993,22850
3171,22851
15269,22852
5463,22853
8483,22854
8735,22855
24152,22856
1159,22857
22661,22858
8660,22859
8736,22860
24165,22861
14703,22862
19024,22863
13831,22864
18224,22865
7800,22866
8737,22867
17545,22868
13121,22869
5198,22870
13833,22871
21434,22872
7122,22873
8805,22874
11316,22875
8826,22876
7802,22877
4331,22878
14397,22879
14575,22880
1734,22881
15270,22882
3303,22883
11414,22884
4759,22885
6440,22886
8917,22887
2967,22888
3943,22889
2244,22890
4388,22891
767,22892
9256,22893
9259,22894
4654,22895
9277,22896
1095,22897
9339,22898
5110,22899
12390,22900
5462,22901
6439,22902
7123,22903
12270,22904
5043,22905
9373,22906
14628,22907
10057,22908
15660,22909
13254,22910
22848,22911
11667,22912
12461,22913
18026,22914
20428,22915
19360,22916
490,22917
9416,22918
9568,22919
1606,22920
13843,22921
10729,22922
6500,22923
9608,22924
7883,22925
1812,22926
12042,22927
14417,22928
9225,22929
22521,22930
2455,22931
13716,22932
14706,22933
15205,22934
11451,22935
14424,22936
6995,22937
20253,22938
2812,22939
19456,22940
22939,22941
3437,22942
22084,22943
4051,22944
9939,22945
3239,22946
9958,22947
10639,22948
11272,22949
17599,22950
5286,22951
1197,22952
23243,22953
12354,22954
1372,22955
11462,22956
14085,22957
3314,22958
20315,22959
5144,22960
15399,22961
4452,22962
10705,22963
22654,22964
17913,22965
5123,22966
1090,22967
10662,22968
1572,22969
15523,22970
14871,22971
20866,22972
6151,22973
20314,22974
5580,22975
6580,22976
6836,22977
7215,22978
5352,22979
6531,22980
7526,22981
17911,22982
7897,22983
1094,22984
12034,22985
4397,22986
10992,22987
16383,22988
5775,22989
1947,22990
17135,22991
17887,22992
17393,22993
7217,22994
10516,22995
5488,22996
17903,22997
2056,22998
21394,22999
23438,23000
13567,23001
14357,23002
16623,23003
14579,23004
1730,23005
1208,23006
12826,23007
10873,23008
1369,23009
23627,23010
2085,23011
21064,23012
21916,23013
18825,23014
22941,23015
4040,23016
2957,23017
4049,23018
2651,23019
5729,23020
10540,23021
16166,23022
12809,23023
14655,23024
20188,23025
19504,23026
3598,23027
18592,23028
20302,23029
22792,23030
3604,23031
18591,23032
21410,23033
21846,23034
21099,23035
21952,23036
20289,23037
14322,23038
22591,23039
11951,23040
4294,23041
13073,23042
15915,23043
23555,23044
20297,23045
5005,23046
6373,23047
11617,23048
19499,23049
21089,23050
17314,23051
2561,23052
801,23053
4651,23054
1521,23055
8105,23056
790,23057
19800,23058
813,23059
10990,23060
14081,23061
18684,23062
7089,23063
2558,23064
6406,23065
11167,23066
7755,23067
20012,23068
8203,23069
7896,23070
3942,23071
804,23072
2970,23073
8235,23074
8338,23075
7214,23076
842,23077
11594,23078
16385,23079
2771,23080
8579,23081
8926,23082
9110,23083
13997,23084
15120,23085
14800,23086
20296,23087
21095,23088
19493,23089
9227,23090
16847,23091
10784,23092
17553,23093
13900,23094
17484,23095
9257,23096
3238,23097
11306,23098
10621,23099
11270,23100
17596,23101
10102,23102
9907,23103
16093,23104
294,23105
9909,23106
16095,23107
5992,23108
19961,23109
19312,23110
15215,23111
23511,23112
10642,23113
8099,23114
16731,23115
17169,23116
10984,23117
21908,23118
4931,23119
1312,23120
22085,23121
4859,23122
19628,23123
4050,23124
19361,23125
4761,23126
6161,23127
7185,23128
9943,23129
2535,23130
9260,23131
9960,23132
7895,23133
1487,23134
16092,23135
10103,23136
21600,23137
20906,23138
21800,23139
11326,23140
22293,23141
9961,23142
3233,23143
9278,23144
11327,23145
10586,23146
15336,23147
10787,23148
16801,23149
13107,23150
19831,23151
6043,23152
20629,23153
16417,23154
17857,23155
5456,23156
10603,23157
16164,23158
11288,23159
652,23160
19459,23161
20256,23162
21230,23163
23800,23164
1217,23165
496,23166
18570,23167
8481,23168
7439,23169
6438,23170
2683,23171
3374,23172
4081,23173
2858,23174
19279,23175
14361,23176
15133,23177
6378,23178
12282,23179
7062,23180
4996,23181
7741,23182
20075,23183
4286,23184
3576,23185
10456,23186
16843,23187
10788,23188
21581,23189
13124,23190
18552,23191
8422,23192
9241,23193
4912,23194
14061,23195
14062,23196
14063,23197
16363,23198
16365,23199
16415,23200
11081,23201
17116,23202
17118,23203
14899,23204
14858,23205
15659,23206
15618,23207
17167,23208
11688,23209
14856,23210
20282,23211
12521,23212
15617,23213
11729,23214
14857,23215
17123,23216
20323,23217
10398,23218
17922,23219
11084,23220
20324,23221
21936,23222
20322,23223
22827,23224
13273,23225
23126,23226
23685,23227
11687,23228
10492,23229
12480,23230
11175,23231
23987,23232
13859,23233
17422,23234
18802,23235
13201,23236
21861,23237
18791,23238
15563,23239
21972,23240
3495,23241
11686,23242
3592,23243
4298,23244
5009,23245
6071,23246
3588,23247
20396,23248
18615,23249
16311,23250
16466,23251
11020,23252
17068,23253
17306,23254
22825,23255
6072,23256
6268,23257
636,23258
16368,23259
5613,23260
14854,23261
17120,23262
6407,23263
6948,23264
6955,23265
19524,23266
13276,23267
6269,23268
1419,23269
697,23270
11477,23271
5717,23272
19597,23273
11629,23274
14007,23275
22050,23276
14803,23277
23683,23278
6993,23279
13271,23280
10434,23281
18679,23282
13601,23283
7096,23284
7581,23285
7635,23286
5010,23287
13858,23288
5714,23289
20404,23290
15546,23291
12518,23292
14786,23293
20393,23294
7576,23295
6891,23296
15806,23297
4681,23298
15049,23299
14267,23300
21341,23301
22185,23302
15295,23303
3934,23304
19894,23305
3318,23306
7774,23307
13064,23308
8260,23309
23068,23310
8319,23311
19526,23312
6953,23313
2144,23314
7636,23315
1418,23316
10200,23317
2867,23318
22060,23319
17808,23320
11726,23321
18607,23322
6271,23323
16409,23324
664,23325
12425,23326
13217,23327
11912,23328
5383,23329
13494,23330
22197,23331
23058,23332
13463,23333
16053,23334
3225,23335
13677,23336
2622,23337
4417,23338
22561,23339
3709,23340
5825,23341
3695,23342
5257,23343
14616,23344
14463,23345
20762,23346
23211,23347
7640,23348
14895,23349
8323,23350
17161,23351
8357,23352
10394,23353
12479,23354
13603,23355
8451,23356
6073,23357
13602,23358
17157,23359
10407,23360
13309,23361
19419,23362
20216,23363
23930,23364
3970,23365
21351,23366
16538,23367
12683,23368
11877,23369
17558,23370
6032,23371
21512,23372
14721,23373
7925,23374
21711,23375
8455,23376
19604,23377
22713,23378
18608,23379
21120,23380
11090,23381
21973,23382
16374,23383
14105,23384
23761,23385
16315,23386
15562,23387
22207,23388
602,23389
13312,23390
6957,23391
15651,23392
8608,23393
8609,23394
21710,23395
20601,23396
3710,23397
5811,23398
12144,23399
8092,23400
2409,23401
19963,23402
12080,23403
2732,23404
14916,23405
2010,23406
17185,23407
6248,23408
16433,23409
6933,23410
17966,23411
8023,23412
270,23413
135,23414
8705,23415
260,23416
127,23417
9040,23418
21119,23419
10405,23420
11091,23421
13311,23422
14104,23423
1322,23424
19521,23425
927,23426
9321,23427
7910,23428
18368,23429
9477,23430
21590,23431
2425,23432
18290,23433
7340,23434
159,23435
51,23436
9711,23437
12813,23438
16169,23439
14390,23440
14892,23441
9722,23442
14891,23443
6274,23444
14101,23445
6960,23446
13308,23447
7643,23448
12514,23449
8326,23450
12512,23451
9724,23452
14102,23453
14008,23454
11630,23455
10437,23456
3263,23457
12703,23458
15032,23459
17288,23460
14254,23461
16806,23462
5341,23463
15253,23464
15482,23465
851,23466
17660,23467
1571,23468
10690,23469
4403,23470
19169,23471
15376,23472
13729,23473
15291,23474
10385,23475
12531,23476
11071,23477
11739,23478
24071,23479
6657,23480
168,23481
60,23482
9018,23483
14122,23484
9042,23485
11722,23486
14073,23487
22052,23488
2760,23489
15710,23490
12424,23491
10335,23492
12686,23493
9701,23494
13329,23495
2011,23496
18764,23497
2733,23498
16432,23499
574,23500
17184,23501
1293,23502
11121,23503
9756,23504
9781,23505
16091,23506
296,23507
18349,23508
11567,23509
20125,23510
1645,23511
16898,23512
23995,23513
10022,23514
14111,23515
21082,23516
15917,23517
7449,23518
17902,23519
21100,23520
23651,23521
19595,23522
4177,23523
23774,23524
16298,23525
21007,23526
16556,23527
1127,23528
18910,23529
12684,23530
13476,23531
21329,23532
7575,23533
8259,23534
13493,23535
406,23536
14283,23537
17289,23538
11892,23539
23908,23540
19968,23541
2524,23542
12880,23543
7511,23544
4415,23545
22562,23546
3707,23547
3013,23548
1551,23549
23322,23550
6720,23551
22449,23552
21603,23553
19887,23554
17623,23555
152,23556
46,23557
8421,23558
8688,23559
1801,23560
24081,23561
15483,23562
3017,23563
20056,23564
2294,23565
1574,23566
5109,23567
24184,23568
7409,23569
24078,23570
22458,23571
19091,23572
16871,23573
156,23574
49,23575
8302,23576
17186,23577
7618,23578
11740,23579
9700,23580
12532,23581
9017,23582
7688,23583
9815,23584
16168,23585
9135,23586
14951,23587
17064,23588
11725,23589
14799,23590
17994,23591
6890,23592
10336,23593
16555,23594
20095,23595
17305,23596
14266,23597
13475,23598
18895,23599
18370,23600
1087,23601
22363,23602
20133,23603
2293,23604
23420,23605
3016,23606
9322,23607
1552,23608
21608,23609
10845,23610
21509,23611
23317,23612
15249,23613
16119,23614
142,23615
36,23616
9817,23617
19605,23618
20205,23619
12517,23620
15622,23621
17160,23622
19408,23623
18792,23624
6206,23625
11021,23626
11911,23627
19297,23628
12702,23629
15789,23630
16539,23631
23046,23632
20767,23633
368,23634
20694,23635
7641,23636
16408,23637
8324,23638
15655,23639
6272,23640
18716,23641
8904,23642
3015,23643
15404,23644
2292,23645
10005,23646
831,23647
22463,23648
6036,23649
16045,23650
24179,23651
20686,23652
15363,23653
149,23654
43,23655
9043,23656
17918,23657
10408,23658
16404,23659
9698,23660
14124,23661
7617,23662
12533,23663
9015,23664
13331,23665
8301,23666
8371,23667
3422,23668
9071,23669
4130,23670
4838,23671
10435,23672
9725,23673
17156,23674
11094,23675
11720,23676
17127,23677
17154,23678
10412,23679
17882,23680
21195,23681
22048,23682
11029,23683
8977,23684
11894,23685
10890,23686
17291,23687
14250,23688
13458,23689
11867,23690
12148,23691
6716,23692
17519,23693
16990,23694
5827,23695
19260,23696
5125,23697
4419,23698
8593,23699
20765,23700
8795,23701
18294,23702
646,23703
9753,23704
5539,23705
5640,23706
11074,23707
3526,23708
10388,23709
4233,23710
6936,23711
19563,23712
6251,23713
5629,23714
23632,23715
4926,23716
21921,23717
22774,23718
5138,23719
5840,23720
13054,23721
3723,23722
5806,23723
5104,23724
2977,23725
22462,23726
10162,23727
21487,23728
16132,23729
24051,23730
23191,23731
1668,23732
18641,23733
3312,23734
22942,23735
10961,23736
475,23737
18812,23738
12396,23739
10307,23740
22067,23741
17042,23742
16289,23743
498,23744
22072,23745
3355,23746
1118,23747
8094,23748
219,23749
8624,23750
17656,23751
10019,23752
8606,23753
9022,23754
21161,23755
7623,23756
5124,23757
8307,23758
4418,23759
20859,23760
5826,23761
853,23762
6546,23763
19966,23764
10846,23765
18365,23766
19166,23767
12874,23768
12228,23769
265,23770
131,23771
9296,23772
10309,23773
21214,23774
519,23775
1836,23776
11161,23777
97,23778
9850,23779
18588,23780
12279,23781
16652,23782
14602,23783
10452,23784
15869,23785
15064,23786
15821,23787
15808,23788
14282,23789
181,23790
69,23791
9992,23792
23128,23793
13979,23794
5608,23795
9981,23796
16285,23797
17037,23798
18605,23799
5030,23800
6172,23801
5737,23802
15411,23803
10502,23804
6301,23805
13280,23806
15089,23807
12295,23808
15846,23809
16596,23810
21737,23811
23447,23812
4269,23813
12743,23814
7106,23815
20589,23816
13775,23817
713,23818
7586,23819
23044,23820
7714,23821
7037,23822
8125,23823
8383,23824
6223,23825
23906,23826
3976,23827
18091,23828
8384,23829
8982,23830
23907,23831
9076,23832
11043,23833
16529,23834
1844,23835
15779,23836
15022,23837
16524,23838
12189,23839
2468,23840
16012,23841
10350,23842
21752,23843
12851,23844
8801,23845
19040,23846
13216,23847
11116,23848
13995,23849
16464,23850
11632,23851
14010,23852
15707,23853
3367,23854
19608,23855
12399,23856
11605,23857
16463,23858
518,23859
10430,23860
11695,23861
19567,23862
10378,23863
18496,23864
15705,23865
15805,23866
16317,23867
22196,23868
3399,23869
23745,23870
3400,23871
22034,23872
3403,23873
3972,23874
4818,23875
5522,23876
21181,23877
21024,23878
564,23879
6224,23880
20378,23881
4123,23882
6337,23883
17300,23884
12674,23885
15564,23886
16320,23887
16513,23888
17070,23889
19682,23890
2001,23891
17267,23892
20219,23893
15765,23894
21307,23895
23584,23896
15768,23897
23587,23898
12645,23899
2722,23900
15006,23901
4110,23902
21309,23903
4111,23904
20481,23905
10896,23906
22160,23907
14016,23908
12638,23909
18626,23910
21291,23911
2574,23912
4825,23913
13444,23914
5523,23915
22164,23916
1134,23917
19684,23918
19431,23919
17254,23920
21881,23921
12635,23922
10902,23923
14220,23924
13428,23925
14215,23926
20806,23927
2576,23928
15751,23929
14992,23930
22133,23931
19211,23932
3417,23933
14993,23934
1142,23935
13427,23936
14219,23937
13423,23938
5525,23939
16516,23940
4691,23941
21298,23942
12436,23943
12604,23944
19439,23945
18036,23946
22746,23947
13393,23948
3985,23949
18038,23950
23819,23951
22950,23952
20807,23953
428,23954
19640,23955
15731,23956
22095,23957
18409,23958
5527,23959
23882,23960
5534,23961
23003,23962
10215,23963
21289,23964
2114,23965
11837,23966
558,23967
11852,23968
415,23969
14230,23970
13229,23971
18637,23972
17239,23973
1149,23974
22958,23975
18835,23976
23603,23977
23810,23978
17592,23979
23822,23980
10911,23981
12606,23982
13399,23983
16486,23984
12990,23985
4588,23986
22410,23987
6332,23988
17258,23989
16501,23990
6772,23991
16517,23992
14020,23993
12608,23994
14021,23995
17836,23996
18837,23997
20441,23998
10225,23999
22106,24000
22962,24001
11802,24002
12988,24003
2582,24004
23820,24005
21249,24006
7596,24007
22032,24008
21026,24009
20224,24010
17264,24011
416,24012
12642,24013
18639,24014
14205,24015
20233,24016
22976,24017
1858,24018
17244,24019
16493,24020
13389,24021
20007,24022
23599,24023
15740,24024
2461,24025
18326,24026
2579,24027
19650,24028
18845,24029
21241,24030
15333,24031
6093,24032
7598,24033
8151,24034
23824,24035
21253,24036
14181,24037
8160,24038
23135,24039
8279,24040
19580,24041
22730,24042
21878,24043
7699,24044
8282,24045
12651,24046
10209,24047
14236,24048
17830,24049
21884,24050
18070,24051
2725,24052
18058,24053
1855,24054
22997,24055
23857,24056
21278,24057
16840,24058
1021,24059
3145,24060
8742,24061
20732,24062
19339,24063
6786,24064
14433,24065
8844,24066
23021,24067
18630,24068
19660,24069
10904,24070
14991,24071
2112,24072
14988,24073
567,24074
18866,24075
418,24076
8849,24077
23005,24078
3543,24079
8860,24080
11806,24081
12599,24082
21240,24083
8892,24084
9513,24085
2161,24086
2884,24087
22267,24088
9529,24089
23010,24090
9673,24091
8990,24092
7011,24093
18620,24094
17820,24095
11714,24096
14076,24097
12506,24098
14865,24099
13301,24100
15625,24101
14094,24102
16377,24103
14884,24104
17129,24105
15000,24106
10897,24107
13434,24108
12435,24109
14019,24110
21257,24111
23601,24112
12613,24113
10909,24114
14198,24115
13406,24116
23829,24117
8150,24118
22111,24119
21256,24120
16485,24121
21656,24122
10800,24123
9539,24124
13405,24125
14197,24126
17236,24127
22512,24128
9674,24129
17278,24130
8841,24131
9680,24132
8997,24133
13443,24134
1848,24135
15010,24136
14808,24137
15756,24138
19433,24139
2004,24140
22148,24141
2573,24142
23867,24143
23007,24144
3275,24145
14223,24146
11845,24147
17252,24148
12196,24149
3545,24150
1850,24151
19673,24152
20472,24153
5290,24154
11511,24155
23997,24156
13040,24157
24119,24158
11554,24159
13431,24160
9681,24161
15761,24162
5394,24163
15002,24164
16325,24165
18046,24166
22740,24167
22977,24168
23606,24169
22123,24170
6092,24171
23842,24172
11828,24173
6778,24174
8855,24175
22979,24176
22120,24177
13388,24178
21660,24179
1022,24180
16953,24181
19130,24182
23499,24183
2369,24184
12247,24185
23839,24186
9993,24187
1548,24188
22530,24189
273,24190
16779,24191
21812,24192
23492,24193
2830,24194
3001,24195
4060,24196
9994,24197
10679,24198
11357,24199
20022,24200
3866,24201
20164,24202
4950,24203
3354,24204
5473,24205
3253,24206
9168,24207
2682,24208
11485,24209
15901,24210
13814,24211
14354,24212
17370,24213
199,24214
23941,24215
23079,24216
15057,24217
14292,24218
18911,24219
84,24220
9995,24221
19265,24222
3004,24223
2281,24224
7229,24225
9996,24226
9997,24227
22566,24228
11367,24229
9998,24230
6545,24231
9999,24232
12373,24233
18573,24234
22679,24235
2917,24236
2922,24237
10861,24238
1475,24239
10572,24240
389,24241
1470,24242
5059,24243
3956,24244
748,24245
750,24246
3615,24247
19194,24248
7840,24249
4325,24250
18393,24251
4611,24252
9832,24253
20787,24254
