Node ID,Order
1,0
10,1
11,2
12,3
13,4
14,5
15,6
16,7
17,8
18,9
19,10
2,11
20,12
21,13
22,14
23,15
24,16
25,17
26,18
27,19
28,20
29,21
3,22
4,23
5,24
6,25
7,26
8,27
9,28
153,29
200,30
201,31
207,32
208,33
209,34
211,35
212,36
220,37
221,38
226,39
157,40
227,41
228,42
234,43
235,44
236,45
241,46
242,47
243,48
261,49
266,50
171,51
172,52
177,53
178,54
182,55
183,56
190,57
20763,58
19131,59
5952,60
5256,61
21554,62
21549,63
24109,64
18324,65
19126,66
4553,67
13734,68
3141,69
4549,70
22400,71
20724,72
12890,73
20722,74
23259,75
23246,76
19165,77
21606,78
984,79
976,80
3146,81
1705,82
982,83
5954,84
19167,85
19964,86
19927,87
18330,88
5956,89
5254,90
22404,91
23247,92
2417,93
18325,94
19931,95
3848,96
21545,97
19925,98
23255,99
18328,100
12095,101
3139,102
24121,103
24108,104
18364,105
22461,106
1703,107
24105,108
21553,109
2424,110
1701,111
3845,112
18366,113
5939,114
5238,115
22343,116
22342,117
13652,118
18289,119
18271,120
24052,121
14445,122
24053,123
23194,124
23193,125
24054,126
12858,127
18272,128
14443,129
20685,130
16007,131
16746,132
19886,133
15230,134
20670,135
12059,136
21489,137
20655,138
2393,139
2392,140
19857,141
16743,142
4527,143
23175,144
21469,145
19065,146
24032,147
23177,148
21472,149
23172,150
1675,151
24035,152
18262,153
957,154
20664,155
3819,156
4518,157
20658,158
24033,159
19860,160
18263,161
3061,162
10727,163
1618,164
3753,165
11412,166
897,167
9362,168
4456,169
8648,170
22277,171
5166,172
7279,173
23724,174
4461,175
9367,176
5866,177
3807,178
1616,179
16739,180
20609,181
2337,182
3056,183
5864,184
3754,185
18462,186
5165,187
5867,188
5851,189
5865,190
10046,191
2334,192
7964,193
21424,194
7283,195
6595,196
5167,197
10051,198
3752,199
5921,200
2336,201
17492,202
19811,203
1617,204
894,205
896,206
8636,207
845,208
10034,209
6585,210
11405,211
10721,212
3732,213
5848,214
4440,215
3733,216
7952,217
4441,218
8635,219
7953,220
7269,221
2286,222
11406,223
18210,224
5146,225
9350,226
5847,227
5147,228
18424,229
2257,230
21676,231
19227,232
20766,233
24255,234
12227,235
3861,236
13020,237
4570,238
13813,239
20023,240
14601,241
20824,242
23391,243
6539,244
9388,245
22933,246
10754,247
5272,248
11436,249
5973,250
19231,251
1533,252
15367,253
21679,254
8539,255
8794,256
16124,257
20028,258
16123,259
19232,260
18428,261
18429,262
17629,263
17630,264
20027,265
20828,266
13817,267
21422,268
5274,269
9390,270
16026,271
5102,272
21718,273
11341,274
10656,275
10653,276
5975,277
10072,278
24079,279
18296,280
21714,281
7920,282
3704,283
11360,284
4572,285
8708,286
12105,287
3009,288
23424,289
9317,290
10000,291
6547,292
16878,293
3028,294
15368,295
14607,296
14608,297
16877,298
7689,299
2214,300
2098,301
8372,302
3653,303
8530,304
23324,305
10840,306
24131,307
9972,308
1807,309
9289,310
2980,311
2254,312
19171,313
10156,314
1700,315
2419,316
4661,317
11276,318
6492,319
7847,320
24186,321
8789,322
14486,323
7856,324
6055,325
4362,326
12899,327
9476,328
22871,329
4939,330
14127,331
4234,332
14921,333
14922,334
21166,335
15682,336
20364,337
663,338
5819,339
20024,340
4537,341
23729,342
2266,343
11745,344
23728,345
12537,346
22870,347
10379,348
15229,349
9389,350
16328,351
13251,352
11665,353
6929,354
11065,355
20026,356
5239,357
8299,358
7614,359
9014,360
9072,361
17499,362
231,363
8676,364
5642,365
15681,366
14128,367
19566,368
17521,369
20827,370
24027,371
11744,372
23730,373
12535,374
6245,375
6930,376
2385,377
104,378
4463,379
3094,380
6584,381
7339,382
10161,383
12087,384
12143,385
7315,386
14619,387
9012,388
9695,389
10381,390
11066,391
7613,392
8297,393
9013,394
9696,395
15365,396
17841,397
21464,398
10756,399
15401,400
20826,401
21108,402
20287,403
3154,404
21523,405
3324,406
13322,407
3471,408
3738,409
13052,410
3034,411
5779,412
7124,413
2888,414
19229,415
5976,416
19107,417
7343,418
19902,419
11342,420
7716,421
8397,422
1121,423
13879,424
2152,425
1426,426
7039,427
6355,428
15848,429
4571,430
14606,431
22377,432
8419,433
20874,434
3573,435
4283,436
19768,437
21677,438
8026,439
2939,440
8180,441
8628,442
22552,443
8641,444
10701,445
4031,446
15634,447
495,448
19515,449
2770,450
11205,451
9165,452
9318,453
872,454
9309,455
9508,456
10522,457
9587,458
14115,459
22784,460
5076,461
7426,462
3657,463
5778,464
6483,465
18426,466
9819,467
20025,468
6660,469
11598,470
14083,471
3012,472
20862,473
3343,474
11703,475
18683,476
2875,477
6126,478
21698,479
8627,480
9290,481
20867,482
2217,483
2288,484
20987,485
4897,486
6054,487
8585,488
6863,489
5600,490
23649,491
15149,492
16174,493
15907,494
19786,495
8432,496
9846,497
10192,498
772,499
11015,500
11197,501
1352,502
4793,503
18700,504
3470,505
7728,506
18481,507
7051,508
7801,509
8482,510
1248,511
1423,512
1967,513
19503,514
20301,515
9777,516
8405,517
22532,518
9973,519
3651,520
8943,521
8961,522
21961,523
6246,524
6931,525
12459,526
4128,527
7616,528
8300,529
10436,530
9754,531
10458,532
20848,533
11310,534
21115,535
21720,536
12832,537
22256,538
12940,539
4287,540
4998,541
20568,542
16050,543
13823,544
21806,545
2106,546
6035,547
10615,548
6519,549
23443,550
16608,551
17359,552
13536,553
24185,554
10160,555
16016,556
7075,557
13735,558
6719,559
19907,560
10659,561
7129,562
1962,563
12778,564
2873,565
4791,566
3577,567
7241,568
8091,569
3134,570
7947,571
8642,572
12258,573
23482,574
8192,575
2828,576
10325,577
6875,578
8423,579
16179,580
8630,581
17653,582
16702,583
14644,584
11344,585
3940,586
1505,587
381,588
6557,589
16277,590
21112,591
3687,592
18587,593
6579,594
10680,595
6590,596
11568,597
19609,598
816,599
4775,600
19511,601
5071,602
8242,603
20309,604
17888,605
5701,606
18478,607
690,608
8339,609
21938,610
10477,611
18474,612
8488,613
18197,614
3620,615
8931,616
14084,617
15627,618
21415,619
18470,620
9334,621
9613,622
20408,623
4799,624
1252,625
11987,626
20080,627
11138,628
10454,629
6363,630
15292,631
9778,632
17682,633
9098,634
8409,635
7047,636
12145,637
10844,638
20704,639
22625,640
2684,641
632,642
7807,643
5369,644
8245,645
23668,646
5588,647
9171,648
9802,649
9122,650
9822,651
10497,652
2869,653
14525,654
7408,655
19384,656
9852,657
20988,658
21102,659
701,660
533,661
21955,662
4886,663
15858,664
24030,665
8000,666
194,667
7007,668
6321,669
17190,670
16438,671
13335,672
12538,673
18765,674
17967,675
146,676
3045,677
4515,678
1171,679
7274,680
12536,681
13334,682
22019,683
22872,684
14126,685
11743,686
8298,687
1162,688
5852,689
19844,690
21474,691
79,692
11064,693
9697,694
3420,695
7615,696
40,697
2322,698
10039,699
7268,700
22531,701
21678,702
882,703
20048,704
22473,705
16886,706
6570,707
4837,708
10380,709
6932,710
20363,711
10849,712
8621,713
16114,714
17188,715
14123,716
14919,717
19565,718
17554,719
7360,720
5931,721
13585,722
19228,723
17628,724
23233,725
5244,726
1567,727
7752,728
5273,729
16876,730
11343,731
9849,732
2165,733
3862,734
15366,735
12336,736
13131,737
5117,738
22565,739
11207,740
18167,741
1835,742
1427,743
5022,744
7261,745
15400,746
20154,747
23692,748
847,749
3230,750
7945,751
8934,752
21129,753
12470,754
6442,755
5370,756
10524,757
9138,758
5974,759
16122,760
4048,761
23681,762
9291,763
22570,764
10658,765
1535,766
10994,767
21962,768
5821,769
16280,770
3483,771
5802,772
9310,773
11597,774
17136,775
17131,776
705,777
9626,778
4190,779
614,780
9117,781
15420,782
14375,783
9910,784
1237,785
12492,786
4173,787
11140,788
11491,789
10457,790
9782,791
18962,792
11741,793
17187,794
13330,795
24022,796
11206,797
18306,798
2146,799
18369,800
2863,801
4993,802
22573,803
14379,804
6441,805
7125,806
4323,807
5957,808
8793,809
19108,810
1569,811
9121,812
6392,813
19170,814
13824,815
2259,816
9475,817
10024,818
1214,819
13321,820
16989,821
20051,822
15950,823
19262,824
2982,825
23429,826
4396,827
5443,828
21982,829
11676,830
10523,831
6064,832
7223,833
11273,834
4072,835
14080,836
19489,837
5696,838
21725,839
688,840
1409,841
21401,842
19967,843
13031,844
16235,845
7549,846
13287,847
7858,848
7923,849
13975,850
4395,851
504,852
6288,853
6974,854
21085,855
8110,856
9340,857
1216,858
16384,859
2277,860
16278,861
12495,862
17885,863
704,864
4671,865
5725,866
5021,867
8055,868
1290,869
572,870
16005,871
22367,872
9420,873
5230,874
8886,875
9016,876
11070,877
23162,878
10257,879
12891,880
2478,881
15679,882
14917,883
16759,884
8707,885
1694,886
8738,887
3770,888
13834,889
16435,890
20362,891
7273,892
6041,893
13816,894
1755,895
23241,896
11068,897
571,898
1291,899
2009,900
10252,901
10253,902
10254,903
10939,904
10940,905
1173,906
1174,907
15985,908
1886,909
2607,910
2608,911
6122,912
6807,913
6808,914
8889,915
9570,916
9571,917
136,918
162,919
185,920
191,921
198,922
202,923
21462,924
217,925
232,926
250,927
253,928
256,929
263,930
12230,931
20691,932
4477,933
19020,934
10383,935
9699,936
10384,937
1292,938
19835,939
150,940
167,941
175,942
176,943
203,944
204,945
20667,946
233,947
240,948
244,949
246,950
249,951
251,952
262,953
16049,954
16874,955
21164,956
22017,957
15677,958
16434,959
860,960
15953,961
5830,962
8616,963
7247,964
1582,965
2298,966
1187,967
12333,968
1600,969
17730,970
1896,971
20130,972
3309,973
3313,974
460,975
466,976
4727,977
5425,978
5431,979
5432,980
6135,981
8190,982
8903,983
3717,984
5129,985
21419,986
11382,987
17457,988
7932,989
10010,990
1579,991
3024,992
30,993
54,994
71,995
76,996
83,997
85,998
17508,999
95,1000
105,1001
117,1002
120,1003
123,1004
129,1005
140,1006
163,1007
164,1008
166,1009
192,1010
196,1011
19852,1012
216,1013
224,1014
245,1015
248,1016
252,1017
257,1018
8684,1019
19003,1020
18221,1021
14918,1022
15678,1023
19564,1024
15676,1025
20633,1026
44,1027
59,1028
65,1029
66,1030
86,1031
87,1032
20674,1033
106,1034
110,1035
111,1036
113,1037
116,1038
118,1039
128,1040
15290,1041
144,1042
145,1043
154,1044
174,1045
187,1046
213,1047
214,1048
222,1049
223,1050
239,1051
254,1052
255,1053
268,1054
9338,1055
10382,1056
2731,1057
5833,1058
20856,1059
5131,1060
4425,1061
10675,1062
16117,1063
22533,1064
12091,1065
10948,1066
8614,1067
7931,1068
7232,1069
13812,1070
20029,1071
20706,1072
5428,1073
15196,1074
23416,1075
3714,1076
13850,1077
4422,1078
2297,1079
11359,1080
8702,1081
20833,1082
24090,1083
10950,1084
13849,1085
10011,1086
9328,1087
6548,1088
10070,1089
14609,1090
23238,1091
7501,1092
7933,1093
22557,1094
11380,1095
10695,1096
7911,1097
17618,1098
22538,1099
19901,1100
8185,1101
6563,1102
16707,1103
17458,1104
2998,1105
11435,1106
16125,1107
19908,1108
1893,1109
15955,1110
20854,1111
5128,1112
2997,1113
12224,1114
21683,1115
12089,1116
13127,1117
18205,1118
13057,1119
19004,1120
5103,1121
2263,1122
6542,1123
3691,1124
8587,1125
10668,1126
7225,1127
1544,1128
9979,1129
6544,1130
3692,1131
4398,1132
820,1133
2262,1134
10661,1135
2261,1136
24093,1137
9580,1138
19804,1139
21707,1140
20603,1141
3716,1142
2274,1143
13017,1144
20832,1145
12265,1146
858,1147
3021,1148
833,1149
17621,1150
16879,1151
18305,1152
10262,1153
1578,1154
4542,1155
6814,1156
3023,1157
19258,1158
2300,1159
1580,1160
7231,1161
16115,1162
11441,1163
17456,1164
13056,1165
15197,1166
15954,1167
9306,1168
6655,1169
19235,1170
22384,1171
4726,1172
9387,1173
15369,1174
19910,1175
5427,1176
16706,1177
20053,1178
7249,1179
6565,1180
8594,1181
21530,1182
6816,1183
8615,1184
12264,1185
6564,1186
7248,1187
832,1188
16867,1189
23397,1190
16772,1191
7502,1192
21420,1193
21706,1194
22274,1195
2301,1196
10674,1197
14600,1198
19233,1199
459,1200
2299,1201
23417,1202
3022,1203
20602,1204
1553,1205
15361,1206
23392,1207
12884,1208
20031,1209
22380,1210
461,1211
861,1212
20855,1213
1581,1214
5132,1215
9989,1216
13810,1217
24034,1218
34,1219
55,1220
56,1221
58,1222
77,1223
81,1224
20665,1225
94,1226
100,1227
112,1228
115,1229
119,1230
124,1231
19062,1232
14642,1233
7262,1234
11069,1235
573,1236
5843,1237
4526,1238
3033,1239
38,1240
39,1241
47,1242
64,1243
73,1244
91,1245
92,1246
98,1247
99,1248
109,1249
121,1250
122,1251
133,1252
23192,1253
14914,1254
4938,1255
23202,1256
15237,1257
3127,1258
12069,1259
24068,1260
16744,1261
5938,1262
11337,1263
16869,1264
22534,1265
21598,1266
17748,1267
1539,1268
6731,1269
819,1270
2986,1271
2255,1272
8021,1273
21682,1274
21594,1275
21802,1276
9978,1277
21717,1278
9295,1279
11347,1280
13061,1281
10664,1282
821,1283
811,1284
16116,1285
12234,1286
23216,1287
12353,1288
7226,1289
7906,1290
8589,1291
1531,1292
16868,1293
13820,1294
24077,1295
23510,1296
4399,1297
13854,1298
21582,1299
17002,1300
8586,1301
1806,1302
9292,1303
9975,1304
7219,1305
15360,1306
13818,1307
1545,1308
2979,1309
10069,1310
23394,1311
16017,1312
23503,1313
11353,1314
13853,1315
825,1316
9287,1317
13019,1318
17631,1319
24073,1320
15494,1321
6541,1322
14646,1323
11349,1324
5805,1325
17744,1326
824,1327
16159,1328
2990,1329
2267,1330
9288,1331
9386,1332
18431,1333
4543,1334
12225,1335
22536,1336
24174,1337
16247,1338
10663,1339
16160,1340
11348,1341
6540,1342
6536,1343
11351,1344
9971,1345
14599,1346
11439,1347
18310,1348
20143,1349
7228,1350
16913,1351
10666,1352
21680,1353
19118,1354
22646,1355
2992,1356
23427,1357
2269,1358
1546,1359
2256,1360
10753,1361
15406,1362
8588,1363
7905,1364
11338,1365
13018,1366
20830,1367
23213,1368
13148,1369
3690,1370
2987,1371
2978,1372
7338,1373
23396,1374
24178,1375
11562,1376
1540,1377
16914,1378
2264,1379
19954,1380
18550,1381
2985,1382
23428,1383
818,1384
1538,1385
7220,1386
17619,1387
17633,1388
17751,1389
11346,1390
22569,1391
9294,1392
9977,1393
10652,1394
17620,1395
12232,1396
22445,1397
20030,1398
15280,1399
22660,1400
1537,1401
372,1402
817,1403
11345,1404
9970,1405
8703,1406
1688,1407
15245,1408
14454,1409
16753,1410
971,1411
12071,1412
2407,1413
13664,1414
17507,1415
18264,1416
15236,1417
6543,1418
6578,1419
15674,1420
11737,1421
2306,1422
18288,1423
18265,1424
19089,1425
19867,1426
2406,1427
3126,1428
12078,1429
15986,1430
3828,1431
11438,1432
13024,1433
19234,1434
16875,1435
22537,1436
17625,1437
11440,1438
16121,1439
20829,1440
10071,1441
17632,1442
17626,1443
23393,1444
13022,1445
12233,1446
6659,1447
18432,1448
12231,1449
13819,1450
7342,1451
22535,1452
13023,1453
23395,1454
12229,1455
20831,1456
14605,1457
13027,1458
17627,1459
13025,1460
11437,1461
10755,1462
13821,1463
970,1464
14461,1465
17516,1466
24049,1467
1689,1468
10256,1469
18287,1470
1175,1471
3128,1472
1887,1473
22357,1474
1687,1475
9573,1476
23174,1477
3020,1478
3702,1479
1294,1480
6250,1481
11275,1482
1192,1483
18543,1484
23167,1485
2382,1486
19863,1487
19069,1488
1680,1489
19864,1490
20659,1491
3823,1492
18267,1493
20728,1494
143,1495
17531,1496
229,1497
7322,1498
147,1499
22387,1500
137,1501
23239,1502
173,1503
16020,1504
186,1505
8004,1506
169,1507
17530,1508
267,1509
22408,1510
184,1511
19109,1512
165,1513
4554,1514
180,1515
23261,1516
264,1517
18337,1518
210,1519
20703,1520
230,1521
21524,1522
215,1523
179,1524
1693,1525
20661,1526
3119,1527
22329,1528
962,1529
20662,1530
21476,1531
9704,1532
18269,1533
2609,1534
3424,1535
963,1536
3118,1537
10942,1538
1536,1539
2305,1540
14120,1541
5641,1542
823,1543
810,1544
826,1545
17222,1546
19989,1547
12961,1548
5261,1549
12166,1550
21620,1551
23349,1552
22475,1553
22349,1554
37,1555
13662,1556
102,1557
6629,1558
41,1559
15989,1560
31,1561
14444,1562
63,1563
12864,1564
72,1565
21496,1566
61,1567
14451,1568
132,1569
19878,1570
70,1571
4534,1572
57,1573
5937,1574
68,1575
21497,1576
130,1577
13663,1578
90,1579
19884,1580
103,1581
2408,1582
93,1583
67,1584
7999,1585
23334,1586
22490,1587
19978,1588
5961,1589
24213,1590
20777,1591
23782,1592
13756,1593
4400,1594
22922,1595
21635,1596
3853,1597
7908,1598
8595,1599
10387,1600
575,1601
6935,1602
7619,1603
3680,1604
10947,1605
8583,1606
1092,1607
2976,1608
2253,1609
7850,1610
22488,1611
16882,1612
18318,1613
1004,1614
21538,1615
3307,1616
1530,1617
2530,1618
10651,1619
11336,1620
10589,1621
17603,1622
19916,1623
4013,1624
9286,1625
373,1626
9969,1627
7900,1628
9223,1629
18405,1630
8751,1631
11335,1632
8531,1633
21618,1634
1078,1635
18317,1636
458,1637
1529,1638
4647,1639
809,1640
4014,1641
11354,1642
11474,1643
10669,1644
9984,1645
11339,1646
16848,1647
3169,1648
16769,1649
10654,1650
13770,1651
8757,1652
12882,1653
1892,1654
8591,1655
13060,1656
9300,1657
9983,1658
7907,1659
9982,1660
812,1661
23341,1662
21690,1663
22371,1664
5426,1665
8590,1666
14645,1667
10667,1668
1532,1669
5959,1670
10834,1671
21517,1672
2615,1673
9299,1674
15405,1675
11352,1676
5311,1677
6696,1678
1075,1679
10819,1680
1790,1681
21685,1682
3216,1683
15247,1684
969,1685
7314,1686
16747,1687
20668,1688
2405,1689
20684,1690
23190,1691
16763,1692
3827,1693
5236,1694
6124,1695
19885,1696
19072,1697
19088,1698
8179,1699
10941,1700
3130,1701
3306,1702
8683,1703
4631,1704
2491,1705
6705,1706
7393,1707
9449,1708
8075,1709
8250,1710
8066,1711
10331,1712
1053,1713
6022,1714
17668,1715
17669,1716
18382,1717
6732,1718
12529,1719
13327,1720
6320,1721
7006,1722
6806,1723
2606,1724
1884,1725
8888,1726
13650,1727
19058,1728
14441,1729
2386,1730
4609,1731
7383,1732
4632,1733
6012,1734
3925,1735
8767,1736
5333,1737
20663,1738
23188,1739
21484,1740
19866,1741
965,1742
5235,1743
19865,1744
5936,1745
4532,1746
24045,1747
1683,1748
2402,1749
22337,1750
3825,1751
4840,1752
10255,1753
18270,1754
5541,1755
7497,1756
24048,1757
6706,1758
1768,1759
7392,1760
356,1761
10135,1762
2513,1763
14612,1764
334,1765
8076,1766
5097,1767
3682,1768
1786,1769
6533,1770
11073,1771
8303,1772
5837,1773
4431,1774
3722,1775
2303,1776
17642,1777
18441,1778
370,1779
3936,1780
15257,1781
18315,1782
19912,1783
24101,1784
3133,1785
21528,1786
23234,1787
21655,1788
17605,1789
13005,1790
13798,1791
13777,1792
12188,1793
24235,1794
14565,1795
9383,1796
13776,1797
14566,1798
20016,1799
12212,1800
14586,1801
669,1802
9302,1803
22511,1804
1390,1805
10670,1806
16854,1807
19111,1808
18309,1809
12090,1810
12886,1811
19113,1812
12885,1813
5947,1814
1692,1815
24099,1816
4390,1817
8580,1818
9455,1819
11329,1820
22866,1821
17961,1822
13055,1823
1583,1824
863,1825
1554,1826
13754,1827
16128,1828
19913,1829
3308,1830
5135,1831
8596,1832
16852,1833
285,1834
22390,1835
8894,1836
19007,1837
23414,1838
19807,1839
20606,1840
24106,1841
1179,1842
4430,1843
22555,1844
5136,1845
5838,1846
10676,1847
19207,1848
9433,1849
12263,1850
862,1851
19805,1852
7912,1853
5260,1854
359,1855
6636,1856
2614,1857
3026,1858
3745,1859
3743,1860
2325,1861
8644,1862
20666,1863
16749,1864
15231,1865
16748,1866
4535,1867
16745,1868
13651,1869
7365,1870
1002,1871
9405,1872
10771,1873
4591,1874
6683,1875
5998,1876
8049,1877
283,1878
3886,1879
309,1880
1720,1881
2444,1882
6669,1883
8248,1884
3176,1885
3371,1886
10088,1887
15228,1888
15227,1889
21488,1890
19077,1891
18277,1892
19073,1893
15232,1894
10750,1895
19871,1896
7797,1897
11199,1898
13690,1899
18440,1900
2894,1901
20250,1902
576,1903
12066,1904
1885,1905
6121,1906
9381,1907
10065,1908
10938,1909
23198,1910
452,1911
3813,1912
18258,1913
3107,1914
22314,1915
19868,1916
17502,1917
23195,1918
15990,1919
19869,1920
17498,1921
12853,1922
8048,1923
9406,1924
8723,1925
10087,1926
5293,1927
5999,1928
6682,1929
7366,1930
7352,1931
3177,1932
1028,1933
2443,1934
1721,1935
5985,1936
3885,1937
10772,1938
15987,1939
14442,1940
22341,1941
19872,1942
20669,1943
18273,1944
17503,1945
5237,1946
15988,1947
10333,1948
11018,1949
15536,1950
17789,1951
3373,1952
4077,1953
4078,1954
4787,1955
523,1956
6193,1957
6195,1958
6879,1959
6881,1960
8251,1961
8964,1962
9648,1963
10332,1964
11019,1965
16288,1966
1958,1967
1960,1968
2679,1969
2681,1970
3372,1971
4079,1972
5489,1973
6878,1974
7565,1975
7567,1976
8965,1977
8966,1978
9647,1979
14604,1980
24166,1981
1243,1982
1244,1983
14775,1984
17041,1985
17790,1986
18589,1987
1957,1988
1959,1989
2680,1990
4788,1991
4790,1992
524,1993
525,1994
6880,1995
8249,1996
9649,1997
2819,1998
22014,1999
22868,2000
4427,2001
20605,2002
23727,2003
20360,2004
5134,2005
2820,2006
9329,2007
9355,2008
10725,2009
2321,2010
10724,2011
23159,2012
4517,2013
14440,2014
5932,2015
5933,2016
4528,2017
1676,2018
19906,2019
22388,2020
12887,2021
18314,2022
3835,2023
24103,2024
17525,2025
4544,2026
24098,2027
20712,2028
22386,2029
24096,2030
3135,2031
19114,2032
19112,2033
23244,2034
23176,2035
4529,2036
21454,2037
20646,2038
3115,2039
21475,2040
4516,2041
15984,2042
21473,2043
12787,2044
16650,2045
8428,2046
18975,2047
18972,2048
7751,2049
6382,2050
13579,2051
11148,2052
20584,2053
16648,2054
11146,2055
11143,2056
2860,2057
7749,2058
20583,2059
13578,2060
15895,2061
11996,2062
8425,2063
9104,2064
2139,2065
19778,2066
9105,2067
15891,2068
15894,2069
16651,2070
3582,2071
3581,2072
17401,2073
11145,2074
10464,2075
197,2076
21505,2077
237,2078
238,2079
247,2080
7245,2081
5001,2082
18174,2083
5707,2084
15138,2085
6381,2086
14362,2087
10466,2088
12785,2089
5704,2090
3578,2091
6380,2092
8426,2093
16643,2094
20582,2095
6388,2096
22263,2097
1295,2098
2013,2099
10389,2100
11075,2101
17963,2102
4725,2103
3719,2104
23415,2105
3025,2106
2302,2107
2275,2108
14544,2109
335,2110
23222,2111
19806,2112
17657,2113
4429,2114
3721,2115
9308,2116
13003,2117
2446,2118
23223,2119
1891,2120
18762,2121
4232,2122
4428,2123
11361,2124
12981,2125
7368,2126
18299,2127
9578,2128
5836,2129
11469,2130
3720,2131
2099,2132
15198,2133
9990,2134
4559,2135
2515,2136
23221,2137
8896,2138
10012,2139
19257,2140
10697,2141
22309,2142
7998,2143
20645,2144
3820,2145
24036,2146
3821,2147
5231,2148
18275,2149
15233,2150
13655,2151
13654,2152
12855,2153
12063,2154
9380,2155
13656,2156
12854,2157
16750,2158
12062,2159
19870,2160
12064,2161
17500,2162
18276,2163
12065,2164
22326,2165
5232,2166
24017,2167
18253,2168
958,2169
24037,2170
3809,2171
22307,2172
3114,2173
13575,2174
14365,2175
3569,2176
16842,2177
5995,2178
19163,2179
2665,2180
11995,2181
20072,2182
17402,2183
18178,2184
7056,2185
16090,2186
300,2187
21601,2188
11001,2189
15899,2190
14662,2191
4066,2192
9108,2193
16932,2194
7747,2195
7070,2196
23118,2197
8018,2198
1714,2199
16047,2200
19780,2201
20580,2202
4985,2203
5265,2204
348,2205
14517,2206
10318,2207
18175,2208
3967,2209
10320,2210
19777,2211
21724,2212
18172,2213
16641,2214
2851,2215
20780,2216
3917,2217
12928,2218
22264,2219
6761,2220
7074,2221
6391,2222
2132,2223
22517,2224
7361,2225
15250,2226
3360,2227
5703,2228
4999,2229
8413,2230
22497,2231
6008,2232
19956,2233
1230,2234
7065,2235
23432,2236
21409,2237
11989,2238
13012,2239
5980,2240
6633,2241
7553,2242
12791,2243
6076,2244
14369,2245
10465,2246
14661,2247
6390,2248
7073,2249
14359,2250
16861,2251
9396,2252
14465,2253
8948,2254
15251,2255
6182,2256
15143,2257
13865,2258
19784,2259
15142,2260
18163,2261
9384,2262
8030,2263
3916,2264
23316,2265
8237,2266
12789,2267
4675,2268
17400,2269
15139,2270
2852,2271
20781,2272
5709,2273
12280,2274
9109,2275
9789,2276
8414,2277
22498,2278
1046,2279
14464,2280
6183,2281
6018,2282
23312,2283
10316,2284
5706,2285
18476,2286
10460,2287
7067,2288
7054,2289
4564,2290
14553,2291
9444,2292
12138,2293
8950,2294
9107,2295
22574,2296
2138,2297
1413,2298
1405,2299
5692,2300
12197,2301
3881,2302
24074,2303
10314,2304
8430,2305
11486,2306
4293,2307
3583,2308
3568,2309
12173,2310
1761,2311
13731,2312
9632,2313
18177,2314
11487,2315
14366,2316
11997,2317
14368,2318
15141,2319
4989,2320
14573,2321
4587,2322
22456,2323
10315,2324
12790,2325
15424,2326
18976,2327
19276,2328
16646,2329
17398,2330
7734,2331
15334,2332
10108,2333
12934,2334
507,2335
12788,2336
17676,2337
17399,2338
16647,2339
23980,2340
8700,2341
8715,2342
24177,2343
6869,2344
4278,2345
19212,2346
8045,2347
19160,2348
8951,2349
7744,2350
19277,2351
6383,2352
7066,2353
24162,2354
6871,2355
9784,2356
15425,2357
2859,2358
2137,2359
2129,2360
19981,2361
3208,2362
13675,2363
9631,2364
2861,2365
16931,2366
1414,2367
9790,2368
12781,2369
12219,2370
10762,2371
12134,2372
2668,2373
15892,2374
22576,2375
20578,2376
18173,2377
6371,2378
21642,2379
6692,2380
8424,2381
7743,2382
684,2383
15319,2384
10130,2385
20755,2386
1945,2387
9785,2388
20872,2389
11006,2390
16642,2391
20873,2392
15134,2393
20577,2394
4275,2395
19187,2396
2505,2397
12133,2398
17397,2399
6370,2400
3856,2401
22544,2402
13727,2403
11004,2404
15137,2405
3260,2406
16645,2407
6867,2408
15900,2409
13072,2410
17403,2411
11999,2412
23981,2413
14593,2414
7347,2415
5943,2416
7554,2417
5708,2418
6077,2419
10463,2420
9788,2421
21402,2422
16109,2423
8714,2424
22457,2425
21624,2426
4622,2427
19162,2428
11002,2429
8427,2430
4676,2431
4291,2432
5002,2433
683,2434
15140,2435
12281,2436
16649,2437
18977,2438
7733,2439
23358,2440
327,2441
16046,2442
8949,2443
9787,2444
5690,2445
12968,2446
2485,2447
12933,2448
9633,2449
6386,2450
21722,2451
10462,2452
11147,2453
13866,2454
7072,2455
6389,2456
1407,2457
13785,2458
8044,2459
21508,2460
11000,2461
82,2462
22358,2463
107,2464
108,2465
114,2466
22649,2467
8418,2468
18359,2469
11003,2470
5705,2471
20073,2472
9106,2473
9786,2474
8415,2475
17593,2476
6679,2477
20579,2478
19779,2479
4988,2480
18410,2481
7362,2482
14515,2483
8953,2484
18974,2485
17678,2486
3172,2487
13732,2488
12397,2489
6387,2490
16178,2491
5003,2492
4292,2493
686,2494
14574,2495
18475,2496
20581,2497
19781,2498
4279,2499
13784,2500
5289,2501
12139,2502
1228,2503
15896,2504
21587,2505
1233,2506
23985,2507
13075,2508
11142,2509
10459,2510
3566,2511
18386,2512
1782,2513
11007,2514
13572,2515
13868,2516
21407,2517
22262,2518
7055,2519
24221,2520
7378,2521
12926,2522
6664,2523
12877,2524
13190,2525
11149,2526
16177,2527
9791,2528
9111,2529
23119,2530
13805,2531
11993,2532
17394,2533
5688,2534
5965,2535
1067,2536
24167,2537
8954,2538
18973,2539
23433,2540
4289,2541
4987,2542
13763,2543
8762,2544
18358,2545
2667,2546
5000,2547
21723,2548
3579,2549
4288,2550
22575,2551
13574,2552
14364,2553
7732,2554
22479,2555
5324,2556
12932,2557
509,2558
7064,2559
7742,2560
1404,2561
22478,2562
5325,2563
12922,2564
7558,2565
11141,2566
16933,2567
7745,2568
4290,2569
18162,2570
15352,2571
9397,2572
18360,2573
4067,2574
6384,2575
17677,2576
15135,2577
2853,2578
19994,2579
10814,2580
12929,2581
1946,2582
12786,2583
18477,2584
17395,2585
12140,2586
6184,2587
19782,2588
5377,2589
18176,2590
13576,2591
22257,2592
15353,2593
2437,2594
8236,2595
8429,2596
6762,2597
7071,2598
5004,2599
13569,2600
17612,2601
10078,2602
21602,2603
7069,2604
4277,2605
24222,2606
2484,2607
23313,2608
1943,2609
21408,2610
20871,2611
23124,2612
13630,2613
14420,2614
7265,2615
6581,2616
17517,2617
5424,2618
16006,2619
4011,2620
15248,2621
4722,2622
16764,2623
4723,2624
19843,2625
1663,2626
2380,2627
945,2628
6627,2629
17494,2630
7312,2631
17497,2632
15992,2633
14446,2634
12856,2635
13653,2636
12857,2637
10064,2638
15991,2639
12060,2640
21491,2641
17501,2642
19075,2643
14447,2644
12061,2645
19076,2646
12859,2647
1662,2648
18248,2649
5221,2650
3101,2651
16741,2652
5922,2653
2381,2654
19048,2655
944,2656
13110,2657
15460,2658
12313,2659
13113,2660
11531,2661
15457,2662
14701,2663
12310,2664
15458,2665
18508,2666
14699,2667
13106,2668
23469,2669
11525,2670
16213,2671
23465,2672
14698,2673
12316,2674
23466,2675
16969,2676
21770,2677
16212,2678
12322,2679
15463,2680
23477,2681
12319,2682
11518,2683
16214,2684
22612,2685
22608,2686
12317,2687
15459,2688
967,2689
18085,2690
22317,2691
16216,2692
13115,2693
16968,2694
11524,2695
20918,2696
12326,2697
16965,2698
22620,2699
16217,2700
11527,2701
5410,2702
11526,2703
13116,2704
11523,2705
16967,2706
22611,2707
20049,2708
20850,2709
3525,2710
3018,2711
20361,2712
7243,2713
22869,2714
10006,2715
23726,2716
5828,2717
23342,2718
18388,2719
13739,2720
20783,2721
17559,2722
22483,2723
16807,2724
18252,2725
3105,2726
1678,2727
22308,2728
3117,2729
22327,2730
24020,2731
22311,2732
19053,2733
1665,2734
3116,2735
1664,2736
1677,2737
19847,2738
19051,2739
3811,2740
16054,2741
21628,2742
7324,2743
14529,2744
19984,2745
6641,2746
13751,2747
24205,2748
15296,2749
5170,2750
7961,2751
3759,2752
7959,2753
18214,2754
4474,2755
3062,2756
5158,2757
1608,2758
2358,2759
3067,2760
909,2761
7276,2762
3047,2763
11416,2764
885,2765
9361,2766
9359,2767
4466,2768
5871,2769
19013,2770
1611,2771
3755,2772
14422,2773
8643,2774
6592,2775
3080,2776
5155,2777
2345,2778
11425,2779
11413,2780
5180,2781
19223,2782
10795,2783
14118,2784
15518,2785
635,2786
7546,2787
7656,2788
2051,2789
2864,2790
10887,2791
2141,2792
1415,2793
8435,2794
23376,2795
8434,2796
19992,2797
6011,2798
10303,2799
21991,2800
23532,2801
6287,2802
6973,2803
2772,2804
20587,2805
12273,2806
19787,2807
22265,2808
13065,2809
2143,2810
6412,2811
2862,2812
16857,2813
4578,2814
19546,2815
20967,2816
2071,2817
9621,2818
2792,2819
1334,2820
2866,2821
11174,2822
8128,2823
6409,2824
7093,2825
8433,2826
19184,2827
2508,2828
15534,2829
20341,2830
12376,2831
4896,2832
5599,2833
3464,2834
8631,2835
10043,2836
3757,2837
5881,2838
10045,2839
6591,2840
4462,2841
921,2842
5855,2843
10728,2844
6601,2845
19812,2846
5172,2847
15202,2848
5856,2849
891,2850
10740,2851
12837,2852
7949,2853
21027,2854
22016,2855
4839,2856
24204,2857
20839,2858
14468,2859
18528,2860
855,2861
18458,2862
1575,2863
5126,2864
6549,2865
19407,2866
21163,2867
8304,2868
371,2869
11376,2870
10691,2871
9991,2872
12998,2873
3878,2874
22369,2875
5429,2876
6559,2877
19562,2878
4131,2879
4808,2880
14559,2881
9439,2882
20693,2883
17729,2884
9323,2885
16158,2886
22272,2887
2295,2888
834,2889
14024,2890
21162,2891
7621,2892
14467,2893
2617,2894
3712,2895
17659,2896
4420,2897
7926,2898
9307,2899
5259,2900
6028,2901
23400,2902
3911,2903
8084,2904
1776,2905
10833,2906
342,2907
8784,2908
24019,2909
2384,2910
2396,2911
23158,2912
3822,2913
2394,2914
21457,2915
2383,2916
23160,2917
5223,2918
2395,2919
946,2920
959,2921
19052,2922
19846,2923
5925,2924
4638,2925
1061,2926
6711,2927
3223,2928
2499,2929
10149,2930
3202,2931
22541,2932
3932,2933
4628,2934
22568,2935
12269,2936
6047,2937
11475,2938
18452,2939
20050,2940
20851,2941
11463,2942
13840,2943
4645,2944
16907,2945
13844,2946
14633,2947
16900,2948
16153,2949
12257,2950
13046,2951
13047,2952
16148,2953
20847,2954
23406,2955
12256,2956
15391,2957
4438,2958
8632,2959
8305,2960
7930,2961
16048,2962
3423,2963
18204,2964
20761,2965
9020,2966
2296,2967
19962,2968
6937,2969
17454,2970
16802,2971
15700,2972
7692,2973
16455,2974
5645,2975
16454,2976
16457,2977
11761,2978
18249,2979
23156,2980
15983,2981
19845,2982
16742,2983
24015,2984
20642,2985
23155,2986
18250,2987
22305,2988
17495,2989
19050,2990
15224,2991
20643,2992
19049,2993
24016,2994
19578,2995
6324,2996
22882,2997
22029,2998
3529,2999
20376,3000
17980,3001
2822,3002
17206,3003
17546,3004
9282,3005
9964,3006
10648,3007
5799,3008
5145,3009
9344,3010
10714,3011
8645,3012
1623,3013
3767,3014
10731,3015
10041,3016
2340,3017
18219,3018
7960,3019
1605,3020
906,3021
17464,3022
8655,3023
3741,3024
888,3025
5859,3026
23990,3027
5841,3028
23989,3029
10009,3030
20648,3031
23486,3032
4421,3033
13907,3034
21461,3035
17455,3036
16218,3037
23163,3038
10008,3039
4710,3040
950,3041
14560,3042
18414,3043
16849,3044
17600,3045
19999,3046
21649,3047
13771,3048
24229,3049
16097,3050
23365,3051
22505,3052
13792,3053
19216,3054
15341,3055
20798,3056
13791,3057
17518,3058
11350,3059
10665,3060
7227,3061
9980,3062
5846,3063
10028,3064
3730,3065
5636,3066
15952,3067
687,3068
13142,3069
21143,3070
23709,3071
10692,3072
6375,3073
21793,3074
2804,3075
4929,3076
8416,3077
15951,3078
8612,3079
12347,3080
2808,3081
1375,3082
13935,3083
2807,3084
3571,3085
20825,3086
18425,3087
17643,3088
4641,3089
8798,3090
7021,3091
15045,3092
1089,3093
2526,3094
3227,3095
11908,3096
1803,3097
18442,3098
5343,3099
15801,3100
10165,3101
8096,3102
9480,3103
1754,3104
6675,3105
10783,3106
5285,3107
8756,3108
10124,3109
2476,3110
10808,3111
3877,3112
6004,3113
9438,3114
3168,3115
10099,3116
4583,3117
2477,3118
5991,3119
14906,3120
5080,3121
2222,3122
5783,3123
2941,3124
4410,3125
3007,3126
844,3127
19259,3128
18457,3129
11355,3130
21709,3131
15403,3132
9301,3133
22560,3134
23419,3135
14643,3136
9985,3137
1547,3138
20858,3139
19230,3140
18427,3141
19056,3142
20650,3143
24023,3144
1777,3145
11542,3146
14875,3147
5946,3148
17750,3149
17140,3150
6971,3151
5794,3152
6049,3153
5092,3154
9266,3155
8533,3156
22482,3157
18467,3158
9958,3159
10639,3160
11272,3161
17599,3162
5286,3163
23243,3164
12354,3165
14085,3166
3314,3167
20315,3168
8338,3169
7214,3170
20651,3171
24026,3172
23165,3173
7892,3174
9905,3175
18403,3176
10809,3177
10268,3178
13292,3179
3836,3180
15495,3181
15635,3182
6285,3183
3677,3184
3235,3185
8575,3186
22316,3187
24024,3188
18257,3189
3945,3190
11312,3191
9262,3192
9217,3193
18375,3194
10150,3195
13129,3196
16388,3197
23240,3198
17752,3199
18711,3200
4877,3201
10627,3202
18255,3203
20649,3204
22313,3205
12566,3206
21212,3207
23781,3208
4946,3209
20392,3210
19592,3211
22901,3212
23758,3213
668,3214
23756,3215
13363,3216
1389,3217
22921,3218
22066,3219
22047,3220
11779,3221
11456,3222
12248,3223
16141,3224
18979,3225
2854,3226
15331,3227
8743,3228
7547,3229
2068,3230
7685,3231
13983,3232
1353,3233
619,3234
17406,3235
13864,3236
16654,3237
6372,3238
20791,3239
16880,3240
14116,3241
6860,3242
633,3243
9630,3244
23669,3245
2777,3246
12793,3247
15422,3248
16653,3249
17405,3250
12002,3251
14372,3252
18964,3253
16105,3254
997,3255
14773,3256
3480,3257
4215,3258
8946,3259
2789,3260
1339,3261
12794,3262
12278,3263
20585,3264
16930,3265
14370,3266
13580,3267
2130,3268
1707,3269
8773,3270
22838,3271
10999,3272
3482,3273
6175,3274
4189,3275
4171,3276
11587,3277
11590,3278
11592,3279
12379,3280
12380,3281
12383,3282
12385,3283
13174,3284
13175,3285
13176,3286
13178,3287
13972,3288
14763,3289
15521,3290
15522,3291
16273,3292
16275,3293
17779,3294
17781,3295
19379,3296
19382,3297
19383,3298
20176,3299
20177,3300
20179,3301
20180,3302
20977,3303
20983,3304
21828,3305
21831,3306
21836,3307
22681,3308
22683,3309
22687,3310
22691,3311
23538,3312
23541,3313
23542,3314
23543,3315
23547,3316
11591,3317
11593,3318
12381,3319
12382,3320
12384,3321
12387,3322
13177,3323
13180,3324
13967,3325
13968,3326
13973,3327
14760,3328
14762,3329
15524,3330
16274,3331
16276,3332
17778,3333
17780,3334
18578,3335
18582,3336
19377,3337
19381,3338
20181,3339
20976,3340
20978,3341
20979,3342
20980,3343
20982,3344
20986,3345
21833,3346
21837,3347
22684,3348
22686,3349
22688,3350
22689,3351
23539,3352
23540,3353
23544,3354
23548,3355
5472,3356
11588,3357
11589,3358
12386,3359
13179,3360
13181,3361
13969,3362
13970,3363
13971,3364
14761,3365
17026,3366
17027,3367
17028,3368
17029,3369
17783,3370
17784,3371
18577,3372
18579,3373
18580,3374
18581,3375
18583,3376
19378,3377
19380,3378
20178,3379
20182,3380
20981,3381
20984,3382
20985,3383
21829,3384
21830,3385
21832,3386
21834,3387
21835,3388
21838,3389
22682,3390
22685,3391
23546,3392
23549,3393
3353,3394
4059,3395
4770,3396
5119,3397
15195,3398
17665,3399
846,3400
6561,3401
12268,3402
10007,3403
4411,3404
3706,3405
5348,3406
18464,3407
7244,3408
22345,3409
21492,3410
18256,3411
15226,3412
21460,3413
22849,3414
1372,3415
19853,3416
23166,3417
24025,3418
22000,3419
21463,3420
23164,3421
19057,3422
18746,3423
19055,3424
19851,3425
19850,3426
3791,3427
19030,3428
4502,3429
11332,3430
10646,3431
11333,3432
5098,3433
11246,3434
7832,3435
6462,3436
2913,3437
8519,3438
6466,3439
9186,3440
10564,3441
5055,3442
11240,3443
15186,3444
9872,3445
11225,3446
734,3447
4335,3448
9193,3449
8504,3450
10548,3451
11221,3452
10547,3453
10533,3454
10530,3455
10561,3456
738,3457
9866,3458
12031,3459
3635,3460
6455,3461
747,3462
1459,3463
9179,3464
1467,3465
3632,3466
13623,3467
18196,3468
6476,3469
7155,3470
3628,3471
729,3472
3623,3473
15185,3474
6460,3475
7833,3476
5752,3477
9190,3478
11215,3479
2179,3480
6453,3481
7838,3482
2187,3483
9181,3484
5755,3485
16691,3486
14407,3487
8505,3488
9182,3489
2191,3490
7143,3491
15940,3492
9172,3493
1463,3494
17440,3495
7812,3496
9206,3497
3631,3498
6472,3499
733,3500
7826,3501
17436,3502
8511,3503
8491,3504
9880,3505
3624,3506
8497,3507
7813,3508
743,3509
6474,3510
11236,3511
15176,3512
10526,3513
5758,3514
10558,3515
6456,3516
12038,3517
8485,3518
2906,3519
5047,3520
9875,3521
6469,3522
8508,3523
11232,3524
11229,3525
8500,3526
12030,3527
7806,3528
9886,3529
15938,3530
14405,3531
10534,3532
1449,3533
9200,3534
10543,3535
13619,3536
8490,3537
17446,3538
8495,3539
11214,3540
9883,3541
6473,3542
9197,3543
10552,3544
11222,3545
14401,3546
9203,3547
2903,3548
11218,3549
8486,3550
15178,3551
14403,3552
6446,3553
4413,3554
21216,3555
2265,3556
1566,3557
22070,3558
5105,3559
22069,3560
3703,3561
4414,3562
822,3563
9297,3564
2107,3565
6722,3566
3043,3567
1601,3568
9353,3569
22548,3570
11462,3571
11410,3572
7272,3573
3044,3574
14636,3575
4444,3576
3737,3577
881,3578
15397,3579
3042,3580
2320,3581
8640,3582
5905,3583
19829,3584
3795,3585
1093,3586
4648,3587
20868,3588
19267,3589
9837,3590
23379,3591
10790,3592
22364,3593
10962,3594
10563,3595
8113,3596
744,3597
1465,3598
19796,3599
14537,3600
8771,3601
12936,3602
4037,3603
3627,3604
7432,3605
8513,3606
3626,3607
8506,3608
1827,3609
13621,3610
12829,3611
4326,3612
12969,3613
1045,3614
19159,3615
9602,3616
20689,3617
10276,3618
2190,3619
8815,3620
3636,3621
4346,3622
11191,3623
23361,3624
2482,3625
7837,3626
7431,3627
3633,3628
4343,3629
15170,3630
7330,3631
16129,3632
12084,3633
8913,3634
10554,3635
13606,3636
7329,3637
14615,3638
18361,3639
4038,3640
8509,3641
4666,3642
7150,3643
11228,3644
10545,3645
7114,3646
23377,3647
10792,3648
13725,3649
6838,3650
9867,3651
9503,3652
17520,3653
9594,3654
11247,3655
8814,3656
9885,3657
9204,3658
6432,3659
12221,3660
8028,3661
10963,3662
5759,3663
8114,3664
4344,3665
7158,3666
7790,3667
13765,3668
325,3669
13676,3670
1826,3671
735,3672
1457,3673
7793,3674
13806,3675
8029,3676
14523,3677
10965,3678
10557,3679
15320,3680
4602,3681
24175,3682
9600,3683
10555,3684
6744,3685
17445,3686
16694,3687
6427,3688
13622,3689
10870,3690
9191,3691
11234,3692
2892,3693
20809,3694
1018,3695
24172,3696
3333,3697
18190,3698
14536,3699
7388,3700
23305,3701
9606,3702
10542,3703
2551,3704
6457,3705
7141,3706
2182,3707
9836,3708
21662,3709
10791,3710
14522,3711
9598,3712
1456,3713
1112,3714
2905,3715
3625,3716
5750,3717
5743,3718
13013,3719
10077,3720
12935,3721
476,3722
7831,3723
10868,3724
16693,3725
15941,3726
7117,3727
3859,3728
5977,3729
14519,3730
1912,3731
11237,3732
3958,3733
17548,3734
2637,3735
7823,3736
394,3737
9187,3738
9868,3739
15171,3740
12200,3741
10789,3742
12137,3743
10971,3744
9869,3745
9502,3746
11231,3747
12036,3748
17430,3749
16815,3750
6701,3751
12824,3752
9153,3753
12176,3754
4600,3755
22443,3756
5453,3757
10538,3758
6063,3759
12032,3760
8027,3761
17549,3762
7525,3763
11230,3764
6061,3765
12827,3766
12035,3767
7795,3768
20821,3769
1441,3770
22501,3771
3894,3772
16037,3773
8211,3774
11216,3775
397,3776
9857,3777
9176,3778
10506,3779
18387,3780
1781,3781
13717,3782
7530,3783
12822,3784
4667,3785
11213,3786
9173,3787
3634,3788
1824,3789
9882,3790
9201,3791
722,3792
12992,3793
1736,3794
16008,3795
6834,3796
2547,3797
2907,3798
2184,3799
2893,3800
20810,3801
1017,3802
22361,3803
10964,3804
2908,3805
10187,3806
15937,3807
15180,3808
5037,3809
23359,3810
8060,3811
13724,3812
2638,3813
9185,3814
20794,3815
3188,3816
13721,3817
1918,3818
12823,3819
396,3820
14404,3821
13615,3822
7788,3823
5242,3824
7520,3825
4345,3826
10865,3827
5761,3828
11244,3829
5744,3830
16111,3831
8712,3832
7139,3833
12825,3834
18992,3835
18413,3836
297,3837
22444,3838
10290,3839
8498,3840
9504,3841
2192,3842
5745,3843
23389,3844
10075,3845
19097,3846
9593,3847
2916,3848
1823,3849
2915,3850
12082,3851
8914,3852
737,3853
6742,3854
10559,3855
11242,3856
4327,3857
12970,3858
3895,3859
9860,3860
10536,3861
8467,3862
4565,3863
23403,3864
16795,3865
6157,3866
8496,3867
9505,3868
746,3869
10864,3870
10565,3871
11248,3872
7792,3873
20811,3874
3880,3875
19892,3876
6148,3877
12083,3878
14744,3879
4342,3880
10866,3881
5757,3882
5053,3883
9838,3884
16863,3885
995,3886
19161,3887
1199,3888
12831,3889
7434,3890
14412,3891
9192,3892
12817,3893
15354,3894
9395,3895
22434,3896
2645,3897
17437,3898
1831,3899
10528,3900
12820,3901
3614,3902
8013,3903
1780,3904
994,3905
19096,3906
6833,3907
7160,3908
390,3909
8522,3910
2914,3911
9839,3912
11434,3913
15305,3914
6700,3915
18292,3916
13952,3917
6471,3918
10867,3919
1458,3920
736,3921
17431,3922
8059,3923
15288,3924
6152,3925
5753,3926
6743,3927
4338,3928
9877,3929
11190,3930
21645,3931
15943,3932
10511,3933
12991,3934
8740,3935
24176,3936
10967,3937
2900,3938
7433,3939
1451,3940
9855,3941
5739,3942
16817,3943
3915,3944
16036,3945
9610,3946
8492,3947
2552,3948
13614,3949
20596,3950
8694,3951
9453,3952
20758,3953
3332,3954
17444,3955
8819,3956
15942,3957
7828,3958
7144,3959
1828,3960
8503,3961
7822,3962
2169,3963
18411,3964
299,3965
16041,3966
6153,3967
9499,3968
7154,3969
6470,3970
9157,3971
9385,3972
276,3973
13733,3974
10279,3975
8514,3976
7523,3977
732,3978
8115,3979
5048,3980
4337,3981
18191,3982
16063,3983
7387,3984
12141,3985
9871,3986
7825,3987
8470,3988
14554,3989
5304,3990
23309,3991
10284,3992
11233,3993
1113,3994
14508,3995
1920,3996
10532,3997
1830,3998
6449,3999
7133,4000
8469,4001
20793,4002
5305,4003
1453,4004
8818,4005
2902,4006
8512,4007
7115,4008
14594,4009
5979,4010
13730,4011
5450,4012
17438,4013
10189,4014
7137,4015
7815,4016
20595,4017
13746,4018
9454,4019
16039,4020
10977,4021
7430,4022
7159,4023
9884,4024
8473,4025
21663,4026
6677,4027
23217,4028
8912,4029
8520,4030
741,4031
6428,4032
19201,4033
1759,4034
14466,4035
10277,4036
2910,4037
2546,4038
1462,4039
9862,4040
7817,4041
17432,4042
24244,4043
10105,4044
21589,4045
10976,4046
11223,4047
8822,4048
8472,4049
20009,4050
4586,4051
12142,4052
13159,4053
5051,4054
393,4055
11239,4056
10556,4057
1713,4058
12931,4059
8922,4060
17443,4061
7435,4062
17442,4063
6461,4064
13609,4065
16110,4066
10288,4067
13618,4068
8118,4069
9183,4070
9864,4071
16679,4072
16062,4073
6017,4074
22446,4075
7146,4076
15926,4077
6646,4078
16884,4079
17550,4080
10285,4081
9189,4082
8820,4083
7824,4084
12927,4085
6155,4086
9863,4087
1114,4088
11224,4089
10541,4090
4329,4091
18421,4092
8711,4093
16767,4094
7519,4095
6475,4096
9496,4097
1466,4098
745,4099
7794,4100
10752,4101
6662,4102
12174,4103
1760,4104
14514,4105
1916,4106
6459,4107
10872,4108
10544,4109
11227,4110
3616,4111
15284,4112
8207,4113
15183,4114
10871,4115
16692,4116
9188,4117
6433,4118
4568,4119
6661,4120
7808,4121
719,4122
21646,4123
9443,4124
22435,4125
2644,4126
9853,4127
10191,4128
8489,4129
8003,4130
6149,4131
742,4132
1110,4133
5056,4134
5760,4135
10512,4136
24243,4137
8739,4138
14511,4139
1205,4140
16689,4141
1115,4142
11220,4143
10537,4144
9152,4145
22499,4146
7377,4147
8493,4148
10875,4149
7134,4150
6450,4151
2890,4152
14556,4153
5302,4154
15279,4155
7529,4156
11196,4157
24253,4158
10759,4159
23218,4160
16258,4161
9887,4162
1109,4163
11249,4164
10566,4165
2459,4166
19888,4167
6150,4168
5756,4169
392,4170
4341,4171
2185,4172
1444,4173
19214,4174
8516,4175
7835,4176
8471,4177
14555,4178
5303,4179
12876,4180
9596,4181
7156,4182
6057,4183
23360,4184
3186,4185
17552,4186
6837,4187
2904,4188
4665,4189
1455,4190
5049,4191
5038,4192
6060,4193
12039,4194
14411,4195
1443,4196
12198,4197
2460,4198
23310,4199
4039,4200
7148,4201
16685,4202
18996,4203
11189,4204
19188,4205
2504,4206
14503,4207
1210,4208
15175,4209
3252,4210
9195,4211
9876,4212
10507,4213
22500,4214
3187,4215
21599,4216
1911,4217
7830,4218
6059,4219
7810,4220
4333,4221
9150,4222
5266,4223
347,4224
14507,4225
8212,4226
6448,4227
3959,4228
10183,4229
7834,4230
8515,4231
15927,4232
16816,4233
16883,4234
13674,4235
2631,4236
9199,4237
23314,4238
10281,4239
5749,4240
3957,4241
4334,4242
2177,4243
9155,4244
24242,4245
10107,4246
8119,4247
7816,4248
7138,4249
10510,4250
24241,4251
5994,4252
14512,4253
6156,4254
9180,4255
18192,4256
19215,4257
2458,4258
12924,4259
8210,4260
15934,4261
6748,4262
8494,4263
6451,4264
4540,4265
15505,4266
1464,4267
10181,4268
2912,4269
2189,4270
7116,4271
14595,4272
7345,4273
15355,4274
10760,4275
24075,4276
1909,4277
2186,4278
8816,4279
8518,4280
7836,4281
3618,4282
19958,4283
478,4284
6465,4285
8117,4286
10553,4287
9874,4288
5039,4289
16862,4290
10761,4291
12951,4292
3206,4293
23292,4294
1923,4295
14402,4296
2553,4297
15933,4298
16686,4299
5035,4300
11209,4301
1832,4302
1448,4303
726,4304
13607,4305
8695,4306
14614,4307
21577,4308
8214,4309
9595,4310
5054,4311
9498,4312
740,4313
1461,4314
5040,4315
13807,4316
9394,4317
23215,4318
12938,4319
9597,4320
11241,4321
8817,4322
9879,4323
9198,4324
10513,4325
17614,4326
10076,4327
2436,4328
12132,4329
6840,4330
7140,4331
10188,4332
8499,4333
7818,4334
14398,4335
10067,4336
3896,4337
24171,4338
10970,4339
14410,4340
9501,4341
12830,4342
10550,4343
7111,4344
19995,4345
12912,4346
8216,4347
2898,4348
4668,4349
7804,4350
7126,4351
14396,4352
6647,4353
15374,4354
298,4355
12937,4356
3331,4357
2183,4358
2548,4359
3630,4360
4340,4361
2170,4362
18412,4363
14520,4364
4748,4365
4336,4366
9500,4367
5751,4368
731,4369
8474,4370
10068,4371
7346,4372
7829,4373
10869,4374
9194,4375
11238,4376
18991,4377
13747,4378
8070,4379
19959,4380
10282,4381
9599,4382
2178,4383
3249,4384
7153,4385
5045,4386
7791,4387
22518,4388
5993,4389
22455,4390
7827,4391
7149,4392
6431,4393
12220,4394
6663,4395
20757,4396
2634,4397
15184,4398
3250,4399
10549,4400
9870,4401
14395,4402
8012,4403
15375,4404
16798,4405
9603,4406
12037,4407
2549,4408
10546,4409
2550,4410
17441,4411
16690,4412
721,4413
20008,4414
1737,4415
15283,4416
1915,4417
8476,4418
20020,4419
7344,4420
23304,4421
10975,4422
7819,4423
395,4424
14406,4425
13617,4426
21580,4427
488,4428
5044,4429
10876,4430
11212,4431
10529,4432
2167,4433
13766,4434
3185,4435
4324,4436
12156,4437
2503,4438
22432,4439
6160,4440
8487,4441
9507,4442
9851,4443
9170,4444
10180,4445
7839,4446
8521,4447
9158,4448
21673,4449
275,4450
19095,4451
8201,4452
9205,4453
15282,4454
9605,4455
15181,4456
8821,4457
7821,4458
8502,4459
7789,4460
13764,4461
326,4462
24223,4463
2483,4464
21588,4465
4751,4466
13616,4467
1829,4468
15179,4469
15936,4470
5741,4471
12129,4472
2642,4473
7135,4474
9506,4475
11217,4476
9177,4477
11193,4478
21661,4479
6678,4480
7128,4481
6444,4482
10508,4483
24225,4484
8761,4485
21578,4486
4045,4487
727,4488
8825,4489
16076,4490
1044,4491
23214,4492
10278,4493
9881,4494
1825,4495
11243,4496
10560,4497
7112,4498
9865,4499
9184,4500
15169,4501
17567,4502
16130,4503
21591,4504
10974,4505
11226,4506
6062,4507
16797,4508
9604,4509
14408,4510
6746,4511
15939,4512
15182,4513
4328,4514
17613,4515
8713,4516
7809,4517
8824,4518
6447,4519
7131,4520
20597,4521
20010,4522
1735,4523
24156,4524
4042,4525
16695,4526
8116,4527
6468,4528
7152,4529
5742,4530
24224,4531
7376,4532
22454,4533
2633,4534
16794,4535
1919,4536
6452,4537
8120,4538
7814,4539
9859,4540
3619,4541
19224,4542
9393,4543
19795,4544
3857,4545
8772,4546
15278,4547
8928,4548
9174,4549
3251,4550
10531,4551
7132,4552
2188,4553
2911,4554
9156,4555
22519,4556
10106,4557
7318,4558
8202,4559
9202,4560
391,4561
20687,4562
6835,4563
8517,4564
1111,4565
7157,4566
5052,4567
11195,4568
12199,4569
9421,4570
5367,4571
9878,4572
2181,4573
3617,4574
12175,4575
4601,4576
16800,4577
10280,4578
5050,4579
9422,4580
22451,4581
9601,4582
9873,4583
6745,4584
11235,4585
6464,4586
11194,4587
23378,4588
13722,4589
6841,4590
12033,4591
7436,4592
10539,4593
9861,4594
6430,4595
19213,4596
5288,4597
9831,4598
5966,4599
1066,4600
21579,4601
489,4602
12028,4603
3960,4604
13612,4605
15932,4606
3832,4607
1196,4608
5057,4609
9497,4610
11245,4611
10562,4612
8475,4613
13014,4614
5978,4615
6058,4616
2180,4617
1454,4618
16680,4619
17568,4620
6016,4621
14521,4622
8205,4623
9196,4624
16681,4625
23380,4626
1016,4627
16793,4628
6158,4629
9178,4630
7437,4631
10535,4632
1450,4633
7805,4634
2554,4635
6443,4636
7127,4637
718,4638
19982,4639
3207,4640
24150,4641
7532,4642
8071,4643
15281,4644
10291,4645
15935,4646
10874,4647
17439,4648
16688,4649
18990,4650
15304,4651
13718,4652
6159,4653
2899,4654
1116,4655
9175,4656
9856,4657
9833,4658
21644,4659
3897,4660
13714,4661
1922,4662
7130,4663
1117,4664
5748,4665
11211,4666
6426,4667
21643,4668
4603,4669
12497,4670
19210,4671
20312,4672
21078,4673
23695,4674
21931,4675
17939,4676
22785,4677
18737,4678
23643,4679
18729,4680
18676,4681
16418,4682
2466,4683
12325,4684
19156,4685
19331,4686
14341,4687
5682,4688
6262,4689
12523,4690
12474,4691
22790,4692
3600,4693
5726,4694
2557,4695
10495,4696
15906,4697
19399,4698
15106,4699
19400,4700
19401,4701
16611,4702
22584,4703
13551,4704
12761,4705
15093,4706
6358,4707
21732,4708
11128,4709
11968,4710
15850,4711
20005,4712
1743,4713
14509,4714
17721,4715
6133,4716
8664,4717
9376,4718
9768,4719
13548,4720
16600,4721
20805,4722
3884,4723
16975,4724
23294,4725
7507,4726
18952,4727
12291,4728
7980,4729
16894,4730
10060,4731
22064,4732
1542,4733
13547,4734
12756,4735
22246,4736
23297,4737
24216,4738
2489,4739
15471,4740
22433,4741
6136,4742
17358,4743
8766,4744
14504,4745
16231,4746
14337,4747
22631,4748
1648,4749
8902,4750
16612,4751
930,4752
14627,4753
18223,4754
19514,4755
11673,4756
19539,4757
12467,4758
13260,4759
14910,4760
20337,4761
14053,4762
20330,4763
14846,4764
21976,4765
11681,4766
19529,4767
13267,4768
14060,4769
7777,4770
8458,4771
3256,4772
3599,4773
15147,4774
12402,4775
15100,4776
17687,4777
16607,4778
12754,4779
15849,4780
20999,4781
23352,4782
23558,4783
15862,4784
23442,4785
17363,4786
18151,4787
21391,4788
21638,4789
19236,4790
11535,4791
2366,4792
9088,4793
13084,4794
17138,4795
20407,4796
5807,4797
12571,4798
13544,4799
20559,4800
4480,4801
18709,4802
14842,4803
15670,4804
15602,4805
16427,4806
21932,4807
21132,4808
21079,4809
14904,4810
14057,4811
20327,4812
15609,4813
17926,4814
14849,4815
17115,4816
5434,4817
10443,4818
5724,4819
703,4820
19272,4821
1425,4822
12004,4823
18600,4824
15102,4825
18602,4826
20882,4827
21001,4828
15856,4829
11500,4830
14334,4831
11962,4832
13537,4833
23970,4834
20883,4835
11127,4836
7327,4837
8073,4838
23288,4839
14718,4840
8166,4841
20614,4842
8399,4843
15101,4844
14327,4845
6644,4846
7390,4847
12123,4848
3999,4849
19816,4850
6820,4851
9087,4852
22245,4853
16812,4854
8774,4855
12117,4856
440,4857
3081,4858
6730,4859
15633,4860
17912,4861
10084,4862
11957,4863
12130,4864
14343,4865
13553,4866
12748,4867
1899,4868
19221,4869
20920,4870
23386,4871
6359,4872
7983,4873
8720,4874
11528,4875
13726,4876
19330,4877
11972,4878
9377,4879
9402,4880
14513,4881
22621,4882
10061,4883
17645,4884
4731,4885
11971,4886
5203,4887
14873,4888
21930,4889
12528,4890
20276,4891
21077,4892
21985,4893
22837,4894
19478,4895
17175,4896
19481,4897
14902,4898
15608,4899
17170,4900
16362,4901
17114,4902
3601,4903
5727,4904
4670,4905
11178,4906
12797,4907
19398,4908
12763,4909
20083,4910
20996,4911
22699,4912
14342,4913
17685,4914
12762,4915
7044,4916
8401,4917
13083,4918
7043,4919
4979,4920
17352,4921
24250,4922
1541,4923
2988,4924
23777,4925
20671,4926
5844,4927
5144,4928
7948,4929
10713,4930
10711,4931
10026,4932
3728,4933
9213,4934
8527,4935
7845,4936
2197,4937
23463,4938
15461,4939
16970,4940
22606,4941
17710,4942
18511,4943
17717,4944
19309,4945
20108,4946
14697,4947
23468,4948
12318,4949
21766,4950
23464,4951
12315,4952
20908,4953
23474,4954
22615,4955
21769,4956
21762,4957
21774,4958
17723,4959
14695,4960
18509,4961
13909,4962
13120,4963
13898,4964
23479,4965
23462,4966
12312,4967
23481,4968
3997,4969
11519,4970
13904,4971
4709,4972
21753,4973
20903,4974
12314,4975
23467,4976
20122,4977
17712,4978
18516,4979
22607,4980
16215,4981
23471,4982
20121,4983
13109,4984
22624,4985
17709,4986
19310,4987
22622,4988
20904,4989
23473,4990
20914,4991
23472,4992
15464,4993
20107,4994
20115,4995
20910,4996
15470,4997
16964,4998
13913,4999
20922,5000
20901,5001
19311,5002
11520,5003
11522,5004
13112,5005
18523,5006
20907,5007
18522,5008
13899,5009
22610,5010
21768,5011
20921,5012
20902,5013
12311,5014
13111,5015
5411,5016
16978,5017
13105,5018
21755,5019
21767,5020
22614,5021
3297,5022
21756,5023
13902,5024
20112,5025
21758,5026
21760,5027
17715,5028
22617,5029
14702,5030
16223,5031
14710,5032
3290,5033
19317,5034
20917,5035
23484,5036
3295,5037
16966,5038
19318,5039
22616,5040
13917,5041
21759,5042
21771,5043
19324,5044
16211,5045
20109,5046
13901,5047
13905,5048
20916,5049
17724,5050
21754,5051
20905,5052
21773,5053
16225,5054
18517,5055
19323,5056
14708,5057
11964,5058
11966,5059
12190,5060
12755,5061
12984,5062
1744,5063
19720,5064
20198,5065
14338,5066
11499,5067
12757,5068
16610,5069
11956,5070
20521,5071
21657,5072
22422,5073
22513,5074
10115,5075
12920,5076
14707,5077
22586,5078
13546,5079
14336,5080
12747,5081
23070,5082
23373,5083
10799,5084
20746,5085
16232,5086
24237,5087
3090,5088
3175,5089
13719,5090
10954,5091
13550,5092
20120,5093
5414,5094
2368,5095
7493,5096
19046,5097
8189,5098
8747,5099
23282,5100
4006,5101
24013,5102
932,5103
16896,5104
1650,5105
18710,5106
10031,5107
17771,5108
12494,5109
1935,5110
21114,5111
4878,5112
22821,5113
14867,5114
5610,5115
7655,5116
23680,5117
20285,5118
20365,5119
6927,5120
9429,5121
18344,5122
10929,5123
18246,5124
10850,5125
23153,5126
22904,5127
15560,5128
10376,5129
16639,5130
11490,5131
16180,5132
18970,5133
18170,5134
12422,5135
12774,5136
17313,5137
20076,5138
15890,5139
16640,5140
16308,5141
17377,5142
16313,5143
11122,5144
21354,5145
19295,5146
10438,5147
12710,5148
23932,5149
4907,5150
11089,5151
3492,5152
10403,5153
4199,5154
11694,5155
12486,5156
15148,5157
20586,5158
5699,5159
3575,5160
12775,5161
13212,5162
14801,5163
3548,5164
4257,5165
17695,5166
7450,5167
8258,5168
16563,5169
3262,5170
8437,5171
18598,5172
12759,5173
21852,5174
22585,5175
14340,5176
15105,5177
17351,5178
9077,5179
9758,5180
5663,5181
23784,5182
4068,5183
510,5184
17360,5185
21569,5186
22247,5187
17350,5188
18394,5189
1051,5190
16224,5191
23289,5192
23762,5193
24136,5194
1881,5195
18244,5196
332,5197
24147,5198
13923,5199
15855,5200
3776,5201
11705,5202
12371,5203
1595,5204
20965,5205
22822,5206
23679,5207
4170,5208
21113,5209
17132,5210
5189,5211
6118,5212
19840,5213
6799,5214
1642,5215
6821,5216
14335,5217
6972,5218
14872,5219
21084,5220
17969,5221
11061,5222
7671,5223
8354,5224
14072,5225
6303,5226
13279,5227
6889,5228
6989,5229
14861,5230
15621,5231
15905,5232
16656,5233
8132,5234
17408,5235
11608,5236
11963,5237
13085,5238
13545,5239
14784,5240
16605,5241
22587,5242
15098,5243
14333,5244
16599,5245
13758,5246
23560,5247
11965,5248
21733,5249
16609,5250
15859,5251
15092,5252
19195,5253
1766,5254
12124,5255
16985,5256
21777,5257
5890,5258
16899,5259
9009,5260
19773,5261
13076,5262
16181,5263
16638,5264
17390,5265
11983,5266
13214,5267
13500,5268
18479,5269
18968,5270
18168,5271
14798,5272
14289,5273
15874,5274
16314,5275
13499,5276
20576,5277
21406,5278
13562,5279
14796,5280
11919,5281
5382,5282
12708,5283
11917,5284
19718,5285
12963,5286
3901,5287
6204,5288
14291,5289
20093,5290
13501,5291
15813,5292
18111,5293
14548,5294
5309,5295
7574,5296
14290,5297
3969,5298
11918,5299
12709,5300
20519,5301
12168,5302
4607,5303
22421,5304
446,5305
20638,5306
13033,5307
15981,5308
11008,5309
20412,5310
4779,5311
12107,5312
10934,5313
15271,5314
19149,5315
15480,5316
23108,5317
3075,5318
16386,5319
10716,5320
17770,5321
15632,5322
23530,5323
21966,5324
3463,5325
15631,5326
16380,5327
11119,5328
4511,5329
5423,5330
5217,5331
6286,5332
13289,5333
21937,5334
18767,5335
9653,5336
9692,5337
2007,5338
1410,5339
13077,5340
14665,5341
16182,5342
13570,5343
14360,5344
16624,5345
17063,5346
17067,5347
16561,5348
17311,5349
18169,5350
18969,5351
405,5352
15811,5353
15054,5354
23069,5355
14534,5356
16131,5357
689,5358
5697,5359
12423,5360
15810,5361
17375,5362
14802,5363
16560,5364
1126,5365
17310,5366
11916,5367
3547,5368
12153,5369
6704,5370
12106,5371
10249,5372
3804,5373
7727,5374
8968,5375
16562,5376
8970,5377
17312,5378
4680,5379
15055,5380
15812,5381
23931,5382
13744,5383
355,5384
9482,5385
5918,5386
21197,5387
10433,5388
17126,5389
5609,5390
6270,5391
4906,5392
6956,5393
12796,5394
7639,5395
13584,5396
14659,5397
14374,5398
12406,5399
11126,5400
19404,5401
20084,5402
23562,5403
12753,5404
12292,5405
6357,5406
17356,5407
21390,5408
17564,5409
9456,5410
7485,5411
2353,5412
9766,5413
9086,5414
17349,5415
16059,5416
10824,5417
18345,5418
19333,5419
10442,5420
444,5421
7289,5422
9767,5423
21734,5424
8398,5425
6356,5426
16598,5427
15301,5428
10140,5429
1161,5430
14497,5431
17731,5432
22280,5433
21694,5434
7717,5435
11129,5436
13706,5437
15863,5438
16601,5439
18114,5440
20313,5441
20522,5442
18913,5443
13007,5444
1719,5445
12915,5446
21670,5447
10768,5448
12324,5449
16718,5450
20752,5451
22437,5452
11541,5453
11967,5454
23071,5455
23933,5456
20520,5457
14588,5458
2658,5459
14082,5460
4020,5461
17364,5462
441,5463
5919,5464
613,5465
21967,5466
6582,5467
5581,5468
11702,5469
22791,5470
6990,5471
7486,5472
5218,5473
8034,5474
14494,5475
7490,5476
942,5477
14618,5478
4512,5479
14950,5480
4908,5481
12485,5482
6304,5483
13278,5484
8257,5485
8355,5486
14071,5487
12005,5488
14860,5489
17409,5490
14658,5491
16657,5492
1969,5493
12758,5494
17686,5495
14339,5496
13549,5497
15094,5498
10751,5499
1000,5500
21848,5501
11969,5502
13876,5503
10445,5504
22630,5505
18225,5506
3383,5507
6360,5508
23441,5509
16613,5510
9769,5511
15851,5512
22526,5513
281,5514
12925,5515
21772,5516
19025,5517
12245,5518
17471,5519
21816,5520
13290,5521
19487,5522
14130,5523
2620,5524
8295,5525
6242,5526
5698,5527
11489,5528
15426,5529
17679,5530
4995,5531
4284,5532
16626,5533
17061,5534
17066,5535
18113,5536
18914,5537
18494,5538
7063,5539
6379,5540
11135,5541
17815,5542
4963,5543
8969,5544
18915,5545
5381,5546
9783,5547
7740,5548
6887,5549
22210,5550
9096,5551
9652,5552
21355,5553
4679,5554
23934,5555
5665,5556
19719,5557
12214,5558
5983,5559
18811,5560
7557,5561
1229,5562
21215,5563
5479,5564
2670,5565
19873,5566
3048,5567
4452,5568
4450,5569
9357,5570
9965,5571
9281,5572
1527,5573
3683,5574
6621,5575
3796,5576
20625,5577
1656,5578
23145,5579
22292,5580
5202,5581
3799,5582
7989,5583
12053,5584
8669,5585
12844,5586
12841,5587
16730,5588
6618,5589
23141,5590
7297,5591
15209,5592
8663,5593
7299,5594
5897,5595
18222,5596
5210,5597
22294,5598
13636,5599
11430,5600
4505,5601
15963,5602
16734,5603
18234,5604
4493,5605
7307,5606
13643,5607
13639,5608
3775,5609
4507,5610
15216,5611
19031,5612
10063,5613
1647,5614
3093,5615
12050,5616
22295,5617
20631,5618
3793,5619
9375,5620
17485,5621
13635,5622
6622,5623
938,5624
6612,5625
23144,5626
14430,5627
15968,5628
21439,5629
6614,5630
3800,5631
19827,5632
24001,5633
931,5634
7306,5635
22290,5636
6609,5637
17487,5638
5911,5639
8673,5640
24003,5641
7987,5642
20617,5643
19830,5644
5199,5645
19035,5646
19032,5647
5903,5648
16717,5649
4506,5650
3798,5651
5910,5652
5194,5653
4482,5654
2373,5655
5912,5656
21438,5657
20628,5658
5188,5659
937,5660
21442,5661
19833,5662
24004,5663
16732,5664
14432,5665
8671,5666
17481,5667
7294,5668
5895,5669
18236,5670
4500,5671
12049,5672
11432,5673
1649,5674
7991,5675
24002,5676
5209,5677
17470,5678
17486,5679
5906,5680
14426,5681
5914,5682
5212,5683
3797,5684
18232,5685
17479,5686
9374,5687
3095,5688
6619,5689
8666,5690
3088,5691
16723,5692
21437,5693
10059,5694
3008,5695
7551,5696
9999,5697
10997,5698
5116,5699
1565,5700
6865,5701
10310,5702
14963,5703
9335,5704
10705,5705
6572,5706
8622,5707
11210,5708
2175,5709
9854,5710
9848,5711
15379,5712
11449,5713
3228,5714
16891,5715
13043,5716
6726,5717
7415,5718
12243,5719
14620,5720
9484,5721
15381,5722
7417,5723
2527,5724
8803,5725
16143,5726
6725,5727
16138,5728
19244,5729
21693,5730
14626,5731
16889,5732
14622,5733
13036,5734
13038,5735
16136,5736
5345,5737
13830,5738
8097,5739
16135,5740
6042,5741
6727,5742
5344,5743
11452,5744
7414,5745
8098,5746
19245,5747
16897,5748
3938,5749
11450,5750
9485,5751
11582,5752
17023,5753
22678,5754
10037,5755
11888,5756
12131,5757
12680,5758
13779,5759
15030,5760
15203,5761
14098,5762
15787,5763
10891,5764
14264,5765
13473,5766
20129,5767
13456,5768
21332,5769
15329,5770
22188,5771
16085,5772
22924,5773
10319,5774
1234,5775
23053,5776
19700,5777
14568,5778
23915,5779
2465,5780
17711,5781
18362,5782
18529,5783
3174,5784
14700,5785
1613,5786
19957,5787
3883,5788
12135,5789
13908,5790
20128,5791
18099,5792
2333,5793
464,5794
23055,5795
6870,5796
6925,5797
20410,5798
526,5799
8746,5800
11529,5801
12930,5802
16712,5803
2619,5804
19694,5805
893,5806
12255,5807
11419,5808
6300,5809
13581,5810
1561,5811
9316,5812
10321,5813
1938,5814
2790,5815
4242,5816
513,5817
21208,5818
843,5819
11005,5820
1231,5821
1245,5822
14160,5823
15328,5824
17800,5825
18599,5826
22804,5827
3362,5828
3534,5829
4947,5830
531,5831
5499,5832
23665,5833
5650,5834
6328,5835
4798,5836
4088,5837
23662,5838
622,5839
12511,5840
7647,5841
13305,5842
8233,5843
634,5844
4176,5845
17192,5846
10377,5847
7451,5848
14371,5849
12001,5850
8330,5851
20317,5852
9047,5853
15052,5854
9428,5855
15462,5856
15960,5857
20756,5858
1185,5859
22179,5860
9622,5861
2827,5862
20192,5863
17793,5864
22807,5865
2058,5866
4904,5867
8327,5868
6986,5869
7644,5870
8351,5871
12487,5872
19731,5873
4159,5874
20532,5875
1124,5876
18925,5877
11037,5878
20503,5879
3391,5880
4684,5881
18899,5882
9667,5883
22194,5884
1842,5885
23917,5886
9693,5887
14344,5888
16187,5889
19284,5890
14345,5891
13555,5892
22583,5893
3550,5894
2699,5895
13472,5896
2564,5897
18100,5898
20504,5899
20499,5900
24238,5901
10114,5902
15286,5903
12428,5904
19315,5905
10723,5906
8402,5907
7721,5908
18123,5909
541,5910
15028,5911
7578,5912
17285,5913
2565,5914
15785,5915
19702,5916
22187,5917
22514,5918
306,5919
19953,5920
11533,5921
8403,5922
15109,5923
675,5924
880,5925
8984,5926
21336,5927
5386,5928
22192,5929
13471,5930
21331,5931
23374,5932
1025,5933
23307,5934
12321,5935
11408,5936
21700,5937
9657,5938
9729,5939
17309,5940
17696,5941
16559,5942
10361,5943
1983,5944
15020,5945
21324,5946
4688,5947
22178,5948
21323,5949
19691,5950
12985,5951
8993,5952
14248,5953
3270,5954
15777,5955
18890,5956
18887,5957
12191,5958
10798,5959
13912,5960
17463,5961
21696,5962
9523,5963
23040,5964
23902,5965
20490,5966
12373,5967
18573,5968
22679,5969
10044,5970
11718,5971
11882,5972
12660,5973
12662,5974
12918,5975
12949,5976
10823,5977
13713,5978
10269,5979
14259,5980
13464,5981
14535,5982
16535,5983
16885,5984
18087,5985
17565,5986
1073,5987
14704,5988
18353,5989
19154,5990
20118,5991
16710,5992
20123,5993
10730,5994
20500,5995
22176,5996
2284,5997
13982,5998
12572,5999
23047,6000
3292,6001
18211,6002
4260,6003
11039,6004
1261,6005
15027,6006
22191,6007
2700,6008
19703,6009
3974,6010
23914,6011
17282,6012
11878,6013
15302,6014
1788,6015
12127,6016
13922,6017
23052,6018
23487,6019
408,6020
19701,6021
18896,6022
12671,6023
16060,6024
2511,6025
1869,6026
23300,6027
4732,6028
5433,6029
14247,6030
6019,6031
23296,6032
12328,6033
17461,6034
12260,6035
15958,6036
19613,6037
3363,6038
6593,6039
7277,6040
7544,6041
4894,6042
7917,6043
10322,6044
11780,6045
1251,6046
18380,6047
18008,6048
4069,6049
5480,6050
18807,6051
23552,6052
5649,6053
8010,6054
3214,6055
12323,6056
13723,6057
465,6058
11885,6059
20897,6060
12678,6061
5156,6062
21697,6063
5857,6064
4196,6065
12792,6066
8293,6067
18809,6068
527,6069
5492,6070
22915,6071
8598,6072
17795,6073
1966,6074
20298,6075
2066,6076
8945,6077
4187,6078
4884,6079
15683,6080
14043,6081
16176,6082
12000,6083
17404,6084
9011,6085
12760,6086
11498,6087
10446,6088
11130,6089
14671,6090
17366,6091
16615,6092
18484,6093
15107,6094
15864,6095
1973,6096
13468,6097
19730,6098
21364,6099
23080,6100
3387,6101
16532,6102
4805,6103
18096,6104
542,6105
12675,6106
3267,6107
8272,6108
16533,6109
5387,6110
17283,6111
11883,6112
14255,6113
12154,6114
8987,6115
22190,6116
8138,6117
21334,6118
23913,6119
18095,6120
8691,6121
6703,6122
9360,6123
9640,6124
7560,6125
23779,6126
21843,6127
22695,6128
2787,6129
621,6130
5606,6131
7645,6132
3489,6133
8328,6134
7667,6135
6276,6136
5669,6137
6962,6138
3551,6139
5380,6140
9641,6141
8958,6142
22061,6143
22706,6144
21854,6145
19500,6146
18688,6147
16400,6148
2040,6149
12510,6150
2761,6151
14097,6152
7648,6153
17308,6154
8331,6155
16558,6156
19296,6157
15051,6158
548,6159
13455,6160
1846,6161
11869,6162
5513,6163
16526,6164
411,6165
18090,6166
20492,6167
18886,6168
16813,6169
354,6170
11536,6171
11415,6172
15396,6173
24158,6174
13128,6175
18889,6176
9677,6177
19693,6178
1132,6179
21321,6180
16525,6181
13962,6182
18575,6183
23536,6184
13167,6185
17773,6186
22670,6187
11879,6188
12923,6189
14549,6190
15776,6191
20498,6192
13759,6193
22442,6194
23039,6195
23353,6196
24168,6197
1898,6198
11886,6199
3191,6200
24163,6201
16219,6202
3315,6203
18097,6204
4021,6205
23900,6206
4708,6207
11407,6208
5308,6209
22447,6210
22619,6211
1599,6212
6339,6213
10362,6214
23038,6215
3396,6216
23901,6217
3977,6218
21322,6219
22177,6220
13454,6221
12964,6222
1050,6223
16972,6224
23301,6225
4105,6226
16527,6227
2568,6228
15019,6229
17277,6230
14246,6231
12169,6232
4606,6233
12128,6234
18521,6235
1610,6236
5390,6237
12663,6238
11870,6239
12661,6240
19196,6241
331,6242
23306,6243
1186,6244
23476,6245
5858,6246
7280,6247
879,6248
23410,6249
2319,6250
18012,6251
3364,6252
6187,6253
7609,6254
18010,6255
4080,6256
890,6257
13842,6258
5157,6259
14887,6260
5818,6261
13981,6262
1562,6263
10311,6264
15315,6265
14161,6266
17036,6267
17220,6268
19390,6269
21207,6270
23670,6271
512,6272
13369,6273
5481,6274
2826,6275
17049,6276
5500,6277
5597,6278
5587,6279
14923,6280
6872,6281
15713,6282
9066,6283
15144,6284
14660,6285
15902,6286
16296,6287
19785,6288
21098,6289
6551,6290
532,6291
21951,6292
1342,6293
19519,6294
10413,6295
15647,6296
11099,6297
17152,6298
1323,6299
13497,6300
603,6301
14287,6302
20094,6303
9010,6304
2729,6305
7045,6306
15433,6307
15865,6308
15108,6309
18618,6310
11884,6311
18924,6312
19285,6313
16614,6314
17365,6315
1978,6316
17284,6317
1129,6318
16534,6319
15784,6320
20531,6321
10354,6322
13469,6323
23440,6324
15866,6325
16616,6326
16571,6327
5506,6328
12676,6329
4685,6330
14260,6331
21335,6332
19699,6333
22493,6334
3900,6335
8271,6336
15029,6337
8974,6338
15786,6339
3973,6340
17286,6341
16536,6342
14256,6343
9448,6344
16043,6345
20114,6346
4730,6347
22193,6348
6596,6349
9585,6350
9637,6351
16469,6352
3382,6353
20193,6354
21101,6355
9638,6356
1948,6357
14954,6358
17794,6359
23551,6360
21954,6361
1341,6362
7668,6363
10410,6364
9748,6365
11096,6366
11117,6367
9045,6368
6344,6369
9727,6370
7028,6371
4678,6372
4966,6373
11038,6374
1260,6375
14262,6376
20501,6377
1843,6378
18897,6379
12677,6380
13465,6381
18395,6382
2488,6383
11534,6384
3266,6385
14261,6386
13470,6387
12672,6388
24217,6389
1765,6390
11530,6391
5160,6392
5861,6393
14635,6394
7587,6395
19704,6396
407,6397
21337,6398
23916,6399
10767,6400
11890,6401
12682,6402
13457,6403
14249,6404
14257,6405
15031,6406
15025,6407
18363,6408
19164,6409
18510,6410
10038,6411
20494,6412
20493,6413
21338,6414
11880,6415
20818,6416
21671,6417
21757,6418
11420,6419
22527,6420
1718,6421
11521,6422
10050,6423
15289,6424
23037,6425
23054,6426
23899,6427
280,6428
19314,6429
24173,6430
1897,6431
23918,6432
3058,6433
3858,6434
10083,6435
18512,6436
10735,6437
23311,6438
2618,6439
21325,6440
4018,6441
23920,6442
4567,6443
4729,6444
11872,6445
7350,6446
22452,6447
17713,6448
9354,6449
19252,6450
7956,6451
2829,6452
2666,6453
511,6454
6240,6455
19611,6456
5490,6457
7556,6458
9401,6459
12136,6460
18515,6461
1614,6462
16905,6463
4019,6464
12664,6465
9364,6466
17153,6467
2285,6468
11368,6469
10317,6470
11602,6471
1227,6472
15346,6473
1388,6474
18009,6475
2105,6476
2669,6477
22916,6478
3481,6479
4062,6480
4087,6481
4778,6482
22920,6483
21842,6484
4789,6485
22062,6486
22700,6487
508,6488
5598,6489
21086,6490
16440,6491
667,6492
8238,6493
23780,6494
5498,6495
999,6496
22609,6497
23315,6498
5430,6499
14265,6500
9366,6501
19250,6502
10736,6503
3490,6504
13582,6505
10683,6506
1250,6507
13071,6508
15903,6509
15145,6510
17900,6511
19394,6512
23557,6513
3381,6514
18698,6515
2779,6516
3478,6517
4185,6518
23652,6519
15648,6520
14864,6521
16401,6522
17128,6523
11719,6524
16376,6525
12707,6526
18680,6527
13498,6528
18495,6529
14288,6530
547,6531
11871,6532
18498,6533
6243,6534
11062,6535
15867,6536
15432,6537
16186,6538
11975,6539
12766,6540
18483,6541
15110,6542
6343,6543
10351,6544
23919,6545
6908,6546
22180,6547
1845,6548
7577,6549
23057,6550
6082,6551
21339,6552
16537,6553
12673,6554
20017,6555
6667,6556
7722,6557
1396,6558
10352,6559
12679,6560
1128,6561
11887,6562
14263,6563
23911,6564
18418,6565
8033,6566
14516,6567
10341,6568
12320,6569
11409,6570
8278,6571
12665,6572
2567,6573
23903,6574
23041,6575
18888,6576
23387,6577
9749,6578
11095,6579
10431,6580
10409,6581
5607,6582
6275,6583
12719,6584
6961,6585
13510,6586
2560,6587
11928,6588
11036,6589
11889,6590
10205,6591
1258,6592
21340,6593
23056,6594
22195,6595
13466,6596
24251,6597
7456,6598
17287,6599
9666,6600
13474,6601
6767,6602
9771,6603
9091,6604
13220,6605
18900,6606
4259,6607
4099,6608
19705,6609
21749,6610
20505,6611
8920,6612
16387,6613
4169,6614
7151,6615
10184,6616
6467,6617
8510,6618
8468,6619
21627,6620
2500,6621
3729,6622
20148,6623
12498,6624
1460,6625
10182,6626
739,6627
2909,6628
12025,6629
15340,6630
4584,6631
6151,6632
20314,6633
7264,6634
22654,6635
17913,6636
5580,6637
10125,6638
10027,6639
20949,6640
19516,6641
5451,6642
11706,6643
3462,6644
4339,6645
3248,6646
3629,6647
5754,6648
6429,6649
19205,6650
11398,6651
14874,6652
21804,6653
17139,6654
2049,6655
12828,6656
10186,6657
13620,6658
14409,6659
11188,6660
19176,6661
9466,6662
8924,6663
9425,6664
2799,6665
2664,6666
21956,6667
8247,6668
21103,6669
2778,6670
5685,6671
11494,6672
4982,6673
1401,6674
12772,6675
17589,6676
7053,6677
22579,6678
4981,6679
5684,6680
11980,6681
18397,6682
10818,6683
18739,6684
4076,6685
22809,6686
8947,6687
23667,6688
620,6689
7730,6690
12287,6691
4272,6692
3563,6693
12773,6694
15349,6695
278,6696
1956,6697
19505,6698
3509,6699
9629,6700
20303,6701
2057,6702
988,6703
19243,6704
18738,6705
10313,6706
1351,6707
5487,6708
631,6709
1340,6710
5683,6711
19281,6712
4980,6713
4270,6714
13559,6715
5913,6716
7990,6717
12845,6718
18231,6719
19817,6720
4504,6721
14434,6722
15975,6723
21441,6724
23143,6725
4503,6726
1654,6727
22291,6728
7979,6729
929,6730
15976,6731
7985,6732
18228,6733
4496,6734
5196,6735
5211,6736
13640,6737
7303,6738
15204,6739
19034,6740
7984,6741
12047,6742
7992,6743
8675,6744
7304,6745
17483,6746
19029,6747
3786,6748
5213,6749
24005,6750
10748,6751
19021,6752
14428,6753
14427,6754
5900,6755
4349,6756
3640,6757
3642,6758
19370,6759
23531,6760
2657,6761
1029,6762
2917,6763
5059,6764
2922,6765
19371,6766
20169,6767
20974,6768
3926,6769
1469,6770
10571,6771
5762,6772
11250,6773
3643,6774
3641,6775
19374,6776
21818,6777
23526,6778
8768,6779
7353,6780
15517,6781
20964,6782
22669,6783
16155,6784
19551,6785
15399,6786
3519,6787
14639,6788
4224,6789
19254,6790
19549,6791
9493,6792
4664,6793
1106,6794
9494,6795
4936,6796
22863,6797
662,6798
21157,6799
22859,6800
5639,6801
23722,6802
23718,6803
23720,6804
19560,6805
4229,6806
22012,6807
4228,6808
17958,6809
21154,6810
658,6811
1379,6812
2096,6813
21160,6814
3520,6815
18757,6816
22009,6817
22865,6818
20356,6819
3522,6820
2814,6821
2816,6822
1377,6823
4935,6824
5637,6825
660,6826
17960,6827
3524,6828
4230,6829
19557,6830
22008,6831
18758,6832
2094,6833
20357,6834
1381,6835
749,6836
720,6837
18404,6838
1033,6839
16010,6840
20145,6841
5060,6842
10863,6843
5764,6844
9208,6845
2891,6846
19206,6847
314,6848
21511,6849
18546,6850
10568,6851
3246,6852
11251,6853
2201,6854
1476,6855
1442,6856
16833,6857
1749,6858
20692,6859
20946,6860
4352,6861
2542,6862
11255,6863
7163,6864
6481,6865
13688,6866
5313,6867
12878,6868
22650,6869
2194,6870
389,6871
1470,6872
750,6873
3615,6874
19194,6875
19890,6876
21797,6877
1468,6878
3956,6879
748,6880
7840,6881
4325,6882
18393,6883
4611,6884
18435,6885
15252,6886
13147,6887
755,6888
10861,6889
1475,6890
10572,6891
9832,6892
20787,6893
752,6894
2198,6895
8523,6896
23264,6897
7162,6898
8813,6899
6478,6900
8524,6901
3613,6902
1706,6903
3929,6904
19093,6905
13146,6906
388,6907
9211,6908
8526,6909
9830,6910
3151,6911
2517,6912
19094,6913
21799,6914
9892,6915
7786,6916
2429,6917
3220,6918
24076,6919
23509,6920
3637,6921
2545,6922
4347,6923
2193,6924
2544,6925
9888,6926
9207,6927
18193,6928
16099,6929
3167,6930
19893,6931
11558,6932
10567,6933
2448,6934
23220,6935
11559,6936
5768,6937
5365,6938
5064,6939
1477,6940
18993,6941
13795,6942
3876,6943
18295,6944
12349,6945
4351,6946
8812,6947
9890,6948
9209,6949
17433,6950
15343,6951
7841,6952
10570,6953
10573,6954
20731,6955
16021,6956
751,6957
6482,6958
756,6959
18203,6960
5123,6961
4416,6962
17453,6963
709,6964
3605,6965
7103,6966
1430,6967
1300,6968
580,6969
2735,6970
4139,6971
2023,6972
4847,6973
2737,6974
4141,6975
8309,6976
2736,6977
9026,6978
4843,6979
6943,6980
4850,6981
1305,6982
6256,6983
3430,6984
8308,6985
10391,6986
585,6987
2021,6988
16348,6989
4842,6990
16349,6991
2020,6992
18650,6993
1301,6994
21052,6995
4140,6996
11079,6997
4136,6998
3427,6999
4845,7000
8310,7001
4142,7002
17853,7003
2738,7004
583,7005
10392,7006
9024,7007
18503,7008
3994,7009
4705,7010
13143,7011
9212,7012
5366,7013
9893,7014
7844,7015
2168,7016
24234,7017
315,7018
24100,7019
10179,7020
8525,7021
3639,7022
9154,7023
22510,7024
10122,7025
21527,7026
19347,7027
7842,7028
5767,7029
9835,7030
23370,7031
1034,7032
18311,7033
16245,7034
7165,7035
1820,7036
5063,7037
3125,7038
435,7039
3995,7040
19305,7041
19110,7042
20943,7043
2919,7044
10178,7045
2196,7046
4350,7047
2889,7048
3150,7049
8079,7050
20942,7051
1474,7052
1107,7053
754,7054
11254,7055
2166,7056
987,7057
7396,7058
2411,7059
7161,7060
5058,7061
1440,7062
19974,7063
8779,7064
14473,7065
22652,7066
6477,7067
3247,7068
23189,7069
20103,7070
17705,7071
18504,7072
5406,7073
17704,7074
21750,7075
4348,7076
9495,7077
3638,7078
5763,7079
7110,7080
16069,7081
5314,7082
24094,7083
22651,7084
753,7085
1473,7086
5740,7087
20786,7088
3906,7089
20707,7090
18545,7091
11253,7092
1821,7093
2199,7094
5036,7095
19987,7096
3197,7097
20705,7098
23504,7099
7164,7100
10177,7101
6480,7102
1686,7103
21486,7104
5062,7105
5766,7106
15172,7107
16850,7108
8728,7109
22383,7110
13938,7111
1471,7112
1822,7113
15491,7114
8529,7115
4663,7116
7846,7117
4353,7118
15929,7119
16098,7120
7355,7121
18313,7122
8038,7123
24102,7124
18544,7125
2923,7126
8811,7127
2200,7128
9894,7129
16682,7130
15342,7131
4437,7132
6580,7133
9343,7134
9342,7135
11256,7136
2921,7137
8528,7138
2920,7139
21158,7140
23721,7141
1382,7142
22010,7143
22007,7144
23719,7145
22864,7146
21155,7147
22862,7148
20358,7149
3521,7150
21159,7151
19558,7152
23717,7153
2092,7154
1378,7155
659,7156
2817,7157
22013,7158
20355,7159
22860,7160
21156,7161
23723,7162
17959,7163
22861,7164
2093,7165
2095,7166
657,7167
5638,7168
4934,7169
1380,7170
2097,7171
4231,7172
3523,7173
18756,7174
4227,7175
22011,7176
2815,7177
19559,7178
661,7179
19838,7180
19042,7181
20636,7182
20898,7183
17702,7184
19302,7185
2404,7186
1658,7187
940,7188
3096,7189
4703,7190
5405,7191
3993,7192
22338,7193
18241,7194
7993,7195
7308,7196
19841,7197
19045,7198
20639,7199
20100,7200
3286,7201
1868,7202
968,7203
22339,7204
4702,7205
5404,7206
18501,7207
11365,7208
842,7209
841,7210
6550,7211
2879,7212
17427,7213
7778,7214
15165,7215
2018,7216
6254,7217
4844,7218
5545,7219
3426,7220
4134,7221
2019,7222
2740,7223
2744,7224
586,7225
3431,7226
5548,7227
1298,7228
579,7229
4849,7230
5550,7231
4138,7232
7625,7233
2015,7234
4135,7235
7627,7236
8311,7237
3428,7238
5544,7239
17102,7240
6257,7241
17854,7242
18652,7243
4851,7244
5552,7245
4848,7246
5549,7247
4846,7248
5547,7249
3429,7250
4137,7251
1297,7252
578,7253
2022,7254
2743,7255
2742,7256
3433,7257
17101,7258
17852,7259
11077,7260
9023,7261
1303,7262
584,7263
1302,7264
15595,7265
19454,7266
20251,7267
2739,7268
582,7269
21904,7270
22757,7271
2741,7272
3432,7273
10393,7274
9709,7275
6940,7276
7624,7277
11078,7278
5543,7279
5546,7280
581,7281
6255,7282
6941,7283
3434,7284
5551,7285
1304,7286
18651,7287
1299,7288
2017,7289
6942,7290
7626,7291
9025,7292
9708,7293
2016,7294
9707,7295
10851,7296
16740,7297
24011,7298
21449,7299
4525,7300
12241,7301
3802,7302
4509,7303
7994,7304
22324,7305
10168,7306
11446,7307
1659,7308
16738,7309
15980,7310
3818,7311
22325,7312
14438,7313
13647,7314
22304,7315
707,7316
1429,7317
5720,7318
20782,7319
343,7320
21532,7321
11595,7322
13291,7323
4043,7324
12496,7325
1333,7326
11180,7327
1120,7328
21416,7329
4669,7330
22270,7331
15922,7332
23127,7333
16096,7334
5287,7335
2413,7336
11594,7337
16385,7338
7526,7339
17911,7340
2771,7341
23988,7342
23364,7343
6689,7344
12093,7345
17782,7346
11704,7347
485,7348
17137,7349
2050,7350
20591,7351
17671,7352
19791,7353
22269,7354
1083,7355
18312,7356
11596,7357
22823,7358
4046,7359
21968,7360
16379,7361
3602,7362
2556,7363
4312,7364
5023,7365
5015,7366
19973,7367
19756,7368
16838,7369
7363,7370
7003,7371
17044,7372
18697,7373
7563,7374
17899,7375
17889,7376
10449,7377
11497,7378
9773,7379
9093,7380
8404,7381
15431,7382
7723,7383
7046,7384
14328,7385
19198,7386
329,7387
4785,7388
19502,7389
642,7390
8967,7391
20300,7392
18687,7393
11133,7394
13539,7395
14589,7396
2439,7397
2802,7398
520,7399
22806,7400
8253,7401
23664,7402
22793,7403
12769,7404
13875,7405
11978,7406
3921,7407
21134,7408
521,7409
3479,7410
6884,7411
4186,7412
19491,7413
11977,7414
16939,7415
12768,7416
13558,7417
11955,7418
3152,7419
4940,7420
5643,7421
11754,7422
12546,7423
14930,7424
15690,7425
14134,7426
14928,7427
16443,7428
15686,7429
13341,7430
12544,7431
20370,7432
19572,7433
20367,7434
14925,7435
7008,7436
6322,7437
17972,7438
18771,7439
16442,7440
15685,7441
9755,7442
9073,7443
16446,7444
17198,7445
15687,7446
13340,7447
11749,7448
17195,7449
13343,7450
14135,7451
16445,7452
15688,7453
21169,7454
23732,7455
11753,7456
23734,7457
17197,7458
14927,7459
23731,7460
21168,7461
12542,7462
16444,7463
17199,7464
16447,7465
18769,7466
19570,7467
14132,7468
11750,7469
15689,7470
14929,7471
22020,7472
22873,7473
22022,7474
22875,7475
11752,7476
23733,7477
22021,7478
13339,7479
7690,7480
8373,7481
12545,7482
13342,7483
21167,7484
14131,7485
3527,7486
4235,7487
18768,7488
19569,7489
20368,7490
21170,7491
12541,7492
13338,7493
14926,7494
17196,7495
12543,7496
22874,7497
14133,7498
11751,7499
18242,7500
13826,7501
5215,7502
16134,7503
19041,7504
15223,7505
8800,7506
8799,7507
1371,7508
23713,7509
22853,7510
21999,7511
5731,7512
4315,7513
6419,7514
5026,7515
14823,7516
16334,7517
11654,7518
16339,7519
14828,7520
13243,7521
6918,7522
17094,7523
14824,7524
21903,7525
6234,7526
16337,7527
12449,7528
17093,7529
2005,7530
17089,7531
17092,7532
14826,7533
12450,7534
16340,7535
15586,7536
11050,7537
14032,7538
16338,7539
13245,7540
11655,7541
19452,7542
12451,7543
14035,7544
14037,7545
15583,7546
11656,7547
17848,7548
15582,7549
15587,7550
17091,7551
5536,7552
20249,7553
13244,7554
14036,7555
17491,7556
23151,7557
5916,7558
8678,7559
23149,7560
15982,7561
2377,7562
12058,7563
18459,7564
1090,7565
20057,7566
20860,7567
8127,7568
6755,7569
9514,7570
6070,7571
13240,7572
15585,7573
14827,7574
16336,7575
17090,7576
16341,7577
11657,7578
18648,7579
10715,7580
19044,7581
2314,7582
6623,7583
19808,7584
8633,7585
3098,7586
19842,7587
10660,7588
10662,7589
7904,7590
2260,7591
5013,7592
5716,7593
9137,7594
1417,7595
12448,7596
11658,7597
12453,7598
8286,7599
13242,7600
6919,7601
9682,7602
4835,7603
11400,7604
2316,7605
3037,7606
875,7607
19009,7608
7950,7609
7951,7610
2317,7611
5823,7612
1572,7613
2291,7614
6558,7615
1431,7616
5730,7617
7781,7618
708,7619
18731,7620
15667,7621
16424,7622
19535,7623
20333,7624
23689,7625
14907,7626
17176,7627
867,7628
3039,7629
3030,7630
11401,7631
5139,7632
6567,7633
8634,7634
10032,7635
5101,7636
813,7637
5804,7638
5803,7639
7083,7640
9798,7641
9123,7642
13587,7643
17111,7644
15605,7645
14845,7646
16359,7647
21653,7648
11383,7649
15311,7650
4432,7651
20773,7652
19219,7653
2307,7654
7251,7655
10991,7656
22690,7657
11701,7658
23678,7659
20286,7660
9807,7661
5374,7662
9127,7663
11165,7664
7753,7665
19983,7666
1062,7667
9976,7668
292,7669
10990,7670
14081,7671
7224,7672
15523,7673
14871,7674
18684,7675
7089,7676
2558,7677
6406,7678
11167,7679
7755,7680
20012,7681
24228,7682
6005,7683
13187,7684
12493,7685
3689,7686
23545,7687
13288,7688
17886,7689
9128,7690
3964,7691
9808,7692
10483,7693
6394,7694
1797,7695
2983,7696
20183,7697
22820,7698
9623,7699
21965,7700
19488,7701
11164,7702
17673,7703
9126,7704
9806,7705
9112,7706
20772,7707
12987,7708
8046,7709
18595,7710
4925,7711
18590,7712
4893,7713
5596,7714
20290,7715
23968,7716
11502,7717
23106,7718
11125,7719
19726,7720
6354,7721
7038,7722
22212,7723
23355,7724
1048,7725
19397,7726
22803,7727
2800,7728
1965,7729
23661,7730
19492,7731
8396,7732
13087,7733
15090,7734
14325,7735
19728,7736
13801,7737
1716,7738
22840,7739
4085,7740
17897,7741
4800,7742
18695,7743
17890,7744
15847,7745
22589,7746
5679,7747
3560,7748
10439,7749
2430,7750
3212,7751
20194,7752
21097,7753
4214,7754
5497,7755
21950,7756
21942,7757
4976,7758
13880,7759
5694,7760
7059,7761
1408,7762
2856,7763
1035,7764
22509,7765
19238,7766
18376,7767
8781,7768
8730,7769
16068,7770
18417,7771
2089,7772
2529,7773
19555,7774
20866,7775
1091,7776
20351,7777
3231,7778
4223,7779
13857,7780
6756,7781
12271,7782
9516,7783
13063,7784
8828,7785
13856,7786
8829,7787
4594,7788
2474,7789
3199,7790
7397,7791
10831,7792
10779,7793
3198,7794
7356,7795
9962,7796
7897,7797
10644,7798
11328,7799
13583,7800
15904,7801
5006,7802
18180,7803
6434,7804
1445,7805
10515,7806
7118,7807
22385,7808
316,7809
2412,7810
9463,7811
974,7812
5245,7813
20034,7814
9412,7815
9293,7816
4397,7817
2984,7818
3688,7819
4302,7820
696,7821
2868,7822
695,7823
15957,7824
18155,7825
18957,7826
20563,7827
20788,7828
3194,7829
522,7830
17791,7831
19763,7832
20190,7833
18956,7834
21728,7835
20564,7836
21397,7837
4086,7838
15122,7839
6364,7840
21636,7841
3903,7842
21518,7843
11517,7844
12352,7845
16628,7846
17493,7847
23437,7848
7048,7849
22491,7850
7382,7851
19898,7852
21798,7853
6793,7854
24010,7855
972,7856
14731,7857
20899,7858
15222,7859
15378,7860
21448,7861
23112,7862
12288,7863
15879,7864
19761,7865
17372,7866
16013,7867
14693,7868
16014,7869
12351,7870
16961,7871
17606,7872
10770,7873
20146,7874
22375,7875
11514,7876
21796,7877
3561,7878
3562,7879
3805,7880
680,7881
7996,7882
8680,7883
7413,7884
20640,7885
17460,7886
4786,7887
13984,7888
2687,7889
2848,7890
23436,7891
2126,7892
4271,7893
21727,7894
2125,7895
2847,7896
4795,7897
2846,7898
20078,7899
2124,7900
1399,7901
6369,7902
6366,7903
7726,7904
16103,7905
8407,7906
15347,7907
8722,7908
9404,7909
18156,7910
22252,7911
24087,7912
11515,7913
14437,7914
23508,7915
6365,7916
19209,7917
5292,7918
24086,7919
13896,7920
19348,7921
21450,7922
10166,7923
13646,7924
16709,7925
1242,7926
19392,7927
23113,7928
22580,7929
23975,7930
17379,7931
3379,7932
1400,7933
5496,7934
16629,7935
678,7936
20877,7937
17380,7938
679,7939
18480,7940
7049,7941
23371,7942
4590,7943
24085,7944
11560,7945
13897,7946
22303,7947
7052,7948
6368,7949
8406,7950
18407,7951
308,7952
12770,7953
18381,7954
19101,7955
13940,7956
17706,7957
19762,7958
20947,7959
23973,7960
2678,7961
20990,7962
22251,7963
11495,7964
21396,7965
23974,7966
11979,7967
3380,7968
18154,7969
4796,7970
21395,7971
17681,7972
22250,7973
15878,7974
10450,7975
19182,7976
5332,7977
3132,7978
15493,7979
20562,7980
13081,7981
18955,7982
23111,7983
23460,7984
5962,7985
4630,7986
6021,7987
6634,7988
20105,7989
6625,7990
7310,7991
7995,7992
13034,7993
941,7994
15200,7995
24058,7996
7768,7997
19078,7998
17418,7999
24057,8000
12860,8001
15916,8002
17194,8003
5774,8004
5775,8005
3652,8006
1491,8007
3580,8008
11994,8009
15897,8010
23123,8011
9518,8012
15414,8013
8129,8014
16924,8015
20657,8016
5605,8017
19064,8018
21969,8019
21471,8020
22315,8021
13300,8022
15652,8023
9007,8024
13869,8025
4997,8026
1411,8027
4986,8028
19189,8029
4616,8030
19909,8031
2661,8032
23677,8033
4780,8034
17133,8035
4880,8036
5700,8037
11488,8038
11992,8039
12784,8040
18963,8041
20813,8042
1011,8043
10992,8044
13685,8045
16383,8046
1947,8047
17135,8048
17887,8049
17393,8050
21648,8051
8056,8052
19911,8053
10323,8054
14870,8055
9624,8056
22819,8057
2773,8058
1412,8059
14663,8060
691,8061
5702,8062
5691,8063
7739,8064
14664,8065
7061,8066
6377,8067
15882,8068
21615,8069
2520,8070
23236,8071
11011,8072
14868,8073
2662,8074
15628,8075
1336,8076
2464,8077
15541,8078
20339,8079
2064,8080
21011,8081
1349,8082
5590,8083
6341,8084
22601,8085
7025,8086
16565,8087
22209,8088
12193,8089
17315,8090
21748,8091
15058,8092
15815,8093
18912,8094
24219,8095
1763,8096
6886,8097
629,8098
7004,8099
20208,8100
23659,8101
17891,8102
14911,8103
21863,8104
2785,8105
3477,8106
4887,8107
11921,8108
23458,8109
14294,8110
8385,8111
18112,8112
13008,8113
9400,8114
16294,8115
14293,8116
11920,8117
21352,8118
22476,8119
5329,8120
14781,8121
22801,8122
4923,8123
21012,8124
21948,8125
18689,8126
13503,8127
20896,8128
4254,8129
16511,8130
14226,8131
18072,8132
13133,8133
16237,8134
8194,8135
20675,8136
14722,8137
15486,8138
6823,8139
17505,8140
11545,8141
11546,8142
18534,8143
10261,8144
8895,8145
9579,8146
17506,8147
21493,8148
22854,8149
20354,8150
23714,8151
4932,8152
12795,8153
15146,8154
5710,8155
17407,8156
18766,8157
13336,8158
11746,8159
17191,8160
8600,8161
11369,8162
11370,8163
16993,8164
21781,8165
23493,8166
24230,8167
3701,8168
9995,8169
7237,8170
14530,8171
15487,8172
21783,8173
23491,8174
7919,8175
11366,8176
2280,8177
1585,8178
864,8179
19005,8180
14541,8181
20931,8182
2623,8183
4737,8184
12339,8185
12999,8186
14723,8187
19337,8188
20064,8189
1094,8190
18466,8191
19268,8192
16175,8193
16929,8194
15421,8195
11484,8196
11810,8197
11831,8198
13459,8199
14187,8200
14209,8201
14251,8202
11868,8203
14477,8204
13139,8205
14982,8206
12962,8207
1052,8208
15009,8209
15728,8210
15736,8211
15758,8212
16019,8213
14728,8214
13414,8215
16483,8216
16510,8217
14214,8218
16770,8219
16230,8220
13418,8221
16825,8222
16827,8223
17235,8224
13762,8225
17240,8226
16484,8227
14552,8228
17261,8229
17578,8230
18868,8231
18069,8232
13421,8233
16074,8234
18880,8235
19200,8236
10131,8237
19653,8238
19923,8239
19926,8240
17741,8241
19990,8242
20104,8243
20225,8244
18863,8245
20435,8246
17577,8247
20619,8248
20723,8249
20725,8250
13140,8251
11847,8252
10213,8253
12640,8254
13433,8255
12628,8256
15318,8257
20789,8258
21152,8259
21430,8260
21637,8261
21640,8262
22143,8263
22183,8264
22278,8265
22492,8266
22496,8267
22644,8268
15739,8269
23002,8270
23009,8271
23224,8272
19308,8273
23147,8274
23227,8275
13895,8276
14715,8277
17273,8278
23253,8279
23350,8280
20834,8281
19896,8282
17708,8283
12056,8284
23357,8285
23501,8286
12637,8287
23853,8288
12171,8289
10132,8290
23859,8291
23898,8292
12167,8293
1767,8294
12088,8295
24088,8296
10951,8297
13894,8298
22169,8299
24115,8300
24122,8301
21787,8302
23815,8303
2418,8304
1889,8305
21262,8306
3140,8307
3193,8308
22373,8309
12308,8310
11423,8311
3289,8312
24007,8313
12242,8314
18239,8315
3902,8316
23225,8317
13104,8318
4221,8319
19466,8320
4541,8321
1895,8322
12624,8323
457,8324
23861,8325
4608,8326
17522,8327
16983,8328
19306,8329
1621,8330
20444,8331
4707,8332
23129,8333
5169,8334
5632,8335
17864,8336
18662,8337
21172,8338
22025,8339
23613,8340
5695,8341
5870,8342
588,8343
23715,8344
1307,8345
14934,8346
2025,8347
15694,8348
20245,8349
19449,8350
17936,8351
6106,8352
5880,8353
6127,8354
23004,8355
653,8356
3441,8357
2810,8358
4149,8359
22026,8360
4857,8361
21173,8362
19448,8363
18644,8364
16426,8365
18734,8366
6588,8367
20610,8368
18801,8369
6817,8370
12612,8371
7379,8372
23260,8373
20936,8374
20438,8375
434,8376
12842,8377
7380,8378
6103,8379
3787,8380
7478,8381
10056,8382
7499,8383
19668,8384
7500,8385
21288,8386
8061,8387
10922,8388
18329,8389
12345,8390
14999,8391
2362,8392
8062,8393
21552,8394
13136,8395
22102,8396
2588,8397
16722,8398
8063,8399
4555,8400
18536,8401
12634,8402
8064,8403
22402,8404
20141,8405
14204,8406
7477,8407
5190,8408
8065,8409
21519,8410
11516,8411
6131,8412
19687,8413
8145,8414
23864,8415
21290,8416
22993,8417
14551,8418
1047,8419
16956,8420
8181,8421
11824,8422
8182,8423
22116,8424
8365,8425
8377,8426
8763,8427
1866,8428
16724,8429
22407,8430
12341,8431
12601,8432
8764,8433
22405,8434
23496,8435
21280,8436
5403,8437
7978,8438
8765,8439
17701,8440
2423,8441
11549,8442
17238,8443
7300,8444
8962,8445
21210,8446
13985,8447
901,8448
15393,8449
10726,8450
10738,8451
11790,8452
10271,8453
12443,8454
21206,8455
2318,8456
4033,8457
5127,8458
913,8459
17647,8460
1632,8461
2086,8462
21913,8463
21997,8464
22766,8465
17974,8466
23624,8467
18773,8468
5535,8469
4920,8470
9348,8471
15194,8472
13192,8473
23754,8474
9368,8475
12253,8476
9356,8477
3756,8478
14947,8479
12262,8480
16912,8481
11372,8482
18461,8483
1953,8484
22275,8485
22276,8486
23570,8487
22712,8488
2989,8489
3352,8490
4195,8491
4903,8492
6179,8493
3488,8494
11097,8495
17968,8496
11063,8497
6987,8498
7267,8499
10959,8500
10426,8501
11571,8502
14890,8503
4744,8504
15644,8505
7921,8506
8604,8507
2218,8508
3952,8509
3572,8510
14666,8511
2563,8512
13488,8513
12697,8514
23050,8515
14806,8516
3407,8517
18080,8518
3409,8519
15004,8520
4992,8521
4682,8522
1384,8523
11049,8524
10365,8525
12650,8526
17819,8527
18619,8528
15008,8529
19716,8530
1271,8531
15788,8532
21180,8533
3402,8534
2711,8535
20483,8536
15444,8537
13445,8538
18629,8539
14218,8540
1854,8541
12633,8542
11840,8543
15746,8544
16826,8545
20228,8546
11841,8547
22734,8548
22999,8549
10217,8550
11839,8551
3405,8552
22033,8553
2723,8554
4107,8555
21179,8556
4108,8557
23744,8558
23588,8559
21025,8560
17266,8561
421,8562
23000,8563
4815,8564
20379,8565
22728,8566
18625,8567
13438,8568
4954,8569
14987,8570
19199,8571
5517,8572
23743,8573
16321,8574
17074,8575
554,8576
1273,8577
17270,8578
565,8579
22153,8580
6010,8581
16199,8582
16729,8583
19136,8584
23494,8585
13426,8586
6231,8587
6331,8588
16499,8589
6335,8590
6694,8591
17700,8592
17482,8593
5253,8594
20138,8595
6771,8596
17269,8597
1286,8598
13224,8599
16507,8600
1852,8601
14996,8602
14222,8603
11836,8604
12967,8605
14611,8606
19428,8607
3840,8608
18541,8609
15755,8610
4251,8611
6916,8612
11849,8613
692,8614
7019,8615
1849,8616
16512,8617
11640,8618
21036,8619
12617,8620
21261,8621
21887,8622
19648,8623
6779,8624
15737,8625
14978,8626
19637,8627
24220,8628
6009,8629
6791,8630
7464,8631
20467,8632
18064,8633
12629,8634
12172,8635
1762,8636
6790,8637
7468,8638
14980,8639
17246,8640
18033,8641
7811,8642
6414,8643
8144,8644
15763,8645
15570,8646
17838,8647
19639,8648
1862,8649
14184,8650
13392,8651
18831,8652
21041,8653
12621,8654
10906,8655
18048,8656
20450,8657
18032,8658
13761,8659
15371,8660
13889,8661
12048,8662
12244,8663
17475,8664
18752,8665
17855,8666
17954,8667
18653,8668
13346,8669
19457,8670
14138,8671
21049,8672
21247,8673
21901,8674
17178,8675
3986,8676
22957,8677
23817,8678
12593,8679
21641,8680
815,8681
17040,8682
12490,8683
17788,8684
20308,8685
503,8686
21963,8687
8159,8688
3084,8689
8283,8690
7599,8691
17271,8692
8378,8693
1139,8694
8659,8695
9000,8696
7000,8697
9228,8698
10326,8699
11009,8700
16382,8701
19510,8702
1952,8703
11698,8704
4070,8705
21110,8706
4881,8707
19522,8708
5583,8709
14893,8710
5586,8711
12515,8712
925,8713
6045,8714
4484,8715
1236,8716
18593,8717
19583,8718
6302,8719
6319,8720
19391,8721
20382,8722
13222,8723
23628,8724
22846,8725
21917,8726
17973,8727
22770,8728
18772,8729
22756,8730
1360,8731
3359,8732
6988,8733
8998,8734
9324,8735
9445,8736
1153,8737
17477,8738
3844,8739
12340,8740
12603,8741
9446,8742
11509,8743
15261,8744
13932,8745
19672,8746
4494,8747
13039,8748
8662,8749
22004,8750
3439,8751
19554,8752
2027,8753
11756,8754
4064,8755
22818,8756
4147,8757
12548,8758
19450,8759
11051,8760
17097,8761
18646,8762
17177,8763
18735,8764
13261,8765
17174,8766
2249,8767
22787,8768
16422,8769
2727,8770
514,8771
23676,8772
2774,8773
16406,8774
7642,8775
11974,8776
7682,8777
14056,8778
14905,8779
16360,8780
2151,8781
20068,8782
6415,8783
12567,8784
16468,8785
9447,8786
18499,8787
4552,8788
13135,8789
22103,8790
6615,8791
15382,8792
23142,8793
21148,8794
18656,8795
2087,8796
22761,8797
13344,8798
593,8799
14136,8800
17088,8801
6177,8802
23673,8803
6316,8804
8955,8805
22815,8806
4882,8807
18144,8808
9538,8809
14202,8810
13410,8811
18832,8812
23356,8813
6693,8814
16203,8815
9372,8816
11457,8817
10742,8818
1226,8819
16430,8820
12389,8821
17904,8822
23625,8823
650,8824
4863,8825
12547,8826
5564,8827
11755,8828
6233,8829
12447,8830
14034,8831
14822,8832
16344,8833
5622,8834
6315,8835
6876,8836
13285,8837
4883,8838
17158,8839
7684,8840
8325,8841
21392,8842
9549,8843
15972,8844
14621,8845
15213,8846
11603,8847
21960,8848
3515,8849
21910,8850
20349,8851
21058,8852
17202,8853
23621,8854
16450,8855
17846,8856
11653,8857
15581,8858
15590,8859
1525,8860
17666,8861
23615,8862
4919,8863
17108,8864
15665,8865
7001,8866
12469,8867
21979,8868
7002,8869
13262,8870
21126,8871
17112,8872
2154,8873
5372,8874
4311,8875
20395,8876
15540,8877
17991,8878
666,8879
12410,8880
11616,8881
23755,8882
7119,8883
10194,8884
6435,8885
15537,8886
13364,8887
14776,8888
2824,8889
7564,8890
4281,8891
12285,8892
2134,8893
20206,8894
21096,8895
7612,8896
23773,8897
16299,8898
17052,8899
15650,8900
13281,8901
21970,8902
14074,8903
21117,8904
14863,8905
14099,8906
15623,8907
13306,8908
16375,8909
14281,8910
18497,8911
21350,8912
1988,8913
15014,8914
10893,8915
16522,8916
18884,8917
23025,8918
24215,8919
20032,8920
3401,8921
21314,8922
553,8923
15771,8924
6769,8925
20486,8926
18084,8927
8239,8928
21107,8929
5585,8930
15653,8931
14862,8932
12765,8933
9140,8934
18471,8935
9524,8936
13448,8937
14240,8938
23886,8939
23351,8940
3192,8941
9584,8942
13404,8943
9615,8944
8933,8945
5351,8946
15535,8947
2069,8948
9645,8949
23660,8950
3472,8951
17215,8952
7593,8953
9721,8954
10461,8955
23431,8956
23972,8957
11144,8958
9097,8959
17065,8960
13358,8961
4824,8962
1278,8963
13437,8964
3980,8965
14229,8966
14811,8967
11808,8968
1861,8969
13395,8970
18638,8971
22745,8972
13396,8973
22955,8974
8859,8975
9542,8976
21245,8977
22100,8978
11800,8979
16075,8980
10815,8981
1155,8982
19028,8983
20040,8984
15210,8985
14789,8986
14150,8987
15526,8988
14765,8989
3356,8990
4188,8991
21939,8992
7548,8993
17134,8994
2052,8995
18153,8996
21729,8997
7718,8998
14670,8999
18486,9000
13529,9001
15857,9002
19729,9003
20082,9004
20086,9005
14319,9006
11947,9007
15807,9008
11046,9009
13356,9010
20552,9011
17368,9012
11634,9013
20384,9014
20889,9015
19751,9016
11945,9017
11040,9018
11913,9019
11047,9020
14943,9021
15702,9022
23105,9023
16942,9024
15085,9025
17342,9026
19758,9027
17818,9028
18923,9029
19582,9030
2839,9031
1977,9032
19585,9033
1277,9034
1994,9035
15764,9036
3388,9037
14942,9038
4974,9039
1123,9040
15868,9041
14012,9042
22893,9043
4965,9044
5393,9045
15005,9046
20236,9047
14972,9048
21892,9049
22744,9050
14191,9051
22959,9052
2583,9053
16487,9054
12602,9055
427,9056
19642,9057
22105,9058
20436,9059
22495,9060
10133,9061
18335,9062
22637,9063
14974,9064
431,9065
11433,9066
4695,9067
21248,9068
14188,9069
14969,9070
5677,9071
3559,9072
13495,9073
1984,9074
15703,9075
543,9076
14944,9077
6218,9078
20381,9079
15565,9080
6338,9081
2705,9082
14149,9083
6902,9084
14148,9085
4826,9086
4118,9087
11857,9088
7600,9089
8284,9090
23881,9091
14682,9092
21306,9093
12431,9094
13430,9095
1140,9096
11844,9097
22736,9098
23596,9099
14225,9100
10899,9101
23869,9102
10212,9103
22150,9104
1395,9105
11835,9106
18398,9107
16126,9108
12301,9109
19821,9110
4956,9111
22992,9112
19993,9113
10817,9114
15448,9115
19924,9116
4490,9117
7696,9118
15757,9119
23852,9120
20792,9121
328,9122
6788,9123
19022,9124
7418,9125
8285,9126
7601,9127
14228,9128
1137,9129
8379,9130
17078,9131
18634,9132
16494,9133
21265,9134
21888,9135
22117,9136
424,9137
11825,9138
12618,9139
19636,9140
15317,9141
7381,9142
14686,9143
19128,9144
20940,9145
17245,9146
5891,9147
8856,9148
23835,9149
22975,9150
15727,9151
16073,9152
6695,9153
14687,9154
3777,9155
6729,9156
8983,9157
23751,9158
19422,9159
8986,9160
13357,9161
5526,9162
9526,9163
14235,9164
19432,9165
22135,9166
10218,9167
22737,9168
23595,9169
20471,9170
10898,9171
23854,9172
22994,9173
14213,9174
9537,9175
13412,9176
12619,9177
9671,9178
15701,9179
4827,9180
5528,9181
15767,9182
9527,9183
19681,9184
3416,9185
21287,9186
1853,9187
23001,9188
18860,9189
17250,9190
12966,9191
10816,9192
13891,9193
4833,9194
2836,9195
10901,9196
5179,9197
979,9198
981,9199
9821,9200
21010,9201
14156,9202
13218,9203
23554,9204
17995,9205
3385,9206
4093,9207
20390,9208
10348,9209
6899,9210
14945,9211
9655,9212
21191,9213
8276,9214
7592,9215
15704,9216
1992,9217
2714,9218
16397,9219
17883,9220
17149,9221
18681,9222
17915,9223
19485,9224
10422,9225
20283,9226
12505,9227
14077,9228
12641,9229
5395,9230
4959,9231
11641,9232
11819,9233
18635,9234
19645,9235
1147,9236
14977,9237
20235,9238
14196,9239
6095,9240
12611,9241
11818,9242
17234,9243
7469,9244
18841,9245
18042,9246
14968,9247
9818,9248
14785,9249
21205,9250
22714,9251
23573,9252
3531,9253
7669,9254
9654,9255
10338,9256
17989,9257
6221,9258
6906,9259
11112,9260
6967,9261
9062,9262
6281,9263
9726,9264
11952,9265
11503,9266
13088,9267
14323,9268
13533,9269
12706,9270
11044,9271
15778,9272
17347,9273
18148,9274
22590,9275
13534,9276
14324,9277
15053,9278
5508,9279
18891,9280
4687,9281
6901,9282
12667,9283
7702,9284
1982,9285
11874,9286
3269,9287
14252,9288
13460,9289
23036,9290
24214,9291
2490,9292
8270,9293
13461,9294
8277,9295
14253,9296
19299,9297
21328,9298
9744,9299
7650,9300
13447,9301
8333,9302
12654,9303
8843,9304
14239,9305
23876,9306
1135,9307
23016,9308
14018,9309
15569,9310
12625,9311
16497,9312
21035,9313
20452,9314
10219,9315
15744,9316
14985,9317
16496,9318
14547,9319
3984,9320
5310,9321
22372,9322
12309,9323
21425,9324
17650,9325
8854,9326
14210,9327
21271,9328
15741,9329
13757,9330
333,9331
8901,9332
10081,9333
11814,9334
11838,9335
12218,9336
12596,9337
12636,9338
13413,9339
13931,9340
14208,9341
10066,9342
14591,9343
14990,9344
12217,9345
14997,9346
15350,9347
15351,9348
10764,9349
15729,9350
15750,9351
13010,9352
16107,9353
16461,9354
10364,9355
15048,9356
11891,9357
1270,9358
16488,9359
11803,9360
16514,9361
16860,9362
10763,9363
17071,9364
17077,9365
17607,9366
10769,9367
17608,9368
17610,9369
10080,9370
17839,9371
17984,9372
18334,9373
1865,9374
18838,9375
14971,9376
12216,9377
18847,9378
18856,9379
18057,9380
18854,9381
16108,9382
10079,9383
18892,9384
18092,9385
18089,9386
16855,9387
10086,9388
14470,9389
19102,9390
16210,9391
16982,9392
15745,9393
19105,9394
16959,9395
19300,9396
17472,9397
19832,9398
17956,9399
1987,9400
14939,9401
19899,9402
16962,9403
19929,9404
16242,9405
20099,9406
18226,9407
20491,9408
13006,9409
20496,9410
19692,9411
12213,9412
21281,9413
21308,9414
21030,9415
21521,9416
16960,9417
21551,9418
14726,9419
21785,9420
21788,9421
22109,9422
14183,9423
14590,9424
22136,9425
21279,9426
16106,9427
22139,9428
22638,9429
14190,9430
22735,9431
22887,9432
22951,9433
16856,9434
10085,9435
20699,9436
15454,9437
22956,9438
22996,9439
23030,9440
12656,9441
19685,9442
15348,9443
23031,9444
23067,9445
11048,9446
11881,9447
1276,9448
16318,9449
11856,9450
23023,9451
23263,9452
14725,9453
14973,9454
23461,9455
23593,9456
19664,9457
23605,9458
2375,9459
23811,9460
19220,9461
1001,9462
20698,9463
16209,9464
23816,9465
10913,9466
18833,9467
18034,9468
14182,9469
23821,9470
23823,9471
21242,9472
13011,9473
23840,9474
23843,9475
23856,9476
1143,9477
22137,9478
21282,9479
13424,9480
23868,9481
23873,9482
23893,9483
18881,9484
16104,9485
24123,9486
22639,9487
19661,9488
24125,9489
20139,9490
21284,9491
2420,9492
13138,9493
18071,9494
2438,9495
1172,9496
16733,9497
19934,9498
2586,9499
2715,9500
23024,9501
277,9502
18332,9503
19341,9504
282,9505
15256,9506
14692,9507
10053,9508
2837,9509
2115,9510
19659,9511
16859,9512
3065,9513
3282,9514
10062,9515
3758,9516
3843,9517
11551,9518
21296,9519
3868,9520
21548,9521
18540,9522
18047,9523
4146,9524
20353,9525
3438,9526
4249,9527
4465,9528
4577,9529
10251,9530
20733,9531
4738,9532
14194,9533
5280,9534
13890,9535
15965,9536
23258,9537
20140,9538
21266,9539
1857,9540
22121,9541
5402,9542
20622,9543
5440,9544
14994,9545
5555,9546
5982,9547
16954,9548
23257,9549
12346,9550
16508,9551
5192,9552
5984,9553
3833,9554
5409,9555
6130,9556
21258,9557
6226,9558
5519,9559
12653,9560
10208,9561
23885,9562
21029,9563
15753,9564
23592,9565
11843,9566
4125,9567
22141,9568
6227,9569
6336,9570
6620,9571
6652,9572
3160,9573
3283,9574
12051,9575
6665,9576
16951,9577
20630,9578
6666,9579
22403,9580
19342,9581
6668,9582
674,9583
6777,9584
20451,9585
21268,9586
13390,9587
6651,9588
3161,9589
10234,9590
15206,9591
10855,9592
16719,9593
14119,9594
21059,9595
21145,9596
19462,9597
13349,9598
21911,9599
14141,9600
15576,9601
1359,9602
4551,9603
12343,9604
19652,9605
6909,9606
13354,9607
6912,9608
15011,9609
7015,9610
10216,9611
16504,9612
17255,9613
17253,9614
17609,9615
5279,9616
14479,9617
22635,9618
6785,9619
7319,9620
19307,9621
1657,9622
7334,9623
7348,9624
19137,9625
3321,9626
12607,9627
7349,9628
19135,9629
23495,9630
20463,9631
3281,9632
16727,9633
6774,9634
21285,9635
22140,9636
7465,9637
13429,9638
14221,9639
15749,9640
7335,9641
3870,9642
10937,9643
12096,9644
17736,9645
7305,9646
7595,9647
13355,9648
7971,9649
18448,9650
7988,9651
8005,9652
4026,9653
13401,9654
8032,9655
24117,9656
10944,9657
20468,9658
7479,9659
5893,9660
8157,9661
18233,9662
8186,9663
21274,9664
8280,9665
12558,9666
8374,9667
8656,9668
8668,9669
8672,9670
8674,9671
10169,9672
1655,9673
2090,9674
1311,9675
2811,9676
8312,9677
22027,9678
8716,9679
19933,9680
20137,9681
22107,9682
7476,9683
8717,9684
16198,9685
12849,9686
8687,9687
3320,9688
23825,9689
8721,9690
13681,9691
15476,9692
16207,9693
23892,9694
4467,9695
883,9696
5171,9697
16478,9698
878,9699
857,9700
8851,9701
17256,9702
16505,9703
16502,9704
16858,9705
8852,9706
23858,9707
22998,9708
12631,9709
13803,9710
3869,9711
3989,9712
17480,9713
3937,9714
18230,9715
22006,9716
20252,9717
22858,9718
2024,9719
19575,9720
2745,9721
20373,9722
20244,9723
23694,9724
8869,9725
4486,9726
8102,9727
3779,9728
22002,9729
5559,9730
2088,9731
18655,9732
23738,9733
4858,9734
22880,9735
16331,9736
14908,9737
8900,9738
18842,9739
8996,9740
9027,9741
21174,9742
18643,9743
17084,9744
21131,9745
9074,9746
20243,9747
17938,9748
9369,9749
20044,9750
2323,9751
4073,9752
2786,9753
4464,9754
1387,9755
10719,9756
17082,9757
18004,9758
6143,9759
6831,9760
8611,9761
9379,9762
8802,9763
2372,9764
18755,9765
4852,9766
19556,9767
3436,9768
11760,9769
4144,9770
12552,9771
14817,9772
10366,9773
17083,9774
17096,9775
17843,9776
18736,9777
19538,9778
5621,9779
939,9780
6040,9781
5915,9782
2675,9783
18007,9784
14779,9785
17046,9786
14948,9787
9403,9788
22376,9789
14690,9790
6129,9791
22171,9792
7972,9793
14632,9794
6589,9795
10995,9796
3066,9797
17988,9798
13215,9799
13847,9800
1555,9801
1586,9802
14769,9803
21712,9804
21841,9805
23418,9806
11373,9807
4197,9808
6985,9809
7239,9810
6555,9811
8350,9812
8548,9813
384,9814
15887,9815
4821,9816
11766,9817
2000,9818
21876,9819
17268,9820
23586,9821
17825,9822
23013,9823
3415,9824
2724,9825
15003,9826
4831,9827
1283,9828
12646,9829
566,9830
23589,9831
13436,9832
4692,9833
7750,9834
7145,9835
4308,9836
5491,9837
18783,9838
2718,9839
560,9840
15769,9841
10895,9842
16520,9843
17831,9844
20229,9845
18870,9846
21883,9847
20460,9848
23008,9849
3981,9850
18068,9851
18867,9852
20458,9853
17611,9854
417,9855
20473,9856
19674,9857
18055,9858
422,9859
5981,9860
10235,9861
13634,9862
16893,9863
19824,9864
20726,9865
21998,9866
10981,9867
3445,9868
22850,9869
2033,9870
11758,9871
2754,9872
12550,9873
17085,9874
15578,9875
2077,9876
22835,9877
4797,9878
7903,9879
10304,9880
10993,9881
19513,9882
22816,9883
2937,9884
1232,9885
15630,9886
4776,9887
22814,9888
4777,9889
23674,9890
2775,9891
19523,9892
5477,9893
4198,9894
6176,9895
2791,9896
6189,9897
3491,9898
8143,9899
11853,9900
11642,9901
21038,9902
11816,9903
10224,9904
13402,9905
21890,9906
21254,9907
22108,9908
7470,9909
14975,9910
14192,9911
15730,9912
13009,9913
8244,9914
23672,9915
19490,9916
16407,9917
8322,9918
8380,9919
11639,9920
14812,9921
11829,9922
18844,9923
10907,9924
20238,9925
20448,9926
14981,9927
13391,9928
20449,9929
1145,9930
18846,9931
22980,9932
12597,9933
7467,9934
22983,9935
22124,9936
11804,9937
14592,9938
3159,9939
19301,9940
23999,9941
3142,9942
8017,9943
8431,9944
15423,9945
20561,9946
3584,9947
13204,9948
14355,9949
19586,9950
1972,9951
20385,9952
4822,9953
4114,9954
13439,9955
6087,9956
14231,9957
13228,9958
15734,9959
19438,9960
13400,9961
21891,9962
21250,9963
1148,9964
22961,9965
12605,9966
23812,9967
13804,9968
6780,9969
8031,9970
1864,9971
19033,9972
20730,9973
7416,9974
8699,9975
8858,9976
14193,9977
11815,9978
22097,9979
8941,9980
1355,9981
5582,9982
20321,9983
8952,9984
2070,9985
4879,9986
15121,9987
20079,9988
8956,9989
20311,9990
1335,9991
15654,9992
11092,9993
9298,9994
9349,9995
10693,9996
13951,9997
11113,9998
6146,9999
6828,10000
6298,10001
9059,10002
9398,10003
16201,10004
1653,10005
19129,10006
22643,10007
19649,10008
9399,10009
18336,10010
4027,10011
19643,10012
8867,10013
12055,10014
15380,10015
18235,10016
13980,10017
17906,10018
18753,10019
1944,10020
18704,10021
2054,10022
16591,10023
22758,10024
655,10025
23616,10026
23735,10027
5557,10028
22877,10029
4834,10030
23614,10031
23693,10032
2798,10033
9540,10034
22965,10035
9551,10036
935,10037
14625,10038
23139,10039
1225,10040
11699,10041
13974,10042
4222,10043
12388,10044
5562,10045
19552,10046
1313,10047
22879,10048
594,10049
23737,10050
17844,10051
11651,10052
14820,10053
15589,10054
16332,10055
21983,10056
15603,10057
19534,10058
21984,10059
11674,10060
15666,10061
3506,10062
21080,10063
20332,10064
11678,10065
2155,10066
401,10067
2878,10068
23763,10069
23772,10070
6190,10071
12491,10072
20288,10073
14894,10074
10406,10075
7605,10076
4392,10077
8255,10078
12565,10079
9090,10080
9581,10081
21317,10082
9582,10083
14199,10084
9583,10085
22128,10086
9679,10087
23022,10088
9770,10089
12290,10090
12741,10091
13552,10092
20554,10093
13882,10094
19753,10095
18947,10096
14286,10097
21738,10098
11950,10099
17344,10100
13496,10101
22219,10102
2701,10103
23747,10104
4095,10105
22889,10106
1997,10107
1280,10108
540,10109
11770,10110
7594,10111
22892,10112
7720,10113
23942,10114
2695,10115
23746,10116
8992,10117
12562,10118
4115,10119
4823,10120
23872,10121
1136,10122
23012,10123
17837,10124
18636,10125
20440,10126
10226,10127
15732,10128
21039,10129
11812,10130
1860,10131
13398,10132
15733,10133
22963,10134
9541,10135
21252,10136
20442,10137
22952,10138
9668,10139
23750,10140
21872,10141
4116,10142
22163,10143
8141,10144
9670,10145
22888,10146
16319,10147
17072,10148
12649,10149
7461,10150
16519,10151
15567,10152
17826,10153
18065,10154
20230,10155
19671,10156
1851,10157
7017,10158
3982,10159
17259,10160
9531,10161
19669,10162
22146,10163
9772,10164
19283,10165
11949,10166
12296,10167
12740,10168
13531,10169
12705,10170
16619,10171
11024,10172
12563,10173
2840,10174
1976,10175
11771,10176
20218,10177
996,10178
22406,10179
16996,10180
2834,10181
3990,10182
9378,10183
4643,10184
4498,10185
11045,10186
23749,10187
2813,10188
10324,10189
17909,10190
3435,10191
21153,10192
19455,10193
4143,10194
4774,10195
18707,10196
4172,10197
18718,10198
487,10199
14764,10200
3941,10201
5475,10202
20305,10203
6958,10204
7009,10205
7588,10206
22891,10207
1995,10208
21873,10209
23883,10210
6770,10211
11858,10212
2003,10213
12632,10214
23594,10215
14217,10216
2726,10217
22151,10218
2572,10219
23871,10220
5659,10221
22134,10222
13802,10223
1715,10224
6775,10225
6787,10226
7691,10227
17842,10228
14825,10229
14830,10230
16330,10231
19446,10232
20336,10233
2251,10234
22786,10235
22831,10236
22836,10237
23644,10238
18730,10239
2531,10240
639,10241
21934,10242
17932,10243
12472,10244
4310,10245
5373,10246
1241,10247
7099,10248
14833,10249
18803,10250
18606,10251
17807,10252
11115,10253
7012,10254
22913,10255
11615,10256
12409,10257
13361,10258
7737,10259
22577,10260
4282,10261
15545,10262
630,10263
623,10264
20388,10265
2704,10266
8944,10267
19507,10268
2055,10269
15130,10270
19280,10271
20573,10272
9092,10273
21731,10274
12739,10275
13556,10276
1397,10277
16189,10278
11948,10279
14320,10280
17307,10281
1979,10282
23748,10283
2698,10284
22894,10285
4104,10286
22890,10287
1279,10288
22724,10289
15762,10290
6773,10291
8973,10292
23752,10293
1993,10294
9534,10295
19662,10296
20461,10297
14216,10298
9651,10299
6299,10300
4867,10301
14129,10302
9694,10303
17697,10304
5385,10305
12698,10306
9728,10307
10429,10308
9046,10309
9747,10310
7646,10311
21971,10312
8329,10313
21118,10314
6963,10315
17303,10316
20096,10317
11909,10318
4817,10319
21315,10320
6225,10321
21316,10322
16950,10323
7458,10324
8281,10325
22172,10326
10892,10327
20488,10328
19689,10329
18082,10330
13800,10331
7351,10332
9842,10333
6066,10334
2172,10335
1249,10336
22693,10337
17993,10338
6326,10339
9141,10340
1834,10341
11179,10342
13994,10343
3593,10344
17806,10345
22914,10346
12408,10347
11614,10348
17216,10349
10337,10350
11631,10351
12564,10352
4905,10353
3452,10354
534,10355
21198,10356
17816,10357
18616,10358
22900,10359
13221,10360
5647,10361
6353,10362
14672,10363
10441,10364
15434,10365
20886,10366
5678,10367
4975,10368
6892,10369
12426,10370
20389,10371
3394,10372
4102,10373
5646,10374
7703,10375
8989,10376
8991,10377
19696,10378
9084,10379
8395,10380
11034,10381
18093,10382
9663,10383
6325,10384
5521,10385
4820,10386
8343,10387
5574,10388
7660,10389
4871,10390
6978,10391
3456,10392
4163,10393
5603,10394
6292,10395
13283,10396
17262,10397
10211,10398
15759,10399
21037,10400
21889,10401
13407,10402
1146,10403
20445,10404
19646,10405
14970,10406
22113,10407
10223,10408
22742,10409
18043,10410
23831,10411
22971,10412
8857,10413
22970,10414
23830,10415
9665,10416
20495,10417
2566,10418
9672,10419
10427,10420
7649,10421
3487,10422
8332,10423
4194,10424
3453,10425
19686,10426
4160,10427
18882,10428
7459,10429
18083,10430
14232,10431
2570,10432
13440,10433
11638,10434
14017,10435
21273,10436
22129,10437
22739,10438
14986,10439
3983,10440
14211,10441
13419,10442
6091,10443
22127,10444
21272,10445
12623,10446
14587,10447
7466,10448
22987,10449
23847,10450
11830,10451
13799,10452
2442,10453
8035,10454
9757,10455
1264,10456
18893,10457
1130,10458
23045,10459
11876,10460
9764,10461
11635,10462
15023,10463
15056,10464
545,10465
15780,10466
409,10467
19697,10468
1020,10469
10378,10470
11801,10471
11875,10472
12194,10473
12302,10474
12630,10475
12195,10476
12668,10477
12989,10478
10793,10479
13397,10480
13783,10481
10109,10482
14151,10483
14241,10484
14989,10485
14572,10486
15748,10487
15774,10488
14567,10489
16087,10490
10794,10491
16503,10492
16528,10493
15017,10494
16771,10495
10953,10496
15456,10497
16776,10498
15490,10499
1702,10500
13930,10501
17279,10502
1739,10503
16778,10504
1740,10505
1745,10506
13680,10507
17591,10508
17739,10509
11813,10510
18044,10511
18500,10512
18535,10513
11842,10514
1867,10515
12838,10516
18781,10517
18837,10518
18857,10519
19130,10520
20004,10521
20006,10522
20098,10523
18229,10524
20447,10525
12594,10526
20459,10527
20803,10528
1027,10529
20808,10530
21264,10531
21269,10532
12983,10533
21431,10534
21555,10535
18537,10536
21251,10537
22374,10538
16208,10539
22516,10540
10111,10541
22604,10542
12057,10543
22642,10544
18067,10545
22960,10546
22969,10547
22982,10548
22984,10549
22995,10550
23372,10551
23499,10552
23836,10553
23837,10554
22096,10555
16089,10556
1738,10557
10236,10558
21546,10559
13933,10560
16495,10561
22284,10562
23839,10563
23870,10564
17251,10565
15332,10566
24084,10567
24119,10568
11554,10569
13431,10570
24236,10571
10116,10572
23226,10573
13103,10574
2462,10575
2582,10576
23820,10577
21249,10578
12595,10579
13782,10580
2463,10581
23265,10582
17740,10583
301,10584
1704,10585
15488,10586
11809,10587
3143,10588
12342,10589
14185,10590
3173,10591
13097,10592
23137,10593
3784,10594
23706,10595
3842,10596
20938,10597
21293,10598
3882,10599
10920,10600
1651,10601
3988,10602
15214,10603
3996,10604
14436,10605
451,10606
12848,10607
4548,10608
17742,10609
18843,10610
4589,10611
21520,10612
12307,10613
15477,10614
11820,10615
2342,10616
4862,10617
21996,10618
17861,10619
12551,10620
5250,10621
20142,10622
5291,10623
15255,10624
15455,10625
3064,10626
5401,10627
5207,10628
5524,10629
5563,10630
11759,10631
14818,10632
4918,10633
5869,10634
5872,10635
5951,10636
21789,10637
11826,10638
5996,10639
19127,10640
5997,10641
10233,10642
13641,10643
14478,10644
20136,10645
22964,10646
6090,10647
18056,10648
18855,10649
16500,10650
16088,10651
302,10652
2421,10653
11550,10654
23855,10655
2589,10656
6101,10657
15973,10658
16137,10659
21440,10660
4933,10661
17103,10662
23711,10663
15596,10664
16350,10665
16449,10666
17201,10667
15579,10668
21130,10669
6104,10670
3091,10671
6105,10672
2357,10673
6638,10674
20937,10675
18869,10676
6680,10677
1699,10678
6789,10679
3079,10680
7016,10681
7321,10682
23497,10683
4253,10684
7480,10685
4479,10686
15390,10687
7504,10688
12655,10689
7505,10690
22112,10691
7981,10692
8139,10693
13449,10694
15772,10695
13446,10696
18408,10697
307,10698
23228,10699
12306,10700
8162,10701
1624,10702
8187,10703
18849,10704
8665,10705
8741,10706
5400,10707
19828,10708
5953,10709
19340,10710
16489,10711
8748,10712
18300,10713
18505,10714
10739,10715
6132,10716
16498,10717
8868,10718
3789,10719
10170,10720
7296,10721
2091,10722
4145,10723
22005,10724
4853,10725
14139,10726
5554,10727
13347,10728
14819,10729
15669,10730
8893,10731
22144,10732
8899,10733
903,10734
11459,10735
3046,10736
10052,10737
12583,10738
1598,10739
1577,10740
904,10741
17649,10742
1603,10743
16287,10744
2343,10745
19589,10746
11404,10747
6560,10748
9065,10749
920,10750
18751,10751
21909,10752
22852,10753
22762,10754
22878,10755
23620,10756
23736,10757
12445,10758
4213,10759
933,10760
19548,10761
18659,10762
20346,10763
19463,10764
14137,10765
20261,10766
13345,10767
21902,10768
4212,10769
4754,10770
9424,10771
10919,10772
13642,10773
15262,10774
16890,10775
12054,10776
19338,10777
15752,10778
5634,10779
5560,10780
3517,10781
3443,10782
15693,10783
4151,10784
14933,10785
13237,10786
17086,10787
20247,10788
22754,10789
20334,10790
3505,10791
4921,10792
9430,10793
17523,10794
10267,10795
14694,10796
11424,10797
16903,10798
10040,10799
11016,10800
1350,10801
22986,10802
5168,10803
11472,10804
11649,10805
14953,10806
15504,10807
14743,10808
13307,10809
15558,10810
21713,10811
22059,10812
20158,10813
21704,10814
3011,10815
3327,10816
11108,10817
6556,10818
6583,10819
11377,10820
848,10821
2943,10822
6053,10823
8909,10824
7663,10825
9102,10826
12284,10827
18978,10828
2135,10829
18496,10830
15705,10831
15805,10832
16317,10833
22196,10834
3399,10835
23745,10836
3400,10837
22034,10838
3403,10839
3972,10840
4818,10841
5522,10842
21181,10843
21024,10844
564,10845
6224,10846
20378,10847
4123,10848
6337,10849
17300,10850
12674,10851
17070,10852
2001,10853
17267,10854
21307,10855
23587,10856
12645,10857
2722,10858
15006,10859
4110,10860
21309,10861
4111,10862
20481,10863
5527,10864
23882,10865
558,10866
11852,10867
415,10868
14230,10869
13229,10870
18637,10871
17239,10872
1149,10873
22104,10874
22958,10875
18835,10876
23603,10877
23810,10878
17592,10879
23822,10880
10911,10881
12606,10882
13399,10883
16486,10884
12990,10885
3278,10886
14189,10887
11811,10888
17237,10889
16841,10890
1019,10891
24127,10892
18538,10893
4588,10894
16952,10895
22410,10896
3794,10897
4698,10898
5908,10899
6454,10900
1961,10901
17983,10902
5723,10903
22694,10904
18782,10905
561,10906
23584,10907
15768,10908
6728,10909
4501,10910
22003,10911
2749,10912
21150,10913
1310,10914
2028,10915
21175,10916
22028,10917
11650,10918
19537,10919
7596,10920
22032,10921
21026,10922
20224,10923
17264,10924
7598,10925
8279,10926
19580,10927
22730,10928
21878,10929
7699,10930
8282,10931
12651,10932
8844,10933
23021,10934
18630,10935
19660,10936
10904,10937
14991,10938
21032,10939
2112,10940
14988,10941
21295,10942
567,10943
18866,10944
418,10945
20470,10946
7697,10947
13422,10948
17590,10949
6681,10950
11510,10951
14423,10952
5251,10953
8847,10954
4252,10955
3544,10956
15747,10957
16839,10958
10110,10959
17528,10960
16243,10961
4957,10962
9550,10963
13632,10964
15384,10965
4495,10966
23716,10967
1306,10968
17957,10969
4044,10970
5553,10971
22881,10972
587,10973
23739,10974
12444,10975
14028,10976
17847,10977
19447,10978
14909,10979
20335,10980
4210,10981
9575,10982
23865,10983
9680,10984
8997,10985
13443,10986
1848,10987
15010,10988
14808,10989
15756,10990
19433,10991
2004,10992
22148,10993
2573,10994
23867,10995
23007,10996
3275,10997
14223,10998
11845,10999
17252,11000
12196,11001
3545,11002
1850,11003
19673,11004
20472,11005
5290,11006
11511,11007
23997,11008
13040,11009
985,11010
16241,11011
20439,11012
428,11013
19640,11014
15731,11015
22095,11016
18409,11017
9423,11018
4699,11019
20626,11020
17644,11021
15970,11022
1376,11023
2747,11024
22856,11025
2026,11026
13348,11027
21906,11028
14140,11029
15577,11030
13236,11031
14029,11032
17179,11033
12468,11034
17937,11035
14054,11036
16423,11037
21127,11038
3418,11039
3503,11040
21081,11041
21980,11042
20279,11043
4309,11044
3963,11045
5020,11046
14949,11047
19603,11048
8289,11049
6236,11050
1526,11051
9974,11052
10306,11053
10308,11054
1224,11055
12395,11056
14079,11057
17910,11058
1941,11059
19508,11060
20310,11061
2215,11062
1949,11063
21964,11064
2673,11065
3358,11066
17908,11067
5482,11068
18706,11069
2053,11070
17159,11071
6185,11072
18708,11073
18685,11074
19760,11075
7562,11076
20306,11077
4175,11078
20320,11079
7670,11080
8241,11081
19512,11082
3465,11083
17920,11084
2039,11085
17369,11086
8353,11087
8940,11088
19509,11089
8942,11090
21111,11091
615,11092
12516,11093
9039,11094
19783,11095
13867,11096
18954,11097
11998,11098
15877,11099
15559,11100
19282,11101
15104,11102
15842,11103
21013,11104
13359,11105
7042,11106
17321,11107
1980,11108
17982,11109
14805,11110
15564,11111
16513,11112
416,11113
12642,11114
18639,11115
14205,11116
20233,11117
22976,11118
1858,11119
17244,11120
16493,11121
13389,11122
20007,11123
23599,11124
15740,11125
2461,11126
18326,11127
2579,11128
19650,11129
18845,11130
21241,11131
15333,11132
6093,11133
8160,11134
23135,11135
16144,11136
20616,11137
18749,11138
15525,11139
22765,11140
19550,11141
21060,11142
21171,11143
21912,11144
22024,11145
22755,11146
16333,11147
16335,11148
21050,11149
19536,11150
14843,11151
17931,11152
4065,11153
21106,11154
4649,11155
10996,11156
4895,11157
536,11158
5623,11159
11675,11160
19533,11161
5624,11162
21933,11163
20331,11164
17878,11165
10496,11166
3962,11167
1428,11168
18794,11169
20402,11170
21862,11171
19410,11172
22044,11173
6171,11174
22692,11175
4773,11176
18702,11177
2776,11178
2857,11179
6191,11180
21959,11181
3468,11182
13310,11183
11504,11184
16592,11185
17343,11186
10353,11187
11914,11188
12561,11189
6192,11190
6921,11191
10367,11192
5099,11193
374,11194
2895,11195
10880,11196
706,11197
3255,11198
2877,11199
22697,11200
22905,11201
4303,11202
15712,11203
17809,11204
13202,11205
2102,11206
4803,11207
5504,11208
11773,11209
723,11210
7571,11211
14155,11212
7736,11213
16937,11214
8252,11215
15708,11216
7568,11217
1385,11218
14009,11219
8296,11220
2104,11221
21860,11222
19409,11223
14100,11224
6277,11225
11721,11226
5570,11227
12513,11228
11098,11229
11696,11230
16403,11231
17155,11232
12488,11233
12700,11234
19298,11235
13491,11236
4109,11237
11862,11238
10207,11239
16523,11240
17274,11241
22165,11242
20804,11243
1026,11244
5518,11245
11863,11246
6910,11247
14242,11248
6768,11249
15773,11250
22170,11251
14238,11252
13778,11253
2467,11254
21522,11255
6815,11256
15016,11257
8417,11258
17051,11259
22802,11260
2780,11261
15706,11262
10359,11263
8892,11264
8971,11265
22897,11266
7591,11267
8275,11268
8346,11269
4868,11270
6295,11271
5571,11272
6981,11273
10418,11274
11104,11275
23027,11276
23888,11277
8980,11278
11032,11279
7693,11280
9525,11281
22167,11282
22156,11283
414,11284
21301,11285
12432,11286
16323,11287
15743,11288
10905,11289
17249,11290
11832,11291
18050,11292
23598,11293
23846,11294
6776,11295
18848,11296
18049,11297
23844,11298
8147,11299
19654,11300
20453,11301
9634,11302
11700,11303
1337,11304
11724,11305
9041,11306
16618,11307
9636,11308
13286,11309
617,11310
23103,11311
9676,11312
11769,11313
3408,11314
5525,11315
16516,11316
4691,11317
21298,11318
12436,11319
12604,11320
19439,11321
18036,11322
22746,11323
13393,11324
3985,11325
18038,11326
23819,11327
22950,11328
20807,11329
8860,11330
11806,11331
12599,11332
21240,11333
9723,11334
15861,11335
16940,11336
18485,11337
14321,11338
16188,11339
17362,11340
10342,11341
16570,11342
20880,11343
17341,11344
14346,11345
17688,11346
15084,11347
15841,11348
16557,11349
21183,11350
21389,11351
22242,11352
15111,11353
22244,11354
23449,11355
4812,11356
21184,11357
5668,11358
11035,11359
22040,11360
6217,11361
22037,11362
23583,11363
6903,11364
22036,11365
17073,11366
16320,11367
19682,11368
10896,11369
22160,11370
14016,11371
12638,11372
18626,11373
21291,11374
2574,11375
5534,11376
23003,11377
10215,11378
21289,11379
2114,11380
11837,11381
6332,11382
17258,11383
16501,11384
7022,11385
1266,11386
22038,11387
7027,11388
539,11389
21188,11390
8261,11391
21187,11392
3406,11393
20219,11394
15765,11395
6772,11396
16517,11397
14020,11398
12608,11399
14021,11400
17836,11401
20441,11402
10225,11403
22106,11404
22962,11405
11802,11406
12988,11407
8151,11408
23824,11409
21253,11410
14181,11411
8849,11412
23005,11413
3543,11414
9083,11415
9656,11416
22041,11417
557,11418
5523,11419
22164,11420
1134,11421
19684,11422
19431,11423
17254,11424
21881,11425
12635,11426
10902,11427
14220,11428
13428,11429
14215,11430
20806,11431
2576,11432
15751,11433
14992,11434
22133,11435
19211,11436
3417,11437
14993,11438
1142,11439
13427,11440
14219,11441
13423,11442
8742,11443
20732,11444
19339,11445
6786,11446
14433,11447
9669,11448
21185,11449
21021,11450
4825,11451
13444,11452
10209,11453
14236,11454
17830,11455
21884,11456
18070,11457
2725,11458
18058,11459
1855,11460
22997,11461
23857,11462
21278,11463
16840,11464
1021,11465
3145,11466
16995,11467
9529,11468
23010,11469
9763,11470
14285,11471
2702,11472
19584,11473
2706,11474
20383,11475
22725,11476
9681,11477
15761,11478
5394,11479
15002,11480
16325,11481
18046,11482
22740,11483
22977,11484
23606,11485
22123,11486
6092,11487
23842,11488
11828,11489
14180,11490
14571,11491
303,11492
13096,11493
4491,11494
6778,11495
8855,11496
22979,11497
22120,11498
13388,11499
21660,11500
1022,11501
16953,11502
2369,11503
12247,11504
9992,11505
23128,11506
13979,11507
5608,11508
9981,11509
18605,11510
6301,11511
13280,11512
15089,11513
12295,11514
15846,11515
16596,11516
21737,11517
23447,11518
4269,11519
12743,11520
7586,11521
23044,11522
7714,11523
7037,11524
8383,11525
6223,11526
23906,11527
3976,11528
18091,11529
8384,11530
8982,11531
23907,11532
9076,11533
11043,11534
16529,11535
1844,11536
15779,11537
15022,11538
16524,11539
12189,11540
2468,11541
16012,11542
10350,11543
21752,11544
12851,11545
8801,11546
19040,11547
13216,11548
11116,11549
13995,11550
16464,11551
11632,11552
14010,11553
15707,11554
3367,11555
19608,11556
12399,11557
11605,11558
16463,11559
518,11560
10430,11561
11695,11562
19567,11563
9673,11564
8990,11565
7011,11566
18620,11567
17820,11568
11714,11569
14076,11570
12506,11571
14865,11572
13301,11573
15625,11574
14094,11575
16377,11576
14884,11577
17129,11578
15000,11579
10897,11580
13434,11581
12435,11582
14019,11583
21257,11584
23601,11585
12613,11586
10909,11587
14198,11588
13406,11589
23829,11590
8150,11591
22111,11592
21256,11593
16485,11594
21656,11595
10800,11596
9539,11597
13405,11598
14197,11599
17236,11600
22512,11601
9674,11602
17278,11603
8841,11604
1177,11605
11827,11606
12622,11607
1354,11608
1367,11609
13743,11610
14206,11611
14207,11612
15021,11613
15300,11614
10141,11615
15738,11616
16229,11617
16506,11618
1691,11619
17210,11620
17257,11621
17866,11622
1789,11623
15254,11624
18031,11625
18040,11626
18385,11627
18830,11628
18836,11629
18840,11630
18865,11631
18878,11632
19641,11633
13387,11634
19663,11635
19670,11636
18054,11637
19922,11638
10260,11639
19979,11640
20437,11641
19638,11642
20465,11643
20696,11644
20721,11645
10946,11646
2083,11647
20900,11648
21267,11649
21270,11650
21292,11651
21623,11652
21751,11653
15961,11654
22093,11655
17563,11656
22101,11657
21246,11658
22094,11659
22132,11660
22138,11661
22401,11662
19344,11663
14203,11664
22741,11665
14979,11666
10908,11667
13409,11668
14201,11669
12592,11670
20779,11671
1068,11672
13098,11673
21544,11674
22949,11675
22973,11676
23028,11677
23252,11678
1890,11679
20464,11680
23338,11681
2349,11682
23630,11683
23841,11684
23809,11685
19980,11686
23845,11687
13415,11688
14533,11689
1074,11690
23851,11691
23884,11692
17829,11693
21031,11694
21283,11695
21882,11696
18858,11697
23860,11698
23897,11699
23904,11700
23035,11701
23905,11702
23043,11703
22175,11704
12948,11705
2410,11706
1183,11707
22603,11708
22985,11709
2338,11710
24116,11711
10945,11712
18862,11713
24199,11714
24200,11715
2512,11716
19100,11717
20106,11718
17490,11719
2575,11720
19665,11721
2577,11722
13425,11723
2835,11724
1141,11725
2113,11726
22142,11727
20457,11728
2838,11729
3153,11730
3209,11731
19928,11732
15489,11733
22098,11734
3284,11735
349,11736
12889,11737
11552,11738
16200,11739
17474,11740
22122,11741
350,11742
14685,11743
24120,11744
21790,11745
17260,11746
3541,11747
11834,11748
23337,11749
3210,11750
24124,11751
13929,11752
3854,11753
1784,11754
21542,11755
2612,11756
15754,11757
3855,11758
1783,11759
19132,11760
21786,11761
13394,11762
3918,11763
3919,11764
18333,11765
11548,11766
18059,11767
10903,11768
20462,11769
3920,11770
24126,11771
16994,11772
18037,11773
2587,11774
3992,11775
19813,11776
4250,11777
432,11778
12052,11779
433,11780
14431,11781
4487,11782
4499,11783
4550,11784
23498,11785
12620,11786
456,11787
4561,11788
3215,11789
20695,11790
18507,11791
16737,11792
4563,11793
2506,11794
20727,11795
14727,11796
21244,11797
3991,11798
16721,11799
462,11800
17243,11801
4623,11802
16955,11803
18327,11804
13141,11805
18066,11806
4624,11807
16204,11808
22398,11809
4471,11810
4626,11811
1154,11812
23262,11813
20935,11814
18834,11815
3792,11816
4700,11817
15967,11818
14623,11819
19026,11820
4706,11821
4728,11822
14983,11823
4927,11824
19468,11825
17971,11826
20266,11827
18770,11828
21051,11829
4955,11830
18864,11831
19657,11832
1708,11833
20039,11834
12303,11835
23256,11836
11555,11837
3774,11838
5150,11839
2339,11840
14172,11841
3041,11842
5262,11843
3924,11844
24083,11845
22605,11846
15979,11847
16888,11848
24006,11849
1954,11850
22918,11851
5263,11852
20841,11853
15450,11854
18215,11855
5326,11856
24114,11857
1178,11858
20446,11859
2590,11860
3764,11861
23405,11862
3071,11863
2805,11864
21066,11865
2084,11866
21918,11867
20369,11868
22771,11869
19571,11870
5328,11871
21550,11872
16997,11873
11805,11874
4701,11875
13637,11876
3229,11877
5205,11878
17952,11879
2032,11880
22851,11881
2753,11882
22876,11883
5633,11884
3444,11885
4930,11886
19461,11887
17203,11888
20258,11889
16451,11890
17845,11891
5656,11892
5657,11893
5894,11894
5944,11895
17707,11896
3060,11897
3311,11898
22125,11899
596,11900
22023,11901
6086,11902
18079,11903
20231,11904
11846,11905
23590,11906
19667,11907
5533,11908
23866,11909
10214,11910
6089,11911
18060,11912
18859,11913
22991,11914
18384,11915
4625,11916
1152,11917
12846,11918
13829,11919
16728,11920
17950,11921
22409,11922
20933,11923
6102,11924
6200,11925
6259,11926
20347,11927
16351,11928
14931,11929
17104,11930
15691,11931
15580,11932
13241,11933
4211,11934
641,11935
647,11936
18664,11937
20372,11938
22772,11939
19574,11940
11652,11941
17935,11942
654,11943
22760,11944
1374,11945
23618,11946
20371,11947
592,11948
19573,11949
14031,11950
16425,11951
6600,11952
6604,11953
6812,11954
18062,11955
7285,11956
7292,11957
7389,11958
21547,11959
19343,11960
22978,11961
7602,11962
14033,11963
640,11964
7977,11965
8009,11966
6020,11967
19103,11968
10266,11969
23890,11970
6107,11971
7970,11972
19249,11973
11411,11974
7550,11975
6984,11976
8158,11977
8188,11978
15770,11979
8366,11980
8376,11981
21277,11982
4562,11983
2507,11984
3285,11985
19014,11986
16901,11987
17465,11988
21995,11989
19464,11990
21142,11991
21063,11992
16448,11993
21915,11994
17200,11995
14821,11996
12452,11997
17087,11998
2075,11999
2796,12000
3504,12001
7536,12002
7606,12003
856,12004
8654,12005
23753,12006
11403,12007
8610,12008
8661,12009
12246,12010
6607,12011
13183,12012
3518,12013
17031,12014
19458,12015
5635,12016
20255,12017
14932,12018
21056,12019
15692,12020
12446,12021
13238,12022
13239,12023
1361,12024
14829,12025
14831,12026
2076,12027
22834,12028
899,12029
16904,12030
1602,12031
2676,12032
21949,12033
4460,12034
10272,12035
10273,12036
10958,12037
13059,12038
16402,12039
18642,12040
18003,12041
20055,12042
23571,12043
23771,12044
11468,12045
21421,12046
3705,12047
4193,12048
5446,12049
471,12050
16396,12051
5483,12052
8349,12053
8603,12054
7178,12055
10657,12056
10590,12057
13189,12058
18703,12059
19389,12060
1939,12061
14869,12062
1940,12063
1950,12064
16381,12065
20307,12066
21109,12067
2674,12068
22813,12069
4782,12070
21105,12071
505,12072
11118,12073
5478,12074
18705,12075
616,12076
20319,12077
6178,12078
23671,12079
618,12080
17919,12081
6186,12082
17905,12083
4174,12084
14103,12085
6273,12086
13543,12087
8231,12088
21958,12089
1338,12090
16405,12091
8240,12092
14078,12093
3467,12094
13522,12095
8605,12096
7427,12097
6374,12098
14363,12099
6445,12100
2150,12101
528,12102
17981,12103
866,12104
1543,12105
19369,12106
8352,12107
876,12108
7927,12109
6885,12110
18787,12111
8957,12112
15629,12113
18686,12114
23110,12115
8999,12116
15584,12117
19451,12118
6314,12119
22788,12120
17173,12121
6922,12122
7683,12123
23646,12124
16421,12125
7898,12126
8367,12127
16356,12128
15664,12129
13264,12130
2153,12131
17672,12132
2876,12133
15709,12134
16293,12135
22058,12136
22899,12137
9457,12138
19897,12139
5408,12140
1619,12141
7506,12142
23828,12143
9532,12144
18063,12145
23863,12146
22131,12147
2431,12148
3211,12149
8870,12150
20615,12151
9577,12152
13408,12153
9642,12154
17907,12155
5584,12156
18717,12157
11093,12158
11973,12159
989,12160
8072,12161
15447,12162
4481,12163
13836,12164
5187,12165
20352,12166
10327,12167
22817,12168
2663,12169
23675,12170
2748,12171
17955,12172
1309,12173
12549,12174
3466,12175
11723,12176
590,12177
11757,12178
20246,12179
14030,12180
18645,12181
15668,12182
23645,12183
18728,12184
2797,12185
14055,12186
19532,12187
5950,12188
20939,12189
14224,12190
6849,12191
375,12192
6180,12193
22812,12194
3469,12195
6959,12196
17367,12197
7058,12198
16183,12199
4991,12200
8290,12201
4391,12202
20063,12203
9530,12204
13432,12205
6333,12206
20456,12207
9683,12208
18733,12209
13263,12210
17930,12211
15606,12212
8457,12213
7445,12214
3370,12215
7735,12216
11492,12217
7057,12218
14787,12219
19498,12220
21008,12221
4179,12222
21190,12223
1265,12224
7666,12225
10411,12226
16439,12227
6244,12228
14678,12229
4960,12230
18908,12231
21333,12232
5384,12233
2101,12234
1274,12235
1989,12236
1272,12237
12652,12238
1990,12239
2712,12240
16518,12241
4819,12242
5520,12243
21305,12244
10210,12245
23020,12246
11637,12247
22731,12248
22145,12249
23591,12250
23862,12251
420,12252
18861,12253
19666,12254
19658,12255
555,12256
20480,12257
5658,12258
419,12259
5964,12260
21692,12261
16957,12262
21543,12263
5183,12264
6913,12265
6228,12266
22161,12267
7776,12268
22902,12269
22912,12270
23574,12271
22715,12272
18788,12273
6928,12274
20403,12275
21009,12276
23572,12277
15649,12278
12489,12279
14889,12280
11697,12281
19520,12282
13282,12283
14075,12284
14888,12285
20318,12286
15624,12287
7701,12288
17698,12289
15802,12290
2710,12291
21313,12292
16197,12293
17272,12294
15013,12295
20484,12296
6911,12297
16521,12298
7597,12299
18883,12300
6084,12301
23889,12302
21312,12303
14237,12304
7326,12305
8074,12306
20697,12307
6108,12308
8140,12309
15012,12310
20485,12311
11860,12312
6643,12313
7391,12314
8850,12315
3542,12316
20466,12317
18853,12318
5264,12319
6702,12320
15449,12321
22399,12322
5884,12323
19246,12324
23131,12325
10328,12326
10432,12327
10404,12328
13573,12329
19278,12330
20991,12331
18780,12332
14014,12333
22249,12334
15893,12335
12776,12336
20878,12337
12752,12338
12738,12339
15099,12340
16941,12341
12731,12342
12764,12343
17322,12344
17684,12345
15837,12346
16617,12347
11025,12348
1837,12349
19288,12350
19750,12351
20551,12352
10356,12353
17211,12354
20891,12355
11940,12356
2117,12357
1259,12358
21186,12359
21867,12360
11768,12361
22039,12362
22218,12363
23104,12364
23444,12365
23961,12366
23966,12367
10355,12368
12559,12369
15050,12370
1267,12371
11767,12372
2696,12373
22035,12374
2703,12375
16458,12376
2716,12377
21020,12378
11859,12379
2720,12380
23880,12381
3410,12382
2719,12383
11850,12384
3411,12385
4119,12386
15001,12387
4268,12388
11961,12389
15436,12390
21363,12391
1981,12392
19581,12393
4962,12394
5664,12395
6209,12396
20380,12397
19423,12398
20220,12399
18078,12400
6888,12401
12560,12402
4117,12403
1996,12404
7460,12405
7700,12406
8262,12407
17985,12408
8845,12409
18877,12410
17828,12411
14995,12412
20227,12413
18061,12414
22732,12415
8146,12416
8985,12417
18784,12418
559,12419
2717,12420
12644,12421
8988,12422
21182,12423
17821,12424
18621,12425
14227,12426
8994,12427
16459,12428
6915,12429
6230,12430
9075,12431
12681,12432
2709,12433
11765,12434
4113,12435
12557,12436
21877,12437
19427,12438
4816,12439
14146,12440
2002,12441
1285,12442
17265,12443
551,12444
22886,12445
1284,12446
22729,12447
11851,12448
3273,12449
16515,12450
16324,12451
18035,12452
20237,12453
12598,12454
23604,12455
23818,12456
10912,12457
2584,12458
23814,12459
22954,12460
21239,12461
22477,12462
3279,12463
12600,12464
11807,12465
14179,12466
21622,12467
5516,12468
22885,12469
14807,12470
15566,12471
17263,12472
2571,12473
15760,12474
13227,12475
19436,12476
13411,12477
23600,12478
11823,12479
10222,12480
22974,12481
23833,12482
23834,12483
14178,12484
24198,12485
1070,12486
23254,12487
10259,12488
12616,12489
2580,12490
21263,12491
22118,12492
11798,12493
23336,12494
351,12495
552,12496
12556,12497
13223,12498
14015,12499
13435,12500
6088,12501
12643,12502
14813,12503
15571,12504
19441,12505
21243,12506
1150,12507
22119,12508
10221,12509
22953,12510
22981,12511
23813,12512
23838,12513
18045,12514
19635,12515
5963,12516
7020,12517
7463,12518
8149,12519
22115,12520
21260,12521
13386,12522
18383,12523
1785,12524
14688,12525
1635,12526
8161,12527
8381,12528
19440,12529
21040,12530
14186,12531
21893,12532
19651,12533
10220,12534
22099,12535
429,12536
5397,12537
8846,12538
11848,12539
12434,12540
14200,12541
19437,12542
19647,12543
2581,12544
21259,12545
22114,12546
12591,12547
19186,12548
6094,12549
12615,12550
11822,12551
11799,12552
916,12553
9536,12554
9552,12555
3076,12556
20042,12557
2354,12558
13976,12559
14770,12560
1985,12561
9762,12562
9082,12563
1262,12564
12704,12565
16460,12566
3397,12567
17212,12568
6229,12569
6914,12570
13442,12571
8142,12572
14234,12573
18631,12574
19434,12575
14998,12576
2116,12577
3274,12578
21294,12579
22149,12580
12627,12581
20778,12582
1069,12583
10921,12584
3780,12585
4832,12586
20469,12587
10900,12588
22147,12589
23006,12590
18053,12591
19185,12592
5252,12593
22641,12594
5327,12595
16202,12596
24118,12597
13934,12598
5193,12599
11454,12600
8848,12601
16509,12602
12639,12603
18852,12604
9841,12605
9510,12606
9160,12607
17043,12608
16290,12609
23760,12610
4239,12611
9820,12612
402,12613
9139,12614
13203,12615
11775,12616
20993,12617
19596,12618
1971,12619
2145,12620
1253,12621
18002,12622
20207,12623
13996,12624
2693,12625
18790,12626
4944,12627
11022,12628
6207,12629
19590,12630
4810,12631
5511,12632
3486,12633
4161,12634
6214,12635
8268,12636
13360,12637
8345,12638
3454,12639
7662,12640
4869,12641
22166,12642
5572,12643
21311,12644
10894,12645
23026,12646
18874,12647
4690,12648
18075,12649
12433,12650
13226,12651
13417,12652
14810,12653
17247,12654
22126,12655
3277,12656
4694,12657
14984,12658
17248,12659
8148,12660
15742,12661
13416,12662
8972,12663
11023,12664
22896,12665
6907,12666
6222,12667
14152,12668
556,12669
1275,12670
18713,12671
18682,12672
9067,12673
9044,12674
17346,12675
13881,12676
14673,12677
15435,12678
15845,12679
15088,12680
11915,12681
10360,12682
12666,12683
16595,12684
18948,12685
18949,12686
19755,12687
15809,12688
3390,12689
11873,12690
1131,12691
23042,12692
4098,12693
21326,12694
546,12695
21327,12696
6216,12697
22182,12698
5389,12699
7023,12700
9675,12701
22181,12702
410,12703
19695,12704
9740,12705
17884,12706
13299,12707
19486,12708
11712,12709
20284,12710
14092,12711
9735,12712
5661,12713
4693,12714
18871,12715
17835,12716
22743,12717
16492,12718
22968,12719
1859,12720
18041,12721
23602,12722
18839,12723
10910,12724
20443,12725
19644,12726
23808,12727
16058,12728
10825,12729
426,12730
23827,12731
22967,12732
21238,12733
16811,12734
5243,12735
18506,12736
16713,12737
12254,12738
2616,12739
8775,12740
23425,12741
7236,12742
10681,12743
3694,12744
14598,12745
13822,12746
21556,12747
6138,12748
6552,12749
19264,12750
6554,12751
7238,12752
4402,12753
12223,12754
13029,12755
23266,12756
15484,12757
10684,12758
5817,12759
17663,12760
5115,12761
4409,12762
5108,12763
13016,12764
12236,12765
15265,12766
13925,12767
3005,12768
5113,12769
3698,12770
5299,12771
20060,12772
2283,12773
1563,12774
8592,12775
8701,12776
14610,12777
12892,12778
7512,12779
3006,12780
7337,12781
3155,12782
19935,12783
13927,12784
9312,12785
19265,12786
3004,12787
2281,12788
7229,12789
12337,12790
6553,12791
12267,12792
8601,12793
7918,12794
7909,12795
6654,12796
15370,12797
16780,12798
3931,12799
3000,12800
837,12801
7914,12802
16865,12803
3864,12804
19104,12805
16991,12806
8602,12807
3939,12808
9315,12809
9998,12810
6545,12811
2282,12812
5107,12813
17616,12814
4573,12815
18302,12816
16238,12817
9313,12818
20864,12819
9996,12820
1559,12821
18463,12822
839,12823
5815,12824
5809,12825
15357,12826
5275,12827
18301,12828
14724,12829
20853,12830
5839,12831
5137,12832
2994,12833
15358,12834
22539,12835
12893,12836
4724,12837
865,12838
18456,12839
2304,12840
18208,12841
2271,12842
17617,12843
23398,12844
16781,12845
2613,12846
1584,12847
17533,12848
1180,12849
18206,12850
22556,12851
5835,12852
5133,12853
9986,12854
16866,12855
11442,12856
3201,12857
3002,12858
11364,12859
5816,12860
3003,12861
5990,12862
9997,12863
5814,12864
12029,12865
12034,12866
9858,12867
10525,12868
2128,12869
4273,12870
22254,12871
2849,12872
22564,12873
22839,12874
8937,12875
9319,12876
11330,12877
11736,12878
17180,12879
643,12880
5625,12881
17943,12882
21137,12883
13324,12884
1364,12885
6174,12886
7545,12887
9620,12888
22843,12889
10688,12890
15529,12891
7218,12892
17661,12893
3511,12894
15531,12895
6173,12896
8938,12897
18743,12898
7686,12899
22841,12900
22845,12901
3510,12902
20344,12903
21988,12904
5627,12905
17946,12906
20861,12907
11600,12908
7240,12909
21989,12910
6317,12911
10645,12912
2078,12913
5628,12914
20343,12915
19541,12916
21992,12917
20338,12918
16285,12919
17037,12920
6172,12921
21993,12922
14912,12923
19263,12924
19543,12925
14772,12926
16284,12927
17039,12928
2080,12929
9280,12930
3507,12931
17181,12932
21986,12933
16282,12934
7922,12935
1365,12936
18742,12937
17940,12938
21987,12939
5626,12940
22347,12941
12862,12942
24060,12943
7916,12944
7235,12945
2995,12946
5271,12947
8710,12948
14480,12949
15485,12950
8599,12951
21715,12952
16023,12953
11547,12954
4407,12955
4646,12956
3699,12957
8597,12958
9304,12959
5972,12960
4575,12961
5813,12962
21716,12963
5111,12964
1557,12965
9987,12966
18423,12967
5277,12968
16022,12969
21782,12970
3847,12971
12072,12972
18280,12973
19081,12974
986,12975
992,12976
1391,12977
20934,12978
836,12979
19266,12980
1556,12981
10678,12982
828,12983
23390,12984
20865,12985
2278,12986
9993,12987
1548,12988
22530,12989
273,12990
16779,12991
23492,12992
3001,12993
5439,12994
7234,12995
11473,12996
4406,12997
5112,12998
5106,12999
21675,13000
2434,13001
19138,13002
14453,13003
12866,13004
19874,13005
23200,13006
12068,13007
24062,13008
19932,13009
15264,13010
22634,13011
9311,13012
22567,13013
9994,13014
10679,13015
11357,13016
20022,13017
3866,13018
4405,13019
5808,13020
20823,13021
1711,13022
13689,13023
20932,13024
5812,13025
20062,13026
3697,13027
4408,13028
7915,13029
10672,13030
19226,13031
3157,13032
17532,13033
16239,13034
3700,13035
17664,13036
1549,13037
13015,13038
1710,13039
12097,13040
6139,13041
840,13042
20061,13043
1560,13044
5114,13045
15263,13046
10682,13047
829,13048
13808,13049
2433,13050
22411,13051
13132,13052
9314,13053
22566,13054
11367,13055
20930,13056
838,13057
23426,13058
1558,13059
2279,13060
2272,13061
4569,13062
9392,13063
20734,13064
10643,13065
7217,13066
9963,13067
6532,13068
14373,13069
16655,13070
12003,13071
18980,13072
7820,13073
1321,13074
8501,13075
814,13076
10375,13077
5566,13078
17105,13079
21929,13080
14839,13081
2159,13082
18188,13083
7105,13084
21922,13085
2258,13086
5046,13087
6241,13088
1452,13089
2163,13090
20594,13091
9827,13092
17874,13093
12464,13094
22781,13095
18666,13096
11671,13097
18671,13098
7147,13099
10551,13100
2981,13101
19475,13102
9691,13103
17106,13104
18670,13105
4156,13106
17871,13107
17107,13108
713,13109
5030,13110
5737,13111
728,13112
21071,13113
11183,13114
14394,13115
1432,13116
7611,13117
19477,13118
12466,13119
11219,13120
1534,13121
7629,13122
3450,13123
21928,13124
24063,13125
22350,13126
23203,13127
12073,13128
9840,13129
10516,13130
2171,13131
11198,13132
8410,13133
6367,13134
7729,13135
13566,13136
1568,13137
23697,13138
6747,13139
16286,13140
8227,13141
8228,13142
10488,13143
19540,13144
1363,13145
4922,13146
644,13147
15312,13148
4612,13149
24082,13150
13145,13151
2882,13152
16165,13153
711,13154
1433,13155
4305,13156
18298,13157
17746,13158
20593,13159
10883,13160
19793,13161
22271,13162
3595,13163
17573,13164
1056,13165
24210,13166
337,13167
13678,13168
17745,13169
5031,13170
10196,13171
5735,13172
3610,13173
2871,13174
23701,13175
15533,13176
6858,13177
8226,13178
8453,13179
10002,13180
5368,13181
1437,13182
7441,13183
715,13184
5738,13185
19790,13186
23385,13187
10777,13188
19895,13189
14729,13190
21417,13191
14651,13192
13605,13193
15924,13194
21414,13195
17601,13196
9410,13197
22370,13198
22648,13199
19346,13200
7783,13201
10882,13202
8464,13203
6421,13204
20590,13205
6650,13206
10093,13207
12881,13208
8369,13209
23699,13210
4217,13211
17947,13212
21135,13213
4924,13214
11371,13215
10185,13216
14771,13217
6859,13218
8939,13219
2079,13220
11173,13221
1362,13222
6318,13223
19545,13224
18740,13225
17941,13226
13679,13227
13937,13228
1435,13229
9513,13230
2161,13231
2884,13232
22267,13233
21654,13234
10806,13235
3609,13236
2885,13237
19789,13238
14564,13239
8753,13240
21516,13241
12348,13242
4319,13243
8125,13244
4593,13245
14469,13246
16998,13247
714,13248
15411,13249
10502,13250
7106,13251
20589,13252
13775,13253
3010,13254
15671,13255
1434,13256
712,13257
4304,13258
18377,13259
10145,13260
12085,13261
21795,13262
10500,13263
8126,13264
10829,13265
21514,13266
13936,13267
15168,13268
7442,13269
15925,13270
16678,13271
2147,13272
24193,13273
710,13274
10198,13275
5732,13276
5028,13277
3594,13278
19178,13279
9461,13280
19099,13281
20944,13282
12812,13283
8368,13284
21133,13285
8823,13286
10989,13287
17038,13288
8229,13289
23696,13290
13323,13291
3508,13292
24018,13293
21458,13294
20644,13295
13648,13296
14349,13297
22481,13298
5318,13299
12821,13300
7555,13301
20304,13302
7566,13303
21104,13304
21087,13305
18953,13306
12289,13307
19759,13308
20560,13309
12826,13310
5488,13311
17903,13312
8235,13313
22811,13314
2056,13315
21394,13316
23438,13317
13567,13318
14357,13319
16623,13320
14579,13321
1730,13322
23971,13323
14350,13324
22504,13325
7373,13326
11017,13327
19506,13328
2176,13329
6868,13330
18701,13331
21940,13332
22248,13333
22581,13334
23109,13335
11988,13336
11496,13337
12779,13338
10455,13339
7724,13340
22470,13341
8785,13342
11208,13343
3361,13344
21957,13345
6196,13346
22810,13347
4885,13348
1741,13349
17817,13350
21093,13351
21136,13352
21864,13353
21946,13354
4888,13355
17304,13356
3971,13357
16554,13358
15804,13359
22199,13360
14570,13361
15047,13362
1840,13363
20517,13364
8382,13365
18103,13366
17576,13367
2486,13368
17942,13369
22716,13370
23657,13371
4804,13372
22799,13373
18690,13374
19497,13375
5591,13376
13492,13377
3264,13378
12701,13379
11910,13380
23061,13381
12215,13382
8718,13383
17945,13384
19411,13385
19420,13386
3476,13387
15046,13388
2562,13389
15803,13390
16553,13391
11895,13392
21621,13393
4627,13394
2694,13395
2801,13396
23575,13397
1347,13398
627,13399
17892,13400
11340,13401
2038,13402
2759,13403
7142,13404
8462,13405
15167,13406
10499,13407
6260,13408
6946,13409
21075,13410
23641,13411
20275,13412
21076,13413
15599,13414
16353,13415
22602,13416
19304,13417
4704,13418
18667,13419
19471,13420
2883,13421
17429,13422
3611,13423
7902,13424
730,13425
18502,13426
19303,13427
17703,13428
16354,13429
18672,13430
11670,13431
14049,13432
17872,13433
23639,13434
17868,13435
22775,13436
18669,13437
19473,13438
17873,13439
20273,13440
6538,13441
6463,13442
7782,13443
5029,13444
9145,13445
14840,13446
15600,13447
14841,13448
22783,13449
19474,13450
20272,13451
4864,13452
5565,13453
22780,13454
23638,13455
15601,13456
16355,13457
3287,13458
1156,13459
20101,13460
6537,13461
22778,13462
23636,13463
5407,13464
20102,13465
3288,13466
17875,13467
18673,13468
11672,13469
23642,13470
16687,13471
9823,13472
3608,13473
7102,13474
13259,13475
14052,13476
4157,13477
4865,13478
19476,13479
20274,13480
18251,13481
3103,13482
15225,13483
21455,13484
398,13485
4219,13486
10873,13487
1369,13488
10190,13489
5631,13490
2082,13491
399,13492
20271,13493
20876,13494
14668,13495
21926,13496
11493,13497
20269,13498
13080,13499
21074,13500
12539,13501
13188,13502
6857,13503
8230,13504
673,13505
2832,13506
6458,13507
4316,13508
5027,13509
2148,13510
23346,13511
2495,13512
14471,13513
13939,13514
3606,13515
8832,13516
18988,13517
700,13518
18392,13519
19237,13520
24091,13521
23505,13522
17428,13523
10197,13524
16677,13525
9824,13526
1422,13527
19193,13528
20033,13529
20700,13530
17747,13531
11182,13532
6754,13533
9143,13534
18818,13535
19620,13536
23792,13537
21222,13538
22077,13539
2110,13540
18819,13541
18020,13542
22301,13543
19839,13544
20637,13545
23793,13546
18019,13547
4317,13548
3607,13549
18985,13550
13001,13551
10094,13552
14472,13553
23506,13554
2160,13555
6069,13556
18189,13557
15412,13558
18989,13559
19794,13560
18185,13561
13794,13562
9411,13563
22378,13564
21794,13565
17425,13566
14582,13567
8729,13568
5945,13569
20144,13570
5736,13571
8830,13572
5032,13573
1436,13574
12394,13575
20366,13576
2660,13577
6861,13578
2901,13579
23154,13580
18247,13581
19047,13582
22081,13583
21226,13584
15715,13585
14956,13586
4952,13587
5654,13588
19624,13589
20423,13590
18022,13591
18821,13592
22936,13593
3540,13594
10305,13595
14924,13596
16283,13597
6862,13598
8507,13599
6068,13600
6420,13601
5734,13602
16673,13603
17583,13604
2473,13605
21525,13606
11556,13607
7104,13608
11181,13609
10498,13610
18184,13611
12979,13612
3888,13613
18304,13614
12350,13615
5733,13616
16919,13617
20701,13618
11557,13619
9826,13620
8831,13621
10501,13622
11184,13623
18984,13624
16832,13625
1750,13626
3538,13627
4246,13628
21224,13629
4951,13630
20420,13631
19621,13632
18021,13633
18820,13634
19623,13635
20422,13636
23795,13637
22935,13638
12852,13639
22302,13640
23152,13641
11604,13642
12540,13643
15532,13644
9625,13645
19619,13646
22076,13647
2376,13648
4510,13649
3097,13650
22075,13651
22930,13652
20418,13653
18017,13654
7136,13655
2158,13656
699,13657
22471,13658
9462,13659
24089,13660
23507,13661
9142,13662
10884,13663
2881,13664
4318,13665
7443,13666
9825,13667
9144,13668
1421,13669
2428,13670
8780,13671
19106,13672
13144,13673
20945,13674
6418,13675
7444,13676
8461,13677
7780,13678
2870,13679
21616,13680
10146,13681
18303,13682
1392,13683
2109,13684
671,13685
23790,13686
22932,13687
18817,13688
17489,13689
15218,13690
2374,13691
15217,13692
2880,13693
5729,13694
4314,13695
4313,13696
19542,13697
15113,13698
17371,13699
16428,13700
10448,13701
19544,13702
12767,13703
4216,13704
18187,13705
6422,13706
10503,13707
23533,13708
10451,13709
22397,13710
24110,13711
3837,13712
22676,13713
13170,13714
21824,13715
12374,13716
6724,13717
18572,13718
980,13719
24111,13720
22395,13721
7100,13722
1438,13723
7108,13724
13564,13725
9481,13726
13959,13727
15516,13728
20968,13729
11579,13730
23528,13731
13166,13732
2156,13733
11185,13734
9829,13735
9776,13736
23249,13737
1698,13738
23248,13739
20171,13740
18571,13741
20970,13742
22673,13743
13960,13744
21821,13745
12240,13746
17426,13747
4320,13748
8466,13749
23535,13750
13827,13751
14758,13752
17775,13753
17376,13754
19917,13755
20716,13756
19125,13757
18574,13758
20174,13759
17774,13760
13613,13761
10540,13762
15177,13763
9169,13764
17870,13765
18668,13766
1403,13767
4983,13768
14051,13769
21073,13770
12780,13771
21070,13772
21923,13773
8411,13774
22782,13775
23640,13776
17636,13777
19124,13778
14734,13779
18987,13780
3961,13781
19792,13782
20592,13783
5016,13784
19988,13785
11177,13786
21632,13787
2494,13788
973,13789
15492,13790
8465,13791
9512,13792
7784,13793
4321,13794
2886,13795
10494,13796
22487,13797
1771,13798
15258,13799
20953,13800
9828,13801
6752,13802
9147,13803
13068,13804
19275,13805
20070,13806
14456,13807
14449,13808
18284,13809
18243,13810
20972,13811
19086,13812
19883,13813
15994,13814
1833,13815
5728,13816
5024,13817
22268,13818
14583,13819
1725,13820
24113,13821
14732,13822
6416,13823
287,13824
23237,13825
19345,13826
5034,13827
6067,13828
6424,13829
11186,13830
16674,13831
13002,13832
1006,13833
12092,13834
18547,13835
10504,13836
10195,13837
11187,13838
9148,13839
15921,13840
12209,13841
18472,13842
19273,13843
3965,13844
24014,13845
21820,13846
21413,13847
17584,13848
2472,13849
6637,13850
21801,13851
15166,13852
3254,13853
15923,13854
16676,13855
7107,13856
7785,13857
17424,13858
12980,13859
3887,13860
22381,13861
16244,13862
6423,13863
8124,13864
10881,13865
2887,13866
716,13867
15164,13868
12185,13869
3178,13870
21531,13871
20951,13872
2164,13873
18473,13874
20870,13875
4674,13876
16751,13877
18283,13878
18286,13879
19372,13880
24012,13881
16675,13882
5371,13883
18986,13884
18186,13885
5719,13886
21617,13887
1794,13888
22394,13889
13151,13890
6753,13891
9146,13892
8463,13893
10493,13894
23331,13895
361,13896
13683,13897
22647,13898
2162,13899
11176,13900
22472,13901
1080,13902
16773,13903
13945,13904
3612,13905
14650,13906
4322,13907
5033,13908
3803,13909
16172,13910
16173,13911
17675,13912
19083,13913
5940,13914
9382,13915
19375,13916
4307,13917
3598,13918
8456,13919
5017,13920
22080,13921
21225,13922
6361,13923
11970,13924
22934,13925
23794,13926
13554,13927
14163,13928
13371,13929
10444,13930
20419,13931
18018,13932
19920,13933
19918,13934
18322,13935
13594,13936
11163,13937
12808,13938
3129,13939
13659,13940
20679,13941
19043,13942
13963,13943
19882,13944
22354,13945
13660,13946
978,13947
13686,13948
4547,13949
13596,13950
7766,13951
10482,13952
21451,13953
17024,13954
17527,13955
5948,13956
5248,13957
7765,13958
14385,13959
6403,13960
15993,13961
19084,13962
24065,13963
21822,13964
18245,13965
21540,13966
4545,13967
19122,13968
5917,13969
16665,13970
17415,13971
9805,13972
18282,13973
6630,13974
14455,13975
15519,13976
12746,13977
23340,13978
23402,13979
22382,13980
2688,13981
23666,13982
4792,13983
22808,13984
5589,13985
7041,13986
13878,13987
16606,13988
17357,13989
9089,13990
20881,13991
8400,13992
7719,13993
20557,13994
13790,13995
2453,13996
19115,13997
18592,13998
20188,13999
19504,14000
20302,14001
22792,14002
13684,14003
17901,14004
19395,14005
18699,14006
23650,14007
17361,14008
13877,14009
15103,14010
15860,14011
13538,14012
13769,14013
320,14014
3375,14015
19286,14016
4978,14017
5681,14018
15091,14019
23329,14020
9467,14021
24095,14022
2689,14023
2788,14024
4083,14025
2067,14026
4178,14027
7040,14028
11580,14029
1023,14030
18617,14031
20342,14032
4183,14033
6893,14034
18693,14035
19494,14036
12685,14037
15443,14038
11893,14039
17290,14040
23049,14041
13781,14042
14681,14043
15790,14044
15033,14045
23048,14046
16824,14047
3189,14048
20340,14049
5505,14050
22798,14051
6208,14052
23656,14053
21943,14054
16540,14055
13169,14056
15782,14057
5269,14058
10765,14059
18744,14060
10339,14061
20217,14062
2062,14063
2783,14064
20292,14065
20507,14066
16196,14067
18101,14068
13477,14069
16269,14070
14011,14071
21092,14072
21945,14073
1344,14074
20506,14075
8137,14076
19706,14077
18901,14078
23909,14079
24197,14080
1071,14081
3386,14082
645,14083
23534,14084
16756,14085
19080,14086
15996,14087
14384,14088
10480,14089
10481,14090
21478,14091
19067,14092
22331,14093
874,14094
16441,14095
21482,14096
24046,14097
3122,14098
23201,14099
19082,14100
14452,14101
14386,14102
8447,14103
7087,14104
10030,14105
17970,14106
15997,14107
19876,14108
13661,14109
12016,14110
13595,14111
7086,14112
4530,14113
24044,14114
23184,14115
15684,14116
9345,14117
16755,14118
14450,14119
12861,14120
3731,14121
17417,14122
15155,14123
9125,14124
19066,14125
960,14126
22328,14127
11748,14128
7005,14129
1370,14130
2806,14131
21141,14132
14348,14133
22777,14134
16620,14135
22779,14136
16352,14137
6362,14138
10447,14139
13258,14140
17509,14141
16752,14142
16754,14143
17385,14144
17386,14145
21404,14146
16822,14147
15313,14148
17574,14149
1594,14150
17602,14151
16851,14152
7333,14153
12865,14154
19877,14155
12070,14156
4280,14157
2855,14158
18967,14159
9346,14160
15238,14161
15995,14162
12863,14163
20572,14164
2133,14165
15885,14166
15326,14167
20001,14168
20800,14169
10029,14170
18281,14171
20672,14172
12067,14173
4439,14174
15884,14175
18965,14176
16635,14177
24194,14178
18378,14179
23332,14180
1119,14181
16166,14182
400,14183
2555,14184
16185,14185
15672,14186
18482,14187
18741,14188
23702,14189
14669,14190
17683,14191
2081,14192
2398,14193
23181,14194
24041,14195
13516,14196
15077,14197
14312,14198
15266,14199
16775,14200
17722,14201
17799,14202
12736,14203
17802,14204
16581,14205
17998,14206
18797,14207
17814,14208
12420,14209
16305,14210
18613,14211
18917,14212
18396,14213
1049,14214
19746,14215
22596,14216
18139,14217
18940,14218
18116,14219
22709,14220
23453,14221
15074,14222
15831,14223
19723,14224
19197,14225
10134,14226
19937,14227
23953,14228
13884,14229
18132,14230
18933,14231
14297,14232
21639,14233
23962,14234
21384,14235
20524,14236
19991,14237
17634,14238
19140,14239
1970,14240
12732,14241
24218,14242
2594,14243
330,14244
18338,14245
18601,14246
1872,14247
2361,14248
3782,14249
3899,14250
24130,14251
10925,14252
16297,14253
3555,14254
4261,14255
4605,14256
23267,14257
17803,14258
23091,14259
2599,14260
3073,14261
4967,14262
14676,14263
3552,14264
2841,14265
13507,14266
22494,14267
18433,14268
4970,14269
5195,14270
5247,14271
14709,14272
14782,14273
23098,14274
23992,14275
5673,14276
5949,14277
21851,14278
22239,14279
23488,14280
3083,14281
6803,14282
2351,14283
7031,14284
6347,14285
11925,14286
14550,14287
5307,14288
3838,14289
15544,14290
6114,14291
7708,14292
8164,14293
4489,14294
8101,14295
5896,14296
7252,14297
1588,14298
13961,14299
8389,14300
11505,14301
9080,14302
23354,14303
2487,14304
22413,14305
10239,14306
21002,14307
22283,14308
16145,14309
6348,14310
918,14311
924,14312
1936,14313
22086,14314
472,14315
6311,14316
6997,14317
4866,14318
17999,14319
9331,14320
9371,14321
20043,14322
19814,14323
13378,14324
10274,14325
11584,14326
22675,14327
2648,14328
21839,14329
1357,14330
3341,14331
4916,14332
6312,14333
637,14334
5567,14335
20399,14336
15551,14337
13208,14338
11939,14339
15552,14340
14306,14341
13091,14342
18491,14343
17331,14344
16580,14345
11124,14346
12170,14347
1764,14348
20213,14349
21375,14350
22230,14351
12716,14352
13760,14353
3190,14354
21558,14355
13198,14356
3300,14357
11427,14358
4264,14359
4644,14360
23132,14361
11659,14362
13168,14363
22911,14364
4677,14365
2122,14366
2844,14367
10440,14368
12965,14369
6998,14370
8363,14371
14847,14372
6327,14373
8620,14374
10368,14375
15588,14376
18000,14377
18799,14378
11621,14379
12415,14380
14792,14381
15834,14382
13883,14383
19416,14384
20547,14385
4747,14386
5619,14387
15607,14388
5648,14389
23578,14390
17055,14391
17057,14392
17332,14393
22719,14394
16587,14395
21740,14396
17338,14397
15080,14398
21357,14399
20790,14400
23100,14401
2559,14402
5306,14403
7032,14404
18492,14405
7937,14406
11661,14407
13247,14408
14039,14409
3905,14410
1055,14411
2493,14412
1587,14413
8727,14414
10092,14415
286,14416
23186,14417
2401,14418
22335,14419
10766,14420
12104,14421
15260,14422
15820,14423
19222,14424
20019,14425
20199,14426
20621,14427
19630,14428
10015,14429
20915,14430
20995,14431
16590,14432
20997,14433
20550,14434
21362,14435
23959,14436
18137,14437
18921,14438
20018,14439
24252,14440
10082,14441
19938,14442
16220,14443
12839,14444
22701,14445
18143,14446
2440,14447
21562,14448
20196,14449
20919,14450
2441,14451
23269,14452
15473,14453
17050,14454
22236,14455
3086,14456
3138,14457
13914,14458
18597,14459
13527,14460
20620,14461
3871,14462
20720,14463
17716,14464
20195,14465
13530,14466
4579,14467
20737,14468
17801,14469
18524,14470
22288,14471
4972,14472
5204,14473
5268,14474
5676,14475
6109,14476
1646,14477
6613,14478
7298,14479
18444,14480
7711,14481
8393,14482
8667,14483
11384,14484
21817,14485
2073,14486
4034,14487
2794,14488
17113,14489
665,14490
7253,14491
20966,14492
8719,14493
14485,14494
16973,14495
21435,14496
15385,14497
19822,14498
20248,14499
19602,14500
21849,14501
17337,14502
23527,14503
3031,14504
1907,14505
2074,14506
2308,14507
4126,14508
18001,14509
4917,14510
6237,14511
18800,14512
11618,14513
13998,14514
12737,14515
14000,14516
18944,14517
14674,14518
12735,14519
11944,14520
20888,14521
11946,14522
21014,14523
23965,14524
23078,14525
22528,14526
279,14527
22396,14528
23478,14529
14425,14530
23556,14531
13528,14532
4973,14533
20087,14534
4267,14535
3558,14536
23940,14537
23388,14538
9685,14539
10369,14540
11053,14541
16467,14542
17218,14543
12414,14544
11620,14545
19413,14546
19749,14547
19290,14548
18943,14549
18142,14550
20528,14551
18419,14552
22720,14553
23097,14554
3872,14555
3968,14556
5675,14557
23452,14558
3557,14559
4266,14560
19727,14561
20819,14562
3163,14563
12102,14564
17725,14565
2364,14566
7419,14567
15962,14568
18826,14569
14756,14570
21819,14571
2647,14572
17030,14573
3502,14574
4208,14575
4209,14576
19482,14577
20401,14578
4746,14579
2795,14580
20280,14581
21204,14582
15547,14583
12412,14584
15840,14585
21739,14586
15083,14587
14318,14588
18121,14589
20820,14590
1717,14591
21865,14592
22243,14593
18487,14594
21388,14595
23577,14596
23967,14597
20529,14598
7712,14599
19289,14600
7035,14601
6351,14602
18922,14603
21672,14604
8932,14605
3501,14606
16361,14607
1386,14608
21866,14609
13206,14610
13207,14611
14317,14612
16586,14613
17689,14614
15082,14615
15839,14616
20088,14617
15836,14618
15079,14619
20210,14620
22217,14621
5968,14622
8392,14623
22595,14624
6350,14625
7034,14626
15063,14627
998,14628
23272,14629
17798,14630
2591,14631
12045,14632
10171,14633
7935,14634
19070,14635
5233,14636
21480,14637
1024,14638
12192,14639
1697,14640
13119,14641
18118,14642
18340,14643
18945,14644
19936,14645
11609,14646
21560,14647
18525,14648
19019,14649
22214,14650
16086,14651
22416,14652
11538,14653
21850,14654
22627,14655
23102,14656
23270,14657
17726,14658
22704,14659
15076,14660
23375,14661
10797,14662
21559,14663
13989,14664
14308,14665
23561,14666
18141,14667
23957,14668
24133,14669
12330,14670
22702,14671
12733,14672
23996,14673
3384,14674
20553,14675
4090,14676
5201,14677
5899,14678
5902,14679
6610,14680
14624,14681
7295,14682
10700,14683
11385,14684
22671,14685
7487,14686
19017,14687
7713,14688
8047,14689
5249,14690
18520,14691
20197,14692
15081,14693
21433,14694
11453,14695
22286,14696
14170,14697
18569,14698
4745,14699
638,14700
6569,14701
7680,14702
14058,14703
13367,14704
8168,14705
19818,14706
9427,14707
12888,14708
16222,14709
18220,14710
12249,14711
23134,14712
14755,14713
18647,14714
23559,14715
22240,14716
3532,14717
8364,14718
9332,14719
11052,14720
11386,14721
1194,14722
4240,14723
5620,14724
6238,14725
12455,14726
23768,14727
6923,14728
22910,14729
19414,14730
11624,14731
12417,14732
18935,14733
20211,14734
13521,14735
13090,14736
15832,14737
15075,14738
20526,14739
21379,14740
21744,14741
22234,14742
19744,14743
19725,14744
21658,14745
24239,14746
305,14747
23250,14748
21000,14749
21382,14750
4712,14751
18218,14752
5379,14753
23093,14754
23955,14755
11927,14756
16837,14757
1742,14758
16025,14759
22707,14760
18134,14761
3299,14762
1638,14763
14630,14764
5885,14765
14757,14766
20429,14767
22674,14768
2629,14769
6313,14770
6999,14771
18677,14772
17219,14773
7535,14774
13182,14775
1358,14776
7681,14777
17879,14778
23770,14779
13205,14780
12413,14781
14316,14782
15548,14783
18609,14784
22593,14785
13526,14786
15838,14787
14298,14788
17588,14789
23964,14790
23451,14791
17335,14792
16584,14793
13508,14794
15330,14795
8217,14796
4915,14797
13265,14798
12570,14799
20209,14800
11622,14801
14790,14802
18942,14803
21385,14804
21741,14805
23963,14806
23101,14807
23075,14808
3261,14809
19748,14810
20549,14811
18919,14812
12986,14813
10113,14814
4092,14815
11936,14816
20893,14817
12727,14818
23095,14819
8287,14820
4945,14821
16300,14822
12416,14823
15833,14824
17053,14825
17339,14826
19412,14827
11942,14828
20089,14829
16583,14830
17334,14831
22594,14832
14314,14833
13524,14834
21359,14835
13780,14836
23450,14837
16588,14838
23937,14839
14569,14840
7364,14841
8394,14842
22592,14843
6352,14844
7036,14845
20527,14846
24240,14847
10112,14848
8744,14849
8745,14850
9426,14851
8052,14852
10121,14853
6686,14854
10698,14855
19861,14856
24038,14857
23178,14858
3724,14859
11610,14860
12099,14861
13745,14862
15067,14863
16577,14864
17318,14865
17566,14866
1072,14867
18136,14868
18610,14869
17811,14870
18937,14871
14295,14872
19739,14873
19743,14874
20540,14875
16568,14876
12155,14877
10139,14878
13692,14879
10241,14880
1630,14881
20717,14882
20718,14883
21004,14884
11932,14885
21853,14886
12729,14887
21868,14888
21870,14889
20544,14890
20894,14891
21377,14892
22232,14893
12714,14894
16061,14895
22238,14896
21742,14897
21383,14898
22722,14899
17329,14900
23564,14901
15827,14902
23566,14903
21373,14904
23960,14905
2510,14906
14483,14907
3213,14908
12896,14909
13195,14910
18138,14911
20090,14912
17330,14913
11938,14914
4715,14915
3769,14916
5331,14917
21539,14918
10927,14919
1628,14920
22708,14921
14303,14922
5417,14923
10741,14924
6111,14925
5883,14926
6796,14927
8693,14928
3922,14929
12895,14930
12404,14931
16578,14932
21745,14933
4004,14934
5888,14935
9078,14936
8011,14937
922,14938
9559,14939
4476,14940
20843,14941
5182,14942
23801,14943
868,14944
9761,14945
9759,14946
7328,14947
5330,14948
20719,14949
19325,14950
1640,14951
12250,14952
22703,14953
23099,14954
2359,14955
2628,14956
5617,14957
9330,14958
20170,14959
4914,14960
6261,14961
22055,14962
21018,14963
14003,14964
20214,14965
15070,14966
20092,14967
17328,14968
22228,14969
6078,14970
7572,14971
17324,14972
21746,14973
16573,14974
18930,14975
15818,14976
12950,14977
17641,14978
24128,14979
10931,14980
13199,14981
8618,14982
12375,14983
911,14984
22546,14985
18216,14986
10014,14987
11583,14988
11660,14989
17095,14990
22909,14991
23767,14992
3330,14993
5618,14994
7603,14995
21202,14996
21016,14997
11625,14998
12723,14999
16943,15000
23089,15001
23579,15002
13520,15003
19292,15004
14310,15005
21381,15006
13505,15007
15303,15008
1787,15009
23951,15010
11923,15011
16814,15012
353,15013
7936,15014
8362,15015
9686,15016
11054,15017
22054,15018
9003,15019
22907,15020
13211,15021
14797,15022
15553,15023
13513,15024
21019,15025
20537,15026
13093,15027
19736,15028
21368,15029
15439,15030
22223,15031
22225,15032
22599,15033
12722,15034
11931,15035
23084,15036
7026,15037
7706,15038
6645,15039
4629,15040
22412,15041
13992,15042
18129,15043
6119,15044
8387,15045
8692,15046
3923,15047
14481,15048
10932,15049
16714,15050
21858,15051
14302,15052
908,15053
17648,15054
2347,15055
21231,15056
16272,15057
21826,15058
4036,15059
3500,15060
4207,15061
3451,15062
19601,15063
5460,15064
17032,15065
4206,15066
4758,15067
3499,15068
6947,15069
13366,15070
7679,15071
4158,15072
20400,15073
10144,15074
360,15075
8778,15076
10484,15077
12809,15078
15158,15079
11166,15080
23969,15081
11669,15082
23635,15083
13535,15084
21072,15085
23637,15086
14838,15087
15598,15088
11954,15089
9085,15090
12465,15091
21927,15092
12959,15093
17575,15094
16823,15095
20736,15096
18323,15097
17534,15098
16018,15099
18339,15100
19123,15101
13694,15102
24129,15103
23268,15104
12894,15105
12100,15106
4546,15107
3196,15108
336,15109
1770,15110
21631,15111
9409,15112
10776,15113
1005,15114
14584,15115
22525,15116
13796,15117
12103,15118
3839,15119
12897,15120
12898,15121
13695,15122
14476,15123
19921,15124
14484,15125
22417,15126
23251,15127
22414,15128
24134,15129
24249,15130
17585,15131
16082,15132
16834,15133
2416,15134
22415,15135
19139,15136
20735,15137
12094,15138
16782,15139
19141,15140
21561,15141
24112,15142
24132,15143
23271,15144
7320,15145
7369,15146
10805,15147
9435,15148
14563,15149
20774,15150
19179,15151
19975,15152
23330,15153
16024,15154
18321,15155
14482,15156
13693,15157
12101,15158
12098,15159
15267,15160
21557,15161
19919,15162
21541,15163
22393,15164
13691,15165
10828,15166
1079,15167
9460,15168
8459,15169
3604,15170
2157,15171
3603,15172
15870,15173
5653,15174
23796,15175
11131,15176
1394,15177
22079,15178
4248,15179
12574,15180
11132,15181
11976,15182
2831,15183
672,15184
3195,15185
17635,15186
4610,15187
17513,15188
20681,15189
6631,15190
8002,15191
12077,15192
13669,15193
23205,15194
15999,15195
16758,15196
15241,15197
23204,15198
21499,15199
13102,15200
15453,15201
8163,15202
5315,15203
7481,15204
16206,15205
11513,15206
10775,15207
1724,15208
3166,15209
24066,15210
5241,15211
22353,15212
3831,15213
14460,15214
12079,15215
21504,15216
24064,15217
12872,15218
17515,15219
12868,15220
13671,15221
1726,15222
1032,15223
9434,15224
10804,15225
16004,15226
12870,15227
16002,15228
19880,15229
21503,15230
17510,15231
23209,15232
14458,15233
23207,15234
20680,15235
21501,15236
6632,15237
15452,15238
13101,15239
14691,15240
8754,15241
10827,15242
1793,15243
3219,15244
1795,15245
20677,15246
12075,15247
3830,15248
13666,15249
13667,15250
13665,15251
19881,15252
8001,15253
19087,15254
22355,15255
15242,15256
5240,15257
6792,15258
7482,15259
16963,15260
7756,15261
21410,15262
8436,15263
7079,15264
19752,15265
12372,15266
11941,15267
17772,15268
17022,15269
21387,15270
18939,15271
22677,15272
3904,15273
18434,15274
5312,15275
12074,15276
21502,15277
7316,15278
8686,15279
14459,15280
16003,15281
22352,15282
15240,15283
17511,15284
16000,15285
19085,15286
14457,15287
19039,15288
20635,15289
19837,15290
4613,15291
24009,15292
21446,15293
22299,15294
10091,15295
2447,15296
3875,15297
21500,15298
5942,15299
13668,15300
4539,15301
15244,15302
24069,15303
20683,15304
18285,15305
13670,15306
16762,15307
22351,15308
12873,15309
2449,15310
313,15311
8752,15312
10120,15313
15246,15314
16761,15315
16760,15316
20678,15317
20682,15318
16757,15319
22356,15320
12076,15321
12871,15322
15243,15323
24067,15324
7317,15325
13644,15326
21445,15327
14435,15328
9436,15329
10143,15330
2516,15331
3928,15332
2518,15333
19879,15334
17514,15335
4538,15336
21498,15337
12869,15338
12867,15339
16001,15340
8685,15341
23206,15342
23208,15343
17512,15344
5941,15345
18238,15346
20634,15347
19038,15348
18146,15349
13532,15350
15061,15351
24203,15352
22543,15353
5502,15354
17898,15355
9809,15356
20191,15357
18696,15358
21941,15359
20555,15360
20887,15361
13597,15362
18591,15363
21952,15364
20289,15365
14322,15366
22591,15367
11951,15368
12742,15369
18920,15370
12997,15371
8733,15372
21846,15373
21099,15374
16594,15375
23448,15376
17345,15377
15087,15378
23073,15379
14558,15380
1039,15381
22698,15382
22805,15383
8448,15384
17792,15385
23663,15386
21088,15387
15843,15388
15086,15389
17316,15390
24191,15391
10151,15392
18596,15393
19501,15394
6405,15395
19393,15396
20299,15397
22794,15398
16593,15399
13089,15400
18094,15401
17275,15402
22515,15403
304,15404
22844,15405
11633,15406
4097,15407
1346,15408
626,15409
5592,15410
16531,15411
3975,15412
18894,15413
22672,15414
3898,15415
21990,15416
12427,15417
4891,15418
8981,15419
17895,15420
3474,15421
20497,15422
4686,15423
19698,15424
22184,15425
18088,15426
16072,15427
20172,15428
11578,15429
15775,15430
5969,15431
5281,15432
18745,15433
13219,15434
2061,15435
7584,15436
2782,15437
4889,15438
12670,15439
3268,15440
13462,15441
15781,15442
12669,15443
5388,15444
16530,15445
17280,15446
21320,15447
23335,15448
352,15449
16429,15450
10340,15451
23655,15452
6215,15453
22797,15454
4181,15455
21825,15456
20925,15457
20926,15458
16977,15459
22333,15460
1681,15461
19068,15462
24043,15463
23183,15464
21479,15465
2399,15466
23182,15467
3120,15468
18268,15469
22332,15470
24042,15471
11448,15472
20708,15473
9483,15474
11532,15475
12329,15476
22626,15477
22336,15478
21483,15479
966,15480
2403,15481
24047,15482
1684,15483
1685,15484
23187,15485
3124,15486
3826,15487
3123,15488
4533,15489
14475,15490
19322,15491
3294,15492
15469,15493
23185,15494
5935,15495
3824,15496
5234,15497
964,15498
4531,15499
22334,15500
21481,15501
5934,15502
1682,15503
2400,15504
3121,15505
13035,15506
20710,15507
9556,15508
16228,15509
1874,15510
24097,15511
2397,15512
18266,15513
20660,15514
21477,15515
24040,15516
23179,15517
19862,15518
1679,15519
22330,15520
23180,15521
961,15522
24039,15523
10853,15524
1368,15525
3257,15526
14655,15527
23708,15528
13860,15529
17949,15530
4672,15531
5630,15532
14048,15533
21736,15534
12463,15535
23446,15536
20885,15537
23633,15538
12294,15539
21925,15540
3801,15541
5214,15542
4508,15543
23348,15544
12960,15545
21633,15546
21634,15547
24212,15548
13755,15549
12165,15550
15314,15551
14545,15552
24211,15553
16070,15554
23347,15555
9057,15556
16958,15557
13294,15558
22300,15559
15221,15560
23150,15561
13004,15562
13797,15563
16100,15564
16101,15565
14585,15566
8016,15567
15345,15568
21669,15569
16853,15570
17604,15571
15344,15572
12211,15573
8871,15574
6624,15575
5216,15576
7309,15577
19208,15578
17586,15579
20002,15580
15327,15581
16835,15582
20801,15583
18406,15584
20802,15585
16083,15586
12982,15587
12187,15588
20003,15589
11707,15590
13892,15591
23148,15592
18240,15593
24008,15594
8872,15595
20775,15596
19976,15597
4560,15598
24196,15599
21619,15600
24195,15601
3852,15602
18379,15603
5960,15604
22474,15605
19180,15606
23333,15607
6290,15608
6385,15609
4294,15610
14367,15611
15136,15612
21139,15613
17348,15614
23700,15615
12744,15616
12745,15617
23703,15618
9765,15619
23698,15620
10852,15621
15373,15622
10137,15623
6699,15624
6697,15625
8067,15626
6014,15627
8769,15628
10822,15629
7385,15630
8069,15631
16127,15632
9452,15633
15220,15634
15034,15635
13645,15636
10167,15637
3165,15638
4581,15639
10090,15640
8724,15641
284,15642
8725,15643
3873,15644
1722,15645
10089,15646
5987,15647
5284,15648
7354,15649
10650,15650
11447,15651
1746,15652
10802,15653
312,15654
6685,15655
9432,15656
10119,15657
8749,15658
10117,15659
8050,15660
2470,15661
7367,15662
6000,15663
12850,15664
16631,15665
13828,15666
7698,15667
358,15668
4634,15669
6708,15670
5335,15671
1076,15672
5337,15673
8078,15674
1791,15675
3927,15676
6023,15677
8776,15678
10142,15679
19836,15680
9129,15681
15915,15682
7767,15683
7088,15684
12462,15685
13255,15686
16597,15687
13256,15688
17869,15689
11953,15690
23107,15691
1320,15692
601,15693
7715,15694
13257,15695
14050,15696
3485,15697
14613,15698
10821,15699
6015,15700
6013,15701
7384,15702
6698,15703
9451,15704
10138,15705
8068,15706
7386,15707
16881,15708
8770,15709
6586,15710
3734,15711
7658,15712
5282,15713
5283,15714
10774,15715
10773,15716
1003,15717
9407,15718
4580,15719
2445,15720
6671,15721
8037,15722
4582,15723
3874,15724
9968,15725
5349,15726
10592,15727
9285,15728
1490,15729
5967,15730
8039,15731
18455,15732
9336,15733
5447,15734
4899,15735
2469,15736
10118,15737
1031,15738
6001,15739
8750,15740
10803,15741
9431,15742
10801,15743
2471,15744
1747,15745
311,15746
6684,15747
5148,15748
9738,15749
1077,15750
5336,15751
6024,15752
4633,15753
357,15754
4635,15755
7395,15756
2514,15757
3218,15758
6707,15759
9458,15760
10826,15761
7954,15762
4990,15763
6373,15764
5693,15765
3570,15766
4247,15767
3539,15768
3549,15769
2111,15770
2833,15771
5666,15772
23072,15773
5655,15774
4953,15775
19721,15776
1393,15777
22931,15778
8677,15779
10916,15780
9545,15781
9548,15782
13094,15783
10229,15784
6783,15785
6098,15786
15446,15787
8865,15788
14684,15789
10917,15790
10231,15791
24209,15792
12208,15793
21447,15794
13887,15795
10914,15796
13095,15797
7471,15798
8153,15799
7472,15800
3987,15801
13888,15802
6781,15803
8152,15804
14683,15805
10228,15806
6181,15807
9511,15808
1963,15809
2685,15810
529,15811
8679,15812
6096,15813
9546,15814
9547,15815
15445,15816
10915,15817
7474,15818
8862,15819
6782,15820
10230,15821
8864,15822
6097,15823
9544,15824
12184,15825
22298,15826
10918,15827
8155,15828
10232,15829
6784,15830
7473,15831
6100,15832
6099,15833
7475,15834
8154,15835
8863,15836
8866,15837
8156,15838
24192,15839
1125,15840
5667,15841
18115,15842
22208,15843
12160,15844
21691,15845
17797,15846
19914,15847
14788,15848
4892,15849
5595,15850
22795,15851
4964,15852
16564,15853
15814,15854
21353,15855
12204,15856
9415,15857
18319,15858
11617,15859
19499,15860
23555,15861
20297,15862
21089,15863
17314,15864
2561,15865
10126,15866
23245,15867
12411,15868
17896,15869
4801,15870
18694,15871
23653,15872
13502,15873
1839,15874
12711,15875
4258,15876
4961,15877
12179,15878
10835,15879
21847,15880
23242,15881
22717,15882
2065,15883
4184,15884
1343,15885
20523,15886
404,15887
21356,15888
22211,15889
4256,15890
5958,15891
23529,15892
11864,15893
6083,15894
12657,15895
13450,15896
11861,15897
21659,15898
10796,15899
21140,15900
4811,15901
2060,15902
8269,15903
2781,15904
20293,15905
19373,15906
21310,15907
15316,15908
4604,15909
14117,15910
4103,15911
625,15912
6900,15913
1345,15914
17893,15915
15015,15916
8842,15917
23029,15918
23891,15919
11865,15920
412,15921
23894,15922
23032,15923
23887,15924
18420,15925
3162,15926
12429,15927
21944,15928
4218,15929
5512,15930
21091,15931
19495,15932
12370,15933
22168,15934
18081,15935
19183,15936
2509,15937
22842,15938
3395,15939
23654,15940
4807,15941
5594,15942
18691,15943
20487,15944
413,15945
19688,15946
20973,15947
7270,15948
2387,15949
5928,15950
24029,15951
951,15952
1669,15953
2389,15954
5227,15955
953,15956
1670,15957
954,15958
3110,15959
1672,15960
1772,15961
10778,15962
4442,15963
23170,15964
19856,15965
1674,15966
3817,15967
22321,15968
23171,15969
4524,15970
21468,15971
3111,15972
21467,15973
956,15974
22320,15975
19610,15976
7796,15977
23982,15978
18966,15979
15129,15980
5849,15981
3109,15982
19060,15983
19061,15984
19855,15985
18260,15986
18261,15987
2388,15988
22319,15989
1673,15990
5930,15991
24028,15992
23168,15993
3179,15994
8637,15995
22318,15996
21465,15997
5226,15998
19854,15999
20652,16000
3816,16001
4521,16002
4522,16003
3814,16004
18259,16005
5228,16006
5929,16007
10830,16008
23705,16009
20350,16010
20348,16011
4220,16012
2037,16013
11668,16014
21069,16015
20270,16016
12164,16017
3935,16018
2525,16019
369,16020
6039,16021
1057,16022
288,16023
12210,16024
8797,16025
16887,16026
9479,16027
7412,16028
10453,16029
18160,16030
13560,16031
13774,16032
1751,16033
10264,16034
18808,16035
15539,16036
14778,16037
18961,16038
20875,16039
8477,16040
15883,16041
17382,16042
14597,16043
1709,16044
977,16045
19336,16046
17384,16047
21726,16048
16633,16049
2414,16050
12338,16051
18165,16052
13078,16053
20571,16054
19771,16055
15125,16056
13809,16057
990,16058
13926,16059
15886,16060
13871,16061
16636,16062
17387,16063
23117,16064
16113,16065
271,16066
21537,16067
12186,16068
6723,16069
1802,16070
8095,16071
16133,16072
5295,16073
3851,16074
3226,16075
4640,16076
5342,16077
1088,16078
362,16079
5378,16080
13073,16081
13074,16082
20074,16083
13325,16084
21138,16085
8370,16086
17944,16087
1054,16088
5225,16089
3812,16090
949,16091
18254,16092
338,16093
1007,16094
1723,16095
21459,16096
17496,16097
22312,16098
19849,16099
4094,16100
10344,16101
11028,16102
1257,16103
19287,16104
21953,16105
15239,16106
20676,16107
24059,16108
8051,16109
19054,16110
3106,16111
20647,16112
24021,16113
10807,16114
1792,16115
4519,16116
5926,16117
6628,16118
1667,16119
1081,16120
7068,16121
5005,16122
13577,16123
17396,16124
2758,16125
3449,16126
22776,16127
23634,16128
19470,16129
20268,16130
19472,16131
21924,16132
1769,16133
5927,16134
3815,16135
4523,16136
2390,16137
5246,16138
1696,16139
9408,16140
20654,16141
5229,16142
24031,16143
20653,16144
21193,16145
12689,16146
15793,16147
18105,16148
12749,16149
18594,16150
18806,16151
1968,16152
20989,16153
23550,16154
2686,16155
4084,16156
5495,16157
6882,16158
6002,16159
23169,16160
952,16161
955,16162
1671,16163
21534,16164
9459,16165
3108,16166
4520,16167
19059,16168
21466,16169
19116,16170
7746,16171
9110,16172
15898,16173
16644,16174
19622,16175
20421,16176
22078,16177
21223,16178
18822,16179
18023,16180
23791,16181
21221,16182
2492,16183
22297,16184
16735,16185
22296,16186
20632,16187
9739,16188
12499,16189
8726,16190
16736,16191
23146,16192
18237,16193
15978,16194
15791,16195
16949,16196
23051,16197
19707,16198
21330,16199
16821,16200
3907,16201
7503,16202
22046,16203
9664,16204
7585,16205
11898,16206
6766,16207
23924,16208
23062,16209
20508,16210
8019,16211
8709,16212
975,16213
13928,16214
16992,16215
15036,16216
6081,16217
14271,16218
13480,16219
18102,16220
12222,16221
2432,16222
1695,16223
15259,16224
17737,16225
18905,16226
10204,16227
19710,16228
20511,16229
14268,16230
7336,16231
9391,16232
16602,16233
1748,16234
19037,16235
15219,16236
15977,16237
21444,16238
23682,16239
8777,16240
19834,16241
21443,16242
17488,16243
19036,16244
6976,16245
11136,16246
15120,16247
16627,16248
11985,16249
20969,16250
21823,16251
13165,16252
13964,16253
19119,16254
22392,16255
10206,16256
19421,16257
3412,16258
4120,16259
5529,16260
19875,16261
23199,16262
22346,16263
2784,16264
19120,16265
20713,16266
12955,16267
20840,16268
19117,16269
22718,16270
21947,16271
6203,16272
22800,16273
21090,16274
16551,16275
1841,16276
17301,16277
15044,16278
14270,16279
17302,16280
4683,16281
16552,16282
12699,16283
19709,16284
17598,16285
10100,16286
14800,16287
20296,16288
21536,16289
13997,16290
21095,16291
19493,16292
3265,16293
13490,16294
22206,16295
20509,16296
12974,16297
10810,16298
16312,16299
21094,16300
21535,16301
23576,16302
20295,16303
20291,16304
14280,16305
5258,16306
6029,16307
17526,16308
21015,16309
23658,16310
7573,16311
628,16312
2059,16313
13489,16314
15440,16315
14279,16316
11907,16317
18902,16318
16271,16319
20971,16320
13958,16321
13171,16322
4192,16323
8341,16324
17276,16325
14940,16326
21300,16327
11855,16328
18074,16329
10346,16330
11031,16331
14153,16332
3392,16333
6212,16334
6896,16335
8267,16336
9660,16337
9662,16338
5602,16339
9056,16340
21144,16341
2809,16342
23710,16343
20345,16344
17193,16345
11747,16346
19568,16347
13337,16348
15018,16349
6334,16350
4958,16351
19177,16352
8080,16353
10265,16354
14147,16355
21875,16356
22727,16357
7018,16358
9528,16359
19675,16360
19677,16361
20476,16362
22154,16363
17615,16364
3156,16365
20709,16366
20134,16367
22155,16368
3272,16369
12648,16370
5392,16371
23015,16372
23875,16373
23014,16374
6653,16375
3865,16376
21533,16377
6824,16378
12647,16379
11854,16380
21299,16381
16864,16382
5276,16383
21529,16384
22636,16385
18873,16386
3979,16387
9008,16388
1289,16389
8294,16390
9690,16391
19496,16392
21042,16393
21894,16394
22747,16395
9533,16396
20673,16397
15998,16398
18279,16399
11060,16400
15592,16401
7610,16402
10374,16403
1281,16404
1282,16405
17822,16406
17824,16407
18623,16408
19426,16409
22031,16410
5530,16411
562,16412
22946,16413
13385,16414
22092,16415
21286,16416
10490,16417
9813,16418
7772,16419
12020,16420
20432,16421
22945,16422
14596,16423
272,16424
15268,16425
1902,16426
22091,16427
3280,16428
21236,16429
22090,16430
15356,16431
991,16432
12900,16433
20135,16434
12589,16435
5398,16436
11796,16437
23806,16438
16112,16439
4574,16440
19940,16441
13134,16442
19634,16443
4696,16444
20433,16445
18029,16446
18828,16447
7695,16448
16922,16449
15415,16450
10888,16451
8130,16452
21495,16453
22348,16454
21494,16455
4182,16456
7092,16457
9133,16458
7094,16459
14389,16460
12437,16461
13231,16462
14022,16463
14936,16464
17079,16465
19444,16466
20240,16467
21044,16468
23609,16469
6408,16470
8450,16471
6410,16472
13600,16473
13563,16474
9775,16475
15876,16476
16625,16477
20879,16478
21730,16479
23439,16480
13082,16481
14353,16482
9095,16483
15119,16484
15875,16485
11984,16486
14352,16487
17378,16488
7050,16489
11981,16490
7725,16491
13561,16492
12771,16493
16836,16494
22489,16495
8698,16496
19977,16497
1030,16498
10136,16499
3164,16500
8077,16501
455,16502
1176,16503
2611,16504
10258,16505
11137,16506
15783,16507
7855,16508
20475,16509
4361,16510
6490,16511
2936,16512
20817,16513
8036,16514
6639,16515
16765,16516
21701,16517
5845,16518
23524,16519
8538,16520
386,16521
10329,16522
18568,16523
21211,16524
5019,16525
11982,16526
12777,16527
14351,16528
17587,16529
310,16530
3846,16531
24070,16532
17738,16533
22065,16534
21844,16535
20992,16536
11986,16537
22582,16538
15561,16539
17769,16540
13362,16541
7098,16542
23910,16543
16071,16544
10820,16545
20729,16546
23210,16547
21784,16548
14154,16549
1263,16550
544,16551
13467,16552
20097,16553
22189,16554
14258,16555
23525,16556
21022,16557
7775,16558
11764,16559
20776,16560
7394,16561
18331,16562
19090,16563
16240,16564
14145,16565
11636,16566
12430,16567
19676,16568
7462,16569
18872,16570
18073,16571
3546,16572
22668,16573
4306,16574
10098,16575
10129,16576
10263,16577
1037,16578
10479,16579
10594,16580
10598,16581
10616,16582
10625,16583
10631,16584
10733,16585
10785,16586
11158,16587
10475,16588
10469,16589
11159,16590
11162,16591
11258,16592
11271,16593
11282,16594
11297,16595
11299,16596
11301,16597
11309,16598
10587,16599
11315,16600
11899,16601
11905,16602
11922,16603
11935,16604
11937,16605
11943,16606
11958,16607
12008,16608
12108,16609
12111,16610
12115,16611
12122,16612
12690,16613
12715,16614
12718,16615
12734,16616
12751,16617
1255,16618
12905,16619
12916,16620
12917,16621
12919,16622
12946,16623
12953,16624
12957,16625
12977,16626
12978,16627
1036,16628
12994,16629
13517,16630
12726,16631
13591,16632
13699,16633
10247,16634
13702,16635
13704,16636
13711,16637
13750,16638
13752,16639
13772,16640
13811,16641
13026,16642
14269,16643
14304,16644
13506,16645
14309,16646
13509,16647
14311,16648
14299,16649
12207,16650
14414,16651
13625,16652
14487,16653
1170,16654
14491,16655
14502,16656
14543,16657
1479,16658
15043,16659
14278,16660
15062,16661
1509,16662
15126,16663
15189,16664
1523,16665
10641,16666
15337,16667
1013,16668
14506,16669
15472,16670
15475,16671
15478,16672
15481,16673
10618,16674
15817,16675
15825,16676
15068,16677
15871,16678
15910,16679
15911,16680
15154,16681
15913,16682
15945,16683
15188,16684
11268,16685
16077,16686
16081,16687
16550,16688
16574,16689
1660,16690
16684,16691
16796,16692
16810,16693
16828,16694
16844,16695
1014,16696
16845,16697
10786,16698
16920,16699
16974,16700
1652,16701
16984,16702
12805,16703
17008,16704
1712,16705
17141,16706
17292,16707
13741,16708
17410,16709
17451,16710
17524,16711
17544,16712
17572,16713
17580,16714
17582,16715
17594,16716
10104,16717
17595,16718
17597,16719
17622,16720
17639,16721
17727,16722
17728,16723
17732,16724
1796,16725
18125,16726
18145,16727
18166,16728
18343,16729
18389,16730
1775,16731
15451,16732
18438,16733
18532,16734
12799,16735
18906,16736
18106,16737
18946,16738
18120,16739
18951,16740
19147,16741
1877,16742
19148,16743
19150,16744
19155,16745
19175,16746
19319,16747
19327,16748
19329,16749
19334,16750
19717,16751
19724,16752
14562,16753
19737,16754
14296,16755
12958,16756
1974,16757
18108,16758
19741,16759
19774,16760
19900,16761
19905,16762
19941,16763
17734,16764
14276,16765
19947,16766
19951,16767
18518,16768
10058,16769
19960,16770
19313,16771
19986,16772
19996,16773
10813,16774
19998,16775
10811,16776
20013,16777
10097,16778
16789,16779
18527,16780
1900,16781
19715,16782
20015,16783
10095,16784
13720,16785
20510,16786
18415,16787
20535,16788
20542,16789
20556,16790
16566,16791
20574,16792
20575,16793
20748,16794
16221,16795
20750,16796
19320,16797
20623,16798
20751,16799
17718,16800
19826,16801
20753,16802
13910,16803
12046,16804
20754,16805
20116,16806
19027,16807
20835,16808
20837,16809
1169,16810
13698,16811
20912,16812
10747,16813
20994,16814
20081,16815
14347,16816
21343,16817
21365,16818
15059,16819
21367,16820
21378,16821
21393,16822
20558,16823
14329,16824
15844,16825
19754,16826
12712,16827
20021,16828
21405,16829
21566,16830
21568,16831
21571,16832
21572,16833
21583,16834
13915,16835
10744,16836
21593,16837
21610,16838
21650,16839
21651,16840
1753,16841
10240,16842
12910,16843
19809,16844
21664,16845
1733,16846
13709,16847
15474,16848
1633,16849
21668,16850
21674,16851
21681,16852
21563,16853
17504,16854
21688,16855
10935,16856
12901,16857
13130,16858
13482,16859
21689,16860
12344,16861
18789,16862
20838,16863
20715,16864
21763,16865
15212,16866
21778,16867
2195,16868
2207,16869
2209,16870
16830,16871
2210,16872
13768,16873
2219,16874
22215,16875
19218,16876
10780,16877
14496,16878
22222,16879
22224,16880
14677,16881
12721,16882
13512,16883
16569,16884
21630,16885
22425,16886
22427,16887
22440,16888
22441,16889
19321,16890
15964,16891
2245,16892
22467,16893
10154,16894
19143,16895
22480,16896
17638,16897
16788,16898
22486,16899
22632,16900
13487,16901
22633,16902
12692,16903
23011,16904
23060,16905
20799,16906
23064,16907
23140,16908
23232,16909
1894,16910
23235,16911
1181,16912
19767,16913
23274,16914
20929,16915
15040,16916
23276,16917
1167,16918
23279,16919
10244,16920
23285,16921
23293,16922
11539,16923
21432,16924
23299,16925
20119,16926
2332,16927
23339,16928
18436,16929
21584,16930
21775,16931
23344,16932
23366,16933
23459,16934
2346,16935
23483,16936
2355,16937
2356,16938
23690,16939
2370,16940
23923,16941
19217,16942
23927,16943
23929,16944
23935,16945
22508,16946
23936,16947
15325,16948
10123,16949
12119,16950
23938,16951
20815,16952
23939,16953
20816,16954
1008,16955
23295,16956
11537,16957
23976,16958
23977,16959
23115,16960
16621,16961
19190,16962
1060,16963
16015,16964
16205,16965
24144,16966
24145,16967
24149,16968
24155,16969
16976,16970
23133,16971
24157,16972
13916,16973
24161,16974
24164,16975
23480,16976
11431,16977
24169,16978
22618,16979
24170,16980
20911,16981
24206,16982
23399,16983
12109,16984
23489,16985
17298,16986
24233,16987
24248,16988
2435,16989
20702,16990
19445,16991
24050,16992
13658,16993
2452,16994
10923,16995
10036,16996
19946,16997
2454,16998
22448,16999
13114,17000
2475,17001
22426,17002
1876,17003
2479,17004
21574,17005
13919,17006
2496,17007
20743,17008
2497,17009
14498,17010
2501,17011
15285,17012
19316,17013
14429,17014
2592,17015
2597,17016
2598,17017
10048,17018
2601,17019
14421,17020
289,17021
19948,17022
20124,17023
2930,17024
12159,17025
20035,17026
22439,17027
20923,17028
2931,17029
12973,17030
2935,17031
20011,17032
293,17033
14518,17034
22613,17035
2948,17036
2226,17037
2949,17038
295,17039
24142,17040
10243,17041
2950,17042
2212,17043
12202,17044
2971,17045
3063,17046
3074,17047
3131,17048
20656,17049
3136,17050
18761,17051
3149,17052
3170,17053
14499,17054
16227,17055
3181,17056
17543,17057
20126,17058
3182,17059
14689,17060
22379,17061
1182,17062
14358,17063
3100,17064
3200,17065
24138,17066
1879,17067
3204,17068
12114,17069
3221,17070
15272,17071
1188,17072
16660,17073
323,17074
16040,17075
21764,17076
10749,17077
324,17078
16027,17079
10250,17080
17462,17081
3291,17082
19823,17083
3298,17084
1629,17085
3310,17086
15123,17087
3316,17088
12801,17089
3317,17090
23066,17091
3319,17092
345,17093
15274,17094
3567,17095
3574,17096
363,17097
24140,17098
3645,17099
23328,17100
10836,17101
24153,17102
3646,17103
3650,17104
20812,17105
1012,17106
20760,17107
20110,17108
3655,17109
3666,17110
3667,17111
2208,17112
14539,17113
3203,17114
19152,17115
1870,17116
19820,17117
3744,17118
3749,17119
10016,17120
10702,17121
1195,17122
12363,17123
15663,17124
19376,17125
16419,17126
21792,17127
21827,17128
23648,17129
17997,17130
3750,17131
3751,17132
3766,17133
3771,17134
3773,17135
3785,17136
3806,17137
3834,17138
14730,17139
3849,17140
3863,17141
3867,17142
19858,17143
21470,17144
3889,17145
21567,17146
3890,17147
11540,17148
21575,17149
16234,17150
3892,17151
13703,17152
3909,17153
19144,17154
3930,17155
16029,17156
3933,17157
16783,17158
3998,17159
4001,17160
4002,17161
4009,17162
10737,17163
4015,17164
17381,17165
4016,17166
18158,17167
4024,17168
20515,17169
4296,17170
16080,17171
4360,17172
15339,17173
437,17174
3087,17175
439,17176
443,17177
3053,17178
445,17179
3070,17180
4454,17181
11782,17182
15501,17183
17009,17184
20975,17185
21125,17186
4459,17187
4478,17188
4488,17189
4497,17190
4513,17191
4558,17192
4585,17193
21597,17194
23470,17195
15974,17196
4598,17197
24143,17198
4614,17199
12118,17200
2595,17201
11421,17202
4615,17203
18348,17204
16233,17205
4636,17206
22423,17207
4639,17208
13696,17209
4711,17210
4716,17211
4718,17212
4719,17213
4721,17214
4453,17215
4733,17216
4735,17217
5025,17218
5067,17219
24202,17220
17637,17221
19952,17222
20117,17223
10745,17224
5070,17225
16829,17226
3183,17227
17541,17228
5185,17229
5208,17230
5220,17231
5224,17232
5270,17233
10758,17234
19904,17235
20822,17236
10757,17237
19903,17238
22391,17239
4536,17240
5278,17241
3112,17242
3113,17243
5296,17244
12125,17245
5339,17246
1166,17247
20741,17248
3762,17249
4736,17250
5415,17251
22285,17252
5416,17253
4483,17254
5418,17255
4475,17256
5419,17257
2352,17258
5347,17259
5420,17260
20612,17261
5422,17262
5435,17263
5436,17264
5438,17265
20513,17266
5507,17267
11906,17268
16946,17269
5660,17270
12945,17271
5662,17272
18109,17273
11897,17274
23382,17275
1729,17276
12911,17277
20928,17278
5674,17279
4971,17280
21361,17281
23384,17282
1727,17283
20747,17284
19326,17285
4458,17286
5687,17287
5746,17288
5771,17289
16067,17290
344,17291
19955,17292
20913,17293
22289,17294
5784,17295
3665,17296
10577,17297
18373,17298
2522,17299
14500,17300
16979,17301
5181,17302
5795,17303
5868,17304
5874,17305
5879,17306
5907,17307
5909,17308
5971,17309
274,17310
12081,17311
19071,17312
19561,17313
5988,17314
23287,17315
6003,17316
12112,17317
1878,17318
20132,17319
19713,17320
20607,17321
6026,17322
18342,17323
11543,17324
14272,17325
6080,17326
14275,17327
13484,17328
21342,17329
14542,17330
20836,17331
12904,17332
6112,17333
5863,17334
6115,17335
19016,17336
6134,17337
19000,17338
6137,17339
6210,17340
17295,17341
16948,17342
12691,17343
11900,17344
15035,17345
14531,17346
6342,17347
12947,17348
5338,17349
22420,17350
1168,17351
1609,17352
6346,17353
17317,17354
16057,17355
2519,17356
19943,17357
6116,17358
5860,17359
6395,17360
13000,17361
5989,17362
16792,17363
15479,17364
16662,17365
5413,17366
17469,17367
6398,17368
6399,17369
6400,17370
6484,17371
2427,17372
6488,17373
19204,17374
6504,17375
6510,17376
6514,17377
6516,17378
6599,17379
6603,17380
6608,17381
6611,17382
10854,17383
24000,17384
1356,17385
14836,17386
1373,17387
14046,17388
17228,17389
2750,17390
23797,17391
20957,17392
6626,17393
6635,17394
6656,17395
6396,17396
6672,17397
15277,17398
4000,17399
5162,17400
18449,17401
1615,17402
6687,17403
14505,17404
14716,17405
13592,17406
20924,17407
1644,17408
6690,17409
18355,17410
16971,17411
15211,17412
6691,17413
16791,17414
19328,17415
5197,17416
670,17417
6710,17418
24135,17419
17735,17420
16545,17421
3304,17422
3059,17423
6713,17424
18357,17425
13117,17426
15207,17427
6714,17428
18350,17429
1158,17430
5186,17431
676,17432
6340,17433
21344,17434
22200,17435
15026,17436
15024,17437
17281,17438
5970,17439
19225,17440
10074,17441
13682,17442
18274,17443
19074,17444
6795,17445
20613,17446
6798,17447
6804,17448
11418,17449
6805,17450
2331,17451
6819,17452
4378,17453
6822,17454
15800,17455
16193,17456
6883,17457
15880,17458
13079,17459
20565,17460
19765,17461
17373,17462
22506,17463
3891,17464
12304,17465
7077,17466
12182,17467
4596,17468
1163,17469
13705,17470
4023,17471
12009,17472
5184,17473
13837,17474
3078,17475
3484,17476
7078,17477
4566,17478
10781,17479
10237,17480
16716,17481
22431,17482
7081,17483
7076,17484
16056,17485
7109,17486
15306,17487
5323,17488
20738,17489
2605,17490
5854,17491
7169,17492
24201,17493
1064,17494
12121,17495
7176,17496
7177,17497
5363,17498
7179,17499
2203,17500
18372,17501
1085,17502
23273,17503
2604,17504
1626,17505
7181,17506
1478,17507
19172,17508
367,17509
12110,17510
1901,17511
4008,17512
11426,17513
7190,17514
7201,17515
7203,17516
7254,17517
7257,17518
11396,17519
1925,17520
4909,17521
6162,17522
2224,17523
7282,17524
7290,17525
7293,17526
13832,17527
11429,17528
4203,17529
5561,17530
651,17531
4152,17532
22082,17533
4860,17534
15719,17535
7302,17536
7313,17537
22306,17538
16084,17539
5294,17540
4592,17541
18584,17542
22389,17543
13657,17544
14448,17545
5018,17546
5923,17547
5222,17548
21452,17549
12180,17550
7325,17551
7332,17552
19241,17553
14488,17554
10248,17555
3761,17556
7371,17557
13099,17558
1661,17559
18308,17560
6813,17561
20566,17562
7372,17563
5255,17564
17035,17565
7398,17566
16786,17567
7399,17568
1880,17569
23275,17570
1189,17571
11902,17572
6587,17573
7403,17574
13701,17575
5421,17576
6602,17577
7404,17578
12120,17579
14711,17580
19332,17581
4373,17582
7453,17583
19714,17584
22204,17585
12688,17586
24246,17587
1010,17588
6117,17589
7483,17590
4457,17591
7488,17592
21426,17593
7489,17594
4469,17595
7492,17596
3746,17597
16152,17598
5159,17599
17025,17600
17927,17601
20941,17602
474,17603
18725,17604
13266,17605
22906,17606
6142,17607
6145,17608
6330,17609
11387,17610
4768,17611
5471,17612
4769,17613
7494,17614
7509,17615
18199,17616
7510,17617
10476,17618
762,17619
16065,17620
4620,17621
24154,17622
16987,17623
16698,17624
436,17625
765,17626
15322,17627
7375,17628
18352,17629
13125,17630
5898,17631
7694,17632
13163,17633
18565,17634
19366,17635
7707,17636
7748,17637
780,17638
7849,17639
6649,17640
346,17641
14490,17642
10246,17643
5875,17644
7854,17645
14578,17646
3879,17647
23303,17648
15465,17649
13633,17650
7857,17651
2671,17652
6873,17653
10478,17654
5375,17655
12013,17656
14383,17657
6874,17658
14381,17659
21721,17660
12803,17661
12011,17662
10470,17663
24247,17664
1009,17665
16035,17666
3293,17667
19023,17668
7085,17669
7508,17670
786,17671
7861,17672
787,17673
7870,17674
1480,17675
19174,17676
365,17677
23283,17678
4005,17679
1634,17680
7871,17681
7881,17682
793,17683
5068,17684
15310,17685
1063,17686
18354,17687
15466,17688
15969,17689
7938,17690
18576,17691
7941,17692
795,17693
7965,17694
7967,17695
20046,17696
5163,17697
17765,17698
1904,17699
2309,17700
17766,17701
3032,17702
12377,17703
4767,17704
6147,17705
23688,17706
7968,17707
7973,17708
7974,17709
7986,17710
800,17711
8007,17712
8014,17713
18439,17714
23278,17715
10245,17716
10055,17717
8015,17718
20037,17719
16042,17720
18514,17721
18227,17722
1804,17723
17476,17724
17925,17725
598,17726
23707,17727
1317,17728
14167,17729
2034,17730
11785,17731
10302,17732
8043,17733
19949,17734
14717,17735
14416,17736
6794,17737
12044,17738
8053,17739
10238,17740
22430,17741
16988,17742
23994,17743
8054,17744
20740,17745
18533,17746
16549,17747
6120,17748
3736,17749
22551,17750
19010,17751
10020,17752
1593,17753
1209,17754
18719,17755
1942,17756
16604,17757
3339,17758
11298,17759
8057,17760
22450,17761
17714,17762
16725,17763
8058,17764
24160,17765
22628,17766
3783,17767
16142,17768
23136,17769
4204,17770
21054,17771
21151,17772
4855,17773
11786,17774
5556,17775
14168,17776
6850,17777
808,17778
8081,17779
17537,17780
8083,17781
23500,17782
18778,17783
6027,17784
20714,17785
19915,17786
1383,17787
6252,17788
8087,17789
20749,17790
15467,17791
16720,17792
8100,17793
6617,17794
18724,17795
7628,17796
4226,17797
6258,17798
18025,17799
6944,17800
20427,17801
3344,17802
8111,17803
6491,17804
11012,17805
2672,17806
15152,17807
516,17808
7082,17809
14656,17810
8165,17811
22282,17812
8167,17813
5164,17814
14634,17815
8173,17816
8174,17817
2329,17818
8176,17819
2344,17820
8183,17821
23978,17822
8191,17823
3668,17824
8221,17825
8234,17826
14331,17827
8340,17828
1331,17829
19517,17830
2048,17831
4167,17832
4191,17833
4875,17834
13293,17835
2528,17836
10686,17837
5578,17838
16389,17839
5579,17840
5601,17841
611,17842
6284,17843
14876,17844
6975,17845
8337,17846
17914,17847
17662,17848
5822,17849
612,17850
8408,17851
15117,17852
5680,17853
15112,17854
14326,17855
3860,17856
10073,17857
19063,17858
10164,17859
22323,17860
10848,17861
23173,17862
10707,17863
2391,17864
22322,17865
24254,17866
3158,17867
23229,17868
8412,17869
3564,17870
8440,17871
7759,17872
3585,17873
24207,17874
1059,17875
1160,17876
13708,17877
21428,17878
2621,17879
8441,17880
8442,17881
20071,17882
7761,17883
7084,17884
4295,17885
8532,17886
7331,17887
2502,17888
23281,17889
467,17890
2946,17891
6736,17892
1500,17893
8170,17894
8534,17895
18400,17896
1042,17897
21595,17898
18513,17899
8540,17900
3244,17901
3654,17902
4781,17903
17414,17904
1122,17905
6188,17906
13593,17907
4673,17908
15156,17909
17416,17910
11153,17911
23383,17912
6673,17913
12921,17914
10955,17915
15468,17916
6606,17917
15388,17918
7291,17919
6289,17920
23422,17921
2289,17922
4168,17923
8243,17924
8558,17925
11262,17926
16818,17927
5322,17928
14501,17929
4022,17930
8560,17931
8569,17932
8625,17933
8639,17934
8649,17935
16906,17936
2330,17937
10699,17938
10013,17939
1222,17940
13957,17941
13164,17942
14038,17943
17757,17944
19367,17945
19368,17946
20167,17947
22680,17948
21124,17949
23766,17950
2656,17951
1934,17952
3351,17953
501,17954
5445,17955
6235,17956
22908,17957
6827,17958
7517,17959
8198,17960
8200,17961
17929,17962
8651,17963
12575,17964
16342,17965
15711,17966
17007,17967
6571,17968
8652,17969
15394,17970
6597,17971
11388,17972
10270,17973
10703,17974
14740,17975
15520,17976
14759,17977
17776,17978
11733,17979
18542,17980
18727,17981
19362,17982
20161,17983
21811,17984
2625,17985
20157,17986
2630,17987
14112,17988
11679,17989
21203,17990
4058,17991
5470,17992
6169,17993
6854,17994
8196,17995
8653,17996
8658,17997
18446,17998
4473,17999
14900,18000
21062,18001
18747,18002
21914,18003
18024,18004
22767,18005
22938,18006
1930,18007
869,18008
12454,18009
14751,18010
14952,18011
15512,18012
13248,18013
1589,18014
10370,18015
16257,18016
17011,18017
17761,18018
18560,18019
18566,18020
17767,18021
21813,18022
4127,18023
6239,18024
11776,18025
6924,18026
12568,18027
20212,18028
7516,18029
10371,18030
8288,18031
14159,18032
16301,18033
8361,18034
8690,18035
1082,18036
20742,18037
6801,18038
8696,18039
19242,18040
19146,18041
8732,18042
23277,18043
19335,18044
13486,18045
8175,18046
2341,18047
8734,18048
18356,18049
13911,18050
20627,18051
8758,18052
20759,18053
20111,18054
6616,18055
8759,18056
13715,18057
13918,18058
10746,18059
8782,18060
16032,18061
18530,18062
8439,18063
8783,18064
16785,18065
12335,18066
17294,18067
8788,18068
16038,18069
17719,18070
17473,18071
16139,18072
12840,18073
2793,18074
23626,18075
19547,18076
22768,18077
15717,18078
3447,18079
16473,18080
6853,18081
8833,18082
5722,18083
3597,18084
886,18085
8873,18086
17467,18087
8876,18088
4470,18089
8877,18090
19015,18091
8881,18092
22279,18093
8882,18094
7284,18095
11460,18096
7969,18097
22074,18098
10998,18099
15096,18100
2313,18101
10294,18102
1212,18103
17449,18104
379,18105
473,18106
21128,18107
7191,18108
382,18109
6506,18110
11296,18111
10579,18112
17570,18113
3205,18114
21573,18115
3296,18116
2360,18117
8356,18118
8883,18119
5173,18120
15392,18121
3760,18122
8884,18123
8885,18124
5149,18125
8887,18126
5853,18127
889,18128
20846,18129
3052,18130
12378,18131
14752,18132
16255,18133
17010,18134
17019,18135
20329,18136
4057,18137
4743,18138
4032,18139
7604,18140
21200,18141
7940,18142
10275,18143
10720,18144
11572,18145
13157,18146
15591,18147
16343,18148
13365,18149
17768,18150
18567,18151
20165,18152
20961,18153
13250,18154
22667,18155
11058,18156
23686,18157
7542,18158
15513,18159
7608,18160
12458,18161
18795,18162
8197,18163
892,18164
8930,18165
895,18166
8976,18167
23063,18168
8136,18169
17293,18170
16543,18171
16542,18172
6642,18173
8082,18174
17536,18175
14720,18176
23925,18177
450,18178
6598,18179
16150,18180
898,18181
23789,18182
10312,18183
12393,18184
11601,18185
10521,18186
14330,18187
17758,18188
11734,18189
18675,18190
22832,18191
17877,18192
17933,18193
19480,18194
20278,18195
5061,18196
5765,18197
1108,18198
6479,18199
6577,18200
10297,18201
10300,18202
1213,18203
11294,18204
2229,18205
1100,18206
2951,18207
6501,18208
7101,18209
13191,18210
19764,18211
23435,18212
6199,18213
5686,18214
13873,18215
1402,18216
2127,18217
7570,18218
3565,18219
7672,18220
785,18221
10575,18222
21611,18223
9001,18224
21201,18225
11623,18226
16307,18227
1398,18228
9002,18229
14157,18230
17059,18231
9005,18232
9006,18233
17996,18234
17062,18235
902,18236
16149,18237
1622,18238
21220,18239
14774,18240
14332,18241
18557,18242
14114,18243
7263,18244
10292,18245
12041,18246
1097,18247
12834,18248
10623,18249
14107,18250
4750,18251
18200,18252
481,18253
1515,18254
14648,18255
2239,18256
2962,18257
2933,18258
14576,18259
6050,18260
5789,18261
5087,18262
2211,18263
12201,18264
6489,18265
8042,18266
8736,18267
24165,18268
14703,18269
19024,18270
13831,18271
18224,18272
7800,18273
907,18274
9070,18275
599,18276
3512,18277
1318,18278
14959,18279
22773,18280
19626,18281
8936,18282
9094,18283
16055,18284
5340,18285
12883,18286
10949,18287
13100,18288
3099,18289
7731,18290
15430,18291
9100,18292
2850,18293
11134,18294
15297,18295
10832,18296
24092,18297
8184,18298
9113,18299
19985,18300
1774,18301
16031,18302
16981,18303
18531,18304
3765,18305
19247,18306
5178,18307
15636,18308
1332,18309
23423,18310
5120,18311
5712,18312
5776,18313
6740,18314
11274,18315
11013,18316
6397,18317
12276,18318
11155,18319
8959,18320
4297,18321
16926,18322
10474,18323
11157,18324
11151,18325
19191,18326
9115,18327
22523,18328
2451,18329
14510,18330
17720,18331
20927,18332
23138,18333
6402,18334
20069,18335
9118,18336
11482,18337
7757,18338
7080,18339
10468,18340
18390,18341
340,18342
10926,18343
15273,18344
22281,18345
4734,18346
5346,18347
19815,18348
14086,18349
13852,18350
10001,18351
4876,18352
8438,18353
9120,18354
914,18355
15661,18356
2030,18357
17953,18358
21057,18359
22940,18360
2751,18361
12582,18362
1929,18363
9164,18364
11192,18365
18399,18366
2481,18367
13697,18368
449,18369
16711,18370
917,18371
919,18372
9214,18373
23325,18374
9218,18375
12952,18376
1779,18377
24146,18378
20131,18379
10611,18380
8169,18381
1636,18382
18445,18383
3077,18384
1447,18385
9219,18386
17571,18387
4619,18388
13700,18389
9220,18390
16066,18391
4618,18392
18351,18393
1157,18394
21429,18395
14629,18396
3082,18397
8359,18398
20254,18399
23712,18400
21055,18401
13374,18402
21907,18403
12577,18404
16263,18405
9221,18406
14557,18407
5301,18408
13712,18409
14719,18410
4713,18411
23993,18412
7877,18413
1099,18414
9226,18415
13789,18416
6676,18417
21586,18418
18519,18419
5904,18420
9229,18421
1105,18422
923,18423
9230,18424
7428,18425
10591,18426
1235,18427
1951,18428
4071,18429
16661,18430
5008,18431
13069,18432
11156,18433
10473,18434
9239,18435
9243,18436
9245,18437
9246,18438
4659,18439
10609,18440
7189,18441
9249,18442
4356,18443
21625,18444
18437,18445
19945,18446
4714,18447
18217,18448
17646,18449
23991,18450
3497,18451
23631,18452
7687,18453
21068,18454
13376,18455
21920,18456
15720,18457
14747,18458
9250,18459
3241,18460
10613,18461
1503,18462
9252,18463
9256,18464
9279,18465
7167,18466
15359,18467
13028,18468
12235,18469
16028,18470
15235,18471
1666,18472
18293,18473
22653,18474
2248,18475
9284,18476
9325,18477
13058,18478
17658,18479
7928,18480
11378,18481
2993,18482
827,18483
11643,18484
11645,18485
12438,18486
14023,18487
14935,18488
16326,18489
16452,18490
17975,18491
19576,18492
20241,18493
21045,18494
15696,18495
22748,18496
21176,18497
2821,18498
2972,18499
4236,18500
8581,18501
16703,18502
3232,18503
4401,18504
2270,18505
6534,18506
17205,18507
14815,18508
806,18509
22752,18510
16482,18511
9333,18512
14041,18513
13249,18514
21199,18515
934,18516
8804,18517
3092,18518
4205,18519
23627,18520
2085,18521
21064,18522
21916,18523
18825,18524
22941,18525
4049,18526
936,18527
16892,18528
5206,18529
13317,18530
17860,18531
21147,18532
1314,18533
13377,18534
4861,18535
12580,18536
21808,18537
9365,18538
9370,18539
9373,18540
9413,18541
12116,18542
1875,18543
4455,18544
9417,18545
15275,18546
16980,18547
7976,18548
943,18549
12239,18550
5219,18551
22833,18552
18816,18553
12392,18554
13185,18555
8484,18556
9437,18557
16034,18558
1871,18559
2335,18560
9441,18561
21585,18562
12327,18563
3788,18564
9464,18565
16030,18566
21779,18567
13588,18568
8171,18569
5176,18570
9465,18571
17538,18572
23490,18573
22202,18574
4010,18575
5850,18576
13845,18577
7271,18578
14742,18579
3621,18580
10878,18581
10514,18582
11204,18583
6573,18584
2312,18585
10986,18586
4200,18587
492,18588
493,18589
6866,18590
18950,18591
8544,18592
15410,18593
6496,18594
8552,18595
3951,18596
7869,18597
4371,18598
2924,18599
24187,18600
10155,18601
9149,18602
11483,18603
12150,18604
13863,18605
16927,18606
15912,18607
6401,18608
11160,18609
11612,18610
13993,18611
11930,18612
19406,18613
15823,18614
20569,18615
13213,18616
15557,18617
19732,18618
19735,18619
11508,18620
20536,18621
18128,18622
22711,18623
22221,18624
1838,18625
20533,18626
18124,18627
15816,18628
23950,18629
7400,18630
2422,18631
8689,18632
9119,18633
9242,18634
9471,18635
12113,18636
10242,18637
3768,18638
23404,18639
21427,18640
2896,18641
4025,18642
7186,18643
948,18644
23157,18645
16102,18646
5986,18647
6670,18648
24107,18649
22344,18650
23197,18651
3104,18652
947,18653
21453,18654
12205,18655
7358,18656
16777,18657
13978,18658
9490,18659
8549,18660
7866,18661
9553,18662
7311,18663
11445,18664
2379,18665
12527,18666
17109,18667
11735,18668
16357,18669
18732,18670
17876,18671
18674,18672
20417,18673
16281,18674
17034,18675
2174,18676
7843,18677
9210,18678
2543,18679
9554,18680
2378,18681
9555,18682
1641,18683
15389,18684
5889,18685
725,18686
9557,18687
6605,18688
9558,18689
9352,18690
20849,18691
10722,18692
14419,18693
7515,18694
2897,18695
6749,18696
4330,18697
8629,18698
19525,18699
3336,18700
5452,18701
3670,18702
6734,18703
2956,18704
2234,18705
6843,18706
7174,18707
23381,18708
8737,18709
17545,18710
13121,18711
5198,18712
9167,18713
19797,18714
10889,18715
12206,18716
19274,18717
3258,18718
6404,18719
6674,18720
17529,18721
22640,18722
7764,18723
8444,18724
7763,18725
14783,18726
16579,18727
19402,18728
21003,18729
2123,18730
21403,18731
18612,18732
12728,18733
12297,18734
21871,18735
22231,18736
4968,18737
13885,18738
5671,18739
3553,18740
18119,18741
20014,18742
1728,18743
21570,18744
20203,18745
7030,18746
8172,18747
5161,18748
8445,18749
15543,18750
13519,18751
21855,18752
15069,18753
22259,18754
14791,18755
23582,18756
15826,18757
17694,18758
2691,18759
16585,18760
535,18761
6349,18762
7033,18763
18490,18764
8446,18765
1254,18766
13196,18767
19772,18768
17810,18769
14315,18770
19415,18771
18938,18772
20998,18773
13525,18774
17690,18775
21386,18776
22241,18777
22216,18778
22524,18779
23096,18780
23454,18781
15829,18782
13518,18783
23076,18784
18416,18785
2450,18786
4091,18787
16589,18788
4265,18789
8578,18790
376,18791
771,18792
2246,18793
1238,18794
22919,18795
23553,18796
22696,18797
770,18798
14581,18799
7357,18800
18539,18801
16471,18802
20963,18803
21815,18804
6530,18805
8040,18806
19121,18807
18320,18808
17964,18809
7620,18810
3713,18811
15402,18812
21708,18813
16704,18814
3019,18815
3684,18816
1808,18817
10647,18818
22051,18819
21845,18820
5100,18821
4394,18822
10334,18823
1964,18824
21196,18825
22049,18826
2690,18827
18793,18828
3378,18829
19594,18830
4089,18831
22903,18832
4794,18833
20394,18834
530,18835
16465,18836
5829,18837
6197,18838
17217,18839
7222,18840
10655,18841
8582,18842
8731,18843
21576,18844
6797,18845
3748,18846
11461,18847
3055,18848
11585,18849
16472,18850
10960,18851
13965,18852
16268,18853
17763,18854
18562,18855
22662,18856
2626,18857
2655,18858
14767,18859
12525,18860
20959,18861
16420,18862
23647,18863
22057,18864
17056,18865
16303,18866
17813,18867
22235,18868
22597,18869
21380,18870
23958,18871
21360,18872
3326,18873
3419,18874
3556,18875
19291,18876
2845,18877
499,18878
14040,18879
5267,18880
10096,18881
5503,18882
21376,18883
18493,18884
16576,18885
17327,18886
6310,18887
6829,18888
6144,18889
12457,18890
6996,18891
7678,18892
7630,18893
2103,18894
8313,18895
2825,18896
13999,18897
11619,18898
15550,18899
17054,18900
17336,18901
17340,18902
18488,18903
18489,18904
8907,18905
11055,18906
8112,18907
5769,18908
9004,18909
4662,18910
10330,18911
22917,18912
3644,18913
9081,18914
17691,18915
8391,18916
7710,18917
23077,18918
9099,18919
9259,18920
9283,18921
19396,18922
14284,18923
9562,18924
8646,18925
9564,18926
23130,18927
16147,18928
20611,18929
5616,18930
21065,18931
648,18932
2035,18933
16476,18934
2756,18935
21228,18936
16261,18937
9566,18938
3742,18939
9567,18940
4449,18941
9569,18942
3739,18943
9576,18944
20474,18945
9586,18946
17413,18947
3966,18948
12010,18949
12802,18950
11152,18951
9588,18952
1288,18953
9589,18954
7803,18955
8121,18956
5041,18957
3622,18958
7113,18959
12181,18960
12275,18961
12014,18962
12806,18963
11611,18964
16634,18965
19403,18966
17333,18967
20541,18968
23580,18969
23956,18970
20091,18971
23094,18972
22233,18973
22213,18974
13773,18975
4597,18976
5376,18977
12807,18978
12015,18979
12405,18980
15128,18981
20200,18982
20548,18983
23954,18984
2692,18985
15078,18986
5955,18987
11553,18988
11139,18989
13874,18990
15118,18991
8755,18992
24148,18993
22705,18994
6113,18995
3057,18996
15395,18997
10049,18998
14164,18999
10017,19000
11574,19001
13950,19002
15515,19003
14754,19004
16265,19005
17018,19006
17172,19007
1908,19008
13318,19009
20175,19010
12524,19011
20281,19012
19599,19013
22663,19014
23502,19015
23520,19016
23537,19017
21978,19018
8199,19019
8225,19020
11732,19021
19483,19022
20398,19023
21017,19024
13210,19025
19740,19026
11506,19027
18934,19028
18133,19029
18117,19030
21869,19031
20545,19032
17693,19033
7709,19034
8390,19035
20525,19036
12183,19037
1752,19038
23286,19039
10924,19040
23563,19041
7281,19042
8906,19043
8908,19044
9519,19045
16664,19046
9124,19047
12403,19048
15072,19049
17805,19050
16572,19051
20570,19052
14004,19053
2120,19054
13092,19055
23565,19056
17326,19057
2842,19058
677,19059
18918,19060
23368,19061
317,19062
19145,19063
17804,19064
4262,19065
8879,19066
10734,19067
13048,19068
7966,19069
13172,19070
13319,19071
14741,19072
15503,19073
19358,19074
18556,19075
22665,19076
4056,19077
3350,19078
6141,19079
6920,19080
11777,19081
8619,19082
10956,19083
10957,19084
11663,19085
11056,19086
13246,19087
12569,19088
16267,19089
17020,19090
20166,19091
10372,19092
23523,19093
22666,19094
2728,19095
2006,19096
5468,19097
4766,19098
6568,19099
11662,19100
12456,19101
19598,19102
6832,19103
22830,19104
7607,19105
8291,19106
3954,19107
4354,19108
9028,19109
11778,19110
9590,19111
10373,19112
9609,19113
4376,19114
20869,19115
2232,19116
2954,19117
5069,19118
13767,19119
3184,19120
9612,19121
7195,19122
3949,19123
19798,19124
4374,19125
9619,19126
1424,19127
9515,19128
702,19129
2874,19130
11154,19131
10471,19132
2140,19133
14580,19134
8041,19135
14696,19136
19133,19137
20242,19138
506,19139
11059,19140
20409,19141
17045,19142
16292,19143
20204,19144
16541,19145
871,19146
16911,19147
11394,19148
18453,19149
19256,19150
11393,19151
10708,19152
3696,19153
14766,19154
5042,19155
7260,19156
6576,19157
11363,19158
6856,19159
8122,19160
12027,19161
12819,19162
15928,19163
12993,19164
3171,19165
15269,19166
5463,19167
8483,19168
8826,19169
7802,19170
4331,19171
14397,19172
14575,19173
1734,19174
15270,19175
3303,19176
11414,19177
4759,19178
6440,19179
884,19180
11464,19181
18450,19182
19012,19183
18213,19184
11390,19185
10978,19186
11561,19187
1202,19188
1211,19189
13941,19190
13944,19191
14733,19192
11321,19193
17004,19194
17447,19195
19354,19196
10624,19197
20948,19198
2247,19199
23408,19200
23512,19201
2632,19202
11323,19203
2643,19204
2969,19205
3051,19206
2328,19207
12360,19208
16246,19209
11324,19210
19349,19211
20150,19212
20950,19213
1516,19214
2958,19215
3323,19216
4028,19217
2235,19218
4040,19219
2957,19220
4387,19221
5081,19222
6140,19223
6509,19224
6524,19225
7199,19226
20067,19227
10620,19228
11305,19229
2934,19230
14577,19231
7202,19232
378,19233
6518,19234
7208,19235
15408,19236
10630,19237
7216,19238
7359,19239
23290,19240
12359,19241
438,19242
5886,19243
7521,19244
7522,19245
7963,19246
803,19247
4650,19248
8105,19249
790,19250
19800,19251
8203,19252
7896,19253
3942,19254
804,19255
2970,19256
8566,19257
768,19258
8623,19259
10283,19260
10972,19261
1197,19262
1208,19263
2646,19264
3678,19265
4372,19266
2538,19267
3664,19268
5354,19269
4386,19270
7893,19271
2213,19272
15338,19273
796,19274
801,19275
4651,19276
1521,19277
8208,19278
20599,19279
15409,19280
18201,19281
19001,19282
8647,19283
16251,19284
16999,19285
19352,19286
20147,19287
20152,19288
13627,19289
20153,19290
2228,19291
2624,19292
2968,19293
3726,19294
10286,19295
10298,19296
10969,19297
1910,19298
1921,19299
15946,19300
1924,19301
1504,19302
1815,19303
3334,19304
3681,19305
5088,19306
5353,19307
4389,19308
5096,19309
5790,19310
6529,19311
6836,19312
7215,19313
5352,19314
6531,19315
7422,19316
3671,19317
4379,19318
784,19319
11300,19320
7868,19321
8106,19322
7879,19323
8204,19324
8536,19325
13788,19326
8537,19327
21665,19328
1732,19329
8551,19330
2540,19331
6503,19332
7188,19333
8562,19334
1488,19335
12995,19336
8576,19337
4652,19338
7213,19339
10636,19340
769,19341
16846,19342
8579,19343
8735,19344
24152,19345
1159,19346
22661,19347
8660,19348
14628,19349
10057,19350
15660,19351
13254,19352
22848,19353
11667,19354
12461,19355
18026,19356
20428,19357
19360,19358
8805,19359
11316,19360
8917,19361
2967,19362
3943,19363
2244,19364
4388,19365
767,19366
13787,19367
8919,19368
8926,19369
9224,19370
9227,19371
16847,19372
10784,19373
17553,19374
13900,19375
17484,19376
9257,19377
9267,19378
9272,19379
3944,19380
9275,19381
3234,19382
10638,19383
1520,19384
1489,19385
16094,19386
1731,19387
13728,19388
21761,19389
15971,19390
4642,19391
16726,19392
6994,19393
4856,19394
22855,19395
3440,19396
12581,19397
4148,19398
18824,19399
20160,19400
9277,19401
1095,19402
9339,19403
5110,19404
12390,19405
5462,19406
6439,19407
7123,19408
12270,19409
5043,19410
5747,19411
13608,19412
13786,19413
2457,19414
9416,19415
9418,19416
21596,19417
20909,19418
12847,19419
22655,19420
9489,19421
7194,19422
7874,19423
9568,19424
1606,19425
13843,19426
10729,19427
6500,19428
9608,19429
7883,19430
1812,19431
12042,19432
14417,19433
9225,19434
22521,19435
2455,19436
13716,19437
14706,19438
15205,19439
11451,19440
14424,19441
20954,19442
6995,19443
20253,19444
2812,19445
19456,19446
22939,19447
3437,19448
22084,19449
4051,19450
9614,19451
11293,19452
9616,19453
2223,19454
9628,19455
11960,19456
9644,19457
10472,19458
8838,19459
12007,19460
14377,19461
9659,19462
13481,19463
7455,19464
9684,19465
18798,19466
18611,19467
12418,19468
16304,19469
16575,19470
19747,19471
20892,19472
22237,19473
12730,19474
21358,19475
23456,19476
9687,19477
18796,19478
14002,19479
11626,19480
14793,19481
15555,19482
15822,19483
16192,19484
15065,19485
23092,19486
12298,19487
11934,19488
12725,19489
12717,19490
24232,19491
5297,19492
14495,19493
442,19494
3747,19495
7029,19496
15438,19497
6345,19498
5670,19499
11926,19500
21652,19501
4595,19502
12907,19503
18603,19504
9561,19505
3054,19506
22547,19507
9688,19508
22053,19509
14795,19510
14006,19511
20534,19512
20895,19513
14300,19514
11929,19515
17319,19516
22485,19517
5317,19518
21564,19519
2603,19520
4451,19521
13049,19522
7962,19523
13372,19524
11586,19525
12366,19526
13161,19527
13954,19528
14753,19529
15514,19530
11731,19531
16254,19532
17743,19533
11057,19534
17777,19535
20184,19536
17171,19537
11680,19538
21977,19539
21935,19540
22056,19541
22829,19542
23522,19543
23765,19544
22723,19545
569,19546
6826,19547
11664,19548
6830,19549
12364,19550
14832,19551
6056,19552
7166,19553
7518,19554
23687,19555
22789,19556
19600,19557
14001,19558
17058,19559
11933,19560
8224,19561
8246,19562
19606,19563
8256,19564
18928,19565
8292,19566
3245,19567
4074,19568
18804,19569
12401,19570
11607,19571
15853,19572
21735,19573
17354,19574
16316,19575
11901,19576
5065,19577
1240,19578
21209,19579
4784,19580
23776,19581
6201,19582
17048,19583
11959,19584
22588,19585
13541,19586
17069,19587
22203,19588
15441,19589
12695,19590
11904,19591
18903,19592
21629,19593
22540,19594
2600,19595
13631,19596
538,19597
15039,19598
8264,19599
14273,19600
14680,19601
22201,19602
21345,19603
13479,19604
22484,19605
8840,19606
13483,19607
14274,19608
22198,19609
8975,19610
16548,19611
6765,19612
15041,19613
15798,19614
23059,19615
9522,19616
16546,19617
17296,19618
23921,19619
23343,19620
341,19621
22419,19622
21780,19623
15796,19624
448,19625
15201,19626
11466,19627
3735,19628
9658,19629
19712,19630
9689,19631
6741,19632
10574,19633
1955,19634
13368,19635
9703,19636
10694,19637
12266,19638
13851,19639
7929,19640
11379,19641
10671,19642
3693,19643
18624,19644
17978,19645
1999,19646
20221,19647
14143,19648
22030,19649
22726,19650
17208,19651
23585,19652
11763,19653
2973,19654
3413,19655
16456,19656
4829,19657
23741,19658
5531,19659
12554,19660
805,19661
18465,19662
5800,19663
13352,19664
18628,19665
8613,19666
9303,19667
11356,19668
2974,19669
22733,19670
18052,19671
9710,19672
23769,19673
15549,19674
16302,19675
15835,19676
17812,19677
16582,19678
20890,19679
13523,19680
14313,19681
21743,19682
18941,19683
18140,19684
22721,19685
14307,19686
19293,19687
23074,19688
23369,19689
3180,19690
9760,19691
23345,19692
1773,19693
24141,19694
10930,19695
8650,19696
9774,19697
13740,19698
3222,19699
12305,19700
23230,19701
8681,19702
13825,19703
8897,19704
681,19705
9779,19706
15872,19707
12976,19708
1038,19709
13137,19710
23778,19711
319,19712
2415,19713
3137,19714
4937,19715
5540,19716
6205,19717
19591,19718
6219,19719
6562,19720
20857,19721
22559,19722
5801,19723
1576,19724
3686,19725
6904,19726
18098,19727
8584,19728
807,19729
9326,19730
7246,19731
5350,19732
11331,19733
22043,19734
5510,19735
4809,19736
18086,19737
7901,19738
7221,19739
10345,19740
10347,19741
11030,19742
17986,19743
18786,19744
19587,19745
1975,19746
20387,19747
2250,19748
3389,19749
17214,19750
4100,19751
22895,19752
6213,19753
2823,19754
9661,19755
21189,19756
9780,19757
9792,19758
12151,19759
4637,19760
24137,19761
2602,19762
3069,19763
18447,19764
468,19765
12798,19766
5175,19767
18712,19768
20059,19769
2287,19770
2769,19771
7175,19772
5364,19773
5072,19774
3366,19775
12006,19776
16928,19777
16658,19778
517,19779
18981,19780
8960,19781
15909,19782
15419,19783
17412,19784
18181,19785
11150,19786
16809,19787
9793,19788
12163,19789
21687,19790
8880,19791
4472,19792
9794,19793
15324,19794
7370,19795
15276,19796
12334,19797
2593,19798
8443,19799
926,19800
11455,19801
2363,19802
4898,19803
22563,19804
15193,19805
2677,19806
20406,19807
3461,19808
4363,19809
3953,19810
5073,19811
3365,19812
515,19813
5485,19814
22063,19815
16295,19816
15542,19817
18150,19818
23445,19819
12750,19820
11026,19821
11027,19822
15797,19823
18907,19824
7454,19825
20512,19826
19711,19827
19708,19828
22507,19829
7559,19830
7760,19831
11481,19832
3587,19833
13589,19834
7762,19835
3259,19836
15153,19837
8263,19838
13485,19839
16194,19840
11903,19841
12694,19842
11896,19843
23367,19844
318,19845
4720,19846
11422,19847
9114,19848
14561,19849
9521,19850
23926,19851
21347,19852
12687,19853
24231,19854
5298,19855
14493,19856
14713,19857
17733,19858
900,19859
20045,19860
1620,19861
19618,19862
5448,19863
17934,19864
19479,19865
23691,19866
20277,19867
21981,19868
14844,19869
11252,19870
15604,19871
10569,19872
10862,19873
1472,19874
7552,19875
7946,19876
10296,19877
11303,19878
13313,19879
3335,19880
16700,19881
1096,19882
380,19883
6512,19884
7197,19885
5772,19886
12972,19887
3893,19888
7206,19889
6522,19890
4358,19891
17579,19892
2480,19893
23298,19894
23485,19895
3089,19896
15386,19897
2367,19898
12026,19899
8460,19900
14777,19901
13568,19902
12286,19903
21398,19904
22253,19905
15115,19906
7569,19907
19766,19908
14667,19909
18159,19910
18960,19911
16622,19912
8927,19913
18999,19914
7423,19915
5085,19916
5787,19917
3648,19918
12177,19919
1757,19920
9646,19921
18006,19922
13193,19923
13986,19924
15854,19925
11501,19926
17355,19927
4096,19928
22205,19929
537,19930
4255,19931
6764,19932
23928,19933
7579,19934
17299,19935
16947,19936
8839,19937
20514,19938
18107,19939
23922,19940
20000,19941
9795,19942
21667,19943
290,19944
12126,19945
13123,19946
22287,19947
9486,19948
23998,19949
7657,19950
18460,19951
10687,19952
3368,19953
4241,19954
5484,19955
19607,19956
17047,19957
14780,19958
4977,19959
13086,19960
7654,19961
8963,19962
18805,19963
11606,19964
12400,19965
13542,19966
12293,19967
15097,19968
1256,19969
21348,19970
4806,19971
18909,19972
6079,19973
20516,19974
21349,19975
18904,19976
6894,19977
14277,19978
14679,19979
15799,19980
15042,19981
8134,19982
23065,19983
12696,19984
18104,19985
20814,19986
9414,19987
23280,19988
6802,19989
9796,19990
9116,19991
3586,19992
12975,19993
6688,19994
13108,19995
14816,19996
2310,19997
11467,19998
16157,19999
10023,20000
18454,20001
3727,20002
4435,20003
5151,20004
19251,20005
21699,20006
22549,20007
2327,20008
3050,20009
12355,20010
13943,20011
13948,20012
15500,20013
1502,20014
17392,20015
22657,20016
11314,20017
22659,20018
4740,20019
10602,20020
5095,20021
5441,20022
4377,20023
5798,20024
6523,20025
6594,20026
7256,20027
10293,20028
10973,20029
10629,20030
16162,20031
1514,20032
1913,20033
3669,20034
3237,20035
4749,20036
11322,20037
1809,20038
477,20039
5788,20040
5086,20041
5797,20042
20066,20043
3679,20044
10637,20045
6848,20046
7278,20047
11564,20048
13149,20049
13150,20050
13942,20051
14736,20052
1522,20053
15497,20054
13626,20055
16253,20056
20955,20057
2243,20058
23514,20059
23516,20060
2961,20061
4285,20062
4434,20063
10966,20064
10979,20065
10982,20066
1198,20067
1200,20068
14415,20069
2966,20070
2532,20071
4041,20072
5358,20073
6508,20074
7527,20075
7207,20076
10856,20077
7531,20078
7533,20079
782,20080
1102,20081
783,20082
4658,20083
16696,20084
7193,20085
7887,20086
789,20087
3946,20088
2955,20089
2233,20090
11266,20091
19997,20092
6007,20093
19153,20094
12331,20095
23518,20096
4485,20097
794,20098
10584,20099
20797,20100
321,20101
7944,20102
4404,20103
16279,20104
10520,20105
4760,20106
11203,20107
11476,20108
799,20109
1519,20110
1486,20111
8213,20112
8215,20113
835,20114
13977,20115
15173,20116
8535,20117
23363,20118
1041,20119
20744,20120
13126,20121
1637,20122
13044,20123
16715,20124
4913,20125
4155,20126
3514,20127
20264,20128
18823,20129
3448,20130
19627,20131
1218,20132
7513,20133
8556,20134
5360,20135
7873,20136
8570,20137
8626,20138
7943,20139
2999,20140
15527,20141
14400,20142
3346,20143
13611,20144
6065,20145
15174,20146
15931,20147
10509,20148
8916,20149
802,20150
19269,20151
11325,20152
10640,20153
8923,20154
2238,20155
6733,20156
4383,20157
3675,20158
8929,20159
10619,20160
4656,20161
9222,20162
22503,20163
10127,20164
23302,20165
22623,20166
5901,20167
16140,20168
5200,20169
6308,20170
591,20171
19553,20172
22759,20173
12579,20174
23617,20175
22937,20176
6165,20177
9244,20178
9254,20179
9264,20180
9270,20181
9271,20182
9274,20183
9276,20184
9358,20185
10042,20186
11389,20187
10287,20188
1206,20189
12356,20190
12357,20191
13946,20192
14739,20193
1510,20194
15498,20195
16248,20196
17753,20197
1926,20198
21803,20199
2635,20200
3676,20201
4029,20202
4365,20203
4370,20204
4384,20205
16916,20206
4741,20207
3656,20208
10176,20209
2220,20210
2942,20211
4752,20212
479,20213
5093,20214
6163,20215
6517,20216
6527,20217
6528,20218
6845,20219
6846,20220
3662,20221
1817,20222
5782,20223
5079,20224
3649,20225
12178,20226
1756,20227
7171,20228
7184,20229
7211,20230
15407,20231
7212,20232
2533,20233
11320,20234
10635,20235
766,20236
15323,20237
7374,20238
7864,20239
6052,20240
6499,20241
11287,20242
5773,20243
7878,20244
7891,20245
8209,20246
15949,20247
10172,20248
16701,20249
17452,20250
8557,20251
8561,20252
3948,20253
7198,20254
6513,20255
10583,20256
16078,20257
8565,20258
5356,20259
20598,20260
19799,20261
8574,20262
7851,20263
24227,20264
9251,20265
18469,20266
9797,20267
12277,20268
13586,20269
14376,20270
10467,20271
9799,20272
11613,20273
19769,20274
15556,20275
16310,20276
18126,20277
21006,20278
21370,20279
23081,20280
23569,20281
23943,20282
23946,20283
403,20284
22220,20285
7452,20286
18927,20287
19733,20288
12713,20289
17562,20290
9800,20291
13861,20292
9801,20293
10203,20294
9803,20295
13991,20296
18604,20297
18929,20298
20539,20299
23120,20300
11628,20301
16306,20302
19738,20303
11507,20304
23945,20305
23457,20306
23083,20307
18926,20308
7705,20309
14532,20310
6709,20311
21565,20312
13200,20313
447,20314
3049,20315
13050,20316
2326,20317
13966,20318
15502,20319
18726,20320
22645,20321
17849,20322
5537,20323
7014,20324
12368,20325
12369,20326
11577,20327
13158,20328
13173,20329
13956,20330
11576,20331
14768,20332
19530,20333
19531,20334
17880,20335
20328,20336
14059,20337
20397,20338
21814,20339
23764,20340
12421,20341
11627,20342
16309,20343
14301,20344
19418,20345
22600,20346
13511,20347
23082,20348
21747,20349
23086,20350
12300,20351
23944,20352
21366,20353
23948,20354
21369,20355
13504,20356
12152,20357
6855,20358
14042,20359
7514,20360
17098,20361
7429,20362
757,20363
6877,20364
20405,20365
8386,20366
13742,20367
6025,20368
12902,20369
21859,20370
12720,20371
8388,20372
8911,20373
17928,20374
18678,20375
14158,20376
19417,20377
14005,20378
14794,20379
18614,20380
18135,20381
19294,20382
20543,20383
19742,20384
15060,20385
23088,20386
12299,20387
22227,20388
21372,20389
23949,20390
13886,20391
17323,20392
15066,20393
16567,20394
15299,20395
8008,20396
10147,20397
13707,20398
20201,20399
18936,20400
2596,20401
1612,20402
20845,20403
9591,20404
4836,20405
387,20406
3369,20407
3533,20408
13987,20409
13194,20410
16603,20411
20884,20412
18149,20413
10343,20414
12693,20415
6895,20416
21346,20417
16195,20418
15795,20419
15038,20420
13478,20421
16808,20422
7580,20423
16544,20424
15442,20425
15037,20426
15794,20427
15792,20428
17560,20429
8135,20430
17297,20431
16547,20432
9804,20433
17674,20434
14382,20435
12012,20436
983,20437
6864,20438
570,20439
23757,20440
10349,20441
11033,20442
5509,20443
18879,20444
9834,20445
12971,20446
1043,20447
18341,20448
1883,20449
18212,20450
23407,20451
15959,20452
2221,20453
8219,20454
15930,20455
10879,20456
17434,20457
16683,20458
9844,20459
10519,20460
10505,20461
2426,20462
3224,20463
19939,20464
8177,20465
4446,20466
13051,20467
7958,20468
6493,20469
9845,20470
9889,20471
3955,20472
2918,20473
6417,20474
15538,20475
16291,20476
18959,20477
13872,20478
23114,20479
22578,20480
18157,20481
18958,20482
8254,20483
682,20484
16184,20485
4984,20486
4274,20487
15114,20488
20784,20489
2498,20490
13893,20491
23231,20492
5920,20493
13032,20494
6128,20495
7997,20496
13320,20497
16256,20498
16358,20499
14113,20500
17110,20501
12526,20502
11677,20503
12471,20504
22929,20505
19385,20506
15530,20507
4332,20508
9847,20509
7438,20510
9159,20511
9166,20512
9151,20513
12162,20514
13862,20515
12804,20516
15418,20517
15157,20518
15914,20519
15127,20520
12419,20521
13209,20522
15073,20523
15554,20524
16663,20525
13990,20526
17692,20527
18131,20528
18164,20529
17060,20530
18130,20531
19405,20532
20215,20533
20546,20534
19745,20535
15819,20536
20785,20537
21005,20538
17325,20539
16191,20540
18931,20541
21371,20542
21856,20543
18932,20544
16190,20545
13514,20546
21857,20547
20538,20548
22229,20549
22710,20550
23085,20551
23581,20552
2121,20553
22598,20554
15071,20555
15828,20556
11123,20557
18391,20558
339,20559
12913,20560
13197,20561
1873,20562
10047,20563
2843,20564
3908,20565
24151,20566
13988,20567
15830,20568
3910,20569
19930,20570
21791,20571
18898,20572
4802,20573
4969,20574
5672,20575
23455,20576
4263,20577
3554,20578
6110,20579
5862,20580
16151,20581
6202,20582
21374,20583
15437,20584
23952,20585
23090,20586
6763,20587
22226,20588
23087,20589
7457,20590
23912,20591
20502,20592
1998,20593
15699,20594
17075,20595
16322,20596
21297,20597
1138,20598
22152,20599
22186,20600
9079,20601
24208,20602
1058,20603
19944,20604
1164,20605
9363,20606
13841,20607
9520,20608
13590,20609
14380,20610
12407,20611
20202,20612
12724,20613
14675,20614
14305,20615
13515,20616
17320,20617
19192,20618
23567,20619
2119,20620
16944,20621
15824,20622
23568,20623
19734,20624
16945,20625
18127,20626
23947,20627
11924,20628
13753,20629
21686,20630
5316,20631
9891,20632
7779,20633
12398,20634
20567,20635
23434,20636
22255,20637
21400,20638
15873,20639
21666,20640
291,20641
6198,20642
23116,20643
15429,20644
21399,20645
16630,20646
17374,20647
13793,20648
10782,20649
11512,20650
9650,20651
23979,20652
16938,20653
15124,20654
15881,20655
15116,20656
22522,20657
9895,20658
4075,20659
23775,20660
5486,20661
18005,20662
5501,20663
17796,20664
13540,20665
20085,20666
9896,20667
22466,20668
6715,20669
9900,20670
12157,20671
3914,20672
9903,20673
21647,20674
4599,20675
22429,20676
8875,20677
5892,20678
13042,20679
1643,20680
14399,20681
9904,20682
9906,20683
9907,20684
16093,20685
294,20686
9909,20687
16095,20688
5992,20689
19961,20690
19312,20691
15215,20692
23511,20693
10642,20694
8099,20695
16731,20696
17169,20697
10984,20698
21908,20699
4931,20700
1312,20701
22085,20702
4859,20703
19628,20704
4050,20705
19361,20706
9911,20707
11014,20708
15908,20709
13070,20710
17411,20711
16659,20712
5711,20713
17561,20714
10148,20715
19942,20716
3301,20717
5437,20718
15150,20719
5877,20720
12252,20721
3763,20722
7561,20723
7758,20724
8837,20725
9643,20726
12800,20727
14657,20728
14378,20729
15151,20730
5007,20731
15298,20732
9916,20733
10596,20734
2925,20735
24188,20736
366,20737
14489,20738
10933,20739
905,20740
9920,20741
9238,20742
9901,20743
15308,20744
1065,20745
12906,20746
9563,20747
5174,20748
13839,20749
7286,20750
14110,20751
18660,20752
22847,20753
17862,20754
20262,20755
13375,20756
22083,20757
11573,20758
9922,20759
8108,20760
9240,20761
2944,20762
10582,20763
20795,20764
5300,20765
22424,20766
7491,20767
8657,20768
14631,20769
10054,20770
18723,20771
20259,20772
14913,20773
20260,20774
21061,20775
11787,20776
23798,20777
20956,20778
9923,20779
6737,20780
2945,20781
8547,20782
11269,20783
9924,20784
10174,20785
11289,20786
10604,20787
2202,20788
18371,20789
10839,20790
12908,20791
1165,20792
17466,20793
13838,20794
7288,20795
8478,20796
9925,20797
2204,20798
21613,20799
10837,20800
16787,20801
8878,20802
2348,20803
13045,20804
910,20805
7676,20806
18665,20807
1366,20808
1319,20809
11784,20810
600,20811
17225,20812
15510,20813
9926,20814
383,20815
5078,20816
5781,20817
11265,20818
15321,20819
9927,20820
7853,20821
22520,20822
2456,20823
18347,20824
4717,20825
19018,20826
16146,20827
3772,20828
19528,20829
1316,20830
17951,20831
23623,20832
11789,20833
490,20834
597,20835
19629,20836
20159,20837
2651,20838
8195,20839
10608,20840
3242,20841
993,20842
22362,20843
21485,20844
16347,20845
11397,20846
16156,20847
10712,20848
16264,20849
14955,20850
17229,20851
14835,20852
15594,20853
1596,20854
17100,20855
17652,20856
10717,20857
17851,20858
10718,20859
16908,20860
18649,20861
1933,20862
19364,20863
19453,20864
23783,20865
23786,20866
2654,20867
18814,20868
3038,20869
19253,20870
2315,20871
20962,20872
22068,20873
3347,20874
4055,20875
22071,20876
4132,20877
11395,20878
16910,20879
17654,20880
10710,20881
1221,20882
18014,20883
20162,20884
17221,20885
3036,20886
17015,20887
1906,20888
11280,20889
19616,20890
3329,20891
4053,20892
20413,20893
4762,20894
11781,20895
4841,20896
5075,20897
5143,20898
16909,20899
11399,20900
12365,20901
1564,20902
10685,20903
18011,20904
19614,20905
21702,20906
4436,20907
1220,20908
15509,20909
14162,20910
4948,20911
5449,20912
1498,20913
5467,20914
22073,20915
5469,20916
21217,20917
5542,20918
11402,20919
15398,20920
1597,20921
1219,20922
13370,20923
1223,20924
16262,20925
18015,20926
18451,20927
20163,20928
22923,20929
4763,20930
4243,20931
18586,20932
5474,20933
5651,20934
6253,20935
2311,20936
20052,20937
1591,20938
11575,20939
19363,20940
19615,20941
20960,20942
20416,20943
6938,20944
6939,20945
20359,20946
577,20947
2818,20948
1296,20949
2014,20950
21232,20951
22087,20952
7013,20953
7266,20954
12367,20955
17021,20956
2108,20957
19386,20958
21218,20959
4949,20960
7622,20961
1592,20962
23411,20963
10709,20964
14750,20965
17764,20966
21219,20967
17786,20968
6329,20969
7541,20970
20414,20971
2659,20972
8306,20973
7942,20974
22554,20975
23412,20976
11392,20977
20411,20978
870,20979
22553,20980
1590,20981
20164,20982
23519,20983
19617,20984
4950,20985
3354,20986
8223,20987
4244,20988
873,20989
19255,20990
3035,20991
15511,20992
16470,20993
18563,20994
18564,20995
18813,20996
22928,20997
877,20998
14638,20999
10033,21000
1193,21001
13953,21002
16154,21003
20415,21004
2653,21005
3040,21006
13162,21007
21812,21008
22664,21009
23787,21010
2830,21011
3349,21012
3535,21013
17787,21014
4035,21015
4061,21016
5465,21017
18810,21018
1239,21019
5476,21020
5652,21021
19387,21022
7538,21023
12573,21024
502,21025
774,21026
1819,21027
1494,21028
11010,21029
16925,21030
15159,21031
16118,21032
19770,21033
14356,21034
17353,21035
15095,21036
18147,21037
778,21038
10858,21039
7865,21040
8910,21041
19359,21042
11334,21043
22571,21044
1528,21045
2252,21046
5770,21047
12226,21048
18430,21049
20739,21050
15234,21051
5924,21052
3810,21053
20641,21054
14546,21055
15372,21056
8915,21057
1524,21058
17667,21059
9021,21060
15956,21061
13846,21062
14641,21063
15199,21064
13955,21065
21810,21066
23521,21067
18815,21068
3536,21069
4245,21070
6575,21071
19612,21072
4783,21073
9337,21074
16266,21075
18016,21076
19365,21077
20186,21078
18585,21079
3537,21080
4060,21081
5473,21082
6170,21083
22927,21084
1937,21085
20187,21086
9341,21087
14640,21088
10025,21089
14748,21090
15714,21091
4765,21092
23788,21093
4771,21094
3253,21095
4772,21096
500,21097
22926,21098
19388,21099
10877,21100
10527,21101
6194,21102
8133,21103
18179,21104
15362,21105
13565,21106
13557,21107
18122,21108
20530,21109
18916,21110
19722,21111
20518,21112
18422,21113
9168,21114
2682,21115
11485,21116
15901,21117
13814,21118
14354,21119
17370,21120
23941,21121
23079,21122
15057,21123
14292,21124
18911,21125
9347,21126
9450,21127
17785,21128
18316,21129
24056,21130
23196,21131
22310,21132
13649,21133
3102,21134
12161,21135
23401,21136
19134,21137
13186,21138
7097,21139
10885,21140
6413,21141
5721,21142
698,21143
1420,21144
7754,21145
12956,21146
22542,21147
13687,21148
13903,21149
15575,21150
13629,21151
12261,21152
17655,21153
19008,21154
18209,21155
11362,21156
13184,21157
18194,21158
20852,21159
12836,21160
12043,21161
4445,21162
11465,21163
20047,21164
22550,21165
21423,21166
20608,21167
10018,21168
10299,21169
10301,21170
1203,21171
12358,21172
12361,21173
12362,21174
13949,21175
1501,21176
15131,21177
16250,21178
17749,21179
19351,21180
1513,21181
19353,21182
11313,21183
4448,21184
469,21185
470,21186
4757,21187
486,21188
5074,21189
5084,21190
5091,21191
5154,21192
11566,21193
11570,21194
1191,21195
13155,21196
15944,21197
18549,21198
18554,21199
23984,21200
3322,21201
2236,21202
3661,21203
3725,21204
10985,21205
10987,21206
1207,21207
1508,21208
2640,21209
3337,21210
3342,21211
10595,21212
4047,21213
1496,21214
4369,21215
10857,21216
2225,21217
2947,21218
4742,21219
11279,21220
4755,21221
482,21222
2237,21223
5362,21224
1493,21225
5454,21226
5457,21227
10612,21228
5786,21229
1813,21230
4375,21231
6154,21232
1512,21233
6166,21234
18994,21235
6498,21236
6511,21237
7183,21238
7192,21239
1816,21240
7196,21241
2537,21242
7233,21243
11599,21244
7259,21245
10021,21246
2276,21247
7421,21248
5793,21249
3674,21250
3647,21251
16820,21252
5319,21253
7524,21254
2240,21255
16161,21256
7543,21257
17435,21258
6750,21259
18195,21260
18995,21261
773,21262
776,21263
10860,21264
7787,21265
16064,21266
17640,21267
16784,21268
10936,21269
5153,21270
5464,21271
781,21272
16918,21273
10607,21274
11292,21275
763,21276
14538,21277
19240,21278
17540,21279
6800,21280
7872,21281
3950,21282
788,21283
2536,21284
18998,21285
18198,21286
764,21287
12954,21288
19239,21289
7886,21290
377,21291
8232,21292
16345,21293
8375,21294
2721,21295
21023,21296
21879,21297
11821,21298
8479,21299
13855,21300
7798,21301
8555,21302
6507,21303
10581,21304
8559,21305
7876,21306
11264,21307
15309,21308
5320,21309
8573,21310
8806,21311
792,21312
5792,21313
1482,21314
15307,21315
8827,21316
7121,21317
7799,21318
887,21319
1607,21320
10704,21321
10968,21322
10980,21323
10983,21324
11563,21325
1190,21326
12833,21327
13152,21328
13156,21329
17000,21330
1518,21331
18548,21332
11318,21333
20149,21334
20151,21335
2231,21336
2953,21337
1098,21338
1507,21339
3659,21340
4382,21341
491,21342
2227,21343
2539,21344
15187,21345
5780,21346
6825,21347
12040,21348
6839,21349
6847,21350
5077,21351
6051,21352
4368,21353
3660,21354
10580,21355
7885,21356
798,21357
18468,21358
5796,21359
5094,21360
2928,21361
8206,21362
10633,21363
16915,21364
7210,21365
6526,21366
8554,21367
2929,21368
13748,21369
20036,21370
22428,21371
11569,21372
4003,21373
3072,21374
8807,21375
8918,21376
8921,21377
7890,21378
6048,21379
797,21380
1517,21381
2206,21382
8697,21383
8925,21384
17450,21385
2534,21386
15191,21387
15948,21388
1484,21389
912,21390
9235,21391
8810,21392
4364,21393
9253,21394
9273,21395
9491,21396
7863,21397
8546,21398
11263,21399
16819,21400
5321,21401
9592,21402
1497,21403
8109,21404
777,21405
9607,21406
8568,21407
1811,21408
6521,21409
7205,21410
9617,21411
4367,21412
8809,21413
9635,21414
8131,21415
16667,21416
9639,21417
6760,21418
7090,21419
16870,21420
22258,21421
18152,21422
15852,21423
19757,21424
2118,21425
7704,21426
7024,21427
18110,21428
22529,21429
4576,21430
9706,21431
18759,21432
10390,21433
11076,21434
13379,21435
14171,21436
1905,21437
2627,21438
3328,21439
2975,21440
21719,21441
4393,21442
7899,21443
23430,21444
9843,21445
6425,21446
17569,21447
4621,21448
17535,21449
14749,21450
6437,21451
7495,21452
3740,21453
14637,21454
7275,21455
6495,21456
9921,21457
7425,21458
10601,21459
11286,21460
1483,21461
12158,21462
3913,21463
14492,21464
13920,21465
1631,21466
21695,21467
2350,21468
5442,21469
8360,21470
2036,21471
21994,21472
21067,21473
17227,21474
21919,21475
14961,21476
15508,21477
17014,21478
6851,21479
8935,21480
8218,21481
7859,21482
9930,21483
1101,21484
9248,21485
9931,21486
9932,21487
4359,21488
9933,21489
10614,21490
7172,21491
18401,21492
10812,21493
20745,21494
12332,21495
3085,21496
9935,21497
19271,21498
7875,21499
9936,21500
1814,21501
11302,21502
10617,21503
9902,21504
13749,21505
3912,21506
16790,21507
17003,21508
7484,21509
20618,21510
15387,21511
3781,21512
4911,21513
5558,21514
4225,21515
17856,21516
18654,21517
14166,21518
21227,21519
6852,21520
9937,21521
7852,21522
19203,21523
322,21524
9938,21525
9255,21526
6487,21527
20796,21528
10128,21529
17542,21530
13153,21531
11304,21532
18526,21533
3778,21534
13835,21535
5191,21536
7677,21537
14745,21538
15506,21539
19467,21540
4928,21541
20265,21542
21229,21543
2757,21544
20426,21545
497,21546
2652,21547
4052,21548
9236,21549
9939,21550
3239,21551
9940,21552
3238,21553
11306,21554
10621,21555
11270,21556
17596,21557
10102,21558
9942,21559
7882,21560
10585,21561
24245,21562
9419,21563
22436,21564
16986,21565
11308,21566
21776,21567
4492,21568
13833,21569
21434,21570
4654,21571
7122,21572
9943,21573
2535,21574
9260,21575
9946,21576
9263,21577
4357,21578
21626,21579
4617,21580
24159,21581
21805,21582
22629,21583
15208,21584
13037,21585
21436,21586
20326,21587
22763,21588
18750,21589
18658,21590
17226,21591
4153,21592
14960,21593
7539,21594
9947,21595
22572,21596
10628,21597
15192,21598
1485,21599
17581,21600
9948,21601
9488,21602
9265,21603
2959,21604
9949,21605
8104,21606
2960,21607
9950,21608
9487,21609
8571,21610
7888,21611
9908,21612
12996,21613
10101,21614
19157,21615
13118,21616
3790,21617
20041,21618
7982,21619
2072,21620
4854,21621
6161,21622
656,21623
1308,21624
11788,21625
589,21626
23799,21627
3345,21628
4761,21629
7185,21630
9952,21631
9269,21632
7170,21633
14540,21634
1778,21635
19158,21636
19350,21637
21765,21638
13638,21639
20842,21640
20624,21641
17168,21642
2755,21643
18748,21644
2963,21645
3446,21646
12578,21647
5459,21648
17759,21649
6945,21650
16475,21651
8542,21652
3243,21653
9618,21654
6167,21655
17016,21656
11581,21657
11202,21658
13062,21659
2173,21660
21840,21661
17388,21662
15428,21663
11990,21664
12782,21665
3376,21666
15889,21667
12283,21668
15132,21669
17391,21670
4276,21671
5493,21672
15888,21673
15427,21674
5689,21675
6648,21676
20038,21677
23284,21678
17005,21679
13571,21680
20127,21681
5177,21682
20844,21683
5878,21684
5141,21685
22828,21686
9915,21687
9233,21688
3496,21689
12473,21690
12476,21691
12477,21692
11728,21693
10396,21694
12478,21695
12520,21696
11082,21697
12815,21698
13316,21699
14851,21700
15610,21701
15612,21702
16364,21703
16410,21704
10400,21705
15656,21706
11086,21707
16666,21708
16171,21709
17119,21710
17125,21711
10489,21712
10202,21713
11172,21714
17163,21715
14068,21716
14897,21717
13275,21718
17924,21719
18183,21720
18692,21721
17894,21722
19484,21723
17164,21724
11689,21725
16412,21726
12481,21727
13274,21728
21411,21729
21974,21730
22796,21731
14144,21732
21033,21733
21885,21734
20454,21735
4942,21736
3414,21737
20223,21738
12555,21739
17832,21740
18632,21741
14212,21742
423,21743
19655,21744
16490,21745
12609,21746
18030,21747
14527,21748
5612,21749
11692,21750
624,21751
22884,21752
18627,21753
17827,21754
22130,21755
6264,21756
21121,21757
6305,21758
10401,21759
11087,21760
2865,21761
6306,21762
15615,21763
11120,21764
14066,21765
10485,21766
14855,21767
15160,21768
15416,21769
694,21770
12272,21771
1416,21772
6949,21773
14109,21774
6950,21775
7010,21776
5532,21777
563,21778
21177,21779
21886,21780
21034,21781
12626,21782
6294,21783
7406,21784
17551,21785
454,21786
5121,21787
7631,21788
7632,21789
13599,21790
7633,21791
11169,21792
7661,21793
8315,21794
14388,21795
16170,21796
12019,21797
11713,21798
13284,21799
15643,21800
4124,21801
19430,21802
23850,21803
8317,21804
18722,21805
7634,21806
7769,21807
9035,21808
18983,21809
9069,21810
7638,21811
9132,21812
7448,21813
10486,21814
17209,21815
19424,21816
11715,21817
21874,21818
17979,21819
1287,21820
568,21821
23848,21822
3276,21823
22988,21824
22110,21825
22966,21826
22948,21827
12942,21828
6033,21829
19889,21830
9136,21831
9517,21832
19788,21833
4237,21834
4830,21835
4122,21836
18777,21837
15568,21838
13225,21839
20455,21840
2578,21841
18851,21842
17241,21843
11817,21844
11797,21845
7323,21846
10842,21847
22366,21848
8890,21849
19802,21850
9061,21851
9572,21852
1573,21853
9714,21854
7091,21855
14653,21856
9716,21857
23986,21858
11479,21859
23125,21860
2100,21861
20222,21862
12507,21863
17823,21864
11762,21865
18633,21866
17833,21867
22989,21868
1856,21869
23849,21870
17242,21871
16491,21872
14177,21873
22464,21874
6282,21875
10424,21876
4870,21877
6968,21878
11110,21879
8791,21880
18297,21881
6809,21882
3711,21883
9060,21884
5573,21885
9058,21886
9751,21887
9037,21888
3590,21889
9719,21890
5715,21891
8834,21892
5011,21893
13353,21894
6917,21895
6232,21896
13351,21897
20232,21898
19435,21899
21276,21900
6980,21901
9051,21902
11111,21903
7651,21904
9535,21905
22990,21906
14195,21907
21255,21908
22947,21909
17556,21910
12238,21911
19891,21912
1888,21913
7242,21914
9733,21915
10425,21916
9743,21917
8334,21918
19518,21919
2044,21920
14091,21921
2765,21922
13298,21923
3457,21924
12503,21925
4164,21926
11711,21927
9810,21928
14093,21929
15626,21930
14883,21931
14866,21932
17148,21933
16378,21934
17130,21935
20226,21936
19429,21937
11833,21938
21178,21939
23742,21940
21880,21941
21028,21942
23832,21943
8853,21944
19656,21945
12610,21946
13403,21947
12590,21948
16804,21949
10158,21950
16768,21951
7498,21952
3014,21953
9812,21954
14941,21955
4121,21956
19425,21957
23740,21958
17076,21959
14809,21960
18850,21961
4900,21962
5396,21963
18051,21964
23826,21965
18039,21966
18829,21967
12147,21968
8089,21969
22360,21970
6125,21971
8335,21972
11109,21973
6969,21974
7652,21975
10423,21976
852,21977
9741,21978
6283,21979
16395,21980
9816,21981
7446,21982
10491,21983
18779,21984
4828,21985
18622,21986
22883,21987
23597,21988
22738,21989
21275,21990
1144,21991
13420,21992
15735,21993
14976,21994
20434,21995
13737,21996
9473,21997
22368,21998
9574,21999
21418,22000
9742,22001
3455,22002
8344,22003
4162,22004
6293,22005
9734,22006
6979,22007
9052,22008
12504,22009
10419,22010
17147,22011
11105,22012
14882,22013
607,22014
15642,22015
1327,22016
17146,22017
4872,22018
16394,22019
11106,22020
20377,22021
9053,22022
19579,22023
17834,22024
20234,22025
22972,22026
425,22027
12614,22028
23807,22029
21237,22030
19633,22031
15293,22032
11444,22033
16009,22034
10943,22035
854,22036
9953,22037
14647,22038
10634,22039
11319,22040
11267,22041
18402,22042
1040,22043
9954,22044
1810,22045
2241,22046
2964,22047
7173,22048
16831,22049
6006,22050
21592,22051
17001,22052
23475,22053
17478,22054
18443,22055
12843,22056
14901,22057
19460,22058
22001,22059
17858,22060
16477,22061
20257,22062
15721,22063
21809,22064
9955,22065
4385,22066
10588,22067
12203,22068
9956,22069
19270,22070
2965,22071
2242,22072
6485,22073
9957,22074
2932,22075
16079,22076
9440,22077
16044,22078
20113,22079
8670,22080
6044,22081
7301,22082
21123,22083
16259,22084
17012,22085
595,22086
13326,22087
2031,22088
14962,22089
2752,22090
14169,22091
1931,22092
10988,22093
7537,22094
16270,22095
12818,22096
10193,22097
13610,22098
1246,22099
20189,22100
18171,22101
17680,22102
18971,22103
19776,22104
1406,22105
2136,22106
16934,22107
23362,22108
4082,22109
19775,22110
16935,22111
22261,22112
12783,22113
2131,22114
24226,22115
1758,22116
18346,22117
17006,22118
4007,22119
17468,22120
12251,22121
7975,22122
5142,22123
14903,22124
9103,22125
8420,22126
685,22127
22502,22128
8760,22129
9442,22130
9918,22131
6738,22132
11283,22133
5777,22134
9752,22135
11682,22136
11684,22137
12475,22138
13268,22139
13269,22140
14850,22141
14852,22142
14853,22143
15611,22144
16413,22145
17166,22146
16371,22147
16414,22148
17921,22149
14069,22150
17162,22151
11691,22152
12483,22153
18720,22154
21122,22155
11080,22156
21975,22157
23684,22158
15616,22159
22826,22160
16370,22161
17122,22162
14391,22163
3494,22164
14070,22165
4201,22166
12484,22167
13277,22168
3591,22169
4301,22170
15413,22171
4910,22172
15614,22173
4202,22174
13272,22175
11168,22176
14065,22177
5012,22178
11772,22179
10357,22180
11041,22181
13304,22182
22042,22183
5568,22184
5569,22185
12814,22186
6263,22187
12022,22188
6265,22189
13604,22190
6951,22191
12816,22192
6757,22193
14393,22194
20391,22195
14013,22196
18714,22197
6954,22198
16411,22199
11690,22200
12482,22201
3589,22202
4299,22203
11478,22204
2142,22205
17992,22206
7447,22207
11171,22208
19593,22209
7674,22210
17881,22211
6992,22212
16369,22213
15919,22214
17121,22215
15162,22216
12274,22217
16669,22218
11716,22219
605,22220
6297,22221
4101,22222
3393,22223
13453,22224
7773,22225
8265,22226
14885,22227
6211,22228
17987,22229
1268,22230
4813,22231
13451,22232
8318,22233
17165,22234
6266,22235
16671,22236
6952,22237
18982,22238
13066,22239
18182,22240
17990,22241
7589,22242
12509,22243
6278,22244
17916,22245
10415,22246
16398,22247
6964,22248
17150,22249
11101,22250
8273,22251
16462,22252
5514,22253
3398,22254
12659,22255
8348,22256
8449,22257
6075,22258
2063,22259
1348,22260
3473,22261
22898,22262
11042,22263
10358,22264
23033,22265
1133,22266
12658,22267
22158,22268
21303,22269
21302,22270
12943,22271
3271,22272
23895,22273
21304,22274
22159,22275
23877,22276
21609,22277
4180,22278
19588,22279
2707,22280
549,22281
22173,22282
7405,22283
21510,22284
13924,22285
5122,22286
8452,22287
11480,22288
12023,22289
23759,22290
14804,22291
15645,22292
8266,22293
18785,22294
550,22295
5515,22296
20489,22297
1847,22298
14243,22299
13441,22300
14233,22301
22157,22302
13738,22303
8088,22304
21507,22305
8193,22306
1570,22307
8454,22308
10886,22309
4300,22310
21194,22311
6898,22312
17917,22313
7583,22314
14946,22315
10363,22316
8978,22317
14886,22318
2697,22319
17213,22320
4814,22321
4106,22322
18885,22323
4689,22324
13452,22325
20479,22326
19680,22327
18875,22328
16052,22329
10841,22330
12879,22331
14714,22332
7250,22333
8979,22334
3530,22335
2713,22336
1991,22337
21318,22338
2569,22339
19690,22340
23019,22341
23879,22342
23017,22343
14528,22344
8790,22345
12086,22346
16236,22347
10689,22348
8995,22349
2708,22350
14245,22351
17699,22352
22174,22353
23878,22354
23018,22355
20478,22356
17557,22357
12237,22358
22365,22359
6818,22360
3718,22361
9029,22362
15658,22363
6267,22364
14898,22365
10397,22366
11083,22367
16672,22368
693,22369
10201,22370
17423,22371
11774,22372
7582,22373
15646,22374
1324,22375
13303,22376
2762,22377
11717,22378
604,22379
14096,22380
2041,22381
4901,22382
6897,22383
20386,22384
1986,22385
1269,22386
14244,22387
3978,22388
11866,22389
15766,22390
15007,22391
18076,22392
8006,22393
10157,22394
19098,22395
8898,22396
20604,22397
9049,22398
14095,22399
2042,22400
12508,22401
9131,22402
6759,22403
9472,22404
21515,22405
11544,22406
7924,22407
9678,22408
21319,22409
9730,22410
18715,22411
11100,22412
17151,22413
9048,22414
16399,22415
10414,22416
5604,22417
2043,22418
6982,22419
1326,22420
606,22421
6296,22422
8347,22423
10417,22424
7664,22425
9731,22426
13302,22427
2763,22428
9064,22429
10416,22430
9746,22431
9050,22432
11114,22433
9732,22434
10428,22435
2764,22436
9745,22437
11103,22438
9063,22439
6280,22440
4238,22441
6966,22442
4943,22443
4112,22444
3404,22445
20482,22446
9811,22447
4902,22448
1325,22449
6983,22450
6905,22451
6220,22452
23896,22453
5391,22454
23034,22455
18876,22456
18077,22457
19679,22458
15294,22459
11443,22460
16011,22461
10952,22462
11381,22463
6965,22464
7665,22465
11102,22466
21192,22467
6279,22468
22045,22469
8274,22470
7590,22471
19683,22472
6085,22473
22162,22474
20477,22475
19678,22476
23874,22477
16805,22478
6717,22479
16766,22480
4017,22481
5130,22482
9959,22483
20065,22484
8577,22485
7894,22486
6486,22487
19202,22488
9960,22489
7895,22490
1487,22491
16092,22492
10103,22493
21600,22494
20906,22495
21800,22496
11326,22497
22293,22498
9961,22499
3233,22500
9278,22501
11327,22502
10586,22503
15336,22504
10787,22505
16801,22506
13107,22507
19831,22508
6043,22509
20629,22510
16417,22511
17857,22512
5456,22513
10603,22514
16164,22515
11288,22516
652,22517
19459,22518
20256,22519
21230,22520
23800,22521
1217,22522
496,22523
18570,22524
8481,22525
7439,22526
6438,22527
2683,22528
3374,22529
4081,22530
2858,22531
19279,22532
14361,22533
15133,22534
6378,22535
12282,22536
7062,22537
4996,22538
7741,22539
20075,22540
4286,22541
3576,22542
10456,22543
16843,22544
10788,22545
21581,22546
13124,22547
18552,22548
8422,22549
9101,22550
15335,22551
1015,22552
12914,22553
14712,22554
10743,22555
14737,22556
9241,22557
4912,22558
14061,22559
14062,22560
14063,22561
16363,22562
16365,22563
16415,22564
11081,22565
17116,22566
17118,22567
14899,22568
14858,22569
15659,22570
15618,22571
17167,22572
11688,22573
14856,22574
20282,22575
12521,22576
15617,22577
11729,22578
14857,22579
17123,22580
20323,22581
10398,22582
17922,22583
11084,22584
20324,22585
21936,22586
20322,22587
22827,22588
13273,22589
23126,22590
23685,22591
11687,22592
10492,22593
12480,22594
11175,22595
23987,22596
13859,22597
17422,22598
18802,22599
13201,22600
21861,22601
18791,22602
15563,22603
21972,22604
3495,22605
11686,22606
3592,22607
4298,22608
5009,22609
6071,22610
3588,22611
20396,22612
18615,22613
16311,22614
16466,22615
11020,22616
17068,22617
17306,22618
22825,22619
6072,22620
6268,22621
636,22622
16368,22623
5613,22624
14854,22625
17120,22626
6407,22627
6948,22628
6955,22629
19524,22630
13276,22631
6269,22632
1419,22633
697,22634
11477,22635
5717,22636
19597,22637
11629,22638
14007,22639
22050,22640
14803,22641
23683,22642
6993,22643
13271,22644
10434,22645
18679,22646
13601,22647
7096,22648
7581,22649
7635,22650
5010,22651
13858,22652
5714,22653
20404,22654
15546,22655
12518,22656
14786,22657
20393,22658
7576,22659
6891,22660
15806,22661
4681,22662
15049,22663
14267,22664
21341,22665
22185,22666
15295,22667
3934,22668
19894,22669
3318,22670
7774,22671
13064,22672
8260,22673
23068,22674
8319,22675
19526,22676
6953,22677
2144,22678
7636,22679
1418,22680
10200,22681
2867,22682
22060,22683
17808,22684
11726,22685
18607,22686
6271,22687
16409,22688
664,22689
12425,22690
13217,22691
11912,22692
5383,22693
13494,22694
22197,22695
23058,22696
13463,22697
16053,22698
3225,22699
13677,22700
2622,22701
4417,22702
22561,22703
3709,22704
5825,22705
3695,22706
5257,22707
14616,22708
14463,22709
20762,22710
7640,22711
14895,22712
8323,22713
17161,22714
8357,22715
10394,22716
12479,22717
13603,22718
8451,22719
6073,22720
13602,22721
17157,22722
10407,22723
13309,22724
19419,22725
20216,22726
23930,22727
3970,22728
21351,22729
16538,22730
12683,22731
11877,22732
17558,22733
6032,22734
21512,22735
14721,22736
7925,22737
21711,22738
8455,22739
19604,22740
22713,22741
18608,22742
21120,22743
11090,22744
21973,22745
16374,22746
14105,22747
23761,22748
16315,22749
15562,22750
22207,22751
602,22752
13312,22753
6957,22754
15651,22755
8608,22756
8609,22757
21710,22758
20601,22759
3710,22760
5811,22761
12144,22762
8092,22763
2409,22764
19963,22765
2732,22766
14916,22767
2010,22768
17185,22769
6248,22770
16433,22771
6933,22772
17966,22773
9040,22774
21119,22775
10405,22776
11091,22777
13311,22778
14104,22779
1322,22780
19521,22781
927,22782
9321,22783
7910,22784
18368,22785
9477,22786
21590,22787
2425,22788
9711,22789
12813,22790
16169,22791
14390,22792
14892,22793
9722,22794
14891,22795
6274,22796
14101,22797
6960,22798
13308,22799
7643,22800
12514,22801
8326,22802
12512,22803
9724,22804
14102,22805
14008,22806
11630,22807
10437,22808
3263,22809
12703,22810
15032,22811
17288,22812
14254,22813
16806,22814
5341,22815
15253,22816
15482,22817
851,22818
17660,22819
1571,22820
10690,22821
4403,22822
19169,22823
15376,22824
13729,22825
15291,22826
10385,22827
12531,22828
11071,22829
11739,22830
9018,22831
14122,22832
9042,22833
11722,22834
14073,22835
22052,22836
2760,22837
15710,22838
12424,22839
10335,22840
12686,22841
9701,22842
13329,22843
2011,22844
18764,22845
2733,22846
16432,22847
574,22848
17184,22849
1293,22850
11121,22851
9756,22852
9781,22853
16091,22854
296,22855
18349,22856
11567,22857
20125,22858
1645,22859
16898,22860
23995,22861
10022,22862
14111,22863
21082,22864
15917,22865
7449,22866
17902,22867
21100,22868
23651,22869
19595,22870
4177,22871
23774,22872
16298,22873
21007,22874
16556,22875
1127,22876
18910,22877
12684,22878
13476,22879
21329,22880
7575,22881
8259,22882
13493,22883
406,22884
14283,22885
17289,22886
11892,22887
23908,22888
19968,22889
2524,22890
12880,22891
7511,22892
4415,22893
22562,22894
3707,22895
3013,22896
1551,22897
23322,22898
6720,22899
22449,22900
21603,22901
8421,22902
8688,22903
1801,22904
24081,22905
15483,22906
3017,22907
20056,22908
2294,22909
1574,22910
5109,22911
24184,22912
7409,22913
24078,22914
22458,22915
8302,22916
17186,22917
7618,22918
11740,22919
9700,22920
12532,22921
9017,22922
7688,22923
9815,22924
16168,22925
9135,22926
14951,22927
17064,22928
11725,22929
14799,22930
17994,22931
6890,22932
10336,22933
16555,22934
20095,22935
17305,22936
14266,22937
13475,22938
18895,22939
18370,22940
1087,22941
22363,22942
20133,22943
2293,22944
23420,22945
3016,22946
9322,22947
1552,22948
21608,22949
10845,22950
21509,22951
23317,22952
9817,22953
19605,22954
20205,22955
12517,22956
15622,22957
17160,22958
19408,22959
18792,22960
6206,22961
11021,22962
11911,22963
19297,22964
12702,22965
15789,22966
16539,22967
23046,22968
20767,22969
368,22970
20694,22971
7641,22972
16408,22973
8324,22974
15655,22975
6272,22976
18716,22977
8904,22978
3015,22979
15404,22980
2292,22981
10005,22982
831,22983
22463,22984
6036,22985
16045,22986
24179,22987
9043,22988
17918,22989
10408,22990
16404,22991
9698,22992
14124,22993
7617,22994
12533,22995
9015,22996
13331,22997
8301,22998
8371,22999
3422,23000
9071,23001
4130,23002
4838,23003
10435,23004
9725,23005
17156,23006
11094,23007
11720,23008
17127,23009
17154,23010
10412,23011
17882,23012
21195,23013
22048,23014
11029,23015
8977,23016
11894,23017
10890,23018
17291,23019
14250,23020
13458,23021
11867,23022
12148,23023
6716,23024
17519,23025
16990,23026
5827,23027
19260,23028
5125,23029
4419,23030
8593,23031
20765,23032
8795,23033
18294,23034
646,23035
9753,23036
5539,23037
5640,23038
11074,23039
3526,23040
10388,23041
4233,23042
6936,23043
19563,23044
6251,23045
5629,23046
23632,23047
4926,23048
21921,23049
22774,23050
5138,23051
5840,23052
13054,23053
3723,23054
5806,23055
5104,23056
2977,23057
22462,23058
10162,23059
21487,23060
9966,23061
11257,23062
8020,23063
21684,23064
19142,23065
13921,23066
3685,23067
3829,23068
8682,23069
19848,23070
3808,23071
19181,23072
5334,23073
3217,23074
16774,23075
20185,23076
24055,23077
21490,23078
21456,23079
14439,23080
3596,23081
10199,23082
2872,23083
2149,23084
4514,23085
12149,23086
5014,23087
5718,23088
6393,23089
12944,23090
6712,23091
3144,23092
20168,23093
7401,23094
13906,23095
16329,23096
10706,23097
13053,23098
17459,23099
16708,23100
10677,23101
12391,23102
21703,23103
23413,23104
11391,23105
3841,23106
5842,23107
17762,23108
3029,23109
15528,23110
10517,23111
6574,23112
7120,23113
6751,23114
11200,23115
7258,23116
17017,23117
7913,23118
17033,23119
11201,23120
7957,23121
12259,23122
17651,23123
1604,23124
2324,23125
23409,23126
19810,23127
19011,23128
11565,23129
10626,23130
13947,23131
14738,23132
16249,23133
17756,23134
18997,23135
19355,23136
19356,23137
10599,23138
22656,23139
23122,23140
23513,23141
10632,23142
23515,23143
20600,23144
4433,23145
10295,23146
1201,23147
14746,23148
11290,23149
16260,23150
11284,23151
1103,23152
1917,23153
19801,23154
16917,23155
3338,23156
4380,23157
3672,23158
4447,23159
15496,23160
10622,23161
15499,23162
11295,23163
17754,23164
20155,23165
20156,23166
10597,23167
20952,23168
22658,23169
4739,23170
4756,23171
3663,23172
480,23173
11317,23174
484,23175
494,23176
5082,23177
4657,23178
5090,23179
5152,23180
16252,23181
14413,23182
17755,23183
11285,23184
18555,23185
1903,23186
23517,23187
14418,23188
2938,23189
4994,23190
5444,23191
2940,23192
5791,23193
6515,23194
7200,23195
3947,23196
7255,23197
18558,23198
1495,23199
18559,23200
2641,23201
3340,23202
4753,23203
5461,23204
2216,23205
1104,23206
1492,23207
5785,23208
3240,23209
5083,23210
1506,23211
6164,23212
10600,23213
10859,23214
6842,23215
15947,23216
3236,23217
15190,23218
6844,23219
7182,23220
6497,23221
4355,23222
22468,23223
7420,23224
7534,23225
10606,23226
761,23227
19972,23228
2521,23229
7848,23230
3850,23231
10152,23232
16033,23233
21807,23234
7867,23235
7884,23236
7889,23237
7939,23238
1204,23239
1215,23240
15507,23241
17013,23242
17760,23243
11278,23244
2639,23245
4381,23246
16163,23247
3673,23248
18202,23249
10578,23250
18374,23251
5089,23252
14649,23253
1511,23254
5455,23255
2952,23256
5359,23257
2230,23258
5458,23259
6505,23260
17670,23261
6739,23262
7402,23263
7528,23264
7204,23265
5355,23266
6520,23267
11311,23268
1481,23269
22469,23270
1798,23271
7862,23272
791,23273
8220,23274
8480,23275
8541,23276
4660,23277
6494,23278
8543,23279
8545,23280
10175,23281
4366,23282
3658,23283
10576,23284
8550,23285
8107,23286
8553,23287
5361,23288
13624,23289
8563,23290
7880,23291
8564,23292
5357,23293
8567,23294
11261,23295
20771,23296
364,23297
22438,23298
13122,23299
18551,23300
16699,23301
19825,23302
15383,23303
15966,23304
3498,23305
4154,23306
17948,23307
19465,23308
17224,23309
20263,23310
11783,23311
20958,23312
8572,23313
8103,23314
6525,23315
7209,23316
5066,23317
21612,23318
8787,23319
8808,23320
779,23321
1499,23322
7168,23323
4557,23324
8874,23325
2365,23326
8905,23327
11291,23328
7424,23329
6502,23330
7187,23331
760,23332
23327,23333
1084,23334
17539,23335
9161,23336
717,23337
9162,23338
8123,23339
10518,23340
1446,23341
1439,23342
22465,23343
9163,23344
9232,23345
9234,23346
2541,23347
9237,23348
9247,23349
10173,23350
9258,23351
9261,23352
6735,23353
9268,23354
9469,23355
12909,23356
10928,23357
18553,23358
10605,23359
7287,23360
9470,23361
9492,23362
775,23363
11281,23364
11259,23365
20769,23366
8086,23367
12903,23368
19357,23369
9509,23370
9560,23371
915,23372
22545,23373
5882,23374
5614,23375
2029,23376
21149,23377
3442,23378
17223,23379
4150,23380
14957,23381
4764,23382
9565,23383
5876,23384
19248,23385
1627,23386
5615,23387
19469,23388
2649,23389
2803,23390
17867,23391
15718,23392
20267,23393
16474,23394
13160,23395
8222,23396
9611,23397
11307,23398
4655,23399
17448,23400
16697,23401
9627,23402
6926,23403
19577,23404
12439,23405
13232,23406
14814,23407
11793,23408
9898,23409
9912,23410
9914,23411
759,23412
23326,23413
10838,23414
22418,23415
1882,23416
1625,23417
16902,23418
3325,23419
5873,23420
1927,23421
10593,23422
6309,23423
23629,23424
3513,23425
17865,23426
18663,23427
14958,23428
20425,23429
7540,23430
6168,23431
9917,23432
1818,23433
7180,23434
7860,23435
9897,23436
19173,23437
1799,23438
9919,23439
9215,23440
19970,23441
6031,23442
9928,23443
2926,23444
24189,23445
10153,23446
9929,23447
10610,23448
11260,23449
20770,23450
8085,23451
9934,23452
9216,23453
19971,23454
6030,23455
13710,23456
13154,23457
16226,23458
5887,23459
6046,23460
1639,23461
7675,23462
18657,23463
3516,23464
17859,23465
19625,23466
23619,23467
15716,23468
5466,23469
9941,23470
2205,23471
21614,23472
9468,23473
23291,23474
14735,23475
5412,23476
11428,23477
16895,23478
2371,23479
16416,23480
15597,23481
15673,23482
14047,23483
13373,23484
14837,23485
12576,23486
1932,23487
9944,23488
9945,23489
4653,23490
12835,23491
13628,23492
2927,23493
24190,23494
8786,23495
19950,23496
14705,23497
928,23498
13041,23499
19819,23500
1928,23501
2650,23502
11277,23503
385,23504
6307,23505
1315,23506
21146,23507
22764,23508
14165,23509
23622,23510
20424,23511
4054,23512
3348,23513
18561,23514
20173,23515
724,23516
7440,23517
6436,23518
1247,23519
11991,23520
20077,23521
17389,23522
16637,23523
16632,23524
19969,23525
1086,23526
3377,23527
22260,23528
16936,23529
23121,23530
23983,23531
17383,23532
20768,23533
1800,23534
24139,23535
3302,23536
3068,23537
11458,23538
4030,23539
4468,23540
5140,23541
15662,23542
5494,23543
6376,23544
13870,23545
7060,23546
7738,23547
18161,23548
3148,23549
2523,23550
9913,23551
9231,23552
8358,23553
11683,23554
11685,23555
11730,23556
13270,23557
14064,23558
14848,23559
12017,23560
14896,23561
15417,23562
15613,23563
12519,23564
14067,23565
11727,23566
16366,23567
16367,23568
15657,23569
17117,23570
18721,23571
16373,23572
17923,23573
14859,23574
15161,23575
15619,23576
15918,23577
19527,23578
21083,23579
3475,23580
20294,23581
3493,23582
10402,23583
4890,23584
20375,23585
15573,23586
21898,23587
11794,23588
5593,23589
16453,23590
13233,23591
15574,23592
15725,23593
5611,23594
11088,23595
11693,23596
20588,23597
21412,23598
6074,23599
17421,23600
18776,23601
23607,23602
14879,23603
21043,23604
3528,23605
21048,23606
14027,23607
17233,23608
430,23609
23803,23610
17231,23611
16480,23612
15723,23613
13736,23614
6991,23615
8090,23616
13673,23617
2610,23618
2290,23619
23421,23620
8314,23621
14108,23622
8316,23623
13315,23624
850,23625
11375,23626
1550,23627
24183,23628
6037,23629
23308,23630
23318,23631
8835,23632
22266,23633
12553,23634
21897,23635
14881,23636
22750,23637
17204,23638
12441,23639
16327,23640
13384,23641
9030,23642
12522,23643
10395,23644
12018,23645
9031,23646
9032,23647
20325,23648
16372,23649
12811,23650
17124,23651
16668,23652
14654,23653
17420,23654
17207,23655
15572,23656
13230,23657
17144,23658
20374,23659
21899,23660
13234,23661
21234,23662
2767,23663
16392,23664
1329,23665
11709,23666
5399,23667
22089,23668
12585,23669
11792,23670
14964,23671
16051,23672
609,23673
12501,23674
4873,23675
15638,23676
7407,23677
20688,23678
6810,23679
19002,23680
19261,23681
5824,23682
3708,23683
7230,23684
21607,23685
6721,23686
15287,23687
24180,23688
6247,23689
13333,23690
11067,23691
14920,23692
5538,23693
15680,23694
11666,23695
15675,23696
9033,23697
10487,23698
9034,23699
13314,23700
10399,23701
11085,23702
9130,23703
9134,23704
9712,23705
12810,23706
8836,23707
17419,23708
13296,23709
3459,23710
16391,23711
21046,23712
23610,23713
14176,23714
9543,23715
14967,23716
22088,23717
21233,23718
13380,23719
6640,23720
8792,23721
21513,23722
7496,23723
10696,23724
11470,23725
9327,23726
16705,23727
9713,23728
14387,23729
13067,23730
13598,23731
14089,23732
5576,23733
6977,23734
10421,23735
11646,23736
14025,23737
11795,23738
17143,23739
9055,23740
18775,23741
9715,23742
11170,23743
16923,23744
12021,23745
14937,23746
22749,23747
14090,23748
21896,23749
13350,23750
23611,23751
21047,23752
13383,23753
1151,23754
14966,23755
15724,23756
18827,23757
16479,23758
14526,23759
6034,23760
16799,23761
8891,23762
10004,23763
1805,23764
11374,23765
849,23766
830,23767
23321,23768
8093,23769
17547,23770
22459,23771
9717,23772
14106,23773
7637,23774
7771,23775
8320,23776
12024,23777
14652,23778
14392,23779
17977,23780
21895,23781
16393,23782
19443,23783
14142,23784
22753,23785
21900,23786
23804,23787
2585,23788
22944,23789
16481,23790
17232,23791
11791,23792
12941,23793
10159,23794
24080,23795
453,23796
3027,23797
13848,23798
18207,23799
19006,23800
11358,23801
4556,23802
15377,23803
24104,23804
21604,23805
9718,23806
7673,23807
8321,23808
15920,23809
9036,23810
16670,23811
16921,23812
15163,23813
15697,23814
11644,23815
15640,23816
2045,23817
17145,23818
23608,23819
3458,23820
12502,23821
4165,23822
11710,23823
4941,23824
13235,23825
12442,23826
15726,23827
5575,23828
22824,23829
8861,23830
21235,23831
14965,23832
22943,23833
12584,23834
23323,23835
10843,23836
23219,23837
6123,23838
6566,23839
21705,23840
7934,23841
8617,23842
10673,23843
19965,23844
14617,23845
20711,23846
21605,23847
15593,23848
22018,23849
16346,23850
13332,23851
17099,23852
14125,23853
17850,23854
18763,23855
9737,23856
17976,23857
22751,23858
12440,23859
14174,23860
9750,23861
15620,23862
9068,23863
9038,23864
6411,23865
9720,23866
7095,23867
16167,23868
5713,23869
14938,23870
20239,23871
15641,23872
10420,23873
19442,23874
15695,23875
17080,23876
20316,23877
1328,23878
23612,23879
23805,23880
10227,23881
12588,23882
14173,23883
13381,23884
18028,23885
17555,23886
608,23887
14880,23888
8342,23889
2766,23890
12500,23891
5577,23892
6291,23893
4166,23894
16390,23895
4874,23896
17142,23897
6970,23898
15637,23899
9474,23900
20690,23901
8178,23902
5834,23903
20054,23904
4426,23905
22273,23906
9305,23907
18367,23908
10847,23909
21526,23910
22460,23911
9814,23912
6758,23913
7770,23914
15698,23915
18640,23916
13297,23917
11107,23918
17840,23919
18774,23920
14026,23921
11647,23922
12587,23923
1863,23924
14175,23925
19632,23926
20431,23927
17230,23928
12146,23929
21116,23930
6718,23931
22453,23932
6811,23933
8607,23934
20058,23935
10003,23936
9054,23937
7659,23938
9320,23939
5810,23940
12939,23941
7410,23942
19151,23943
3147,23944
12460,23945
17189,23946
13252,23947
14044,23948
16437,23949
21165,23950
14834,23951
14915,23952
6934,23953
13328,23954
11072,23955
11738,23956
6249,23957
14121,23958
10386,23959
22867,23960
9736,23961
15639,23962
2046,23963
14878,23964
2768,23965
13295,23966
1330,23967
11708,23968
2047,23969
14088,23970
610,23971
14877,23972
7653,23973
14087,23974
3460,23975
6323,23976
8336,23977
5644,23978
11648,23979
17081,23980
13382,23981
4697,23982
12586,23983
20430,23984
19631,23985
15722,23986
16803,23987
13030,23988
1690,23989
3305,23990
4424,23991
22558,23992
5832,23993
859,23994
2996,23995
19168,23996
8796,23997
18307,23998
22857,23999
9951,24000
9899,24001
9967,24002
10649,24003
758,24004
9988,24005
20764,24006
10163,24007
14474,24008
14524,24009
4129,24010
11742,24011
2730,24012
16436,24013
3421,24014
12534,24015
2008,24016
12530,24017
9702,24018
17965,24019
2734,24020
16431,24021
9019,24022
17183,24023
2012,24024
22015,24025
4133,24026
23725,24027
13253,24028
18760,24029
3425,24030
17962,24031
14045,24032
17182,24033
2746,24034
18754,24035
21053,24036
21905,24037
4412,24038
5118,24039
20863,24040
5820,24041
2268,24042
2991,24043
6535,24044
23320,24045
9478,24046
22340,24047
16132,24048
24051,24049
23191,24050
1668,24051
18641,24052
498,24053
22072,24054
3355,24055
1118,24056
8624,24057
17656,24058
10019,24059
8606,24060
9296,24061
10309,24062
21214,24063
519,24064
1836,24065
11161,24066
9850,24067
18588,24068
12279,24069
16652,24070
14602,24071
10452,24072
15869,24073
15064,24074
15821,24075
15808,24076
14282,24077
7955,24078
6038,24079
9351,24080
8638,24081
8025,24082
16873,24083
24071,24084
199,24085
195,24086
23211,24087
24072,24088
4443,24089
181,24090
206,24091
13672,24092
225,24093
20686,24094
205,24095
189,24096
1184,24097
24061,24098
21506,24099
23212,24100
12080,24101
9705,24102
18291,24103
15249,24104
19092,24105
18290,24106
19887,24107
22359,24108
19091,24109
14462,24110
161,24111
14603,24112
19079,24113
8022,24114
8704,24115
218,24116
258,24117
6657,24118
84,24119
80,24120
8705,24121
8024,24122
13815,24123
69,24124
89,24125
13021,24126
101,24127
15363,24128
88,24129
75,24130
463,24131
23161,24132
4012,24133
17624,24134
16120,24135
8023,24136
23704,24137
8706,24138
16119,24139
6658,24140
7340,24141
17623,24142
15364,24143
16871,24144
16872,24145
53,24146
160,24147
18278,24148
188,24149
193,24150
96,24151
125,24152
168,24153
260,24154
155,24155
139,24156
141,24157
149,24158
18013,24159
10732,24160
3312,24161
18027,24162
151,24163
158,24164
270,24165
17863,24166
9022,24167
170,24168
142,24169
269,24170
159,24171
152,24172
148,24173
156,24174
138,24175
52,24176
19859,24177
74,24178
78,24179
60,24180
127,24181
48,24182
33,24183
35,24184
43,24185
11417,24186
22942,24187
45,24188
50,24189
135,24190
649,24191
21161,24192
62,24193
36,24194
134,24195
51,24196
46,24197
42,24198
49,24199
32,24200
10035,24201
23802,24202
10961,24203
18661,24204
22769,24205
7623,24206
8307,24207
1914,24208
483,24209
475,24210
19803,24211
4423,24212
5124,24213
4418,24214
2636,24215
10289,24216
18812,24217
11471,24218
20859,24219
22925,24220
23785,24221
12396,24222
3715,24223
5826,24224
4063,24225
10307,24226
5831,24227
853,24228
3357,24229
22067,24230
2273,24231
6546,24232
21213,24233
24182,24234
19966,24235
17042,24236
7411,24237
10846,24238
16289,24239
24181,24240
18365,24241
8094,24242
23319,24243
19166,24244
219,24245
12875,24246
12874,24247
97,24248
7341,24249
12228,24250
259,24251
265,24252
126,24253
131,24254
