Node ID,Order
1,0
10,1
10033,2
10037,3
10044,4
10453,5
10454,6
10458,7
10465,8
10506,9
10546,10
10549,11
10550,12
10554,13
10597,14
10598,15
10616,16
10625,17
10631,18
10654,19
10667,20
10682,21
10733,22
11,23
11129,24
11133,25
11147,26
11151,27
11158,28
10475,29
10469,30
11159,31
11174,32
11176,33
11177,34
11181,35
10498,36
11196,37
11206,38
11207,39
11209,40
11248,41
11258,42
11261,43
11271,44
11282,45
11297,46
11299,47
11301,48
11309,49
10587,50
11315,51
11337,52
11351,53
11398,54
11718,55
11798,56
11801,57
11810,58
11814,59
11823,60
10222,61
11827,62
11838,63
11840,64
11864,65
11865,66
11875,67
11879,68
11882,69
11888,70
11890,71
11895,72
11899,73
11905,74
11922,75
11924,76
11937,77
11957,78
11958,79
11964,80
11966,81
11969,82
11982,83
12,84
12002,85
12008,86
12011,87
10470,88
12083,89
12099,90
12107,91
12129,92
12131,93
12174,94
12190,95
12192,96
12194,97
12202,98
12218,99
12225,100
12595,101
12596,102
12618,103
12622,104
12627,105
12630,106
12195,107
12636,108
12647,109
11854,110
12660,111
12662,112
12668,113
12669,114
12680,115
12682,116
12690,117
12715,118
12718,119
12742,120
12746,121
12754,122
12755,123
12770,124
12777,125
12788,126
12824,127
12905,128
12916,129
12919,130
12923,131
12927,132
12938,133
12946,134
12949,135
12951,136
12953,137
12957,138
12970,139
12972,140
12977,141
12978,142
12984,143
12987,144
12989,145
12994,146
13,147
13009,148
13397,149
13457,150
13459,151
13505,152
13516,153
13517,154
12726,155
13538,156
13539,157
13544,158
13547,159
12756,160
13575,161
13576,162
13585,163
13606,164
13702,165
13706,166
13711,167
13718,168
13725,169
13743,170
13745,171
13752,172
13753,173
13769,174
13770,175
13772,176
13779,177
13782,178
13783,179
13787,180
13804,181
13811,182
13876,183
10445,184
14,185
14180,186
14187,187
14206,188
14207,189
14208,190
10066,191
14241,192
14249,193
14251,194
11868,195
14257,196
14259,197
13464,198
14269,199
14304,200
13506,201
14309,202
13509,203
14311,204
14299,205
12207,206
14318,207
1434,208
14343,209
13553,210
12748,211
14351,212
14365,213
14372,214
1441,215
14412,216
14414,217
13625,218
14477,219
14482,220
14511,221
1453,222
14535,223
14543,224
14549,225
14553,226
14559,227
14571,228
14573,229
14589,230
14591,231
1460,232
14600,233
1479,234
14874,235
14982,236
12962,237
14989,238
14572,239
14990,240
12217,241
14997,242
15,243
15021,244
15030,245
15031,246
15025,247
15037,248
15044,249
14270,250
12955,251
15062,252
15067,253
15077,254
14312,255
1509,256
15090,257
14325,258
15092,259
15094,260
10751,261
15135,262
15140,263
15171,264
12200,265
15172,266
15189,267
15198,268
15203,269
14098,270
1523,271
10641,272
15251,273
15260,274
14476,275
12079,276
15264,277
15266,278
15271,279
15284,280
153,281
15300,282
15302,283
15303,284
15312,285
15318,286
1532,287
15320,288
15337,289
15347,290
15350,291
15351,292
15355,293
1545,294
1549,295
13015,296
1559,297
15728,298
15736,299
15738,300
15746,301
15748,302
15750,303
13010,304
15758,305
15774,306
14567,307
15775,308
15776,309
15782,310
15787,311
10891,312
14264,313
13473,314
15794,315
15792,316
15813,317
15817,318
15820,319
15825,320
15068,321
15838,322
14298,323
15843,324
15086,325
15849,326
15863,327
15871,328
15883,329
15910,330
15911,331
15154,332
15936,333
15943,334
10511,335
12991,336
15945,337
15188,338
11268,339
15957,340
16,341
16013,342
16019,343
16023,344
16050,345
16076,346
16077,347
16081,348
16087,349
16106,350
16107,351
16112,352
16439,353
16461,354
15048,355
11891,356
16483,357
16488,358
11803,359
16493,360
13389,361
16510,362
14214,363
16528,364
15017,365
16535,366
16564,367
15814,368
16574,369
16577,370
16594,371
1660,372
16601,373
16675,374
16681,375
16684,376
16707,377
16709,378
16770,379
16771,380
16775,381
16018,382
16796,383
16797,384
16810,385
16819,386
16820,387
16825,388
16826,389
16827,390
16828,391
16844,392
16850,393
16860,394
16865,395
16869,396
1697,397
17,398
17141,399
17235,400
13762,401
17240,402
16484,403
14552,404
17274,405
17279,406
17292,407
13741,408
17302,409
17315,410
17316,411
17318,412
17334,413
17382,414
14597,415
17389,416
16637,417
16632,418
17397,419
17402,420
17410,421
17425,422
14582,423
17430,424
16815,425
17438,426
17456,427
17458,428
17524,429
17533,430
17534,431
17544,432
17560,433
17566,434
17572,435
17578,436
17580,437
17582,438
17587,439
17588,440
17591,441
17594,442
17595,443
17597,444
17606,445
17607,446
17610,447
17998,448
18,449
18031,450
18040,451
18044,452
18060,453
18087,454
17565,455
18094,456
17275,457
18111,458
14548,459
18114,460
18118,461
18121,462
18125,463
18145,464
18146,465
13532,466
15061,467
18155,468
18160,469
13560,470
13774,471
18167,472
18178,473
18184,474
12979,475
18189,476
18190,477
14536,478
18192,479
18193,480
16099,481
18298,482
18317,483
18343,484
1835,485
1427,486
18359,487
18381,488
18385,489
18387,490
18389,491
18395,492
18797,493
17814,494
18830,495
18832,496
18838,497
14971,498
12216,499
18840,500
18853,501
18856,502
18057,503
18854,504
16108,505
18859,506
18868,507
18069,508
13421,509
16074,510
18878,511
18880,512
18892,513
18092,514
18089,515
16855,516
18906,517
18106,518
18917,519
18396,520
18920,521
12997,522
18945,523
18946,524
18120,525
18951,526
18953,527
18957,528
18964,529
16105,530
18976,531
18979,532
18988,533
19,534
19105,535
19110,536
19147,537
19148,538
19149,539
19164,540
19171,541
19175,542
19188,543
19191,544
19195,545
19200,546
19207,547
19210,548
19215,549
19221,550
19222,551
19228,552
19294,553
19516,554
19549,555
19613,556
19636,557
15317,558
19653,559
19663,560
19717,561
19720,562
19724,563
14562,564
19728,565
13801,566
19737,567
14296,568
12958,569
19741,570
19744,571
19725,572
19746,573
19756,574
16838,575
19771,576
15125,577
13809,578
19795,579
19796,580
14537,581
19806,582
19816,583
19890,584
19899,585
19900,586
19916,587
19923,588
19926,589
19941,590
19947,591
19951,592
19954,593
17627,594
19958,595
19969,596
19979,597
19986,598
19990,599
19996,600
19998,601
2,602
157,603
13734,604
20,605
200,606
19131,607
19927,608
20004,609
20006,610
20007,611
20013,612
20015,613
20019,614
201,615
20312,616
20432,617
20435,618
17577,619
20447,620
12594,621
20458,622
17611,623
20491,624
13006,625
20496,626
19692,627
12213,628
20498,629
13759,630
20500,631
20510,632
18415,633
20521,634
20522,635
18913,636
13007,637
20535,638
20542,639
20543,640
19742,641
15060,642
20546,643
19745,644
15819,645
20556,646
16566,647
20559,648
20563,649
20575,650
20578,651
18173,652
20579,653
19779,654
20585,655
20596,656
20689,657
20696,658
207,659
20701,660
20753,661
20763,662
19964,663
20771,664
20776,665
20778,666
20785,667
20788,668
20789,669
20794,670
208,671
20803,672
20808,673
20820,674
20826,675
209,676
21,677
211,678
1000,679
1004,680
1006,681
10079,682
10080,683
10084,684
10086,685
10095,686
10097,687
10098,688
10104,689
10109,690
10126,691
10129,692
1013,693
10131,694
10133,695
1014,696
10141,697
10156,698
1020,699
1027,700
1036,701
1037,702
1044,703
1047,704
1049,705
1052,706
1069,707
1072,708
1073,709
10760,710
10763,711
10764,712
10766,713
10767,714
10769,715
10770,716
10777,717
10785,718
10789,719
10793,720
10794,721
10795,722
10811,723
10813,724
10823,725
10829,726
1086,727
12092,728
12130,729
13026,730
13704,731
13713,732
13720,733
13823,734
14118,735
14470,736
14506,737
16789,738
16885,739
1700,740
1702,741
1709,742
1710,743
12097,744
1713,745
12931,746
1716,747
1717,748
12104,749
12898,750
1719,751
12915,752
1739,753
16778,754
1740,755
1741,756
1744,757
1745,758
13680,759
1751,760
17548,761
1760,762
14514,763
17628,764
17636,765
17639,766
1766,767
12124,768
1775,769
1781,770
13717,771
1787,772
1788,773
12127,774
1789,775
15254,776
1796,777
18334,778
18335,779
18353,780
18363,781
18435,782
15252,783
18438,784
19124,785
19150,786
19154,787
19233,788
16772,789
19895,790
19905,791
19920,792
16756,793
17509,794
19960,795
20029,796
20030,797
13821,798
15280,799
10755,800
1693,801
179,802
20031,803
20706,804
15237,805
19867,806
19069,807
12961,808
20717,809
18321,810
12075,811
17514,812
18266,813
19976,814
20718,815
19919,816
19087,817
20723,818
20751,819
20754,820
20835,821
20837,822
13698,823
20840,824
19117,825
21115,826
2113,827
21136,828
21144,829
212,830
21260,831
13386,832
18383,833
1785,834
20721,835
21264,836
21267,837
21269,838
12983,839
21270,840
21272,841
12623,842
14587,843
21292,844
10900,845
21299,846
16864,847
21310,848
15316,849
21332,850
15329,851
21338,852
11880,853
20818,854
21342,855
14542,856
20836,857
12904,858
21343,859
21353,860
12204,861
21362,862
21365,863
15059,864
21393,865
20558,866
14329,867
15844,868
19754,869
12712,870
20021,871
21401,872
19967,873
13031,874
18306,875
21405,876
21409,877
11989,878
13012,879
21413,880
17584,881
21416,882
21417,883
2146,884
18369,885
21514,886
21521,887
21530,888
12071,889
18287,890
21476,891
20777,892
21538,893
21549,894
21554,895
21555,896
21560,897
21566,898
21568,899
21571,900
2158,901
21580,902
21583,903
21593,904
21610,905
21621,906
21623,907
21624,908
21632,909
21637,910
21640,911
21648,912
21650,913
21651,914
1753,915
12910,916
21654,917
10806,918
13679,919
21657,920
21658,921
1024,922
19936,923
19139,924
16002,925
16760,926
21664,927
1733,928
13709,929
21668,930
21670,931
10768,932
20752,933
21671,934
21674,935
21677,936
2168,937
21680,938
19118,939
13023,940
180,941
21681,942
21563,943
17504,944
21686,945
21688,946
12901,947
21689,948
20838,949
20715,950
2182,951
2188,952
2192,953
2195,954
2199,955
22,956
220,957
18324,958
2201,959
1476,960
1442,961
16833,962
1749,963
20692,964
2205,965
21614,966
2207,967
2209,968
16830,969
22090,970
15356,971
22093,972
17563,973
221,974
19126,975
18325,976
2210,977
13768,978
22101,979
21246,980
22094,981
22104,982
22109,983
14183,984
14590,985
2211,986
12201,987
22133,988
19211,989
22139,990
22142,991
20457,992
22147,993
22165,994
20804,995
1026,996
22168,997
18081,998
19183,999
22183,1000
22188,1001
16085,1002
2219,1003
22214,1004
16086,1005
22215,1006
19218,1007
10780,1008
14496,1009
22222,1010
22246,1011
22247,1012
17350,1013
18394,1014
1051,1015
22252,1016
22256,1017
12940,1018
22257,1019
15353,1020
22264,1021
22374,1022
22375,1023
22380,1024
17507,1025
1687,1026
22404,1027
13652,1028
16743,1029
11412,1030
22415,1031
12870,1032
16761,1033
22416,1034
21561,1035
14458,1036
12076,1037
21481,1038
20802,1039
10117,1040
10801,1041
22419,1042
2242,1043
22422,1044
22427,1045
22434,1046
22437,1047
22440,1048
2245,1049
22467,1050
10154,1051
19143,1052
22472,1053
1080,1054
16773,1055
19122,1056
12861,1057
12067,1058
22480,1059
17638,1060
16788,1061
22486,1062
22492,1063
22496,1064
22501,1065
22515,1066
22516,1067
10111,1068
22527,1069
1718,1070
15289,1071
22534,1072
11438,1073
20728,1074
21598,1075
13024,1076
143,1077
22349,1078
15247,1079
20663,1080
21655,1081
22535,1082
22536,1083
18432,1084
22408,1085
19878,1086
16763,1087
2255,1088
22586,1089
13546,1090
14336,1091
12747,1092
22596,1093
18139,1094
18940,1095
18116,1096
226,1097
227,1098
228,1099
22811,1100
2282,1101
2284,1102
22840,1103
22924,1104
22945,1105
14596,1106
22949,1107
22951,1108
16856,1109
10085,1110
20699,1111
22954,1112
21239,1113
22477,1114
22967,1115
21238,1116
16811,1117
22974,1118
22984,1119
22991,1120
18384,1121
22995,1122
23,1123
230,1124
103,1125
23006,1126
18053,1127
19185,1128
23011,1129
23030,1130
12656,1131
19685,1132
15348,1133
23031,1134
23039,1135
23047,1136
23049,1137
13781,1138
1023,1139
20342,1140
14348,1141
23053,1142
19700,1143
14568,1144
23054,1145
23060,1146
20799,1147
23062,1148
20508,1149
23064,1150
23065,1151
12696,1152
18104,1153
20814,1154
23067,1155
11881,1156
23070,1157
23071,1158
23178,1159
19975,1160
23206,1161
22330,1162
23214,1163
2322,1164
10039,1165
23224,1166
23227,1167
23232,1168
23233,1169
23235,1170
23245,1171
20348,1172
23248,1173
18286,1174
23253,1175
23263,1176
23274,1177
23276,1178
23279,1179
23289,1180
23293,1181
23295,1182
23297,1183
23299,1184
23314,1185
23336,1186
23338,1187
23339,1188
18436,1189
21584,1190
23340,1191
23344,1192
23350,1193
20834,1194
19896,1195
23352,1196
23353,1197
23356,1198
23357,1199
23360,1200
23366,1201
23372,1202
23373,1203
10799,1204
20746,1205
23374,1206
1025,1207
23307,1208
23375,1209
10797,1210
21559,1211
20735,1212
19880,1213
20678,1214
23380,1215
1016,1216
16793,1217
23382,1218
1729,1219
12911,1220
23386,1221
234,1222
22400,1223
23255,1224
23193,1225
21472,1226
23402,1227
22382,1228
235,1229
20724,1230
18328,1231
23690,1232
23762,1233
23811,1234
19220,1235
1001,1236
20698,1237
23823,1238
21242,1239
13011,1240
23834,1241
14178,1242
23837,1243
22096,1244
16089,1245
1738,1246
21546,1247
23841,1248
23809,1249
19980,1250
23845,1251
13415,1252
14533,1253
1074,1254
23851,1255
23853,1256
12171,1257
10132,1258
23859,1259
23870,1260
17251,1261
15332,1262
23876,1263
23886,1264
23351,1265
23893,1266
18881,1267
16104,1268
23897,1269
23898,1270
12167,1271
1767,1272
12088,1273
23899,1274
23904,1275
23035,1276
23905,1277
23043,1278
22175,1279
12948,1280
23910,1281
16071,1282
10820,1283
20729,1284
23210,1285
23933,1286
20520,1287
14588,1288
23935,1289
22508,1290
23936,1291
15325,1292
10123,1293
12119,1294
23937,1295
14569,1296
23938,1297
20815,1298
23959,1299
18137,1300
18921,1301
20018,1302
23962,1303
21384,1304
20524,1305
19991,1306
17634,1307
19140,1308
18339,1309
12077,1310
14459,1311
23183,1312
23971,1313
14350,1314
22504,1315
23977,1316
23115,1317
16621,1318
19190,1319
1060,1320
16015,1321
2398,1322
12959,1323
23988,1324
23364,1325
24,1326
236,1327
12890,1328
12095,1329
12858,1330
1675,1331
23724,1332
24052,1333
21469,1334
24054,1335
23172,1336
24062,1337
24065,1338
23184,1339
20800,1340
24069,1341
1684,1342
2407,1343
24075,1344
24084,1345
24087,1346
24093,1347
1688,1348
2410,1349
24109,1350
23247,1351
18289,1352
24115,1353
24122,1354
24123,1355
24125,1356
24133,1357
23271,1358
21501,1359
24067,1360
2400,1361
12187,1362
24136,1363
24144,1364
24149,1365
24155,1366
2416,1367
16004,1368
15246,1369
23185,1370
19208,1371
1746,1372
24168,1373
24169,1374
2417,1375
18271,1376
23175,1377
24170,1378
24174,1379
12231,1380
184,1381
2418,1382
24189,1383
10153,1384
24145,1385
2419,1386
15229,1387
17499,1388
20848,1389
11310,1390
2385,1391
21806,1392
2106,1393
24030,1394
19844,1395
16114,1396
24191,1397
10151,1398
24197,1399
1071,1400
24198,1401
1070,1402
23254,1403
24199,1404
2420,1405
24200,1406
24203,1407
22543,1408
24204,1409
20839,1410
14468,1411
16048,1412
20648,1413
24206,1414
23399,1415
12109,1416
24210,1417
24212,1418
24216,1419
24218,1420
24228,1421
24233,1422
24234,1423
24236,1424
10116,1425
23226,1426
24237,1427
24243,1428
24246,1429
1010,1430
22425,1431
24247,1432
1009,1433
16035,1434
24248,1435
24252,1436
10082,1437
19938,1438
12103,1439
24066,1440
21500,1441
22336,1442
13004,1443
24253,1444
10759,1445
23218,1446
2426,1447
2435,1448
20702,1449
24050,1450
13658,1451
2436,1452
12132,1453
2437,1454
12140,1455
2438,1456
19934,1457
2439,1458
2440,1459
21562,1460
22417,1461
12872,1462
13670,1463
2441,1464
23269,1465
22414,1466
12868,1467
22351,1468
2448,1469
23220,1470
2451,1471
14510,1472
2452,1473
19946,1474
2454,1475
22448,1476
2458,1477
12924,1478
2459,1479
19888,1480
2461,1481
18326,1482
2462,1483
2463,1484
23265,1485
2464,1486
20339,1487
12795,1488
2465,1489
18362,1490
2466,1491
19156,1492
2469,1493
2472,1494
2475,1495
22426,1496
2479,1497
21574,1498
2488,1499
22442,1500
2489,1501
22433,1502
2494,1503
2496,1504
20743,1505
2497,1506
14498,1507
25,1508
241,1509
20722,1510
2504,1511
14503,1512
2507,1513
23252,1514
2509,1515
22842,1516
2512,1517
19100,1518
26,1519
242,1520
23259,1521
24121,1522
14443,1523
18262,1524
27,1525
243,1526
23246,1527
24108,1528
20685,1529
2715,1530
23024,1531
272,1532
15268,1533
21495,1534
277,1535
18332,1536
279,1537
22396,1538
23251,1539
17515,1540
16762,1541
28,1542
261,1543
19165,1544
18364,1545
16007,1546
20664,1547
280,1548
24173,1549
2802,1550
282,1551
15256,1552
2837,1553
2115,1554
19659,1555
16859,1556
2853,1557
19994,1558
10814,1559
12929,1560
2854,1561
15331,1562
2861,1563
2863,1564
287,1565
23237,1566
13686,1567
19082,1568
19877,1569
2401,1570
22525,1571
1724,1572
2447,1573
2886,1574
10494,1575
22487,1576
1771,1577
15258,1578
18322,1579
15996,1580
16754,1581
24041,1582
16823,1583
289,1584
19948,1585
29,1586
266,1587
21606,1588
22461,1589
290,1590
12126,1591
2911,1592
292,1593
2930,1594
12159,1595
20035,1596
22439,1597
2931,1598
12973,1599
2935,1600
20011,1601
293,1602
14518,1603
2948,1604
2226,1605
2949,1606
295,1607
24142,1608
2971,1609
2979,1610
10069,1611
23394,1612
16017,1613
17626,1614
17632,1615
16020,1616
12864,1617
186,1618
2405,1619
298,1620
12937,1621
2987,1622
2978,1623
2998,1624
11435,1625
16125,1626
19908,1627
16744,1628
15986,1629
3,1630
171,1631
301,1632
1704,1633
303,1634
16776,1635
304,1636
22844,1637
3075,1638
16386,1639
10716,1640
3084,1641
310,1642
3118,1643
3123,1644
15344,1645
3124,1646
16853,1647
10089,1648
3128,1649
18269,1650
13756,1651
3136,1652
18761,1653
3138,1654
3139,1655
18272,1656
24035,1657
3140,1658
3141,1659
21545,1660
24053,1661
24032,1662
22277,1663
21424,1664
3143,1665
3148,1666
2523,1667
13699,1668
3149,1669
315,1670
24100,1671
3153,1672
3154,1673
21523,1674
3165,1675
3167,1676
19893,1677
3170,1678
14499,1679
3172,1680
13732,1681
3173,1682
3174,1683
19957,1684
3175,1685
13719,1686
3181,1687
17543,1688
3182,1689
22379,1690
3186,1691
17552,1692
3188,1693
13721,1694
3191,1695
24163,1696
3192,1697
24088,1698
3193,1699
22373,1700
3194,1701
3195,1702
320,1703
13684,1704
2806,1705
3204,1706
12114,1707
3206,1708
23292,1709
3207,1710
24150,1711
3209,1712
19928,1713
3213,1714
12896,1715
12101,1716
13667,1717
12869,1718
24040,1719
21619,1720
1076,1721
3219,1722
3224,1723
19939,1724
323,1725
16040,1726
324,1727
16027,1728
3278,1729
14189,1730
11811,1731
17237,1732
16841,1733
1019,1734
24127,1735
330,1736
18338,1737
13694,1738
23205,1739
22352,1740
2399,1741
12165,1742
332,1743
24147,1744
3349,1745
337,1746
13678,1747
345,1748
15274,1749
3462,1750
3471,1751
349,1752
12889,1753
350,1754
24120,1755
351,1756
22401,1757
3535,1758
3541,1759
11834,1760
23337,1761
3210,1762
24124,1763
3568,1764
12173,1765
1761,1766
13731,1767
3569,1768
16842,1769
357,1770
3602,1771
3609,1772
2885,1773
19789,1774
14564,1775
3625,1776
363,1777
24140,1778
3634,1779
364,1780
22438,1781
3645,1782
23328,1783
10836,1784
24153,1785
3646,1786
3650,1787
20812,1788
1012,1789
20760,1790
3655,1791
3657,1792
3667,1793
2208,1794
14539,1795
3203,1796
19152,1797
37,1798
3714,1799
3733,1800
3784,1801
23706,1802
21993,1803
3807,1804
3823,1805
23349,1806
21685,1807
3824,1808
20002,1809
312,1810
1031,1811
3826,1812
17604,1813
3830,1814
3831,1815
3834,1816
3839,1817
3842,1818
3843,1819
3846,1820
24070,1821
3848,1822
3849,1823
3850,1824
10152,1825
16033,1826
3853,1827
3854,1828
1784,1829
21542,1830
3855,1831
1783,1832
19132,1833
3857,1834
3858,1835
10083,1836
23311,1837
3864,1838
19104,1839
14453,1840
3867,1841
1193,1842
19858,1843
21470,1844
3868,1845
21548,1846
3871,1847
20720,1848
19921,1849
21504,1850
20683,1851
1685,1852
15345,1853
3873,1854
3876,1855
18295,1856
3882,1857
3883,1858
12135,1859
3888,1860
18304,1861
1698,1862
18283,1863
19084,1864
24044,1865
20001,1866
10121,1867
10805,1868
3889,1869
21567,1870
3890,1871
21575,1872
3892,1873
13703,1874
3893,1875
12917,1876
3894,1877
16037,1878
3895,1879
12082,1880
3898,1881
21990,1882
3899,1883
24130,1884
12100,1885
23204,1886
19085,1887
22332,1888
16070,1889
16127,1890
16881,1891
3902,1892
23225,1893
3904,1894
3908,1895
24151,1896
3909,1897
19144,1898
3916,1899
23316,1900
3918,1901
3919,1902
18333,1903
3920,1904
24126,1905
3928,1906
3930,1907
16029,1908
3933,1909
16783,1910
4,1911
172,1912
408,1913
19701,1914
18896,1915
12671,1916
16060,1917
2511,1918
23300,1919
4278,1920
19212,1921
4288,1922
4289,1923
4296,1924
16080,1925
4317,1926
3607,1927
18985,1928
13001,1929
10094,1930
14472,1931
4318,1932
4324,1933
12156,1934
2503,1935
22432,1936
4332,1937
4339,1938
4355,1939
22468,1940
4360,1941
15339,1942
4361,1943
4405,1944
4428,1945
11361,1946
12981,1947
4454,1948
11782,1949
4456,1950
2334,1951
4461,1952
4463,1953
3094,1954
4527,1955
4532,1956
4538,1957
20660,1958
4539,1959
2403,1960
16101,1961
4540,1962
4541,1963
4542,1964
14454,1965
17516,1966
22329,1967
19978,1968
4547,1969
14452,1970
12070,1971
22335,1972
13796,1973
3166,1974
3875,1975
4548,1976
4549,1977
19925,1978
23194,1979
23177,1980
4550,1981
4553,1982
19931,1983
14445,1984
19065,1985
4554,1986
4558,1987
4560,1988
4561,1989
3215,1990
20695,1991
4563,1992
2506,1993
20727,1994
4567,1995
4570,1996
18428,1997
14921,1998
4574,1999
19940,2000
21494,2001
4577,2002
20733,2003
4579,2004
20737,2005
14484,2006
24064,2007
18285,2008
23187,2009
21669,2010
1722,2011
2445,2012
4580,2013
4585,2014
21597,2015
4587,2016
22456,2017
4589,2018
21520,2019
4593,2020
14469,2021
4598,2022
24143,2023
4602,2024
24175,2025
4604,2026
14117,2027
4608,2028
17522,2029
4610,2030
4612,2031
24082,2032
4614,2033
12118,2034
4615,2035
18348,2036
4622,2037
19162,2038
4623,2039
18327,2040
4624,2041
22398,2042
4625,2043
22409,2044
4626,2045
23262,2046
4627,2047
2801,2048
4634,2049
4636,2050
22423,2051
4639,2052
13696,2053
4824,2054
4955,2055
18864,2056
19657,2057
1708,2058
20039,2059
23256,2060
4970,2061
4987,2062
13763,2063
4988,2064
18410,2065
4993,2066
22573,2067
14379,2068
5,2069
177,2070
3146,2071
21553,2072
15230,2073
20658,2074
20609,2075
19811,2076
5022,2077
5036,2078
19987,2079
3197,2080
20705,2081
5067,2082
24202,2083
17637,2084
19952,2085
5070,2086
16829,2087
3183,2088
17541,2089
5090,2090
5092,2091
5107,2092
17616,2093
4573,2094
18302,2095
12866,2096
5116,2097
5128,2098
2997,2099
12224,2100
21683,2101
12089,2102
5146,2103
10754,2104
15368,2105
11745,2106
5150,2107
2339,2108
14172,2109
3041,2110
5166,2111
5167,2112
5220,2113
5224,2114
5234,2115
15327,2116
5235,2117
12188,2118
5241,2119
5247,2120
19123,2121
13669,2122
16003,2123
21479,2124
13755,2125
5250,2126
5252,2127
5254,2128
22342,2129
19857,2130
3753,2131
5256,2132
5258,2133
5262,2134
3924,2135
24083,2136
5263,2137
20841,2138
19922,2139
5264,2140
5266,2141
347,2142
14507,2143
5268,2144
5269,2145
10765,2146
18744,2147
5270,2148
10758,2149
19904,2150
20822,2151
10757,2152
19903,2153
13953,2154
20415,2155
22391,2156
4536,2157
5274,2158
5276,2159
21529,2160
18279,2161
5278,2162
3112,2163
3113,2164
4035,2165
5282,2166
5284,2167
4582,2168
5291,2169
15255,2170
5296,2171
12125,2172
5308,2173
22447,2174
5309,2175
21569,2176
5312,2177
5313,2178
12878,2179
5314,2180
24094,2181
5319,2182
19155,2183
5321,2184
12111,2185
5326,2186
24114,2187
5327,2188
24118,2189
5328,2190
21550,2191
5329,2192
4923,2193
17407,2194
5330,2195
20719,2196
21541,2197
22355,2198
23208,2199
23180,2200
22474,2201
5331,2202
21539,2203
22393,2204
15242,2205
17512,2206
5332,2207
3132,2208
5336,2209
5339,2210
20741,2211
5660,2212
12945,2213
5673,2214
5674,2215
4971,2216
21361,2217
23384,2218
1727,2219
20747,2220
5676,2221
5679,2222
3560,2223
10439,2224
2430,2225
3212,2226
4214,2227
5682,2228
5687,2229
5688,2230
5692,2231
12197,2232
3881,2233
24074,2234
5695,2235
5703,2236
4999,2237
5709,2238
5741,2239
24223,2240
2483,2241
21588,2242
5745,2243
23389,2244
10075,2245
19097,2246
5746,2247
5747,2248
13608,2249
13786,2250
2457,2251
14487,2252
5750,2253
5743,2254
13013,2255
10077,2256
12935,2257
5767,2258
5771,2259
16067,2260
344,2261
19955,2262
5778,2263
5782,2264
5079,2265
3649,2266
12178,2267
1756,2268
12115,2269
5784,2270
3665,2271
10577,2272
18373,2273
2522,2274
14500,2275
5795,2276
5808,2277
20823,2278
1711,2279
13689,2280
5813,2281
5817,2282
5833,2283
5848,2284
3861,2285
16123,2286
14127,2287
11665,2288
15681,2289
10381,2290
11066,2291
16438,2292
17190,2293
5851,2294
11405,2295
20766,2296
5852,2297
5867,2298
5921,2299
2286,2300
5935,2301
17586,2302
10802,2303
10118,2304
5937,2305
5236,2306
1683,2307
14566,2308
309,2309
1028,2310
22386,2311
12062,2312
17501,2313
3116,2314
2395,2315
17495,2316
22505,2317
5938,2318
3828,2319
18267,2320
22475,2321
3216,2322
5333,2323
23234,2324
13651,2325
12853,2326
1676,2327
5231,2328
5939,2329
20655,2330
3061,2331
3754,2332
5942,2333
21483,2334
13797,2335
4581,2336
5283,2337
5944,2338
5949,2339
18323,2340
20681,2341
21502,2342
1681,2343
12960,2344
10137,2345
10821,2346
5951,2347
5952,2348
18330,2349
5238,2350
2393,2351
10727,2352
18462,2353
5956,2354
22343,2355
2392,2356
1618,2357
5165,2358
10034,2359
21676,2360
15367,2361
2098,2362
5959,2363
10834,2364
21517,2365
2386,2366
5960,2367
3927,2368
3218,2369
5965,2370
1067,2371
24167,2372
5969,2373
5281,2374
18745,2375
5971,2376
274,2377
12081,2378
19071,2379
19561,2380
5980,2381
5981,2382
20726,2383
5982,2384
23257,2385
5984,2386
3833,2387
5987,2388
5988,2389
23287,2390
5995,2391
19163,2392
5996,2393
19127,2394
5997,2395
14478,2396
6,2397
178,2398
1705,2399
2424,2400
20670,2401
24033,2402
2337,2403
1617,2404
6003,2405
12112,2406
6005,2407
3689,2408
20351,2409
6010,2410
19136,2411
6014,2412
6018,2413
23312,2414
6019,2415
23296,2416
6022,2417
6023,2418
6026,2419
18342,2420
6029,2421
17526,2422
20345,2423
6035,2424
10615,2425
6086,2426
18079,2427
6090,2428
18056,2429
18855,2430
16500,2431
16088,2432
302,2433
2421,2434
6226,2435
5519,2436
12653,2437
10208,2438
23885,2439
6334,2440
4958,2441
19177,2442
6336,2443
6339,2444
6342,2445
12947,2446
5338,2447
22420,2448
6346,2449
17317,2450
16057,2451
2519,2452
19943,2453
6354,2454
6362,2455
6363,2456
15292,2457
6364,2458
21636,2459
3903,2460
21518,2461
6370,2462
3856,2463
22544,2464
13727,2465
6371,2466
21642,2467
6372,2468
20791,2469
16880,2470
14116,2471
10646,2472
6395,2473
13000,2474
5989,2475
16792,2476
6398,2477
6400,2478
6405,2479
5630,2480
6419,2481
6426,2482
21643,2483
4603,2484
13714,2485
6441,2486
645,2487
10447,2488
6483,2489
18426,2490
10756,2491
3738,2492
6484,2493
2427,2494
6485,2495
13750,2496
2501,2497
15285,2498
6488,2499
19204,2500
6490,2501
2936,2502
20817,2503
6514,2504
6516,2505
6539,2506
13817,2507
21422,2508
20024,2509
20026,2510
17521,2511
15365,2512
146,2513
20827,2514
17841,2515
3045,2516
40,2517
5819,2518
15401,2519
5779,2520
6584,2521
6585,2522
19227,2523
21679,2524
6631,2525
6633,2526
6635,2527
6637,2528
17527,2529
15997,2530
15238,2531
19070,2532
17585,2533
1032,2534
313,2535
6638,2536
6652,2537
3160,2538
21551,2539
6653,2540
3865,2541
21533,2542
15998,2543
6664,2544
12877,2545
6665,2546
6666,2547
22403,2548
6668,2549
6671,2550
6672,2551
15277,2552
6680,2553
1699,2554
6683,2555
5999,2556
24103,2557
12063,2558
12857,2559
22327,2560
2394,2561
24015,2562
21649,2563
10124,2564
19592,2565
6685,2566
6001,2567
6686,2568
6687,2569
14505,2570
6689,2571
12093,2572
22853,2573
6690,2574
18355,2575
6691,2576
16791,2577
6692,2578
12134,2579
6693,2580
6696,2581
6698,2582
67,2583
670,2584
6701,2585
12137,2586
6702,2587
22399,2588
6705,2589
6707,2590
6708,2591
6024,2592
6713,2593
18357,2594
6714,2595
18350,2596
68,2597
699,2598
22471,2599
7,2600
182,2601
70,2602
700,2603
18392,2604
19237,2605
24091,2606
24110,2607
14449,2608
13659,2609
19067,2610
15313,2611
1055,2612
336,2613
7005,2614
7015,2615
7038,2616
22212,2617
23355,2618
1048,2619
2800,2620
7053,2621
7056,2622
16090,2623
300,2624
21601,2625
7064,2626
7069,2627
4277,2628
24222,2629
2484,2630
23313,2631
707,2632
1429,2633
5720,2634
20782,2635
343,2636
21532,2637
1371,2638
7075,2639
13735,2640
6719,2641
19907,2642
10659,2643
7077,2644
12182,2645
4596,2646
13705,2647
7078,2648
4566,2649
10781,2650
22431,2651
7081,2652
7076,2653
16056,2654
710,2655
7107,2656
7109,2657
15306,2658
5323,2659
20738,2660
7111,2661
19995,2662
3896,2663
24171,2664
712,2665
4304,2666
18377,2667
10145,2668
12085,2669
7124,2670
2888,2671
19229,2672
5976,2673
19107,2674
7125,2675
4323,2676
5957,2677
7126,2678
14396,2679
6647,2680
15374,2681
12912,2682
7128,2683
6444,2684
10508,2685
24225,2686
7144,2687
7146,2688
15926,2689
6646,2690
16884,2691
17550,2692
7157,2693
5052,2694
11195,2695
12199,2696
7161,2697
5058,2698
1440,2699
19974,2700
7162,2701
7169,2702
24201,2703
1064,2704
12121,2705
7176,2706
7179,2707
2203,2708
18372,2709
1085,2710
23273,2711
7181,2712
1478,2713
19172,2714
367,2715
12110,2716
7190,2717
72,2718
7201,2719
7206,2720
6522,2721
4358,2722
17579,2723
2480,2724
23298,2725
7224,2726
19555,2727
7241,2728
1162,2729
7257,2730
11396,2731
4909,2732
7268,2733
22531,2734
21678,2735
7279,2736
6595,2737
4441,2738
20023,2739
17629,2740
21166,2741
7283,2742
7285,2743
7312,2744
16807,2745
7313,2746
22306,2747
16084,2748
5294,2749
4592,2750
22389,2751
13657,2752
14448,2753
5923,2754
5222,2755
21452,2756
12180,2757
7316,2758
19068,2759
21633,2760
6699,2761
6015,2762
7319,2763
7321,2764
7325,2765
7329,2766
14615,2767
18361,2768
7332,2769
19241,2770
14488,2771
7337,2772
3155,2773
19935,2774
18280,2775
7338,2776
23396,2777
20831,2778
18337,2779
13663,2780
19072,2781
1987,2782
14939,2783
22337,2784
12212,2785
24178,2786
14605,2787
210,2788
2444,2789
1721,2790
3135,2791
12064,2792
14447,2793
1677,2794
7339,2795
10161,2796
12087,2797
12143,2798
194,2799
7315,2800
7343,2801
19902,2802
11342,2803
7348,2804
19137,2805
7349,2806
19135,2807
7350,2808
22452,2809
7362,2810
14515,2811
7363,2812
7003,2813
5731,2814
7365,2815
7367,2816
311,2817
7368,2818
18299,2819
15248,2820
22869,2821
19562,2822
7371,2823
18308,2824
7372,2825
5255,2826
7373,2827
2176,2828
5631,2829
7379,2830
23260,2831
7380,2832
20725,2833
7381,2834
19128,2835
7383,2836
18315,2837
16749,2838
17502,2839
4517,2840
7388,2841
23305,2842
7389,2843
21547,2844
7392,2845
12090,2846
21488,2847
22341,2848
21454,2849
24017,2850
5221,2851
7324,2852
6711,2853
22882,2854
7394,2855
18331,2856
19090,2857
7398,2858
16786,2859
7399,2860
23275,2861
7403,2862
13701,2863
7404,2864
12120,2865
741,2866
6428,2867
19201,2868
1759,2869
14466,2870
749,2871
720,2872
18404,2873
1033,2874
16010,2875
7538,2876
12573,2877
759,2878
23326,2879
10838,2880
22418,2881
762,2882
16065,2883
4620,2884
24154,2885
765,2886
15322,2887
7375,2888
18352,2889
7671,2890
7694,2891
7706,2892
6645,2893
4629,2894
22412,2895
13691,2896
5240,2897
5941,2898
24039,2899
23333,2900
10142,2901
10826,2902
7707,2903
7709,2904
7716,2905
7724,2906
22470,2907
7730,2908
7739,2909
774,2910
7742,2911
1404,2912
22478,2913
5325,2914
12922,2915
7745,2916
4290,2917
18162,2918
15352,2919
7752,2920
5273,2921
16876,2922
11343,2923
778,2924
7785,2925
17424,2926
12980,2927
3887,2928
22381,2929
5948,2930
19876,2931
15995,2932
5233,2933
16082,2934
7786,2935
2429,2936
3220,2937
24076,2938
7792,2939
20811,2940
3880,2941
19892,2942
780,2943
7808,2944
719,2945
21646,2946
7809,2947
7827,2948
7149,2949
6431,2950
12220,2951
6663,2952
20757,2953
7837,2954
7849,2955
6649,2956
346,2957
14490,2958
7854,2959
14578,2960
3879,2961
23303,2962
786,2963
787,2964
7870,2965
1480,2966
19174,2967
365,2968
23283,2969
7892,2970
79,2971
7907,2972
7916,2973
7235,2974
2995,2975
5271,2976
7917,2977
18380,2978
18008,2979
3926,2980
23264,2981
23189,2982
22338,2983
22324,2984
793,2985
5068,2986
15310,2987
1063,2988
18354,2989
7952,2990
13813,2991
18429,2992
14922,2993
7970,2994
7998,2995
1663,2996
18388,2997
3911,2998
7692,2999
7999,3000
8,3001
183,3002
5954,3003
3845,3004
21489,3005
18263,3006
5864,3007
8000,3008
21474,3009
8002,3010
8005,3011
8007,3012
8008,3013
10147,3014
13707,3015
8010,3016
3214,3017
13723,3018
8014,3019
18439,3020
23278,3021
8015,3022
20037,3023
16042,3024
8016,3025
8019,3026
8021,3027
21682,3028
19234,3029
17531,3030
13662,3031
21594,3032
16875,3033
229,3034
102,3035
8025,3036
218,3037
8026,3038
2939,3039
8027,3040
17549,3041
8031,3042
20730,3043
8032,3044
24117,3045
8034,3046
14494,3047
8035,3048
19102,3049
8036,3050
6639,3051
16765,3052
8037,3053
8038,3054
24102,3055
8042,3056
24161,3057
8043,3058
19949,3059
8045,3060
19160,3061
8046,3062
4925,3063
8047,3064
5249,3065
7320,3066
6632,3067
7317,3068
3121,3069
20003,3070
6000,3071
6684,3072
8048,3073
19906,3074
18275,3075
17497,3076
18252,3077
24019,3078
18249,3079
14560,3080
1754,3081
12566,3082
8053,3083
22430,3084
8054,3085
20740,3086
8055,3087
10914,3088
12891,3089
13816,3090
10240,3091
10923,3092
10036,3093
1158,3094
13099,3095
13117,3096
13910,3097
12046,3098
13919,3099
14711,3100
150,3101
15207,3102
15453,3103
15465,3104
13633,3105
15472,3106
15474,3107
15475,3108
16205,3109
1633,3110
1661,3111
167,3112
16976,3113
16979,3114
175,3115
176,3116
17704,3117
17720,3118
18501,3119
18514,3120
18227,3121
18518,3122
10058,3123
18527,3124
1880,3125
19045,3126
19305,3127
19313,3128
19316,3129
14429,3130
19322,3131
19809,3132
19856,3133
20110,3134
20117,3135
10745,3136
20119,3137
20126,3138
203,3139
204,3140
20635,3141
20667,3142
20674,3143
11028,3144
15793,3145
20898,3146
16740,3147
20911,3148
20912,3149
10747,3150
20913,3151
20923,3152
20924,3153
1644,3154
20925,3155
22289,3156
22304,3157
22602,3158
22301,3159
22747,3160
22092,3161
23133,3162
23138,3163
233,3164
106,3165
23459,3166
2346,3167
23483,3168
23485,3169
2355,3170
2370,3171
240,3172
110,3173
244,3174
111,3175
246,3176
113,3177
2478,3178
10917,3179
1755,3180
10232,3181
13887,3182
13888,3183
14683,3184
15445,3185
16049,3186
15290,3187
10237,3188
10238,3189
10243,3190
10245,3191
10055,3192
10247,3193
10248,3194
10935,3195
1163,3196
1167,3197
12329,3198
13101,3199
13114,3200
13122,3201
14689,3202
15221,3203
15466,3204
15969,3205
16716,3206
16971,3207
15211,3208
17718,3209
17728,3210
18503,3211
18504,3212
1868,3213
15980,3214
1876,3215
1877,3216
19304,3217
19327,3218
19328,3219
19329,3220
19825,3221
19826,3222
19838,3223
19839,3224
19855,3225
20124,3226
21445,3227
21468,3228
21764,3229
10749,3230
22618,3231
23170,3232
23241,3233
16874,3234
10244,3235
10246,3236
10250,3237
11537,3238
11539,3239
11540,3240
1166,3241
1168,3242
1169,3243
1170,3244
13123,3245
13125,3246
13915,3247
10744,3248
144,3249
145,3250
154,3251
15451,3252
1609,3253
16227,3254
16974,3255
1652,3256
16977,3257
174,3258
17462,3259
18502,3260
187,3261
1870,3262
1874,3263
1878,3264
1882,3265
1625,3266
19319,3267
19326,3268
19820,3269
20100,3270
1659,3271
20101,3272
20102,3273
20116,3274
19027,3275
1804,3276
17476,3277
17925,3278
20607,3279
213,3280
214,3281
21432,3282
21750,3283
20639,3284
21763,3285
15212,3286
21775,3287
222,3288
22287,3289
223,3290
22613,3291
22626,3292
23140,3293
23150,3294
23152,3295
23154,3296
23470,3297
15974,3298
23486,3299
2356,3300
239,3301
109,3302
23994,3303
24008,3304
249,3305
116,3306
251,3307
118,3308
254,3309
121,3310
255,3311
122,3312
2592,3313
2595,3314
11421,3315
2596,3316
1612,3317
2597,3318
2598,3319
10048,3320
2601,3321
14421,3322
2604,3323
1626,3324
2605,3325
262,3326
128,3327
268,3328
133,3329
3033,3330
18288,3331
1257,3332
18105,3333
10204,3334
19710,3335
20511,3336
14268,3337
21042,3338
22946,3339
23167,3340
10947,3341
1180,3342
1182,3343
13130,3344
13482,3345
13927,3346
14358,3347
16988,3348
18206,3349
18528,3350
18532,3351
12799,3352
18533,3353
16549,3354
1902,3355
20929,3356
15040,3357
20930,3358
20932,3359
21780,3360
15796,3361
22091,3362
22636,3363
18873,3364
2606,3365
2615,3366
3074,3367
3089,3368
3096,3369
3100,3370
3110,3371
3280,3372
21236,3373
3287,3374
12852,3375
3291,3376
19823,3377
3293,3378
19023,3379
3298,3380
1629,3381
3307,3382
1530,3383
3750,3384
3761,3385
3762,3386
3766,3387
3771,3388
3773,3389
3785,3390
38,3391
3801,3392
3806,3393
39,3394
3936,3395
3987,3396
3995,3397
3998,3398
4000,3399
4001,3400
4005,3401
1634,3402
4008,3403
11426,3404
4009,3405
10737,3406
4013,3407
4014,3408
11354,3409
4023,3410
12009,3411
4024,3412
20515,3413
4094,3414
21193,3415
435,3416
1658,3417
436,3418
437,3419
3087,3420
439,3421
44,3422
443,3423
3053,3424
4431,3425
4458,3426
4459,3427
4478,3428
4488,3429
4497,3430
4508,3431
4510,3432
4513,3433
4524,3434
4526,3435
10264,3436
10955,3437
1181,3438
1189,3439
11902,3440
13134,3441
13926,3442
14716,3443
13592,3444
15886,3445
15913,3446
16233,3447
16991,3448
16992,3449
15036,3450
18808,3451
1900,3452
19634,3453
19715,3454
19767,3455
20927,3456
22632,3457
13487,3458
3316,3459
12801,3460
3317,3461
23066,3462
4016,3463
18158,3464
458,3465
1529,3466
4641,3467
20650,3468
15226,3469
1601,3470
16987,3471
16698,3472
4696,3473
20433,3474
18029,3475
18828,3476
47,3477
4703,3478
3802,3479
4704,3480
20637,3481
4705,3482
20636,3483
4711,3484
4716,3485
4718,3486
4719,3487
4721,3488
4453,3489
4722,3490
10006,3491
4725,3492
3719,3493
4733,3494
5162,3495
5181,3496
5184,3497
13837,3498
3078,3499
3484,3500
5185,3501
5186,3502
5197,3503
5208,3504
5226,3505
5406,3506
19841,3507
11446,3508
15223,3509
15982,3510
5407,3511
2376,3512
5413,3513
17469,3514
5415,3515
22285,3516
15386,3517
2367,3518
12026,3519
5416,3520
4483,3521
5419,3522
2352,3523
5347,3524
5420,3525
20612,3526
5421,3527
5422,3528
5438,3529
20513,3530
5439,3531
5812,3532
5854,3533
5868,3534
5874,3535
5875,3536
5879,3537
5898,3538
59,3539
5907,3540
5909,3541
598,3542
23707,3543
1317,3544
14167,3545
2034,3546
11785,3547
10302,3548
6081,3549
14271,3550
13480,3551
18102,3552
12222,3553
2432,3554
1695,3555
23199,3556
6096,3557
3109,3558
6097,3559
24028,3560
6110,3561
5862,3562
6112,3563
5863,3564
18449,3565
1615,3566
6115,3567
19016,3568
6116,3569
5860,3570
6117,3571
6120,3572
3736,3573
22551,3574
19010,3575
10020,3576
1593,3577
18719,3578
6210,3579
17295,3580
16948,3581
12691,3582
11900,3583
15035,3584
14531,3585
64,3586
6402,3587
65,3588
6510,3589
6587,3590
6599,3591
66,3592
6602,3593
6603,3594
6608,3595
6611,3596
6624,3597
6626,3598
6710,3599
24135,3600
17735,3601
16545,3602
3304,3603
3059,3604
6724,3605
18243,3606
19043,3607
6781,3608
3111,3609
6782,3610
22319,3611
6783,3612
2389,3613
6794,3614
12044,3615
6795,3616
20613,3617
6798,3618
6804,3619
11418,3620
6805,3621
2331,3622
6813,3623
20566,3624
6822,3625
15800,3626
6824,3627
12648,3628
7021,3629
1125,3630
12289,3631
13869,3632
19759,3633
20560,3634
14349,3635
22481,3636
4997,3637
1411,3638
4986,3639
19189,3640
4616,3641
19909,3642
22854,3643
5318,3644
12821,3645
4219,3646
5667,3647
18115,3648
22208,3649
12160,3650
21691,3651
19914,3652
23705,3653
7234,3654
7282,3655
7293,3656
13832,3657
11429,3658
4203,3659
5561,3660
651,3661
4152,3662
22082,3663
4860,3664
15719,3665
73,3666
7302,3667
7308,3668
7336,3669
7473,3670
20652,3671
7483,3672
4457,3673
7488,3674
21426,3675
7489,3676
4469,3677
7492,3678
3746,3679
16152,3680
5159,3681
6330,3682
11387,3683
7494,3684
7503,3685
22046,3686
7508,3687
13591,3688
7510,3689
10476,3690
7965,3691
7967,3692
20046,3693
5163,3694
2309,3695
3032,3696
7968,3697
7973,3698
7974,3699
7986,3700
8056,3701
19911,3702
23714,3703
8057,3704
22450,3705
17714,3706
16725,3707
8058,3708
24160,3709
22628,3710
3783,3711
16142,3712
23136,3713
4204,3714
21054,3715
21151,3716
4855,3717
11786,3718
5556,3719
14168,3720
6850,3721
8059,3722
15288,3723
8061,3724
18329,3725
8062,3726
21552,3727
8063,3728
4555,3729
8064,3730
22402,3731
8065,3732
21519,3733
8066,3734
14612,3735
5947,3736
15232,3737
17503,3738
4516,3739
3809,3740
2381,3741
13751,3742
3202,3743
17980,3744
8067,3745
7384,3746
10229,3747
1669,3748
8071,3749
15281,3750
8075,3751
2513,3752
12885,3753
19073,3754
18273,3755
21475,3756
24037,3757
5922,3758
6641,3759
10149,3760
20376,3761
8076,3762
24099,3763
19871,3764
15988,3765
21473,3766
3114,3767
8080,3768
10265,3769
14147,3770
8081,3771
17537,3772
8083,3773
6027,3774
20714,3775
19915,3776
1383,3777
8087,3778
20749,3779
15467,3780
16720,3781
8091,3782
3134,3783
7947,3784
8100,3785
6617,3786
18724,3787
8139,3788
13449,3789
15772,3790
13446,3791
18408,3792
307,3793
23228,3794
8152,3795
21467,3796
8154,3797
3814,3798
8155,3799
21465,3800
8156,3801
5929,3802
8165,3803
22282,3804
8167,3805
5164,3806
8173,3807
8174,3808
2329,3809
8176,3810
2344,3811
8177,3812
4446,3813
8183,3814
23978,3815
8221,3816
8280,3817
12558,3818
829,3819
13808,3820
2433,3821
22411,3822
13132,3823
8372,3824
838,3825
8382,3826
18103,3827
17576,3828
2486,3829
17942,3830
8385,3831
18112,3832
13008,3833
8386,3834
13742,3835
6025,3836
12902,3837
8390,3838
20525,3839
12183,3840
1752,3841
23286,3842
10924,3843
7281,3844
8397,3845
1121,3846
13879,3847
2152,3848
1426,3849
7039,3850
6355,3851
15848,3852
4571,3853
14606,3854
22377,3855
8180,3856
8404,3857
8412,3858
3564,3859
8413,3860
22497,3861
6008,3862
19956,3863
8424,3864
7743,3865
684,3866
15319,3867
10130,3868
20755,3869
8441,3870
8442,3871
845,3872
2257,3873
1533,3874
20994,3875
2214,3876
16920,3877
20081,3878
14347,3879
3863,3880
195,3881
5025,3882
6656,3883
161,3884
53,3885
6396,3886
676,3887
6340,3888
21344,3889
22200,3890
15026,3891
15024,3892
17281,3893
5970,3894
19225,3895
10074,3896
13682,3897
18274,3898
19074,3899
5465,3900
18810,3901
7748,3902
80,3903
8340,3904
8408,3905
15117,3906
5680,3907
15112,3908
14326,3909
3860,3910
10073,3911
19063,3912
22323,3913
24254,3914
3158,3915
23229,3916
2653,3917
5476,3918
8472,3919
20009,3920
4586,3921
12142,3922
8474,3923
10068,3924
7346,3925
14520,3926
8476,3927
20020,3928
7344,3929
23304,3930
8493,3931
8498,3932
8506,3933
8516,3934
7835,3935
8471,3936
14555,3937
5303,3938
12876,3939
8532,3940
7331,3941
2502,3942
23281,3943
8170,3944
8534,3945
18400,3946
1042,3947
21595,3948
18513,3949
8539,3950
21720,3951
12832,3952
4661,3953
11276,3954
6492,3955
6519,3956
23443,3957
16608,3958
17359,3959
13536,3960
24185,3961
10160,3962
16016,3963
7129,3964
1962,3965
12778,3966
2873,3967
4791,3968
3577,3969
7847,3970
24186,3971
8540,3972
855,3973
8558,3974
11262,3975
16818,3976
5322,3977
14501,3978
856,3979
8569,3980
8583,3981
8596,3982
16852,3983
285,3984
22390,3985
6121,3986
20605,3987
17657,3988
4429,3989
3721,3990
86,3991
8602,3992
8621,3993
8628,3994
8633,3995
7950,3996
6567,3997
19219,3998
8635,3999
14601,4000
17630,4001
15682,4002
6929,4003
14128,4004
7613,4005
13335,4006
8297,4007
12538,4008
3420,4009
14919,4010
8636,4011
18424,4012
19231,4013
7689,4014
10379,4015
8638,4016
8639,4017
8642,4018
12258,4019
23482,4020
8192,4021
2828,4022
10325,4023
6875,4024
8423,4025
16179,4026
4287,4027
4998,4028
20568,4029
8630,4030
17653,4031
16702,4032
14644,4033
11344,4034
3940,4035
1505,4036
381,4037
6557,4038
16277,4039
21112,4040
3687,4041
18587,4042
6579,4043
10680,4044
6590,4045
11568,4046
19609,4047
816,4048
4775,4049
19511,4050
5071,4051
8242,4052
20309,4053
17888,4054
5701,4055
18478,4056
690,4057
8339,4058
21938,4059
10477,4060
18474,4061
8488,4062
18197,4063
3620,4064
8644,4065
22314,4066
10724,4067
8648,4068
7964,4069
4440,4070
13020,4071
19232,4072
4234,4073
8649,4074
16906,4075
2330,4076
10699,4077
10013,4078
6235,4079
22908,4080
8651,4081
12575,4082
16342,4083
15711,4084
6571,4085
8652,4086
15394,4087
6597,4088
11388,4089
10703,4090
8653,4091
8658,4092
18446,4093
4473,4094
14900,4095
8668,4096
8683,4097
24048,4098
16854,4099
10088,4100
10772,4101
23244,4102
12065,4103
12859,4104
3811,4105
5925,4106
24016,4107
13791,4108
5991,4109
11779,4110
6227,4111
6912,4112
15011,4113
8686,4114
24043,4115
21634,4116
6697,4117
6013,4118
13094,4119
869,4120
1589,4121
10370,4122
17761,4123
8690,4124
1082,4125
20742,4126
6801,4127
8693,4128
3922,4129
12895,4130
13693,4131
13666,4132
21498,4133
21477,4134
24196,4135
5335,4136
4633,4137
6784,4138
19854,4139
8694,4140
8696,4141
19242,4142
19146,4143
87,4144
8704,4145
193,4146
78,4147
8709,4148
8710,4149
14480,4150
15485,4151
8599,4152
8716,4153
19933,4154
8717,4155
8687,4156
8719,4157
14485,4158
13695,4159
14460,4160
15244,4161
24047,4162
14585,4163
284,4164
1003,4165
8153,4166
22321,4167
8720,4168
13726,4169
8721,4170
13681,4171
8722,4172
16014,4173
8724,4174
10773,4175
7471,4176
3817,4177
16887,4178
17496,4179
5229,4180
18566,4181
23146,4182
14751,4183
19362,4184
2625,4185
6169,4186
8725,4187
8728,4188
22383,4189
4702,4190
14438,4191
8729,4192
5945,4193
22395,4194
15994,4195
13660,4196
3122,4197
7333,4198
286,4199
1005,4200
11513,4201
22299,4202
8730,4203
10779,4204
5245,4205
12860,4206
22315,4207
10261,4208
1585,4209
20853,4210
5839,4211
5137,4212
2994,4213
15358,4214
22539,4215
12893,4216
23200,4217
4724,4218
865,4219
8732,4220
23277,4221
19335,4222
13486,4223
8175,4224
2341,4225
8733,4226
13597,4227
23708,4228
8734,4229
18356,4230
13911,4231
20627,4232
8739,4233
8003,4234
874,4235
1594,4236
1587,4237
21631,4238
5315,4239
4613,4240
20708,4241
8740,4242
24176,4243
8741,4244
5953,4245
8742,4246
20732,4247
8743,4248
7685,4249
11332,4250
8745,4251
23270,4252
24132,4253
20680,4254
15243,4255
1682,4256
12982,4257
2470,4258
1747,4259
8746,4260
12930,4261
8747,4262
23282,4263
8748,4264
18300,4265
8753,4266
21516,4267
1156,4268
22302,4269
12240,4270
24012,4271
18245,4272
8755,4273
24148,4274
6113,4275
3057,4276
8757,4277
12882,4278
1892,4279
19058,4280
18441,4281
3743,4282
18258,4283
10725,4284
8591,4285
8758,4286
20759,4287
20111,4288
6616,4289
8759,4290
13715,4291
13918,4292
10746,4293
8760,4294
14502,4295
4002,4296
7290,4297
8761,4298
21578,4299
8762,4300
18358,4301
8763,4302
22407,4303
8764,4304
22405,4305
8765,4306
2423,4307
8766,4308
14504,4309
8767,4310
21528,4311
16745,4312
17498,4313
4528,4314
3821,4315
17494,4316
22483,4317
342,4318
16457,4319
8769,4320
8771,4321
12936,4322
8772,4323
15278,4324
8775,4325
1691,4326
8779,4327
14473,4328
3993,4329
7994,4330
8782,4331
16032,4332
18530,4333
8439,4334
8783,4335
16785,4336
12335,4337
17294,4338
8784,4339
11761,4340
8785,4341
11208,4342
2082,4343
8787,4344
14491,4345
445,4346
3070,4347
8788,4348
16038,4349
17719,4350
17473,4351
16139,4352
12840,4353
2793,4354
23626,4355
19547,4356
22768,4357
15717,4358
3447,4359
16473,4360
6853,4361
8789,4362
14486,4363
7856,4364
6055,4365
4362,4366
3653,4367
8530,4368
23324,4369
10840,4370
24131,4371
8793,4372
19108,4373
1569,4374
8794,4375
12899,4376
8797,4377
21459,4378
20654,4379
16736,4380
18542,4381
21813,4382
8798,4383
24023,4384
21460,4385
17732,4386
467,4387
2946,4388
7871,4389
882,4390
17554,4391
16005,4392
16759,4393
10252,4394
10939,4395
1173,4396
1174,4397
1582,4398
15985,4399
10263,4400
1187,4401
13127,4402
1600,4403
11562,4404
14730,4405
1540,4406
16247,4407
10663,4408
17730,4409
17744,4410
17748,4411
1539,4412
17751,4413
11346,4414
18205,4415
18550,4416
1886,4417
1893,4418
15955,4419
1896,4420
20048,4421
20130,4422
20854,4423
21802,4424
22646,4425
22660,4426
1537,4427
2298,4428
13057,4429
19004,4430
23503,4431
11353,4432
23510,4433
2608,4434
21419,4435
2985,4436
2992,4437
3313,4438
3691,4439
3717,4440
4399,4441
13854,4442
459,4443
2299,4444
461,4445
466,4446
5103,4447
5425,4448
3692,4449
23427,4450
2269,4451
1546,4452
2256,4453
10753,4454
5428,4455
15196,4456
5431,4457
4398,4458
15406,4459
5432,4460
6542,4461
13061,4462
10664,4463
6731,4464
6807,4465
17457,4466
6808,4467
6814,4468
3023,4469
19258,4470
2300,4471
1580,4472
6816,4473
7225,4474
7231,4475
16115,4476
11441,4477
7502,4478
21420,4479
7906,4480
7932,4481
808,4482
819,4483
2986,4484
820,4485
16914,4486
2264,4487
821,4488
811,4489
16116,4490
12234,4491
22537,4492
23216,4493
12353,4494
17625,4495
147,4496
41,4497
7226,4498
7322,4499
6629,4500
1270,4501
22887,4502
3306,4503
7314,4504
21484,4505
13005,4506
824,4507
8587,4508
8588,4509
7905,4510
11338,4511
13018,4512
20830,4513
23213,4514
12229,4515
13148,4516
23395,4517
23261,4518
21497,4519
19885,4520
2402,4521
20016,4522
1720,4523
2443,4524
24096,4525
19870,4526
19075,4527
1664,4528
264,4529
130,4530
3690,4531
8589,4532
1531,4533
16868,4534
13820,4535
11440,4536
22387,4537
15989,4538
16747,4539
17071,4540
16318,4541
11856,4542
19866,4543
13798,4544
10771,4545
10087,4546
18314,4547
13654,4548
12856,4549
22308,4550
23158,4551
19845,4552
17600,4553
24077,4554
16121,4555
137,4556
31,4557
5285,4558
4946,4559
860,4560
20856,4561
5131,4562
4425,4563
10675,4564
16117,4565
22533,4566
12091,4567
10948,4568
23202,4569
19089,4570
19863,4571
19989,4572
5311,4573
4609,4574
15257,4575
20666,4576
19868,4577
23159,4578
22309,4579
19843,4580
23342,4581
23400,4582
15700,4583
861,4584
8615,4585
12264,4586
6564,4587
7248,4588
832,4589
16867,4590
23397,4591
8616,4592
13849,4593
10011,4594
886,4595
8863,4596
18259,4597
5342,4598
6628,4599
19059,4600
17488,4601
8864,4602
5930,4603
8873,4604
17467,4605
8874,4606
2365,4607
8876,4608
4470,4609
8877,4610
19015,4611
8881,4612
22279,4613
8882,4614
7284,4615
11460,4616
7969,4617
22074,4618
2313,4619
10294,4620
17449,4621
379,4622
8356,4623
8884,4624
8885,4625
5149,4626
8887,4627
5853,4628
889,4629
20846,4630
3052,4631
7604,4632
21200,4633
7940,4634
10720,4635
18567,4636
20165,4637
7608,4638
8894,4639
19007,4640
23414,4641
19807,4642
20606,4643
892,4644
20845,4645
2332,4646
4743,4647
7254,4648
14752,4649
5471,4650
7542,4651
7938,4652
8931,4653
14084,4654
15627,4655
21415,4656
18470,4657
895,4658
896,4659
5147,4660
5973,4661
16877,4662
22870,4663
10253,4664
12333,4665
15953,4666
2263,4667
23416,4668
8614,4669
7931,4670
7232,4671
13812,4672
897,4673
5865,4674
10721,4675
24255,4676
16124,4677
22871,4678
10254,4679
4727,4680
5830,4681
13850,4682
4422,4683
2297,4684
11359,4685
6544,4686
8702,4687
20833,4688
24090,4689
10950,4690
3127,4691
2406,4692
1680,4693
4819,4694
5261,4695
1075,4696
4632,4697
19912,4698
15231,4699
23195,4700
14440,4701
20645,4702
2380,4703
13739,4704
8084,4705
16455,4706
8976,4707
23063,4708
8136,4709
17293,4710
16543,4711
16542,4712
6642,4713
8082,4714
17536,4715
14720,4716
23925,4717
450,4718
6598,4719
16150,4720
898,4721
23789,4722
6577,4723
7672,4724
8996,4725
9,4726
190,4727
19167,4728
18366,4729
90,4730
902,4731
907,4732
9072,4733
6245,4734
10436,4735
6930,4736
9080,4737
23354,4738
2487,4739
22413,4740
23268,4741
16758,4742
17511,4743
3120,4744
14545,4745
7385,4746
8068,4747
8865,4748
1670,4749
9089,4750
9094,4751
16055,4752
5340,4753
12883,4754
13100,4755
3099,4756
91,4757
9101,4758
15335,4759
1015,4760
12914,4761
14712,4762
10743,4763
9113,4764
19985,4765
1774,4766
16031,4767
16981,4768
3765,4769
19247,4770
5178,4771
15636,4772
9121,4773
6392,4774
19170,4775
13824,4776
2259,4777
9138,4778
5974,4779
16122,4780
5244,4781
1567,4782
914,4783
15661,4784
9153,4785
12176,4786
4600,4787
22443,4788
9156,4789
22519,4790
10106,4791
7318,4792
9164,4793
11192,4794
18399,4795
2481,4796
13697,4797
449,4798
16711,4799
9165,4800
917,4801
9192,4802
12817,4803
15354,4804
92,4805
9208,4806
2891,4807
19206,4808
314,4809
21511,4810
3994,4811
19042,4812
10851,4813
18242,4814
17491,4815
10715,4816
11400,4817
867,4818
21653,4819
1035,4820
4594,4821
22385,4822
24058,4823
20657,4824
13133,4825
8194,4826
11370,4827
17663,4828
5115,4829
4409,4830
5108,4831
13016,4832
12236,4833
15265,4834
13925,4835
24060,4836
8600,4837
23425,4838
7236,4839
10681,4840
3694,4841
14598,4842
13822,4843
21556,4844
22347,4845
6138,4846
6552,4847
9214,4848
23325,4849
9218,4850
12952,4851
1779,4852
24146,4853
8169,4854
1636,4855
18445,4856
3077,4857
1447,4858
9219,4859
17571,4860
4619,4861
13700,4862
9220,4863
16066,4864
4618,4865
18351,4866
1157,4867
21429,4868
14629,4869
3082,4870
8359,4871
20254,4872
23712,4873
21055,4874
13374,4875
21907,4876
12577,4877
16263,4878
9221,4879
14557,4880
5301,4881
13712,4882
4713,4883
23993,4884
9226,4885
13789,4886
6676,4887
21586,4888
18519,4889
5904,4890
923,4891
9239,4892
9243,4893
9245,4894
9249,4895
4356,4896
21625,4897
18437,4898
19945,4899
4714,4900
18217,4901
17646,4902
23991,4903
3497,4904
23631,4905
7687,4906
21068,4907
13376,4908
21920,4909
15720,4910
14747,4911
9266,4912
8533,4913
22482,4914
1777,4915
5946,4916
22849,4917
9279,4918
7167,4919
15359,4920
13028,4921
12235,4922
16028,4923
15235,4924
1666,4925
18293,4926
16873,4927
22653,4928
2248,4929
258,4930
125,4931
9284,4932
9286,4933
9287,4934
13019,4935
17631,4936
23393,4937
24073,4938
13022,4939
15494,4940
169,4941
61,4942
6541,4943
14646,4944
11349,4945
5805,4946
8004,4947
21496,4948
20684,4949
19865,4950
24235,4951
5998,4952
6682,4953
17525,4954
9299,4955
9308,4956
13003,4957
2446,4958
23223,4959
16006,4960
1891,4961
20361,4962
21163,4963
4011,4964
7243,4965
371,4966
11376,4967
10691,4968
9312,4969
9314,4970
9316,4971
843,4972
15328,4973
1029,4974
13688,4975
3125,4976
2404,4977
4525,4978
5650,4979
9328,4980
6548,4981
10070,4982
14609,4983
23238,4984
12069,4985
3126,4986
19864,4987
12166,4988
10819,4989
6012,4990
24101,4991
16748,4992
15990,4993
5932,4994
3820,4995
7501,4996
7933,4997
933,4998
19548,4999
20343,5000
4156,5001
19545,5002
4864,5003
18021,5004
5565,5005
18820,5006
22673,5007
9333,5008
14041,5009
9334,5010
9338,5011
17643,5012
19056,5013
18256,5014
20131,5015
10611,5016
23192,5017
10344,5018
12689,5019
16237,5020
11369,5021
18265,5022
10949,5023
11543,5024
11547,5025
12337,5026
12344,5027
14272,5028
15479,5029
16234,5030
16238,5031
16662,5032
16984,5033
12805,5034
17734,5035
14276,5036
18531,5037
18789,5038
1894,5039
19264,5040
20132,5041
19713,5042
20134,5043
20928,5044
21894,5045
13385,5046
22155,5047
22633,5048
12692,5049
22634,5050
23489,5051
17298,5052
23500,5053
18778,5054
2382,5055
17222,5056
23929,5057
23976,5058
2621,5059
3043,5060
1925,5061
3310,5062
15123,5063
4015,5064
17381,5065
4022,5066
4407,5067
4736,5068
5712,5069
6139,5070
6399,5071
6553,5072
6554,5073
6883,5074
15880,5075
13079,5076
20565,5077
19765,5078
17373,5079
22506,5080
3891,5081
12304,5082
7238,5083
4402,5084
12223,5085
13029,5086
23266,5087
12862,5088
15484,5089
10684,5090
7731,5091
840,5092
8895,5093
864,5094
18456,5095
2304,5096
18208,5097
2271,5098
17617,5099
23398,5100
16781,5101
12068,5102
2613,5103
1584,5104
8930,5105
9120,5106
9252,5107
9311,5108
9313,5109
934,5110
8804,5111
3092,5112
4205,5113
9345,5114
10029,5115
10698,5116
14563,5117
8754,5118
9350,5119
5272,5120
14607,5121
23728,5122
8889,5123
10010,5124
21706,5125
22274,5126
2301,5127
10674,5128
8903,5129
2261,5130
372,5131
817,5132
11345,5133
9014,5134
12535,5135
7616,5136
14126,5137
8300,5138
11743,5139
6932,5140
13330,5141
9351,5142
8022,5143
188,5144
74,5145
9353,5146
1212,5147
6162,5148
2224,5149
6736,5150
1500,5151
7191,5152
382,5153
6506,5154
11296,5155
10579,5156
17570,5157
3205,5158
21573,5159
3296,5160
2360,5161
936,5162
16892,5163
5206,5164
13317,5165
9362,5166
10046,5167
3732,5168
12227,5169
20028,5170
4939,5171
10940,5172
13251,5173
5642,5174
7247,5175
22557,5176
11380,5177
10695,5178
7911,5179
17618,5180
22538,5181
19901,5182
24068,5183
10256,5184
12078,5185
20659,5186
21620,5187
1790,5188
3925,5189
3133,5190
4535,5191
19869,5192
5933,5193
24036,5194
6627,5195
17559,5196
10833,5197
16454,5198
8185,5199
6563,5200
8190,5201
10661,5202
22569,5203
9012,5204
7007,5205
9294,5206
9365,5207
16151,5208
3749,5209
10016,5210
10702,5211
1222,5212
9367,5213
10051,5214
7953,5215
20824,5216
20027,5217
20364,5218
11065,5219
19566,5220
2607,5221
5129,5222
12265,5223
6135,5224
2262,5225
23428,5226
818,5227
1538,5228
7220,5229
17619,5230
17633,5231
13027,5232
20703,5233
19884,5234
19088,5235
10364,5236
11048,5237
23023,5238
3825,5239
14586,5240
4840,5241
6669,5242
5985,5243
19114,5244
17500,5245
12061,5246
19847,5247
19052,5248
20643,5249
15341,5250
4583,5251
22066,5252
669,5253
8179,5254
7497,5255
10670,5256
8248,5257
858,5258
3021,5259
833,5260
17621,5261
16879,5262
18305,5263
10262,5264
15245,5265
14461,5266
1578,5267
3119,5268
22490,5269
2491,5270
1768,5271
18309,5272
15227,5273
14442,5274
4529,5275
5232,5276
18248,5277
21628,5278
1061,5279
6324,5280
9013,5281
18765,5282
9370,5283
9380,5284
10064,5285
24020,5286
21457,5287
20642,5288
13771,5289
2476,5290
22901,5291
9381,5292
23727,5293
18762,5294
19407,5295
3423,5296
4421,5297
8304,5298
18204,5299
9383,5300
283,5301
7352,5302
24098,5303
12854,5304
12060,5305
19053,5306
23160,5307
18250,5308
16097,5309
3877,5310
668,5311
9385,5312
276,5313
13733,5314
9387,5315
15369,5316
19910,5317
5427,5318
16706,5319
20053,5320
7249,5321
6565,5322
8594,5323
9389,5324
231,5325
104,5326
9390,5327
16026,5328
5102,5329
21718,5330
11341,5331
10656,5332
10653,5333
5975,5334
10072,5335
24079,5336
18296,5337
21714,5338
4537,5339
13052,5340
3034,5341
22552,5342
5239,5343
24027,5344
21464,5345
3324,5346
13322,5347
4515,5348
22473,5349
7360,5350
22367,5351
7920,5352
3704,5353
11360,5354
4572,5355
8641,5356
10701,5357
4031,5358
15634,5359
495,5360
19515,5361
2770,5362
11205,5363
8707,5364
10233,5365
10920,5366
10921,5367
10922,5368
10927,5369
11514,5370
11515,5371
11519,5372
1152,5373
11521,5374
10050,5375
11528,5376
1172,5377
12302,5378
12307,5379
12308,5380
11423,5381
12310,5382
12312,5383
12314,5384
12315,5385
12323,5386
12324,5387
12325,5388
12846,5389
13096,5390
13103,5391
13110,5392
13119,5393
13120,5394
11430,5395
136,5396
13641,5397
13643,5398
13894,5399
13914,5400
14437,5401
14692,5402
10053,5403
14699,5404
14701,5405
14704,5406
14709,5407
15450,5408
15460,5409
15461,5410
162,5411
16213,5412
11416,5413
1628,5414
1651,5415
16718,5416
16733,5417
16951,5418
16952,5419
16955,5420
16956,5421
16959,5422
16960,5423
17711,5424
17716,5425
17717,5426
17722,5427
17723,5428
18215,5429
18222,5430
18234,5431
185,5432
18500,5433
18508,5434
18510,5435
10038,5436
18511,5437
18520,5438
1867,5439
12838,5440
19031,5441
191,5442
19325,5443
1640,5444
198,5445
20106,5446
17490,5447
20118,5448
16710,5449
20120,5450
202,5451
20620,5452
20630,5453
21431,5454
21433,5455
21462,5456
17508,5457
13962,5458
1469,5459
20231,5460
11846,5461
20974,5462
217,5463
21757,5464
11420,5465
21762,5466
21766,5467
12841,5468
21769,5469
21774,5470
21777,5471
22292,5472
22603,5473
22606,5474
1656,5475
22615,5476
15209,5477
22619,5478
1599,5479
22741,5480
14979,5481
10908,5482
13409,5483
14201,5484
12592,5485
20779,5486
1068,5487
13098,5488
21544,5489
232,5490
105,5491
2338,5492
2342,5493
23462,5494
16734,5495
23465,5496
23467,5497
10063,5498
23468,5499
23469,5500
23474,5501
23478,5502
14425,5503
23488,5504
2349,5505
23531,5506
2358,5507
23592,5508
11843,5509
2362,5510
23992,5511
24034,5512
10260,5513
10266,5514
10951,5515
10954,5516
1183,5517
12345,5518
12349,5519
13136,5520
13139,5521
13141,5522
13550,5523
13930,5524
13931,5525
13936,5526
13938,5527
1471,5528
14729,5529
1437,5530
14734,5531
14999,5532
15168,5533
15477,5534
11820,5535
15480,5536
15489,5537
15490,5538
16242,5539
16985,5540
16994,5541
16995,5542
16998,5543
17360,5544
17739,5545
11813,5546
17745,5547
18037,5548
18066,5549
18529,5550
18535,5551
11842,5552
18536,5553
12634,5554
18546,5555
10568,5556
18857,5557
18987,5558
19330,5559
11972,5560
19331,5561
14341,5562
19340,5563
16489,5564
19341,5565
19342,5566
19344,5567
14203,5568
20136,5569
20137,5570
20141,5571
14204,5572
20142,5573
20144,5574
20459,5575
20933,5576
21786,5577
13394,5578
21789,5579
11826,5580
21801,5581
15166,5582
22098,5583
22102,5584
22107,5585
22169,5586
22637,5587
14974,5588
22639,5589
19661,5590
22641,5591
22644,5592
15739,5593
22650,5594
2194,5595
22651,5596
22652,5597
22956,5598
22964,5599
22982,5600
22985,5601
23009,5602
23108,5603
23495,5604
20463,5605
23496,5606
21280,5607
23497,5608
23505,5609
17428,5610
23843,5611
23890,5612
250,5613
117,5614
253,5615
120,5616
256,5617
123,5618
2587,5619
2588,5620
16722,5621
263,5622
129,5623
2835,5624
2838,5625
30,5626
3062,5627
3067,5628
3083,5629
3281,5630
16727,5631
3282,5632
10062,5633
3284,5634
3289,5635
24007,5636
3396,5637
23901,5638
3780,5639
3794,5640
3796,5641
3997,5642
4006,5643
24013,5644
4018,5645
23920,5646
4020,5647
17364,5648
4026,5649
13401,5650
4249,5651
4253,5652
431,5653
11433,5654
4348,5655
4351,5656
4465,5657
4491,5658
4499,5659
451,5660
12848,5661
456,5662
465,5663
11885,5664
4700,5665
15967,5666
4709,5667
3775,5668
4729,5669
11872,5670
4738,5671
14194,5672
5031,5673
5156,5674
5158,5675
5170,5676
5195,5677
5202,5678
5390,5679
12663,5680
11870,5681
12661,5682
19196,5683
331,5684
23306,5685
1186,5686
23476,5687
54,5688
5400,5689
19828,5690
5402,5691
20622,5692
5403,5693
5409,5694
5417,5695
10741,5696
5423,5697
5217,5698
5433,5699
14247,5700
5656,5701
5736,5702
5858,5703
5869,5704
5870,5705
5890,5706
5897,5707
6045,5708
4484,5709
6109,5710
1646,5711
6111,5712
5883,5713
6118,5714
19840,5715
6127,5716
23004,5717
6319,5718
22843,5719
23628,5720
22846,5721
21917,5722
17973,5723
22770,5724
18772,5725
22756,5726
1360,5727
6477,5728
6604,5729
6610,5730
6613,5731
6618,5732
674,5733
6789,5734
3079,5735
6817,5736
12612,5737
7016,5738
71,5739
714,5740
7163,5741
10179,5742
7276,5743
7292,5744
7297,5745
7299,5746
7307,5747
7465,5748
13429,5749
14221,5750
15749,5751
7335,5752
3870,5753
10937,5754
12096,5755
17736,5756
7305,5757
7476,5758
7477,5759
5190,5760
7478,5761
10056,5762
7486,5763
5218,5764
76,5765
7961,5766
7978,5767
7981,5768
7996,5769
8162,5770
1624,5771
8186,5772
21274,5773
8187,5774
18849,5775
83,5776
85,5777
8523,5778
3247,5779
8525,5780
3639,5781
8656,5782
8663,5783
8669,5784
8708,5785
12105,5786
3009,5787
23424,5788
8813,5789
6478,5790
8524,5791
3613,5792
1706,5793
3929,5794
19093,5795
13146,5796
20103,5797
18241,5798
885,5799
8869,5800
4486,5801
8902,5802
16612,5803
893,5804
913,5805
9154,5806
22510,5807
10122,5808
21527,5809
17702,5810
19347,5811
24011,5812
7842,5813
9317,5814
10000,5815
6547,5816
9318,5817
872,5818
9309,5819
932,5820
9360,5821
9376,5822
9377,5823
9379,5824
939,5825
9391,5826
15259,5827
17737,5828
18905,5829
22346,5830
9395,5831
19161,5832
13904,5833
13639,5834
9397,5835
18360,5836
9399,5837
18336,5838
940,5839
12241,5840
5215,5841
5916,5842
2314,5843
3037,5844
3030,5845
15311,5846
19238,5847
3199,5848
2412,5849
19078,5850
19064,5851
14722,5852
15486,5853
3701,5854
20060,5855
2283,5856
1563,5857
6823,5858
7237,5859
12267,5860
8592,5861
8601,5862
7918,5863
7909,5864
6654,5865
15370,5866
16780,5867
19081,5868
8701,5869
14610,5870
12892,5871
12072,5872
7512,5873
3006,5874
9400,5875
14911,5876
5710,5877
9401,5878
12136,5879
9402,5880
14513,5881
9403,5882
22376,5883
9405,5884
8723,5885
12887,5886
13655,5887
14446,5888
1678,5889
2396,5890
15983,5891
16849,5892
10783,5893
23781,5894
9407,5895
7472,5896
23171,5897
9413,5898
12116,5899
1875,5900
4455,5901
9414,5902
23280,5903
19334,5904
23927,5905
6802,5906
3063,5907
16149,5908
1622,5909
21220,5910
18557,5911
14114,5912
7263,5913
14107,5914
9415,5915
18319,5916
20350,5917
2030,5918
17953,5919
21057,5920
22940,5921
2751,5922
12582,5923
1929,5924
9417,5925
15275,5926
16980,5927
7976,5928
9418,5929
21596,5930
20909,5931
12847,5932
9420,5933
1694,5934
12230,5935
10236,5936
10251,5937
10925,5938
10934,5939
11517,5940
11520,5941
11522,5942
11529,5943
11530,5944
1154,5945
12303,5946
12306,5947
12311,5948
12319,5949
12321,5950
11408,5951
12322,5952
12328,5953
12330,5954
13097,5955
13104,5956
13111,5957
13895,5958
13913,5959
140,5960
14685,5961
14686,5962
14690,5963
14698,5964
14700,5965
15449,5966
15454,5967
15455,5968
15463,5969
14422,5970
15464,5971
1613,5972
16198,5973
12849,5974
16199,5975
16203,5976
16204,5977
16219,5978
16224,5979
163,5980
164,5981
166,5982
16712,5983
16729,5984
16954,5985
16961,5986
16962,5987
16964,5988
16969,5989
16973,5990
17461,5991
17493,5992
17707,5993
17713,5994
18507,5995
16737,5996
18512,5997
10735,5998
18522,5999
18523,6000
18525,6001
1866,6002
16724,6003
1869,6004
1872,6005
19019,6006
192,6007
19307,6008
1657,6009
19308,6010
19310,6011
19311,6012
196,6013
19852,6014
20099,6015
18226,6016
20104,6017
20115,6018
19827,6019
20617,6020
20665,6021
10329,6022
10362,6023
15561,6024
13362,6025
18264,6026
10259,6027
11548,6028
11550,6029
11555,6030
11557,6031
11558,6032
10567,6033
1177,6034
12341,6035
12346,6036
12348,6037
12601,6038
12616,6039
13138,6040
13933,6041
13945,6042
14715,6043
14727,6044
15491,6045
16229,6046
16230,6047
13418,6048
16231,6049
14337,6050
16240,6051
14145,6052
16495,6053
16508,6054
17273,6055
17738,6056
17741,6057
17746,6058
18059,6059
18071,6060
18537,6061
18538,6062
18540,6063
18047,6064
18547,6065
10504,6066
1890,6067
1898,6068
11886,6069
19346,6070
20139,6071
20145,6072
20169,6073
20198,6074
14338,6075
11499,6076
12757,6077
16610,6078
11956,6079
20464,6080
20593,6081
20901,6082
17487,6083
20902,6084
20904,6085
20910,6086
20915,6087
20921,6088
16717,6089
20935,6090
18834,6091
20936,6092
20438,6093
20938,6094
20940,6095
17245,6096
20942,6097
1474,6098
20953,6099
21001,6100
15856,6101
11500,6102
14334,6103
11962,6104
13537,6105
21029,6106
15753,6107
21211,6108
21244,6109
21251,6110
21284,6111
21293,6112
21435,6113
216,6114
21701,6115
21751,6116
15961,6117
21784,6118
14154,6119
1263,6120
21790,6121
17260,6122
21795,6123
10500,6124
21797,6125
1468,6126
2198,6127
1107,6128
22065,6129
21844,6130
20992,6131
11986,6132
22278,6133
22284,6134
22290,6135
224,6136
100,6137
22513,6138
10115,6139
12920,6140
14707,6141
22604,6142
12057,6143
22607,6144
22295,6145
22610,6146
19032,6147
22612,6148
22621,6149
10061,6150
22631,6151
1648,6152
22638,6153
14190,6154
23028,6155
23038,6156
23137,6157
23144,6158
23147,6159
2345,6160
23460,6161
23472,6162
21439,6163
23473,6164
14430,6165
23494,6166
13426,6167
23498,6168
12620,6169
23504,6170
23509,6171
23536,6172
2361,6173
23855,6174
23996,6175
24001,6176
24003,6177
245,6178
112,6179
248,6180
115,6181
252,6182
119,6183
257,6184
124,6185
2586,6186
2589,6187
2618,6188
21325,6189
2619,6190
19694,6191
2657,6192
3060,6193
3064,6194
3090,6195
3285,6196
19014,6197
3311,6198
22125,6199
3320,6200
23825,6201
3321,6202
12607,6203
34,6204
3612,6205
3637,6206
3755,6207
3758,6208
3774,6209
3792,6210
3798,6211
3991,6212
16721,6213
4021,6214
23900,6215
3977,6216
21322,6217
22177,6218
13454,6219
12964,6220
1050,6221
16972,6222
23301,6223
4250,6224
4319,6225
432,6226
12052,6227
434,6228
12842,6229
441,6230
4471,6231
4506,6232
4511,6233
462,6234
17243,6235
464,6236
23055,6237
4698,6238
4731,6239
11971,6240
4732,6241
5060,6242
5169,6243
5189,6244
5192,6245
5199,6246
5411,6247
5194,6248
5440,6249
14994,6250
55,6251
5533,6252
23866,6253
56,6254
5657,6255
10214,6256
5762,6257
2545,6258
4347,6259
2193,6260
58,6261
5845,6262
5861,6263
5871,6264
5884,6265
5891,6266
5894,6267
5908,6268
5910,6269
5911,6270
5919,6271
6101,6272
15973,6273
6102,6274
6105,6275
2357,6276
6106,6277
5880,6278
17647,6279
1632,6280
2086,6281
21913,6282
21997,6283
22766,6284
17974,6285
23624,6286
18773,6287
5535,6288
4920,6289
6119,6290
6129,6291
22171,6292
6130,6293
21258,6294
643,6295
17105,6296
1363,6297
21075,6298
23641,6299
21222,6300
23792,6301
13170,6302
6481,6303
6592,6304
6593,6305
6614,6306
6620,6307
6796,6308
6821,6309
14335,6310
7164,6311
7298,6312
7306,6313
7310,6314
7327,6315
7487,6316
19017,6317
7500,6318
21288,6319
7505,6320
22112,6321
754,6322
11254,6323
2166,6324
77,6325
7783,6326
7972,6327
7977,6328
8073,6329
23288,6330
14718,6331
81,6332
8157,6333
18233,6334
8161,6335
8164,6336
4489,6337
8166,6338
20614,6339
8189,6340
8377,6341
8529,6342
8665,6343
8672,6344
8673,6345
8680,6346
8738,6347
20691,6348
8684,6349
10235,6350
10239,6351
10932,6352
11516,6353
11523,6354
11526,6355
11534,6356
11538,6357
13115,6358
13116,6359
13634,6360
13902,6361
13908,6362
14688,6363
14693,6364
14702,6365
14708,6366
10059,6367
14710,6368
15202,6369
15456,6370
15471,6371
15473,6372
16200,6373
16202,6374
16207,6375
16208,6376
16209,6377
16210,6378
16211,6379
16216,6380
10043,6381
16217,6382
10728,6383
16220,6384
12839,6385
16223,6386
16225,6387
1635,6388
16714,6389
16893,6390
16965,6391
16966,6392
16968,6393
17474,6394
14623,6395
17481,6396
17701,6397
17708,6398
12056,6399
12242,6400
17726,6401
18239,6402
18505,6403
10739,6404
18515,6405
1614,6406
16905,6407
18517,6408
16723,6409
18524,6410
1864,6411
1865,6412
1881,6413
18244,6414
19026,6415
19033,6416
19062,6417
15236,6418
18575,6419
10571,6420
19306,6421
1621,6422
19314,6423
19323,6424
19324,6425
14426,6426
19370,6427
11255,6428
19371,6429
19824,6430
20098,6431
18229,6432
20123,6433
10730,6434
20900,6435
20917,6436
12049,6437
20919,6438
20920,6439
21437,6440
21442,6441
21755,6442
21756,6443
21760,6444
16732,6445
21767,6446
21438,6447
21773,6448
21998,6449
20344,6450
22283,6451
16145,6452
22288,6453
15385,6454
19822,6455
20248,6456
19602,6457
22605,6458
15979,6459
16888,6460
22611,6461
10740,6462
22614,6463
20628,6464
22616,6465
22620,6466
22630,6467
18225,6468
23174,6469
10269,6470
10944,6471
10946,6472
10953,6473
11541,6474
11549,6475
11551,6476
11552,6477
11559,6478
1178,6479
11967,6480
12342,6481
12350,6482
13140,6483
11847,6484
13143,6485
13145,6486
13147,6487
13922,6488
13923,6489
13929,6490
13934,6491
13937,6492
13939,6493
14185,6494
1435,6495
14725,6496
14726,6497
14728,6498
13414,6499
14973,6500
15476,6501
15488,6502
11809,6503
15855,6504
16232,6505
16244,6506
16982,6507
15745,6508
16983,6509
16997,6510
11805,6511
17238,6512
17740,6513
17742,6514
18544,6515
18545,6516
11253,6517
18843,6518
1889,6519
1895,6520
12624,6521
1897,6522
1899,6523
19339,6524
16503,6525
19343,6526
19345,6527
20128,6528
18099,6529
20129,6530
13456,6531
20444,6532
20446,6533
20468,6534
20937,6535
18869,6536
20943,6537
20945,6538
20946,6539
21262,6540
21296,6541
21785,6542
21787,6543
21788,6544
22122,6545
22138,6546
22176,6547
22642,6548
18067,6549
22960,6550
22969,6551
22973,6552
22978,6553
22996,6554
23052,6555
2333,6556
12255,6557
11419,6558
23461,6559
23484,6560
11432,6561
23487,6562
23501,6563
12637,6564
23506,6565
2160,6566
23590,6567
19667,6568
2375,6569
23815,6570
23821,6571
23868,6572
23892,6573
23918,6574
24006,6575
2590,6576
2612,6577
15754,6578
2882,6579
2919,6580
2923,6581
3031,6582
2308,6583
3058,6584
3065,6585
3086,6586
3088,6587
16897,6588
19021,6589
18758,6590
3228,6591
12845,6592
3283,6593
12051,6594
3295,6595
1649,6596
3297,6597
3315,6598
18097,6599
3445,6600
22850,6601
2033,6602
11758,6603
2754,6604
12550,6605
17085,6606
2077,6607
3606,6608
3757,6609
13840,6610
1623,6611
15952,6612
3764,6613
23405,6614
3071,6615
2805,6616
17940,6617
21066,6618
2084,6619
21918,6620
20369,6621
22771,6622
19571,6623
3805,6624
388,6625
3988,6626
15214,6627
16137,6628
21440,6629
3992,6630
19813,6631
16901,6632
17465,6633
21995,6634
19464,6635
21142,6636
21063,6637
16448,6638
21915,6639
17200,6640
14821,6641
3504,6642
3507,6643
19477,6644
3996,6645
14436,6646
4004,6647
4019,6648
12664,6649
4027,6650
19643,6651
4105,6652
16527,6653
2568,6654
15019,6655
17277,6656
14246,6657
12169,6658
4125,6659
22141,6660
10216,6661
16504,6662
17255,6663
17253,6664
17609,6665
433,6666
14431,6667
13829,6668
16728,6669
17950,6670
2080,6671
21074,6672
4216,6673
22782,6674
20419,6675
23640,6676
18018,6677
23534,6678
4352,6679
4467,6680
14632,6681
457,6682
23861,6683
4606,6684
12128,6685
18521,6686
1610,6687
4701,6688
13637,6689
3229,6690
4706,6691
4707,6692
23129,6693
4708,6694
11407,6695
4728,6696
14983,6697
4933,6698
21992,6699
14048,6700
21139,6701
12462,6702
13255,6703
3539,6704
4247,6705
23529,6706
5034,6707
5160,6708
5172,6709
5188,6710
5193,6711
11454,6712
4487,6713
5201,6714
5204,6715
18444,6716
5205,6717
17952,6718
17181,6719
5209,6720
13036,6721
5279,6722
14479,6723
22635,6724
5401,6725
5207,6726
5410,6727
19812,6728
5414,6729
2368,6730
16896,6731
1650,6732
18710,6733
10031,6734
3008,6735
11582,6736
17023,6737
22678,6738
3640,6739
3246,6740
11251,6741
3642,6742
2542,6743
4349,6744
10863,6745
5434,6746
10443,6747
20883,6748
11127,6749
5633,6750
21986,6751
5733,6752
5764,6753
5768,6754
5855,6755
16153,6756
5856,6757
5872,6758
5881,6759
5888,6760
5895,6761
5899,6762
11453,6763
22286,6764
14170,6765
5912,6766
5914,6767
6040,6768
5915,6769
6103,6770
3787,6771
6104,6772
3091,6773
6131,6774
19687,6775
6132,6776
16498,6777
6136,6778
17358,6779
6259,6780
20347,6781
16351,6782
14931,6783
17104,6784
15691,6785
15580,6786
17087,6787
2796,6788
6300,6789
13581,6790
1561,6791
6359,6792
6418,6793
6423,6794
654,6795
22760,6796
1374,6797
23618,6798
20371,6799
5626,6800
21928,6801
3508,6802
19476,6803
20274,6804
18817,6805
22932,6806
17774,6807
592,6808
19573,6809
14031,6810
16425,6811
6569,6812
6589,6813
3066,6814
17988,6815
6600,6816
19249,6817
11411,6818
662,6819
6728,6820
4501,6821
22003,6822
20338,6823
17107,6824
17941,6825
15601,6826
16355,6827
22935,6828
23795,6829
21821,6830
6785,6831
6786,6832
14433,6833
6799,6834
1642,6835
16899,6836
3776,6837
11705,6838
1595,6839
6803,6840
2351,6841
6812,6842
18062,6843
7277,6844
21697,6845
5857,6846
4196,6847
12792,6848
7294,6849
7300,6850
7303,6851
22865,6852
7413,6853
20640,6854
17460,6855
7415,6856
14434,6857
23722,6858
2737,6859
22864,6860
1298,6861
20370,6862
579,6863
19572,6864
6918,6865
7416,6866
19832,6867
17956,6868
7479,6869
5893,6870
7480,6871
4479,6872
15390,6873
7490,6874
7493,6875
19046,6876
7499,6877
19668,6878
7504,6879
12655,6880
752,6881
10178,6882
2196,6883
4350,6884
2889,6885
3150,6886
755,6887
7602,6888
12452,6889
2075,6890
7686,6891
7960,6892
2804,6893
2738,6894
22011,6895
1299,6896
12541,6897
2017,6898
13338,6899
5536,6900
7971,6901
18448,6902
7983,6903
17645,6904
5203,6905
14873,6906
7988,6907
7991,6908
8079,6909
8102,6910
3779,6911
22002,6912
21988,6913
11671,6914
21135,6915
18669,6916
18022,6917
19473,6918
18821,6919
23528,6920
5559,6921
2088,6922
18655,6923
23738,6924
4858,6925
22880,6926
16331,6927
14908,6928
8158,6929
8160,6930
23135,6931
16144,6932
20616,6933
18749,6934
2078,6935
22765,6936
19550,6937
21060,6938
21171,6939
21912,6940
22024,6941
22755,6942
8168,6943
19818,6944
8182,6945
22116,6946
8188,6947
15770,6948
8368,6949
17875,6950
18673,6951
22075,6952
22930,6953
14758,6954
8598,6955
8654,6956
23753,6957
11403,6958
8610,6959
8661,6960
12246,6961
6607,6962
13183,6963
3518,6964
17031,6965
21987,6966
8666,6967
8667,6968
11384,6969
7253,6970
8674,6971
10169,6972
1655,6973
2090,6974
1311,6975
18743,6976
2811,6977
8312,6978
22027,6979
879,6980
23410,6981
2319,6982
18012,6983
8802,6984
2372,6985
18755,6986
3510,6987
22781,6988
4217,6989
17872,6990
23639,6991
4852,6992
19556,6993
3436,6994
11760,6995
4144,6996
12552,6997
14817,6998
4952,6999
5654,7000
20968,7001
883,7002
5171,7003
16478,7004
878,7005
857,7006
8851,7007
17256,7008
16505,7009
16502,7010
16858,7011
8852,7012
23858,7013
22998,7014
12631,7015
13803,7016
3869,7017
3989,7018
17480,7019
3937,7020
18230,7021
22006,7022
10981,7023
20252,7024
22841,7025
12464,7026
22858,7027
2024,7028
19575,7029
23699,7030
11670,7031
14049,7032
14956,7033
15715,7034
15516,7035
2745,7036
20373,7037
20244,7038
17843,7039
19538,7040
23694,7041
8867,7042
12055,7043
15380,7044
18235,7045
18753,7046
22845,7047
23633,7048
23703,7049
1320,7050
5655,7051
601,7052
4953,7053
12370,7054
8868,7055
3789,7056
10170,7057
7296,7058
2091,7059
19541,7060
17871,7061
18740,7062
22780,7063
19623,7064
23638,7065
20422,7066
13960,7067
8892,7068
23836,7069
8893,7070
22144,7071
8899,7072
890,7073
13842,7074
5157,7075
14887,7076
5818,7077
1562,7078
15315,7079
14161,7080
19374,7081
21818,7082
10570,7083
1821,7084
23526,7085
10573,7086
10177,7087
6480,7088
753,7089
1473,7090
5740,7091
20786,7092
3906,7093
20707,7094
3286,7095
16738,7096
7841,7097
8768,7098
20731,7099
1686,7100
8800,7101
2377,7102
3098,7103
7951,7104
8634,7105
2307,7106
16068,7107
3198,7108
20034,7109
15916,7110
13300,7111
16958,7112
15034,7113
17506,7114
14541,7115
20931,7116
2623,7117
11364,7118
20062,7119
3002,7120
22567,7121
3201,7122
19932,7123
23203,7124
20644,7125
15225,7126
2374,7127
3697,7128
4737,7129
5816,7130
17664,7131
4408,7132
7915,7133
10672,7134
19226,7135
3157,7136
17532,7137
16239,7138
3700,7139
8900,7140
18842,7141
899,7142
16904,7143
1602,7144
4460,7145
10272,7146
10273,7147
10958,7148
13059,7149
16402,7150
18642,7151
18003,7152
20055,7153
23571,7154
23771,7155
11468,7156
19263,7157
21421,7158
3705,7159
4193,7160
5446,7161
471,7162
16396,7163
728,7164
3010,7165
6537,7166
11604,7167
12540,7168
15532,7169
17426,7170
4320,7171
5371,7172
18986,7173
18186,7174
5719,7175
21617,7176
1794,7177
22394,7178
13151,7179
21540,7180
16755,7181
18281,7182
19861,7183
20774,7184
10827,7185
10143,7186
6753,7187
8603,7188
7178,7189
10657,7190
10590,7191
13189,7192
18703,7193
19389,7194
1939,7195
14869,7196
1940,7197
1950,7198
16381,7199
20307,7200
21109,7201
2674,7202
22813,7203
4782,7204
21105,7205
5478,7206
18705,7207
616,7208
20319,7209
6178,7210
23671,7211
618,7212
17919,7213
6186,7214
17905,7215
4174,7216
14103,7217
6273,7218
13543,7219
8231,7220
21958,7221
1338,7222
16405,7223
8240,7224
14078,7225
3467,7226
13522,7227
8605,7228
7427,7229
6374,7230
14363,7231
6445,7232
2150,7233
7922,7234
1534,7235
10989,7236
17038,7237
3608,7238
7443,7239
8229,7240
7102,7241
7444,7242
8461,7243
7780,7244
2870,7245
21616,7246
10146,7247
18303,7248
19125,7249
866,7250
1543,7251
14772,7252
11183,7253
16284,7254
14394,7255
17039,7256
1432,7257
10198,7258
5732,7259
5028,7260
3594,7261
19178,7262
7442,7263
15925,7264
16678,7265
2147,7266
24193,7267
8126,7268
876,7269
7927,7270
8957,7271
15629,7272
18686,7273
23110,7274
901,7275
15393,7276
10726,7277
10738,7278
11790,7279
2318,7280
5127,7281
9027,7282
21174,7283
18643,7284
15578,7285
17084,7286
21131,7287
22835,7288
903,7289
11459,7290
3046,7291
10052,7292
12583,7293
1598,7294
1577,7295
904,7296
17649,7297
1603,7298
2343,7299
19589,7300
11404,7301
6560,7302
908,7303
17648,7304
2347,7305
21231,7306
9087,7307
22245,7308
16812,7309
8774,7310
12117,7311
440,7312
3081,7313
6730,7314
4480,7315
18709,7316
9146,7317
8463,7318
10493,7319
23331,7320
361,7321
13683,7322
22647,7323
2162,7324
4545,7325
14450,7326
20672,7327
24038,7328
19179,7329
1793,7330
2516,7331
16228,7332
18240,7333
916,7334
918,7335
920,7336
18751,7337
4754,7338
5628,7339
18670,7340
6318,7341
19474,7342
20272,7343
19621,7344
20420,7345
20970,7346
921,7347
9211,7348
8526,7349
9212,7350
5366,7351
922,7352
12250,7353
2359,7354
924,7355
22086,7356
930,7357
14627,7358
18223,7359
19514,7360
9330,7361
8618,7362
9331,7363
9349,7364
10693,7365
9354,7366
19252,7367
7956,7368
2829,7369
9361,7370
9364,7371
17153,7372
2285,7373
11368,7374
15346,7375
1388,7376
15517,7377
20964,7378
22669,7379
6482,7380
4663,7381
7353,7382
16021,7383
21486,7384
22339,7385
22325,7386
23524,7387
751,7388
1822,7389
5062,7390
5766,7391
756,7392
7846,7393
4353,7394
15929,7395
16098,7396
7355,7397
18313,7398
5404,7399
13647,7400
8538,7401
8799,7402
12058,7403
19842,7404
2317,7405
10032,7406
7251,7407
18417,7408
7356,7409
8811,7410
2200,7411
9368,7412
12253,7413
9356,7414
3756,7415
14947,7416
7267,7417
9324,7418
9369,7419
20044,7420
2323,7421
4464,7422
13215,7423
1387,7424
10719,7425
13847,7426
13951,7427
11113,7428
1555,7429
1586,7430
17082,7431
17661,7432
1452,7433
10002,7434
18004,7435
21712,7436
23418,7437
11373,7438
10688,7439
2258,7440
15533,7441
2883,7442
6069,7443
6143,7444
6828,7445
6298,7446
6831,7447
6146,7448
6858,7449
17429,7450
15412,7451
18989,7452
19794,7453
18185,7454
13794,7455
7239,7456
6555,7457
7902,7458
12394,7459
20366,7460
2660,7461
1438,7462
6067,7463
6424,7464
11186,7465
16674,7466
13002,7467
6861,7468
7100,7469
1833,7470
5728,7471
5024,7472
22268,7473
14583,7474
1725,7475
24113,7476
14732,7477
6416,7478
7108,7479
10195,7480
11187,7481
8226,7482
3611,7483
8548,7484
384,7485
15887,7486
4821,7487
11766,7488
2000,7489
21876,7490
17268,7491
4831,7492
1283,7493
12646,7494
566,7495
23589,7496
13436,7497
4692,7498
7750,7499
7145,7500
4308,7501
4797,7502
17984,7503
5491,7504
18783,7505
2718,7506
560,7507
15769,7508
10895,7509
16520,7510
17831,7511
20229,7512
18870,7513
21883,7514
20460,7515
23008,7516
3981,7517
18068,7518
18867,7519
417,7520
20473,7521
19674,7522
18055,7523
422,7524
7903,7525
10304,7526
10993,7527
13980,7528
17906,7529
19513,7530
22816,7531
2937,7532
1232,7533
15630,7534
1944,7535
18704,7536
2054,7537
16591,7538
4776,7539
22814,7540
4777,7541
23674,7542
2775,7543
19523,7544
5477,7545
4198,7546
6176,7547
2791,7548
6189,7549
3491,7550
8244,7551
23672,7552
19490,7553
16407,7554
8322,7555
8380,7556
11639,7557
14812,7558
11829,7559
18844,7560
10907,7561
20238,7562
20448,7563
14981,7564
13391,7565
20449,7566
1145,7567
18846,7568
22980,7569
12597,7570
7467,7571
22983,7572
22124,7573
11804,7574
14592,7575
3159,7576
19301,7577
23999,7578
3142,7579
8017,7580
8431,7581
15423,7582
20561,7583
3584,7584
13204,7585
14355,7586
19586,7587
1972,7588
20385,7589
4822,7590
4114,7591
13439,7592
6087,7593
14231,7594
13228,7595
15734,7596
19438,7597
13400,7598
21891,7599
21250,7600
1148,7601
22961,7602
12605,7603
23812,7604
6780,7605
8611,7606
8699,7607
8830,7608
5032,7609
1436,7610
8858,7611
14193,7612
11815,7613
22097,7614
8941,7615
1355,7616
5582,7617
20321,7618
8952,7619
2070,7620
4879,7621
15121,7622
20079,7623
8956,7624
20311,7625
1335,7626
15654,7627
11092,7628
9059,7629
9148,7630
15921,7631
12209,7632
9298,7633
15531,7634
2163,7635
6173,7636
20594,7637
14651,7638
13605,7639
15924,7640
21414,7641
17601,7642
7441,7643
715,7644
5738,7645
19790,7646
23385,7647
8938,7648
937,7649
9372,7650
938,7651
16889,7652
5211,7653
18757,7654
2021,7655
22860,7656
2742,7657
23731,7658
3433,7659
21168,7660
15586,7661
9382,7662
14455,7663
22328,7664
23332,7665
8778,7666
9398,7667
16201,7668
1653,7669
19129,7670
22643,7671
19649,7672
94,7673
9410,7674
22370,7675
19303,7676
18247,7677
22648,7678
9411,7679
22378,7680
21794,7681
24111,7682
19883,7683
22354,7684
24046,7685
16851,7686
10092,7687
10776,7688
16206,7689
21446,7690
9412,7691
17194,7692
15652,7693
21493,7694
12339,7695
12999,7696
14723,7697
19337,7698
3003,7699
20061,7700
1560,7701
5114,7702
5814,7703
23426,7704
1558,7705
2279,7706
2272,7707
4569,7708
5990,7709
15263,7710
12073,7711
13648,7712
21455,7713
15217,7714
9007,7715
9392,7716
20734,7717
942,7718
14618,7719
4512,7720
14950,7721
4908,7722
9421,7723
20687,7724
20109,7725
5212,7726
9422,7727
22451,7728
13905,7729
18232,7730
9423,7731
4699,7732
20626,7733
17644,7734
15970,7735
1376,7736
15525,7737
2747,7738
22856,7739
2026,7740
13348,7741
21906,7742
14140,7743
15577,7744
6171,7745
6317,7746
19475,7747
2079,7748
14840,7749
15600,7750
3538,7751
4246,7752
20171,7753
9424,7754
10919,7755
13642,7756
15262,7757
16890,7758
12054,7759
19338,7760
15752,7761
5634,7762
21989,7763
20271,7764
19542,7765
17870,7766
18668,7767
21225,7768
22080,7769
11580,7770
5560,7771
3517,7772
3443,7773
15693,7774
4151,7775
14933,7776
13237,7777
9426,7778
18340,7779
19141,7780
22627,7781
23209,7782
22356,7783
22334,7784
18406,7785
5902,7786
14624,7787
7295,7788
10700,7789
11385,7790
8749,7791
9427,7792
12888,7793
12094,7794
16222,7795
18220,7796
12249,7797
21503,7798
20682,7799
23134,7800
18647,7801
3532,7802
9332,7803
11386,7804
6238,7805
9428,7806
15462,7807
15960,7808
20756,7809
1185,7810
22179,7811
9429,7812
18344,7813
10929,7814
18246,7815
10850,7816
23153,7817
22904,7818
4907,7819
943,7820
12239,7821
5219,7822
22833,7823
18816,7824
12392,7825
9430,7826
17523,7827
10267,7828
14694,7829
11424,7830
16903,7831
10040,7832
22986,7833
5168,7834
11472,7835
11649,7836
14953,7837
15504,7838
14743,7839
13307,7840
15558,7841
21713,7842
22059,7843
20158,7844
20861,7845
21704,7846
3011,7847
3327,7848
11108,7849
6556,7850
6583,7851
11377,7852
7147,7853
11371,7854
6538,7855
10305,7856
14924,7857
16283,7858
11185,7859
2156,7860
3254,7861
15923,7862
16676,7863
6862,7864
7240,7865
2981,7866
14771,7867
6859,7868
5029,7869
16919,7870
7782,7871
6068,7872
6420,7873
5734,7874
16673,7875
17583,7876
2473,7877
21525,7878
11556,7879
23249,7880
16751,7881
15993,7882
4530,7883
15326,7884
7104,7885
8052,7886
7369,7887
15452,7888
13644,7889
8124,7890
848,7891
2943,7892
6053,7893
8909,7894
7663,7895
8939,7896
9102,7897
12284,7898
18978,7899
2135,7900
6454,7901
1961,7902
17983,7903
5723,7904
22694,7905
18782,7906
561,7907
9145,7908
9431,7909
8862,7910
2388,7911
1802,7912
3106,7913
9433,7914
24106,7915
10065,7916
10938,7917
1179,7918
20360,7919
4232,7920
4131,7921
2296,7922
4430,7923
4808,7924
5134,7925
9020,7926
17455,7927
9434,7928
8752,7929
3294,7930
5216,7931
9435,7932
14691,7933
14435,7934
13035,7935
11707,7936
12850,7937
5148,7938
12184,7939
3179,7940
5295,7941
10807,7942
21534,7943
23682,7944
4875,7945
13293,7946
2528,7947
10686,7948
5579,7949
9230,7950
9436,7951
20710,7952
9437,7953
16034,7954
1871,7955
2335,7956
15395,7957
10049,7958
14164,7959
10017,7960
13950,7961
16265,7962
22663,7963
9438,7964
13363,7965
9439,7966
20693,7967
17729,7968
19962,7969
16218,7970
11908,7971
23163,7972
1803,7973
18442,7974
22316,7975
21463,7976
15478,7977
17451,7978
23448,7979
17345,7980
15087,7981
23073,7982
14558,7983
1039,7984
24024,7985
23164,7986
15481,7987
10618,7988
3248,7989
3265,7990
13490,7991
22206,7992
20509,7993
12974,7994
10810,7995
21535,7996
23710,7997
17860,7998
21147,7999
1314,8000
13377,8001
3629,8002
3737,8003
3339,8004
11298,8005
4444,8006
4861,8007
12580,8008
21808,8009
5343,8010
18257,8011
19057,8012
14719,8013
5435,8014
5754,8015
6429,8016
19205,8017
10125,8018
10027,8019
4224,8020
7509,8021
18199,8022
7877,8023
8191,8024
3668,8025
8448,8026
17949,8027
21062,8028
18747,8029
21914,8030
18024,8031
22767,8032
22938,8033
1930,8034
881,8035
1209,8036
8560,8037
1099,8038
9250,8039
3241,8040
10613,8041
1503,8042
9323,8043
16158,8044
22272,8045
2295,8046
834,8047
944,8048
15296,8049
3932,8050
17206,8051
9441,8052
21585,8053
12327,8054
3788,8055
9442,8056
23285,8057
9443,8058
22435,8059
15470,8060
931,8061
14626,8062
5196,8063
3520,8064
585,8065
20355,8066
2022,8067
17197,8068
2743,8069
14927,8070
16340,8071
9444,8072
12138,8073
11525,8074
3047,8075
20847,8076
3741,8077
2808,8078
9445,8079
1153,8080
17477,8081
3844,8082
12340,8083
12603,8084
9446,8085
11509,8086
15261,8087
13932,8088
19672,8089
4494,8090
13039,8091
8662,8092
22004,8093
1364,8094
3439,8095
19554,8096
2027,8097
11756,8098
4147,8099
12548,8100
19450,8101
18735,8102
9447,8103
18499,8104
4552,8105
13135,8106
22103,8107
6615,8108
15382,8109
23142,8110
21148,8111
18656,8112
2087,8113
21137,8114
12463,8115
22761,8116
13344,8117
23700,8118
13256,8119
17869,8120
2111,8121
2833,8122
19373,8123
593,8124
14136,8125
17088,8126
6316,8127
9448,8128
16043,8129
20114,8130
4730,8131
22193,8132
6596,8133
14635,8134
7280,8135
9066,8136
15144,8137
6551,8138
945,8139
20783,8140
1776,8141
5645,8142
9451,8143
6098,8144
5227,8145
9453,8146
20758,8147
17712,8148
3093,8149
9457,8150
19897,8151
5408,8152
1619,8153
7506,8154
23828,8155
946,8156
19050,8157
13792,8158
3168,8159
1389,8160
9460,8161
16963,8162
19038,8163
9461,8164
19099,8165
20944,8166
3288,8167
3097,8168
13827,8169
3803,8170
5917,8171
3731,8172
4439,8173
3724,8174
23330,8175
1795,8176
2518,8177
24097,8178
9462,8179
24089,8180
19917,8181
19083,8182
18282,8183
19066,8184
23507,8185
24194,8186
10144,8187
10828,8188
6792,8189
18238,8190
9142,8191
9464,8192
16030,8193
21779,8194
13588,8195
8171,8196
5176,8197
9465,8198
17538,8199
23490,8200
22202,8201
4010,8202
5850,8203
13845,8204
7271,8205
14742,8206
3621,8207
6573,8208
2312,8209
4200,8210
9468,8211
23291,8212
5412,8213
11428,8214
16895,8215
2371,8216
16416,8217
15597,8218
15673,8219
14047,8220
13373,8221
14837,8222
12576,8223
1932,8224
9471,8225
12113,8226
10242,8227
3768,8228
9475,8229
10024,8230
1214,8231
13321,8232
16989,8233
16235,8234
20051,8235
15950,8236
19262,8237
2982,8238
23429,8239
4396,8240
5443,8241
21982,8242
11676,8243
10523,8244
6064,8245
7223,8246
11273,8247
4072,8248
14080,8249
7549,8250
13287,8251
19489,8252
5696,8253
21725,8254
688,8255
1409,8256
7858,8257
7923,8258
13975,8259
4395,8260
504,8261
6288,8262
6974,8263
21085,8264
8110,8265
9340,8266
1216,8267
16384,8268
2277,8269
16278,8270
12495,8271
17885,8272
704,8273
4671,8274
5725,8275
5021,8276
9476,8277
16328,8278
8676,8279
14619,8280
948,8281
23157,8282
16102,8283
5986,8284
6670,8285
24107,8286
22344,8287
23197,8288
3104,8289
947,8290
21453,8291
12205,8292
7358,8293
16777,8294
9486,8295
23998,8296
7657,8297
9495,8298
3638,8299
5763,8300
7110,8301
16069,8302
95,8303
9508,8304
10522,8305
951,8306
952,8307
15219,8308
15515,8309
17765,8310
9532,8311
18063,8312
23863,8313
22131,8314
2431,8315
3211,8316
24116,8317
10945,8318
18862,8319
8870,8320
20615,8321
9544,8322
23168,8323
16133,8324
24021,8325
1671,8326
11574,8327
21444,8328
9545,8329
5928,8330
2525,8331
3812,8332
3815,8333
16735,8334
9546,8335
19060,8336
9547,8337
19061,8338
9548,8339
24029,8340
9549,8341
15972,8342
9551,8343
935,8344
14625,8345
23139,8346
1225,8347
11699,8348
13974,8349
4222,8350
12388,8351
5562,8352
19552,8353
1313,8354
22879,8355
5627,8356
594,8357
23737,8358
17844,8359
14820,8360
15589,8361
16332,8362
21984,8363
3506,8364
6190,8365
12491,8366
20288,8367
14894,8368
10406,8369
9090,8370
9552,8371
3076,8372
20042,8373
2354,8374
2083,8375
18742,8376
20270,8377
17944,8378
19472,8379
21924,8380
21221,8381
23630,8382
23791,8383
13964,8384
647,8385
18664,8386
20372,8387
22772,8388
19574,8389
11652,8390
17935,8391
9553,8392
7311,8393
11445,8394
2379,8395
12527,8396
17109,8397
11735,8398
16357,8399
18732,8400
17876,8401
18674,8402
20417,8403
16281,8404
7843,8405
9210,8406
2543,8407
9555,8408
1641,8409
15389,8410
5889,8411
725,8412
9556,8413
23148,8414
13828,8415
9557,8416
6605,8417
9558,8418
9352,8419
20849,8420
10722,8421
14419,8422
7515,8423
2897,8424
8629,8425
19525,8426
9559,8427
4476,8428
956,8429
9562,8430
8646,8431
9564,8432
23130,8433
16147,8434
20611,8435
5616,8436
9566,8437
3742,8438
9567,8439
4449,8440
9569,8441
3739,8442
13051,8443
7958,8444
6493,8445
957,8446
5866,8447
3752,8448
7269,8449
23391,8450
20828,8451
663,8452
9570,8453
1579,8454
23417,8455
3022,8456
20602,8457
1553,8458
15361,8459
23392,8460
12884,8461
13664,8462
1887,8463
22357,8464
3424,8465
22922,8466
10331,8467
9575,8468
23865,8469
9577,8470
13408,8471
9578,8472
5836,8473
11469,8474
3720,8475
9579,8476
19005,8477
22556,8478
5835,8479
5133,8480
9580,8481
19804,8482
21707,8483
20603,8484
3716,8485
2274,8486
13017,8487
20832,8488
9581,8489
21317,8490
9582,8491
14199,8492
9583,8493
22128,8494
9584,8495
13404,8496
9585,8497
9586,8498
17413,8499
9587,8500
14115,8501
22784,8502
5076,8503
7426,8504
9589,8505
7803,8506
959,8507
15224,8508
19216,8509
10099,8510
22921,8511
9592,8512
1497,8513
8109,8514
777,8515
96,8516
9609,8517
4376,8518
20869,8519
2232,8520
2954,8521
5069,8522
13767,8523
3184,8524
961,8525
19180,8526
8776,8527
9458,8528
8866,8529
5228,8530
9612,8531
7195,8532
3949,8533
19798,8534
4374,8535
9613,8536
20408,8537
4799,8538
1252,8539
11987,8540
20080,8541
11138,8542
9615,8543
9625,8544
8466,8545
14650,8546
4322,8547
5033,8548
963,8549
21635,8550
1053,8551
334,8552
1692,8553
10750,8554
5237,8555
15984,8556
22307,8557
19048,8558
24205,8559
22541,8560
2822,8561
9639,8562
6760,8563
7090,8564
16870,8565
189,8566
22258,8567
18152,8568
15852,8569
19757,8570
2118,8571
75,8572
7704,8573
7024,8574
18110,8575
1712,8576
22529,8577
3131,8578
20656,8579
10164,8580
10848,8581
23173,8582
10707,8583
2391,8584
22322,8585
4576,8586
8625,8587
964,8588
16835,8589
9432,8590
8750,8591
10915,8592
18260,8593
6723,8594
19054,8595
23169,8596
15501,8597
19037,8598
14754,8599
17009,8600
23502,8601
23520,8602
4767,8603
8199,8604
8906,8605
8908,8606
9642,8607
17907,8608
5584,8609
18717,8610
11093,8611
11973,8612
9659,8613
13481,8614
7455,8615
9664,8616
7585,8617
15791,8618
16949,8619
10206,8620
17276,8621
15018,8622
19496,8623
1281,8624
1282,8625
17822,8626
17824,8627
18623,8628
19426,8629
22031,8630
23051,8631
19707,8632
19421,8633
14940,8634
21330,8635
16821,8636
21875,8637
3412,8638
21300,8639
3272,8640
19677,8641
20476,8642
22154,8643
17615,8644
3156,8645
20709,8646
20673,8647
3907,8648
4120,8649
11855,8650
5392,8651
23015,8652
23875,8653
23014,8654
5529,8655
18074,8656
3979,8657
5530,8658
9679,8659
23022,8660
968,8661
3818,8662
544,8663
13467,8664
969,8665
23188,8666
17605,8667
1002,8668
4146,8669
20353,8670
3438,8671
5555,8672
8374,8673
9074,8674
20243,8675
10366,8676
17096,8677
17938,8678
5621,8679
9406,8680
22388,8681
15233,8682
15992,8683
3105,8684
2384,8685
23156,8686
18414,8687
6675,8688
21212,8689
9695,8690
6321,8691
11064,8692
17188,8693
1290,8694
15679,8695
11068,8696
21164,8697
571,8698
22017,8699
10382,8700
14914,8701
9696,8702
17967,8703
7615,8704
19565,8705
9697,8706
14123,8707
11070,8708
20362,8709
10384,8710
1292,8711
15676,8712
19564,8713
573,8714
11737,8715
970,8716
19458,8717
20661,8718
23334,8719
4631,8720
5635,8721
20255,8722
14932,8723
21056,8724
15692,8725
12446,8726
13238,8727
13239,8728
1361,8729
2076,8730
6706,8731
19111,8732
15228,8733
15987,8734
23176,8735
22326,8736
1662,8737
16054,8738
4638,8739
19578,8740
9704,8741
23782,8742
8250,8743
9705,8744
23704,8745
971,8746
1175,8747
1689,8748
20662,8749
24213,8750
2609,8751
4400,8752
9449,8753
10135,8754
19113,8755
18277,8756
20669,8757
3115,8758
958,8759
16741,8760
19984,8761
2499,8762
3529,8763
562,8764
972,8765
20899,8766
15222,8767
973,8768
15492,8769
19918,8770
19080,8771
16752,8772
23181,8773
17575,8774
17635,8775
18434,8776
20926,8777
5214,8778
10852,8779
3485,8780
8465,8781
8677,8782
7270,8783
12164,8784
1054,8785
1769,8786
2492,8787
19119,8788
4192,8789
6284,8790
14876,8791
9738,8792
22298,8793
8637,8794
3851,8795
1792,8796
9459,8797
8777,8798
20713,8799
9056,8800
8337,8801
17914,8802
17662,8803
5822,8804
612,8805
9229,8806
975,8807
13928,8808
11898,8809
19875,8810
6766,8811
23924,8812
9754,8813
8298,8814
20363,8815
572,8816
14917,8817
1291,8818
15677,8819
2009,8820
16434,8821
2731,8822
4938,8823
6250,8824
5641,8825
6935,8826
6320,8827
7619,8828
7006,8829
8303,8830
17961,8831
576,8832
22014,8833
10389,8834
11075,8835
6581,8836
7265,8837
20850,8838
7949,8839
8632,8840
23989,8841
18425,8842
18427,8843
21492,8844
976,8845
24105,8846
19886,8847
4518,8848
16739,8849
17492,8850
18210,8851
10275,8852
1194,8853
1195,8854
13249,8855
15663,8856
16343,8857
13365,8858
17011,8859
17018,8860
17172,8861
1908,8862
13318,8863
21199,8864
22933,8865
11052,8866
12375,8867
12377,8868
12454,8869
12455,8870
12458,8871
14038,8872
14952,8873
15520,8874
14759,8875
17025,8876
17776,8877
11733,8878
17927,8879
18569,8880
18576,8881
12378,8882
18727,8883
18795,8884
19376,8885
16419,8886
20175,8887
12524,8888
20281,8889
19599,8890
20329,8891
20966,8892
20975,8893
21125,8894
21826,8895
21827,8896
22671,8897
14755,8898
22680,8899
21124,8900
23527,8901
23537,8902
21978,8903
23648,8904
17997,8905
23686,8906
23766,8907
23768,8908
2630,8909
14112,8910
11679,8911
21203,8912
3028,8913
13978,8914
17035,8915
17769,8916
18568,8917
2266,8918
18584,8919
22668,8920
23525,8921
4036,8922
3500,8923
4126,8924
18001,8925
4207,8926
4240,8927
4306,8928
474,8929
18725,8930
13266,8931
22906,8932
4745,8933
4917,8934
5018,8935
5019,8936
5620,8937
6147,8938
23688,8939
6237,8940
18800,8941
11618,8942
6239,8943
11776,8944
638,8945
6923,8946
22910,8947
19414,8948
6924,8949
12568,8950
20212,8951
7098,8952
7680,8953
14058,8954
13367,8955
7775,8956
8200,8957
17929,8958
8225,8959
11732,8960
19483,8961
20398,8962
21017,8963
8287,8964
4945,8965
16300,8966
8288,8967
14159,8968
16301,8969
8361,8970
8364,8971
8833,8972
5722,8973
3597,8974
9001,8975
21201,8976
11623,8977
9002,8978
14157,8979
17059,8980
9006,8981
17996,8982
17062,8983
9619,8984
1424,8985
9515,8986
702,8987
2874,8988
11154,8989
10471,8990
2140,8991
14580,8992
8041,8993
19133,8994
506,8995
11059,8996
20409,8997
9688,8998
22053,8999
14795,9000
9760,9001
23345,9002
1773,9003
24141,9004
10930,9005
8650,9006
9768,9007
13548,9008
16600,9009
20805,9010
3884,9011
16975,9012
23294,9013
7507,9014
18952,9015
7980,9016
9769,9017
15851,9018
22526,9019
281,9020
12925,9021
21772,9022
19025,9023
12245,9024
17471,9025
20313,9026
2620,9027
6582,9028
1565,9029
13167,9030
11250,9031
17773,9032
22670,9033
2544,9034
3641,9035
3643,9036
5365,9037
5064,9038
1477,9039
18993,9040
13795,9041
8812,9042
977,9043
15239,9044
19336,9045
17384,9046
9770,9047
12290,9048
12741,9049
13552,9050
20554,9051
13882,9052
19753,9053
18947,9054
14286,9055
21738,9056
11950,9057
17344,9058
13496,9059
22219,9060
2701,9061
23747,9062
4095,9063
22889,9064
1997,9065
1280,9066
540,9067
11770,9068
7594,9069
22892,9070
7720,9071
23942,9072
2695,9073
23746,9074
8992,9075
12562,9076
4115,9077
4823,9078
23872,9079
1136,9080
23012,9081
17837,9082
18636,9083
20440,9084
10226,9085
15732,9086
21039,9087
11812,9088
1860,9089
13398,9090
15733,9091
22963,9092
9541,9093
21252,9094
20442,9095
22952,9096
9668,9097
23750,9098
21872,9099
4116,9100
22163,9101
8141,9102
21308,9103
21030,9104
22735,9105
23593,9106
19664,9107
23856,9108
1143,9109
22137,9110
21282,9111
13424,9112
6774,9113
21285,9114
22140,9115
9670,9116
22888,9117
16319,9118
17072,9119
12649,9120
7461,9121
16519,9122
15567,9123
17826,9124
18065,9125
20230,9126
19671,9127
1851,9128
7017,9129
3982,9130
17259,9131
9531,9132
19669,9133
22146,9134
9772,9135
19283,9136
11949,9137
12296,9138
12740,9139
13531,9140
12705,9141
16619,9142
11024,9143
12563,9144
2840,9145
1976,9146
11771,9147
20218,9148
9778,9149
17682,9150
9098,9151
8409,9152
7047,9153
12145,9154
10844,9155
20704,9156
10849,9157
22625,9158
10257,9159
24022,9160
23162,9161
13185,9162
17034,9163
2174,9164
2684,9165
6041,9166
19835,9167
20633,9168
5843,9169
2306,9170
11275,9171
1105,9172
1192,9173
3244,9174
3654,9175
4781,9176
17414,9177
1122,9178
6188,9179
13593,9180
4673,9181
15156,9182
17416,9183
11153,9184
23383,9185
632,9186
6673,9187
12921,9188
15468,9189
6606,9190
15388,9191
6749,9192
4330,9193
7273,9194
18543,9195
7291,9196
6289,9197
7428,9198
10591,9199
1235,9200
1951,9201
4071,9202
16661,9203
3966,9204
12010,9205
12802,9206
11152,9207
5008,9208
13069,9209
11156,9210
10473,9211
7807,9212
5369,9213
810,9214
1092,9215
2530,9216
10651,9217
11336,9218
10589,9219
17603,9220
2976,9221
2253,9222
373,9223
4647,9224
7850,9225
22488,9226
16882,9227
18318,9228
6806,9229
5837,9230
13055,9231
1583,9232
809,9233
11335,9234
8111,9235
6491,9236
11012,9237
2672,9238
15152,9239
20071,9240
516,9241
7082,9242
14656,9243
7761,9244
7084,9245
4295,9246
823,9247
3680,9248
10312,9249
10998,9250
14330,9251
14774,9252
14332,9253
15096,9254
1942,9255
16604,9256
6866,9257
18950,9258
8234,9259
14331,9260
8243,9261
8245,9262
23668,9263
5588,9264
826,9265
11474,9266
10669,9267
13060,9268
15405,9269
11352,9270
8440,9271
7759,9272
3585,9273
24207,9274
1059,9275
1160,9276
13708,9277
21428,9278
8484,9279
8121,9280
5041,9281
3622,9282
7113,9283
12181,9284
12275,9285
12014,9286
12806,9287
11611,9288
16634,9289
13210,9290
19403,9291
17333,9292
19740,9293
20541,9294
11506,9295
18934,9296
18133,9297
18117,9298
22705,9299
11935,9300
4597,9301
5376,9302
12807,9303
12015,9304
12405,9305
15128,9306
20200,9307
20548,9308
21869,9309
20545,9310
23563,9311
21378,9312
17693,9313
23954,9314
2692,9315
15078,9316
5955,9317
8531,9318
21618,9319
1078,9320
863,9321
1554,9322
13754,9323
16128,9324
19913,9325
12066,9326
1885,9327
22868,9328
17963,9329
3308,9330
4427,9331
23415,9332
3025,9333
2302,9334
2275,9335
14544,9336
335,9337
23222,9338
17517,9339
3525,9340
21027,9341
22016,9342
473,9343
21128,9344
4839,9345
5135,9346
5424,9347
3018,9348
18458,9349
1575,9350
5126,9351
6549,9352
7930,9353
8305,9354
10009,9355
8888,9356
2303,9357
12263,9358
862,9359
19805,9360
7912,9361
5260,9362
359,9363
6636,9364
23198,9365
2614,9366
2820,9367
2099,9368
3026,9369
452,9370
9118,9371
11482,9372
7757,9373
7080,9374
10468,9375
18390,9376
340,9377
10926,9378
15273,9379
22281,9380
4734,9381
5346,9382
19815,9383
14086,9384
13852,9385
10001,9386
4876,9387
8438,9388
9167,9389
19797,9390
10889,9391
12206,9392
19274,9393
3258,9394
6404,9395
6674,9396
17529,9397
22640,9398
7764,9399
8444,9400
7763,9401
14783,9402
16579,9403
19402,9404
21003,9405
2123,9406
21403,9407
18612,9408
12728,9409
12297,9410
21871,9411
22231,9412
4968,9413
13885,9414
5671,9415
3553,9416
18119,9417
20014,9418
1728,9419
21570,9420
20203,9421
7030,9422
8172,9423
5161,9424
8445,9425
15543,9426
13519,9427
21855,9428
15069,9429
22259,9430
14791,9431
23582,9432
15826,9433
17694,9434
2691,9435
16585,9436
535,9437
6349,9438
7033,9439
18490,9440
8446,9441
1254,9442
13196,9443
19772,9444
17810,9445
14315,9446
17690,9447
19415,9448
18938,9449
21386,9450
22241,9451
22216,9452
22524,9453
23096,9454
23454,9455
15829,9456
13518,9457
23076,9458
18416,9459
2450,9460
24157,9461
13916,9462
20998,9463
13525,9464
3751,9465
14634,9466
4091,9467
16589,9468
4265,9469
8578,9470
376,9471
771,9472
2246,9473
1238,9474
22919,9475
23553,9476
770,9477
14581,9478
7357,9479
18539,9480
16471,9481
20963,9482
21815,9483
4443,9484
13815,9485
139,9486
33,9487
6530,9488
8040,9489
19121,9490
18320,9491
17964,9492
7620,9493
3713,9494
15402,9495
21708,9496
16704,9497
3019,9498
3684,9499
1808,9500
10647,9501
22051,9502
5100,9503
4394,9504
5829,9505
7222,9506
10655,9507
8582,9508
8731,9509
21576,9510
6797,9511
3748,9512
11461,9513
3055,9514
11585,9515
16472,9516
10960,9517
13965,9518
17763,9519
22662,9520
2626,9521
2655,9522
14767,9523
12525,9524
20959,9525
16420,9526
23647,9527
22057,9528
17056,9529
16303,9530
17813,9531
22235,9532
22597,9533
21380,9534
23958,9535
21360,9536
3556,9537
19291,9538
2845,9539
5267,9540
10096,9541
5503,9542
21376,9543
18493,9544
16576,9545
17327,9546
6310,9547
6829,9548
6144,9549
6996,9550
7678,9551
7630,9552
2103,9553
8313,9554
2825,9555
13999,9556
11619,9557
15550,9558
17054,9559
17336,9560
17340,9561
18488,9562
18489,9563
11943,9564
12734,9565
23939,9566
20816,9567
1008,9568
9081,9569
17691,9570
8391,9571
7710,9572
23077,9573
9171,9574
9283,9575
9300,9576
9329,9577
9519,9578
16664,9579
9124,9580
12403,9581
15072,9582
17805,9583
16572,9584
20570,9585
14004,9586
2120,9587
13092,9588
23565,9589
17326,9590
2842,9591
677,9592
18918,9593
23368,9594
317,9595
19145,9596
17804,9597
4262,9598
8879,9599
10734,9600
13048,9601
7966,9602
13172,9603
13319,9604
14741,9605
15503,9606
19358,9607
4056,9608
3350,9609
6141,9610
6920,9611
11777,9612
8619,9613
10956,9614
13246,9615
12569,9616
16267,9617
20166,9618
23523,9619
22666,9620
2728,9621
5468,9622
6568,9623
11662,9624
12456,9625
19598,9626
6832,9627
22830,9628
9028,9629
11778,9630
9628,9631
11960,9632
9684,9633
18798,9634
18611,9635
12418,9636
16304,9637
16575,9638
19747,9639
20892,9640
22237,9641
12730,9642
21358,9643
23456,9644
23580,9645
23956,9646
20091,9647
23094,9648
22233,9649
22213,9650
13773,9651
9687,9652
18796,9653
14002,9654
11626,9655
14793,9656
15555,9657
15822,9658
16192,9659
15065,9660
23092,9661
12298,9662
11934,9663
12725,9664
12717,9665
24232,9666
5297,9667
14495,9668
442,9669
3747,9670
7029,9671
15438,9672
6345,9673
5670,9674
11926,9675
21652,9676
4595,9677
12907,9678
18603,9679
9561,9680
3054,9681
22547,9682
9703,9683
10694,9684
12266,9685
13851,9686
7929,9687
11379,9688
10671,9689
3693,9690
18624,9691
17978,9692
1999,9693
20221,9694
14143,9695
22030,9696
22726,9697
17208,9698
23585,9699
11763,9700
2973,9701
3413,9702
16456,9703
4829,9704
23741,9705
5531,9706
12554,9707
805,9708
18465,9709
5800,9710
13352,9711
18628,9712
8613,9713
9303,9714
11356,9715
2974,9716
22733,9717
18052,9718
9710,9719
23769,9720
15549,9721
16302,9722
15835,9723
17812,9724
16582,9725
20890,9726
13523,9727
14313,9728
21743,9729
18941,9730
18140,9731
22721,9732
14307,9733
19293,9734
23074,9735
23369,9736
3180,9737
978,9738
23201,9739
12865,9740
23186,9741
14584,9742
10775,9743
10091,9744
11532,9745
22300,9746
10167,9747
7658,9748
21447,9749
4442,9750
12210,9751
1723,9752
9408,9753
8726,9754
22392,9755
8341,9756
611,9757
6975,9758
18460,9759
10687,9760
7654,9761
7177,9762
5363,9763
7857,9764
2671,9765
6873,9766
10478,9767
5375,9768
12013,9769
14383,9770
6874,9771
14381,9772
21721,9773
12803,9774
7085,9775
20069,9776
10479,9777
11162,9778
9115,9779
22523,9780
9787,9781
5690,9782
12968,9783
2485,9784
12933,9785
12317,9786
11413,9787
12257,9788
1605,9789
12347,9790
4929,9791
9792,9792
12151,9793
4637,9794
24137,9795
2602,9796
3069,9797
18447,9798
468,9799
12798,9800
5175,9801
18712,9802
9794,9803
15324,9804
7370,9805
15276,9806
12334,9807
2593,9808
8443,9809
926,9810
11455,9811
2363,9812
4898,9813
9795,9814
21667,9815
9796,9816
9116,9817
3586,9818
12975,9819
6688,9820
9797,9821
98,9822
980,9823
19086,9824
19882,9825
21482,9826
17602,9827
8727,9828
9409,9829
7481,9830
24009,9831
9483,9832
13294,9833
13645,9834
3734,9835
12208,9836
10778,9837
288,9838
1007,9839
1696,9840
12499,9841
4167,9842
5601,9843
23422,9844
2289,9845
4168,9846
9800,9847
13861,9848
9801,9849
10203,9850
9802,9851
9122,9852
9809,9853
1368,9854
21065,9855
648,9856
2035,9857
16476,9858
2756,9859
21228,9860
16261,9861
981,9862
8181,9863
11824,9864
9819,9865
20025,9866
6660,9867
11598,9868
14083,9869
3012,9870
1171,9871
16886,9872
20862,9873
3343,9874
11703,9875
18683,9876
2875,9877
5931,9878
5230,9879
11600,9880
10551,9881
10185,9882
15529,9883
16282,9884
11219,9885
3770,9886
4477,9887
19003,9888
14642,9889
5046,9890
5368,9891
6126,9892
21698,9893
6463,9894
6543,9895
22568,9896
3020,9897
1536,9898
15518,9899
635,9900
730,9901
2901,9902
13564,9903
18472,9904
13596,9905
14386,9906
18597,9907
13527,9908
19273,9909
20195,9910
13530,9911
20997,9912
20550,9913
23556,9914
13528,9915
3965,9916
10482,9917
4280,9918
13998,9919
12737,9920
20888,9921
11946,9922
23965,9923
23078,9924
22528,9925
7087,9926
17050,9927
17801,9928
18967,9929
14000,9930
18944,9931
20196,9932
22236,9933
22701,9934
18143,9935
14674,9936
12735,9937
11944,9938
7546,9939
7656,9940
2051,9941
2864,9942
7711,9943
7766,9944
8393,9945
8447,9946
20199,9947
20995,9948
16590,9949
21849,9950
17337,9951
2855,9952
21014,9953
4972,9954
4973,9955
20087,9956
4267,9957
3558,9958
23940,9959
23388,9960
8507,9961
8627,9962
7274,9963
6570,9964
8823,9965
16687,9966
7136,9967
17376,9968
16172,9969
16173,9970
16665,9971
17415,9972
15155,9973
12404,9974
16578,9975
17417,9976
13195,9977
13992,9978
15884,9979
17675,9980
18129,9981
18138,9982
18965,9983
21004,9984
11932,9985
21870,9986
20544,9987
20894,9988
21377,9989
22232,9990
12714,9991
16061,9992
2510,9993
14483,9994
11610,9995
15267,9996
19743,9997
19881,9998
16001,9999
19862,10000
3852,10001
4715,10002
3769,10003
20843,10004
5182,10005
20170,10006
23801,10007
16272,10008
2628,10009
4914,10010
5460,10011
17032,10012
4206,10013
4758,10014
3499,10015
5617,10016
6261,10017
22055,10018
6947,10019
13366,10020
21018,10021
14003,10022
22228,10023
6078,10024
19739,10025
20540,10026
16568,10027
12155,10028
10139,10029
13692,10030
10241,10031
16024,10032
1630,10033
20677,10034
19879,10035
23566,10036
21373,10037
2397,10038
20775,10039
358,10040
1077,10041
10918,10042
22318,10043
7572,10044
17324,10045
21746,10046
16573,10047
18930,10048
15818,10049
12950,10050
17641,10051
24128,10052
10931,10053
13199,10054
21557,10055
7679,10056
8001,10057
8078,10058
7395,10059
6099,10060
4521,10061
4640,10062
5926,10063
4520,10064
13157,10065
16255,10066
17010,10067
21443,10068
4768,10069
868,10070
8685,10071
1679,10072
18379,10073
1791,10074
2514,10075
7475,10076
4522,10077
3226,10078
4519,10079
3108,10080
17768,10081
19834,10082
17019,10083
20941,10084
22667,10085
4769,10086
6142,10087
11058,10088
6145,10089
8197,10090
911,10091
22546,10092
18216,10093
10014,10094
11583,10095
11660,10096
17095,10097
22909,10098
23767,10099
3330,10100
5618,10101
3451,10102
19601,10103
7603,10104
21202,10105
21016,10106
11625,10107
12723,10108
16943,10109
23089,10110
23951,10111
11923,10112
16814,10113
353,10114
7936,10115
8362,10116
4158,10117
20400,10118
18610,10119
21868,10120
22722,10121
17329,10122
21745,10123
18136,10124
18937,10125
14295,10126
23960,10127
20090,10128
17330,10129
11938,10130
9078,10131
8011,10132
9282,10133
1093,10134
11350,10135
5080,10136
13983,10137
1353,10138
7547,10139
2068,10140
619,10141
17406,10142
9213,10143
9290,10144
20867,10145
2217,10146
2288,10147
20987,10148
4897,10149
6054,10150
8585,10151
6863,10152
5600,10153
23649,10154
15149,10155
16174,10156
15907,10157
19786,10158
8432,10159
9686,10160
11054,10161
22054,10162
9003,10163
22907,10164
13211,10165
14797,10166
21019,10167
20537,10168
13093,10169
19736,10170
21368,10171
15439,10172
22223,10173
22225,10174
23084,10175
8387,10176
8692,10177
3923,10178
14481,10179
12098,10180
13665,10181
12867,10182
21858,10183
14302,10184
23179,10185
24195,10186
5337,10187
4635,10188
6100,10189
3816,10190
1088,10191
1667,10192
21466,10193
11572,10194
15591,10195
19036,10196
15513,10197
20961,10198
13250,10199
4032,10200
4057,10201
9776,10202
18473,10203
20870,10204
14385,10205
13595,10206
20197,10207
15081,10208
2133,10209
17053,10210
17339,10211
20211,10212
13521,10213
13090,10214
15832,10215
15075,10216
20526,10217
23450,10218
16588,10219
23559,10220
22240,10221
24239,10222
305,10223
23250,10224
21000,10225
21382,10226
24112,10227
23207,10228
12871,10229
4090,10230
4674,10231
4712,10232
18218,10233
5934,10234
16083,10235
6403,10236
7086,10237
13989,10238
14308,10239
15885,10240
11624,10241
12416,10242
15833,10243
18935,10244
21850,10245
22704,10246
15076,10247
20089,10248
16583,10249
23102,10250
5379,10251
23093,10252
23955,10253
11927,10254
16837,10255
1742,10256
16025,10257
16782,10258
17510,10259
16757,10260
22707,10261
18134,10262
3299,10263
1638,10264
14630,10265
4531,10266
20801,10267
10119,10268
10803,10269
5885,10270
14757,10271
20429,10272
22674,10273
2629,10274
6313,10275
6999,10276
18677,10277
17219,10278
7474,10279
18261,10280
7535,10281
13182,10282
1358,10283
7681,10284
17879,10285
23770,10286
13205,10287
15548,10288
18609,10289
23964,10290
23451,10291
17335,10292
16584,10293
13508,10294
15330,10295
7713,10296
7765,10297
12016,10298
11609,10299
20572,10300
12413,10301
12417,10302
14316,10303
19412,10304
11942,10305
21379,10306
22702,10307
12733,10308
22594,10309
14314,10310
13524,10311
21359,10312
13780,10313
23561,10314
18141,10315
23957,10316
21744,10317
22234,10318
3384,10319
20553,10320
22593,10321
13526,10322
7364,10323
8050,10324
2471,10325
10230,10326
1673,10327
8095,10328
20647,10329
8217,10330
4915,10331
13265,10332
12570,10333
20209,10334
11622,10335
14790,10336
18942,10337
21385,10338
21741,10339
23963,10340
23101,10341
23075,10342
3261,10343
19748,10344
20549,10345
18919,10346
12986,10347
10113,10348
4092,10349
11936,10350
20893,10351
12727,10352
23095,10353
8394,10354
22592,10355
6352,10356
7036,10357
20527,10358
24240,10359
10112,10360
8744,10361
955,10362
10957,10363
11663,10364
11056,10365
15977,10366
17020,10367
17766,10368
18556,10369
1904,10370
2006,10371
22665,10372
10372,10373
4766,10374
7607,10375
8291,10376
3954,10377
4354,10378
9689,10379
6741,10380
10574,10381
1955,10382
13368,10383
9805,10384
9125,10385
16635,10386
15553,10387
13513,10388
17811,10389
20214,10390
15070,10391
21853,10392
12729,10393
22238,10394
22703,10395
22708,10396
14303,10397
22599,10398
12722,10399
11931,10400
23099,10401
21742,10402
21383,10403
23564,10404
15827,10405
20092,10406
17328,10407
23579,10408
13520,10409
19292,10410
14310,10411
21381,10412
7026,10413
9761,10414
9759,10415
7328,10416
982,10417
1701,10418
12059,10419
19860,10420
3056,10421
894,10422
5847,10423
11436,10424
14608,10425
12537,10426
3309,10427
10668,10428
13853,10429
7614,10430
23730,10431
12459,10432
22019,10433
4128,10434
22872,10435
10380,10436
17187,10437
825,10438
9571,10439
3024,10440
20855,10441
1581,10442
5132,10443
9822,10444
10497,10445
2869,10446
14525,10447
7408,10448
19384,10449
9823,10450
10884,10451
2881,10452
9824,10453
1422,10454
19193,10455
20033,10456
20700,10457
17747,10458
11182,10459
3837,10460
18284,10461
20679,10462
22331,10463
17574,10464
2493,10465
1770,10466
8163,10467
19837,10468
9825,10469
9144,10470
1421,10471
2428,10472
8780,10473
19106,10474
13144,10475
20716,10476
5940,10477
6630,10478
960,10479
18378,10480
360,10481
1079,10482
7482,10483
20634,10484
10853,10485
6290,10486
19836,10487
7954,10488
24192,10489
10830,10490
362,10491
1081,10492
19116,10493
6976,10494
1331,10495
19517,10496
20059,10497
2287,10498
2769,10499
7175,10500
5364,10501
5072,10502
3366,10503
12006,10504
16928,10505
16658,10506
517,10507
18981,10508
12277,10509
13586,10510
14376,10511
10467,10512
8960,10513
15909,10514
15419,10515
17412,10516
18181,10517
11150,10518
16809,10519
3221,10520
15272,10521
1188,10522
16660,10523
9826,10524
8831,10525
10501,10526
11184,10527
18984,10528
16832,10529
1750,10530
9827,10531
10882,10532
8464,10533
6421,10534
20590,10535
6650,10536
10093,10537
12881,10538
17703,10539
19047,10540
9481,10541
24014,10542
21451,10543
10030,10544
9346,10545
7935,10546
24249,10547
1726,10548
2449,10549
14475,10550
8871,10551
10650,10552
9828,10553
9829,10554
10881,10555
2887,10556
716,10557
15164,10558
12185,10559
3178,10560
21531,10561
20951,10562
2164,10563
5248,10564
13661,10565
12863,10566
21480,10567
16834,10568
10804,10569
10120,10570
15469,10571
7309,10572
11447,10573
4899,10574
8679,10575
5849,10576
12186,10577
8051,10578
6002,10579
1748,10580
19120,10581
5602,10582
2048,10583
4191,10584
22563,10585
15193,10586
2677,10587
20406,10588
3461,10589
4363,10590
3953,10591
5073,10592
3365,10593
515,10594
5485,10595
22063,10596
16295,10597
15542,10598
18150,10599
23445,10600
12750,10601
11026,10602
11027,10603
15797,10604
18907,10605
7454,10606
20512,10607
19711,10608
19708,10609
22507,10610
7559,10611
7760,10612
11481,10613
3587,10614
13589,10615
7762,10616
3259,10617
15153,10618
8263,10619
13485,10620
16194,10621
11903,10622
12694,10623
11896,10624
23367,10625
318,10626
4720,10627
11422,10628
9114,10629
14561,10630
9521,10631
23926,10632
21347,10633
12687,10634
24231,10635
5298,10636
14493,10637
14713,10638
17733,10639
900,10640
20045,10641
1620,10642
19618,10643
5448,10644
17934,10645
19479,10646
23691,10647
20277,10648
21981,10649
14844,10650
11252,10651
15604,10652
10569,10653
10862,10654
1472,10655
7552,10656
7946,10657
10296,10658
11303,10659
13313,10660
3335,10661
16700,10662
1096,10663
380,10664
6512,10665
7197,10666
5772,10667
8460,10668
14777,10669
13568,10670
12286,10671
21398,10672
22253,10673
15115,10674
7569,10675
19766,10676
14667,10677
18159,10678
18960,10679
16622,10680
8927,10681
18999,10682
7423,10683
5085,10684
5787,10685
3648,10686
12177,10687
1757,10688
9646,10689
18006,10690
13193,10691
13986,10692
15854,10693
11501,10694
17355,10695
4096,10696
22205,10697
537,10698
4255,10699
6764,10700
23928,10701
7579,10702
17299,10703
16947,10704
8839,10705
20514,10706
18107,10707
23922,10708
20000,10709
9804,10710
17674,10711
14382,10712
12012,10713
983,10714
6864,10715
570,10716
23757,10717
9830,10718
3151,10719
2517,10720
19094,10721
17705,10722
21799,10723
7993,10724
10168,10725
19041,10726
23149,10727
19808,10728
19009,10729
5139,10730
20773,10731
8781,10732
10831,10733
974,10734
24057,10735
21471,10736
11545,10737
11546,10738
11366,10739
18534,10740
20864,10741
2280,10742
18463,10743
7919,10744
3939,10745
839,10746
5815,10747
5809,10748
15357,10749
5275,10750
18301,10751
14724,10752
19874,10753
9315,10754
9831,10755
5966,10756
1066,10757
21579,10758
17724,10759
9374,10760
9834,10761
12971,10762
1043,10763
18341,10764
1883,10765
18212,10766
23407,10767
15959,10768
2221,10769
9835,10770
23370,10771
1034,10772
18311,10773
16245,10774
19302,10775
21449,10776
13826,10777
23151,10778
19044,10779
2316,10780
3039,10781
11383,10782
22509,10783
2474,10784
316,10785
7165,10786
1820,10787
5063,10788
7768,10789
5605,10790
13892,10791
16631,10792
20675,10793
16993,10794
21781,10795
23493,10796
24230,10797
3005,10798
21715,10799
3698,10800
21716,10801
5111,10802
1557,10803
5113,10804
4646,10805
3699,10806
5299,10807
3847,10808
24063,10809
24018,10810
18251,10811
11553,10812
11139,10813
17489,10814
22696,10815
8597,10816
9099,10817
13874,10818
15118,10819
9304,10820
5972,10821
4575,10822
9779,10823
15872,10824
12976,10825
1038,10826
13137,10827
23778,10828
319,10829
2415,10830
3137,10831
13108,10832
14816,10833
2310,10834
11467,10835
16157,10836
10023,10837
18454,10838
3727,10839
4435,10840
4937,10841
5151,10842
19251,10843
21699,10844
22549,10845
2327,10846
3050,10847
12355,10848
13943,10849
13948,10850
15500,10851
1502,10852
17392,10853
22657,10854
11314,10855
22659,10856
4740,10857
10602,10858
5095,10859
5441,10860
4377,10861
5540,10862
5798,10863
6205,10864
19591,10865
6219,10866
6523,10867
6562,10868
20857,10869
22559,10870
5801,10871
1576,10872
3686,10873
6594,10874
6904,10875
18098,10876
7256,10877
10293,10878
10973,10879
10629,10880
16162,10881
1514,10882
1913,10883
3669,10884
3237,10885
477,10886
5788,10887
5086,10888
5797,10889
20066,10890
3679,10891
10637,10892
6848,10893
7278,10894
11564,10895
13149,10896
13150,10897
13942,10898
14736,10899
1522,10900
15497,10901
13626,10902
16253,10903
20955,10904
2243,10905
23514,10906
23516,10907
2961,10908
4285,10909
4434,10910
10966,10911
10979,10912
10982,10913
1198,10914
1200,10915
14415,10916
2966,10917
2532,10918
4041,10919
5358,10920
6508,10921
7527,10922
7207,10923
10856,10924
7531,10925
7533,10926
782,10927
1102,10928
783,10929
4658,10930
16696,10931
7193,10932
7887,10933
789,10934
3946,10935
2955,10936
2233,10937
11266,10938
19997,10939
6007,10940
19153,10941
12331,10942
23518,10943
4485,10944
794,10945
10584,10946
20797,10947
321,10948
24164,10949
23480,10950
11431,10951
10854,10952
24000,10953
1356,10954
14836,10955
1373,10956
14046,10957
17228,10958
2750,10959
23797,10960
20957,10961
7944,10962
4404,10963
16279,10964
10520,10965
4760,10966
11203,10967
11476,10968
7955,10969
14603,10970
160,10971
52,10972
799,10973
1519,10974
1486,10975
8213,10976
8215,10977
8219,10978
15930,10979
835,10980
13977,10981
15173,10982
10879,10983
17434,10984
16683,10985
8535,10986
23363,10987
1041,10988
20744,10989
13126,10990
1637,10991
7513,10992
8556,10993
5360,10994
7873,10995
8570,10996
8584,10997
807,10998
8626,10999
7943,11000
2999,11001
15527,11002
14400,11003
3346,11004
13611,11005
6065,11006
15174,11007
15931,11008
10509,11009
8923,11010
2238,11011
6733,11012
4383,11013
3675,11014
8929,11015
10619,11016
4656,11017
9222,11018
22503,11019
10127,11020
23302,11021
22623,11022
5901,11023
16140,11024
5200,11025
6308,11026
591,11027
19553,11028
22759,11029
12579,11030
23617,11031
22937,11032
6165,11033
9244,11034
9254,11035
9264,11036
9270,11037
9271,11038
9276,11039
9326,11040
7246,11041
5350,11042
11331,11043
22043,11044
7901,11045
7221,11046
2250,11047
9358,11048
10042,11049
11389,11050
10287,11051
1206,11052
12356,11053
12357,11054
13946,11055
14739,11056
1510,11057
15498,11058
16248,11059
17753,11060
1926,11061
21803,11062
3676,11063
4029,11064
4365,11065
4370,11066
4384,11067
16916,11068
4741,11069
3656,11070
10176,11071
2220,11072
2942,11073
4752,11074
479,11075
5093,11076
6163,11077
6517,11078
6527,11079
6845,11080
6846,11081
3662,11082
1817,11083
7171,11084
7184,11085
7211,11086
15407,11087
7212,11088
7864,11089
6052,11090
6499,11091
11287,11092
5773,11093
7878,11094
7891,11095
8209,11096
15949,11097
10172,11098
16701,11099
17452,11100
8557,11101
8561,11102
3948,11103
7198,11104
6513,11105
10583,11106
16078,11107
8565,11108
5356,11109
20598,11110
19799,11111
8574,11112
7851,11113
24227,11114
9251,11115
18469,11116
9836,11117
21662,11118
10791,11119
14522,11120
23464,11121
16730,11122
6727,11123
17483,11124
660,11125
4136,11126
1380,11127
6940,11128
7624,11129
7690,11130
8373,11131
15583,11132
9837,11133
23379,11134
10790,11135
22364,11136
23463,11137
6621,11138
16135,11139
8675,11140
4935,11141
4140,11142
5638,11143
2741,11144
11752,11145
3432,11146
23733,11147
14035,11148
984,11149
1703,11150
16746,11151
3819,11152
1616,11153
2336,11154
11406,11155
9388,11156
16878,11157
23729,11158
460,11159
1544,11160
16159,11161
2990,11162
2267,11163
6122,11164
11382,11165
13056,11166
15197,11167
15954,11168
8299,11169
11744,11170
6246,11171
12536,11172
6931,11173
13334,11174
4837,11175
11741,11176
9016,11177
16435,11178
10383,11179
14918,11180
9288,11181
9306,11182
6655,11183
19235,11184
22384,11185
16753,11186
24049,11187
3444,11188
4726,11189
4930,11190
19461,11191
17203,11192
20258,11193
16451,11194
17845,11195
14829,11196
14831,11197
22834,11198
641,11199
9386,11200
18431,11201
12233,11202
17530,11203
14451,11204
23190,11205
2749,11206
21150,11207
1310,11208
2028,11209
21175,11210
22028,11211
11650,11212
19537,11213
3418,11214
3503,11215
4543,11216
5936,11217
14565,11218
6659,11219
267,11220
132,11221
8049,11222
7366,11223
4544,11224
13656,11225
15991,11226
22311,11227
2383,11228
23155,11229
24229,11230
10808,11231
23758,11232
9573,11233
10942,11234
7908,11235
962,11236
5961,11237
7393,11238
356,11239
12886,11240
19077,11241
19872,11242
20646,11243
18253,11244
3101,11245
14529,11246
3223,11247
22029,11248
9699,11249
15678,11250
11069,11251
15674,11252
1294,11253
14120,11254
10387,11255
12529,11256
575,11257
13327,11258
11073,11259
22866,11260
20250,11261
2819,11262
1295,11263
13630,11264
2013,11265
14420,11266
20049,11267
12837,11268
4438,11269
5841,11270
20825,11271
19230,11272
22345,11273
6722,11274
20671,11275
19873,11276
14963,11277
19445,11278
7941,11279
9845,11280
9846,11281
10192,11282
772,11283
11015,11284
11197,11285
1352,11286
4793,11287
18700,11288
3470,11289
7728,11290
18481,11291
7051,11292
7801,11293
8482,11294
1248,11295
1423,11296
1967,11297
19503,11298
20301,11299
9777,11300
8405,11301
22532,11302
9849,11303
2165,11304
3862,11305
15366,11306
12336,11307
13131,11308
5117,11309
22565,11310
7261,11311
15400,11312
20154,11313
23692,11314
847,11315
3230,11316
7945,11317
4048,11318
23681,11319
8886,11320
13834,11321
19020,11322
18221,11323
7262,11324
6578,11325
3702,11326
2305,11327
8595,11328
17668,11329
17669,11330
18382,11331
1786,11332
3682,11333
5097,11334
4390,11335
10314,11336
10316,11337
10318,11338
10320,11339
11001,11340
1230,11341
15899,11342
18175,11343
19777,11344
2665,11345
11995,11346
4066,11347
5706,11348
6182,11349
15143,11350
6732,11351
6533,11352
11329,11353
11003,11354
11007,11355
12397,11356
13190,11357
11149,11358
13572,11359
1943,11360
1946,11361
12786,11362
21408,11363
2667,11364
2894,11365
17041,11366
15138,11367
17790,11368
18475,11369
18589,11370
14362,11371
13868,11372
1957,11373
10466,11374
16177,11375
1959,11376
12785,11377
20581,11378
19781,11379
21407,11380
22262,11381
2680,11382
4067,11383
4279,11384
13784,11385
4788,11386
3578,11387
22575,11388
13574,11389
14364,11390
4790,11391
5000,11392
524,11393
525,11394
16643,11395
18477,11396
17395,11397
5289,11398
12139,11399
11524,11400
10045,11401
1228,11402
15896,11403
16907,11404
10731,11405
21143,11406
4862,11407
21996,11408
17861,11409
12551,11410
5563,11411
11759,11412
14818,11413
13236,11414
17179,11415
4918,11416
5704,11417
21723,11418
3579,11419
5705,11420
6184,11421
19782,11422
6380,11423
6381,11424
13075,11425
11142,11426
10459,11427
3566,11428
18386,11429
1782,11430
21587,11431
1233,11432
20918,11433
23985,11434
6384,11435
6387,11436
6591,11437
6880,11438
20582,11439
5377,11440
18176,11441
7055,11442
24221,11443
7065,11444
7378,11445
12926,11446
12326,11447
4462,11448
14633,11449
2340,11450
10692,11451
21709,11452
7553,11453
12791,11454
7558,11455
11141,11456
16933,11457
7732,11458
22479,11459
5324,11460
12932,11461
11527,11462
509,11463
6601,11464
13046,11465
7797,11466
15536,11467
17789,11468
18975,11469
3373,11470
18972,11471
21724,11472
18172,11473
16641,11474
2851,11475
20780,11476
3917,11477
12928,11478
11531,11479
18214,11480
3967,11481
19780,11482
20580,11483
4078,11484
4787,11485
13579,11486
4985,11487
523,11488
11148,11489
14661,11490
5265,11491
348,11492
14517,11493
13113,11494
6076,11495
14369,11496
6193,11497
20584,11498
13865,11499
19784,11500
15142,11501
18163,11502
6195,11503
16648,11504
6382,11505
23432,11506
6390,11507
6879,11508
11146,11509
12280,11510
6881,11511
11143,11512
18476,11513
10460,11514
7067,11515
7054,11516
4564,11517
7073,11518
14359,11519
16861,11520
7959,11521
8236,11522
8237,11523
12789,11524
4675,11525
17400,11526
15139,11527
2852,11528
20781,11529
8249,11530
6388,11531
8251,11532
2860,11533
8426,11534
17677,11535
8428,11536
8429,11537
6762,11538
7071,11539
5004,11540
13569,11541
17612,11542
10078,11543
21602,11544
16967,11545
8430,11546
846,11547
12371,11548
1566,11549
11673,11550
17138,11551
19539,11552
12467,11553
13260,11554
14910,11555
20337,11556
14053,11557
20330,11558
20965,11559
22822,11560
23679,11561
4170,11562
21113,11563
17132,11564
6972,11565
14872,11566
21084,11567
17969,11568
8354,11569
8580,11570
10315,11571
11002,11572
11004,11573
11006,11574
11199,11575
10332,11576
12790,11577
13578,11578
15137,11579
15424,11580
14368,11581
15141,11582
16288,11583
11996,11584
16642,11585
17676,11586
17399,11587
16647,11588
1945,11589
1960,11590
23980,11591
2668,11592
15892,11593
2679,11594
2139,11595
16931,11596
1414,11597
2681,11598
19778,11599
22576,11600
3372,11601
4079,11602
15891,11603
20873,11604
15134,11605
20577,11606
4275,11607
19187,11608
2505,11609
12133,11610
23477,11611
4989,11612
5489,11613
15894,11614
3260,11615
16645,11616
6867,11617
15900,11618
6871,11619
6878,11620
16651,11621
13072,11622
17403,11623
11999,11624
23981,11625
14593,11626
7347,11627
5943,11628
11518,11629
3080,11630
16900,11631
18219,11632
6375,11633
7554,11634
5708,11635
7565,11636
3582,11637
6077,11638
10463,11639
7567,11640
3581,11641
8427,11642
4676,11643
4291,11644
5002,11645
683,11646
8643,11647
13844,11648
10041,11649
21793,11650
23709,11651
2032,11652
22851,11653
2753,11654
22876,11655
596,11656
22023,11657
8700,11658
8715,11659
24177,11660
23466,11661
4466,11662
6869,11663
891,11664
8934,11665
21129,11666
12470,11667
6442,11668
5370,11669
10524,11670
8950,11671
8951,11672
7744,11673
8953,11674
18974,11675
8954,11676
18973,11677
23433,11678
11993,11679
17394,11680
8964,11681
7749,11682
11486,11683
4293,11684
3583,11685
8965,11686
17401,11687
12281,11688
16649,11689
18977,11690
7733,11691
23358,11692
327,11693
16046,11694
22608,11695
11425,11696
8949,11697
8966,11698
11145,11699
8999,11700
15584,11701
19451,11702
6314,11703
7683,11704
8367,11705
906,11706
8416,11707
9104,11708
9105,11709
9107,11710
22574,11711
2138,11712
1413,11713
1405,11714
9108,11715
16932,11716
7747,11717
7070,11718
23118,11719
8018,11720
1714,11721
16047,11722
12313,11723
3759,11724
16148,11725
8655,11726
8612,11727
14643,11728
3706,11729
2658,11730
14082,11731
4414,11732
17912,11733
21816,11734
13290,11735
21930,11736
12528,11737
20276,11738
21077,11739
21985,11740
22837,11741
19478,11742
17175,11743
5581,11744
11702,11745
22791,11746
613,11747
21967,11748
19487,11749
14130,11750
6990,11751
9109,11752
9291,11753
22570,11754
10658,11755
1535,11756
10994,11757
21962,11758
5821,11759
16280,11760
3483,11761
5802,11762
9301,11763
12268,11764
5105,11765
13982,11766
12572,11767
5807,11768
20412,11769
7544,11770
4894,11771
9310,11772
11597,11773
17136,11774
17131,11775
705,11776
9384,11777
8030,11778
9396,11779
14465,11780
15458,11781
1608,11782
8948,11783
9455,11784
13690,11785
14604,11786
18440,11787
197,11788
21505,11789
22358,11790
237,11791
107,11792
238,11793
108,11794
24166,11795
247,11796
114,11797
7245,11798
15403,11799
22560,11800
10007,11801
22069,11802
11008,11803
10322,11804
11780,11805
1251,11806
12571,11807
10997,11808
1966,11809
2066,11810
22649,11811
18085,11812
10887,11813
11494,11814
12273,11815
12287,11816
13065,11817
13864,11818
14681,11819
15431,11820
15790,11821
15033,11822
16654,11823
16930,11824
14370,11825
13580,11826
19787,11827
2130,11828
1707,11829
2141,11830
1415,11831
2143,11832
21748,11833
15058,11834
15815,11835
18912,11836
22265,11837
22579,11838
23048,11839
16824,11840
24219,11841
1763,11842
3189,11843
20340,11844
16620,11845
3264,11846
12701,11847
11910,11848
23061,11849
12215,11850
3363,11851
4069,11852
412,11853
23894,11854
23032,11855
23887,11856
18420,11857
3162,11858
4218,11859
4272,11860
3563,11861
12773,11862
15349,11863
278,11864
3509,11865
18671,11866
4779,11867
4924,11868
17873,11869
20273,11870
22936,11871
3540,11872
13166,11873
4981,11874
4982,11875
1401,11876
12772,11877
17589,11878
5388,11879
16530,11880
17280,11881
21320,11882
23335,11883
352,11884
16429,11885
21925,11886
23698,11887
13257,11888
1393,11889
14050,11890
22931,11891
20973,11892
5480,11893
18807,11894
23552,11895
17795,11896
20298,11897
5649,11898
5684,11899
11980,11900
18397,11901
10818,11902
18739,11903
6083,11904
12657,11905
13450,11906
11861,11907
21659,11908
10796,11909
21140,11910
2037,11911
13325,11912
2758,11913
19622,11914
3449,11915
20421,11916
20969,11917
6412,11918
2862,11919
16857,11920
4578,11921
19546,11922
18666,11923
17947,11924
17868,11925
19624,11926
20967,11927
2071,11928
22775,11929
20423,11930
11579,11931
6047,11932
10648,11933
6561,11934
22070,11935
10995,11936
20407,11937
6240,11938
19611,11939
6985,11940
7004,11941
14839,11942
15146,11943
644,11944
15599,11945
16353,11946
18020,11947
18819,11948
12374,11949
7227,11950
5783,11951
7550,11952
6984,11953
7723,11954
7046,11955
14328,11956
19198,11957
329,11958
642,11959
4315,11960
8128,11961
6409,11962
7093,11963
82,11964
8418,11965
22317,11966
8433,11967
19184,11968
2508,11969
15534,11970
20341,11971
11475,11972
12376,11973
4896,11974
5599,11975
3464,11976
5799,11977
8434,11978
19992,11979
6011,11980
10303,11981
21991,11982
12269,11983
21922,11984
23532,11985
23701,11986
18667,11987
19471,11988
18019,11989
23793,11990
18572,11991
6287,11992
6973,11993
2772,11994
20587,11995
8435,11996
23376,11997
8631,11998
18452,11999
20050,12000
20851,12001
10714,12002
3730,12003
10278,12004
10282,12005
10291,12006
10970,12007
10974,12008
10975,12009
11226,12010
1196,12011
14410,12012
15935,12013
1922,12014
2633,12015
16695,12016
2634,12017
15184,12018
2642,12019
3331,12020
2183,12021
4045,12022
4748,12023
4336,12024
4751,12025
13616,12026
488,12027
489,12028
12028,12029
5044,12030
5057,12031
5145,12032
5846,12033
10276,12034
10962,12035
10563,12036
10963,12037
10967,12038
10971,12039
1199,12040
12831,12041
14744,12042
1918,12043
12823,12044
2190,12045
2637,12046
2645,12047
17437,12048
2900,12049
3333,12050
13622,12051
4037,12052
3627,12053
4038,12054
4342,12055
4410,12056
11587,12057
11246,12058
11590,12059
11592,12060
12379,12061
12380,12062
12383,12063
12385,12064
13174,12065
10564,12066
13175,12067
13176,12068
11240,12069
13178,12070
14763,12071
11225,12072
15186,12073
15521,12074
16273,12075
17779,12076
10548,12077
17781,12078
11221,12079
1826,12080
19379,12081
10547,12082
19382,12083
10533,12084
19383,12085
10530,12086
20179,12087
20180,12088
12031,12089
20977,12090
20983,12091
21828,12092
21831,12093
1459,12094
21836,12095
22681,12096
1467,12097
22683,12098
22691,12099
18196,12100
1831,12101
10528,12102
12820,12103
23538,12104
23541,12105
23542,12106
23543,12107
23547,12108
2913,12109
3614,12110
3623,12111
3628,12112
3632,12113
10866,12114
3635,12115
10865,12116
396,12117
14404,12118
13615,12119
476,12120
5055,12121
5453,12122
10538,12123
5757,12124
5053,12125
5759,12126
5761,12127
11244,12128
5744,12129
16111,12130
6063,12131
12032,12132
6148,12133
6152,12134
5753,12135
6158,12136
6159,12137
2899,12138
6160,12139
6455,12140
6462,12141
1827,12142
13621,12143
12829,12144
4326,12145
12969,12146
1045,12147
19159,12148
16970,12149
20625,12150
19244,12151
18228,12152
2096,12153
6466,12154
6476,12155
6743,12156
4338,12157
6835,12158
6838,12159
6840,12160
7130,12161
7135,12162
7140,12163
7155,12164
10867,12165
1458,12166
727,12167
729,12168
734,12169
735,12170
1457,12171
736,12172
17431,12173
15305,12174
6700,12175
18292,12176
13952,12177
20903,12178
15216,12179
6471,12180
7433,12181
1451,12182
746,12183
10864,12184
10565,12185
747,12186
7525,12187
11230,12188
6061,12189
12827,12190
12035,12191
7530,12192
12822,12193
4667,12194
11213,12195
7532,12196
7788,12197
7793,12198
13806,12199
7795,12200
20821,12201
7805,12202
7819,12203
7823,12204
7829,12205
7831,12206
7832,12207
7432,12208
8013,12209
1780,12210
8029,12211
14523,12212
10965,12213
10557,12214
14697,12215
12053,12216
8113,12217
744,12218
1465,12219
8114,12220
4344,12221
7158,12222
7790,12223
13765,12224
325,12225
13676,12226
20108,12227
7989,12228
8202,12229
8211,12230
11216,12231
397,12232
8216,12233
2898,12234
8308,12235
2817,12236
3429,12237
21169,12238
4137,12239
23732,12240
14826,12241
844,12242
11588,12243
11589,12244
10558,12245
13179,12246
12038,12247
13181,12248
13970,12249
13971,12250
17026,12251
17027,12252
11232,12253
17028,12254
11229,12255
17029,12256
17783,12257
12030,12258
10876,12259
11212,12260
10529,12261
17784,12262
18577,12263
18579,12264
15938,12265
18580,12266
14405,12267
1829,12268
15179,12269
18581,12270
10534,12271
18583,12272
1449,12273
19378,12274
19380,12275
10543,12276
20182,12277
20981,12278
17446,12279
20984,12280
20985,12281
11214,12282
2167,12283
13766,12284
21829,12285
21830,12286
21832,12287
21834,12288
10552,12289
21838,12290
14401,12291
22682,12292
22685,12293
23549,12294
2550,12295
17441,12296
16690,12297
2903,12298
3185,12299
3353,12300
15178,12301
10874,12302
17439,12303
16688,12304
18990,12305
15304,12306
3960,12307
13612,12308
15932,12309
4059,12310
14403,12311
1116,12312
4770,12313
5047,12314
5758,12315
6058,12316
2180,12317
1454,12318
16680,12319
17568,12320
6016,12321
14521,12322
20905,12323
6062,12324
6446,12325
1117,12326
5748,12327
11211,12328
6473,12329
6619,12330
721,12331
20008,12332
1737,12333
15283,12334
1915,12335
22617,12336
7806,12337
8116,12338
6468,12339
7152,12340
5742,12341
24224,12342
7376,12343
22454,12344
21759,12345
17486,12346
16136,12347
19034,12348
3522,12349
2020,12350
22861,12351
1302,12352
14132,12353
15595,12354
11750,12355
13245,12356
8205,12357
8485,12358
4668,12359
7804,12360
8486,12361
2554,12362
6443,12363
7127,12364
718,12365
19982,12366
8487,12367
8490,12368
8495,12369
8500,12370
395,12371
14406,12372
13617,12373
8508,12374
3250,12375
8509,12376
4666,12377
7150,12378
8513,12379
3626,12380
8517,12381
1111,12382
8519,12383
7431,12384
3633,12385
4343,12386
15170,12387
7330,12388
16129,12389
12084,12390
17710,12391
23145,12392
8671,12393
8712,12394
5242,12395
13898,12396
4505,12397
11449,12398
7520,12399
4345,12400
7990,12401
22863,12402
580,12403
23721,12404
4844,12405
11754,12406
5545,12407
12546,12408
16334,12409
8718,12410
17945,12411
20269,12412
19544,12413
21070,12414
14163,12415
21923,12416
13371,12417
16269,12418
8773,12419
22838,12420
12466,12421
21133,12422
11672,12423
20418,12424
23642,12425
18017,12426
17775,12427
5098,12428
19267,12429
2197,12430
3683,12431
8815,12432
3636,12433
4346,12434
11191,12435
23361,12436
2482,12437
8821,12438
7821,12439
8502,12440
7789,12441
13764,12442
326,12443
15282,12444
19317,12445
4500,12446
8824,12447
6447,12448
7131,12449
20597,12450
20010,12451
1735,12452
24156,12453
13917,12454
17470,12455
4042,12456
8825,12457
8913,12458
8914,12459
737,12460
6742,12461
10559,12462
11242,12463
4327,12464
8928,12465
8945,12466
4187,12467
4884,12468
15683,12469
9173,12470
9174,12471
3251,12472
10531,12473
7132,12474
9175,12475
9178,12476
9179,12477
9186,12478
9193,12479
3958,12480
16693,12481
15941,12482
7117,12483
3859,12484
5977,12485
14519,12486
1912,12487
11237,12488
20908,12489
23141,12490
2527,12491
22291,12492
4228,12493
6943,12494
19558,12495
17102,12496
16446,12497
6257,12498
17198,12499
12449,12500
9196,12501
9197,12502
5367,12503
9200,12504
9202,12505
9203,12506
9344,12507
10028,12508
10277,12509
10279,12510
10281,12511
10285,12512
10288,12513
1205,12514
1210,12515
13159,12516
13618,12517
15175,12518
15505,12519
1464,12520
16258,12521
16689,12522
1909,12523
1911,12524
1916,12525
1923,12526
14402,12527
2186,12528
2644,12529
2910,12530
3007,12531
11591,12532
12381,12533
12382,12534
12384,12535
12387,12536
11215,12537
13177,12538
13180,12539
13967,12540
13968,12541
15185,12542
15524,12543
14407,12544
16274,12545
16276,12546
17778,12547
17780,12548
1830,12549
18578,12550
15940,12551
18582,12552
19377,12553
1463,12554
19381,12555
17440,12556
1115,12557
11220,12558
10537,12559
20181,12560
20976,12561
20979,12562
20980,12563
20982,12564
20986,12565
17436,12566
2179,12567
21833,12568
21837,12569
2187,12570
2191,12571
22684,12572
22686,12573
22688,12574
22689,12575
23539,12576
23540,12577
23548,12578
15176,12579
2546,12580
1462,12581
2553,12582
15933,12583
16686,12584
3252,12585
16685,12586
18996,12587
11189,12588
3332,12589
17444,12590
3624,12591
478,12592
5035,12593
5051,12594
5472,12595
10526,12596
1832,12597
1448,12598
5749,12599
3957,12600
4334,12601
2177,12602
5752,12603
6149,12604
6150,12605
5756,12606
6155,12607
6449,12608
6453,12609
10189,12610
6459,12611
6465,12612
6472,12613
6474,12614
6837,12615
2904,12616
7133,12617
7137,12618
7143,12619
10872,12620
10544,12621
11227,12622
3616,12623
726,12624
13607,12625
733,12626
4665,12627
1455,12628
5049,12629
5038,12630
742,12631
1110,12632
5056,12633
5760,12634
10512,12635
743,12636
10181,12637
2912,12638
2189,12639
7116,12640
14595,12641
7345,12642
7519,12643
6475,12644
7523,12645
732,12646
7812,12647
10875,12648
7134,12649
6450,12650
2890,12651
14556,12652
5302,12653
15279,12654
20922,12655
6609,12656
7529,12657
7813,12658
7815,12659
20595,12660
13746,12661
7826,12662
6060,12663
12039,12664
14411,12665
1443,12666
12198,12667
2460,12668
23310,12669
13112,12670
4039,12671
7148,12672
7830,12673
7833,12674
7838,12675
7430,12676
7159,12677
7987,12678
7417,12679
1654,12680
22012,12681
4843,12682
21159,12683
3428,12684
5544,12685
8115,12686
5048,12687
4337,12688
18191,12689
16063,12690
7387,12691
12141,12692
16215,12693
20631,12694
8118,12695
8207,12696
15183,12697
10871,12698
16692,12699
8210,12700
15934,12701
6748,12702
8212,12703
6448,12704
8469,12705
20793,12706
5305,12707
14508,12708
1920,12709
10532,12710
20121,12711
8491,12712
3959,12713
7810,12714
4333,12715
8494,12716
6451,12717
8497,12718
8119,12719
7816,12720
7138,12721
10510,12722
24241,12723
5994,12724
14512,12725
21768,12726
5903,12727
21693,12728
4496,12729
21160,12730
10391,12731
22013,12732
1297,12733
11753,12734
578,12735
23734,12736
12450,12737
6156,12738
8505,12739
8511,12740
6059,12741
8514,12742
8695,12743
14614,12744
21577,12745
16978,12746
4482,12747
13043,12748
19817,12749
22859,12750
2023,12751
22007,12752
2744,12753
16443,12754
586,12755
15686,12756
14828,12757
8214,12758
8803,12759
7979,12760
17958,12761
4850,12762
23717,12763
17854,12764
15687,12765
18652,12766
13340,12767
17093,12768
14827,12769
8816,12770
8518,12771
7836,12772
3618,12773
8818,12774
2902,12775
8512,12776
7115,12777
14594,12778
5979,12779
13730,12780
13109,12781
17485,12782
5450,12783
8819,12784
15942,12785
7828,12786
8922,12787
17443,12788
9073,12789
9150,12790
9152,12791
22499,12792
7377,12793
9155,12794
24242,12795
10107,12796
9172,12797
9180,12798
9182,12799
9183,12800
9188,12801
6433,12802
4568,12803
6661,12804
9189,12805
8820,12806
7824,12807
9190,12808
9195,12809
9206,12810
9375,12811
9425,12812
2799,12813
17106,12814
1362,12815
14841,12816
21224,12817
22783,12818
4951,12819
18571,12820
19372,12821
21822,12822
15684,12823
9454,12824
16039,12825
10977,12826
22624,12827
13635,12828
13830,12829
12047,12830
2816,12831
1301,12832
2095,12833
2739,12834
22020,12835
582,12836
22873,12837
19452,12838
9484,12839
23143,12840
19560,12841
2736,12842
20358,12843
2015,12844
17972,12845
4135,12846
18771,12847
21903,12848
13240,12849
9485,12850
5900,12851
1381,12852
9024,12853
661,12854
2016,12855
14133,12856
9493,12857
709,12858
11256,12859
2879,12860
17044,12861
18697,12862
7563,12863
17899,12864
17889,12865
10449,12866
11497,12867
8127,12868
5013,12869
13857,12870
13583,12871
1431,12872
16175,12873
18590,12874
2128,12875
14373,12876
20876,12877
15113,12878
1403,12879
16185,12880
18617,12881
21864,12882
21946,12883
23969,12884
15870,12885
11633,12886
19752,12887
21736,12888
17348,12889
16597,12890
3549,12891
4097,12892
1346,12893
4183,12894
4302,12895
15541,12896
2064,12897
3580,12898
21011,12899
1349,12900
4811,12901
2060,12902
4893,12903
5590,12904
626,12905
5592,12906
16531,12907
3975,12908
18894,12909
6341,12910
22601,12911
6361,12912
6893,12913
18693,12914
19494,12915
12685,12916
15443,12917
11893,12918
17290,12919
7025,12920
16565,12921
22209,12922
12193,12923
7083,12924
18595,12925
5596,12926
20290,12927
23968,12928
11502,12929
23106,12930
11125,12931
19726,12932
8269,12933
2781,12934
20293,12935
8410,12936
17817,12937
21093,12938
4888,12939
17304,12940
3971,12941
16554,12942
15804,12943
22199,12944
14570,12945
9496,12946
1466,12947
745,12948
7794,12949
10752,12950
6662,12951
16767,12952
20107,12953
3800,12954
9497,12955
11245,12956
10562,12957
8475,12958
13014,12959
5978,12960
3832,12961
21754,12962
3095,12963
9499,12964
7154,12965
6470,12966
9157,12967
9500,12968
5751,12969
731,12970
9501,12971
12830,12972
9504,12973
7139,12974
12825,12975
18992,12976
18413,12977
297,12978
22444,12979
10290,12980
23479,12981
15963,12982
13038,12983
15204,12984
20356,12985
16349,12986
17959,12987
1303,12988
18769,12989
584,12990
19570,12991
16338,12992
9506,12993
11217,12994
9177,12995
11193,12996
21661,12997
6678,12998
9507,12999
9593,13000
2916,13001
1823,13002
2915,13003
9595,13004
5054,13005
9498,13006
740,13007
1461,13008
5040,13009
13807,13010
9394,13011
23215,13012
13105,13013
2373,13014
9596,13015
7156,13016
6057,13017
9597,13018
11241,13019
8817,13020
9598,13021
1456,13022
1112,13023
2905,13024
9599,13025
2178,13026
9600,13027
10555,13028
6744,13029
17445,13030
16694,13031
6427,13032
9601,13033
9602,13034
9604,13035
14408,13036
9605,13037
15181,13038
9606,13039
10542,13040
2551,13041
6457,13042
7141,13043
9621,13044
2792,13045
1334,13046
2866,13047
9626,13048
4190,13049
614,13050
9117,13051
15420,13052
14375,13053
9632,13054
18177,13055
9633,13056
6386,13057
21722,13058
10462,13059
9640,13060
7560,13061
23779,13062
21843,13063
22695,13064
2787,13065
621,13066
5606,13067
9641,13068
8958,13069
22061,13070
9648,13071
20583,13072
11487,13073
14366,13074
11997,13075
9649,13076
22263,13077
20871,13078
23124,13079
967,13080
19223,13081
4628,13082
17546,13083
14769,13084
17518,13085
11061,13086
12485,13087
14043,13088
14072,13089
14906,13090
11456,13091
12248,13092
14846,13093
16141,13094
16176,13095
12000,13096
17404,13097
19030,13098
19369,13099
19481,13100
14902,13101
15608,13102
17170,13103
16362,13104
17114,13105
19829,13106
10026,13107
12351,13108
12352,13109
15493,13110
16628,13111
19348,13112
20562,13113
21976,13114
11681,13115
19529,13116
13267,13117
14060,13118
3562,13119
3601,13120
3791,13121
4197,13122
4502,13123
3795,13124
21796,13125
23508,13126
3728,13127
5727,13128
4670,13129
11178,13130
12797,13131
19398,13132
12763,13133
20083,13134
20996,13135
22699,13136
14342,13137
17685,13138
12762,13139
5905,13140
10711,13141
14731,13142
20146,13143
20947,13144
23112,13145
23973,13146
3561,13147
6303,13148
13279,13149
6304,13150
13278,13151
678,13152
679,13153
680,13154
6889,13155
6989,13156
14861,13157
15621,13158
15905,13159
16656,13160
7044,13161
7645,13162
3489,13163
7777,13164
8132,13165
17408,13166
11608,13167
11963,13168
13085,13169
13545,13170
14784,13171
16605,13172
22587,13173
15098,13174
14333,13175
16599,13176
13758,13177
23560,13178
11965,13179
21733,13180
16609,13181
15859,13182
8257,13183
8295,13184
6242,13185
5698,13186
11489,13187
15426,13188
17679,13189
4995,13190
4284,13191
16626,13192
17061,13193
17066,13194
18113,13195
18914,13196
18494,13197
7063,13198
6379,13199
11135,13200
17815,13201
4963,13202
8328,13203
7667,13204
6276,13205
5669,13206
6962,13207
3551,13208
5380,13209
4260,13210
11039,13211
1261,13212
15027,13213
22191,13214
2700,13215
19703,13216
20897,13217
12678,13218
3974,13219
23914,13220
17282,13221
11878,13222
8352,13223
8355,13224
14071,13225
12005,13226
14860,13227
17409,13228
14658,13229
16657,13230
1969,13231
12758,13232
17686,13233
14339,13234
13549,13235
21848,13236
3383,13237
6360,13238
23441,13239
16613,13240
8401,13241
13083,13242
7043,13243
4979,13244
17352,13245
24250,13246
8458,13247
3256,13248
3599,13249
15147,13250
12402,13251
15100,13252
17687,13253
16607,13254
20999,13255
23558,13256
15862,13257
23442,13258
17363,13259
18151,13260
21391,13261
21638,13262
19236,13263
11535,13264
2366,13265
8969,13266
18915,13267
5381,13268
9009,13269
19773,13270
13076,13271
16181,13272
16638,13273
17390,13274
11983,13275
13214,13276
13500,13277
18479,13278
18968,13279
18168,13280
14798,13281
14289,13282
15874,13283
16314,13284
13499,13285
20576,13286
21406,13287
13562,13288
14796,13289
11919,13290
5382,13291
12708,13292
11917,13293
19718,13294
12963,13295
3901,13296
6204,13297
14291,13298
20093,13299
13501,13300
7574,13301
14290,13302
3969,13303
11918,13304
12709,13305
20519,13306
12168,13307
4607,13308
22421,13309
446,13310
20638,13311
13033,13312
15981,13313
9011,13314
12760,13315
11498,13316
10446,13317
11130,13318
14671,13319
17366,13320
16615,13321
18484,13322
15107,13323
15864,13324
1973,13325
13468,13326
19730,13327
21364,13328
23080,13329
3387,13330
16532,13331
4805,13332
18096,13333
542,13334
12675,13335
3267,13336
8272,13337
16533,13338
5387,13339
17283,13340
11883,13341
14255,13342
12154,13343
8987,13344
22190,13345
8138,13346
21334,13347
23913,13348
18095,13349
8691,13350
6703,13351
12918,13352
3292,13353
18211,13354
12260,13355
15958,13356
8293,13357
18809,13358
527,13359
5492,13360
22915,13361
22706,13362
21854,13363
19500,13364
18688,13365
16400,13366
2040,13367
12510,13368
2761,13369
14097,13370
7648,13371
17308,13372
8331,13373
16558,13374
19296,13375
15051,13376
548,13377
13455,13378
1846,13379
11869,13380
5513,13381
16526,13382
411,13383
18090,13384
20492,13385
18886,13386
16813,13387
354,13388
11536,13389
11415,13390
15396,13391
24158,13392
13128,13393
18889,13394
9088,13395
13084,13396
9677,13397
19693,13398
1132,13399
21321,13400
16525,13401
9707,13402
11751,13403
14036,13404
9755,13405
16337,13406
9773,13407
9093,13408
9783,13409
7740,13410
6887,13411
22210,13412
9096,13413
9652,13414
21355,13415
4679,13416
23934,13417
5665,13418
19719,13419
12214,13420
5983,13421
9784,13422
15425,13423
2859,13424
2137,13425
2129,13426
19981,13427
3208,13428
24162,13429
21770,13430
19013,13431
13047,13432
17464,13433
15951,13434
23419,13435
4411,13436
23530,13437
21966,13438
3703,13439
14842,13440
15633,13441
15670,13442
15602,13443
16427,13444
17770,13445
15632,13446
21932,13447
21132,13448
21079,13449
14904,13450
14057,13451
20327,13452
15609,13453
17926,13454
14849,13455
17115,13456
3463,13457
15631,13458
16380,13459
11119,13460
5724,13461
6286,13462
13289,13463
21937,13464
18767,13465
703,13466
19272,13467
1425,13468
12004,13469
18600,13470
15102,13471
18602,13472
20882,13473
23970,13474
8399,13475
15101,13476
14327,13477
6644,13478
7390,13479
12123,13480
3999,13481
6820,13482
9653,13483
9692,13484
2007,13485
1410,13486
13077,13487
14665,13488
16182,13489
13570,13490
14360,13491
16624,13492
17063,13493
17067,13494
16561,13495
17311,13496
18169,13497
18969,13498
405,13499
15811,13500
15054,13501
23069,13502
14534,13503
16131,13504
689,13505
5697,13506
12423,13507
15810,13508
17375,13509
14802,13510
16560,13511
1126,13512
17310,13513
11916,13514
3547,13515
12153,13516
6704,13517
12106,13518
10249,13519
3804,13520
7727,13521
8968,13522
16562,13523
8970,13524
17312,13525
4680,13526
15055,13527
15812,13528
23931,13529
13744,13530
355,13531
9482,13532
5918,13533
21197,13534
10433,13535
17126,13536
5609,13537
6270,13538
4906,13539
6956,13540
12796,13541
7639,13542
13584,13543
14659,13544
14374,13545
12406,13546
11126,13547
19404,13548
20084,13549
23562,13550
12753,13551
12292,13552
6357,13553
17356,13554
21390,13555
17564,13556
9456,13557
7485,13558
2353,13559
9766,13560
9086,13561
17349,13562
16059,13563
10824,13564
18345,13565
19333,13566
10442,13567
444,13568
7289,13569
9767,13570
21734,13571
8398,13572
6356,13573
16598,13574
15301,13575
10140,13576
1161,13577
14497,13578
17731,13579
22280,13580
21694,13581
7717,13582
9785,13583
20872,13584
9788,13585
21402,13586
16109,13587
8714,13588
22457,13589
16214,13590
5155,13591
23406,13592
888,13593
1375,13594
15522,13595
20178,13596
13619,13597
22758,13598
23544,13599
11236,13600
4335,13601
10868,13602
4842,13603
23723,13604
11077,13605
17199,13606
655,13607
23616,13608
23735,13609
5557,13610
22877,13611
4834,13612
11651,13613
21983,13614
15603,13615
19534,13616
23614,13617
23693,13618
11674,13619
15666,13620
2798,13621
21080,13622
20332,13623
11678,13624
2155,13625
401,13626
2878,13627
23763,13628
23772,13629
6746,13630
15939,13631
15182,13632
4328,13633
17613,13634
7595,13635
13355,13636
23586,13637
17825,13638
23013,13639
7605,13640
4392,13641
8117,13642
10553,13643
8255,13644
12565,13645
8713,13646
9023,13647
16447,13648
14032,13649
9789,13650
8414,13651
22498,13652
1046,13653
14464,13654
13106,13655
6183,13656
909,13657
15391,13658
23990,13659
3571,13660
20858,13661
7244,13662
2107,13663
23777,13664
6179,13665
3488,13666
7609,13667
18010,13668
9790,13669
12781,13670
12219,13671
10762,13672
13675,13673
16212,13674
1611,13675
12256,13676
5859,13677
12386,13678
13935,13679
14762,13680
1547,13681
16691,13682
18464,13683
22687,13684
13623,13685
2807,13686
2735,13687
1382,13688
3426,13689
14930,13690
4134,13691
15690,13692
11654,13693
12448,13694
18731,13695
6456,13696
10188,13697
6909,13698
13354,13699
3415,13700
2724,13701
15003,13702
6773,13703
16514,13704
17077,13705
17839,13706
18847,13707
23605,13708
23816,13709
10913,13710
18833,13711
18034,13712
14182,13713
23840,13714
1857,13715
22121,13716
13413,13717
15729,13718
17608,13719
5280,13720
13890,13721
15965,13722
23258,13723
20140,13724
21266,13725
6777,13726
20451,13727
21268,13728
13390,13729
6651,13730
3161,13731
10234,13732
15206,13733
4551,13734
12343,13735
19652,13736
7334,13737
10081,13738
19300,13739
17472,13740
10855,13741
16719,13742
14119,13743
19929,13744
21059,13745
21145,13746
19462,13747
13349,13748
21911,13749
14141,13750
15576,13751
1359,13752
17083,13753
18736,13754
3511,13755
21069,13756
7434,13757
7435,13758
17442,13759
6461,13760
13609,13761
16110,13762
8370,13763
19470,13764
18822,13765
20268,13766
18023,13767
13165,13768
8499,13769
7818,13770
14398,13771
10067,13772
9297,13773
11602,13774
18009,13775
2988,13776
1229,13777
10317,13778
2105,13779
21215,13780
10310,13781
1227,13782
2666,13783
3481,13784
4062,13785
4087,13786
508,13787
511,13788
2669,13789
22916,13790
5479,13791
4778,13792
22920,13793
21842,13794
5490,13795
4789,13796
22062,13797
22700,13798
5598,13799
21086,13800
16440,13801
667,13802
7556,13803
8238,13804
23780,13805
5498,13806
9631,13807
9791,13808
9111,13809
23119,13810
13805,13811
9838,13812
16863,13813
9848,13814
985,13815
16241,13816
20439,13817
9851,13818
9170,13819
9852,13820
20988,13821
21102,13822
701,13823
533,13824
21955,13825
4886,13826
15858,13827
9853,13828
10191,13829
8489,13830
9855,13831
5739,13832
16817,13833
3915,13834
16036,13835
20122,13836
1647,13837
16143,13838
929,13839
21154,13840
1305,13841
2092,13842
4851,13843
11749,13844
5552,13845
17195,13846
2005,13847
9610,13848
8492,13849
2552,13850
13614,13851
9856,13852
9833,13853
21644,13854
3897,13855
9857,13856
9176,13857
9859,13858
3619,13859
19224,13860
9393,13861
16794,13862
1919,13863
21771,13864
5906,13865
5345,13866
6452,13867
7984,13868
2814,13869
18650,13870
2093,13871
19454,13872
15689,13873
20251,13874
14929,13875
11655,13876
8120,13877
7814,13878
9860,13879
10536,13880
8467,13881
4565,13882
23403,13883
16795,13884
23481,13885
4493,13886
11452,13887
3786,13888
3524,13889
4845,13890
4231,13891
5546,13892
21167,13893
581,13894
14131,13895
17848,13896
6157,13897
8496,13898
9505,13899
9862,13900
7817,13901
17432,13902
24244,13903
10105,13904
21589,13905
10976,13906
11223,13907
22622,13908
6612,13909
19245,13910
10748,13911
22008,13912
9863,13913
1114,13914
11224,13915
10541,13916
4329,13917
18421,13918
8711,13919
9864,13920
16679,13921
16062,13922
6017,13923
22446,13924
20914,13925
15968,13926
3938,13927
14428,13928
2094,13929
583,13930
2815,13931
6942,13932
14926,13933
7626,13934
17196,13935
20249,13936
9865,13937
9184,13938
15169,13939
17567,13940
16130,13941
21591,13942
19318,13943
24002,13944
14622,13945
13640,13946
22009,13947
16348,13948
21156,13949
17101,13950
12542,13951
17852,13952
16444,13953
11050,13954
18648,13955
4835,13956
17176,13957
9866,13958
10187,13959
15937,13960
15180,13961
5037,13962
23359,13963
8060,13964
13724,13965
13909,13966
13636,13967
11450,13968
14427,13969
20357,13970
10392,13971
19559,13972
2638,13973
9025,13974
12543,13975
9185,13976
9708,13977
22874,13978
13244,13979
9867,13980
9503,13981
11228,13982
10545,13983
7114,13984
23377,13985
10792,13986
9869,13987
9502,13988
11231,13989
12036,13990
987,13991
7396,13992
2411,13993
5405,13994
4509,13995
16134,13996
8678,13997
6623,13998
875,13999
11401,14000
4432,14001
18376,14002
7397,14003
9463,14004
17418,14005
21969,14006
17505,14007
14530,14008
15487,14009
21783,14010
22727,14011
23491,14012
3000,14013
3931,14014
7018,14015
7914,14016
11473,14017
4406,14018
5112,14019
5106,14020
21675,14021
2434,14022
19138,14023
837,14024
20865,14025
2278,14026
8872,14027
7698,14028
9528,14029
19675,14030
9533,14031
21286,14032
7695,14033
4182,14034
12437,14035
13231,14036
14022,14037
14936,14038
17079,14039
19444,14040
20240,14041
21044,14042
23609,14043
986,14044
22350,14045
21458,14046
3103,14047
15218,14048
9870,14049
14395,14050
8012,14051
15375,14052
16798,14053
17715,14054
14432,14055
15381,14056
4503,14057
4229,14058
9026,14059
3521,14060
7627,14061
16442,14062
8311,14063
15685,14064
6234,14065
9603,14066
12037,14067
2549,14068
9871,14069
7825,14070
8470,14071
14554,14072
5304,14073
23309,14074
10284,14075
11233,14076
1113,14077
23471,14078
3793,14079
16138,14080
7985,14081
1379,14082
3430,14083
659,14084
4846,14085
16445,14086
5547,14087
15688,14088
17092,14089
9873,14090
6745,14091
11235,14092
6464,14093
11194,14094
23378,14095
9874,14096
5039,14097
16862,14098
10761,14099
9875,14100
10869,14101
9194,14102
11238,14103
18991,14104
13747,14105
8070,14106
19959,14107
20112,14108
19833,14109
12243,14110
15975,14111
23718,14112
4141,14113
21155,14114
4849,14115
20367,14116
5550,14117
14925,14118
17094,14119
9876,14120
10507,14121
22500,14122
3187,14123
21599,14124
20907,14125
19830,14126
16891,14127
18231,14128
21157,14129
4139,14130
22010,14131
2019,14132
14134,14133
2740,14134
14928,14135
16339,14136
15585,14137
11658,14138
15667,14139
9877,14140
11190,14141
21645,14142
9878,14143
2181,14144
3617,14145
12175,14146
4601,14147
16800,14148
10280,14149
13901,14150
3797,14151
5050,14152
6042,14153
7304,14154
5637,14155
11079,14156
4934,14157
10393,14158
22021,14159
9709,14160
13339,14161
14037,14162
12453,14163
16424,14164
17111,14165
5694,14166
13063,14167
6434,14168
522,14169
17791,14170
19763,14171
20190,14172
18956,14173
21728,14174
20564,14175
21397,14176
23437,14177
4086,14178
15122,14179
12288,14180
15879,14181
19761,14182
17372,14183
7048,14184
22491,14185
7382,14186
19898,14187
21798,14188
6793,14189
24010,14190
15378,14191
21448,14192
8962,14193
21210,14194
13985,14195
9518,14196
4254,14197
1135,14198
18766,14199
23016,14200
14018,14201
15569,14202
12625,14203
16497,14204
21035,14205
20452,14206
10219,14207
15744,14208
14985,14209
16496,14210
14547,14211
3984,14212
11831,14213
14209,14214
5310,14215
22372,14216
12309,14217
21425,14218
17650,14219
6588,14220
20610,14221
10271,14222
10959,14223
10426,14224
11571,14225
12443,14226
14890,14227
16912,14228
11372,14229
18461,14230
18801,14231
12262,14232
1953,14233
21206,14234
22275,14235
22276,14236
22564,14237
23570,14238
22712,14239
2989,14240
3352,14241
4033,14242
4195,14243
4744,14244
15644,14245
4903,14246
11097,14247
17968,14248
11063,14249
6174,14250
2159,14251
16165,14252
6987,14253
711,14254
1433,14255
4305,14256
7545,14257
18188,14258
10883,14259
19793,14260
22271,14261
3595,14262
17573,14263
1056,14264
7820,14265
1568,14266
11340,14267
12539,14268
13188,14269
18187,14270
3961,14271
19792,14272
20592,14273
5016,14274
19988,14275
6857,14276
6422,14277
7921,14278
8230,14279
10503,14280
6752,14281
8604,14282
2218,14283
3952,14284
3572,14285
14666,14286
2563,14287
13488,14288
12697,14289
23050,14290
1278,14291
13437,14292
14806,14293
3407,14294
18080,14295
3409,14296
15004,14297
4992,14298
4682,14299
1384,14300
11049,14301
10365,14302
12650,14303
17819,14304
18619,14305
15008,14306
19716,14307
1271,14308
15788,14309
21180,14310
3402,14311
2711,14312
20483,14313
15444,14314
13445,14315
18629,14316
14218,14317
1854,14318
12633,14319
20228,14320
11841,14321
22734,14322
22999,14323
10217,14324
11839,14325
3405,14326
22033,14327
2723,14328
4107,14329
21179,14330
4108,14331
23744,14332
23588,14333
21025,14334
17266,14335
421,14336
23000,14337
4815,14338
20379,14339
22728,14340
18625,14341
13438,14342
4954,14343
14987,14344
19199,14345
5517,14346
23743,14347
16321,14348
17074,14349
554,14350
1273,14351
17270,14352
565,14353
22153,14354
3980,14355
14229,14356
14811,14357
11808,14358
1861,14359
13395,14360
18638,14361
22745,14362
13396,14363
22955,14364
6231,14365
6331,14366
16499,14367
6335,14368
6694,14369
17700,14370
17482,14371
14621,14372
15213,14373
3515,14374
17180,14375
21910,14376
20349,14377
21058,14378
17202,14379
21926,14380
16428,14381
14051,14382
21073,14383
22934,14384
23621,14385
16450,14386
17846,14387
11653,14388
15581,14389
23615,14390
23794,14391
13169,14392
4919,14393
5253,14394
20138,14395
6916,14396
11849,14397
1137,14398
692,14399
7001,14400
7002,14401
7019,14402
1849,14403
16512,14404
11640,14405
21036,14406
12617,14407
21261,14408
21887,14409
19648,14410
6779,14411
15737,14412
14978,14413
19637,14414
24220,14415
6009,14416
6791,14417
7468,14418
14980,14419
17246,14420
18033,14421
7811,14422
19391,14423
20382,14424
6414,14425
18593,14426
19583,14427
13222,14428
8144,14429
15763,14430
15570,14431
17838,14432
19639,14433
1862,14434
14184,14435
13392,14436
18831,14437
21041,14438
12621,14439
10906,14440
18048,14441
20450,14442
18032,14443
13761,14444
15371,14445
13889,14446
12048,14447
12244,14448
17475,14449
18752,14450
17855,14451
17954,14452
18653,14453
13346,14454
19457,14455
14138,14456
21049,14457
18646,14458
17177,14459
21247,14460
3986,14461
22957,14462
23817,14463
12593,14464
21641,14465
5625,14466
21929,14467
4922,14468
20275,14469
21076,14470
2110,14471
22077,14472
21824,14473
815,14474
11603,14475
17040,14476
12490,14477
21960,14478
3359,14479
4064,14480
22818,14481
503,14482
21963,14483
6177,14484
23673,14485
6988,14486
8283,14487
7599,14488
17271,14489
14682,14490
21306,14491
12431,14492
13430,14493
1140,14494
11844,14495
22736,14496
23596,14497
14225,14498
10899,14499
23869,14500
10212,14501
22150,14502
1395,14503
11835,14504
18398,14505
16126,14506
12301,14507
19821,14508
4956,14509
22992,14510
19993,14511
10817,14512
15448,14513
19924,14514
4490,14515
7696,14516
15757,14517
23852,14518
20792,14519
328,14520
6788,14521
19022,14522
7418,14523
20619,14524
17788,14525
20308,14526
21152,14527
17943,14528
22779,14529
18741,14530
21072,14531
1394,14532
23637,14533
22079,14534
17772,14535
20172,14536
588,14537
23715,14538
1307,14539
14934,14540
2025,14541
15694,14542
20245,14543
2727,14544
7682,14545
8379,14546
17078,14547
18634,14548
16494,14549
21265,14550
21888,14551
22117,14552
424,14553
11825,14554
8659,14555
11457,14556
10742,14557
1226,14558
16430,14559
17904,14560
22839,14561
1321,14562
23625,14563
23697,14564
2038,14565
2759,14566
2832,14567
650,14568
4863,14569
12547,14570
5564,14571
11755,14572
6233,14573
12447,14574
14034,14575
14822,14576
16344,14577
15590,14578
1525,14579
5622,14580
17108,14581
15665,14582
6315,14583
12469,14584
21979,14585
673,14586
23533,14587
7684,14588
13262,14589
21126,14590
17112,14591
2154,14592
5372,14593
4311,14594
20395,14595
666,14596
8854,14597
14210,14598
21271,14599
15741,14600
13757,14601
333,14602
8856,14603
23835,14604
22975,14605
15727,14606
16073,14607
6695,14608
14687,14609
3777,14610
6729,14611
21430,14612
4221,14613
13324,14614
11668,14615
19466,14616
21138,14617
22776,14618
22078,14619
23634,14620
21223,14621
21823,14622
20971,14623
11747,14624
5632,14625
17864,14626
18662,14627
21172,14628
22025,14629
23613,14630
19449,14631
17936,14632
21901,14633
17178,14634
8365,14635
8859,14636
8901,14637
8933,14638
8937,14639
8501,14640
6747,14641
7142,14642
6458,14643
10451,14644
13068,14645
13594,14646
14384,14647
17385,14648
12420,14649
17802,14650
16581,14651
19275,14652
11163,14653
10480,14654
16297,14655
17386,14656
16305,14657
18601,14658
1970,14659
12732,14660
20070,14661
12808,14662
10481,14663
14782,14664
17799,14665
12736,14666
21002,14667
21404,14668
18613,14669
21851,14670
22239,14671
22709,14672
23098,14673
23453,14674
15074,14675
15831,14676
19723,14677
19197,14678
10134,14679
19937,14680
20736,14681
17513,14682
12074,14683
22333,14684
23348,14685
15373,14686
14613,14687
10916,14688
2387,14689
23953,14690
13884,14691
18132,14692
18933,14693
14297,14694
21639,14695
2594,14696
3555,14697
3782,14698
3935,14699
4261,14700
4605,14701
23267,14702
12894,14703
15241,14704
16000,14705
17803,14706
18268,14707
23091,14708
24211,14709
2599,14710
3073,14711
4967,14712
14676,14713
3552,14714
2841,14715
13507,14716
22494,14717
18433,14718
5225,14719
5927,14720
13163,14721
17757,14722
18565,14723
19368,14724
22297,14725
13957,14726
2656,14727
6348,14728
7517,14729
7708,14730
11505,14731
7031,14732
6347,14733
11925,14734
14550,14735
5307,14736
3838,14737
15544,14738
4546,14739
21499,14740
14457,14741
24042,14742
23347,14743
6114,14744
8069,14745
7386,14746
14684,14747
8101,14748
5896,14749
472,14750
6311,14751
7252,14752
1588,14753
13961,14754
1936,14755
6997,14756
4866,14757
17999,14758
8198,14759
8389,14760
8998,14761
15009,14762
6771,14763
17269,14764
1286,14765
13224,14766
16507,14767
1852,14768
14996,14769
14222,14770
11836,14771
12967,14772
14611,14773
19428,14774
3840,14775
18541,14776
15755,14777
4251,14778
7464,14779
20467,14780
18064,14781
12629,14782
12172,14783
1762,14784
6790,14785
8159,14786
8378,14787
1139,14788
9147,14789
9228,14790
10326,14791
1236,14792
19510,14793
1952,14794
11698,14795
4070,14796
21110,14797
4881,14798
19522,14799
514,14800
23676,14801
2774,14802
16406,14803
5583,14804
14893,14805
5586,14806
12515,14807
6302,14808
6876,14809
13285,14810
4883,14811
17158,14812
7642,14813
11974,14814
8239,14815
21107,14816
5585,14817
15653,14818
14862,14819
12765,14820
8325,14821
21392,14822
8955,14823
22815,14824
4882,14825
18144,14826
925,14827
9319,14828
814,14829
16286,14830
8227,14831
15167,14832
10197,14833
16677,14834
8228,14835
10499,14836
6754,14837
8462,14838
8832,14839
4316,14840
5027,14841
2148,14842
23346,14843
2495,14844
14471,14845
22397,14846
14456,14847
3129,14848
21478,14849
16822,14850
3905,14851
3196,14852
13102,14853
19039,14854
11448,14855
9057,14856
15220,14857
6586,14858
24209,14859
1772,14860
1057,14861
338,14862
5246,14863
9143,14864
9348,14865
15194,14866
13192,14867
15540,14868
17991,14869
23754,14870
9371,14871
20043,14872
19814,14873
13378,14874
10274,14875
11584,14876
22675,14877
2648,14878
21839,14879
1357,14880
3341,14881
4916,14882
6312,14883
637,14884
5567,14885
20399,14886
15551,14887
13208,14888
11939,14889
15552,14890
14306,14891
13091,14892
18491,14893
17331,14894
16580,14895
11124,14896
12170,14897
1764,14898
20213,14899
21375,14900
22230,14901
12716,14902
13760,14903
3190,14904
21558,14905
13198,14906
24129,14907
15999,14908
15240,14909
23182,14910
15314,14911
10822,14912
10138,14913
15446,14914
3300,14915
11427,14916
4264,14917
4644,14918
23132,14919
11659,14920
13168,14921
22911,14922
4677,14923
2122,14924
2844,14925
10440,14926
12965,14927
6998,14928
8363,14929
14847,14930
6327,14931
8620,14932
10368,14933
15588,14934
18000,14935
18799,14936
11621,14937
12415,14938
14792,14939
15834,14940
13883,14941
19416,14942
20547,14943
4747,14944
5619,14945
15607,14946
5648,14947
23578,14948
17055,14949
17057,14950
17332,14951
22719,14952
16587,14953
21740,14954
17338,14955
15080,14956
21357,14957
20790,14958
23100,14959
2559,14960
5306,14961
7032,14962
18492,14963
7937,14964
11661,14965
13247,14966
14039,14967
9452,14968
8770,14969
10231,14970
1672,14971
9512,14972
7784,14973
4321,14974
953,14975
369,14976
949,14977
4523,14978
17008,14979
20167,14980
21792,14981
22296,14982
12363,14983
1934,14984
19366,14985
3351,14986
6827,14987
9537,14988
13412,14989
12619,14990
9538,14991
14202,14992
13410,14993
954,14994
6039,14995
18254,14996
2390,14997
19367,14998
20632,14999
13164,15000
501,15001
5445,15002
9005,15003
9542,15004
21245,15005
22100,15006
11800,15007
16075,15008
10815,15009
1155,15010
19028,15011
20040,15012
15210,15013
15526,15014
14765,15015
3356,15016
4188,15017
653,15018
11009,15019
11736,15020
12389,15021
16382,15022
3441,15023
2810,15024
4149,15025
22026,15026
4857,15027
21173,15028
19448,15029
11051,15030
17097,15031
18644,15032
16426,15033
13261,15034
17174,15035
18734,15036
2249,15037
17666,15038
22787,15039
16422,15040
5351,15041
11330,15042
10375,15043
10488,15044
15535,15045
2069,15046
21939,15047
5566,15048
19540,15049
6260,15050
18818,15051
6946,15052
19620,15053
22676,15054
20972,15055
13963,15056
16441,15057
1289,15058
15592,15059
7119,15060
10194,15061
6435,15062
15537,15063
13364,15064
14776,15065
2824,15066
7548,15067
17134,15068
2052,15069
18153,15070
9000,15071
7000,15072
14056,15073
14905,15074
16360,15075
2151,15076
20068,15077
6415,15078
12567,15079
16468,15080
12410,15081
11616,15082
23755,15083
7564,15084
4281,15085
12285,15086
2134,15087
20206,15088
21096,15089
7612,15090
23773,15091
16299,15092
17052,15093
15650,15094
13281,15095
21970,15096
14074,15097
21117,15098
14863,15099
14099,15100
15623,15101
13306,15102
16375,15103
14281,15104
18497,15105
21350,15106
1988,15107
15014,15108
10893,15109
16522,15110
18884,15111
23025,15112
24215,15113
20032,15114
3401,15115
21314,15116
553,15117
15771,15118
6769,15119
20486,15120
18084,15121
9140,15122
18471,15123
9524,15124
13448,15125
14240,15126
9588,15127
1288,15128
9590,15129
10373,15130
9620,15131
7105,15132
10196,15133
5735,15134
3610,15135
2871,15136
9645,15137
23660,15138
3472,15139
17215,15140
7593,15141
9721,15142
10461,15143
23431,15144
23972,15145
11144,15146
14789,15147
14150,15148
21729,15149
7718,15150
14670,15151
18486,15152
13529,15153
15857,15154
19729,15155
20082,15156
20086,15157
14319,15158
11947,15159
15807,15160
11046,15161
13356,15162
20552,15163
17368,15164
11634,15165
20384,15166
20889,15167
19751,15168
11945,15169
11040,15170
11913,15171
11047,15172
14943,15173
15702,15174
23105,15175
16942,15176
15085,15177
17342,15178
19758,15179
17818,15180
18923,15181
19582,15182
2839,15183
1977,15184
19585,15185
1277,15186
1994,15187
15764,15188
3388,15189
14942,15190
4974,15191
1123,15192
15868,15193
14012,15194
22893,15195
4965,15196
5393,15197
15005,15198
20236,15199
14972,15200
21892,15201
22744,15202
14191,15203
22959,15204
2583,15205
16487,15206
12602,15207
427,15208
19642,15209
22105,15210
20436,15211
22495,15212
4695,15213
21248,15214
14188,15215
14969,15216
5677,15217
3559,15218
13495,15219
1984,15220
15703,15221
543,15222
14944,15223
6218,15224
20381,15225
15565,15226
6338,15227
2705,15228
14149,15229
6902,15230
14148,15231
4826,15232
4118,15233
11857,15234
7600,15235
8284,15236
23881,15237
8285,15238
7601,15239
14228,15240
8983,15241
23751,15242
19422,15243
8986,15244
13357,15245
5526,15246
9097,15247
17065,15248
13358,15249
9526,15250
14235,15251
19432,15252
22135,15253
10218,15254
22737,15255
17261,15256
10213,15257
12640,15258
13433,15259
12628,15260
23595,15261
20471,15262
10898,15263
23854,15264
22994,15265
14213,15266
9671,15267
15701,15268
4827,15269
5528,15270
15767,15271
9527,15272
19681,15273
20225,15274
18863,15275
3416,15276
21287,15277
1853,15278
23001,15279
18860,15280
17250,15281
12966,15282
10816,15283
13891,15284
4833,15285
2836,15286
10901,15287
22143,15288
23002,15289
5179,15290
8145,15291
23864,15292
21290,15293
22993,15294
14551,15295
9739,15296
5578,15297
16389,15298
1332,15299
23423,15300
5120,15301
5776,15302
6740,15303
11274,15304
11013,15305
6397,15306
12276,15307
11155,15308
8959,15309
4297,15310
16926,15311
10474,15312
11157,15313
9644,15314
10472,15315
8838,15316
12007,15317
14377,15318
979,15319
9793,15320
12163,15321
21687,15322
8880,15323
4472,15324
9813,15325
15415,15326
9133,15327
8450,15328
9775,15329
21730,15330
9095,15331
14352,15332
7725,15333
22489,15334
10136,15335
1176,15336
15783,15337
20097,15338
22189,15339
14258,15340
21022,15341
11764,15342
11636,15343
12430,15344
19676,15345
9821,15346
21010,15347
14156,15348
13218,15349
23554,15350
17995,15351
3385,15352
4093,15353
20390,15354
10348,15355
6899,15356
14945,15357
9655,15358
21191,15359
8276,15360
7592,15361
15704,15362
1992,15363
2714,15364
16397,15365
17883,15366
17149,15367
18681,15368
17915,15369
19485,15370
10422,15371
20283,15372
12505,15373
14077,15374
12641,15375
5395,15376
4959,15377
11641,15378
11819,15379
18635,15380
19645,15381
1147,15382
14977,15383
20235,15384
14196,15385
6095,15386
12611,15387
11818,15388
17234,15389
7469,15390
18841,15391
18042,15392
14968,15393
9818,15394
14785,15395
21205,15396
22714,15397
23573,15398
3531,15399
7669,15400
9654,15401
10338,15402
17989,15403
6221,15404
6906,15405
11112,15406
6967,15407
9062,15408
6281,15409
9726,15410
11952,15411
11503,15412
13088,15413
14323,15414
13533,15415
12706,15416
11044,15417
15778,15418
17347,15419
18148,15420
22590,15421
13534,15422
14324,15423
15053,15424
5508,15425
18891,15426
4687,15427
6901,15428
12667,15429
7702,15430
1982,15431
11874,15432
3269,15433
14252,15434
13460,15435
23036,15436
24214,15437
2490,15438
8270,15439
13461,15440
8277,15441
14253,15442
19299,15443
21328,15444
9744,15445
7650,15446
13447,15447
8333,15448
12654,15449
8843,15450
14239,15451
9879,15452
9198,15453
10513,15454
17614,15455
10076,15456
988,15457
19243,15458
18738,15459
10313,15460
1351,15461
5487,15462
631,15463
1340,15464
5683,15465
19281,15466
4980,15467
4270,15468
13559,15469
7629,15470
23696,15471
13259,15472
1392,15473
14052,15474
2109,15475
18574,15476
9494,15477
1430,15478
2920,15479
15165,15480
6884,15481
4186,15482
19491,15483
11977,15484
16939,15485
12768,15486
13558,15487
11955,15488
3152,15489
3921,15490
21134,15491
3450,15492
13323,15493
4157,15494
4865,15495
23790,15496
5026,15497
521,15498
3479,15499
6070,15500
1417,15501
671,15502
20174,15503
708,15504
13587,15505
20194,15506
21097,15507
5497,15508
21950,15509
21942,15510
4976,15511
13880,15512
9516,15513
18180,15514
11484,15515
2849,15516
13080,15517
12767,15518
17683,15519
18980,15520
13566,15521
23575,15522
1347,15523
2694,15524
627,15525
17892,15526
15046,15527
2562,15528
15803,15529
16553,15530
695,15531
14781,15532
22801,15533
23123,15534
21012,15535
21948,15536
18689,15537
13503,15538
20896,15539
14293,15540
11920,15541
21352,15542
22476,15543
8411,15544
10444,15545
14011,15546
21945,15547
3386,15548
21092,15549
1344,15550
20506,15551
8137,15552
19706,15553
18901,15554
23909,15555
9085,15556
11976,15557
10340,15558
12294,15559
18939,15560
23655,15561
6215,15562
22797,15563
4181,15564
9765,15565
7715,15566
19721,15567
3395,15568
23654,15569
4807,15570
5594,15571
18691,15572
20487,15573
413,15574
19688,15575
9880,15576
10183,15577
7834,15578
8515,15579
15927,15580
16816,15581
16883,15582
13674,15583
13899,15584
19035,15585
2631,15586
8098,15587
24005,15588
19557,15589
4142,15590
18756,15591
3434,15592
18768,15593
5551,15594
19569,15595
15587,15596
16341,15597
6919,15598
23689,15599
16359,15600
2856,15601
8829,15602
7118,15603
1954,15604
22918,15605
2676,15606
21949,15607
2678,15608
20990,15609
22251,15610
11495,15611
21396,15612
23974,15613
11979,15614
3380,15615
18154,15616
13081,15617
18955,15618
23111,15619
4796,15620
21395,15621
17681,15622
22250,15623
15878,15624
10450,15625
19182,15626
5483,15627
5962,15628
4630,15629
19101,15630
13940,15631
17706,15632
19762,15633
6021,15634
6200,15635
6634,15636
20105,15637
6625,15638
6885,15639
18787,15640
7995,15641
13034,15642
8349,15643
9199,15644
941,15645
15200,15646
16924,15647
18072,15648
17191,15649
6244,15650
14678,15651
4960,15652
18908,15653
21333,15654
5520,15655
21305,15656
10210,15657
23020,15658
11637,15659
22731,15660
22145,15661
23591,15662
23862,15663
420,15664
18861,15665
19666,15666
19658,15667
5658,15668
419,15669
18865,15670
19670,15671
18054,15672
5964,15673
21692,15674
16957,15675
21543,15676
5183,15677
19246,15678
23131,15679
10328,15680
10432,15681
1367,15682
17866,15683
19543,15684
20991,15685
18780,15686
21071,15687
15671,15688
22778,15689
19619,15690
23636,15691
22076,15692
23535,15693
19375,15694
15519,15695
11748,15696
4927,15697
19468,15698
17971,15699
20266,15700
18770,15701
21051,15702
13241,15703
14033,15704
4211,15705
23646,15706
16421,15707
505,15708
11118,15709
10404,15710
13573,15711
19278,15712
22249,15713
15893,15714
12776,15715
20878,15716
12752,15717
12738,15718
15099,15719
17684,15720
15837,15721
16617,15722
11025,15723
1837,15724
19288,15725
19750,15726
20551,15727
2117,15728
1259,15729
21186,15730
21867,15731
11768,15732
22039,15733
22218,15734
23104,15735
23444,15736
23966,15737
10355,15738
12559,15739
15050,15740
1267,15741
11767,15742
2696,15743
22035,15744
2716,15745
21020,15746
11859,15747
3410,15748
2719,15749
11850,15750
4268,15751
11961,15752
15436,15753
21363,15754
1981,15755
19581,15756
4962,15757
528,15758
17981,15759
14014,15760
2720,15761
23880,15762
6209,15763
20380,15764
19423,15765
20220,15766
18078,15767
640,15768
16356,15769
15664,15770
6888,15771
12560,15772
4117,15773
1996,15774
7536,15775
7606,15776
6922,15777
7700,15778
7898,15779
8366,15780
22788,15781
17173,15782
13264,15783
2153,15784
17672,15785
2876,15786
15709,15787
16293,15788
22058,15789
22899,15790
8850,15791
3542,15792
20466,15793
8988,15794
21182,15795
17821,15796
18621,15797
14227,15798
9762,15799
9082,15800
1262,15801
12704,15802
16460,15803
3397,15804
17212,15805
6229,15806
6914,15807
13442,15808
9881,15809
1825,15810
11243,15811
10560,15812
7112,15813
9883,15814
391,15815
9884,15816
8473,15817
21663,15818
6677,15819
23217,15820
17709,15821
6622,15822
8097,15823
7992,15824
1377,15825
21052,15826
657,15827
21904,15828
22022,15829
22757,15830
22875,15831
12451,15832
8912,15833
8520,15834
9885,15835
9204,15836
6432,15837
12221,15838
8028,15839
17520,15840
19309,15841
3799,15842
15379,15843
5913,15844
4936,15845
1300,15846
21158,15847
2018,15848
4940,15849
6254,15850
5643,15851
14823,15852
9594,15853
11247,15854
8814,15855
9886,15856
10180,15857
7839,15858
8521,15859
9158,15860
21673,15861
275,15862
19095,15863
3290,15864
18236,15865
6725,15866
15976,15867
658,15868
6256,15869
1378,15870
4848,15871
13343,15872
5549,15873
14135,15874
17089,15875
16336,15876
8201,15877
9205,15878
9887,15879
1109,15880
11249,15881
10566,15882
9888,15883
9207,15884
9889,15885
3955,15886
2918,15887
6417,15888
15538,15889
16291,15890
18959,15891
13872,15892
23114,15893
22578,15894
18157,15895
18958,15896
8254,15897
682,15898
16184,15899
4984,15900
4274,15901
15114,15902
20784,15903
2498,15904
13893,15905
23231,15906
5920,15907
13032,15908
6128,15909
7997,15910
13320,15911
16358,15912
14113,15913
17110,15914
12526,15915
11677,15916
12471,15917
22929,15918
19385,15919
15530,15920
9847,15921
7438,15922
9159,15923
9166,15924
9151,15925
12162,15926
13862,15927
12804,15928
15418,15929
15157,15930
15914,15931
13988,15932
15127,15933
15554,15934
15830,15935
16663,15936
13990,15937
18164,15938
19405,15939
20215,15940
21005,15941
17325,15942
21371,15943
21856,15944
18932,15945
21857,15946
20538,15947
22224,15948
14677,15949
12721,15950
13512,15951
16569,15952
21630,15953
22229,15954
23581,15955
2121,15956
22598,15957
15071,15958
15828,15959
11123,15960
18391,15961
3200,15962
24138,15963
1879,15964
22710,15965
23085,15966
339,15967
12913,15968
13197,15969
1873,15970
10047,15971
2843,15972
3744,15973
3910,15974
19930,15975
21791,15976
18898,15977
5672,15978
6202,15979
21374,15980
15437,15981
23952,15982
23090,15983
6763,15984
22226,15985
23087,15986
7457,15987
23912,15988
20502,15989
1998,15990
15699,15991
17075,15992
16322,15993
21297,15994
22186,15995
9079,15996
24208,15997
1058,15998
19944,15999
1164,16000
9363,16001
13841,16002
9520,16003
13590,16004
14380,16005
15126,16006
14006,16007
16307,16008
1398,16009
20202,16010
12724,16011
20534,16012
20895,16013
14300,16014
11929,16015
17319,16016
22485,16017
23567,16018
2119,16019
16944,16020
15824,16021
23568,16022
19734,16023
5317,16024
21564,16025
12407,16026
2603,16027
4451,16028
13049,16029
7962,16030
13372,16031
11586,16032
12366,16033
13161,16034
13954,16035
14753,16036
15514,16037
11731,16038
16254,16039
17743,16040
11057,16041
17777,16042
20184,16043
17171,16044
11680,16045
21977,16046
21935,16047
22056,16048
22829,16049
23522,16050
23765,16051
22723,16052
12419,16053
17060,16054
18130,16055
16191,16056
18131,16057
16190,16058
13514,16059
18931,16060
569,16061
6826,16062
11664,16063
6830,16064
12364,16065
14832,16066
6056,16067
7166,16068
7518,16069
23687,16070
22789,16071
19600,16072
14001,16073
13209,16074
15073,16075
17058,16076
11933,16077
14675,16078
14305,16079
13515,16080
17320,16081
17692,16082
19192,16083
4802,16084
4969,16085
23455,16086
4263,16087
3554,16088
5316,16089
8224,16090
8246,16091
19606,16092
8256,16093
18928,16094
16945,16095
18127,16096
23947,16097
8292,16098
3245,16099
4074,16100
18804,16101
12401,16102
11607,16103
15853,16104
21735,16105
17354,16106
16316,16107
11901,16108
5065,16109
1240,16110
21209,16111
4784,16112
23776,16113
6201,16114
17048,16115
11959,16116
22588,16117
13541,16118
17069,16119
22203,16120
15441,16121
12695,16122
11904,16123
18903,16124
21629,16125
22540,16126
2600,16127
13631,16128
538,16129
15039,16130
8264,16131
14273,16132
14680,16133
22201,16134
21345,16135
13479,16136
22484,16137
8840,16138
13483,16139
14274,16140
22198,16141
8975,16142
16548,16143
6765,16144
15041,16145
15798,16146
23059,16147
9522,16148
16546,16149
17296,16150
23921,16151
23343,16152
341,16153
448,16154
15201,16155
11466,16156
3735,16157
16256,16158
9658,16159
19712,16160
6080,16161
14275,16162
13484,16163
989,16164
8072,16165
15447,16166
4481,16167
13836,16168
5187,16169
20352,16170
10327,16171
10356,16172
1365,16173
13258,16174
17211,16175
2081,16176
12465,16177
21927,16178
22817,16179
2663,16180
23675,16181
2748,16182
17955,16183
1309,16184
12549,16185
2831,16186
3466,16187
11723,16188
590,16189
11757,16190
20246,16191
14030,16192
18645,16193
15668,16194
23645,16195
18728,16196
2797,16197
14055,16198
19532,16199
5950,16200
20939,16201
14224,16202
672,16203
22677,16204
21825,16205
13171,16206
13337,16207
6849,16208
13976,16209
14770,16210
1354,16211
375,16212
6180,16213
22812,16214
3469,16215
6959,16216
17367,16217
16941,16218
12731,16219
12764,16220
17322,16221
20891,16222
11940,16223
23961,16224
2703,16225
16458,16226
5664,16227
1985,16228
17210,16229
3411,16230
4119,16231
15001,16232
7058,16233
16183,16234
4991,16235
5384,16236
2101,16237
1274,16238
1989,16239
1272,16240
12652,16241
1990,16242
2712,16243
16518,16244
555,16245
20480,16246
6913,16247
6228,16248
22161,16249
7460,16250
23884,16251
17829,16252
21031,16253
21283,16254
21882,16255
18858,16256
10903,16257
20462,16258
23860,16259
2577,16260
13425,16261
6089,16262
8142,16263
14234,16264
18631,16265
19434,16266
14998,16267
2116,16268
3274,16269
21294,16270
22149,16271
4832,16272
20469,16273
8262,16274
17985,16275
8290,16276
4391,16277
20063,16278
8845,16279
18877,16280
17828,16281
14995,16282
20227,16283
18061,16284
22732,16285
20465,16286
1141,16287
2575,16288
19665,16289
8146,16290
16506,16291
17257,16292
22132,16293
8376,16294
21277,16295
4562,16296
8848,16297
16509,16298
12639,16299
18852,16300
8985,16301
18784,16302
559,16303
2717,16304
12644,16305
8994,16306
16459,16307
6915,16308
6230,16309
9075,16310
12681,16311
2709,16312
11765,16313
4113,16314
12557,16315
21877,16316
19427,16317
4816,16318
14146,16319
2002,16320
1285,16321
17265,16322
551,16323
22886,16324
1284,16325
22729,16326
11851,16327
3273,16328
16515,16329
16324,16330
18035,16331
20237,16332
12598,16333
23604,16334
23818,16335
10912,16336
18836,16337
19641,16338
13387,16339
2584,16340
23814,16341
3279,16342
12600,16343
11807,16344
14179,16345
21622,16346
5516,16347
22885,16348
14807,16349
15566,16350
17263,16351
2571,16352
15760,16353
13227,16354
19436,16355
13411,16356
23600,16357
23833,16358
2580,16359
21263,16360
22118,16361
552,16362
12556,16363
13223,16364
14015,16365
13435,16366
6088,16367
12643,16368
14813,16369
15571,16370
19441,16371
21243,16372
1150,16373
22119,16374
10221,16375
22953,16376
22981,16377
23813,16378
23838,16379
18045,16380
19635,16381
5963,16382
7020,16383
7463,16384
8149,16385
22115,16386
8381,16387
19440,16388
21040,16389
14186,16390
21893,16391
19651,16392
10220,16393
22099,16394
429,16395
20437,16396
19638,16397
5397,16398
8846,16399
11848,16400
12434,16401
14200,16402
19437,16403
19647,16404
2581,16405
21259,16406
22114,16407
12591,16408
19186,16409
6094,16410
12615,16411
11822,16412
11799,16413
9280,16414
7611,16415
12812,16416
9530,16417
13432,16418
6333,16419
20456,16420
9536,16421
9683,16422
18733,16423
13263,16424
17930,16425
15606,16426
8457,16427
7445,16428
3370,16429
7735,16430
11492,16431
7057,16432
14787,16433
19498,16434
21008,16435
4179,16436
21190,16437
1265,16438
7666,16439
10411,16440
7776,16441
22902,16442
22912,16443
23574,16444
22715,16445
18788,16446
6928,16447
20403,16448
21009,16449
23572,16450
15649,16451
12489,16452
14889,16453
11697,16454
19520,16455
13282,16456
14075,16457
14888,16458
20318,16459
15624,16460
7701,16461
17698,16462
15802,16463
2710,16464
21313,16465
16197,16466
17272,16467
15013,16468
20484,16469
6911,16470
16521,16471
7597,16472
18883,16473
6084,16474
23889,16475
21312,16476
14237,16477
7326,16478
8009,16479
6020,16480
19103,16481
6107,16482
8074,16483
20697,16484
6108,16485
8140,16486
15012,16487
20485,16488
11860,16489
6643,16490
7391,16491
9690,16492
10374,16493
12020,16494
8130,16495
14389,16496
13600,16497
16625,16498
13082,16499
15875,16500
7050,16501
12771,16502
19977,16503
8077,16504
10258,16505
20475,16506
7462,16507
18872,16508
18073,16509
3546,16510
9841,16511
9510,16512
9160,16513
17043,16514
16290,16515
23760,16516
4239,16517
9820,16518
402,16519
9139,16520
13203,16521
11775,16522
20993,16523
19596,16524
1971,16525
2145,16526
1253,16527
18002,16528
20207,16529
13996,16530
2693,16531
18790,16532
4944,16533
11022,16534
6207,16535
19590,16536
4810,16537
5511,16538
3486,16539
4161,16540
6214,16541
8268,16542
13360,16543
8345,16544
3454,16545
7662,16546
4869,16547
22166,16548
5572,16549
21311,16550
10894,16551
23026,16552
18874,16553
4690,16554
18075,16555
12433,16556
13226,16557
13417,16558
14810,16559
17247,16560
22126,16561
3277,16562
4694,16563
14984,16564
17248,16565
8148,16566
15742,16567
13416,16568
8972,16569
11023,16570
22896,16571
6907,16572
6222,16573
14152,16574
556,16575
1275,16576
18713,16577
18682,16578
9067,16579
9044,16580
17346,16581
13881,16582
14673,16583
15435,16584
15845,16585
15088,16586
11915,16587
10360,16588
12666,16589
16595,16590
18948,16591
18949,16592
19755,16593
15809,16594
3390,16595
11873,16596
1131,16597
23042,16598
4098,16599
21326,16600
546,16601
21327,16602
6216,16603
22182,16604
5389,16605
7023,16606
9675,16607
22181,16608
410,16609
19695,16610
9740,16611
17884,16612
13299,16613
19486,16614
11712,16615
20284,16616
14092,16617
9735,16618
5661,16619
4693,16620
18871,16621
17835,16622
22743,16623
16492,16624
22968,16625
1859,16626
18041,16627
23602,16628
18839,16629
10910,16630
20443,16631
19644,16632
23808,16633
16058,16634
10825,16635
426,16636
23827,16637
5243,16638
18506,16639
16713,16640
12254,16641
2616,16642
9890,16643
9209,16644
17433,16645
15343,16646
9891,16647
7779,16648
12398,16649
20567,16650
23434,16651
22255,16652
21400,16653
15873,16654
21666,16655
291,16656
6198,16657
23116,16658
15429,16659
21399,16660
16630,16661
17374,16662
13793,16663
10782,16664
11512,16665
9650,16666
23979,16667
16938,16668
15124,16669
15881,16670
15116,16671
22522,16672
9892,16673
9893,16674
7844,16675
9894,16676
16682,16677
15342,16678
99,16679
990,16680
2414,16681
12338,16682
18165,16683
20676,16684
9900,16685
12157,16686
3914,16687
9903,16688
21647,16689
4599,16690
22429,16691
8875,16692
5892,16693
13042,16694
1643,16695
14399,16696
9904,16697
9905,16698
18403,16699
10809,16700
10268,16701
13292,16702
2635,16703
3836,16704
15495,16705
15635,16706
22000,16707
14636,16708
4749,16709
11322,16710
1809,16711
6285,16712
3677,16713
3235,16714
6528,16715
2533,16716
11320,16717
10635,16718
766,16719
15323,16720
7374,16721
7948,16722
14639,16723
4416,16724
20057,16725
4450,16726
20949,16727
6572,16728
5451,16729
11706,16730
7904,16731
1091,16732
10644,16733
18466,16734
2291,16735
23545,16736
13288,16737
2984,16738
3652,16739
10323,16740
14870,16741
5804,16742
13187,16743
12493,16744
17886,16745
8575,16746
8916,16747
802,16748
19269,16749
11325,16750
10640,16751
9128,16752
3964,16753
9274,16754
9343,16755
485,16756
17137,16757
841,16758
17782,16759
11704,16760
2050,16761
20591,16762
17671,16763
19791,16764
22269,16765
9624,16766
22819,16767
2773,16768
1412,16769
14663,16770
691,16771
5702,16772
5691,16773
9808,16774
10483,16775
6394,16776
9858,16777
10190,16778
4314,16779
15177,16780
3375,16781
17901,16782
400,16783
15158,16784
13860,16785
14367,16786
13074,16787
13577,16788
15898,16789
16627,16790
16312,16791
21094,16792
2157,16793
17792,16794
23576,16795
20295,16796
20291,16797
14280,16798
23663,16799
7767,16800
4801,16801
18694,16802
5693,16803
12411,16804
17896,16805
23653,16806
13502,16807
1839,16808
12711,16809
4258,16810
4961,16811
12179,16812
8436,16813
22698,16814
22805,16815
21088,16816
8456,16817
19395,16818
18699,16819
23650,16820
17361,16821
13877,16822
15103,16823
15860,16824
991,16825
12900,16826
20135,16827
12589,16828
22348,16829
5398,16830
11796,16831
23806,16832
9910,16833
1237,16834
12492,16835
4173,16836
11140,16837
11491,16838
10457,16839
9782,16840
18962,16841
9911,16842
11014,16843
15908,16844
13070,16845
17411,16846
16659,16847
5711,16848
17561,16849
10148,16850
19942,16851
3301,16852
5437,16853
15150,16854
5877,16855
12252,16856
3763,16857
7561,16858
7758,16859
8837,16860
9643,16861
12800,16862
14657,16863
14378,16864
15151,16865
5007,16866
15298,16867
9916,16868
10596,16869
2925,16870
24188,16871
366,16872
14489,16873
10933,16874
905,16875
16902,16876
5873,16877
6309,16878
992,16879
1391,16880
20934,16881
836,16882
19266,16883
1556,16884
10678,16885
828,16886
23390,16887
9920,16888
9238,16889
9901,16890
15308,16891
1065,16892
12906,16893
9563,16894
5174,16895
13839,16896
7286,16897
14110,16898
18660,16899
22847,16900
17862,16901
20262,16902
13375,16903
22083,16904
11573,16905
9922,16906
8108,16907
9240,16908
2944,16909
10582,16910
20795,16911
5300,16912
22424,16913
7491,16914
8657,16915
14631,16916
10054,16917
18723,16918
20259,16919
14913,16920
20260,16921
21061,16922
11787,16923
23798,16924
20956,16925
9925,16926
2204,16927
21613,16928
10837,16929
16787,16930
8878,16931
2348,16932
13045,16933
910,16934
7676,16935
18665,16936
1366,16937
1319,16938
11784,16939
600,16940
17225,16941
15510,16942
9926,16943
383,16944
5078,16945
5781,16946
11265,16947
15321,16948
9927,16949
7853,16950
22520,16951
2456,16952
18347,16953
4717,16954
19018,16955
993,16956
22362,16957
21485,16958
16347,16959
11397,16960
16156,16961
10712,16962
16264,16963
14955,16964
17229,16965
1184,16966
14835,16967
15594,16968
1596,16969
17100,16970
17652,16971
10717,16972
17851,16973
10718,16974
16908,16975
18649,16976
1933,16977
19364,16978
19453,16979
23783,16980
23786,16981
24061,16982
23161,16983
10732,16984
11417,16985
23802,16986
1914,16987
2636,16988
22925,16989
2654,16990
18814,16991
3038,16992
19253,16993
2315,16994
20962,16995
22068,16996
3347,16997
4055,16998
22071,16999
4132,17000
11395,17001
16910,17002
17654,17003
10710,17004
1221,17005
18014,17006
20162,17007
17221,17008
3036,17009
17015,17010
1906,17011
11280,17012
1819,17013
1494,17014
11010,17015
16925,17016
15159,17017
16118,17018
19616,17019
19770,17020
14356,17021
17353,17022
15095,17023
18147,17024
206,17025
3329,17026
4053,17027
20413,17028
463,17029
18013,17030
4762,17031
11781,17032
4841,17033
502,17034
5075,17035
5143,17036
16909,17037
11399,17038
12365,17039
1564,17040
10685,17041
18011,17042
19614,17043
17787,17044
21702,17045
4436,17046
15509,17047
14162,17048
5449,17049
1498,17050
10858,17051
5467,17052
22073,17053
5469,17054
21217,17055
5542,17056
11402,17057
15398,17058
1597,17059
1219,17060
13370,17061
1223,17062
16262,17063
18015,17064
18451,17065
20163,17066
22923,17067
1239,17068
4763,17069
4243,17070
18586,17071
5651,17072
6038,17073
19079,17074
18278,17075
19859,17076
10035,17077
6253,17078
2311,17079
20052,17080
1591,17081
11575,17082
19363,17083
19615,17084
20960,17085
20416,17086
6938,17087
6939,17088
20359,17089
577,17090
2818,17091
1296,17092
2014,17093
21232,17094
22087,17095
7013,17096
7266,17097
12367,17098
17021,17099
2108,17100
19386,17101
21218,17102
4949,17103
7622,17104
1592,17105
23411,17106
10709,17107
17764,17108
21219,17109
17786,17110
7541,17111
20414,17112
2659,17113
7865,17114
8306,17115
7942,17116
22554,17117
23412,17118
11392,17119
20411,17120
870,17121
22553,17122
1590,17123
23519,17124
19617,17125
8223,17126
4244,17127
873,17128
19255,17129
3035,17130
15511,17131
16470,17132
18563,17133
18564,17134
18813,17135
22928,17136
877,17137
14638,17138
16154,17139
3040,17140
13162,17141
22664,17142
23787,17143
4061,17144
5652,17145
19387,17146
89,17147
8910,17148
19359,17149
11334,17150
22571,17151
1528,17152
2252,17153
5770,17154
12226,17155
18430,17156
20739,17157
15234,17158
5924,17159
3810,17160
20641,17161
14546,17162
15372,17163
8915,17164
1524,17165
17667,17166
9021,17167
15956,17168
13846,17169
14641,17170
15199,17171
13955,17172
21810,17173
23521,17174
18815,17175
3536,17176
4245,17177
6575,17178
19612,17179
4783,17180
9337,17181
16266,17182
18016,17183
19365,17184
20186,17185
18585,17186
3537,17187
6170,17188
22927,17189
1937,17190
20187,17191
9341,17192
14640,17193
10025,17194
14748,17195
15714,17196
4765,17197
23788,17198
4771,17199
4772,17200
500,17201
22926,17202
19388,17203
10877,17204
10527,17205
6194,17206
8133,17207
18179,17208
15362,17209
13565,17210
13557,17211
18122,17212
20530,17213
18916,17214
19722,17215
20518,17216
18422,17217
225,17218
101,17219
9347,17220
9450,17221
17785,17222
18316,17223
24056,17224
23196,17225
22310,17226
13649,17227
3102,17228
12161,17229
23401,17230
19134,17231
13186,17232
7097,17233
10885,17234
6413,17235
5721,17236
698,17237
1420,17238
7754,17239
12956,17240
22542,17241
13687,17242
8232,17243
16345,17244
8375,17245
2721,17246
21023,17247
21879,17248
11821,17249
9635,17250
8131,17251
16667,17252
17622,17253
18166,17254
205,17255
88,17256
9706,17257
18759,17258
10390,17259
11076,17260
13379,17261
14171,17262
1905,17263
2627,17264
3328,17265
2975,17266
21719,17267
4393,17268
7899,17269
23430,17270
9930,17271
1101,17272
9248,17273
9932,17274
4359,17275
9933,17276
10614,17277
7172,17278
18401,17279
10812,17280
20745,17281
12332,17282
3085,17283
9935,17284
19271,17285
7875,17286
9936,17287
9937,17288
7852,17289
19203,17290
322,17291
12122,17292
17727,17293
919,17294
13044,17295
16715,17296
4913,17297
4155,17298
3514,17299
20264,17300
18823,17301
3448,17302
19627,17303
1218,17304
9938,17305
9255,17306
6487,17307
20796,17308
10128,17309
17542,17310
13153,17311
11304,17312
18526,17313
3778,17314
13835,17315
5191,17316
7677,17317
14745,17318
15506,17319
19467,17320
4928,17321
20265,17322
21229,17323
2757,17324
20426,17325
497,17326
2652,17327
4052,17328
9236,17329
994,17330
19096,17331
21753,17332
4507,17333
6833,17334
7160,17335
390,17336
7414,17337
5213,17338
4230,17339
8310,17340
3523,17341
6255,17342
3527,17343
6941,17344
4235,17345
15582,17346
8286,17347
19535,17348
15605,17349
7059,17350
8522,17351
2914,17352
8828,17353
1445,17354
15414,17355
16511,17356
13336,17357
21841,17358
2675,17359
18007,17360
14779,17361
17046,17362
14948,17363
4073,17364
2786,17365
4786,17366
13984,17367
2687,17368
2848,17369
23436,17370
2126,17371
4271,17372
21727,17373
2125,17374
2847,17375
4795,17376
2846,17377
20078,17378
2124,17379
1399,17380
6369,17381
6366,17382
7726,17383
16103,17384
8350,17385
8407,17386
9404,17387
9839,17388
11434,17389
9942,17390
7882,17391
10585,17392
24245,17393
9419,17394
22436,17395
21776,17396
4492,17397
9947,17398
22572,17399
10628,17400
15192,17401
1485,17402
17581,17403
995,17404
9953,17405
14647,17406
10634,17407
11319,17408
11267,17409
18402,17410
1040,17411
9954,17412
1810,17413
2241,17414
2964,17415
7173,17416
16831,17417
6006,17418
21592,17419
17001,17420
23475,17421
17478,17422
18443,17423
12843,17424
14901,17425
19460,17426
22001,17427
17858,17428
16477,17429
20257,17430
15721,17431
21809,17432
9957,17433
2932,17434
16079,17435
9440,17436
16044,17437
20113,17438
8670,17439
6044,17440
7301,17441
21123,17442
16259,17443
17012,17444
595,17445
13326,17446
2031,17447
14962,17448
2752,17449
14169,17450
1931,17451
10988,17452
7537,17453
16270,17454
12818,17455
10193,17456
13610,17457
1246,17458
20189,17459
18171,17460
17680,17461
18971,17462
19776,17463
1406,17464
2136,17465
16934,17466
23362,17467
4082,17468
19775,17469
16935,17470
22261,17471
12783,17472
2131,17473
24226,17474
1758,17475
18346,17476
17006,17477
4007,17478
17468,17479
12251,17480
7975,17481
5142,17482
14903,17483
9103,17484
8420,17485
685,17486
22502,17487
9918,17488
6738,17489
11283,17490
5777,17491
9752,17492
11682,17493
11684,17494
12475,17495
13268,17496
13269,17497
14850,17498
14852,17499
14853,17500
15611,17501
16413,17502
17166,17503
16371,17504
16414,17505
17921,17506
14069,17507
17162,17508
11691,17509
12483,17510
18720,17511
21122,17512
11080,17513
21975,17514
23684,17515
15616,17516
22826,17517
16370,17518
17122,17519
14391,17520
3494,17521
14070,17522
4201,17523
12484,17524
13277,17525
3591,17526
4301,17527
15413,17528
4910,17529
15614,17530
4202,17531
13272,17532
11168,17533
14065,17534
5012,17535
11772,17536
5568,17537
5569,17538
12814,17539
6263,17540
12022,17541
6265,17542
13604,17543
6951,17544
12816,17545
6757,17546
14393,17547
20391,17548
6954,17549
16411,17550
11690,17551
12482,17552
3589,17553
4299,17554
11478,17555
2142,17556
17992,17557
7447,17558
11171,17559
19593,17560
7674,17561
17881,17562
6992,17563
16369,17564
15919,17565
17121,17566
15162,17567
12274,17568
16669,17569
11716,17570
7773,17571
8318,17572
17165,17573
6266,17574
16671,17575
6952,17576
18982,17577
13066,17578
18182,17579
17990,17580
8449,17581
6075,17582
2063,17583
1348,17584
8452,17585
11480,17586
12023,17587
23759,17588
8454,17589
10886,17590
4300,17591
21194,17592
9029,17593
15658,17594
6267,17595
14898,17596
10397,17597
11083,17598
16672,17599
693,17600
10201,17601
17423,17602
11774,17603
9131,17604
6759,17605
9811,17606
4902,17607
9959,17608
20065,17609
8577,17610
7894,17611
6486,17612
19202,17613
996,17614
22406,17615
16996,17616
2834,17617
3990,17618
9378,17619
4643,17620
4498,17621
11045,17622
23749,17623
2813,17624
10324,17625
17909,17626
17946,17627
16352,17628
23702,17629
14838,17630
15598,17631
12574,17632
3435,17633
21153,17634
19455,17635
4143,17636
4248,17637
17022,17638
11578,17639
13958,17640
19568,17641
4774,17642
18707,17643
4172,17644
18718,17645
487,17646
14764,17647
3941,17648
5475,17649
20305,17650
6958,17651
7009,17652
7218,17653
6241,17654
7588,17655
22891,17656
1995,17657
21873,17658
23883,17659
6770,17660
11858,17661
2003,17662
12632,17663
23594,17664
14217,17665
2726,17666
22151,17667
2572,17668
23871,17669
5659,17670
22134,17671
13802,17672
1715,17673
6775,17674
21281,17675
22136,17676
21279,17677
6787,17678
7691,17679
17842,17680
14825,17681
14830,17682
16330,17683
19446,17684
20336,17685
2251,17686
22786,17687
22831,17688
22836,17689
23644,17690
18730,17691
2531,17692
639,17693
21934,17694
17932,17695
12472,17696
4310,17697
5373,17698
1241,17699
7099,17700
14833,17701
18803,17702
18606,17703
17807,17704
11115,17705
7012,17706
22913,17707
11615,17708
12409,17709
13361,17710
7737,17711
22577,17712
4282,17713
15545,17714
630,17715
623,17716
20388,17717
2704,17718
8453,17719
8944,17720
19507,17721
2055,17722
15130,17723
19280,17724
20573,17725
9092,17726
21731,17727
12739,17728
13556,17729
1397,17730
16189,17731
11948,17732
14320,17733
17307,17734
1979,17735
23748,17736
2698,17737
22894,17738
4104,17739
22890,17740
1279,17741
22724,17742
15762,17743
8973,17744
23752,17745
1993,17746
1276,17747
23873,17748
8143,17749
11853,17750
11642,17751
21038,17752
11816,17753
10224,17754
13402,17755
21890,17756
21254,17757
22108,17758
7470,17759
14975,17760
14192,17761
15730,17762
9534,17763
19662,17764
20461,17765
14216,17766
9540,17767
22965,17768
9651,17769
6299,17770
4867,17771
14129,17772
9694,17773
17697,17774
5385,17775
12698,17776
9728,17777
10429,17778
9046,17779
9747,17780
7646,17781
21971,17782
8329,17783
21118,17784
6963,17785
17303,17786
20096,17787
11909,17788
4817,17789
21315,17790
6225,17791
21316,17792
16950,17793
7458,17794
8281,17795
22172,17796
10892,17797
20488,17798
19689,17799
18082,17800
13800,17801
7351,17802
9842,17803
6066,17804
2172,17805
1249,17806
22693,17807
17993,17808
6326,17809
9141,17810
1834,17811
11179,17812
13994,17813
3593,17814
17806,17815
22914,17816
12408,17817
11614,17818
17216,17819
10337,17820
11631,17821
12564,17822
4905,17823
3452,17824
534,17825
21198,17826
17816,17827
18616,17828
22900,17829
13221,17830
5647,17831
6353,17832
14672,17833
10441,17834
15434,17835
20886,17836
5678,17837
4975,17838
6892,17839
12426,17840
20389,17841
3394,17842
4102,17843
5646,17844
7703,17845
8989,17846
8991,17847
19696,17848
9084,17849
8395,17850
11034,17851
18093,17852
9663,17853
6325,17854
5521,17855
4820,17856
8343,17857
5574,17858
7660,17859
4871,17860
6978,17861
3456,17862
4163,17863
5603,17864
6292,17865
13283,17866
17262,17867
10211,17868
15759,17869
21037,17870
21889,17871
13407,17872
1146,17873
20445,17874
19646,17875
14970,17876
22113,17877
10223,17878
22742,17879
18043,17880
23831,17881
22971,17882
8857,17883
22970,17884
23830,17885
9665,17886
20495,17887
2566,17888
9672,17889
10427,17890
7649,17891
3487,17892
8332,17893
4194,17894
3453,17895
19686,17896
4160,17897
18882,17898
7459,17899
18083,17900
14232,17901
2570,17902
13440,17903
11638,17904
14017,17905
21273,17906
22129,17907
22739,17908
14986,17909
3983,17910
14211,17911
13419,17912
6091,17913
22127,17914
7466,17915
22987,17916
23847,17917
11830,17918
13799,17919
2442,17920
9757,17921
1264,17922
18893,17923
1130,17924
23045,17925
11876,17926
9764,17927
11635,17928
15023,17929
15056,17930
545,17931
15780,17932
409,17933
19697,17934
9963,17935
2171,17936
11017,17937
19506,17938
6868,17939
18701,17940
21940,17941
22248,17942
22581,17943
23109,17944
9964,17945
10665,17946
2222,17947
4648,17948
6860,17949
633,17950
8527,17951
4664,17952
3605,17953
2921,17954
17427,17955
4785,17956
19502,17957
6755,17958
5716,17959
5730,17960
1965,17961
23661,17962
6756,17963
15904,17964
16929,17965
4273,17966
14668,17967
16655,17968
17371,17969
18482,17970
13535,17971
11131,17972
11941,17973
12427,17974
22716,17975
23446,17976
12744,17977
11953,17978
23657,17979
4891,17980
4983,17981
11970,17982
5505,17983
22798,17984
5666,17985
4103,17986
6208,17987
23656,17988
21943,17989
16540,17990
625,17991
6367,17992
4804,17993
22799,17994
18690,17995
15047,17996
1840,17997
20517,17998
6900,17999
1345,18000
17893,18001
15015,18002
696,18003
11994,18004
20208,18005
23659,18006
6886,18007
629,18008
17891,18009
8842,18010
23029,18011
23891,18012
8967,18013
20300,18014
18687,18015
8981,18016
17895,18017
3474,18018
20497,18019
4686,18020
19698,18021
22184,18022
18088,18023
16072,18024
9281,18025
2175,18026
4076,18027
22809,18028
8947,18029
23667,18030
620,18031
9630,18032
23669,18033
2777,18034
12793,18035
15422,18036
16653,18037
17405,18038
9798,18039
19397,18040
22803,18041
19492,18042
8396,18043
13087,18044
9965,18045
11210,18046
2664,18047
21956,18048
8247,18049
21103,18050
2778,18051
5685,18052
9966,18053
11257,18054
8020,18055
21684,18056
19142,18057
13921,18058
3685,18059
3829,18060
8682,18061
19848,18062
3808,18063
19181,18064
5334,18065
3217,18066
16774,18067
20185,18068
24055,18069
21490,18070
21456,18071
14439,18072
3596,18073
10199,18074
2872,18075
2149,18076
4514,18077
12149,18078
5014,18079
5718,18080
6393,18081
12944,18082
6712,18083
3144,18084
20168,18085
7401,18086
13906,18087
3841,18088
7957,18089
12259,18090
17651,18091
1604,18092
2324,18093
23409,18094
19810,18095
19011,18096
11565,18097
10626,18098
13947,18099
14738,18100
16249,18101
17756,18102
18997,18103
19355,18104
19356,18105
10599,18106
22656,18107
23122,18108
23513,18109
10632,18110
23515,18111
20600,18112
4433,18113
1201,18114
16260,18115
11284,18116
1103,18117
4447,18118
15496,18119
10622,18120
15499,18121
11295,18122
17754,18123
20155,18124
22658,18125
3325,18126
10594,18127
4739,18128
4756,18129
3663,18130
5152,18131
14735,18132
16252,18133
14413,18134
17755,18135
11285,18136
18551,18137
16699,18138
18555,18139
1903,18140
21807,18141
23517,18142
14418,18143
2938,18144
3666,18145
4994,18146
5444,18147
2940,18148
5791,18149
7200,18150
7255,18151
18559,18152
2641,18153
6164,18154
10600,18155
10859,18156
7182,18157
6497,18158
7867,18159
7881,18160
7884,18161
7889,18162
7939,18163
1204,18164
1215,18165
15507,18166
5089,18167
14649,18168
1511,18169
791,18170
8541,18171
4660,18172
6494,18173
8543,18174
8545,18175
8550,18176
8107,18177
8553,18178
5361,18179
13624,18180
8572,18181
8103,18182
6525,18183
7209,18184
5066,18185
21612,18186
8905,18187
11291,18188
9237,18189
9261,18190
6735,18191
9470,18192
9627,18193
6926,18194
19577,18195
12439,18196
9917,18197
1818,18198
7180,18199
7860,18200
9897,18201
19173,18202
1799,18203
12108,18204
20156,18205
8883,18206
5173,18207
15392,18208
3760,18209
9070,18210
599,18211
3512,18212
1318,18213
14959,18214
22773,18215
19626,18216
8936,18217
9919,18218
9215,18219
19970,18220
6031,18221
9928,18222
2926,18223
9944,18224
9967,18225
10649,18226
758,18227
9968,18228
5349,18229
10592,18230
9285,18231
1490,18232
1963,18233
23982,18234
21726,18235
16633,18236
2685,18237
18966,18238
13078,18239
20571,18240
529,18241
15129,18242
13871,18243
16636,18244
17387,18245
23117,18246
16113,18247
271,18248
21537,18249
24059,18250
1220,18251
4012,18252
18027,18253
483,18254
10289,18255
23785,18256
4063,18257
3357,18258
21213,18259
4948,18260
5474,18261
5967,18262
6181,18263
19610,18264
15539,18265
14778,18266
18961,18267
20875,18268
19287,18269
12749,18270
16602,18271
2784,18272
10346,18273
10349,18274
10357,18275
11033,18276
11041,18277
1325,18278
13304,18279
14013,18280
14153,18281
14804,18282
15645,18283
18714,18284
22042,18285
3473,18286
22898,18287
11042,18288
10358,18289
23033,18290
4180,18291
19588,18292
2707,18293
549,18294
22173,18295
5509,18296
18879,18297
5510,18298
4809,18299
18086,18300
605,18301
6212,18302
11030,18303
19587,18304
6297,18305
4101,18306
3393,18307
13453,18308
6898,18309
17917,18310
6983,18311
6905,18312
6220,18313
23896,18314
6965,18315
7582,18316
15646,18317
6897,18318
20386,18319
7583,18320
14946,18321
7589,18322
12509,18323
6278,18324
17916,18325
10415,18326
16398,18327
6964,18328
17150,18329
11101,18330
7665,18331
11102,18332
21192,18333
6279,18334
22045,18335
8039,18336
18455,18337
8265,18338
14885,18339
6211,18340
17987,18341
8266,18342
18785,18343
550,18344
5515,18345
20489,18346
1847,18347
14243,18348
13441,18349
14233,18350
22157,18351
13738,18352
8088,18353
21507,18354
8193,18355
1570,18356
8267,18357
3389,18358
17214,18359
10363,18360
8273,18361
16462,18362
8274,18363
7590,18364
19683,18365
8348,18366
8978,18367
14886,18368
1324,18369
13303,18370
2697,18371
17213,18372
2762,18373
11717,18374
604,18375
14096,18376
2041,18377
4901,18378
8979,18379
3530,18380
9049,18381
14095,18382
2042,18383
12508,18384
9336,18385
5447,18386
9511,18387
7796,18388
8477,18389
21953,18390
17045,18391
16292,18392
18594,18393
18806,18394
1968,18395
20204,18396
16541,18397
20989,18398
21845,18399
19396,18400
14284,18401
23550,18402
10334,18403
22049,18404
2686,18405
2690,18406
18793,18407
4084,18408
1964,18409
21196,18410
4089,18411
22903,18412
4794,18413
20394,18414
530,18415
16465,18416
5495,18417
3378,18418
19594,18419
6882,18420
6197,18421
17217,18422
9660,18423
1975,18424
20387,18425
1268,18426
4813,18427
13451,18428
1133,18429
12658,18430
22158,18431
21303,18432
21302,18433
12943,18434
7405,18435
21510,18436
13924,18437
5122,18438
9661,18439
21189,18440
1986,18441
1269,18442
14244,18443
3978,18444
11866,18445
15766,18446
15007,18447
18076,18448
8006,18449
10157,18450
19098,18451
8898,18452
20604,18453
9662,18454
10347,18455
17986,18456
4814,18457
4106,18458
18885,18459
4689,18460
13452,18461
20479,18462
19680,18463
18875,18464
16052,18465
10841,18466
12879,18467
14714,18468
7250,18469
9678,18470
21319,18471
5391,18472
23034,18473
18876,18474
18077,18475
19679,18476
15294,18477
11443,18478
16011,18479
10952,18480
11381,18481
9730,18482
18715,18483
11100,18484
17151,18485
9048,18486
16399,18487
10414,18488
5604,18489
2043,18490
6982,18491
1326,18492
606,18493
6296,18494
8347,18495
10417,18496
7664,18497
9731,18498
13302,18499
2763,18500
9064,18501
10416,18502
9746,18503
9050,18504
11114,18505
9732,18506
10428,18507
2764,18508
9745,18509
11103,18510
9063,18511
6280,18512
4238,18513
6966,18514
4943,18515
4112,18516
3404,18517
20482,18518
6085,18519
22162,18520
20477,18521
19678,18522
23874,18523
16805,18524
6717,18525
16766,18526
4017,18527
5130,18528
9969,18529
7900,18530
9223,18531
18405,18532
8751,18533
1884,18534
3722,18535
22555,18536
5136,18537
5838,18538
10676,18539
997,18540
14773,18541
3480,18542
4215,18543
11333,18544
17874,18545
20868,18546
7845,18547
1106,18548
1527,18549
7103,18550
8369,18551
16354,18552
18672,18553
21226,18554
22081,18555
13959,18556
21820,18557
17024,18558
17970,18559
8294,18560
7610,18561
7772,18562
10888,18563
7094,18564
6410,18565
15876,18566
23439,18567
15119,18568
17378,18569
13561,18570
8528,18571
520,18572
22806,18573
7778,18574
8253,18575
23664,18576
22793,18577
12769,18578
13875,18579
11978,18580
8698,18581
3164,18582
2611,18583
7855,18584
386,18585
8946,18586
2789,18587
1339,18588
12794,18589
12278,18590
9514,18591
9137,18592
12271,18593
5006,18594
15421,18595
22254,18596
11493,18597
10448,18598
12003,18599
12780,18600
13554,18601
10339,18602
14669,18603
11954,18604
11132,18605
13219,18606
19411,18607
20217,18608
2061,18609
2062,18610
20885,18611
12745,18612
21387,18613
23107,18614
12429,18615
21944,18616
23072,18617
2783,18618
20292,18619
20507,18620
16196,18621
18101,18622
13477,18623
2868,18624
15897,18625
16294,18626
21863,18627
2785,18628
3476,18629
3477,18630
4887,18631
11921,18632
23458,18633
14294,18634
5512,18635
21091,18636
19495,18637
7584,18638
2782,18639
4889,18640
12670,18641
3268,18642
13462,18643
15781,18644
7729,18645
19420,18646
19497,18647
5591,18648
13492,18649
7781,18650
4085,18651
17897,18652
9123,18653
4800,18654
18695,18655
17890,18656
15847,18657
22589,18658
9629,18659
20303,18660
9854,18661
1956,18662
19505,18663
2057,18664
9970,18665
8703,18666
9971,18667
14599,18668
11439,18669
13819,18670
18310,18671
19109,18672
20143,18673
4534,18674
11018,18675
11019,18676
1243,18677
13973,18678
15895,18679
16275,18680
16650,18681
14662,18682
19276,18683
16646,18684
17398,18685
23546,18686
11218,18687
3827,18688
17853,18689
18659,18690
20346,18691
19463,18692
14137,18693
20261,18694
13345,18695
21902,18696
20247,18697
21050,18698
19536,18699
24045,18700
13776,18701
3886,18702
3177,18703
20712,18704
16750,18705
21491,18706
1665,18707
4212,18708
4227,18709
1304,18710
18651,18711
20368,18712
21170,18713
17091,18714
11657,18715
4921,18716
5001,18717
20073,18718
5223,18719
22305,18720
23365,18721
6004,18722
23756,18723
3392,18724
4100,18725
22895,18726
6124,18727
7228,18728
16913,18729
10666,18730
7342,18731
165,18732
57,18733
7437,18734
10535,18735
1450,18736
7734,18737
15334,18738
10108,18739
12934,18740
12316,18741
507,18742
8504,18743
394,18744
8995,18745
2708,18746
14245,18747
17699,18748
22174,18749
23878,18750
23018,18751
20478,18752
17557,18753
12237,18754
22365,18755
6818,18756
3718,18757
9106,18758
9181,18759
8822,18760
9187,18761
9359,18762
11463,18763
8645,18764
11593,18765
13142,18766
11355,18767
13972,18768
21835,18769
11222,18770
5636,18771
17103,18772
23711,18773
15596,18774
16350,18775
16449,18776
17201,18777
15579,18778
16333,18779
17086,18780
21130,18781
3505,18782
5624,18783
6460,18784
1828,18785
7436,18786
10539,18787
8503,18788
7822,18789
2169,18790
18411,18791
299,18792
16041,18793
18516,18794
12050,18795
6153,18796
9786,18797
8415,18798
17593,18799
6679,18800
9861,18801
6430,18802
19213,18803
5288,18804
13722,18805
20916,18806
17479,18807
6841,18808
12033,18809
9868,18810
9872,18811
10870,18812
9191,18813
11234,18814
2892,18815
20809,18816
1018,18817
24172,18818
12318,18819
12844,18820
5344,18821
19029,18822
17960,18823
3427,18824
2097,18825
11078,18826
12545,18827
5543,18828
13342,18829
11656,18830
9972,18831
1807,18832
9289,18833
2980,18834
2254,18835
9973,18836
3651,18837
8943,18838
21108,18839
8961,18840
21961,18841
20287,18842
8419,18843
20874,18844
3573,18845
4283,18846
19768,18847
9974,18848
10306,18849
10308,18850
1224,18851
12395,18852
14079,18853
17910,18854
1941,18855
19508,18856
20310,18857
2215,18858
1949,18859
21964,18860
2673,18861
4065,18862
21106,18863
6185,18864
18708,18865
18685,18866
19760,18867
6191,18868
21959,18869
3468,18870
13310,18871
7562,18872
20306,18873
4175,18874
20320,18875
7670,18876
8241,18877
19512,18878
3465,18879
17920,18880
2039,18881
17369,18882
8353,18883
8940,18884
19509,18885
8942,18886
21111,18887
615,18888
12516,18889
9039,18890
19783,18891
13867,18892
18954,18893
11998,18894
15877,18895
15559,18896
14151,18897
19282,18898
15104,18899
15842,18900
11504,18901
16592,18902
17343,18903
10353,18904
11914,18905
12561,18906
21013,18907
13359,18908
5524,18909
7042,18910
17321,18911
1980,18912
17982,18913
536,18914
18781,18915
14805,18916
9634,18917
11700,18918
1337,18919
11724,18920
9636,18921
13286,18922
617,18923
23103,18924
9676,18925
11769,18926
3408,18927
9723,18928
15861,18929
18485,18930
14321,18931
16188,18932
17362,18933
10342,18934
16570,18935
20880,18936
17341,18937
14346,18938
17688,18939
15084,18940
15841,18941
16557,18942
21183,18943
21389,18944
22244,18945
6903,18946
22036,18947
17073,18948
7022,18949
1266,18950
22038,18951
7027,18952
539,18953
21188,18954
9656,18955
22041,18956
557,18957
9669,18958
21185,18959
21021,18960
9975,18961
7219,18962
15360,18963
13818,18964
20829,18965
21582,18966
10071,18967
17002,18968
173,18969
23239,18970
14444,18971
13969,18972
20176,18973
10561,18974
1824,18975
20668,18976
20978,18977
21909,18978
22852,18979
22762,18980
22878,18981
23620,18982
23736,18983
12445,18984
16335,18985
22754,18986
20334,18987
14843,18988
17931,18989
2906,18990
2548,18991
3630,18992
3631,18993
392,18994
4213,18995
21933,18996
20331,18997
4340,18998
2170,18999
18412,19000
4341,19001
2185,19002
1444,19003
19214,19004
5623,19005
11675,19006
19533,19007
17878,19008
10496,19009
63,19010
6921,19011
10367,19012
5099,19013
8586,19014
1806,19015
9292,19016
965,19017
13777,19018
4591,19019
5293,19020
3835,19021
12855,19022
13653,19023
3117,19024
3822,19025
16742,19026
19999,19027
8756,19028
20392,19029
6896,19030
10345,19031
18786,19032
5514,19033
3398,19034
12659,19035
3271,19036
23895,19037
21304,19038
22159,19039
23877,19040
21609,19041
9472,19042
21515,19043
11544,19044
7924,19045
9882,19046
9201,19047
722,19048
12992,19049
1736,19050
16008,19051
14695,19052
5210,19053
6726,19054
4504,19055
5639,19056
4847,19057
23719,19058
3431,19059
13341,19060
5548,19061
12544,19062
13243,19063
6834,19064
9682,19065
14907,19066
9977,19067
10652,19068
17620,19069
12232,19070
13025,19071
21524,19072
22445,19073
11437,19074
215,19075
2408,19076
10941,19077
10255,19078
10333,19079
1244,19080
12787,19081
14760,19082
14761,19083
18174,19084
17678,19085
1958,19086
20072,19087
20177,19088
3130,19089
18270,19090
22511,19091
3176,19092
3885,19093
19112,19094
18276,19095
19076,19096
19051,19097
19846,19098
19049,19099
20798,19100
2477,19101
22047,19102
11031,19103
4145,19104
22005,19105
4853,19106
14139,19107
5541,19108
1390,19109
3371,19110
14775,19111
4077,19112
5554,19113
13347,19114
14819,19115
14029,19116
15669,19117
17937,19118
5707,19119
16178,19120
5003,19121
4292,19122
5755,19123
393,19124
11239,19125
10556,19126
6213,19127
2823,19128
2713,19129
1991,19130
21318,19131
2569,19132
19690,19133
23019,19134
23879,19135
23017,19136
14528,19137
6469,19138
3249,19139
686,19140
14574,19141
7153,19142
5045,19143
738,19144
2547,19145
2907,19146
2184,19147
2893,19148
20810,19149
1017,19150
22361,19151
10964,19152
18509,19153
22294,19154
2908,19155
7751,19156
6761,19157
7074,19158
6391,19159
2132,19160
22517,19161
7361,19162
15250,19163
15457,19164
3360,19165
4474,19166
7791,19167
22518,19168
5993,19169
22455,19170
21758,19171
24004,19172
14620,19173
21441,19174
23720,19175
8289,19176
8309,19177
22862,19178
4138,19179
7008,19180
7625,19181
6322,19182
14824,19183
17090,19184
13242,19185
20333,19186
14845,19187
1408,19188
8425,19189
19277,19190
6383,19191
7066,19192
8790,19193
12086,19194
16236,19195
10689,19196
93,19197
9302,19198
17665,19199
19259,19200
2265,19201
1542,19202
1938,19203
23784,19204
1234,19205
2790,19206
5119,19207
4413,19208
12497,19209
21078,19210
23695,19211
21931,19212
17939,19213
22785,19214
18737,19215
23643,19216
18729,19217
18676,19218
16418,19219
4878,19220
22821,19221
513,19222
21208,19223
6262,19224
12523,19225
12474,19226
22790,19227
3600,19228
5726,19229
2557,19230
10495,19231
15906,19232
19399,19233
15106,19234
19400,19235
19401,19236
16611,19237
12291,19238
22584,19239
13551,19240
12761,19241
15093,19242
6358,19243
21732,19244
11128,19245
11968,19246
15850,19247
20005,19248
1743,19249
14509,19250
17721,19251
6133,19252
6870,19253
10321,19254
4242,19255
7655,19256
23680,19257
8664,19258
16894,19259
10060,19260
17771,19261
12494,19262
14867,19263
1935,19264
21114,19265
20285,19266
20365,19267
5610,19268
11089,19269
15560,19270
3492,19271
10403,19272
4199,19273
11694,19274
12486,19275
15148,19276
20586,19277
6927,19278
10376,19279
16639,19280
11490,19281
16180,19282
18970,19283
18170,19284
12422,19285
12774,19286
17313,19287
20076,19288
15890,19289
16640,19290
16308,19291
17377,19292
16313,19293
11122,19294
21354,19295
19295,19296
10438,19297
12710,19298
23932,19299
5699,19300
3575,19301
12775,19302
13212,19303
14801,19304
3548,19305
4257,19306
17695,19307
7450,19308
8258,19309
16563,19310
3262,19311
8437,19312
18598,19313
12759,19314
21852,19315
22585,19316
14340,19317
15105,19318
17351,19319
9077,19320
9622,19321
2827,19322
9647,19323
10464,19324
13866,19325
7072,19326
6389,19327
1407,19328
13785,19329
8044,19330
21508,19331
11000,19332
15459,19333
5180,19334
4645,19335
3767,19336
687,19337
13856,19338
10515,19339
11016,19340
1242,19341
1350,19342
18457,19343
15195,19344
19392,19345
21216,19346
16287,19347
22064,19348
10319,19349
11005,19350
23113,19351
22580,19352
23975,19353
17379,19354
3379,19355
1400,19356
18480,19357
3962,19358
1428,19359
18794,19360
20402,19361
4068,19362
3362,19363
3534,19364
20192,19365
17793,19366
22807,19367
4947,19368
510,19369
1231,19370
531,19371
5496,19372
16629,19373
20877,19374
17380,19375
18156,19376
5499,19377
23665,19378
2058,19379
4904,19380
6328,19381
4798,19382
4088,19383
23662,19384
6365,19385
19209,19386
5292,19387
24086,19388
13896,19389
21450,19390
6925,19391
20410,19392
526,19393
1245,19394
14160,19395
17800,19396
18599,19397
22804,19398
622,19399
12511,19400
7049,19401
23371,19402
4590,19403
24085,19404
11560,19405
13897,19406
22303,19407
10166,19408
13646,19409
7052,19410
6368,19411
7551,19412
7571,19413
14155,19414
7647,19415
13305,19416
8129,19417
14226,19418
11746,19419
10378,19420
18496,19421
15705,19422
15805,19423
16317,19424
22196,19425
3399,19426
23745,19427
3400,19428
22034,19429
3403,19430
3972,19431
4818,19432
5522,19433
21181,19434
21024,19435
564,19436
6224,19437
20378,19438
4123,19439
6337,19440
17300,19441
12674,19442
15564,19443
16320,19444
16513,19445
17070,19446
19682,19447
2001,19448
17267,19449
21307,19450
23584,19451
15768,19452
23587,19453
12645,19454
2722,19455
15006,19456
4110,19457
21309,19458
4111,19459
20481,19460
10896,19461
22160,19462
14016,19463
12638,19464
18626,19465
21291,19466
2574,19467
4825,19468
13444,19469
5523,19470
22164,19471
1134,19472
19684,19473
19431,19474
17254,19475
21881,19476
12635,19477
10902,19478
14220,19479
13428,19480
14215,19481
20806,19482
2576,19483
15751,19484
14992,19485
3417,19486
14993,19487
1142,19488
13427,19489
14219,19490
13423,19491
5525,19492
16516,19493
4691,19494
21298,19495
12436,19496
12604,19497
19439,19498
18036,19499
22746,19500
13393,19501
3985,19502
18038,19503
23819,19504
22950,19505
20807,19506
428,19507
19640,19508
15731,19509
22095,19510
18409,19511
5527,19512
23882,19513
5534,19514
23003,19515
10215,19516
21289,19517
2114,19518
11837,19519
558,19520
11852,19521
415,19522
14230,19523
13229,19524
18637,19525
17239,19526
1149,19527
22958,19528
18835,19529
23603,19530
23810,19531
17592,19532
23822,19533
10911,19534
12606,19535
13399,19536
16486,19537
12990,19538
4588,19539
22410,19540
6332,19541
17258,19542
16501,19543
7596,19544
22032,19545
21026,19546
20224,19547
17264,19548
416,19549
12642,19550
18639,19551
14205,19552
20233,19553
22976,19554
1858,19555
17244,19556
23599,19557
15740,19558
2579,19559
19650,19560
18845,19561
21241,19562
15333,19563
6093,19564
7598,19565
8233,19566
634,19567
4176,19568
17192,19569
10377,19570
7451,19571
14371,19572
12001,19573
8279,19574
19580,19575
22730,19576
21878,19577
7699,19578
8282,19579
12651,19580
10209,19581
14236,19582
17830,19583
21884,19584
18070,19585
2725,19586
18058,19587
1855,19588
22997,19589
23857,19590
21278,19591
16840,19592
1021,19593
3145,19594
8327,19595
6986,19596
7644,19597
8330,19598
20317,19599
8351,19600
12487,19601
19731,19602
4159,19603
20532,19604
1124,19605
18925,19606
11037,19607
20503,19608
3391,19609
4684,19610
18899,19611
8406,19612
18407,19613
308,19614
8844,19615
23021,19616
18630,19617
19660,19618
10904,19619
14991,19620
21032,19621
2112,19622
14988,19623
21295,19624
567,19625
18866,19626
418,19627
20470,19628
7697,19629
13422,19630
17590,19631
6681,19632
11510,19633
14423,19634
5251,19635
8847,19636
4252,19637
3544,19638
15747,19639
16839,19640
10110,19641
17528,19642
16243,19643
4957,19644
8849,19645
23005,19646
3543,19647
8860,19648
11806,19649
12599,19650
21240,19651
9047,19652
15052,19653
9065,19654
9529,19655
23010,19656
9550,19657
13632,19658
15384,19659
4495,19660
23716,19661
1306,19662
14912,19663
17957,19664
22777,19665
15672,19666
11669,19667
23635,19668
23796,19669
3358,19670
17908,19671
4044,19672
22692,19673
4649,19674
10645,19675
10996,19676
4773,19677
18702,19678
4812,19679
21184,19680
4895,19681
2776,19682
2857,19683
5482,19684
18706,19685
2053,19686
17159,19687
5553,19688
22881,19689
5653,19690
12372,19691
22672,19692
16271,19693
17193,19694
587,19695
23739,19696
12444,19697
14028,19698
17847,19699
19447,19700
14909,19701
12468,19702
20335,19703
14054,19704
16423,19705
21127,19706
4210,19707
21081,19708
21980,19709
20279,19710
4309,19711
3963,19712
5020,19713
14949,19714
19603,19715
21862,19716
19410,19717
22044,19718
6192,19719
6217,19720
22037,19721
23583,19722
6236,19723
1526,19724
374,19725
2895,19726
10880,19727
706,19728
3255,19729
2877,19730
22697,19731
22905,19732
4303,19733
15712,19734
17809,19735
13202,19736
2102,19737
4803,19738
5504,19739
11773,19740
723,19741
7736,19742
16937,19743
8252,19744
15708,19745
7568,19746
1385,19747
14009,19748
8296,19749
2104,19750
21860,19751
19409,19752
14100,19753
6277,19754
11721,19755
5570,19756
12513,19757
11098,19758
11696,19759
16403,19760
17155,19761
12488,19762
12700,19763
19298,19764
13491,19765
4109,19766
11862,19767
10207,19768
16523,19769
5518,19770
11863,19771
6910,19772
14242,19773
6768,19774
15773,19775
22170,19776
14238,19777
13778,19778
2467,19779
21522,19780
6815,19781
15016,19782
8417,19783
17051,19784
22802,19785
2780,19786
15706,19787
10359,19788
8971,19789
22897,19790
7591,19791
8275,19792
8346,19793
4868,19794
6295,19795
5571,19796
6981,19797
10418,19798
11104,19799
23027,19800
23888,19801
8980,19802
11032,19803
7693,19804
9008,19805
11060,19806
10490,19807
9041,19808
16618,19809
16940,19810
22242,19811
15111,19812
23449,19813
5668,19814
11035,19815
22040,19816
8261,19817
21187,19818
3406,19819
20219,19820
15765,19821
6772,19822
16517,19823
14020,19824
12608,19825
14021,19826
17836,19827
18837,19828
20441,19829
10225,19830
22106,19831
22962,19832
11802,19833
12988,19834
2582,19835
23820,19836
21249,19837
8151,19838
23824,19839
21253,19840
14181,19841
9083,19842
9525,19843
22167,19844
22156,19845
414,19846
21301,19847
12432,19848
16323,19849
15743,19850
10905,19851
17249,19852
11832,19853
18050,19854
23598,19855
23846,19856
6776,19857
18848,19858
18049,19859
23844,19860
8147,19861
19654,19862
20453,19863
9667,19864
22194,19865
1842,19866
23917,19867
9680,19868
8997,19869
13443,19870
1848,19871
15010,19872
14808,19873
15756,19874
19433,19875
2004,19876
22148,19877
2573,19878
23867,19879
23007,19880
3275,19881
14223,19882
11845,19883
17252,19884
12196,19885
3545,19886
1850,19887
19673,19888
20472,19889
5290,19890
11511,19891
23997,19892
13040,19893
24119,19894
11554,19895
13431,19896
9691,19897
11173,19898
16922,19899
7092,19900
6408,19901
13563,19902
20879,19903
14353,19904
11984,19905
11981,19906
16836,19907
1030,19908
455,19909
11137,19910
22582,19911
9693,19912
14344,19913
16187,19914
19284,19915
14345,19916
13555,19917
22583,19918
3550,19919
2699,19920
13472,19921
2564,19922
18100,19923
20504,19924
20499,19925
24238,19926
10114,19927
15286,19928
12428,19929
19315,19930
10723,19931
8402,19932
7721,19933
18123,19934
541,19935
15028,19936
7578,19937
17285,19938
2565,19939
15785,19940
19702,19941
22187,19942
22514,19943
306,19944
19953,19945
11533,19946
8403,19947
15109,19948
675,19949
880,19950
21700,19951
8984,19952
21336,19953
9657,19954
23915,19955
5386,19956
22192,19957
13471,19958
21331,19959
9729,19960
17309,19961
17696,19962
16559,19963
10361,19964
1983,19965
15020,19966
21324,19967
4688,19968
22178,19969
21323,19970
19691,19971
12985,19972
8993,19973
14248,19974
3270,19975
15777,19976
18890,19977
18887,19978
12191,19979
10798,19980
13912,19981
17463,19982
21696,19983
9523,19984
23040,19985
23902,19986
20490,19987
9758,19988
5663,19989
9763,19990
14285,19991
2702,19992
19584,19993
2706,19994
20383,19995
22725,19996
9681,19997
15761,19998
5394,19999
15002,20000
16325,20001
18046,20002
22740,20003
22977,20004
23606,20005
22123,20006
6092,20007
23842,20008
11828,20009
6778,20010
8855,20011
22979,20012
22120,20013
13388,20014
21660,20015
1022,20016
16953,20017
19130,20018
23499,20019
2369,20020
12247,20021
23839,20022
9978,20023
21717,20024
9295,20025
11347,20026
9979,20027
16160,20028
11348,20029
6540,20030
6536,20031
998,20032
23272,20033
17798,20034
24134,20035
13671,20036
12873,20037
2591,20038
12045,20039
10171,20040
20621,20041
1907,20042
19630,20043
10015,20044
2074,20045
21817,20046
2073,20047
4034,20048
2794,20049
17113,20050
4533,20051
12211,20052
665,20053
7354,20054
3874,20055
10228,20056
22320,20057
7412,20058
19849,20059
20653,20060
10270,20061
14740,20062
15978,20063
17007,20064
17767,20065
18562,20066
20161,20067
21811,20068
4058,20069
4127,20070
499,20071
6854,20072
7516,20073
8196,20074
8907,20075
9685,20076
10369,20077
11053,20078
16467,20079
17218,20080
12414,20081
11620,20082
19413,20083
19749,20084
19290,20085
18943,20086
18142,20087
20528,20088
18419,20089
22720,20090
23097,20091
3872,20092
3968,20093
5675,20094
23452,20095
3557,20096
4266,20097
19727,20098
20819,20099
3163,20100
12102,20101
12897,20102
17725,20103
22353,20104
13668,20105
2364,20106
7419,20107
15962,20108
18826,20109
14756,20110
21819,20111
2647,20112
17030,20113
3502,20114
4208,20115
4209,20116
19482,20117
20401,20118
4746,20119
2795,20120
20280,20121
21204,20122
15547,20123
12412,20124
15840,20125
21739,20126
15083,20127
21865,20128
22243,20129
18487,20130
21388,20131
23577,20132
23967,20133
20529,20134
7712,20135
19289,20136
7035,20137
6351,20138
18922,20139
21672,20140
8932,20141
3501,20142
16361,20143
1386,20144
21866,20145
13206,20146
13207,20147
14317,20148
16586,20149
17689,20150
15082,20151
15839,20152
20088,20153
15836,20154
15079,20155
20210,20156
22217,20157
5968,20158
8392,20159
22595,20160
6350,20161
7034,20162
15063,20163
966,20164
16100,20165
10090,20166
10774,20167
13095,20168
1674,20169
9479,20170
22312,20171
24031,20172
16257,20173
10371,20174
11055,20175
16268,20176
18237,20177
15512,20178
13248,20179
14040,20180
18560,20181
20157,20182
12457,20183
3326,20184
3419,20185
5470,20186
8112,20187
5769,20188
8963,20189
18805,20190
9004,20191
4662,20192
10330,20193
22917,20194
11606,20195
12400,20196
13542,20197
12293,20198
15097,20199
1256,20200
21348,20201
3644,20202
3368,20203
4241,20204
4806,20205
18909,20206
5484,20207
19607,20208
17047,20209
14780,20210
4977,20211
13086,20212
12751,20213
1255,20214
16550,20215
16193,20216
15043,20217
14278,20218
1974,20219
18108,20220
23923,20221
19217,20222
5507,20223
11906,20224
16946,20225
5662,20226
18109,20227
11897,20228
6079,20229
20516,20230
21349,20231
18904,20232
6894,20233
14277,20234
14679,20235
15799,20236
15042,20237
7453,20238
19714,20239
22204,20240
12688,20241
8134,20242
9980,20243
2941,20244
10999,20245
3482,20246
6175,20247
4189,20248
4171,20249
9982,20250
812,20251
23341,20252
21690,20253
22371,20254
13903,20255
14441,20256
15575,20257
13629,20258
12261,20259
17655,20260
19008,20261
18209,20262
11362,20263
13184,20264
18194,20265
20852,20266
12836,20267
12043,20268
370,20269
2325,20270
22548,20271
3107,20272
11542,20273
14875,20274
2321,20275
17750,20276
17140,20277
4445,20278
11465,20279
20047,20280
22550,20281
21423,20282
20608,20283
10018,20284
10299,20285
10301,20286
12358,20287
12361,20288
12362,20289
13949,20290
1501,20291
15131,20292
16250,20293
17749,20294
19351,20295
1513,20296
19353,20297
11313,20298
4448,20299
469,20300
470,20301
4757,20302
5074,20303
5154,20304
11566,20305
11570,20306
1191,20307
13155,20308
15944,20309
18549,20310
18554,20311
23984,20312
3322,20313
2236,20314
3661,20315
3725,20316
10985,20317
10987,20318
1207,20319
1508,20320
3342,20321
10595,20322
4047,20323
1496,20324
4369,20325
10857,20326
2225,20327
2947,20328
4742,20329
11279,20330
4755,20331
482,20332
2237,20333
5362,20334
1493,20335
5426,20336
5454,20337
5457,20338
10612,20339
5786,20340
5844,20341
3048,20342
6154,20343
1512,20344
6166,20345
18994,20346
6498,20347
6511,20348
6971,20349
5794,20350
6049,20351
7183,20352
7192,20353
1816,20354
7196,20355
2537,20356
7233,20357
11599,20358
7259,20359
10021,20360
2276,20361
7524,20362
2240,20363
16161,20364
7543,20365
17435,20366
6750,20367
18195,20368
18995,20369
773,20370
776,20371
10860,20372
7787,20373
16064,20374
17640,20375
16784,20376
10936,20377
5153,20378
5464,20379
781,20380
16918,20381
10607,20382
11292,20383
763,20384
14538,20385
19240,20386
17540,20387
6800,20388
7872,20389
3950,20390
788,20391
2536,20392
18998,20393
18198,20394
764,20395
12954,20396
19239,20397
8479,20398
13855,20399
7798,20400
8555,20401
6507,20402
10581,20403
8559,20404
7876,20405
11264,20406
15309,20407
5320,20408
8573,20409
8590,20410
14645,20411
8806,20412
792,20413
5792,20414
1482,20415
15307,20416
8827,20417
7121,20418
7799,20419
887,20420
1607,20421
10704,20422
10968,20423
10980,20424
10983,20425
11563,20426
1190,20427
12833,20428
13152,20429
13156,20430
17000,20431
1518,20432
18548,20433
11318,20434
20149,20435
20151,20436
2231,20437
2953,20438
1098,20439
1507,20440
3659,20441
4382,20442
491,20443
2227,20444
2539,20445
15187,20446
5780,20447
6825,20448
12040,20449
6839,20450
6847,20451
5077,20452
6051,20453
4368,20454
3660,20455
10580,20456
7885,20457
798,20458
18468,20459
5796,20460
5094,20461
2928,20462
8554,20463
2929,20464
13748,20465
20036,20466
22428,20467
11569,20468
4003,20469
3072,20470
8807,20471
8918,20472
8921,20473
7890,20474
6048,20475
797,20476
1517,20477
2206,20478
8697,20479
8925,20480
17450,20481
2534,20482
15191,20483
15948,20484
1484,20485
912,20486
9235,20487
8810,20488
4364,20489
9273,20490
9335,20491
8920,20492
16387,20493
4169,20494
7151,20495
10184,20496
6467,20497
8510,20498
8468,20499
21627,20500
2500,20501
1203,20502
2640,20503
3729,20504
16155,20505
18203,20506
18459,20507
10660,20508
19551,20509
20148,20510
12498,20511
4437,20512
11365,20513
11595,20514
13291,20515
4043,20516
12496,20517
1333,20518
11180,20519
1120,20520
5091,20521
5823,20522
22690,20523
11701,20524
5101,20525
10991,20526
23678,20527
20286,20528
7421,20529
5793,20530
3674,20531
3647,20532
7886,20533
377,20534
8206,20535
10633,20536
16915,20537
7210,20538
6526,20539
9491,20540
7863,20541
8546,20542
11263,20543
9617,20544
4367,20545
8809,20546
9807,20547
5374,20548
9127,20549
11165,20550
7753,20551
19983,20552
1062,20553
3337,20554
486,20555
5084,20556
1813,20557
4375,20558
9253,20559
1814,20560
11302,20561
10617,20562
9607,20563
8568,20564
1811,20565
6521,20566
7205,20567
9843,20568
6425,20569
17569,20570
4621,20571
17535,20572
14749,20573
6437,20574
7495,20575
3740,20576
14637,20577
7275,20578
6495,20579
9902,20580
13749,20581
3912,20582
16790,20583
17003,20584
7484,20585
20618,20586
15387,20587
3781,20588
4911,20589
9921,20590
7425,20591
10601,20592
11286,20593
1483,20594
12158,20595
3913,20596
14492,20597
13920,20598
1631,20599
21695,20600
2350,20601
5442,20602
8360,20603
2036,20604
21994,20605
21067,20606
17227,20607
21919,20608
14961,20609
15508,20610
17014,20611
6851,20612
8935,20613
8218,20614
7859,20615
9931,20616
9946,20617
9263,20618
4357,20619
21626,20620
4617,20621
24159,20622
21805,20623
22629,20624
15208,20625
13037,20626
21436,20627
20326,20628
22763,20629
18750,20630
18658,20631
17226,20632
4153,20633
14960,20634
7539,20635
9948,20636
9488,20637
9265,20638
2959,20639
9949,20640
8104,20641
2960,20642
9952,20643
9269,20644
7170,20645
14540,20646
1778,20647
19158,20648
19350,20649
21765,20650
13638,20651
20842,20652
20624,20653
17168,20654
2755,20655
18748,20656
2963,20657
3446,20658
12578,20659
5459,20660
17759,20661
6945,20662
16475,20663
8542,20664
3243,20665
9618,20666
6167,20667
9915,20668
9233,20669
3496,20670
12476,20671
12477,20672
11728,20673
10396,20674
12478,20675
12520,20676
11082,20677
12815,20678
13316,20679
14851,20680
15610,20681
15612,20682
16364,20683
16410,20684
10400,20685
15656,20686
11086,20687
17119,20688
17125,20689
10489,20690
10202,20691
11172,20692
17163,20693
14068,20694
14897,20695
13275,20696
17924,20697
18183,20698
19484,20699
17164,20700
11689,20701
16412,20702
12481,20703
13274,20704
21411,20705
21974,20706
4942,20707
3414,20708
20223,20709
12555,20710
17832,20711
18632,20712
14212,20713
5612,20714
11692,20715
6264,20716
21121,20717
6305,20718
10401,20719
11087,20720
2865,20721
6306,20722
15615,20723
11120,20724
14066,20725
10485,20726
14855,20727
15160,20728
15416,20729
694,20730
12272,20731
1416,20732
6949,20733
14109,20734
6950,20735
7010,20736
5532,20737
563,20738
21177,20739
21886,20740
21034,20741
12626,20742
6294,20743
7631,20744
7632,20745
13599,20746
7633,20747
11169,20748
7661,20749
8315,20750
14388,20751
16170,20752
12019,20753
11713,20754
13284,20755
15643,20756
4124,20757
19430,20758
23850,20759
8317,20760
18722,20761
7634,20762
7769,20763
9035,20764
18983,20765
9069,20766
7638,20767
9132,20768
7448,20769
10486,20770
17209,20771
19424,20772
11715,20773
21874,20774
17979,20775
1287,20776
568,20777
23848,20778
9136,20779
9517,20780
19788,20781
4237,20782
4830,20783
4122,20784
18777,20785
15568,20786
13225,20787
20455,20788
2578,20789
18851,20790
17241,20791
11817,20792
11797,20793
7323,20794
10842,20795
22366,20796
8890,20797
19802,20798
9061,20799
9714,20800
7091,20801
14653,20802
9716,20803
23986,20804
11479,20805
23125,20806
2100,20807
20222,20808
12507,20809
17823,20810
11762,20811
18633,20812
17833,20813
22989,20814
1856,20815
23849,20816
17242,20817
16491,20818
14177,20819
22464,20820
6282,20821
10424,20822
4870,20823
6968,20824
11110,20825
8791,20826
18297,20827
6809,20828
3711,20829
9060,20830
5573,20831
9058,20832
9751,20833
9037,20834
3590,20835
9719,20836
5715,20837
8834,20838
5011,20839
13353,20840
6917,20841
6232,20842
13351,20843
20232,20844
19435,20845
21276,20846
6980,20847
9051,20848
11111,20849
7651,20850
9535,20851
22990,20852
14195,20853
21255,20854
22947,20855
17556,20856
12238,20857
19891,20858
1888,20859
7242,20860
9733,20861
10425,20862
9743,20863
8334,20864
19518,20865
2044,20866
14091,20867
2765,20868
13298,20869
3457,20870
12503,20871
4164,20872
11711,20873
9810,20874
14093,20875
15626,20876
14883,20877
14866,20878
17148,20879
16378,20880
17130,20881
20226,20882
19429,20883
11833,20884
21178,20885
23742,20886
21880,20887
21028,20888
23832,20889
8853,20890
19656,20891
12610,20892
13403,20893
12590,20894
16804,20895
10158,20896
16768,20897
7498,20898
3014,20899
9812,20900
14941,20901
4121,20902
19425,20903
23740,20904
17076,20905
14809,20906
18850,20907
4900,20908
8335,20909
11109,20910
6969,20911
7652,20912
10423,20913
9741,20914
6283,20915
16395,20916
9816,20917
7446,20918
10491,20919
18779,20920
4828,20921
18622,20922
22883,20923
23597,20924
22738,20925
21275,20926
9742,20927
3455,20928
8344,20929
4162,20930
6293,20931
9734,20932
6979,20933
9052,20934
12504,20935
10419,20936
17147,20937
11105,20938
14882,20939
607,20940
15642,20941
1327,20942
17146,20943
4872,20944
16394,20945
11106,20946
20377,20947
9053,20948
19579,20949
17834,20950
20234,20951
22972,20952
425,20953
12614,20954
23807,20955
21237,20956
19633,20957
15293,20958
11444,20959
16009,20960
10943,20961
854,20962
9956,20963
19270,20964
2965,20965
9976,20966
2089,20967
2529,20968
5558,20969
4225,20970
17856,20971
18654,20972
14166,20973
21227,20974
6852,20975
17016,20976
11581,20977
11202,20978
13062,20979
2173,20980
21840,20981
17388,20982
15428,20983
11990,20984
12782,20985
3376,20986
15889,20987
12283,20988
15132,20989
17391,20990
4276,20991
5493,20992
15888,20993
15427,20994
19774,20995
20574,20996
3567,20997
5689,20998
6648,20999
20038,21000
23284,21001
17005,21002
13571,21003
20127,21004
5177,21005
20844,21006
5878,21007
5141,21008
22828,21009
12473,21010
16666,21011
16171,21012
18692,21013
17894,21014
22796,21015
14144,21016
21033,21017
21885,21018
20454,21019
423,21020
19655,21021
16490,21022
12609,21023
18030,21024
14527,21025
5396,21026
18051,21027
23826,21028
18039,21029
18829,21030
12147,21031
624,21032
22884,21033
18627,21034
17827,21035
22130,21036
1144,21037
13420,21038
15735,21039
14976,21040
20434,21041
13737,21042
3276,21043
22988,21044
22110,21045
22966,21046
22948,21047
12942,21048
6033,21049
19889,21050
7406,21051
17551,21052
454,21053
5121,21054
8089,21055
22360,21056
6125,21057
852,21058
9473,21059
22368,21060
9572,21061
1573,21062
9574,21063
21418,21064
9962,21065
20064,21066
12029,21067
10643,21068
398,21069
2880,21070
1119,21071
10484,21072
13613,21073
3257,21074
4307,21075
2688,21076
23666,21077
4792,21078
22808,21079
5589,21080
6385,21081
5378,21082
7041,21083
13878,21084
16606,21085
17357,21086
7068,21087
7555,21088
20304,21089
7746,21090
11136,21091
22718,21092
21947,21093
6203,21094
22800,21095
21090,21096
16551,21097
1841,21098
17301,21099
8459,21100
20191,21101
18696,21102
7756,21103
5502,21104
17898,21105
21941,21106
20555,21107
20887,21108
9129,21109
17797,21110
4990,21111
14788,21112
4892,21113
5595,21114
22795,21115
4964,21116
9293,21117
2661,21118
23677,21119
5774,21120
4780,21121
17133,21122
4880,21123
5700,21124
9840,21125
7566,21126
21104,21127
21087,21128
9983,21129
9984,21130
11339,21131
16848,21132
3169,21133
16769,21134
13650,21135
14696,21136
17642,21137
3745,21138
3813,21139
884,21140
11464,21141
18450,21142
19012,21143
18213,21144
11390,21145
11561,21146
1211,21147
13941,21148
13944,21149
14733,21150
11321,21151
17004,21152
17447,21153
19354,21154
10624,21155
20948,21156
2247,21157
23408,21158
23512,21159
2643,21160
2969,21161
3051,21162
2328,21163
12360,21164
14737,21165
16246,21166
11324,21167
19349,21168
20150,21169
20950,21170
1516,21171
20954,21172
22655,21173
2958,21174
3323,21175
3574,21176
4028,21177
2235,21178
4387,21179
5081,21180
6140,21181
6509,21182
7199,21183
20067,21184
10620,21185
11305,21186
2934,21187
14577,21188
7203,21189
7208,21190
7216,21191
7359,21192
23290,21193
12359,21194
438,21195
5886,21196
16146,21197
3772,21198
19528,21199
1316,21200
17951,21201
23623,21202
11789,21203
597,21204
19629,21205
20159,21206
7963,21207
800,21208
8195,21209
10608,21210
8623,21211
8208,21212
20599,21213
15409,21214
18201,21215
19001,21216
8647,21217
16251,21218
16999,21219
19352,21220
20147,21221
20152,21222
13627,21223
20153,21224
2228,21225
2624,21226
2968,21227
3726,21228
10286,21229
10298,21230
1924,21231
1504,21232
1815,21233
5088,21234
784,21235
11300,21236
7868,21237
8536,21238
13788,21239
8551,21240
2540,21241
6503,21242
7188,21243
8576,21244
8919,21245
9224,21246
9267,21247
9272,21248
3944,21249
9275,21250
9355,21251
9489,21252
7194,21253
7874,21254
9614,21255
11293,21256
3242,21257
9616,21258
2223,21259
9906,21260
9923,21261
6737,21262
2945,21263
8547,21264
11269,21265
9940,21266
9950,21267
9487,21268
8571,21269
7888,21270
9908,21271
12996,21272
10101,21273
19157,21274
13118,21275
3790,21276
20041,21277
7982,21278
2072,21279
4854,21280
656,21281
1308,21282
11788,21283
589,21284
23799,21285
3345,21286
9955,21287
4385,21288
10588,21289
12203,21290
9985,21291
5348,21292
822,21293
13981,21294
1541,21295
17036,21296
17220,21297
18811,21298
23670,21299
2670,21300
3364,21301
4080,21302
19390,21303
21207,21304
512,21305
13369,21306
5481,21307
2826,21308
17049,21309
16296,21310
21098,21311
5500,21312
532,21313
21951,21314
1342,21315
19519,21316
10413,21317
15647,21318
11099,21319
17152,21320
1323,21321
13497,21322
603,21323
14287,21324
20094,21325
6187,21326
6865,21327
10311,21328
5597,21329
5587,21330
14923,21331
14660,21332
15902,21333
19785,21334
6872,21335
15713,21336
7557,21337
9010,21338
2729,21339
7045,21340
15433,21341
15865,21342
15108,21343
18618,21344
11884,21345
18924,21346
19285,21347
16614,21348
17365,21349
1978,21350
17284,21351
1129,21352
16534,21353
15784,21354
20531,21355
10354,21356
13469,21357
23440,21358
15866,21359
16616,21360
16571,21361
5506,21362
12676,21363
4685,21364
14260,21365
21335,21366
19699,21367
22493,21368
3900,21369
8271,21370
15029,21371
8974,21372
15786,21373
3973,21374
17286,21375
16536,21376
14256,21377
9637,21378
16469,21379
3382,21380
20193,21381
21101,21382
9638,21383
1948,21384
14954,21385
17794,21386
23551,21387
21954,21388
1341,21389
7668,21390
10410,21391
9748,21392
11096,21393
11117,21394
9045,21395
6344,21396
9727,21397
7028,21398
4678,21399
4966,21400
11038,21401
1260,21402
14262,21403
20501,21404
1843,21405
18897,21406
12677,21407
13465,21408
3266,21409
14261,21410
13470,21411
12672,21412
24217,21413
1765,21414
7587,21415
19704,21416
407,21417
21337,21418
23916,21419
9986,21420
16866,21421
11442,21422
9987,21423
18423,21424
5277,21425
14750,21426
16022,21427
21782,21428
6329,21429
9989,21430
13810,21431
999,21432
22609,21433
23315,21434
5430,21435
14265,21436
9366,21437
19250,21438
10736,21439
3490,21440
13582,21441
10683,21442
1250,21443
13071,21444
15903,21445
15145,21446
17900,21447
19394,21448
23557,21449
3381,21450
18698,21451
2779,21452
3478,21453
4185,21454
23652,21455
15648,21456
14864,21457
16401,21458
17128,21459
11719,21460
16376,21461
12707,21462
18680,21463
13498,21464
18495,21465
14288,21466
547,21467
11871,21468
18498,21469
6243,21470
11062,21471
15867,21472
15432,21473
16186,21474
11975,21475
12766,21476
18483,21477
15110,21478
6343,21479
10351,21480
23919,21481
6908,21482
22180,21483
1845,21484
20494,21485
20493,21486
23037,21487
7577,21488
23057,21489
6082,21490
21339,21491
16537,21492
12673,21493
20017,21494
6667,21495
7722,21496
1396,21497
10352,21498
12679,21499
1128,21500
11887,21501
14263,21502
23911,21503
18418,21504
8033,21505
14516,21506
10341,21507
12320,21508
11409,21509
8278,21510
12665,21511
2567,21512
23903,21513
23041,21514
18888,21515
23387,21516
9749,21517
11095,21518
10431,21519
10409,21520
5607,21521
6275,21522
12719,21523
6961,21524
13510,21525
2560,21526
11928,21527
11036,21528
11889,21529
10205,21530
1258,21531
21340,21532
23056,21533
22195,21534
13466,21535
24251,21536
7456,21537
17287,21538
9666,21539
13474,21540
6767,21541
9771,21542
9091,21543
13220,21544
18900,21545
4259,21546
4099,21547
19705,21548
21749,21549
20505,21550
9990,21551
4559,21552
2515,21553
23221,21554
16764,21555
17758,21556
11734,21557
18675,21558
22832,21559
17877,21560
17933,21561
19480,21562
20278,21563
23726,21564
12393,21565
11601,21566
10521,21567
10878,21568
10514,21569
11204,21570
14024,21571
21162,21572
4723,21573
5061,21574
5765,21575
1108,21576
5828,21577
17659,21578
4420,21579
6252,21580
6479,21581
6937,21582
10008,21583
7101,21584
13191,21585
19764,21586
23435,21587
6199,21588
5686,21589
13873,21590
1402,21591
2127,21592
7570,21593
3565,21594
15430,21595
7621,21596
17454,21597
7926,21598
8896,21599
10012,21600
19257,21601
10697,21602
9100,21603
2850,21604
11134,21605
15297,21606
10832,21607
24092,21608
8184,21609
9149,21610
11483,21611
12150,21612
13863,21613
16927,21614
15912,21615
6401,21616
11160,21617
11612,21618
13993,21619
11930,21620
19406,21621
15823,21622
20569,21623
13213,21624
15557,21625
19732,21626
19735,21627
11508,21628
20536,21629
18128,21630
22711,21631
22221,21632
1838,21633
20533,21634
18124,21635
15816,21636
23950,21637
7400,21638
2422,21639
8689,21640
9119,21641
9307,21642
5259,21643
6028,21644
14467,21645
16802,21646
16329,21647
10706,21648
13053,21649
17459,21650
16708,21651
10677,21652
12391,21653
21703,21654
23413,21655
11391,21656
2617,21657
3712,21658
4710,21659
15801,21660
14664,21661
17673,21662
19286,21663
2556,21664
3945,21665
11312,21666
404,21667
21356,21668
22211,21669
4256,21670
4312,21671
4978,21672
5023,21673
5015,21674
19973,21675
1083,21676
18312,21677
21999,21678
4753,21679
484,21680
5681,21681
15091,21682
23329,21683
5785,21684
3240,21685
5083,21686
1506,21687
5842,21688
17762,21689
3029,21690
15528,21691
10517,21692
5958,21693
10835,21694
17760,21695
11278,21696
23242,21697
4220,21698
23629,21699
3513,21700
17865,21701
18663,21702
14958,21703
20425,21704
494,21705
5461,21706
2216,21707
1104,21708
1492,21709
6574,21710
6739,21711
7061,21712
6377,21713
15882,21714
21615,21715
2520,21716
23236,21717
3338,21718
4932,21719
5082,21720
4657,21721
5458,21722
6505,21723
17670,21724
7120,21725
6751,21726
11200,21727
7258,21728
17017,21729
7534,21730
10606,21731
7424,21732
6502,21733
7187,21734
7540,21735
760,21736
23327,21737
1084,21738
17539,21739
7848,21740
7913,21741
17033,21742
11201,21743
8220,21744
8480,21745
9126,21746
9161,21747
717,21748
9162,21749
8123,21750
10518,21751
1446,21752
1439,21753
22465,21754
9163,21755
9232,21756
9234,21757
2541,21758
9262,21759
9217,21760
18375,21761
10150,21762
13129,21763
16388,21764
23240,21765
17752,21766
18711,21767
18746,21768
15397,21769
10713,21770
19254,21771
17453,21772
20860,21773
2260,21774
2639,21775
4381,21776
16163,21777
3673,21778
18202,21779
10578,21780
18374,21781
480,21782
11317,21783
4877,21784
10627,21785
6558,21786
5803,21787
6842,21788
15947,21789
3236,21790
15190,21791
7402,21792
20750,21793
19320,21794
20623,21795
15383,21796
15966,21797
20952,21798
3498,21799
4154,21800
17948,21801
19465,21802
17224,21803
20263,21804
11783,21805
20958,21806
7420,21807
8567,21808
9268,21809
9325,21810
13058,21811
17658,21812
7928,21813
11378,21814
2993,21815
827,21816
11643,21817
11645,21818
12438,21819
14023,21820
14935,21821
16326,21822
16452,21823
17975,21824
19576,21825
20241,21826
21045,21827
15696,21828
22748,21829
21176,21830
2821,21831
2972,21832
4236,21833
8581,21834
16703,21835
13232,21836
14814,21837
11793,21838
3232,21839
4401,21840
2270,21841
6534,21842
17205,21843
14815,21844
806,21845
22752,21846
16482,21847
9342,21848
4046,21849
21968,21850
6550,21851
11596,21852
22823,21853
16379,21854
9357,21855
21804,21856
17139,21857
2049,21858
12828,21859
10186,21860
13620,21861
14409,21862
11188,21863
19176,21864
8622,21865
9466,21866
1917,21867
19801,21868
16917,21869
4380,21870
3672,21871
6844,21872
7528,21873
7204,21874
5355,21875
6520,21876
11311,21877
1481,21878
22469,21879
1798,21880
761,21881
19972,21882
2521,21883
8564,21884
5357,21885
8924,21886
9258,21887
9467,21888
14746,21889
11290,21890
17013,21891
18558,21892
1495,21893
24095,21894
21141,21895
7862,21896
10175,21897
4366,21898
3658,21899
10576,21900
8808,21901
779,21902
1499,21903
7168,21904
4557,21905
9469,21906
12909,21907
10928,21908
18553,21909
10605,21910
7287,21911
9492,21912
775,21913
11281,21914
11259,21915
20769,21916
8086,21917
12903,21918
19357,21919
950,21920
10165,21921
18255,21922
19055,21923
1901,21924
3042,21925
10300,21926
4025,21927
493,21928
6501,21929
7186,21930
7861,21931
8096,21932
20649,21933
19851,21934
19332,21935
2320,21936
10297,21937
2229,21938
4373,21939
1100,21940
2951,21941
492,21942
5436,21943
6504,21944
785,21945
10575,21946
21611,21947
8544,21948
15410,21949
6496,21950
8552,21951
3951,21952
7869,21953
4371,21954
2924,21955
24187,21956
10155,21957
9480,21958
22313,21959
19850,21960
8640,21961
10986,21962
1213,21963
11294,21964
4659,21965
10609,21966
7189,21967
9242,21968
10174,21969
11289,21970
10604,21971
2202,21972
18371,21973
10839,21974
12908,21975
1165,21976
17466,21977
13838,21978
3319,21979
7288,21980
8478,21981
9490,21982
8549,21983
7866,21984
9509,21985
9554,21986
2378,21987
9560,21988
915,21989
22545,21990
5882,21991
5614,21992
2029,21993
21149,21994
3442,21995
17223,21996
4150,21997
14957,21998
4764,21999
9565,22000
5876,22001
19248,22002
1627,22003
5615,22004
19469,22005
2649,22006
1927,22007
10593,22008
2803,22009
17867,22010
15718,22011
20267,22012
16474,22013
13160,22014
8222,22015
6168,22016
9576,22017
20474,22018
1138,22019
22152,22020
9611,22021
11307,22022
4655,22023
17448,22024
16697,22025
9774,22026
13740,22027
3222,22028
12305,22029
23230,22030
8681,22031
13825,22032
8897,22033
681,22034
9780,22035
9799,22036
11613,22037
19769,22038
15556,22039
16310,22040
18126,22041
21006,22042
21370,22043
21859,22044
12720,22045
23081,22046
23569,22047
23943,22048
23946,22049
403,22050
22220,22051
7452,22052
18927,22053
19733,22054
12713,22055
17562,22056
9803,22057
13200,22058
13991,22059
18604,22060
18929,22061
20201,22062
18936,22063
20539,22064
21367,22065
23120,22066
11628,22067
16306,22068
19738,22069
11507,22070
23945,22071
23457,22072
23083,22073
18926,22074
7705,22075
14532,22076
6709,22077
21565,22078
447,22079
3049,22080
13050,22081
2326,22082
13966,22083
15502,22084
18726,22085
22645,22086
17849,22087
5537,22088
7014,22089
12368,22090
12369,22091
11577,22092
13158,22093
13173,22094
13956,22095
11576,22096
14768,22097
19530,22098
19531,22099
17880,22100
20328,22101
14059,22102
20397,22103
21814,22104
23764,22105
12421,22106
11627,22107
16309,22108
14301,22109
19418,22110
22600,22111
13511,22112
23082,22113
21747,22114
23086,22115
12300,22116
23944,22117
21366,22118
23948,22119
21369,22120
13504,22121
12152,22122
6855,22123
14042,22124
7514,22125
17098,22126
7429,22127
757,22128
6877,22129
20405,22130
8388,22131
8911,22132
17928,22133
18678,22134
14158,22135
19417,22136
14005,22137
14794,22138
18614,22139
18135,22140
23088,22141
12299,22142
22227,22143
21372,22144
23949,22145
13886,22146
17323,22147
15066,22148
16567,22149
15299,22150
9591,22151
4836,22152
387,22153
3369,22154
3533,22155
13987,22156
13194,22157
16603,22158
20884,22159
18149,22160
10343,22161
12693,22162
6895,22163
21346,22164
16195,22165
15795,22166
15038,22167
13478,22168
16808,22169
7580,22170
16544,22171
15442,22172
8135,22173
17297,22174
16547,22175
9806,22176
9112,22177
20772,22178
1797,22179
10295,22180
2983,22181
20183,22182
22820,22183
3231,22184
11328,22185
19268,22186
10525,22187
3340,22188
3688,22189
1491,22190
11011,22191
14868,22192
2662,22193
15628,22194
1336,22195
399,22196
4223,22197
4313,22198
2555,22199
11166,22200
3603,22201
19393,22202
20299,22203
4672,22204
15136,22205
20074,22206
17396,22207
16644,22208
11985,22209
21015,22210
23658,22211
5455,22212
2952,22213
5359,22214
2230,22215
6515,22216
3947,22217
6532,22218
11198,22219
3361,22220
21957,22221
6196,22222
22810,22223
4885,22224
11988,22225
11496,22226
12779,22227
10455,22228
7079,22229
18596,22230
19501,22231
22794,22232
16593,22233
13089,22234
7088,22235
21847,22236
3570,22237
22717,22238
2065,22239
4184,22240
1343,22241
20523,22242
7573,22243
628,22244
2059,22245
13489,22246
15440,22247
14279,22248
11907,22249
18902,22250
8563,22251
7880,22252
9169,22253
4083,22254
2067,22255
5017,22256
2689,22257
2788,22258
4178,22259
7040,22260
9247,22261
10173,22262
9623,22263
21965,22264
19488,22265
11164,22266
9844,22267
10519,22268
10505,22269
9895,22270
4075,22271
23775,22272
5486,22273
18005,22274
5501,22275
17796,22276
13540,22277
20085,22278
9896,22279
22466,22280
6715,22281
21572,22282
4735,22283
5418,22284
4475,22285
23404,22286
21427,22287
2896,22288
9246,22289
9898,22290
9912,22291
9914,22292
9924,22293
9929,22294
10610,22295
11260,22296
20770,22297
8085,22298
9934,22299
9216,22300
19971,22301
6030,22302
13710,22303
13154,22304
16226,22305
5887,22306
6046,22307
1639,22308
7675,22309
18657,22310
3516,22311
17859,22312
19625,22313
23619,22314
15716,22315
5466,22316
9941,22317
9945,22318
4653,22319
12835,22320
13628,22321
2927,22322
24190,22323
8786,22324
19950,22325
14705,22326
928,22327
13041,22328
19819,22329
1928,22330
2650,22331
11277,22332
385,22333
6307,22334
1315,22335
21146,22336
22764,22337
14165,22338
23622,22339
20424,22340
4054,22341
3348,22342
18561,22343
20173,22344
724,22345
7440,22346
6436,22347
1247,22348
11991,22349
20077,22350
3377,22351
22260,22352
16936,22353
23121,22354
23983,22355
17383,22356
20768,22357
1800,22358
24139,22359
3302,22360
3068,22361
11458,22362
4030,22363
4468,22364
5140,22365
15662,22366
5494,22367
6376,22368
13870,22369
7060,22370
7738,22371
18161,22372
9913,22373
9231,22374
8358,22375
11683,22376
11685,22377
11730,22378
13270,22379
14064,22380
14848,22381
12017,22382
14896,22383
15417,22384
15613,22385
12519,22386
14067,22387
11727,22388
16366,22389
16367,22390
15657,22391
17117,22392
18721,22393
16373,22394
17923,22395
14859,22396
15161,22397
15619,22398
15918,22399
19527,22400
21083,22401
3475,22402
20294,22403
3493,22404
10402,22405
4890,22406
20375,22407
15573,22408
21898,22409
11794,22410
5593,22411
16453,22412
13233,22413
15574,22414
15725,22415
5611,22416
11088,22417
11693,22418
20588,22419
21412,22420
6074,22421
17421,22422
18776,22423
23607,22424
14879,22425
21043,22426
3528,22427
21048,22428
14027,22429
17233,22430
430,22431
23803,22432
17231,22433
16480,22434
15723,22435
13736,22436
6991,22437
8090,22438
13673,22439
2610,22440
2290,22441
23421,22442
8314,22443
14108,22444
8316,22445
13315,22446
850,22447
11375,22448
1550,22449
24183,22450
6037,22451
23308,22452
23318,22453
14462,22454
16872,22455
138,22456
32,22457
8835,22458
22266,22459
12553,22460
21897,22461
14881,22462
22750,22463
17204,22464
12441,22465
16327,22466
13384,22467
9030,22468
12522,22469
10395,22470
12018,22471
9031,22472
9032,22473
20325,22474
16372,22475
12811,22476
17124,22477
16668,22478
14654,22479
17420,22480
17207,22481
15572,22482
13230,22483
17144,22484
20374,22485
21899,22486
13234,22487
21234,22488
2767,22489
16392,22490
1329,22491
11709,22492
5399,22493
22089,22494
12585,22495
11792,22496
14964,22497
16051,22498
609,22499
12501,22500
4873,22501
15638,22502
7407,22503
20688,22504
6810,22505
19002,22506
19261,22507
5824,22508
3708,22509
7230,22510
21607,22511
6721,22512
15287,22513
24180,22514
13672,22515
13021,22516
141,22517
35,22518
6247,22519
13333,22520
11067,22521
14920,22522
5538,22523
15680,22524
11666,22525
15675,22526
9033,22527
10487,22528
9034,22529
13314,22530
10399,22531
11085,22532
9130,22533
9134,22534
9712,22535
12810,22536
8836,22537
17419,22538
13296,22539
3459,22540
16391,22541
21046,22542
23610,22543
14176,22544
9543,22545
14967,22546
22088,22547
21233,22548
13380,22549
6640,22550
8792,22551
21513,22552
7496,22553
10696,22554
11470,22555
9327,22556
16705,22557
9713,22558
14387,22559
13067,22560
13598,22561
14089,22562
5576,22563
6977,22564
10421,22565
11646,22566
14025,22567
11795,22568
17143,22569
9055,22570
18775,22571
9715,22572
11170,22573
16923,22574
12021,22575
14937,22576
22749,22577
14090,22578
21896,22579
13350,22580
23611,22581
21047,22582
13383,22583
1151,22584
14966,22585
15724,22586
18827,22587
16479,22588
14526,22589
6034,22590
16799,22591
8891,22592
10004,22593
1805,22594
11374,22595
849,22596
830,22597
23321,22598
8093,22599
17547,22600
22459,22601
21506,22602
17624,22603
151,22604
45,22605
9717,22606
14106,22607
7637,22608
7771,22609
8320,22610
12024,22611
14652,22612
14392,22613
17977,22614
21895,22615
16393,22616
19443,22617
14142,22618
22753,22619
21900,22620
23804,22621
2585,22622
22944,22623
16481,22624
17232,22625
11791,22626
12941,22627
10159,22628
24080,22629
453,22630
3027,22631
13848,22632
18207,22633
19006,22634
11358,22635
4556,22636
15377,22637
24104,22638
21604,22639
22359,22640
15364,22641
148,22642
42,22643
9718,22644
7673,22645
8321,22646
15920,22647
9036,22648
16670,22649
16921,22650
15163,22651
15697,22652
11644,22653
15640,22654
2045,22655
17145,22656
23608,22657
3458,22658
12502,22659
4165,22660
11710,22661
4941,22662
13235,22663
12442,22664
15726,22665
5575,22666
22824,22667
8861,22668
21235,22669
14965,22670
22943,22671
12584,22672
23323,22673
10843,22674
23219,22675
6123,22676
6566,22677
21705,22678
7934,22679
8617,22680
10673,22681
19965,22682
14617,22683
20711,22684
21605,22685
15593,22686
18291,22687
22018,22688
16346,22689
13332,22690
17099,22691
14125,22692
17850,22693
18763,22694
8706,22695
170,22696
62,22697
9737,22698
17976,22699
22751,22700
12440,22701
14174,22702
9750,22703
15620,22704
9068,22705
9038,22706
6411,22707
9720,22708
7095,22709
16167,22710
5713,22711
14938,22712
20239,22713
15641,22714
10420,22715
19442,22716
15695,22717
17080,22718
20316,22719
1328,22720
23612,22721
23805,22722
10227,22723
12588,22724
14173,22725
13381,22726
18028,22727
17555,22728
608,22729
14880,22730
8342,22731
2766,22732
12500,22733
5577,22734
6291,22735
4166,22736
16390,22737
4874,22738
17142,22739
6970,22740
15637,22741
9474,22742
20690,22743
8178,22744
5834,22745
20054,22746
4426,22747
22273,22748
9305,22749
18367,22750
10847,22751
21526,22752
22460,22753
19092,22754
6658,22755
269,22756
134,22757
9814,22758
6758,22759
7770,22760
15698,22761
18640,22762
13297,22763
11107,22764
17840,22765
18774,22766
14026,22767
11647,22768
12587,22769
1863,22770
14175,22771
19632,22772
20431,22773
17230,22774
12146,22775
21116,22776
6718,22777
22453,22778
6811,22779
8607,22780
20058,22781
10003,22782
9054,22783
7659,22784
9320,22785
5810,22786
12939,22787
7410,22788
19151,22789
3147,22790
12460,22791
17189,22792
13252,22793
14044,22794
16437,22795
21165,22796
14834,22797
14915,22798
23212,22799
16120,22800
158,22801
50,22802
6934,22803
13328,22804
11072,22805
11738,22806
6249,22807
14121,22808
10386,22809
22867,22810
9736,22811
15639,22812
2046,22813
14878,22814
2768,22815
13295,22816
1330,22817
11708,22818
2047,22819
14088,22820
610,22821
14877,22822
7653,22823
14087,22824
3460,22825
6323,22826
8336,22827
5644,22828
11648,22829
17081,22830
13382,22831
4697,22832
12586,22833
20430,22834
19631,22835
15722,22836
16803,22837
13030,22838
1690,22839
3305,22840
4424,22841
22558,22842
5832,22843
859,22844
2996,22845
19168,22846
8796,22847
18307,22848
22857,22849
9951,22850
9899,22851
9988,22852
20764,22853
10163,22854
14474,22855
14524,22856
24072,22857
4129,22858
11742,22859
2730,22860
16436,22861
3421,22862
12534,22863
2008,22864
12530,22865
8024,22866
155,22867
48,22868
9702,22869
17965,22870
2734,22871
16431,22872
9019,22873
17183,22874
2012,22875
22015,22876
4133,22877
23725,22878
13253,22879
18760,22880
3425,22881
17962,22882
14045,22883
17182,22884
17863,22885
2746,22886
18754,22887
21053,22888
21905,22889
4412,22890
5118,22891
20863,22892
5820,22893
2268,22894
2991,22895
649,22896
18661,22897
19803,22898
22769,22899
4423,22900
11471,22901
3715,22902
5831,22903
2273,22904
24182,22905
6535,22906
23320,22907
7411,22908
24181,22909
23319,22910
12875,22911
7341,22912
259,22913
126,22914
9478,22915
22340,22916
9991,22917
12998,22918
3878,22919
22369,22920
20761,22921
13907,22922
15045,22923
10182,22924
11488,22925
11992,22926
12784,22927
18467,22928
18963,22929
20242,22930
20813,22931
1011,22932
1202,22933
13685,22934
20354,22935
20881,22936
21461,22937
1089,22938
20651,22939
19853,22940
11410,22941
21778,22942
2526,22943
24026,22944
23166,22945
16986,22946
11308,22947
3227,22948
23165,22949
24025,22950
14717,22951
14416,22952
3044,22953
10292,22954
12041,22955
1097,22956
12834,22957
10623,22958
3334,22959
3336,22960
4669,22961
22270,22962
15922,22963
23127,22964
16096,22965
4683,22966
16552,22967
12699,22968
19709,22969
17598,22970
10100,22971
21536,22972
2809,22973
481,22974
1515,22975
5287,22976
10969,22977
10972,22978
2413,22979
23713,22980
2632,22981
11323,22982
3234,22983
10638,22984
1520,22985
1489,22986
16094,22987
1731,22988
13728,22989
21761,22990
15971,22991
4642,22992
16726,22993
5429,22994
5452,22995
3670,22996
5790,22997
6134,22998
19000,22999
6137,23000
6489,23001
6524,23002
15408,23003
10630,23004
6529,23005
4652,23006
6559,23007
6819,23008
4378,23009
6734,23010
2956,23011
2234,23012
6994,23013
4856,23014
22855,23015
3440,23016
12581,23017
4148,23018
18824,23019
20160,23020
7174,23021
23381,23022
7213,23023
10636,23024
7272,23025
4750,23026
18200,23027
6050,23028
5789,23029
5087,23030
6843,23031
739,23032
2909,23033
12025,23034
15340,23035
4584,23036
10283,23037
1910,23038
3678,23039
3681,23040
5353,23041
4389,23042
5096,23043
5354,23044
4386,23045
7264,23046
3519,23047
7422,23048
3671,23049
4379,23050
7521,23051
7522,23052
7628,23053
4226,23054
6258,23055
18025,23056
6944,23057
20427,23058
3344,23059
769,23060
16846,23061
7893,23062
2213,23063
15338,23064
795,23065
14648,23066
2239,23067
2962,23068
2933,23069
14576,23070
796,23071
803,23072
4650,23073
8204,23074
8400,23075
7719,23076
20557,23077
13790,23078
2453,23079
10978,23080
19115,23081
1370,23082
1921,23083
15946,23084
2646,23085
4372,23086
2538,23087
3664,23088
2950,23089
2212,23090
7202,23091
378,23092
6518,23093
8106,23094
7879,23095
8537,23096
21665,23097
1732,23098
22441,23099
19321,23100
15964,23101
8562,23102
1488,23103
12995,23104
8566,23105
768,23106
16845,23107
10786,23108
20748,23109
16221,23110
871,23111
16911,23112
11394,23113
18453,23114
19256,23115
11393,23116
10708,23117
3696,23118
14766,23119
5042,23120
7260,23121
6576,23122
11363,23123
6856,23124
8122,23125
12027,23126
12819,23127
15928,23128
12993,23129
3171,23130
15269,23131
5463,23132
8483,23133
8735,23134
24152,23135
1159,23136
22661,23137
8660,23138
8736,23139
24165,23140
14703,23141
19024,23142
13831,23143
18224,23144
7800,23145
8737,23146
17545,23147
13121,23148
5198,23149
13833,23150
21434,23151
7122,23152
8805,23153
11316,23154
8826,23155
7802,23156
4331,23157
14397,23158
14575,23159
1734,23160
15270,23161
3303,23162
11414,23163
4759,23164
6440,23165
8917,23166
2967,23167
3943,23168
2244,23169
4388,23170
767,23171
9256,23172
9259,23173
4654,23174
9277,23175
1095,23176
9339,23177
5110,23178
12390,23179
5462,23180
6439,23181
7123,23182
12270,23183
5043,23184
9373,23185
14628,23186
10057,23187
15660,23188
13254,23189
22848,23190
11667,23191
12461,23192
18026,23193
20428,23194
19360,23195
490,23196
9416,23197
9568,23198
1606,23199
13843,23200
10729,23201
6500,23202
9608,23203
7883,23204
1812,23205
12042,23206
14417,23207
9225,23208
22521,23209
2455,23210
13716,23211
14706,23212
15205,23213
11451,23214
14424,23215
6995,23216
20253,23217
2812,23218
19456,23219
22939,23220
3437,23221
22084,23222
4051,23223
9939,23224
3239,23225
9958,23226
10639,23227
11272,23228
17599,23229
5286,23230
1197,23231
23243,23232
12354,23233
1372,23234
11462,23235
14085,23236
3314,23237
20315,23238
5144,23239
15399,23240
4452,23241
10705,23242
22654,23243
17913,23244
5123,23245
1090,23246
10662,23247
1572,23248
15523,23249
14871,23250
20866,23251
6151,23252
20314,23253
5580,23254
6580,23255
6836,23256
7215,23257
5352,23258
6531,23259
7526,23260
17911,23261
7897,23262
1094,23263
12034,23264
4397,23265
10992,23266
16383,23267
5775,23268
1947,23269
17135,23270
17887,23271
17393,23272
7217,23273
10516,23274
5488,23275
17903,23276
2056,23277
21394,23278
23438,23279
13567,23280
14357,23281
16623,23282
14579,23283
1730,23284
1208,23285
12826,23286
10873,23287
1369,23288
23627,23289
2085,23290
21064,23291
21916,23292
18825,23293
22941,23294
4040,23295
2957,23296
4049,23297
2651,23298
5729,23299
10540,23300
16166,23301
12809,23302
14655,23303
20188,23304
19504,23305
3598,23306
18592,23307
20302,23308
22792,23309
3604,23310
18591,23311
21410,23312
21846,23313
21099,23314
21952,23315
20289,23316
14322,23317
22591,23318
11951,23319
4294,23320
13073,23321
15915,23322
23555,23323
20297,23324
5005,23325
6373,23326
11617,23327
19499,23328
21089,23329
17314,23330
2561,23331
801,23332
4651,23333
1521,23334
8105,23335
790,23336
19800,23337
813,23338
10990,23339
14081,23340
18684,23341
7089,23342
2558,23343
6406,23344
11167,23345
7755,23346
20012,23347
8203,23348
7896,23349
3942,23350
804,23351
2970,23352
8235,23353
8338,23354
7214,23355
842,23356
11594,23357
16385,23358
2771,23359
8579,23360
8926,23361
9110,23362
13997,23363
15120,23364
14800,23365
20296,23366
21095,23367
19493,23368
9227,23369
16847,23370
10784,23371
17553,23372
13900,23373
17484,23374
9257,23375
3238,23376
11306,23377
10621,23378
11270,23379
17596,23380
10102,23381
9907,23382
16093,23383
294,23384
9909,23385
16095,23386
5992,23387
19961,23388
19312,23389
15215,23390
23511,23391
10642,23392
8099,23393
16731,23394
17169,23395
10984,23396
21908,23397
4931,23398
1312,23399
22085,23400
4859,23401
19628,23402
4050,23403
19361,23404
4761,23405
6161,23406
7185,23407
9943,23408
2535,23409
9260,23410
9960,23411
7895,23412
1487,23413
16092,23414
10103,23415
21600,23416
20906,23417
21800,23418
11326,23419
22293,23420
9961,23421
3233,23422
9278,23423
11327,23424
10586,23425
15336,23426
10787,23427
16801,23428
13107,23429
19831,23430
6043,23431
20629,23432
16417,23433
17857,23434
5456,23435
10603,23436
16164,23437
11288,23438
652,23439
19459,23440
20256,23441
21230,23442
23800,23443
1217,23444
496,23445
18570,23446
8481,23447
7439,23448
6438,23449
2683,23450
3374,23451
4081,23452
2858,23453
19279,23454
14361,23455
15133,23456
6378,23457
12282,23458
7062,23459
4996,23460
7741,23461
20075,23462
4286,23463
3576,23464
10456,23465
16843,23466
10788,23467
21581,23468
13124,23469
18552,23470
8422,23471
9241,23472
4912,23473
14061,23474
14062,23475
14063,23476
16363,23477
16365,23478
16415,23479
11081,23480
17116,23481
17118,23482
14899,23483
14858,23484
15659,23485
15618,23486
17167,23487
11688,23488
14856,23489
20282,23490
12521,23491
15617,23492
11729,23493
14857,23494
17123,23495
20323,23496
10398,23497
17922,23498
11084,23499
20324,23500
21936,23501
20322,23502
22827,23503
13273,23504
23126,23505
23685,23506
11687,23507
10492,23508
12480,23509
11175,23510
23987,23511
13859,23512
17422,23513
18802,23514
13201,23515
21861,23516
18791,23517
15563,23518
21972,23519
3495,23520
11686,23521
3592,23522
4298,23523
5009,23524
6071,23525
3588,23526
20396,23527
18615,23528
16311,23529
16466,23530
11020,23531
17068,23532
17306,23533
22825,23534
6072,23535
6268,23536
636,23537
16368,23538
5613,23539
14854,23540
17120,23541
6407,23542
6948,23543
6955,23544
19524,23545
13276,23546
6269,23547
1419,23548
697,23549
11477,23550
5717,23551
19597,23552
11629,23553
14007,23554
22050,23555
14803,23556
23683,23557
6993,23558
13271,23559
10434,23560
18679,23561
13601,23562
7096,23563
7581,23564
7635,23565
5010,23566
13858,23567
5714,23568
20404,23569
15546,23570
12518,23571
14786,23572
20393,23573
7576,23574
6891,23575
15806,23576
4681,23577
15049,23578
14267,23579
21341,23580
22185,23581
15295,23582
3934,23583
19894,23584
3318,23585
7774,23586
13064,23587
8260,23588
23068,23589
8319,23590
19526,23591
6953,23592
2144,23593
7636,23594
1418,23595
10200,23596
2867,23597
22060,23598
17808,23599
11726,23600
18607,23601
6271,23602
16409,23603
664,23604
12425,23605
13217,23606
11912,23607
5383,23608
13494,23609
22197,23610
23058,23611
13463,23612
16053,23613
3225,23614
13677,23615
2622,23616
4417,23617
22561,23618
3709,23619
5825,23620
3695,23621
5257,23622
14616,23623
14463,23624
20762,23625
23211,23626
7640,23627
14895,23628
8323,23629
17161,23630
8357,23631
10394,23632
12479,23633
13603,23634
8451,23635
6073,23636
13602,23637
17157,23638
10407,23639
13309,23640
19419,23641
20216,23642
23930,23643
3970,23644
21351,23645
16538,23646
12683,23647
11877,23648
17558,23649
6032,23650
21512,23651
14721,23652
7925,23653
21711,23654
8455,23655
19604,23656
22713,23657
18608,23658
21120,23659
11090,23660
21973,23661
16374,23662
14105,23663
23761,23664
16315,23665
15562,23666
22207,23667
602,23668
13312,23669
6957,23670
15651,23671
8608,23672
8609,23673
21710,23674
20601,23675
3710,23676
5811,23677
12144,23678
8092,23679
2409,23680
19963,23681
12080,23682
2732,23683
14916,23684
2010,23685
17185,23686
6248,23687
16433,23688
6933,23689
17966,23690
8023,23691
270,23692
135,23693
8705,23694
260,23695
127,23696
9040,23697
21119,23698
10405,23699
11091,23700
13311,23701
14104,23702
1322,23703
19521,23704
927,23705
9321,23706
7910,23707
18368,23708
9477,23709
21590,23710
2425,23711
18290,23712
7340,23713
159,23714
51,23715
9711,23716
12813,23717
16169,23718
14390,23719
14892,23720
9722,23721
14891,23722
6274,23723
14101,23724
6960,23725
13308,23726
7643,23727
12514,23728
8326,23729
12512,23730
9724,23731
14102,23732
14008,23733
11630,23734
10437,23735
3263,23736
12703,23737
15032,23738
17288,23739
14254,23740
16806,23741
5341,23742
15253,23743
15482,23744
851,23745
17660,23746
1571,23747
10690,23748
4403,23749
19169,23750
15376,23751
13729,23752
15291,23753
10385,23754
12531,23755
11071,23756
11739,23757
24071,23758
6657,23759
168,23760
60,23761
9018,23762
14122,23763
9042,23764
11722,23765
14073,23766
22052,23767
2760,23768
15710,23769
12424,23770
10335,23771
12686,23772
9701,23773
13329,23774
2011,23775
18764,23776
2733,23777
16432,23778
574,23779
17184,23780
1293,23781
11121,23782
9756,23783
9781,23784
16091,23785
296,23786
18349,23787
11567,23788
20125,23789
1645,23790
16898,23791
23995,23792
10022,23793
14111,23794
21082,23795
15917,23796
7449,23797
17902,23798
21100,23799
23651,23800
19595,23801
4177,23802
23774,23803
16298,23804
21007,23805
16556,23806
1127,23807
18910,23808
12684,23809
13476,23810
21329,23811
7575,23812
8259,23813
13493,23814
406,23815
14283,23816
17289,23817
11892,23818
23908,23819
19968,23820
2524,23821
12880,23822
7511,23823
4415,23824
22562,23825
3707,23826
3013,23827
1551,23828
23322,23829
6720,23830
22449,23831
21603,23832
19887,23833
17623,23834
152,23835
46,23836
8421,23837
8688,23838
1801,23839
24081,23840
15483,23841
3017,23842
20056,23843
2294,23844
1574,23845
5109,23846
24184,23847
7409,23848
24078,23849
22458,23850
19091,23851
16871,23852
156,23853
49,23854
8302,23855
17186,23856
7618,23857
11740,23858
9700,23859
12532,23860
9017,23861
7688,23862
9815,23863
16168,23864
9135,23865
14951,23866
17064,23867
11725,23868
14799,23869
17994,23870
6890,23871
10336,23872
16555,23873
20095,23874
17305,23875
14266,23876
13475,23877
18895,23878
18370,23879
1087,23880
22363,23881
20133,23882
2293,23883
23420,23884
3016,23885
9322,23886
1552,23887
21608,23888
10845,23889
21509,23890
23317,23891
15249,23892
16119,23893
142,23894
36,23895
9817,23896
19605,23897
20205,23898
12517,23899
15622,23900
17160,23901
19408,23902
18792,23903
6206,23904
11021,23905
11911,23906
19297,23907
12702,23908
15789,23909
16539,23910
23046,23911
20767,23912
368,23913
20694,23914
7641,23915
16408,23916
8324,23917
15655,23918
6272,23919
18716,23920
8904,23921
3015,23922
15404,23923
2292,23924
10005,23925
831,23926
22463,23927
6036,23928
16045,23929
24179,23930
20686,23931
15363,23932
149,23933
43,23934
9043,23935
17918,23936
10408,23937
16404,23938
9698,23939
14124,23940
7617,23941
12533,23942
9015,23943
13331,23944
8301,23945
8371,23946
3422,23947
9071,23948
4130,23949
4838,23950
10435,23951
9725,23952
17156,23953
11094,23954
11720,23955
17127,23956
17154,23957
10412,23958
17882,23959
21195,23960
22048,23961
11029,23962
8977,23963
11894,23964
10890,23965
17291,23966
14250,23967
13458,23968
11867,23969
12148,23970
6716,23971
17519,23972
16990,23973
5827,23974
19260,23975
5125,23976
4419,23977
8593,23978
20765,23979
8795,23980
18294,23981
646,23982
9753,23983
5539,23984
5640,23985
11074,23986
3526,23987
10388,23988
4233,23989
6936,23990
19563,23991
6251,23992
5629,23993
23632,23994
4926,23995
21921,23996
22774,23997
5138,23998
5840,23999
13054,24000
3723,24001
5806,24002
5104,24003
2977,24004
22462,24005
10162,24006
21487,24007
16132,24008
24051,24009
23191,24010
1668,24011
18641,24012
3312,24013
22942,24014
10961,24015
475,24016
18812,24017
12396,24018
10307,24019
22067,24020
17042,24021
16289,24022
498,24023
22072,24024
3355,24025
1118,24026
8094,24027
219,24028
8624,24029
17656,24030
10019,24031
8606,24032
9022,24033
21161,24034
7623,24035
5124,24036
8307,24037
4418,24038
20859,24039
5826,24040
853,24041
6546,24042
19966,24043
10846,24044
18365,24045
19166,24046
12874,24047
12228,24048
265,24049
131,24050
9296,24051
10309,24052
21214,24053
519,24054
1836,24055
11161,24056
97,24057
9850,24058
18588,24059
12279,24060
16652,24061
14602,24062
10452,24063
15869,24064
15064,24065
15821,24066
15808,24067
14282,24068
181,24069
69,24070
9992,24071
23128,24072
13979,24073
5608,24074
9981,24075
16285,24076
17037,24077
18605,24078
5030,24079
6172,24080
5737,24081
15411,24082
10502,24083
6301,24084
13280,24085
15089,24086
12295,24087
15846,24088
16596,24089
21737,24090
23447,24091
4269,24092
12743,24093
7106,24094
20589,24095
13775,24096
713,24097
7586,24098
23044,24099
7714,24100
7037,24101
8125,24102
8383,24103
6223,24104
23906,24105
3976,24106
18091,24107
8384,24108
8982,24109
23907,24110
9076,24111
11043,24112
16529,24113
1844,24114
15779,24115
15022,24116
16524,24117
12189,24118
2468,24119
16012,24120
10350,24121
21752,24122
12851,24123
8801,24124
19040,24125
13216,24126
11116,24127
13995,24128
16464,24129
11632,24130
14010,24131
15707,24132
3367,24133
19608,24134
12399,24135
11605,24136
16463,24137
518,24138
10430,24139
11695,24140
19567,24141
9513,24142
2161,24143
2884,24144
22267,24145
9673,24146
8990,24147
7011,24148
18620,24149
17820,24150
11714,24151
14076,24152
12506,24153
14865,24154
13301,24155
15625,24156
14094,24157
16377,24158
14884,24159
17129,24160
15000,24161
10897,24162
13434,24163
12435,24164
14019,24165
21257,24166
23601,24167
12613,24168
10909,24169
14198,24170
13406,24171
23829,24172
8150,24173
22111,24174
21256,24175
16485,24176
21656,24177
10800,24178
9539,24179
13405,24180
14197,24181
17236,24182
22512,24183
9674,24184
17278,24185
8841,24186
9993,24187
1548,24188
22530,24189
273,24190
16779,24191
21812,24192
23492,24193
2830,24194
3001,24195
4060,24196
9994,24197
10679,24198
11357,24199
20022,24200
3866,24201
20164,24202
4950,24203
3354,24204
5473,24205
3253,24206
9168,24207
2682,24208
11485,24209
15901,24210
13814,24211
14354,24212
17370,24213
199,24214
23941,24215
23079,24216
15057,24217
14292,24218
18911,24219
84,24220
9995,24221
19265,24222
3004,24223
2281,24224
7229,24225
9996,24226
9997,24227
22566,24228
11367,24229
9998,24230
6545,24231
9999,24232
12373,24233
18573,24234
22679,24235
2917,24236
2922,24237
10861,24238
1475,24239
10572,24240
389,24241
1470,24242
5059,24243
3956,24244
748,24245
750,24246
3615,24247
19194,24248
7840,24249
4325,24250
18393,24251
4611,24252
9832,24253
20787,24254
