Node ID,Order
26,0
6,1
34,2
31,3
653,4
17,5
522,6
32,7
30,8
629,9
6819,10
7442,11
22,12
8595,13
21,14
549,15
1386,16
2529,17
16,18
20,19
8,20
385,21
5,22
18,23
3,24
357,25
14820,26
11,27
448,28
35,29
661,30
24,31
556,32
3812,33
3205,34
12,35
458,36
5014,37
539,38
6221,39
10764,40
514,41
10780,42
9,43
434,44
13055,45
4948,46
578,47
23,48
555,49
5584,50
10791,51
39,52
1286,53
6186,54
3122,55
9354,56
1155,57
37,58
4,59
10110,60
16783,61
16196,62
1842,63
16182,64
369,65
4963,66
4361,67
6146,68
1,69
344,70
4389,71
7459,72
3175,73
3787,74
4391,75
6211,76
1922,77
13833,78
36,79
662,80
10664,81
523,82
6231,83
8113,84
7460,85
15596,86
15601,87
27,88
590,89
6796,90
5550,91
28,92
602,93
8050,94
2534,95
9421,96
10034,97
8767,98
10766,99
2460,100
675,101
7469,102
4367,103
6220,104
9257,105
13236,106
4929,107
3071,108
3113,109
1201,110
688,111
13089,112
3004,113
7972,114
4915,115
10106,116
3160,117
8087,118
9970,119
6179,120
17942,121
5547,122
3203,123
7501,124
8131,125
8020,126
16191,127
3817,128
11958,129
10109,130
33,131
659,132
10727,133
1166,134
1214,135
5560,136
10701,137
1869,138
8743,139
8138,140
8633,141
3786,142
8102,143
6757,144
3719,145
6064,146
9322,147
9277,148
4950,149
6210,150
6835,151
9301,152
4438,153
7979,154
3801,155
3758,156
6229,157
10102,158
9470,159
599,160
8089,161
10776,162
4415,163
3040,164
1290,165
19144,166
2282,167
17030,168
16502,169
7874,170
673,171
10070,172
10739,173
10114,174
18526,175
6807,176
15526,177
8794,178
3505,179
4790,180
5849,181
6475,182
15930,183
15,184
505,185
4941,186
1829,187
9385,188
1856,189
6201,190
10729,191
13429,192
6948,193
15160,194
16742,195
14,196
504,197
16181,198
1806,199
3733,200
4881,201
13801,202
2800,203
2465,204
1824,205
8619,206
9290,207
17355,208
6884,209
610,210
6826,211
6106,212
10587,213
8614,214
4995,215
1910,216
13144,217
7988,218
5539,219
1302,220
430,221
3723,222
9315,223
29,224
614,225
6801,226
6163,227
7378,228
1329,229
5995,230
4095,231
2607,232
20312,233
8819,234
11905,235
5068,236
4429,237
5628,238
606,239
12505,240
13950,241
8144,242
7785,243
439,244
10193,245
13657,246
2613,247
8858,248
20274,249
16101,250
6939,251
19619,252
6887,253
13350,254
756,255
17842,256
4641,257
2585,258
636,259
5029,260
605,261
550,262
5567,263
1766,264
9255,265
8785,266
10787,267
8054,268
3066,269
10137,270
7280,271
3210,272
8761,273
3047,274
11396,275
467,276
10138,277
584,278
3059,279
10594,280
4455,281
20240,282
3995,283
15445,284
12629,285
9911,286
4598,287
7,288
379,289
368,290
14987,291
9983,292
8678,293
10671,294
3211,295
435,296
38,297
674,298
1268,299
8035,300
7405,301
9973,302
17626,303
358,304
6134,305
17364,306
17950,307
1177,308
19109,309
352,310
8631,311
6790,312
3761,313
5642,314
3717,315
13717,316
13367,317
13,318
498,319
9953,320
1220,321
3132,322
5606,323
5006,324
5559,325
10702,326
9481,327
5253,328
4877,329
8805,330
463,331
2645,332
10593,333
1129,334
17526,335
1767,336
3001,337
17146,338
1143,339
5545,340
1896,341
1931,342
14845,343
4960,344
14836,345
18540,346
9977,347
4399,348
1735,349
14341,350
465,351
9197,352
14048,353
5587,354
4987,355
10704,356
12504,357
15913,358
2512,359
1926,360
7344,361
16092,362
477,363
10637,364
11347,365
7438,366
3139,367
1937,368
478,369
2366,370
12419,371
13026,372
3752,373
17875,374
654,375
2513,376
2426,377
4978,378
5578,379
8667,380
8718,381
8070,382
10017,383
14223,384
8730,385
12483,386
14427,387
13832,388
9330,389
9201,390
14931,391
8968,392
501,393
10728,394
6218,395
6843,396
12961,397
18474,398
12977,399
8972,400
9940,401
8039,402
3734,403
13587,404
14265,405
20145,406
13746,407
9399,408
7450,409
2469,410
12539,411
14422,412
7474,413
9465,414
452,415
10777,416
8777,417
8796,418
3666,419
17360,420
10773,421
4420,422
492,423
4834,424
10083,425
3773,426
9443,427
10111,428
9401,429
5554,430
10774,431
18551,432
517,433
7893,434
19693,435
7694,436
5043,437
10631,438
7205,439
7489,440
6862,441
2470,442
9340,443
2443,444
12001,445
9306,446
9967,447
9388,448
10628,449
10807,450
565,451
774,452
7989,453
3431,454
18533,455
6008,456
12507,457
14864,458
8159,459
12499,460
6132,461
9961,462
9216,463
5821,464
2169,465
6099,466
12596,467
4477,468
15223,469
11320,470
6274,471
8714,472
15447,473
18115,474
518,475
17260,476
13776,477
3221,478
486,479
15029,480
5196,481
4329,482
19022,483
25,484
569,485
3784,486
5589,487
6190,488
10708,489
15807,490
7342,491
17949,492
17363,493
2520,494
7512,495
442,496
11995,497
16140,498
7769,499
20286,500
14251,501
14431,502
647,503
5577,504
4977,505
9397,506
8773,507
5000,508
10132,509
493,510
10040,511
3195,512
10622,513
12009,514
397,515
1233,516
9941,517
6772,518
2580,519
11275,520
20259,521
5391,522
1269,523
4273,524
14967,525
2790,526
2155,527
17024,528
5540,529
10023,530
9360,531
9931,532
6140,533
8136,534
8195,535
7998,536
2494,537
3130,538
5097,539
15461,540
9180,541
2857,542
19078,543
14184,544
6191,545
761,546
19638,547
9043,548
5197,549
6122,550
16186,551
10147,552
7257,553
5636,554
371,555
5046,556
18200,557
4889,558
9183,559
12949,560
18534,561
10105,562
6117,563
6742,564
18787,565
9244,566
10027,567
3202,568
2566,569
8651,570
8603,571
14996,572
15585,573
10021,574
12492,575
10678,576
10031,577
17952,578
392,579
17828,580
16156,581
19148,582
2544,583
6204,584
15573,585
15000,586
6747,587
4904,588
9981,589
14413,590
10802,591
509,592
19608,593
12243,594
8156,595
10866,596
1132,597
3196,598
7506,599
1352,600
5156,601
6791,602
15610,603
3841,604
1977,605
16693,606
13769,607
7704,608
14631,609
593,610
7891,611
656,612
11809,613
768,614
1902,615
17943,616
18781,617
2506,618
1865,619
6222,620
6847,621
14092,622
12006,623
2466,624
10117,625
10801,626
418,627
6652,628
19031,629
7420,630
6748,631
1831,632
6789,633
1802,634
12012,635
14043,636
11408,637
9345,638
1262,639
17367,640
476,641
8790,642
8814,643
18417,644
11247,645
7959,646
6030,647
2951,648
3555,649
3246,650
12488,651
7885,652
4364,653
14975,654
7658,655
8315,656
1425,657
4461,658
11865,659
1984,660
9307,661
5829,662
11260,663
14784,664
7908,665
10812,666
411,667
4291,668
20016,669
5486,670
1482,671
10599,672
1920,673
1284,674
8652,675
9313,676
5524,677
16098,678
5533,679
9310,680
8800,681
466,682
1756,683
852,684
6227,685
18500,686
2589,687
644,688
8522,689
16651,690
14753,691
16064,692
12371,693
15439,694
17764,695
15343,696
17178,697
13666,698
19578,699
15463,700
6045,701
8112,702
11986,703
13368,704
15151,705
13690,706
17741,707
9218,708
14261,709
3613,710
11388,711
1174,712
6815,713
15609,714
9989,715
10656,716
6098,717
6723,718
9565,719
547,720
1322,721
15188,722
20213,723
5631,724
413,725
4448,726
19059,727
999,728
2,729
345,730
1878,731
8758,732
4982,733
5544,734
4943,735
13216,736
15012,737
6844,738
1822,739
9993,740
7961,741
18930,742
17234,743
15387,744
1106,745
2418,746
10085,747
10754,748
16089,749
18349,750
17854,751
5901,752
7428,753
4256,754
6811,755
11269,756
18174,757
2181,758
4854,759
2044,760
7430,761
19664,762
7834,763
7031,764
16515,765
19464,766
2546,767
4220,768
16068,769
18437,770
18455,771
9987,772
10654,773
11877,774
1086,775
13788,776
2575,777
405,778
10122,779
8691,780
8588,781
4323,782
2450,783
9469,784
382,785
10659,786
9992,787
8143,788
449,789
8171,790
2168,791
19313,792
19012,793
9296,794
10805,795
536,796
12788,797
4615,798
8201,799
15737,800
15587,801
17312,802
7493,803
8123,804
6880,805
617,806
7390,807
13812,808
9358,809
4951,810
5551,811
4931,812
18408,813
7423,814
3094,815
5209,816
17857,817
19041,818
2588,819
648,820
8670,821
10661,822
5519,823
10627,824
6767,825
6185,826
6810,827
8632,828
2574,829
453,830
7781,831
3209,832
707,833
3762,834
4366,835
2434,836
3070,837
6309,838
11810,839
7105,840
7547,841
2570,842
10091,843
19979,844
6668,845
3838,846
16658,847
3780,848
8096,849
2397,850
5496,851
10591,852
8750,853
19149,854
8686,855
15022,856
8735,857
10107,858
9439,859
4942,860
5543,861
10086,862
1893,863
10716,864
13376,865
7696,866
544,867
10088,868
4423,869
469,870
19077,871
4983,872
10718,873
18103,874
19746,875
2013,876
7250,877
3498,878
3885,879
15804,880
6920,881
18435,882
13707,883
2932,884
11216,885
19633,886
15852,887
7541,888
5185,889
13023,890
1343,891
15520,892
6656,893
5394,894
19978,895
10036,896
3108,897
4666,898
8624,899
15514,900
8535,901
18485,902
16084,903
5503,904
3649,905
4096,906
3492,907
10,908
447,909
2420,910
1777,911
8034,912
6156,913
8012,914
1141,915
7494,916
9449,917
1825,918
4958,919
8708,920
1938,921
404,922
9331,923
10549,924
6620,925
10165,926
20295,927
7861,928
17635,929
1638,930
19733,931
19090,932
4703,933
11040,934
17806,935
19015,936
11887,937
4213,938
11345,939
2623,940
3007,941
5055,942
4433,943
14629,944
13226,945
3631,946
7866,947
15540,948
13441,949
665,950
3579,951
2006,952
13090,953
2908,954
5415,955
19118,956
18293,957
3638,958
14747,959
5449,960
3553,961
6754,962
18003,963
13790,964
660,965
1278,966
17362,967
13824,968
2550,969
3186,970
4913,971
4938,972
1277,973
17897,974
10116,975
16174,976
9464,977
5983,978
417,979
12526,980
11859,981
19097,982
20285,983
16686,984
15903,985
9240,986
16042,987
14234,988
391,989
10104,990
1943,991
519,992
12445,993
20257,994
9348,995
1231,996
3832,997
360,998
17968,999
9381,1000
10564,1001
5015,1002
5614,1003
5513,1004
9914,1005
6200,1006
4397,1007
7480,1008
17953,1009
389,1010
8684,1011
8747,1012
3158,1013
8127,1014
3200,1015
3737,1016
9982,1017
10649,1018
10611,1019
3820,1020
534,1021
12303,1022
7578,1023
3618,1024
3826,1025
5687,1026
19675,1027
1040,1028
571,1029
11420,1030
13795,1031
1321,1032
15684,1033
10670,1034
1338,1035
10172,1036
16085,1037
10394,1038
18410,1039
19975,1040
676,1041
8657,1042
9475,1043
680,1044
20076,1045
14828,1046
5611,1047
5012,1048
2448,1049
4368,1050
2511,1051
7403,1052
4287,1053
9917,1054
4380,1055
2502,1056
3215,1057
6842,1058
1867,1059
15583,1060
4914,1061
9387,1062
494,1063
2499,1064
9936,1065
10603,1066
3792,1067
8139,1068
627,1069
17304,1070
16544,1071
3135,1072
10100,1073
20251,1074
10769,1075
9409,1076
4933,1077
3793,1078
13237,1079
9499,1080
1925,1081
1872,1082
3683,1083
6177,1084
8056,1085
873,1086
16071,1087
17192,1088
7916,1089
14969,1090
18496,1091
20346,1092
11299,1093
17805,1094
16766,1095
8813,1096
11920,1097
1954,1098
6889,1099
4910,1100
14894,1101
349,1102
2948,1103
17126,1104
9895,1105
18716,1106
13172,1107
2910,1108
11834,1109
18425,1110
6700,1111
8627,1112
1241,1113
1877,1114
3058,1115
7971,1116
9418,1117
1301,1118
444,1119
19698,1120
16104,1121
12363,1122
12455,1123
14439,1124
11536,1125
5431,1126
18497,1127
10623,1128
14398,1129
4339,1130
1859,1131
1223,1132
8236,1133
567,1134
6576,1135
1193,1136
375,1137
4316,1138
13774,1139
18107,1140
18707,1141
17893,1142
19833,1143
1422,1144
8188,1145
3711,1146
14980,1147
6778,1148
17564,1149
19860,1150
16279,1151
7207,1152
9954,1153
10655,1154
9988,1155
10602,1156
6173,1157
8052,1158
19626,1159
5811,1160
8306,1161
5511,1162
14985,1163
19336,1164
10133,1165
8165,1166
13661,1167
14603,1168
14860,1169
7523,1170
13639,1171
4147,1172
16661,1173
11882,1174
18932,1175
11279,1176
17157,1177
12576,1178
20146,1179
11975,1180
4050,1181
6276,1182
13541,1183
17233,1184
8874,1185
18022,1186
10725,1187
1935,1188
8885,1189
13294,1190
3207,1191
8798,1192
8890,1193
9430,1194
6039,1195
1617,1196
982,1197
13668,1198
11352,1199
9896,1200
19286,1201
10875,1202
1216,1203
409,1204
6838,1205
10089,1206
10758,1207
8091,1208
6212,1209
6123,1210
10073,1211
8443,1212
14653,1213
1907,1214
14430,1215
6769,1216
5506,1217
611,1218
7996,1219
1261,1220
3170,1221
9978,1222
10007,1223
10676,1224
10019,1225
5024,1226
511,1227
7412,1228
3747,1229
9438,1230
14984,1231
1183,1232
7491,1233
13115,1234
19011,1235
19597,1236
12367,1237
7265,1238
19123,1239
15240,1240
9292,1241
13234,1242
3051,1243
10045,1244
11404,1245
15204,1246
8567,1247
4040,1248
8540,1249
9463,1250
1373,1251
10719,1252
10050,1253
3700,1254
4327,1255
8695,1256
10690,1257
10625,1258
8635,1259
12627,1260
9365,1261
8568,1262
8215,1263
5378,1264
6713,1265
11364,1266
7396,1267
8026,1268
3080,1269
13238,1270
18203,1271
9271,1272
13204,1273
17282,1274
11474,1275
20349,1276
7818,1277
15136,1278
16755,1279
2936,1280
1327,1281
13428,1282
16644,1283
3785,1284
2439,1285
9411,1286
2523,1287
7507,1288
454,1289
18825,1290
5494,1291
8725,1292
3405,1293
10002,1294
14229,1295
11793,1296
13128,1297
1217,1298
14940,1299
1030,1300
1666,1301
18472,1302
11240,1303
419,1304
5673,1305
5238,1306
3620,1307
6680,1308
15665,1309
6867,1310
3111,1311
6779,1312
17368,1313
429,1314
9980,1315
1244,1316
1270,1317
5591,1318
8048,1319
6169,1320
8626,1321
6206,1322
6831,1323
6882,1324
445,1325
16778,1326
11300,1327
7329,1328
15712,1329
6916,1330
12452,1331
11218,1332
1608,1333
12163,1334
17218,1335
11646,1336
20269,1337
13839,1338
18450,1339
4153,1340
11355,1341
19688,1342
16707,1343
10630,1344
19,1345
538,1346
10674,1347
16773,1348
16185,1349
6184,1350
3121,1351
10714,1352
8719,1353
2456,1354
14945,1355
3174,1356
13819,1357
8801,1358
431,1359
4908,1360
12597,1361
7393,1362
18263,1363
12004,1364
8142,1365
510,1366
10026,1367
4381,1368
2533,1369
6285,1370
5030,1371
559,1372
8167,1373
14099,1374
3166,1375
14901,1376
2709,1377
755,1378
10458,1379
10638,1380
12527,1381
5037,1382
346,1383
7290,1384
11393,1385
19716,1386
18904,1387
2537,1388
3173,1389
19651,1390
16018,1391
11832,1392
9368,1393
6858,1394
6233,1395
2486,1396
1299,1397
7409,1398
10665,1399
6310,1400
6725,1401
7976,1402
11999,1403
5661,1404
4935,1405
9735,1406
17267,1407
8010,1408
3756,1409
4360,1410
6251,1411
4496,1412
17661,1413
17918,1414
12023,1415
11418,1416
19321,1417
3458,1418
8157,1419
7485,1420
4934,1421
5535,1422
17338,1423
9072,1424
7115,1425
12501,1426
15527,1427
4292,1428
1686,1429
7725,1430
7311,1431
18501,1432
13218,1433
3825,1434
608,1435
5960,1436
17394,1437
8177,1438
13513,1439
9441,1440
9999,1441
7984,1442
1863,1443
1227,1444
4932,1445
10788,1446
5247,1447
11895,1448
17159,1449
16673,1450
13616,1451
19052,1452
16552,1453
5435,1454
6021,1455
19719,1456
14131,1457
7884,1458
12449,1459
17349,1460
15594,1461
19095,1462
5626,1463
461,1464
1285,1465
1202,1466
3114,1467
10666,1468
8674,1469
8141,1470
468,1471
17337,1472
6075,1473
5452,1474
14225,1475
16636,1476
7918,1477
7302,1478
9756,1479
1860,1480
5617,1481
7553,1482
9309,1483
1247,1484
2449,1485
8721,1486
9384,1487
5639,1488
20241,1489
10982,1490
13712,1491
3621,1492
11821,1493
18380,1494
17203,1495
15358,1496
7253,1497
16722,1498
11481,1499
14768,1500
13081,1501
18354,1502
16553,1503
4856,1504
4251,1505
9130,1506
13725,1507
6839,1508
7457,1509
6834,1510
10009,1511
6837,1512
4377,1513
14997,1514
10817,1515
7328,1516
13363,1517
5469,1518
12209,1519
14326,1520
1361,1521
13095,1522
6509,1523
20319,1524
8122,1525
8683,1526
2509,1527
4998,1528
5598,1529
9420,1530
6861,1531
7509,1532
6256,1533
394,1534
480,1535
2023,1536
4489,1537
6307,1538
3147,1539
1320,1540
16768,1541
10047,1542
9325,1543
3834,1544
399,1545
12808,1546
347,1547
5080,1548
11036,1549
16656,1550
721,1551
6427,1552
9662,1553
1493,1554
9031,1555
8935,1556
15033,1557
2281,1558
9908,1559
13138,1560
5073,1561
18473,1562
2129,1563
4216,1564
14889,1565
13565,1566
19743,1567
19500,1568
19136,1569
5896,1570
3225,1571
621,1572
14939,1573
18235,1574
10443,1575
9477,1576
13618,1577
19948,1578
6906,1579
8077,1580
17832,1581
19275,1582
17861,1583
17892,1584
9473,1585
570,1586
5958,1587
12525,1588
742,1589
4769,1590
4358,1591
17855,1592
19345,1593
20150,1594
12489,1595
8706,1596
11287,1597
2853,1598
3005,1599
4688,1600
17862,1601
17804,1602
14207,1603
15513,1604
9002,1605
848,1606
11331,1607
4414,1608
19196,1609
15579,1610
11111,1611
6634,1612
16650,1613
3167,1614
8092,1615
8561,1616
16313,1617
16899,1618
443,1619
7487,1620
766,1621
19947,1622
19079,1623
10471,1624
3487,1625
7820,1626
3455,1627
3894,1628
13623,1629
4825,1630
3775,1631
13505,1632
10442,1633
12829,1634
6381,1635
9951,1636
8229,1637
17553,1638
1837,1639
13061,1640
13622,1641
12863,1642
17750,1643
9846,1644
6209,1645
10746,1646
8740,1647
5563,1648
1873,1649
3769,1650
8085,1651
10723,1652
6158,1653
3213,1654
378,1655
16044,1656
18388,1657
16082,1658
18005,1659
1916,1660
15007,1661
19971,1662
15027,1663
6619,1664
11849,1665
14081,1666
2370,1667
8582,1668
10535,1669
5834,1670
6460,1671
12338,1672
14252,1673
14166,1674
16630,1675
20266,1676
15363,1677
15504,1678
19636,1679
6654,1680
4172,1681
3569,1682
1256,1683
12298,1684
13689,1685
12502,1686
1724,1687
15399,1688
16171,1689
8848,1690
20254,1691
8519,1692
4212,1693
15398,1694
5597,1695
16728,1696
11778,1697
16048,1698
14702,1699
15292,1700
11730,1701
11824,1702
8377,1703
3767,1704
11332,1705
5093,1706
12727,1707
11935,1708
20293,1709
11224,1710
11159,1711
9851,1712
2372,1713
727,1714
17256,1715
1538,1716
17165,1717
11848,1718
741,1719
1191,1720
13434,1721
4545,1722
10709,1723
9233,1724
2390,1725
20005,1726
2403,1727
3456,1728
5056,1729
18467,1730
10316,1731
19679,1732
4219,1733
17930,1734
3231,1735
14896,1736
10528,1737
13516,1738
11681,1739
17381,1740
10578,1741
11640,1742
9865,1743
12199,1744
12807,1745
14872,1746
14938,1747
9336,1748
12447,1749
11170,1750
13054,1751
13602,1752
12565,1753
20165,1754
13170,1755
14127,1756
5251,1757
7064,1758
3990,1759
2741,1760
6749,1761
18999,1762
11959,1763
13932,1764
2047,1765
5063,1766
2042,1767
11906,1768
3867,1769
20255,1770
1367,1771
3824,1772
17837,1773
19392,1774
595,1775
17247,1776
3217,1777
1950,1778
506,1779
474,1780
9107,1781
3662,1782
1554,1783
10721,1784
2508,1785
9468,1786
6800,1787
9254,1788
4901,1789
10660,1790
8065,1791
5594,1792
3789,1793
395,1794
1816,1795
1181,1796
10804,1797
483,1798
3728,1799
6683,1800
5047,1801
18218,1802
17209,1803
9544,1804
15830,1805
7331,1806
13821,1807
15097,1808
14981,1809
9919,1810
6900,1811
4822,1812
20061,1813
12143,1814
3150,1815
8593,1816
2431,1817
10297,1818
3187,1819
2551,1820
12693,1821
13825,1822
6097,1823
10278,1824
11951,1825
15998,1826
13164,1827
16585,1828
17299,1829
18992,1830
1184,1831
2514,1832
9772,1833
10694,1834
7336,1835
13301,1836
6716,1837
3749,1838
13802,1839
14397,1840
10233,1841
619,1842
8956,1843
4310,1844
7451,1845
6702,1846
3754,1847
10041,1848
9378,1849
12031,1850
553,1851
12698,1852
6718,1853
6093,1854
6705,1855
19794,1856
14992,1857
17725,1858
3710,1859
7760,1860
11755,1861
12566,1862
6479,1863
6413,1864
12312,1865
8639,1866
6686,1867
10103,1868
18021,1869
5509,1870
10584,1871
19814,1872
8755,1873
1479,1874
4782,1875
5865,1876
5033,1877
592,1878
6892,1879
14831,1880
11094,1881
1739,1882
11399,1883
15602,1884
14010,1885
8227,1886
15446,1887
17225,1888
19967,1889
12156,1890
6649,1891
7872,1892
11792,1893
14941,1894
13677,1895
3218,1896
529,1897
3420,1898
17313,1899
16535,1900
6092,1901
15626,1902
15486,1903
11597,1904
17221,1905
16317,1906
12547,1907
10731,1908
2222,1909
14834,1910
11990,1911
14298,1912
14988,1913
11371,1914
5254,1915
4655,1916
6571,1917
1874,1918
13197,1919
8987,1920
5061,1921
14304,1922
15345,1923
17843,1924
18784,1925
15518,1926
3092,1927
6269,1928
14356,1929
13945,1930
13274,1931
8184,1932
13052,1933
13844,1934
11310,1935
10810,1936
1952,1937
362,1938
9489,1939
15015,1940
9153,1941
11913,1942
17132,1943
1762,1944
484,1945
18181,1946
6546,1947
4556,1948
2405,1949
8877,1950
7873,1951
14231,1952
7066,1953
13048,1954
588,1955
6896,1956
17860,1957
3415,1958
14843,1959
7897,1960
19325,1961
5077,1962
3988,1963
8344,1964
19189,1965
1996,1966
7370,1967
4436,1968
630,1969
12667,1970
724,1971
20329,1972
13934,1973
3274,1974
15415,1975
20315,1976
16859,1977
10012,1978
2572,1979
6944,1980
15777,1981
5961,1982
15060,1983
2626,1984
14720,1985
3853,1986
20239,1987
7104,1988
16125,1989
4884,1990
8606,1991
5996,1992
11482,1993
7319,1994
4019,1995
20139,1996
6644,1997
4973,1998
5573,1999
8741,2000
14844,2001
8357,2002
13915,2003
9346,2004
10094,2005
19973,2006
9929,2007
16785,2008
2501,2009
383,2010
10057,2011
7490,2012
8120,2013
9898,2014
1912,2015
1276,2016
8762,2017
10761,2018
6257,2019
479,2020
8844,2021
9394,2022
9266,2023
12521,2024
14526,2025
10220,2026
8623,2027
9284,2028
3948,2029
8038,2030
5618,2031
2632,2032
5741,2033
15598,2034
3813,2035
763,2036
3776,2037
19745,2038
4074,2039
3470,2040
11471,2041
1924,2042
7369,2043
1209,2044
16784,2045
689,2046
17659,2047
14637,2048
3357,2049
5505,2050
5005,2051
5605,2052
6254,2053
2619,2054
15605,2055
5581,2056
7752,2057
9451,2058
3684,2059
8693,2060
16484,2061
4683,2062
5282,2063
12582,2064
10589,2065
5263,2066
6129,2067
18477,2068
4976,2069
11625,2070
4398,2071
3794,2072
10115,2073
7098,2074
6469,2075
5035,2076
642,2077
17603,2078
12634,2079
18411,2080
20216,2081
15144,2082
3875,2083
14520,2084
17284,2085
1315,2086
7154,2087
624,2088
781,2089
3052,2090
3407,2091
4891,2092
3000,2093
12401,2094
19630,2095
5692,2096
17629,2097
9283,2098
14824,2099
9179,2100
16090,2101
20258,2102
11172,2103
12454,2104
6806,2105
10681,2106
14823,2107
6298,2108
16622,2109
18820,2110
14982,2111
11829,2112
13005,2113
10519,2114
20065,2115
16128,2116
15559,2117
4263,2118
17243,2119
14264,2120
631,2121
18553,2122
645,2123
6928,2124
5569,2125
12530,2126
7739,2127
1323,2128
10912,2129
1272,2130
14821,2131
12399,2132
20243,2133
5647,2134
6637,2135
3010,2136
5843,2137
3634,2138
5934,2139
6029,2140
1346,2141
2137,2142
3344,2143
3703,2144
10484,2145
15748,2146
13397,2147
15179,2148
747,2149
6130,2150
7426,2151
6111,2152
4600,2153
14839,2154
15377,2155
7915,2156
3466,2157
1981,2158
11335,2159
14677,2160
13217,2161
18369,2162
6664,2163
3323,2164
757,2165
14868,2166
17072,2167
4719,2168
2215,2169
14342,2170
7878,2171
15441,2172
13494,2173
2554,2174
9259,2175
1107,2176
3475,2177
5281,2178
1731,2179
8573,2180
11921,2181
15419,2182
12531,2183
15473,2184
11118,2185
16115,2186
13576,2187
17294,2188
17372,2189
16103,2190
3006,2191
15735,2192
1497,2193
772,2194
8080,2195
8079,2196
8728,2197
9391,2198
15002,2199
10703,2200
4386,2201
3782,2202
4619,2203
16741,2204
2333,2205
764,2206
13203,2207
6406,2208
9196,2209
10433,2210
2367,2211
5409,2212
13199,2213
14286,2214
14204,2215
4820,2216
12039,2217
7525,2218
9972,2219
17937,2220
13796,2221
3636,2222
12285,2223
15889,2224
16439,2225
16079,2226
460,2227
8572,2228
1957,2229
524,2230
15087,2231
1913,2232
19243,2233
3686,2234
10510,2235
5592,2236
1905,2237
11477,2238
2542,2239
9234,2240
10326,2241
19194,2242
8202,2243
9642,2244
17298,2245
17319,2246
2688,2247
19753,2248
6629,2249
19717,2250
9673,2251
9034,2252
6423,2253
19684,2254
7334,2255
17238,2256
16040,2257
6797,2258
3300,2259
9445,2260
16674,2261
16412,2262
7574,2263
13692,2264
12785,2265
20123,2266
17841,2267
16012,2268
11982,2269
18326,2270
12583,2271
12161,2272
15525,2273
15375,2274
17245,2275
19834,2276
1348,2277
7146,2278
4085,2279
6070,2280
15466,2281
19757,2282
13440,2283
4837,2284
12003,2285
18156,2286
16200,2287
8979,2288
15405,2289
6464,2290
1655,2291
12637,2292
14242,2293
19697,2294
4755,2295
3057,2296
16441,2297
9258,2298
17421,2299
13211,2300
1484,2301
8597,2302
2828,2303
6076,2304
1043,2305
13601,2306
20311,2307
1098,2308
8672,2309
4334,2310
5529,2311
4927,2312
3755,2313
5562,2314
9320,2315
2517,2316
3197,2317
2561,2318
3127,2319
6258,2320
586,2321
9419,2322
8756,2323
10717,2324
1861,2325
1225,2326
4972,2327
1880,2328
10693,2329
8698,2330
1306,2331
496,2332
8687,2333
17441,2334
9349,2335
14963,2336
8998,2337
16265,2338
8731,2339
1226,2340
9302,2341
1161,2342
8897,2343
640,2344
14721,2345
719,2346
11281,2347
20261,2348
8999,2349
3957,2350
8616,2351
10736,2352
4222,2353
17240,2354
869,2355
9531,2356
15892,2357
5316,2358
16126,2359
12343,2360
18520,2361
4278,2362
13913,2363
7946,2364
18547,2365
8641,2366
15581,2367
9944,2368
5558,2369
3177,2370
2541,2371
3079,2372
5624,2373
3124,2374
3751,2375
6101,2376
6860,2377
6235,2378
8095,2379
9272,2380
670,2381
18176,2382
18818,2383
12416,2384
5040,2385
19138,2386
14533,2387
12592,2388
7131,2389
7292,2390
10571,2391
3259,2392
20237,2393
5227,2394
19637,2395
12942,2396
13597,2397
14350,2398
2300,2399
18536,2400
11587,2401
19567,2402
5465,2403
4689,2404
11907,2405
19516,2406
19627,2407
20088,2408
17826,2409
11968,2410
3020,2411
19982,2412
18187,2413
16403,2414
16989,2415
13281,2416
1374,2417
6653,2418
17954,2419
579,2420
18856,2421
10889,2422
7944,2423
4421,2424
3808,2425
4412,2426
613,2427
7933,2428
16309,2429
19258,2430
8629,2431
1303,2432
628,2433
10730,2434
1755,2435
6976,2436
1388,2437
9921,2438
7911,2439
10455,2440
18042,2441
11524,2442
18491,2443
14374,2444
3778,2445
6876,2446
5681,2447
12625,2448
8103,2449
6167,2450
11833,2451
14253,2452
5629,2453
499,2454
1208,2455
20208,2456
20204,2457
19793,2458
17344,2459
7627,2460
9367,2461
15821,2462
10444,2463
10967,2464
15175,2465
10561,2466
12739,2467
6935,2468
16122,2469
17673,2470
6003,2471
20096,2472
19724,2473
15342,2474
15565,2475
13343,2476
19565,2477
14383,2478
15129,2479
5481,2480
3362,2481
2065,2482
9537,2483
13699,2484
9710,2485
12491,2486
19935,2487
10992,2488
17916,2489
18519,2490
16685,2491
17839,2492
19498,2493
16096,2494
16577,2495
4257,2496
17469,2497
3078,2498
1758,2499
15883,2500
7259,2501
12333,2502
3003,2503
12941,2504
17322,2505
17726,2506
16732,2507
16458,2508
12477,2509
7970,2510
14500,2511
9386,2512
8424,2513
19221,2514
4362,2515
2230,2516
19731,2517
2138,2518
7810,2519
7180,2520
4759,2521
16468,2522
1749,2523
18190,2524
18104,2525
5168,2526
5488,2527
6658,2528
4249,2529
17429,2530
18807,2531
7465,2532
14512,2533
9937,2534
9279,2535
12610,2536
9925,2537
3704,2538
5518,2539
9334,2540
1237,2541
5570,2542
2579,2543
532,2544
3770,2545
10713,2546
6808,2547
6711,2548
6246,2549
10793,2550
10657,2551
14999,2552
4930,2553
7508,2554
639,2555
1293,2556
18443,2557
4835,2558
1371,2559
10977,2560
14846,2561
12496,2562
16151,2563
19747,2564
19108,2565
6202,2566
8659,2567
3072,2568
14153,2569
12552,2570
8930,2571
3889,2572
14049,2573
11861,2574
17833,2575
19055,2576
15588,2577
3201,2578
10863,2579
4279,2580
12611,2581
4921,2582
2094,2583
6786,2584
1504,2585
11914,2586
13566,2587
13775,2588
19303,2589
20284,2590
18951,2591
10705,2592
16080,2593
19404,2594
7546,2595
20305,2596
11749,2597
19642,2598
11145,2599
7286,2600
5900,2601
18977,2602
7914,2603
14034,2604
1499,2605
7343,2606
14282,2607
7843,2608
1894,2609
16777,2610
4994,2611
2497,2612
2427,2613
8073,2614
6878,2615
2479,2616
9356,2617
7543,2618
19839,2619
6875,2620
9413,2621
10080,2622
6691,2623
13297,2624
6783,2625
3212,2626
4968,2627
10662,2628
568,2629
18471,2630
5028,2631
507,2632
9075,2633
2568,2634
5468,2635
3805,2636
5609,2637
955,2638
10629,2639
15926,2640
11384,2641
17326,2642
12145,2643
9927,2644
2775,2645
14974,2646
16097,2647
3952,2648
2988,2649
17864,2650
7643,2651
7363,2652
6138,2653
16489,2654
10710,2655
8716,2656
5508,2657
11994,2658
19247,2659
18647,2660
5108,2661
5640,2662
19409,2663
10840,2664
6278,2665
6011,2666
970,2667
5438,2668
4207,2669
5515,2670
18026,2671
13316,2672
3695,2673
17517,2674
1118,2675
14527,2676
13797,2677
17348,2678
2302,2679
19652,2680
12519,2681
12770,2682
12828,2683
14385,2684
3527,2685
12458,2686
18965,2687
13626,2688
12406,2689
15519,2690
18362,2691
14930,2692
11956,2693
3467,2694
10320,2695
4221,2696
7708,2697
8899,2698
8150,2699
12014,2700
13049,2701
13000,2702
20333,2703
17542,2704
7902,2705
7846,2706
3566,2707
16753,2708
16875,2709
4562,2710
12008,2711
10130,2712
6951,2713
2734,2714
4926,2715
7503,2716
2036,2717
6080,2718
15523,2719
16504,2720
15918,2721
11250,2722
18000,2723
12493,2724
16772,2725
1799,2726
9060,2727
13854,2728
8820,2729
4975,2730
5326,2731
3640,2732
1985,2733
17028,2734
2545,2735
14924,2736
4797,2737
2643,2738
11813,2739
17503,2740
934,2741
16153,2742
12848,2743
15026,2744
16679,2745
9759,2746
18113,2747
7443,2748
8995,2749
692,2750
4109,2751
7945,2752
18670,2753
20098,2754
2387,2755
17545,2756
6120,2757
3377,2758
4738,2759
16109,2760
17290,2761
9243,2762
5461,2763
10449,2764
8451,2765
13625,2766
20296,2767
1743,2768
10461,2769
5912,2770
5720,2771
3276,2772
18398,2773
16657,2774
18171,2775
7645,2776
18401,2777
18402,2778
19600,2779
10543,2780
18995,2781
5476,2782
19672,2783
3650,2784
5836,2785
8470,2786
5303,2787
15410,2788
13006,2789
14915,2790
4347,2791
2481,2792
13167,2793
7750,2794
15284,2795
8076,2796
3138,2797
12623,2798
3146,2799
2510,2800
10740,2801
3819,2802
658,2803
9742,2804
2694,2805
6292,2806
14396,2807
16293,2808
5490,2809
4668,2810
9342,2811
7222,2812
17962,2813
5425,2814
19643,2815
9134,2816
15887,2817
14220,2818
3245,2819
11054,2820
16410,2821
9450,2822
3783,2823
4387,2824
1738,2825
12871,2826
12263,2827
4841,2828
7338,2829
13302,2830
1909,2831
14692,2832
7321,2833
5169,2834
5485,2835
4258,2836
9101,2837
7144,2838
7007,2839
1794,2840
8953,2841
4892,2842
6392,2843
1124,2844
2792,2845
14112,2846
5305,2847
3499,2848
19859,2849
12248,2850
940,2851
1575,2852
4527,2853
750,2854
5220,2855
3322,2856
2019,2857
4119,2858
824,2859
7416,2860
13085,2861
3632,2862
7371,2863
8149,2864
620,2865
19655,2866
11732,2867
11925,2868
6655,2869
3557,2870
17993,2871
6288,2872
8415,2873
17896,2874
7256,2875
2493,2876
4673,2877
8046,2878
6666,2879
16558,2880
10526,2881
5289,2882
4690,2883
11256,2884
14216,2885
4497,2886
2332,2887
7613,2888
2029,2889
1820,2890
12197,2891
15936,2892
19634,2893
11790,2894
15468,2895
20121,2896
13117,2897
11748,2898
19099,2899
5831,2900
10039,2901
9376,2902
1812,2903
14078,2904
19926,2905
1023,2906
16798,2907
3022,2908
3648,2909
5926,2910
9223,2911
4243,2912
14619,2913
19182,2914
7540,2915
10067,2916
9798,2917
7323,2918
11513,2919
15137,2920
12769,2921
2762,2922
6071,2923
3063,2924
1434,2925
4470,2926
15400,2927
12425,2928
18126,2929
14819,2930
11546,2931
1384,2932
4235,2933
5458,2934
9763,2935
7798,2936
16532,2937
10785,2938
14491,2939
17433,2940
3206,2941
7385,2942
8014,2943
6160,2944
1936,2945
4464,2946
12622,2947
8779,2948
9442,2949
7488,2950
8118,2951
5007,2952
20347,2953
12030,2954
545,2955
7082,2956
5186,2957
17430,2958
8709,2959
5819,2960
14582,2961
566,2962
669,2963
15908,2964
6369,2965
3818,2966
612,2967
10121,2968
18550,2969
18041,2970
17657,2971
5916,2972
533,2973
651,2974
575,2975
17574,2976
12077,2977
657,2978
7650,2979
15580,2980
10803,2981
537,2982
10741,2983
2576,2984
10687,2985
5536,2986
1561,2987
19257,2988
17416,2989
9458,2990
7983,2991
1807,2992
8799,2993
8846,2994
4937,2995
1823,2996
8608,2997
17938,2998
1631,2999
5162,3000
8766,3001
9429,3002
3707,3003
5020,3004
3850,3005
7470,3006
9425,3007
10679,3008
15008,3009
15597,3010
3077,3011
4947,3012
4343,3013
589,3014
3699,3015
1939,3016
577,3017
6781,3018
6243,3019
6868,3020
4981,3021
10583,3022
1754,3023
20033,3024
12703,3025
10639,3026
10134,3027
1844,3028
2464,3029
12146,3030
16270,3031
9428,3032
8765,3033
1275,3034
5616,3035
19760,3036
8053,3037
13229,3038
6141,3039
10707,3040
6189,3041
16771,3042
16183,3043
12602,3044
15793,3045
601,3046
551,3047
19378,3048
3586,3049
8677,3050
6761,3051
15157,3052
10289,3053
5521,3054
7402,3055
10757,3056
3208,3057
3902,3058
4919,3059
1792,3060
5152,3061
2500,3062
4363,3063
10677,3064
6879,3065
1350,3066
6734,3067
8098,3068
7468,3069
2503,3070
1264,3071
1900,3072
8084,3073
12020,3074
5971,3075
16774,3076
4954,3077
2467,3078
6157,3079
8720,3080
10715,3081
5801,3082
548,3083
9614,3084
17939,3085
4707,3086
2925,3087
15081,3088
14389,3089
12190,3090
5142,3091
11998,3092
960,3093
2326,3094
18666,3095
2310,3096
5348,3097
18250,3098
7010,3099
9332,3100
9466,3101
7498,3102
6871,3103
19231,3104
13300,3105
6854,3106
5585,3107
4985,3108
6253,3109
728,3110
4340,3111
10700,3112
8704,3113
5600,3114
3795,3115
3140,3116
8009,3117
1768,3118
13131,3119
5406,3120
16099,3121
471,3122
6678,3123
10189,3124
13083,3125
13999,3126
1911,3127
12027,3128
10516,3129
19855,3130
19112,3131
3263,3132
12426,3133
14849,3134
17063,3135
16952,3136
19035,3137
19016,3138
14794,3139
11946,3140
8163,3141
6485,3142
14214,3143
7936,3144
5071,3145
4916,3146
4238,3147
6165,3148
15539,3149
14638,3150
15826,3151
19214,3152
3159,3153
3698,3154
9890,3155
12497,3156
17747,3157
13415,3158
4226,3159
7118,3160
14598,3161
15189,3162
6997,3163
5105,3164
12554,3165
4193,3166
3591,3167
17881,3168
13162,3169
15934,3170
17690,3171
9880,3172
17911,3173
8494,3174
14545,3175
4010,3176
14661,3177
11957,3178
1308,3179
403,3180
19280,3181
1811,3182
17808,3183
9675,3184
15299,3185
9618,3186
8643,3187
11076,3188
3859,3189
10124,3190
1294,3191
10567,3192
20332,3193
11088,3194
11692,3195
10058,3196
9415,3197
8752,3198
8711,3199
10706,3200
10663,3201
9995,3202
10748,3203
5022,3204
481,3205
16063,3206
16047,3207
980,3208
14706,3209
6972,3210
748,3211
14098,3212
6733,3213
6095,3214
7969,3215
17305,3216
14159,3217
8401,3218
9211,3219
8386,3220
16035,3221
11262,3222
5633,3223
682,3224
6294,3225
4786,3226
19076,3227
2358,3228
16725,3229
18182,3230
935,3231
1571,3232
8511,3233
13183,3234
4439,3235
19654,3236
8980,3237
1778,3238
9782,3239
14346,3240
14516,3241
3735,3242
14390,3243
3434,3244
18453,3245
19154,3246
12374,3247
15432,3248
12981,3249
7497,3250
11765,3251
632,3252
9453,3253
16251,3254
16698,3255
13051,3256
2354,3257
14900,3258
13633,3259
8467,3260
16667,3261
14435,3262
11048,3263
7380,3264
14311,3265
2229,3266
751,3267
17278,3268
20220,3269
10398,3270
12142,3271
9215,3272
14916,3273
12485,3274
9440,3275
4404,3276
1200,3277
20147,3278
12546,3279
3103,3280
2468,3281
8753,3282
9416,3283
10610,3284
18552,3285
3807,3286
3084,3287
464,3288
16173,3289
9945,3290
3736,3291
1235,3292
8778,3293
10778,3294
2480,3295
7510,3296
502,3297
6931,3298
19980,3299
1838,3300
10514,3301
2980,3302
11317,3303
12524,3304
10150,3305
19621,3306
14236,3307
16020,3308
13147,3309
15198,3310
5241,3311
17031,3312
18387,3313
11891,3314
15989,3315
12498,3316
17160,3317
15544,3318
17746,3319
13768,3320
9744,3321
618,3322
11220,3323
12707,3324
16588,3325
17268,3326
16571,3327
15350,3328
15390,3329
1111,3330
8528,3331
13671,3332
16001,3333
11756,3334
15548,3335
14958,3336
2205,3337
3574,3338
12283,3339
15533,3340
14811,3341
8705,3342
19615,3343
11182,3344
10127,3345
3227,3346
8130,3347
5328,3348
15624,3349
4275,3350
851,3351
3669,3352
16292,3353
8390,3354
18272,3355
14011,3356
13233,3357
19049,3358
15346,3359
11333,3360
12553,3361
6809,3362
9556,3363
20273,3364
18154,3365
16787,3366
8461,3367
6721,3368
15489,3369
8973,3370
16631,3371
7871,3372
5882,3373
17204,3374
3617,3375
11798,3376
17866,3377
15985,3378
18483,3379
15675,3380
3151,3381
16189,3382
5593,3383
17877,3384
13687,3385
12967,3386
11838,3387
12342,3388
2844,3389
19726,3390
14174,3391
12462,3392
16169,3393
13102,3394
2010,3395
14240,3396
3954,3397
6236,3398
6252,3399
13244,3400
10435,3401
2147,3402
814,3403
8214,3404
6127,3405
9199,3406
12313,3407
12921,3408
19665,3409
4718,3410
11514,3411
1103,3412
1265,3413
6903,3414
888,3415
11633,3416
2590,3417
525,3418
11904,3419
13619,3420
19217,3421
5860,3422
10984,3423
11290,3424
14403,3425
1784,3426
9622,3427
15511,3428
1156,3429
5400,3430
13231,3431
19625,3432
18429,3433
7035,3434
8224,3435
15310,3436
20299,3437
19062,3438
3223,3439
364,3440
12435,3441
4447,3442
8402,3443
17823,3444
20177,3445
4232,3446
18311,3447
18912,3448
5466,3449
10529,3450
5887,3451
6513,3452
7839,3453
1255,3454
4961,3455
5561,3456
8135,3457
2012,3458
16373,3459
7306,3460
6426,3461
14548,3462
8256,3463
753,3464
10941,3465
4443,3466
10590,3467
2900,3468
16159,3469
1431,3470
13243,3471
1279,3472
13158,3473
3592,3474
18808,3475
14107,3476
3395,3477
13174,3478
1258,3479
9363,3480
6077,3481
3822,3482
3154,3483
1914,3484
14425,3485
3677,3486
668,3487
9361,3488
5016,3489
1934,3490
11401,3491
13214,3492
8140,3493
376,3494
13973,3495
5089,3496
7367,3497
5473,3498
13914,3499
4640,3500
19824,3501
4331,3502
2199,3503
19048,3504
6885,3505
516,3506
11174,3507
9190,3508
16818,3509
1357,3510
17818,3511
3234,3512
15478,3513
8182,3514
16123,3515
1972,3516
19699,3517
8974,3518
10809,3519
19001,3520
8806,3521
6259,3522
2220,3523
3837,3524
16105,3525
4427,3526
594,3527
17369,3528
646,3529
2855,3530
6305,3531
2657,3532
16086,3533
6299,3534
19663,3535
2017,3536
16646,3537
12633,3538
7246,3539
1945,3540
572,3541
2911,3542
13339,3543
10808,3544
462,3545
18905,3546
14305,3547
13558,3548
13939,3549
7029,3550
596,3551
4430,3552
436,3553
4064,3554
17561,3555
19495,3556
2528,3557
581,3558
562,3559
3164,3560
19808,3561
5440,3562
19092,3563
13830,3564
4866,3565
9875,3566
9504,3567
11886,3568
9071,3569
7775,3570
19951,3571
12854,3572
16700,3573
17728,3574
19098,3575
9294,3576
3352,3577
6144,3578
10772,3579
8022,3580
18004,3581
8124,3582
6873,3583
6248,3584
4416,3585
6187,3586
2425,3587
13809,3588
3740,3589
7411,3590
4425,3591
415,3592
8097,3593
3172,3594
7015,3595
6766,3596
7388,3597
3694,3598
7496,3599
8787,3600
14429,3601
6271,3602
1169,3603
9392,3604
8729,3605
12628,3606
12005,3607
7448,3608
8896,3609
416,3610
8078,3611
3731,3612
4336,3613
2612,3614
19607,3615
2369,3616
11029,3617
18303,3618
18403,3619
13564,3620
14880,3621
17716,3622
16626,3623
3645,3624
6049,3625
12731,3626
9054,3627
10585,3628
4839,3629
18895,3630
7882,3631
7101,3632
1391,3633
16121,3634
3381,3635
15072,3636
17719,3637
12551,3638
12276,3639
17092,3640
4502,3641
6750,3642
18543,3643
10074,3644
10743,3645
10574,3646
7026,3647
7042,3648
7898,3649
16250,3650
14978,3651
19373,3652
5955,3653
17026,3654
15834,3655
5948,3656
16992,3657
12751,3658
5941,3659
14561,3660
12490,3661
17150,3662
19082,3663
16564,3664
6660,3665
19542,3666
6035,3667
8466,3668
9129,3669
11815,3670
14348,3671
5474,3672
14110,3673
917,3674
11701,3675
8484,3676
18527,3677
4744,3678
4141,3679
2601,3680
8694,3681
7386,3682
15195,3683
14859,3684
17172,3685
13750,3686
12567,3687
17276,3688
19025,3689
12975,3690
7243,3691
844,3692
10604,3693
7767,3694
2846,3695
16930,3696
12108,3697
12716,3698
11191,3699
14228,3700
13324,3701
13377,3702
11395,3703
14539,3704
18116,3705
15866,3706
15269,3707
7277,3708
7955,3709
1462,3710
9685,3711
1948,3712
427,3713
5051,3714
13645,3715
9020,3716
14621,3717
979,3718
2085,3719
8226,3720
18223,3721
18145,3722
17700,3723
3016,3724
19659,3725
16014,3726
2381,3727
16692,3728
18924,3729
4357,3730
9781,3731
16840,3732
12537,3733
6840,3734
455,3735
2260,3736
6841,3737
3816,3738
9503,3739
8617,3740
15563,3741
8988,3742
3981,3743
16060,3744
1415,3745
5342,3746
13032,3747
15686,3748
6712,3749
3861,3750
20322,3751
4349,3752
8586,3753
15538,3754
17005,3755
16417,3756
5847,3757
6473,3758
9248,3759
5441,3760
8441,3761
16075,3762
4317,3763
13169,3764
20045,3765
19449,3766
9857,3767
9117,3768
19924,3769
19210,3770
9966,3771
6312,3772
17287,3773
12465,3774
17733,3775
3667,3776
17129,3777
6785,3778
1458,3779
19817,3780
5757,3781
3964,3782
3672,3783
3540,3784
18961,3785
7383,3786
5151,3787
19201,3788
16841,3789
8291,3790
4315,3791
5004,3792
11558,3793
1083,3794
17941,3795
6389,3796
2744,3797
16255,3798
17361,3799
9939,3800
7966,3801
19987,3802
19805,3803
3168,3804
7080,3805
7436,3806
1038,3807
20051,3808
12902,3809
7991,3810
17650,3811
17624,3812
3788,3813
3738,3814
14695,3815
6192,3816
13352,3817
7720,3818
1514,3819
4359,3820
4874,3821
19300,3822
16714,3823
2089,3824
16187,3825
729,3826
13981,3827
911,3828
17318,3829
10404,3830
8404,3831
4679,3832
16997,3833
14041,3834
15149,3835
10939,3836
19885,3837
16328,3838
4608,3839
19290,3840
10186,3841
17821,3842
18419,3843
18350,3844
18067,3845
15490,3846
11720,3847
15308,3848
11100,3849
6006,3850
3535,3851
4513,3852
9527,3853
20225,3854
16613,3855
11927,3856
842,3857
2440,3858
19792,3859
18645,3860
4411,3861
15801,3862
1396,3863
9528,3864
4505,3865
20292,3866
10090,3867
16770,3868
7499,3869
2591,3870
424,3871
3994,3872
13827,3873
3226,3874
410,3875
8842,3876
9901,3877
17302,3878
3520,3879
14761,3880
13709,3881
14157,3882
12558,3883
12340,3884
13163,3885
2334,3886
13047,3887
15858,3888
10531,3889
18741,3890
18141,3891
2154,3892
10169,3893
6088,3894
13202,3895
18170,3896
9845,3897
6911,3898
10558,3899
11967,3900
17046,3901
5889,3902
19796,3903
3664,3904
14235,3905
9471,3906
582,3907
14585,3908
1157,3909
11343,3910
1708,3911
11919,3912
13674,3913
15095,3914
15578,3915
5764,3916
16761,3917
18084,3918
16586,3919
3619,3920
15424,3921
12087,3922
7462,3923
20035,3924
16850,3925
3143,3926
9794,3927
1353,3928
18100,3929
18241,3930
20039,3931
17601,3932
18167,3933
7219,3934
6594,3935
12591,3936
9647,3937
4833,3938
1862,3939
10055,3940
19125,3941
11694,3942
8503,3943
15618,3944
5218,3945
14024,3946
3507,3947
2903,3948
19114,3949
14158,3950
10518,3951
14300,3952
11314,3953
5308,3954
11494,3955
9232,3956
11611,3957
2221,3958
7295,3959
18418,3960
3188,3961
11850,3962
13654,3963
5507,3964
16142,3965
9821,3966
20010,3967
5353,3968
4602,3969
9488,3970
1781,3971
4888,3972
15464,3973
12931,3974
12922,3975
12314,3976
5940,3977
10929,3978
12748,3979
19459,3980
15085,3981
10795,3982
4417,3983
2647,3984
12708,3985
2398,3986
1300,3987
17964,3988
1297,3989
13771,3990
938,3991
2840,3992
7467,3993
704,3994
11851,3995
5250,3996
15732,3997
11603,3998
13881,3999
3893,4000
9641,4001
14538,4002
18835,4003
16491,4004
17735,4005
17292,4006
8860,4007
6762,4008
5175,4009
7919,4010
16382,4011
5091,4012
10501,4013
11938,4014
18890,4015
7755,4016
1580,4017
2973,4018
19883,4019
1071,4020
9639,4021
18245,4022
4289,4023
2101,4024
3341,4025
1159,4026
7124,4027
19288,4028
4051,4029
16947,4030
9355,4031
7150,4032
11713,4033
12320,4034
1682,4035
1046,4036
17458,4037
17010,4038
2687,4039
19752,4040
13688,4041
5368,4042
14873,4043
3607,4044
4811,4045
12500,4046
11293,4047
4045,4048
6480,4049
6550,4050
9971,4051
11845,4052
13714,4053
14055,4054
12845,4055
957,4056
1592,4057
9869,4058
13952,4059
7545,4060
1727,4061
18155,4062
9566,4063
10144,4064
9905,4065
5974,4066
4844,4067
9694,4068
16291,4069
1414,4070
905,4071
8797,4072
3510,4073
12074,4074
10798,4075
4058,4076
13472,4077
14367,4078
3937,4079
9555,4080
10113,4081
10131,4082
3275,4083
7568,4084
16885,4085
18574,4086
6277,4087
6836,4088
6126,4089
19831,4090
5128,4091
8210,4092
5883,4093
6330,4094
10145,4095
11406,4096
7372,4097
6465,4098
10065,4099
6751,4100
3955,4101
14973,4102
6486,4103
13620,4104
7515,4105
412,4106
3646,4107
13758,4108
5288,4109
11890,4110
18940,4111
16124,4112
14162,4113
14759,4114
5765,4115
1127,4116
11523,4117
2386,4118
1744,4119
5886,4120
3354,4121
9935,4122
17528,4123
18521,4124
14115,4125
14708,4126
8923,4127
1395,4128
8483,4129
1702,4130
12589,4131
16623,4132
4128,4133
2084,4134
7570,4135
1696,4136
15698,4137
16575,4138
14866,4139
19536,4140
9876,4141
16326,4142
1764,4143
7964,4144
11707,4145
11042,4146
12094,4147
9379,4148
3214,4149
4962,4150
8717,4151
16377,4152
835,4153
2454,4154
3089,4155
1182,4156
13834,4157
1971,4158
6219,4159
8100,4160
5546,4161
4945,4162
9264,4163
10581,4164
10028,4165
10722,4166
1224,4167
4940,4168
16678,4169
19552,4170
6821,4171
10284,4172
6776,4173
17668,4174
15986,4175
12619,4176
12075,4177
1928,4178
5189,4179
840,4180
14409,4181
10365,4182
10420,4183
14273,4184
11258,4185
7840,4186
9251,4187
16249,4188
12926,4189
19222,4190
7441,4191
12562,4192
3577,4193
2957,4194
17597,4195
16986,4196
18756,4197
8876,4198
6579,4199
4356,4200
13753,4201
17615,4202
2850,4203
7740,4204
14071,4205
2599,4206
1137,4207
5637,4208
359,4209
6366,4210
6104,4211
655,4212
19635,4213
16022,4214
16668,4215
8309,4216
13803,4217
16011,4218
8710,4219
3941,4220
9373,4221
18044,4222
4920,4223
3809,4224
5613,4225
8628,4226
9920,4227
5604,4228
5013,4229
5612,4230
3116,4231
5514,4232
4424,4233
16201,4234
1187,4235
3099,4236
3972,4237
15470,4238
2120,4239
18319,4240
20253,4241
17779,4242
11254,4243
16010,4244
7308,4245
7681,4246
14773,4247
19030,4248
17784,4249
6674,4250
14177,4251
6050,4252
7726,4253
16013,4254
5422,4255
12380,4256
7934,4257
13356,4258
2435,4259
11842,4260
5437,4261
17544,4262
6516,4263
15787,4264
14013,4265
15600,4266
9305,4267
7355,4268
19996,4269
6758,4270
10140,4271
637,4272
8852,4273
14646,4274
3042,4275
7387,4276
13107,4277
15983,4278
16049,4279
20188,4280
11249,4281
16835,4282
15568,4283
18844,4284
4106,4285
12383,4286
13727,4287
3260,4288
13650,4289
3430,4290
11102,4291
7139,4292
15867,4293
9816,4294
8746,4295
4352,4296
3748,4297
17531,4298
14080,4299
15096,4300
4952,4301
1304,4302
2459,4303
367,4304
7980,4305
16415,4306
10294,4307
7999,4308
10613,4309
13165,4310
6412,4311
2244,4312
5777,4313
6403,4314
12590,4315
10196,4316
14248,4317
7869,4318
11772,4319
14703,4320
16383,4321
13155,4322
18988,4323
15987,4324
15403,4325
14332,4326
2086,4327
15503,4328
7399,4329
3433,4330
4035,4331
7930,4332
10353,4333
1087,4334
14324,4335
13314,4336
15593,4337
9652,4338
18789,4339
17475,4340
16890,4341
17230,4342
5479,4343
6489,4344
4459,4345
6773,4346
20238,4347
5178,4348
16828,4349
9535,4350
9746,4351
8003,4352
4831,4353
10732,4354
1232,4355
7340,4356
13220,4357
15603,4358
6224,4359
5517,4360
4422,4361
4394,4362
6166,4363
6215,4364
8094,4365
7345,4366
9314,4367
11417,4368
7433,4369
8063,4370
9467,4371
356,4372
652,4373
3280,4374
20272,4375
18464,4376
4133,4377
15245,4378
666,4379
18775,4380
11425,4381
2451,4382
10534,4383
15773,4384
15124,4385
5242,4386
4187,4387
18120,4388
2329,4389
12201,4390
1372,4391
4789,4392
11817,4393
5603,4394
7155,4395
15658,4396
7576,4397
18512,4398
15440,4399
16931,4400
18322,4401
7953,4402
5766,4403
3106,4404
996,4405
16669,4406
19889,4407
12689,4408
6491,4409
7204,4410
7956,4411
6735,4412
8838,4413
14829,4414
18164,4415
12486,4416
19508,4417
8620,4418
4873,4419
13306,4420
9505,4421
3270,4422
9554,4423
2972,4424
10768,4425
4434,4426
540,4427
1705,4428
4843,4429
12178,4430
9472,4431
374,4432
18541,4433
9375,4434
15736,4435
17485,4436
16900,4437
11221,4438
18383,4439
6041,4440
2879,4441
18749,4442
11983,4443
872,4444
10333,4445
10608,4446
19455,4447
3014,4448
11065,4449
12883,4450
6079,4451
12096,4452
6707,4453
17436,4454
1752,4455
10900,4456
12718,4457
8252,4458
7558,4459
2814,4460
11041,4461
4174,4462
18744,4463
19265,4464
11533,4465
12855,4466
2223,4467
2924,4468
15630,4469
10149,4470
12439,4471
2635,4472
19650,4473
8296,4474
5031,4475
8412,4476
487,4477
20211,4478
6301,4479
6929,4480
723,4481
20246,4482
10340,4483
9522,4484
1375,4485
15417,4486
8186,4487
20232,4488
16046,4489
3823,4490
564,4491
1314,4492
472,4493
1947,4494
9670,4495
8342,4496
18953,4497
20247,4498
11178,4499
11783,4500
7314,4501
6693,4502
12710,4503
20249,4504
20282,4505
19751,4506
14624,4507
5650,4508
9492,4509
16081,4510
15893,4511
15023,4512
685,4513
17147,4514
17311,4515
14179,4516
14904,4517
2921,4518
14406,4519
12429,4520
16647,4521
10868,4522
17197,4523
15500,4524
18291,4525
18317,4526
1092,4527
6856,4528
12753,4529
18918,4530
1729,4531
14772,4532
9882,4533
16559,4534
11992,4535
5774,4536
8330,4537
17371,4538
14929,4539
2335,4540
13545,4541
14893,4542
7737,4543
13744,4544
19981,4545
18211,4546
19385,4547
5355,4548
12877,4549
18121,4550
5979,4551
6606,4552
3506,4553
4110,4554
9041,4555
16357,4556
16521,4557
18721,4558
18205,4559
17620,4560
11661,4561
11056,4562
4554,4563
1160,4564
3626,4565
8533,4566
5153,4567
17237,4568
19641,4569
15937,4570
8969,4571
1779,4572
643,4573
3515,4574
12767,4575
12181,4576
9885,4577
18643,4578
18043,4579
7349,4580
15496,4581
17110,4582
4804,4583
4594,4584
8492,4585
2926,4586
10411,4587
4803,4588
13895,4589
16854,4590
15098,4591
10790,4592
3123,4593
11593,4594
10000,4595
5193,4596
9743,4597
6585,4598
4767,4599
5785,4600
14027,4601
8863,4602
13076,4603
16695,4604
18125,4605
11147,4606
13210,4607
1486,4608
12606,4609
1569,4610
15266,4611
11059,4612
8700,4613
7444,4614
8074,4615
9326,4616
12741,4617
4543,4618
5243,4619
4924,4620
5021,4621
521,4622
9423,4623
8760,4624
11660,4625
19798,4626
6853,4627
4991,4628
4390,4629
3814,4630
1378,4631
11416,4632
12021,4633
6849,4634
7476,4635
8649,4636
5528,4637
1165,4638
7341,4639
1747,4640
8948,4641
8314,4642
14490,4643
11875,4644
15521,4645
19310,4646
1109,4647
1102,4648
12171,4649
11563,4650
8996,4651
8333,4652
19995,4653
12322,4654
3093,4655
14365,4656
17500,4657
15741,4658
6385,4659
13696,4660
13752,4661
15828,4662
11044,4663
10241,4664
13840,4665
14267,4666
3437,4667
7478,4668
17760,4669
13195,4670
12930,4671
2485,4672
4211,4673
2987,4674
11896,4675
17563,4676
13105,4677
2352,4678
19005,4679
19301,4680
16348,4681
5737,4682
4503,4683
4148,4684
19686,4685
9843,4686
19457,4687
17757,4688
1793,4689
8292,4690
6136,4691
4519,4692
8203,4693
8967,4694
6727,4695
16374,4696
19146,4697
13504,4698
2776,4699
19289,4700
11426,4701
12026,4702
15711,4703
12078,4704
3033,4705
18816,4706
2311,4707
1787,4708
7376,4709
8004,4710
1917,4711
1281,4712
2577,4713
384,4714
19152,4715
9403,4716
3440,4717
19736,4718
965,4719
8331,4720
18648,4721
13079,4722
9879,4723
8055,4724
14495,4725
4997,4726
17008,4727
4708,4728
8488,4729
7822,4730
17426,4731
3181,4732
14660,4733
2899,4734
10292,4735
4306,4736
9241,4737
9952,4738
9525,4739
12262,4740
8676,4741
3874,4742
13114,4743
13909,4744
14852,4745
9838,4746
6704,4747
18657,4748
983,4749
864,4750
12308,4751
9168,4752
7859,4753
9680,4754
16834,4755
7652,4756
5493,4757
10305,4758
1140,4759
7084,4760
17058,4761
6651,4762
3149,4763
16263,4764
5582,4765
12091,4766
12339,4767
6746,4768
5756,4769
10684,4770
18178,4771
3137,4772
1222,4773
2263,4774
17373,4775
4236,4776
4576,4777
11996,4778
10647,4779
10213,4780
6631,4781
18778,4782
12260,4783
12868,4784
14349,4785
19998,4786
15264,4787
16474,4788
17813,4789
5195,4790
8872,4791
13694,4792
13651,4793
871,4794
12076,4795
6242,4796
17963,4797
12247,4798
7327,4799
6624,4800
14654,4801
4246,4802
15779,4803
15167,4804
10569,4805
15680,4806
9377,4807
19401,4808
16882,4809
2142,4810
10197,4811
15423,4812
17777,4813
7307,4814
6216,4815
3708,4816
14345,4817
16501,4818
17089,4819
6020,4820
9085,4821
9021,4822
2406,4823
16739,4824
2904,4825
3508,4826
6225,4827
4012,4828
9635,4829
4794,4830
9242,4831
2578,4832
672,4833
7332,4834
9252,4835
7165,4836
8960,4837
10672,4838
8679,4839
6102,4840
4419,4841
10173,4842
15017,4843
10596,4844
1847,4845
2488,4846
6794,4847
6168,4848
5504,4849
3690,4850
2830,4851
1636,4852
10336,4853
8337,4854
16282,4855
13929,4856
4531,4857
2024,4858
18506,4859
6148,4860
8027,4861
16643,4862
1309,4863
609,4864
18336,4865
8845,4866
14865,4867
3655,4868
6388,4869
8477,4870
15205,4871
14535,4872
17445,4873
6593,4874
16758,4875
7967,4876
11831,4877
19531,4878
14825,4879
20127,4880
16733,4881
14799,4882
16144,4883
5946,4884
10751,4885
15919,4886
15915,4887
3815,4888
10712,4889
13794,4890
4682,4891
2627,4892
8042,4893
10683,4894
12927,4895
839,4896
15004,4897
4374,4898
7456,4899
16197,4900
6265,4901
8662,4902
1296,4903
10796,4904
9427,4905
16775,4906
8008,4907
6133,4908
15572,4909
9004,4910
15677,4911
3472,4912
2839,4913
2204,4914
12996,4915
13784,4916
10129,4917
9406,4918
18604,4919
15668,4920
2115,4921
2540,4922
15569,4923
14494,4924
5497,4925
18696,4926
9053,4927
5219,4928
6589,4929
13414,4930
1545,4931
7759,4932
8318,4933
18144,4934
16297,4935
19969,4936
924,4937
13351,4938
11689,4939
2955,4940
12925,4941
18763,4942
17802,4943
15968,4944
13763,4945
14237,4946
13574,4947
11377,4948
1369,4949
19836,4950
10648,4951
9444,4952
18601,4953
2285,4954
10538,4955
7715,4956
7086,4957
18509,4958
18300,4959
17300,4960
4764,4961
5365,4962
8873,4963
13951,4964
19916,4965
4787,4966
4184,4967
18596,4968
2008,4969
1609,4970
14302,4971
13641,4972
10230,4973
12010,4974
19482,4975
1319,4976
400,4977
10576,4978
14506,4979
12909,4980
2748,4981
6717,4982
15738,4983
6176,4984
15285,4985
5301,4986
4702,4987
12717,4988
1774,4989
17515,4990
8571,4991
2290,4992
5475,4993
18684,4994
4023,4995
17036,4996
7913,4997
15566,4998
1883,4999
19020,5000
11852,5001
17001,5002
20163,5003
17232,5004
19570,5005
19019,5006
3604,5007
17851,5008
17137,5009
12446,5010
11148,5011
11334,5012
20135,5013
6623,5014
17785,5015
15509,5016
17734,5017
16724,5018
11132,5019
12541,5020
14202,5021
15502,5022
14378,5023
15437,5024
11820,5025
11801,5026
17765,5027
11337,5028
1717,5029
15481,5030
19212,5031
12951,5032
14892,5033
1892,5034
14926,5035
19569,5036
19730,5037
19647,5038
16066,5039
12391,5040
16078,5041
16431,5042
725,5043
4828,5044
10407,5045
7231,5046
5689,5047
5920,5048
13058,5049
7712,5050
10375,5051
9705,5052
7011,5053
1154,5054
13503,5055
6940,5056
1066,5057
7056,5058
6845,5059
2560,5060
17919,5061
9300,5062
13732,5063
9414,5064
18611,5065
8707,5066
14058,5067
6740,5068
7361,5069
13713,5070
11725,5071
7294,5072
10384,5073
9714,5074
19130,5075
2410,5076
4008,5077
8115,5078
2999,5079
3194,5080
8775,5081
19556,5082
2364,5083
20154,5084
18382,5085
11411,5086
19738,5087
5947,5088
6574,5089
10619,5090
8297,5091
12015,5092
5823,5093
6449,5094
17119,5095
19008,5096
11623,5097
5170,5098
17346,5099
10979,5100
2037,5101
5574,5102
15294,5103
6223,5104
14085,5105
6528,5106
15643,5107
1990,5108
10999,5109
13635,5110
13004,5111
8532,5112
19958,5113
8181,5114
19115,5115
7108,5116
1042,5117
790,5118
3860,5119
7691,5120
14583,5121
18897,5122
14882,5123
18296,5124
14943,5125
1840,5126
4384,5127
18011,5128
10605,5129
16873,5130
4405,5131
12964,5132
14353,5133
4122,5134
17017,5135
13050,5136
14634,5137
18168,5138
3961,5139
3688,5140
7646,5141
8609,5142
18123,5143
14241,5144
15385,5145
9224,5146
18774,5147
3806,5148
543,5149
18800,5150
16831,5151
8888,5152
10633,5153
17496,5154
10525,5155
13528,5156
14126,5157
7683,5158
2680,5159
14309,5160
9723,5161
4155,5162
16822,5163
8853,5164
16150,5165
14959,5166
13469,5167
10403,5168
9733,5169
4115,5170
1998,5171
19105,5172
3449,5173
3088,5174
2522,5175
7992,5176
7364,5177
5698,5178
503,5179
18006,5180
7949,5181
6561,5182
15744,5183
10971,5184
9059,5185
8396,5186
18508,5187
15416,5188
11177,5189
14786,5190
12532,5191
6022,5192
19225,5193
19820,5194
5198,5195
11360,5196
16344,5197
16929,5198
11812,5199
17900,5200
14142,5201
6894,5202
4620,5203
4280,5204
17834,5205
16260,5206
2379,5207
6306,5208
2371,5209
8422,5210
3312,5211
7552,5212
14713,5213
14303,5214
12086,5215
3171,5216
749,5217
19043,5218
8810,5219
348,5220
11127,5221
11841,5222
19573,5223
6642,5224
4215,5225
6017,5226
19488,5227
19165,5228
12007,5229
9870,5230
14591,5231
15182,5232
948,5233
17846,5234
13515,5235
19790,5236
8197,5237
3879,5238
13806,5239
6752,5240
5038,5241
3833,5242
7023,5243
4319,5244
3760,5245
1158,5246
1194,5247
15161,5248
641,5249
10601,5250
677,5251
19205,5252
12600,5253
1564,5254
5155,5255
11410,5256
10136,5257
8116,5258
8018,5259
12916,5260
17437,5261
8713,5262
9335,5263
4413,5264
6250,5265
9563,5266
9311,5267
8061,5268
6183,5269
4307,5270
6814,5271
19763,5272
2421,5273
600,5274
8898,5275
535,5276
8723,5277
3134,5278
14197,5279
16149,5280
6760,5281
8882,5282
20317,5283
16400,5284
8958,5285
4695,5286
5330,5287
13879,5288
739,5289
11738,5290
19127,5291
16483,5292
15897,5293
7122,5294
10439,5295
10184,5296
5775,5297
18404,5298
2080,5299
2666,5300
12749,5301
5818,5302
4625,5303
12593,5304
1495,5305
7310,5306
14529,5307
17798,5308
13936,5309
10554,5310
17944,5311
17358,5312
7068,5313
20340,5314
9986,5315
4870,5316
6468,5317
9715,5318
20113,5319
11204,5320
18269,5321
10204,5322
5427,5323
15608,5324
13435,5325
9202,5326
1039,5327
16793,5328
18549,5329
15709,5330
7667,5331
9329,5332
7316,5333
1864,5334
8867,5335
5376,5336
4651,5337
3656,5338
14211,5339
13074,5340
7245,5341
3895,5342
6706,5343
16776,5344
13902,5345
5820,5346
12275,5347
6946,5348
17272,5349
4809,5350
1090,5351
4209,5352
13200,5353
18031,5354
18631,5355
20185,5356
14370,5357
14961,5358
18708,5359
19941,5360
2660,5361
19056,5362
13598,5363
14912,5364
10928,5365
4303,5366
3681,5367
19639,5368
5407,5369
8287,5370
3724,5371
4807,5372
8300,5373
13811,5374
18324,5375
3660,5376
6019,5377
2345,5378
5744,5379
6174,5380
18973,5381
7291,5382
11789,5383
13156,5384
11934,5385
6759,5386
17827,5387
19800,5388
15996,5389
16065,5390
16583,5391
6866,5392
2569,5393
1932,5394
11839,5395
8105,5396
8737,5397
10735,5398
18254,5399
3727,5400
8137,5401
2624,5402
8744,5403
9407,5404
4603,5405
7635,5406
1619,5407
15683,5408
7400,5409
3802,5410
4406,5411
1819,5412
1770,5413
2442,5414
15021,5415
2600,5416
4986,5417
5586,5418
10747,5419
8748,5420
3098,5421
1230,5422
1866,5423
4330,5424
14039,5425
9803,5426
2933,5427
2299,5428
19804,5429
2536,5430
10688,5431
2303,5432
6540,5433
7303,5434
15551,5435
10376,5436
12757,5437
14885,5438
14160,5439
10541,5440
16788,5441
5350,5442
17383,5443
1772,5444
4857,5445
5304,5446
4705,5447
18316,5448
13025,5449
15303,5450
19673,5451
13425,5452
12377,5453
12549,5454
16406,5455
19057,5456
13555,5457
13157,5458
2971,5459
11166,5460
19017,5461
9074,5462
6402,5463
3725,5464
1879,5465
9819,5466
17873,5467
16562,5468
13747,5469
18261,5470
7006,5471
3097,5472
1120,5473
14046,5474
2708,5475
5079,5476
8497,5477
9964,5478
4482,5479
6545,5480
7339,5481
7563,5482
11844,5483
5070,5484
17229,5485
1398,5486
7242,5487
1334,5488
12433,5489
1310,5490
5630,5491
15025,5492
5998,5493
490,5494
488,5495
1951,5496
363,5497
2582,5498
402,5499
13933,5500
1354,5501
17537,5502
787,5503
8187,5504
3799,5505
19418,5506
8045,5507
7415,5508
20336,5509
4751,5510
5352,5511
745,5512
8669,5513
12424,5514
18747,5515
11199,5516
11207,5517
11984,5518
3900,5519
10779,5520
1587,5521
8463,5522
18050,5523
4057,5524
7220,5525
8381,5526
18111,5527
13373,5528
18711,5529
3641,5530
9145,5531
14960,5532
9722,5533
16211,5534
10397,5535
8871,5536
10038,5537
3940,5538
14401,5539
6508,5540
19124,5541
14116,5542
13518,5543
5311,5544
4712,5545
14700,5546
15472,5547
14770,5548
14883,5549
20107,5550
14364,5551
14173,5552
14955,5553
9739,5554
9546,5555
11860,5556
8216,5557
17224,5558
2583,5559
6266,5560
1946,5561
530,5562
1505,5563
583,5564
2021,5565
6927,5566
16053,5567
6922,5568
15402,5569
5027,5570
8145,5571
438,5572
18566,5573
17814,5574
2253,5575
868,5576
10827,5577
3840,5578
6153,5579
1203,5580
16637,5581
11612,5582
13554,5583
19728,5584
15145,5585
15093,5586
8601,5587
9771,5588
3442,5589
3448,5590
11599,5591
10993,5592
3252,5593
15421,5594
3398,5595
14758,5596
19644,5597
11180,5598
19965,5599
9000,5600
9892,5601
12089,5602
8751,5603
4632,5604
12101,5605
3495,5606
9235,5607
9081,5608
988,5609
1623,5610
13911,5611
7429,5612
16942,5613
5463,5614
15808,5615
8355,5616
16659,5617
12422,5618
19574,5619
17242,5620
11288,5621
5424,5622
8849,5623
11246,5624
19566,5625
1688,5626
4675,5627
16152,5628
18216,5629
19091,5630
17149,5631
14293,5632
19512,5633
17880,5634
3468,5635
6445,5636
4680,5637
4077,5638
9275,5639
19939,5640
5487,5641
13120,5642
11744,5643
12560,5644
18862,5645
19460,5646
7912,5647
20334,5648
13941,5649
11081,5650
15899,5651
2250,5652
5228,5653
14534,5654
19739,5655
8482,5656
9219,5657
17380,5658
19032,5659
16919,5660
8448,5661
19755,5662
8530,5663
18283,5664
18619,5665
1234,5666
11010,5667
15168,5668
10350,5669
14615,5670
15206,5671
15297,5672
14707,5673
15013,5674
6848,5675
1992,5676
16666,5677
17275,5678
11165,5679
11251,5680
2880,5681
5978,5682
12234,5683
18531,5684
8128,5685
16331,5686
8399,5687
16953,5688
10962,5689
11566,5690
7166,5691
12117,5692
12725,5693
13249,5694
13836,5695
12213,5696
5784,5697
15178,5698
5833,5699
14478,5700
8883,5701
10925,5702
14294,5703
9088,5704
5302,5705
10835,5706
1973,5707
2145,5708
8338,5709
2491,5710
19706,5711
11476,5712
1113,5713
9022,5714
3599,5715
2208,5716
11326,5717
13521,5718
17525,5719
4038,5720
18882,5721
13152,5722
7151,5723
10636,5724
14986,5725
6124,5726
18975,5727
5583,5728
10876,5729
1897,5730
16689,5731
2634,5732
8447,5733
19061,5734
19085,5735
7020,5736
18729,5737
17124,5738
2252,5739
9262,5740
12463,5741
20161,5742
15528,5743
5418,5744
15891,5745
16141,5746
9823,5747
12080,5748
16493,5749
11645,5750
13760,5751
12510,5752
7239,5753
14322,5754
18240,5755
8266,5756
5679,5757
7735,5758
17891,5759
6627,5760
19026,5761
9452,5762
16891,5763
13241,5764
14869,5765
18633,5766
15272,5767
11977,5768
10390,5769
17306,5770
14709,5771
4016,5772
4621,5773
17261,5774
14270,5775
17168,5776
13093,5777
11762,5778
15475,5779
20100,5780
4262,5781
12721,5782
2294,5783
16729,5784
3519,5785
12899,5786
5144,5787
1852,5788
16976,5789
17676,5790
17788,5791
9855,5792
11106,5793
15319,5794
19977,5795
19381,5796
9889,5797
2297,5798
2438,5799
11470,5800
15003,5801
9010,5802
20040,5803
2121,5804
13341,5805
8151,5806
14810,5807
18994,5808
13734,5809
12155,5810
4233,5811
18310,5812
19624,5813
12730,5814
13337,5815
15067,5816
10212,5817
12840,5818
5706,5819
9478,5820
2363,5821
18384,5822
2998,5823
3897,5824
9501,5825
15599,5826
2428,5827
7518,5828
16984,5829
5454,5830
422,5831
10880,5832
14826,5833
7172,5834
6519,5835
2306,5836
3365,5837
17451,5838
3109,5839
598,5840
2171,5841
12715,5842
19151,5843
2553,5844
14360,5845
19359,5846
19956,5847
16147,5848
17606,5849
944,5850
13112,5851
15452,5852
14765,5853
9246,5854
11759,5855
14544,5856
12092,5857
6820,5858
18790,5859
10310,5860
12208,5861
3044,5862
10975,5863
18523,5864
15720,5865
18827,5866
4713,5867
3536,5868
2070,5869
6932,5870
9767,5871
14447,5872
5042,5873
1054,5874
9009,5875
8341,5876
11933,5877
1871,5878
2905,5879
17353,5880
7962,5881
4903,5882
6857,5883
7484,5884
3176,5885
6881,5886
512,5887
17250,5888
8336,5889
4791,5890
782,5891
19060,5892
5249,5893
11902,5894
17738,5895
14879,5896
18927,5897
7269,5898
1699,5899
18650,5900
18461,5901
8462,5902
9337,5903
4245,5904
1915,5905
6170,5906
14991,5907
13783,5908
19876,5909
18081,5910
3152,5911
2516,5912
18420,5913
18556,5914
18493,5915
14613,5916
16701,5917
17710,5918
11212,5919
20160,5920
15955,5921
16132,5922
3064,5923
14317,5924
4240,5925
19009,5926
2630,5927
6415,5928
19610,5929
18845,5930
20198,5931
2373,5932
15931,5933
932,5934
14608,5935
3560,5936
5366,5937
975,5938
13669,5939
19383,5940
10540,5941
4618,5942
8371,5943
8335,5944
18079,5945
12559,5946
4588,5947
6514,5948
1059,5949
11601,5950
15227,5951
5888,5952
7320,5953
5167,5954
15690,5955
3345,5956
7012,5957
16848,5958
6159,5959
7948,5960
14412,5961
11091,5962
9019,5963
6086,5964
5322,5965
6592,5966
8738,5967
12864,5968
2937,5969
19271,5970
17527,5971
16941,5972
19943,5973
5291,5974
779,5975
18798,5976
19260,5977
8539,5978
2796,5979
9790,5980
6047,5981
16303,5982
15546,5983
12799,5984
10948,5985
20210,5986
4907,5987
3712,5988
3965,5989
1116,5990
11571,5991
17185,5992
4840,5993
18598,5994
3204,5995
1923,5996
16861,5997
3027,5998
13761,5999
3504,6000
18545,6001
13030,6002
2586,6003
387,6004
2684,6005
3629,6006
12250,6007
1546,6008
19845,6009
15180,6010
13398,6011
5668,6012
4313,6013
20006,6014
17803,6015
10096,6016
16380,6017
17751,6018
14609,6019
9120,6020
8457,6021
13889,6022
9558,6023
18047,6024
13360,6025
12771,6026
7665,6027
7853,6028
16160,6029
3484,6030
2295,6031
15553,6032
10765,6033
17021,6034
4041,6035
3439,6036
4918,6037
2102,6038
5520,6039
16440,6040
7688,6041
12258,6042
2759,6043
2124,6044
4593,6045
5192,6046
12954,6047
17556,6048
17112,6049
14766,6050
9874,6051
9693,6052
10363,6053
14118,6054
13520,6055
15186,6056
10737,6057
17052,6058
8656,6059
1841,6060
1205,6061
7968,6062
8602,6063
2581,6064
9405,6065
10072,6066
8594,6067
1142,6068
9299,6069
11063,6070
17637,6071
8638,6072
3101,6073
1188,6074
16184,6075
16305,6076
19254,6077
531,6078
13488,6079
12302,6080
3330,6081
7569,6082
13653,6083
3836,6084
19695,6085
2584,6086
6921,6087
17227,6088
8807,6089
17100,6090
561,6091
489,6092
17685,6093
6615,6094
13723,6095
19034,6096
7997,6097
10282,6098
4878,6099
830,6100
4432,6101
351,6102
18214,6103
18815,6104
3035,6105
17665,6106
2518,6107
7943,6108
16192,6109
2110,6110
5501,6111
2462,6112
11582,6113
8311,6114
4741,6115
1128,6116
16093,6117
17756,6118
16087,6119
1726,6120
7304,6121
17170,6122
7932,6123
18667,6124
16762,6125
5762,6126
11488,6127
17351,6128
8599,6129
14599,6130
11031,6131
16210,6132
19046,6133
15383,6134
20318,6135
19403,6136
11737,6137
4848,6138
19501,6139
1733,6140
19427,6141
19121,6142
8513,6143
8015,6144
18876,6145
18275,6146
14676,6147
16462,6148
7761,6149
7794,6150
19294,6151
9494,6152
5808,6153
12474,6154
18734,6155
18134,6156
13075,6157
6669,6158
11606,6159
3950,6160
20277,6161
7828,6162
7724,6163
8385,6164
11208,6165
11745,6166
18463,6167
2990,6168
12503,6169
12983,6170
14285,6171
12973,6172
8558,6173
19558,6174
13660,6175
18355,6176
19037,6177
18957,6178
12442,6179
11181,6180
13198,6181
10313,6182
874,6183
18846,6184
4847,6185
11043,6186
18230,6187
6408,6188
1570,6189
4241,6190
18073,6191
5782,6192
14805,6193
7418,6194
8282,6195
13897,6196
4348,6197
5187,6198
2562,6199
4071,6200
10910,6201
19846,6202
16904,6203
17489,6204
14936,6205
6091,6206
1099,6207
16116,6208
18559,6209
13124,6210
9518,6211
1953,6212
9297,6213
11312,6214
12347,6215
7289,6216
18147,6217
4658,6218
350,6219
7564,6220
3144,6221
11338,6222
10431,6223
3220,6224
428,6225
9066,6226
12529,6227
14746,6228
11071,6229
11675,6230
19197,6231
8712,6232
2267,6233
3081,6234
4850,6235
16465,6236
15879,6237
17704,6238
4203,6239
5421,6240
15664,6241
8934,6242
2672,6243
15844,6244
9493,6245
19609,6246
17086,6247
9663,6248
13537,6249
19649,6250
11788,6251
19033,6252
15622,6253
18438,6254
19964,6255
13394,6256
20024,6257
13993,6258
19871,6259
18076,6260
10261,6261
5086,6262
20298,6263
18622,6264
15977,6265
16628,6266
18603,6267
3798,6268
3644,6269
6194,6270
1509,6271
4645,6272
857,6273
7921,6274
10211,6275
2160,6276
17951,6277
17366,6278
5531,6279
8126,6280
5579,6281
10634,6282
10786,6283
8784,6284
6255,6285
552,6286
8235,6287
407,6288
1933,6289
10128,6290
8294,6291
1828,6292
3180,6293
1271,6294
4298,6295
8615,6296
8803,6297
408,6298
7880,6299
5683,6300
18771,6301
17800,6302
11647,6303
9672,6304
2755,6305
1607,6306
4687,6307
19903,6308
17683,6309
6956,6310
3229,6311
7208,6312
6014,6313
4606,6314
16051,6315
3830,6316
616,6317
17222,6318
20167,6319
3639,6320
12405,6321
14954,6322
8742,6323
7373,6324
8802,6325
497,6326
10915,6327
15221,6328
1197,6329
7454,6330
15611,6331
4409,6332
5011,6333
8032,6334
9328,6335
573,6336
14415,6337
7255,6338
12956,6339
7883,6340
14347,6341
6027,6342
2658,6343
10640,6344
1289,6345
16837,6346
15498,6347
11009,6348
8108,6349
8474,6350
16336,6351
11441,6352
3846,6353
15150,6354
16670,6355
10071,6356
8830,6357
13159,6358
11084,6359
12084,6360
14858,6361
3375,6362
4194,6363
17447,6364
2761,6365
2394,6366
12268,6367
17483,6368
16898,6369
14407,6370
11955,6371
3589,6372
14636,6373
5676,6374
5851,6375
19069,6376
15356,6377
4868,6378
18738,6379
16967,6380
6034,6381
679,6382
18554,6383
11259,6384
18161,6385
14785,6386
15508,6387
7521,6388
2615,6389
9502,6390
740,6391
3692,6392
8600,6393
5599,6394
3828,6395
3222,6396
633,6397
8696,6398
4431,6399
2587,6400
649,6401
650,6402
373,6403
19759,6404
5685,6405
7425,6406
11866,6407
13589,6408
13179,6409
12216,6410
10931,6411
11535,6412
2907,6413
9268,6414
13035,6415
8304,6416
12898,6417
10595,6418
5590,6419
8125,6420
2722,6421
20130,6422
12428,6423
15367,6424
19117,6425
11800,6426
18514,6427
11727,6428
11879,6429
12370,6430
6414,6431
20302,6432
12882,6433
9810,6434
10480,6435
11598,6436
8786,6437
5002,6438
5602,6439
8769,6440
5615,6441
4498,6442
1172,6443
10720,6444
8724,6445
5788,6446
10044,6447
1568,6448
10481,6449
9811,6450
12033,6451
19756,6452
1681,6453
7312,6454
8310,6455
2411,6456
13910,6457
15010,6458
16797,6459
12478,6460
18413,6461
8332,6462
9047,6463
18222,6464
6580,6465
17600,6466
18035,6467
17992,6468
1995,6469
13060,6470
11557,6471
1650,6472
16004,6473
12453,6474
12386,6475
9080,6476
13175,6477
14651,6478
17807,6479
18990,6480
15487,6481
12153,6482
15242,6483
10259,6484
3883,6485
18850,6486
19825,6487
2833,6488
19004,6489
18609,6490
10092,6491
13759,6492
10997,6493
19382,6494
18033,6495
1551,6496
3944,6497
7419,6498
2422,6499
7241,6500
17847,6501
3943,6502
10937,6503
17182,6504
16645,6505
11735,6506
13042,6507
18109,6508
3745,6509
5827,6510
3443,6511
9734,6512
5480,6513
19819,6514
1112,6515
16405,6516
4495,6517
8734,6518
14914,6519
1079,6520
17655,6521
11929,6522
9646,6523
16939,6524
17630,6525
14664,6526
16370,6527
13406,6528
17068,6529
17611,6530
10426,6531
14119,6532
16434,6533
18279,6534
15940,6535
5812,6536
20209,6537
14525,6538
17138,6539
3628,6540
17724,6541
16625,6542
2690,6543
1359,6544
2563,6545
3199,6546
4401,6547
6824,6548
6199,6549
6775,6550
7398,6551
9317,6552
2549,6553
10749,6554
5625,6555
9994,6556
1135,6557
13458,6558
451,6559
16485,6560
16072,6561
20168,6562
11898,6563
14503,6564
8062,6565
9143,6566
17742,6567
14817,6568
17201,6569
16253,6570
12460,6571
19802,6572
16188,6573
12148,6574
19750,6575
8154,6576
16062,6577
18978,6578
11342,6579
16281,6580
11197,6581
13232,6582
12252,6583
2283,6584
8093,6585
6214,6586
3938,6587
14090,6588
19322,6589
14014,6590
18841,6591
1714,6592
12556,6593
15163,6594
6005,6595
12484,6596
20148,6597
13143,6598
4204,6599
11264,6600
17139,6601
17849,6602
19326,6603
19921,6604
13479,6605
19186,6606
5660,6607
7684,6608
14244,6609
2552,6610
17423,6611
3696,6612
11677,6613
7052,6614
12141,6615
4171,6616
2965,6617
7061,6618
16994,6619
13611,6620
15450,6621
17435,6622
16120,6623
7044,6624
2747,6625
15584,6626
16972,6627
6726,6628
15871,6629
8041,6630
6162,6631
6677,6632
1887,6633
5735,6634
8884,6635
1635,6636
4272,6637
15454,6638
11154,6639
16166,6640
13966,6641
7549,6642
15699,6643
17014,6644
11186,6645
13735,6646
17795,6647
8196,6648
7356,6649
6499,6650
17425,6651
3076,6652
15707,6653
5556,6654
4014,6655
3412,6656
8648,6657
16719,6658
7235,6659
17309,6660
2940,6661
1036,6662
11296,6663
18426,6664
19581,6665
5450,6666
8190,6667
6639,6668
14748,6669
18448,6670
14151,6671
6676,6672
4266,6673
5825,6674
6451,6675
17778,6676
6052,6677
15772,6678
16990,6679
10635,6680
5627,6681
441,6682
16932,6683
13396,6684
16019,6685
9220,6686
9261,6687
3968,6688
12205,6689
12232,6690
12122,6691
10572,6692
20197,6693
14511,6694
7413,6695
14379,6696
17579,6697
15820,6698
16683,6699
7053,6700
16267,6701
8068,6702
5433,6703
15361,6704
4858,6705
5854,6706
13401,6707
15183,6708
18659,6709
3998,6710
9110,6711
14310,6712
18510,6713
19936,6714
19339,6715
5710,6716
737,6717
11245,6718
7657,6719
12456,6720
2701,6721
8869,6722
9904,6723
3145,6724
13063,6725
14249,6726
843,6727
16971,6728
20014,6729
2356,6730
16638,6731
14774,6732
7870,6733
7360,6734
13595,6735
11827,6736
12991,6737
3996,6738
14699,6739
5358,6740
19505,6741
12436,6742
19589,6743
16911,6744
15956,6745
20260,6746
12384,6747
19660,6748
17755,6749
6015,6750
14247,6751
10491,6752
3396,6753
17481,6754
18578,6755
6905,6756
10951,6757
5442,6758
5088,6759
19395,6760
11676,6761
17999,6762
1295,6763
16129,6764
12311,6765
12943,6766
19721,6767
20092,6768
11880,6769
18297,6770
11253,6771
19550,6772
13070,6773
11164,6774
20222,6775
17186,6776
16634,6777
19591,6778
16731,6779
20189,6780
17321,6781
19416,6782
20012,6783
18479,6784
13665,6785
3678,6786
5428,6787
14002,6788
12082,6789
13828,6790
10495,6791
18745,6792
17038,6793
16973,6794
10856,6795
6317,6796
16110,6797
17729,6798
9106,6799
12194,6800
16437,6801
8793,6802
9457,6803
1930,6804
2567,6805
1899,6806
9848,6807
20046,6808
15320,6809
792,6810
5666,6811
19070,6812
6617,6813
11945,6814
10453,6815
2130,6816
2765,6817
17339,6818
7741,6819
5855,6820
8277,6821
1411,6822
4229,6823
2000,6824
8417,6825
13524,6826
6347,6827
17967,6828
19431,6829
17535,6830
6262,6831
683,6832
12847,6833
13944,6834
9226,6835
3356,6836
8986,6837
9650,6838
8596,6839
11017,6840
12469,6841
11424,6842
19337,6843
7145,6844
14250,6845
19013,6846
17249,6847
8583,6848
4026,6849
10156,6850
17074,6851
3065,6852
15499,6853
17705,6854
10922,6855
15300,6856
13519,6857
8380,6858
16208,6859
16436,6860
5453,6861
18237,6862
11421,6863
3676,6864
11588,6865
16624,6866
13318,6867
14861,6868
5256,6869
10425,6870
2144,6871
2778,6872
15994,6873
15449,6874
2771,6875
12648,6876
8821,6877
9087,6878
3184,6879
13327,6880
14219,6881
12255,6882
12410,6883
6628,6884
10302,6885
6729,6886
13943,6887
15982,6888
14875,6889
2109,6890
7262,6891
5549,6892
2091,6893
8575,6894
11649,6895
1740,6896
9787,6897
10457,6898
5408,6899
6648,6900
5398,6901
18668,6902
11915,6903
9344,6904
8682,6905
4859,6906
5907,6907
7791,6908
3960,6909
4504,6910
9686,6911
2274,6912
3685,6913
7896,6914
15079,6915
7582,6916
11339,6917
15905,6918
7906,6919
12876,6920
7804,6921
7173,6922
19713,6923
2055,6924
1999,6925
17274,6926
3800,6927
6521,6928
833,6929
13427,6930
3714,6931
6913,6932
19678,6933
12022,6934
6116,6935
10524,6936
14724,6937
15314,6938
14681,6939
8370,6940
5413,6941
13764,6942
12235,6943
11629,6944
2389,6945
5157,6946
4030,6947
2453,6948
854,6949
5878,6950
5272,6951
10362,6952
2402,6953
7653,6954
17432,6955
18618,6956
18764,6957
4971,6958
3460,6959
12901,6960
3153,6961
2158,6962
17936,6963
11548,6964
10944,6965
18221,6966
6425,6967
5799,6968
16259,6969
2301,6970
17473,6971
16888,6972
19744,6973
17006,6974
18653,6975
14590,6976
13998,6977
12305,6978
18053,6979
17590,6980
953,6981
2760,6982
6520,6983
11698,6984
2064,6985
8206,6986
14623,6987
858,6988
10417,6989
10414,6990
8419,6991
7366,6992
4131,6993
6745,6994
1417,6995
11294,6996
1464,6997
12598,6998
17497,6999
5383,7000
4630,7001
1642,7002
1007,7003
19873,7004
2375,7005
6382,7006
7995,7007
19428,7008
10920,7009
9859,7010
12772,7011
13409,7012
18407,7013
6397,7014
18652,7015
11804,7016
20300,7017
12692,7018
12969,7019
16632,7020
19594,7021
18434,7022
11786,7023
19690,7024
2092,7025
9353,7026
11672,7027
18836,7028
14133,7029
13535,7030
15083,7031
9899,7032
10896,7033
15232,7034
11605,7035
5345,7036
7710,7037
1047,7038
7837,7039
17057,7040
14693,7041
14100,7042
1558,7043
4002,7044
14003,7045
16451,7046
1683,7047
12891,7048
7125,7049
17598,7050
9761,7051
1074,7052
11053,7053
10344,7054
14144,7055
14313,7056
17045,7057
5261,7058
4662,7059
1707,7060
12123,7061
1027,7062
1663,7063
8000,7064
13225,7065
7353,7066
7337,7067
10008,7068
4346,7069
8726,7070
9389,7071
2487,7072
1307,7073
495,7074
6701,7075
10699,7076
19291,7077
10030,7078
14855,7079
15369,7080
2374,7081
17062,7082
11693,7083
11089,7084
3349,7085
19748,7086
17514,7087
1093,7088
9933,7089
10323,7090
9653,7091
4700,7092
8476,7093
2763,7094
3642,7095
17041,7096
14083,7097
9408,7098
10473,7099
7920,7100
13418,7101
15199,7102
7977,7103
10303,7104
3697,7105
11285,7106
8699,7107
7824,7108
17977,7109
4450,7110
18025,7111
16715,7112
13561,7113
14414,7114
9462,7115
9559,7116
10283,7117
8030,7118
3216,7119
390,7120
15505,7121
1711,7122
702,7123
14568,7124
13437,7125
7790,7126
12878,7127
8471,7128
1442,7129
1389,7130
6517,7131
15860,7132
16231,7133
9517,7134
14898,7135
2201,7136
12335,7137
9122,7138
15749,7139
19024,7140
20227,7141
10349,7142
8317,7143
11412,7144
8564,7145
11733,7146
6684,7147
16839,7148
883,7149
16902,7150
7640,7151
4999,7152
13816,7153
16316,7154
17487,7155
7939,7156
7247,7157
2476,7158
8621,7159
4090,7160
15153,7161
3179,7162
17681,7163
939,7164
19252,7165
8975,7166
2543,7167
18335,7168
13700,7169
2455,7170
5003,7171
4402,7172
4946,7173
5018,7174
4375,7175
3771,7176
1613,7177
8302,7178
8864,7179
10459,7180
12352,7181
1242,7182
10742,7183
8604,7184
7504,7185
14436,7186
7472,7187
18546,7188
3759,7189
10051,7190
9974,7191
6114,7192
13130,7193
12337,7194
11257,7195
14191,7196
19702,7197
16561,7198
17235,7199
19514,7200
11230,7201
16021,7202
4829,7203
20110,7204
5430,7205
18331,7206
16688,7207
17744,7208
8435,7209
2489,7210
7500,7211
9456,7212
1518,7213
14037,7214
5935,7215
13421,7216
7940,7217
10440,7218
17422,7219
1280,7220
15667,7221
6387,7222
7002,7223
8966,7224
9928,7225
9269,7226
15678,7227
19815,7228
6379,7229
3726,7230
8770,7231
17452,7232
13408,7233
4552,7234
2264,7235
3953,7236
2097,7237
8044,7238
3074,7239
18008,7240
7315,7241
14816,7242
8438,7243
17161,7244
19122,7245
18806,7246
17594,7247
14193,7248
10022,7249
9979,7250
10752,7251
5576,7252
14489,7253
14641,7254
7004,7255
865,7256
9998,7257
16536,7258
19472,7259
9189,7260
19486,7261
14147,7262
14502,7263
4332,7264
2463,7265
14218,7266
2991,7267
11785,7268
17732,7269
6663,7270
12355,7271
20337,7272
11700,7273
16526,7274
15108,7275
8088,7276
7458,7277
11961,7278
4199,7279
3601,7280
16312,7281
8456,7282
7793,7283
10060,7284
1176,7285
8083,7286
7453,7287
17266,7288
12962,7289
6610,7290
19742,7291
8029,7292
6147,7293
18019,7294
9628,7295
17940,7296
10386,7297
7030,7298
18768,7299
6420,7300
7211,7301
3476,7302
2969,7303
5312,7304
9926,7305
4350,7306
2484,7307
7264,7308
2343,7309
11903,7310
8431,7311
14505,7312
3744,7313
1134,7314
7993,7315
14754,7316
11385,7317
4980,7318
5580,7319
15456,7320
10886,7321
1125,7322
19203,7323
17737,7324
4261,7325
4806,7326
6386,7327
1798,7328
10686,7329
14417,7330
13822,7331
8312,7332
9900,7333
14499,7334
1250,7335
15688,7336
14391,7337
4551,7338
12624,7339
11358,7340
13548,7341
18002,7342
10112,7343
18024,7344
2492,7345
8692,7346
1501,7347
9434,7348
2983,7349
11367,7350
20190,7351
12690,7352
8107,7353
5446,7354
19477,7355
5778,7356
7664,7357
18892,7358
11484,7359
1463,7360
1252,7361
1888,7362
11480,7363
7777,7364
18243,7365
8430,7366
2865,7367
15865,7368
17546,7369
12515,7370
20104,7371
9176,7372
13730,7373
3544,7374
5832,7375
10059,7376
9291,7377
7463,7378
10877,7379
12604,7380
7827,7381
2923,7382
6567,7383
17048,7384
17667,7385
17082,7386
16284,7387
8759,7388
9422,7389
5176,7390
3090,7391
3178,7392
8764,7393
3716,7394
17111,7395
2117,7396
20050,7397
3036,7398
3029,7399
18698,7400
19296,7401
3104,7402
9281,7403
1480,7404
10606,7405
10733,7406
10064,7407
5553,7408
4953,7409
10771,7410
1283,7411
5017,7412
3119,7413
15948,7414
5087,7415
10598,7416
15571,7417
18785,7418
19384,7419
20151,7420
19737,7421
13450,7422
17116,7423
17701,7424
6323,7425
446,7426
470,7427
482,7428
10745,7429
11035,7430
15705,7431
20074,7432
7585,7433
421,7434
433,7435
513,7436
2141,7437
15541,7438
9192,7439
20071,7440
12937,7441
6955,7442
457,7443
7034,7444
7057,7445
7686,7446
13331,7447
19306,7448
19901,7449
17696,7450
13248,7451
396,7452
2952,7453
10964,7454
11568,7455
8274,7456
7567,7457
19066,7458
8365,7459
15234,7460
5109,7461
7522,7462
4135,7463
18488,7464
18923,7465
16286,7466
19063,7467
7806,7468
13431,7469
14028,7470
15344,7471
15561,7472
2146,7473
2780,7474
14710,7475
6440,7476
16463,7477
7876,7478
11912,7479
18399,7480
6720,7481
9636,7482
17314,7483
7471,7484
962,7485
10432,7486
3331,7487
3293,7488
10579,7489
8106,7490
16957,7491
8768,7492
17848,7493
14611,7494
13185,7495
3541,7496
4144,7497
690,7498
15831,7499
14652,7500
5299,7501
14479,7502
7573,7503
13649,7504
18968,7505
16691,7506
12971,7507
12364,7508
14970,7509
9665,7510
15560,7511
19877,7512
18877,7513
4081,7514
3543,7515
15102,7516
9369,7517
10032,7518
9831,7519
861,7520
1689,7521
16052,7522
15339,7523
9187,7524
14857,7525
7631,7526
4342,7527
12222,7528
5795,7529
3663,7530
12124,7531
16477,7532
9795,7533
10235,7534
15024,7535
2793,7536
14245,7537
4295,7538
17641,7539
18225,7540
2100,7541
6696,7542
9842,7543
15366,7544
11897,7545
5989,7546
15556,7547
12860,7548
12585,7549
12134,7550
6433,7551
6495,7552
17882,7553
9969,7554
10568,7555
13533,7556
18719,7557
14559,7558
6391,7559
9902,7560
4104,7561
7189,7562
19036,7563
691,7564
8520,7565
17241,7566
13323,7567
8316,7568
18371,7569
4756,7570
18637,7571
12544,7572
2096,7573
11348,7574
19484,7575
4338,7576
8945,7577
6069,7578
9736,7579
18037,7580
12720,7581
4247,7582
1088,7583
11271,7584
2993,7585
15409,7586
14800,7587
19741,7588
19526,7589
13741,7590
16524,7591
17763,7592
20341,7593
18786,7594
9894,7595
17694,7596
17043,7597
18432,7598
14274,7599
16607,7600
10536,7601
12976,7602
6036,7603
13736,7604
15019,7605
13296,7606
12636,7607
3513,7608
15590,7609
8675,7610
10667,7611
16752,7612
12165,7613
12773,7614
11569,7615
10965,7616
2240,7617
19003,7618
8219,7619
10620,7620
11363,7621
17595,7622
7213,7623
1133,7624
19220,7625
17101,7626
4365,7627
15857,7628
18848,7629
9228,7630
18644,7631
12119,7632
17793,7633
4864,7634
11353,7635
18267,7636
18868,7637
6040,7638
8440,7639
7778,7640
9089,7641
10646,7642
9856,7643
11104,7644
11708,7645
8426,7646
6979,7647
14838,7648
13662,7649
12978,7650
1097,7651
19850,7652
13303,7653
15577,7654
1466,7655
17616,7656
1186,7657
8423,7658
5754,7659
10312,7660
10412,7661
2150,7662
2784,7663
18015,7664
1889,7665
9293,7666
5813,7667
15823,7668
17581,7669
12179,7670
15796,7671
5200,7672
3393,7673
7085,7674
11949,7675
20187,7676
7299,7677
7440,7678
6817,7679
3687,7680
16198,7681
450,7682
12211,7683
15457,7684
5908,7685
1746,7686
918,7687
11847,7688
12506,7689
4605,7690
17573,7691
14640,7692
17212,7693
14215,7694
18996,7695
10542,7696
7699,7697
8363,7698
4536,7699
5098,7700
6409,7701
805,7702
4476,7703
20202,7704
2234,7705
10940,7706
14806,7707
19603,7708
13492,7709
16744,7710
19959,7711
18212,7712
19604,7713
16033,7714
7951,7715
6768,7716
4558,7717
1164,7718
8289,7719
8016,7720
18248,7721
5373,7722
7809,7723
8473,7724
862,7725
20057,7726
2226,7727
744,7728
2011,7729
8613,7730
2196,7731
16705,7732
18309,7733
1732,7734
18232,7735
7743,7736
5857,7737
6362,7738
2681,7739
7249,7740
9726,7741
13893,7742
8895,7743
5657,7744
5931,7745
9276,7746
3633,7747
19494,7748
15547,7749
11583,7750
14290,7751
1533,7752
7110,7753
1491,7754
3255,7755
16664,7756
11167,7757
8559,7758
17151,7759
14968,7760
930,7761
3374,7762
12299,7763
8929,7764
2667,7765
9350,7766
9213,7767
1664,7768
17499,7769
19433,7770
20029,7771
16243,7772
3896,7773
15304,7774
12646,7775
7524,7776
16464,7777
14827,7778
11185,7779
13738,7780
13046,7781
1404,7782
7957,7783
10991,7784
15220,7785
1019,7786
9607,7787
10224,7788
16346,7789
2807,7790
10607,7791
15884,7792
11835,7793
8536,7794
15928,7795
17684,7796
14339,7797
6436,7798
9231,7799
16863,7800
17448,7801
9417,7802
19580,7803
16139,7804
14701,7805
13856,7806
694,7807
11231,7808
5159,7809
11878,7810
19335,7811
9312,7812
12393,7813
4268,7814
15679,7815
7348,7816
8475,7817
4541,7818
1178,7819
3892,7820
13412,7821
19999,7822
13701,7823
11137,7824
11947,7825
2338,7826
18490,7827
10544,7828
7728,7829
9942,7830
2424,7831
13529,7832
7805,7833
16478,7834
9184,7835
11723,7836
11856,7837
11119,7838
17923,7839
9745,7840
9079,7841
5790,7842
10337,7843
10989,7844
14921,7845
5462,7846
18285,7847
4036,7848
7293,7849
5845,7850
7729,7851
13486,7852
9584,7853
15621,7854
981,7855
3575,7856
5382,7857
5317,7858
9755,7859
11808,7860
16627,7861
10348,7862
11450,7863
6907,7864
6013,7865
13509,7866
17708,7867
8242,7868
11422,7869
6638,7870
8437,7871
17123,7872
14920,7873
11944,7874
2140,7875
3951,7876
20278,7877
14185,7878
4860,7879
13903,7880
1001,7881
8104,7882
12160,7883
8378,7884
1678,7885
1919,7886
10883,7887
10469,7888
9631,7889
18186,7890
9932,7891
18128,7892
13477,7893
15259,7894
18750,7895
4479,7896
3039,7897
8553,7898
10976,7899
12794,7900
5918,7901
1437,7902
7559,7903
10018,7904
2404,7905
2723,7906
12098,7907
19040,7908
18974,7909
16655,7910
7285,7911
2886,7912
2251,7913
18094,7914
10234,7915
9476,7916
15469,7917
15974,7918
13782,7919
16108,7920
12587,7921
16697,7922
16912,7923
17498,7924
18692,7925
807,7926
17377,7927
1531,7928
14552,7929
16795,7930
16649,7931
11211,7932
1004,7933
11140,7934
14764,7935
19579,7936
6024,7937
13569,7938
19132,7939
8795,7940
11787,7941
9459,7942
16980,7943
11740,7944
17325,7945
18366,7946
9852,7947
17912,7948
20217,7949
13072,7950
6372,7951
9996,7952
9707,7953
5659,7954
15443,7955
11868,7956
4177,7957
17039,7958
12642,7959
19160,7960
1331,7961
18428,7962
10919,7963
3198,7964
20235,7965
11184,7966
12561,7967
14780,7968
13800,7969
2733,7970
825,7971
1170,7972
10998,7973
2474,7974
16987,7975
10884,7976
14395,7977
13478,7978
12737,7979
12128,7980
2644,7981
12928,7982
6478,7983
4253,7984
1429,7985
4467,7986
17859,7987
15247,7988
16555,7989
17271,7990
16584,7991
14358,7992
14814,7993
20191,7994
14222,7995
18386,7996
18454,7997
14791,7998
1745,7999
11773,8000
1108,8001
12198,8002
15788,8003
12227,8004
12237,8005
11632,8006
11552,8007
9040,8008
5963,8009
12326,8010
16726,8011
5293,8012
19884,8013
5147,8014
19133,8015
17020,8016
17605,8017
16746,8018
9485,8019
14867,8020
8352,8021
15746,8022
6375,8023
1813,8024
7727,8025
12783,8026
2659,8027
19110,8028
9871,8029
16337,8030
4569,8031
19394,8032
3671,8033
4561,8034
15896,8035
12768,8036
16522,8037
13640,8038
12394,8039
11981,8040
15752,8041
3401,8042
9280,8043
12139,8044
11531,8045
8280,8046
8230,8047
17501,8048
5858,8049
13848,8050
18558,8051
15166,8052
12044,8053
10157,8054
16763,8055
7890,8056
2817,8057
15946,8058
11465,8059
784,8060
4333,8061
9188,8062
17703,8063
10895,8064
11499,8065
7077,8066
18674,8067
14579,8068
20348,8069
11473,8070
3026,8071
13484,8072
20008,8073
5149,8074
12784,8075
17357,8076
15222,8077
19293,8078
12218,8079
9077,8080
4156,8081
1024,8082
2928,8083
14566,8084
11711,8085
12318,8086
714,8087
17890,8088
13086,8089
7642,8090
8442,8091
9105,8092
9948,8093
1011,8094
12816,8095
2914,8096
9825,8097
9159,8098
10523,8099
10053,8100
18615,8101
8534,8102
4277,8103
20048,8104
2610,8105
5523,8106
19236,8107
5607,8108
10867,8109
9214,8110
16921,8111
17507,8112
13711,8113
8524,8114
19493,8115
7907,8116
16448,8117
15862,8118
15228,8119
19972,8120
3942,8121
4886,8122
5781,8123
2231,8124
14508,8125
12747,8126
4853,8127
5331,8128
969,8129
7143,8130
12236,8131
12843,8132
5923,8133
5371,8134
3419,8135
5804,8136
7690,8137
13263,8138
7529,8139
18605,8140
14045,8141
17246,8142
2592,8143
380,8144
14793,8145
8546,8146
12700,8147
2727,8148
1123,8149
13919,8150
1761,8151
14848,8152
5483,8153
7087,8154
5036,8155
381,8156
3884,8157
18481,8158
6033,8159
4567,8160
2745,8161
11662,8162
14674,8163
3061,8164
17543,8165
5839,8166
8420,8167
19407,8168
20003,8169
15783,8170
12189,8171
15103,8172
10287,8173
3390,8174
19442,8175
20038,8176
3048,8177
7138,8178
4284,8179
13947,8180
4846,8181
20031,8182
3366,8183
18822,8184
17054,8185
15035,8186
13240,8187
11685,8188
2417,8189
14320,8190
13276,8191
1993,8192
10317,8193
16977,8194
2931,8195
8579,8196
1461,8197
11479,8198
18606,8199
14404,8200
3363,8201
7628,8202
8047,8203
10696,8204
14423,8205
5161,8206
11678,8207
6453,8208
4304,8209
3030,8210
9138,8211
12309,8212
16246,8213
6947,8214
10612,8215
7157,8216
17678,8217
12568,8218
1669,8219
1033,8220
18268,8221
14227,8222
8780,8223
8119,8224
9206,8225
966,8226
5279,8227
18713,8228
9572,8229
18560,8230
6002,8231
11214,8232
19714,8233
12353,8234
15543,8235
14169,8236
14953,8237
8418,8238
10416,8239
8671,8240
19111,8241
3272,8242
5512,8243
7960,8244
12095,8245
4274,8246
10358,8247
5976,8248
14669,8249
8592,8250
1490,8251
18621,8252
10963,8253
9807,8254
11673,8255
2716,8256
3888,8257
3469,8258
7375,8259
11574,8260
1691,8261
11870,8262
14154,8263
11266,8264
15352,8265
7275,8266
3615,8267
7903,8268
14125,8269
14718,8270
15062,8271
1365,8272
1185,8273
17570,8274
5975,8275
10260,8276
3279,8277
14276,8278
18739,8279
11318,8280
12970,8281
3903,8282
899,8283
7079,8284
2131,8285
1502,8286
10695,8287
19682,8288
17303,8289
12341,8290
16633,8291
11130,8292
13638,8293
15388,8294
17713,8295
11325,8296
14333,8297
3417,8298
12994,8299
16606,8300
15492,8301
17033,8302
7693,8303
13547,8304
3361,8305
2399,8306
15971,8307
19209,8308
3781,8309
4990,8310
13603,8311
13719,8312
16131,8313
14923,8314
15349,8315
6647,8316
10125,8317
10794,8318
8121,8319
7422,8320
11415,8321
2471,8322
1826,8323
7511,8324
6771,8325
574,8326
8622,8327
5399,8328
10385,8329
8387,8330
13088,8331
12974,8332
12482,8333
13584,8334
7313,8335
4816,8336
7941,8337
13925,8338
12516,8339
7248,8340
18629,8341
15119,8342
19861,8343
19840,8344
2111,8345
11881,8346
16833,8347
8132,8348
18468,8349
17181,8350
13756,8351
9069,8352
4124,8353
11405,8354
17456,8355
15697,8356
18948,8357
4863,8358
7751,8359
7120,8360
2246,8361
1612,8362
12107,8363
18632,8364
20027,8365
15701,8366
14254,8367
17536,8368
14947,8369
12315,8370
2648,8371
1147,8372
1266,8373
10763,8374
9018,8375
19074,8376
10685,8377
17840,8378
12379,8379
19734,8380
18057,8381
5471,8382
7714,8383
3012,8384
7730,8385
5846,8386
10084,8387
13904,8388
8754,8389
4305,8390
10642,8391
9975,8392
12612,8393
12018,8394
4922,8395
8644,8396
9435,8397
8772,8398
3056,8399
5621,8400
587,8401
6829,8402
8640,8403
10616,8404
9949,8405
6105,8406
2507,8407
5001,8408
2555,8409
3191,8410
5429,8411
4437,8412
423,8413
1566,8414
9752,8415
8908,8416
1964,8417
19038,8418
16413,8419
13182,8420
6670,8421
7072,8422
19340,8423
19937,8424
7589,8425
19754,8426
19749,8427
17575,8428
3009,8429
13710,8430
5750,8431
8021,8432
13444,8433
15225,8434
9706,8435
6454,8436
14464,8437
4451,8438
19317,8439
13340,8440
15582,8441
12138,8442
18646,8443
11497,8444
9623,8445
15159,8446
3351,8447
10624,8448
18865,8449
6400,8450
4774,8451
5375,8452
19773,8453
6636,8454
11128,8455
11965,8456
4029,8457
10178,8458
17307,8459
14139,8460
5749,8461
8024,8462
10600,8463
17418,8464
9984,8465
10651,8466
7352,8467
4900,8468
18718,8469
5426,8470
1722,8471
7899,8472
4075,8473
16509,8474
19458,8475
12798,8476
8389,8477
4678,8478
14588,8479
6459,8480
1582,8481
20062,8482
6444,8483
4711,8484
5310,8485
11372,8486
15088,8487
9692,8488
1944,8489
19596,8490
491,8491
8792,8492
17417,8493
1780,8494
8865,8495
4003,8496
16814,8497
716,8498
11316,8499
10052,8500
1248,8501
11729,8502
12873,8503
15020,8504
14428,8505
1858,8506
1882,8507
7486,8508
6828,8509
13835,8510
5026,8511
500,8512
475,8513
4293,8514
19104,8515
13572,8516
15524,8517
14260,8518
20290,8519
2854,8520
16343,8521
13379,8522
19540,8523
19083,8524
20137,8525
17567,8526
16983,8527
11047,8528
20002,8529
3305,8530
4457,8531
6587,8532
7392,8533
3570,8534
12051,8535
8174,8536
13106,8537
10881,8538
13916,8539
11997,8540
20041,8541
6096,8542
17689,8543
16366,8544
2894,8545
8727,8546
8411,8547
7758,8548
5873,8549
15073,8550
6313,8551
5173,8552
4783,8553
3273,8554
13125,8555
9178,8556
19541,8557
18423,8558
17127,8559
4823,8560
18984,8561
7931,8562
17712,8563
8560,8564
10935,8565
11539,8566
18252,8567
18853,8568
9814,8569
3797,8570
894,8571
10505,8572
2652,8573
15715,8574
6399,8575
13970,8576
14662,8577
14563,8578
8909,8579
7551,8580
12090,8581
14842,8582
9828,8583
10126,8584
20157,8585
14018,8586
4693,8587
13190,8588
16995,8589
12389,8590
15529,8591
6616,8592
15558,8593
13375,8594
7692,8595
4160,8596
7825,8597
3528,8598
16454,8599
17042,8600
5949,8601
12109,8602
11502,8603
17308,8604
14152,8605
10513,8606
1600,8607
9915,8608
17252,8609
12989,8610
17293,8611
11746,8612
18498,8613
11142,8614
19101,8615
12356,8616
11922,8617
8179,8618
4328,8619
9664,8620
18070,8621
15632,8622
9491,8623
6630,8624
2289,8625
6510,8626
13389,8627
10352,8628
14334,8629
5665,8630
19387,8631
5656,8632
13926,8633
6131,8634
1150,8635
16175,8636
15636,8637
6904,8638
1597,8639
17117,8640
18253,8641
16430,8642
2799,8643
2164,8644
14362,8645
14033,8646
16349,8647
9725,8648
10395,8649
7783,8650
7152,8651
3583,8652
5390,8653
1393,8654
19139,8655
14733,8656
18098,8657
17474,8658
19167,8659
699,8660
3025,8661
4435,8662
663,8663
19264,8664
6296,8665
2753,8666
16665,8667
14008,8668
4674,8669
13045,8670
20134,8671
12438,8672
18376,8673
8703,8674
8281,8675
15420,8676
20126,8677
15517,8678
12093,8679
12129,8680
9111,8681
4740,8682
1444,8683
18564,8684
708,8685
20250,8686
19560,8687
5443,8688
17035,8689
18206,8690
1467,8691
8663,8692
9124,8693
4466,8694
3584,8695
16450,8696
11069,8697
17032,8698
16671,8699
12887,8700
9520,8701
11572,8702
1662,8703
2679,8704
7136,8705
7947,8706
6241,8707
1809,8708
17350,8709
3653,8710
9042,8711
12574,8712
15212,8713
845,8714
11659,8715
17025,8716
1015,8717
14330,8718
20242,8719
3538,8720
17196,8721
20316,8722
14853,8723
20125,8724
1121,8725
17442,8726
13563,8727
12002,8728
12694,8729
2535,8730
14514,8731
9909,8732
20001,8733
912,8734
10927,8735
12186,8736
13287,8737
6945,8738
1978,8739
15770,8740
10563,8741
19103,8742
13573,8743
9873,8744
16903,8745
15750,8746
2808,8747
1512,8748
4591,8749
1759,8750
14739,8751
4633,8752
9638,8753
7958,8754
12759,8755
4244,8756
19419,8757
20015,8758
18580,8759
5655,8760
14120,8761
13024,8762
8880,8763
2400,8764
7263,8765
1077,8766
8209,8767
4320,8768
14737,8769
17648,8770
12908,8771
3013,8772
9812,8773
8345,8774
3379,8775
2766,8776
7685,8777
7227,8778
6602,8779
8485,8780
9147,8781
1152,8782
837,8783
3451,8784
16158,8785
7130,8786
4068,8787
9962,8788
16866,8789
13288,8790
1416,8791
8783,8792
4418,8793
6909,8794
19155,8795
3673,8796
17799,8797
6582,8798
14446,8799
5041,8800
7040,8801
796,8802
7554,8803
4311,8804
14114,8805
12664,8806
6282,8807
14411,8808
5552,8809
16037,8810
14567,8811
6965,8812
10154,8813
13091,8814
17156,8815
11278,8816
18346,8817
11382,8818
19910,8819
11151,8820
10482,8821
13369,8822
13968,8823
12679,8824
3905,8825
16170,8826
6804,8827
1706,8828
7001,8829
13192,8830
5049,8831
778,8832
3247,8833
5444,8834
5081,8835
3136,8836
1316,8837
541,8838
20084,8839
18289,8840
5634,8841
681,8842
8763,8843
3831,8844
664,8845
15412,8846
12398,8847
6062,8848
17817,8849
6028,8850
18257,8851
4296,8852
12421,8853
16853,8854
11521,8855
14507,8856
11200,8857
3169,8858
20212,8859
18700,8860
12170,8861
18715,8862
12183,8863
18264,8864
16269,8865
9245,8866
4775,8867
3353,8868
1782,8869
16712,8870
11736,8871
13146,8872
9770,8873
8940,8874
10219,8875
14128,8876
4824,8877
19585,8878
14907,8879
14384,8880
13686,8881
19534,8882
18669,8883
19268,8884
7877,8885
6457,8886
14577,8887
3848,8888
12461,8889
11823,8890
18686,8891
17097,8892
19592,8893
8531,8894
19811,8895
5445,8896
6846,8897
17427,8898
13792,8899
3582,8900
15924,8901
15706,8902
17464,8903
1552,8904
2346,8905
17608,8906
7041,8907
9542,8908
8666,8909
13965,8910
7075,8911
15564,8912
8981,8913
9645,8914
16165,8915
16338,8916
16923,8917
2498,8918
17596,8919
8545,8920
18153,8921
1725,8922
11213,8923
17213,8924
5212,8925
16339,8926
13531,8927
2806,8928
16148,8929
2192,8930
17669,8931
5323,8932
4724,8933
19766,8934
8172,8935
13953,8936
6986,8937
767,8938
17259,8939
1392,8940
12616,8941
9383,8942
4105,8943
16032,8944
14366,8945
4736,8946
16074,8947
12385,8948
17835,8949
8368,8950
11776,8951
16699,8952
18315,8953
18916,8954
13194,8955
13982,8956
3572,8957
4175,8958
2210,8959
8563,8960
16306,8961
2783,8962
1578,8963
14456,8964
7527,8965
19051,8966
16015,8967
18416,8968
18987,8969
17211,8970
13019,8971
1094,8972
12286,8973
17431,8974
18842,8975
1517,8976
18150,8977
2831,8978
14657,8979
10243,8980
10151,8981
13108,8982
12366,8983
15497,8984
13522,8985
5099,8986
8523,8987
10280,8988
18298,8989
13304,8990
18204,8991
13056,8992
16620,8993
17194,8994
11248,8995
18964,8996
9205,8997
19347,8998
19023,8999
18899,9000
19628,9001
15391,9002
7926,9003
2177,9004
9103,9005
2812,9006
10859,9007
1419,9008
9112,9009
19662,9010
9778,9011
12990,9012
18433,9013
18374,9014
9204,9015
11169,9016
8544,9017
12249,9018
9903,9019
12085,9020
6523,9021
11429,9022
12029,9023
15462,9024
10885,9025
3055,9026
12603,9027
10533,9028
18727,9029
18127,9030
11644,9031
6987,9032
4494,9033
4663,9034
16273,9035
6744,9036
7365,9037
15430,9038
19559,9039
17343,9040
10346,9041
13471,9042
19354,9043
9737,9044
16813,9045
1983,9046
14327,9047
1626,9048
14725,9049
18886,9050
12595,9051
15115,9052
14524,9053
14063,9054
14656,9055
18731,9056
18199,9057
14874,9058
10870,9059
12420,9060
8454,9061
19328,9062
9078,9063
7123,9064
12349,9065
6065,9066
15451,9067
15992,9068
11284,9069
4813,9070
16138,9071
14113,9072
18625,9073
12300,9074
8051,9075
3502,9076
5183,9077
10377,9078
15187,9079
3623,9080
13706,9081
5154,9082
19900,9083
10004,9084
19305,9085
14124,9086
13526,9087
12072,9088
10818,9089
3424,9090
7950,9091
15018,9092
20304,9093
11750,9094
9881,9095
15132,9096
10343,9097
19237,9098
10902,9099
5107,9100
12025,9101
6081,9102
10246,9103
8870,9104
18681,9105
18773,9106
19372,9107
9149,9108
18751,9109
16216,9110
8816,9111
10905,9112
19456,9113
7271,9114
18262,9115
2175,9116
2810,9117
16824,9118
4462,9119
16996,9120
15056,9121
1344,9122
5555,9123
4955,9124
19849,9125
5495,9126
11555,9127
18060,9128
2841,9129
9142,9130
11532,9131
9151,9132
14359,9133
5379,9134
5205,9135
15090,9136
5895,9137
5879,9138
2114,9139
7963,9140
1117,9141
7232,9142
18772,9143
15148,9144
14557,9145
5084,9146
15460,9147
3336,9148
6367,9149
15191,9150
15009,9151
16323,9152
12659,9153
8836,9154
10978,9155
11016,9156
9400,9157
2436,9158
11301,9159
12724,9160
13581,9161
14870,9162
12834,9163
13957,9164
4507,9165
17957,9166
18194,9167
7330,9168
5278,9169
11050,9170
11656,9171
10177,9172
16917,9173
1855,9174
11037,9175
16790,9176
9109,9177
16381,9178
10956,9179
19890,9180
12266,9181
15059,9182
8841,9183
14830,9184
13948,9185
20059,9186
6536,9187
10689,9188
10806,9189
7479,9190
9433,9191
6193,9192
3083,9193
585,9194
15001,9195
10001,9196
6188,9197
8066,9198
7404,9199
5623,9200
546,9201
3295,9202
9374,9203
10972,9204
10546,9205
18859,9206
6404,9207
12231,9208
2365,9209
13008,9210
3651,9211
13053,9212
14200,9213
16134,9214
16392,9215
6719,9216
10286,9217
6764,9218
18602,9219
2737,9220
4312,9221
4586,9222
7742,9223
12293,9224
1028,9225
3559,9226
10108,9227
10341,9228
15431,9229
13593,9230
4259,9231
17263,9232
4250,9233
6072,9234
10005,9235
16276,9236
1115,9237
20026,9238
6554,9239
5927,9240
17093,9241
6055,9242
16794,9243
3120,9244
12550,9245
1072,9246
17697,9247
12196,9248
18685,9249
18085,9250
2795,9251
2654,9252
17106,9253
5135,9254
2675,9255
19393,9256
13644,9257
17085,9258
3552,9259
4276,9260
17922,9261
17446,9262
11863,9263
16748,9264
14190,9265
6675,9266
14626,9267
17825,9268
17034,9269
2856,9270
12830,9271
5127,9272
2653,9273
2960,9274
17928,9275
4542,9276
18617,9277
1215,9278
8580,9279
2088,9280
1851,9281
6450,9282
7192,9283
14596,9284
4168,9285
19391,9286
7666,9287
7037,9288
15041,9289
9483,9290
5420,9291
12104,9292
5868,9293
4054,9294
3452,9295
635,9296
4395,9297
4996,9298
10077,9299
10175,9300
4396,9301
14238,9302
18096,9303
1000,9304
2081,9305
2031,9306
12520,9307
5332,9308
18901,9309
17895,9310
12336,9311
11359,9312
12944,9313
13168,9314
13534,9315
14132,9316
11451,9317
6908,9318
4613,9319
10370,9320
11313,9321
12953,9322
3974,9323
14323,9324
2056,9325
732,9326
2774,9327
17985,9328
6284,9329
15794,9330
13078,9331
20219,9332
17790,9333
20180,9334
11926,9335
12331,9336
16275,9337
11322,9338
7461,9339
12696,9340
4923,9341
15676,9342
7201,9343
1236,9344
18829,9345
11643,9346
11828,9347
13586,9348
4225,9349
14183,9350
6681,9351
19584,9352
9788,9353
1624,9354
989,9355
13767,9356
9748,9357
1589,9358
2890,9359
2255,9360
6057,9361
4011,9362
4616,9363
14186,9364
13716,9365
15336,9366
17145,9367
19727,9368
6682,9369
9687,9370
10357,9371
2897,9372
2054,9373
8851,9374
11836,9375
16710,9376
10448,9377
17285,9378
15847,9379
17134,9380
11391,9381
5991,9382
7281,9383
13851,9384
3233,9385
17459,9386
5608,9387
2548,9388
18607,9389
17946,9390
18819,9391
2134,9392
6673,9393
7100,9394
4037,9395
6890,9396
5362,9397
13637,9398
18979,9399
12427,9400
14705,9401
8090,9402
3763,9403
8664,9404
7492,9405
6865,9406
10734,9407
3096,9408
16199,9409
426,9410
13682,9411
5286,9412
3480,9413
17162,9414
14812,9415
11973,9416
10142,9417
425,9418
12054,9419
4452,9420
9273,9421
4845,9422
14558,9423
19787,9424
8193,9425
17947,9426
2179,9427
10517,9428
3852,9429
19725,9430
2959,9431
18894,9432
15790,9433
7616,9434
5092,9435
20173,9436
11329,9437
18304,9438
15455,9439
12350,9440
14352,9441
14815,9442
14020,9443
13423,9444
8325,9445
11664,9446
12270,9447
18582,9448
4454,9449
9114,9450
9028,9451
15595,9452
1253,9453
3163,9454
11974,9455
7748,9456
7117,9457
4523,9458
13841,9459
13087,9460
7539,9461
11858,9462
5083,9463
15442,9464
8223,9465
17829,9466
8228,9467
6621,9468
1313,9469
7013,9470
1949,9471
1403,9472
11223,9473
13614,9474
3265,9475
13065,9476
12382,9477
17959,9478
16058,9479
1716,9480
18909,9481
18972,9482
12543,9483
17310,9484
17158,9485
1312,9486
13718,9487
528,9488
10908,9489
8147,9490
603,9491
1026,9492
14175,9493
15338,9494
6261,9495
580,9496
2992,9497
14902,9498
11512,9499
14528,9500
13136,9501
558,9502
17199,9503
18517,9504
17122,9505
14856,9506
16572,9507
7513,9508
2296,9509
4815,9510
3193,9511
6471,9512
11939,9513
542,9514
17898,9515
20201,9516
3015,9517
440,9518
2557,9519
15263,9520
14673,9521
3335,9522
6870,9523
19444,9524
1639,9525
15789,9526
14138,9527
6023,9528
5436,9529
4228,9530
6488,9531
17504,9532
14762,9533
7381,9534
8283,9535
1474,9536
12950,9537
8637,9538
6378,9539
14498,9540
7008,9541
10081,9542
8006,9543
15876,9544
1153,9545
4706,9546
9347,9547
4595,9548
2859,9549
9837,9550
13908,9551
14604,9552
4758,9553
1814,9554
15873,9555
6195,9556
18863,9557
9697,9558
10367,9559
16918,9560
11686,9561
12294,9562
11433,9563
3235,9564
5229,9565
8965,9566
12451,9567
12387,9568
13077,9569
15854,9570
11158,9571
13684,9572
19535,9573
3637,9574
20132,9575
5448,9576
15886,9577
17646,9578
19424,9579
12695,9580
16940,9581
13461,9582
15243,9583
6084,9584
16856,9585
18612,9586
16256,9587
1195,9588
11496,9589
10755,9590
8343,9591
12872,9592
18367,9593
17901,9594
17262,9595
10408,9596
14474,9597
2650,9598
6512,9599
18766,9600
16723,9601
9753,9602
1017,9603
1652,9604
17340,9605
2197,9606
2832,9607
6722,9608
15815,9609
15725,9610
15425,9611
5871,9612
17776,9613
14979,9614
12705,9615
3045,9616
10402,9617
6497,9618
19893,9619
19525,9620
2408,9621
16857,9622
13896,9623
13235,9624
8591,9625
9091,9626
10904,9627
12685,9628
6237,9629
15197,9630
10371,9631
8372,9632
18656,9633
13277,9634
1997,9635
9185,9636
2050,9637
19343,9638
3118,9639
3970,9640
19779,9641
6910,9642
16653,9643
12998,9644
17863,9645
17749,9646
18480,9647
12702,9648
2764,9649
17334,9650
7632,9651
5034,9652
361,9653
13371,9654
8610,9655
2325,9656
19940,9657
15077,9658
9560,9659
9137,9660
8525,9661
14150,9662
17921,9663
7133,9664
11618,9665
815,9666
3283,9667
14732,9668
11155,9669
4288,9670
10162,9671
16684,9672
7036,9673
14666,9674
19913,9675
19318,9676
5844,9677
3287,9678
15123,9679
12756,9680
17853,9681
18265,9682
10266,9683
17969,9684
13708,9685
16112,9686
14715,9687
17505,9688
18086,9689
15651,9690
3256,9691
17879,9692
17291,9693
16557,9694
19100,9695
19441,9696
11911,9697
16449,9698
19014,9699
15694,9700
13319,9701
18001,9702
6244,9703
16677,9704
7176,9705
17583,9706
16999,9707
19823,9708
19963,9709
19366,9710
3320,9711
6300,9712
18635,9713
15068,9714
17317,9715
4788,9716
2847,9717
2212,9718
5389,9719
19962,9720
18166,9721
19887,9722
19292,9723
12649,9724
1330,9725
17019,9726
18780,9727
19379,9728
14687,9729
15628,9730
19157,9731
13523,9732
17069,9733
17654,9734
2920,9735
3315,9736
5671,9737
18826,9738
7174,9739
6547,9740
16364,9741
7318,9742
5595,9743
6207,9744
19657,9745
16602,9746
4264,9747
16527,9748
703,9749
13693,9750
15438,9751
16965,9752
17059,9753
19938,9754
8465,9755
7779,9756
17592,9757
5032,9758
634,9759
4584,9760
18415,9761
13034,9762
1534,9763
16680,9764
2308,9765
11706,9766
18765,9767
18989,9768
14369,9769
18706,9770
4151,9771
19503,9772
19071,9773
15370,9774
20226,9775
14802,9776
7925,9777
17171,9778
16154,9779
1487,9780
10575,9781
18177,9782
18900,9783
4255,9784
19478,9785
14813,9786
1805,9787
18030,9788
19360,9789
18762,9790
12677,9791
7579,9792
5374,9793
18224,9794
20020,9795
19785,9796
726,9797
4939,9798
9351,9799
10332,9800
12226,9801
3258,9802
14622,9803
2702,9804
3264,9805
4899,9806
16858,9807
941,9808
9448,9809
12613,9810
9620,9811
1929,9812
3963,9813
10792,9814
7639,9815
7495,9816
3355,9817
2446,9818
9644,9819
2967,9820
11579,9821
19362,9822
16779,9823
7641,9824
8403,9825
8584,9826
13514,9827
12241,9828
7187,9829
18753,9830
14976,9831
5769,9832
6128,9833
6753,9834
3742,9835
3115,9836
2430,9837
1885,9838
1249,9839
10037,9840
11551,9841
12809,9842
1604,9843
9768,9844
17061,9845
14060,9846
13463,9847
6813,9848
9371,9849
2396,9850
1305,9851
366,9852
6172,9853
6798,9854
10711,9855
10042,9856
1163,9857
9412,9858
8749,9859
4956,9860
5010,9861
8134,9862
1399,9863
10781,9864
2490,9865
8963,9866
6226,9867
3126,9868
3128,9869
5008,9870
16781,9871
7335,9872
15261,9873
9774,9874
6527,9875
11526,9876
12310,9877
19832,9878
5806,9879
819,9880
10099,9881
9432,9882
9093,9883
18714,9884
18114,9885
18702,9886
7815,9887
8481,9888
15141,9889
14549,9890
11436,9891
2603,9892
12711,9893
9671,9894
17356,9895
10617,9896
5416,9897
13733,9898
16205,9899
11900,9900
11283,9901
3939,9902
8733,9903
4754,9904
19801,9905
15429,9906
14556,9907
4125,9908
17022,9909
18834,9910
19435,9911
4733,9912
11070,9913
19471,9914
6481,9915
4653,9916
986,9917
10493,9918
12719,9919
13920,9920
3868,9921
8490,9922
14445,9923
2594,9924
13066,9925
17609,9926
11386,9927
7045,9928
7674,9929
16825,9930
2638,9931
19656,9932
16749,9933
7116,9934
3391,9935
19190,9936
8856,9937
18447,9938
8313,9939
3947,9940
2393,9941
9916,9942
9057,9943
5779,9944
2571,9945
2288,9946
7198,9947
6572,9948
19764,9949
6898,9950
2834,9951
6487,9952
4565,9953
4269,9954
19816,9955
10418,9956
12894,9957
15719,9958
11549,9959
2380,9960
17621,9961
13476,9962
16324,9963
13544,9964
17686,9965
4103,9966
9126,9967
10054,9968
5206,9969
8394,9970
7102,9971
18861,9972
11715,9973
14466,9974
2618,9975
7362,9976
17906,9977
5760,9978
14994,9979
14600,9980
2797,9981
18761,9982
17518,9983
13958,9984
14683,9985
14089,9986
2707,9987
3876,9988
8033,9989
7633,9990
3729,9991
18624,9992
11407,9993
19239,9994
13265,9995
701,9996
5300,9997
1412,9998
2918,9999
5727,10000
4491,10001
19918,10002
5842,10003
8409,10004
19323,10005
11679,10006
18838,10007
17494,10008
6600,10009
5973,10010
18802,10011
16476,10012
19437,10013
13857,10014
10153,10015
7863,10016
4821,10017
19021,10018
11193,10019
16769,10020
7636,10021
10650,10022
17191,10023
17905,10024
9162,10025
16486,10026
950,10027
1515,10028
12132,10029
14472,10030
10200,10031
16706,10032
13672,10033
10958,10034
18908,10035
19685,10036
17174,10037
18494,10038
12360,10039
13702,10040
5171,10041
2395,10042
8976,10043
18088,10044
4875,10045
16872,10046
5226,10047
4626,10048
7624,10049
9552,10050
14555,10051
11669,10052
1649,10053
5902,10054
10851,10055
1401,10056
16036,10057
18397,10058
16030,10059
11780,10060
14243,10061
11807,10062
12563,10063
2193,10064
9198,10065
14728,10066
18431,10067
18676,10068
12149,10069
15064,10070
9532,10071
19246,10072
10025,10073
12395,10074
18430,10075
11183,10076
20324,10077
20162,10078
3068,10079
14297,10080
15962,10081
15467,10082
18325,10083
9181,10084
13312,10085
13540,10086
3117,10087
15229,10088
13978,10089
14571,10090
19768,10091
10170,10092
7048,10093
15301,10094
4629,10095
8910,10096
3863,10097
18400,10098
15279,10099
2330,10100
2309,10101
6477,10102
4647,10103
7202,10104
931,10105
2254,10106
2007,10107
17295,10108
15799,10109
17492,10110
16907,10111
9796,10112
1274,10113
8636,10114
15604,10115
13829,10116
10653,10117
6161,10118
10675,10119
8618,10120
2565,10121
1942,10122
520,10123
2445,10124
11472,10125
13679,10126
9212,10127
12369,10128
7910,10129
2896,10130
2261,10131
2186,10132
2821,10133
3308,10134
2639,10135
14256,10136
8285,10137
13308,10138
10048,10139
6152,10140
9150,10141
3445,10142
5840,10143
7706,10144
9764,10145
9097,10146
3414,10147
13697,10148
16702,10149
2891,10150
12858,10151
20109,10152
11435,10153
11747,10154
19054,10155
13652,10156
2602,10157
3397,10158
4525,10159
10206,10160
17868,10161
13064,10162
4597,10163
2419,10164
10339,10165
2943,10166
16362,10167
733,10168
14299,10169
13123,10170
14122,10171
10588,10172
12617,10173
993,10174
9285,10175
14899,10176
8514,10177
6043,10178
7771,10179
3654,10180
14023,10181
13426,10182
9571,10183
17374,10184
3050,10185
7410,10186
6787,10187
15552,10188
14735,10189
18482,10190
17730,10191
9200,10192
15106,10193
1110,10194
5965,10195
6407,10196
6559,10197
7185,10198
10990,10199
11596,10200
370,10201
10380,10202
19772,10203
8180,10204
16629,10205
7114,10206
13015,10207
18389,10208
14221,10209
13014,10210
8554,10211
13033,10212
7009,10213
10888,10214
15570,10215
18165,10216
14291,10217
14722,10218
7855,10219
7225,10220
801,10221
4475,10222
7862,10223
16416,10224
12407,10225
7298,10226
916,10227
9809,10228
6998,10229
9382,10230
2956,10231
9236,10232
6622,10233
18330,10234
14822,10235
13002,10236
14375,10237
20181,10238
13779,10239
3406,10240
12159,10241
10227,10242
6632,10243
12955,10244
15797,10245
19312,10246
6007,10247
12348,10248
13766,10249
15966,10250
14361,10251
956,10252
16384,10253
3509,10254
13037,10255
15414,10256
17787,10257
4862,10258
6318,10259
6059,10260
18075,10261
19870,10262
9133,10263
2163,10264
9594,10265
5678,10266
16662,10267
10299,10268
4830,10269
3360,10270
16262,10271
2108,10272
13905,10273
1891,10274
18364,10275
20288,10276
20143,10277
13931,10278
17887,10279
2515,10280
2885,10281
1465,10282
9339,10283
11366,10284
4281,10285
4628,10286
11280,10287
9943,10288
10335,10289
9141,10290
9806,10291
3958,10292
16452,10293
18342,10294
4826,10295
18944,10296
6816,10297
13295,10298
5274,10299
8612,10300
18849,10301
3432,10302
5240,10303
12131,10304
12740,10305
15289,10306
9487,10307
17467,10308
9333,10309
4265,10310
5100,10311
1114,10312
4571,10313
4880,10314
3350,10315
18743,10316
10355,10317
8645,10318
7819,10319
4180,10320
2149,10321
14536,10322
15127,10323
5215,10324
16221,10325
1335,10326
11687,10327
6058,10328
19126,10329
1532,10330
11085,10331
10897,10332
8881,10333
18457,10334
7555,10335
3804,10336
20268,10337
19563,10338
11373,10339
8148,10340
678,10341
13309,10342
1219,10343
6534,10344
16944,10345
15922,10346
17679,10347
18595,10348
2001,10349
3477,10350
2895,10351
17296,10352
4883,10353
15158,10354
9648,10355
15309,10356
14719,10357
13542,10358
6398,10359
18087,10360
18687,10361
17385,10362
8817,10363
12019,10364
16045,10365
19538,10366
9221,10367
18066,10368
18665,10369
19931,10370
18136,10371
11226,10372
15969,10373
20287,10374
7452,10375
974,10376
7787,10377
5232,10378
8455,10379
2782,10380
18499,10381
2740,10382
1783,10383
7062,10384
18736,10385
4564,10386
16681,10387
13680,10388
2355,10389
1734,10390
20019,10391
1045,10392
20075,10393
11099,10394
6455,10395
14573,10396
3864,10397
13960,10398
2241,10399
13328,10400
17453,10401
14296,10402
14288,10403
11741,10404
8543,10405
16567,10406
9203,10407
15851,10408
17610,10409
16230,10410
1355,10411
17925,10412
15927,10413
17407,10414
5062,10415
4893,10416
2593,10417
5265,10418
15781,10419
14455,10420
6270,10421
13177,10422
4979,10423
11595,10424
398,10425
4378,10426
12851,10427
10548,10428
882,10429
1519,10430
1581,10431
19315,10432
18535,10433
10429,10434
5881,10435
10833,10436
5649,10437
16379,10438
2691,10439
731,10440
971,10441
7611,10442
762,10443
998,10444
17403,10445
3856,10446
10187,10447
19331,10448
19425,10449
3887,10450
3779,10451
14537,10452
20021,10453
19171,10454
5652,10455
13101,10456
19507,10457
11289,10458
20103,10459
6625,10460
6537,10461
19134,10462
4118,10463
18936,10464
14044,10465
15653,10466
11892,10467
2353,10468
11270,10469
8069,10470
2519,10471
3155,10472
9959,10473
13818,10474
7406,10475
2276,10476
2525,10477
10879,10478
1251,10479
10078,10480
17064,10481
6886,10482
625,10483
860,10484
15271,10485
12468,10486
18345,10487
9853,10488
9619,10489
13594,10490
18459,10491
15613,10492
17067,10493
6538,10494
16672,10495
17768,10496
9847,10497
10726,10498
15237,10499
18059,10500
19200,10501
9395,10502
18620,10503
2968,10504
18058,10505
15282,10506
13502,10507
2392,10508
19852,10509
19765,10510
8828,10511
19902,10512
9578,10513
16206,10514
16443,10515
4508,10516
1326,10517
3028,10518
10887,10519
7279,10520
4852,10521
12269,10522
11663,10523
10894,10524
19386,10525
5565,10526
13907,10527
7662,10528
3597,10529
6954,10530
406,10531
8843,10532
12466,10533
5957,10534
8861,10535
14837,10536
5994,10537
11046,10538
15121,10539
15767,10540
7923,10541
7722,10542
7093,10543
797,10544
9536,10545
16757,10546
16146,10547
8445,10548
14685,10549
15275,10550
3910,10551
5058,10552
9274,10553
14983,10554
4570,10555
13636,10556
3991,10557
11791,10558
6665,10559
6518,10560
5892,10561
12062,10562
3891,10563
11883,10564
18343,10565
18045,10566
16155,10567
14949,10568
14847,10569
2731,10570
10669,10571
5388,10572
16855,10573
4044,10574
19974,10575
5395,10576
3588,10577
9523,10578
18406,10579
11217,10580
4731,10581
4017,10582
20043,10583
9836,10584
19598,10585
19119,10586
14149,10587
15671,10588
14925,10589
7466,10590
16843,10591
1067,10592
14212,10593
5148,10594
18016,10595
10296,10596
17490,10597
15747,10598
7368,10599
9370,10600
3100,10601
6784,10602
3107,10603
8040,10604
9976,10605
17506,10606
10643,10607
1213,10608
4300,10609
3821,10610
5566,10611
4966,10612
2504,10613
9380,10614
10043,10615
4993,10616
4392,10617
10087,10618
7358,10619
1941,10620
355,10621
11073,10622
3537,10623
4140,10624
20034,10625
626,10626
13347,10627
4499,10628
14277,10629
9225,10630
18032,10631
8307,10632
19423,10633
8329,10634
3342,10635
10682,10636
4691,10637
15878,10638
17748,10639
14877,10640
19806,10641
2106,10642
7158,10643
9922,10644
5952,10645
19368,10646
3918,10647
4469,10648
2829,10649
919,10650
2823,10651
1868,10652
15465,10653
17740,10654
11297,10655
14682,10656
4652,10657
12569,10658
18788,10659
18188,10660
8406,10661
19586,10662
6640,10663
11717,10664
8037,10665
6743,10666
6825,10667
1212,10668
6883,10669
686,10670
5837,10671
14878,10672
6273,10673
9068,10674
3043,10675
12434,10676
20182,10677
8542,10678
2942,10679
3547,10680
8550,10681
15109,10682
13793,10683
8364,10684
11538,10685
1563,10686
2195,10687
11620,10688
11014,10689
18851,10690
11683,10691
11079,10692
15917,10693
925,10694
10392,10695
3625,10696
9303,10697
13579,10698
17255,10699
14176,10700
2432,10701
5751,10702
3705,10703
6240,10704
17811,10705
18327,10706
7236,10707
1291,10708
16026,10709
11362,10710
17173,10711
14972,10712
14777,10713
16735,10714
20094,10715
1927,10716
10789,10717
17759,10718
14381,10719
7679,10720
7050,10721
18748,10722
4087,10723
10506,10724
5964,10725
13468,10726
12861,10727
11376,10728
10957,10729
11561,10730
12032,10731
18557,10732
16320,10733
7447,10734
10782,10735
8781,10736
6060,10737
15728,10738
19862,10739
3843,10740
7985,10741
12251,10742
11837,10743
19513,10744
16341,10745
18976,10746
5993,10747
14749,10748
8527,10749
12327,10750
15754,10751
8351,10752
10347,10753
20307,10754
12599,10755
6739,10756
3691,10757
18824,10758
5921,10759
10331,10760
1555,10761
2327,10762
2961,10763
8924,10764
16796,10765
3659,10766
12319,10767
4696,10768
1646,10769
1583,10770
5065,10771
3112,10772
2477,10773
9327,10774
17341,10775
18106,10776
16428,10777
15842,10778
15069,10779
17444,10780
4885,10781
7481,10782
11519,10783
13838,10784
9679,10785
17226,10786
18803,10787
4777,10788
19256,10789
10485,10790
9815,10791
18201,10792
12866,10793
8831,10794
19027,10795
10300,10796
10553,10797
17664,10798
18179,10799
14946,10800
7986,10801
18451,10802
6934,10803
19316,10804
3148,10805
12892,10806
7895,10807
9035,10808
8373,10809
10166,10810
5361,10811
1540,10812
14134,10813
14731,10814
8962,10815
11356,10816
11398,10817
2739,10818
14517,10819
11485,10820
9893,10821
3463,10822
10995,10823
18799,10824
19399,10825
16447,10826
8075,10827
4309,10828
5213,10829
4669,10830
13422,10831
14019,10832
10216,10833
11621,10834
1839,10835
7455,10836
6832,10837
13656,10838
12378,10839
19010,10840
14803,10841
1553,10842
9210,10843
19942,10844
4964,10845
4928,10846
5530,10847
5619,10848
711,10849
2863,10850
10016,10851
14289,10852
7649,10853
13924,10854
18926,10855
16756,10856
8298,10857
15116,10858
19304,10859
8574,10860
18231,10861
7637,10862
4906,10863
11565,10864
4765,10865
3949,10866
11492,10867
5252,10868
3446,10869
1694,10870
19899,10871
11622,10872
17345,10873
1827,10874
15775,10875
18813,10876
14642,10877
19314,10878
11576,10879
13330,10880
11667,10881
11062,10882
15049,10883
4446,10884
6795,10885
7127,10886
16945,10887
2262,10888
2876,10889
972,10890
16359,10891
5336,10892
780,10893
18458,10894
19562,10895
3635,10896
11648,10897
14471,10898
6293,10899
7244,10900
16460,10901
13606,10902
10441,10903
13148,10904
1325,10905
1122,10906
9730,10907
19089,10908
7210,10909
18746,10910
12650,10911
696,10912
15152,10913
14308,10914
4205,10915
19327,10916
4481,10917
3622,10918
16057,10919
19448,10920
13460,10921
977,10922
20044,10923
18867,10924
15670,10925
19944,10926
18379,10927
11941,10928
2349,10929
4234,10930
2750,10931
17133,10932
20248,10933
16322,10934
3689,10935
16578,10936
20023,10937
19396,10938
20171,10939
18797,10940
17330,10941
18266,10942
13150,10943
5403,10944
15113,10945
14321,10946
3610,10947
12512,10948
1239,10949
4810,10950
18770,10951
17251,10952
14467,10953
9508,10954
9132,10955
12790,10956
14792,10957
17214,10958
16616,10959
6650,10960
7431,10961
12412,10962
7305,10963
12136,10964
18061,10965
12744,10966
2685,10967
12481,10968
2357,10969
15491,10970
11101,10971
8161,10972
15251,10973
17796,10974
6446,10975
5221,10976
907,10977
5793,10978
10271,10979
770,10980
2934,10981
11227,10982
12396,10983
6645,10984
18879,10985
3462,10986
4066,10987
2051,10988
16202,10989
4766,10990
14890,10991
18299,10992
17917,10993
14051,10994
7148,10995
6037,10996
9786,10997
9104,10998
17102,10999
17687,11000
19709,11001
2868,11002
8565,11003
867,11004
2735,11005
8647,11006
15656,11007
2039,11008
17858,11009
19330,11010
18946,11011
14259,11012
2813,11013
2178,11014
12837,11015
19547,11016
5451,11017
3550,11018
17638,11019
7113,11020
6484,11021
10427,11022
2107,11023
16676,11024
2966,11025
13485,11026
15267,11027
10645,11028
11624,11029
7812,11030
17471,11031
19429,11032
11993,11033
12729,11034
18101,11035
12779,11036
7183,11037
12732,11038
10913,11039
14863,11040
5414,11041
10547,11042
13354,11043
15139,11044
4529,11045
13245,11046
4385,11047
1560,11048
8293,11049
3189,11050
13145,11051
7109,11052
19178,11053
7537,11054
7886,11055
15952,11056
13153,11057
4649,11058
12056,11059
7538,11060
16878,11061
11392,11062
19050,11063
12993,11064
9918,11065
14933,11066
7229,11067
4182,11068
6042,11069
19767,11070
8173,11071
19080,11072
15997,11073
9850,11074
19475,11075
16518,11076
15932,11077
15832,11078
15780,11079
4548,11080
1845,11081
4882,11082
12945,11083
11298,11084
16845,11085
6384,11086
9805,11087
3060,11088
6601,11089
19229,11090
18056,11091
7701,11092
3409,11093
17894,11094
11122,11095
11234,11096
11365,11097
12495,11098
17731,11099
6066,11100
17714,11101
3023,11102
5054,11103
19341,11104
6012,11105
2802,11106
13439,11107
14036,11108
11237,11109
847,11110
20303,11111
17434,11112
11176,11113
2818,11114
7965,11115
13512,11116
10063,11117
5890,11118
12118,11119
13935,11120
11781,11121
15422,11122
14833,11123
921,11124
10382,11125
19922,11126
3314,11127
9534,11128
17870,11129
3546,11130
18504,11131
2941,11132
16550,11133
6074,11134
6999,11135
17438,11136
15337,11137
9304,11138
2095,11139
8060,11140
18323,11141
2412,11142
2087,11143
1218,11144
16372,11145
16958,11146
4164,11147
17509,11148
9341,11149
5822,11150
1008,11151
13949,11152
3962,11153
1131,11154
10959,11155
900,11156
2803,11157
3915,11158
10198,11159
12470,11160
16106,11161
17148,11162
8590,11163
13315,11164
850,11165
16179,11166
12126,11167
2927,11168
3532,11169
2413,11170
18305,11171
13209,11172
10864,11173
4062,11174
2801,11175
12267,11176
11446,11177
5653,11178
10013,11179
7160,11180
8788,11181
15724,11182
14580,11183
13359,11184
13959,11185
19298,11186
4553,11187
6788,11188
2291,11189
5848,11190
10396,11191
10251,11192
16207,11193
11295,11194
6503,11195
2628,11196
1870,11197
10033,11198
1846,11199
7922,11200
1559,11201
14005,11202
12043,11203
8824,11204
915,11205
3294,11206
7952,11207
17566,11208
3165,11209
18014,11210
17931,11211
12793,11212
19827,11213
6799,11214
18215,11215
13751,11216
8379,11217
2321,11218
8512,11219
12644,11220
8153,11221
7119,11222
19892,11223
1815,11224
6090,11225
6715,11226
9886,11227
13404,11228
12110,11229
15696,11230
2103,11231
10035,11232
9372,11233
6110,11234
2573,11235
8847,11236
4326,11237
10428,11238
17331,11239
13483,11240
14070,11241
19346,11242
4080,11243
2237,11244
18449,11245
17852,11246
16295,11247
15708,11248
19529,11249
13798,11250
11490,11251
19807,11252
2113,11253
3054,11254
3371,11255
14393,11256
9169,11257
8025,11258
3389,11259
10295,11260
3002,11261
8505,11262
15362,11263
7800,11264
11027,11265
19854,11266
8428,11267
4185,11268
14487,11269
7736,11270
5695,11271
8661,11272
1599,11273
964,11274
10830,11275
1967,11276
8854,11277
10359,11278
13180,11279
9323,11280
15586,11281
6115,11282
8234,11283
515,11284
5867,11285
6493,11286
3385,11287
7033,11288
6401,11289
812,11290
15625,11291
19162,11292
16884,11293
18777,11294
4097,11295
3493,11296
9599,11297
2671,11298
5792,11299
19480,11300
16113,11301
16556,11302
17257,11303
20159,11304
16067,11305
11163,11306
16654,11307
20172,11308
11236,11309
18370,11310
13983,11311
3478,11312
6272,11313
20289,11314
19661,11315
3603,11316
6699,11317
8284,11318
1470,11319
2444,11320
1478,11321
11491,11322
3370,11323
2322,11324
15092,11325
17273,11326
6118,11327
19544,11328
1769,11329
15084,11330
2732,11331
10288,11332
7397,11333
7206,11334
1795,11335
16905,11336
9050,11337
9082,11338
13930,11339
20042,11340
8950,11341
8019,11342
17565,11343
4876,11344
15850,11345
14643,11346
6238,11347
9172,11348
16254,11349
14424,11350
15307,11351
17389,11352
8168,11353
8155,11354
15016,11355
20294,11356
20129,11357
11087,11358
9209,11359
14697,11360
12618,11361
17555,11362
19917,11363
18124,11364
18097,11365
15295,11366
17486,11367
15727,11368
2887,11369
18159,11370
1021,11371
14084,11372
6155,11373
17656,11374
2224,11375
11082,11376
1056,11377
2958,11378
13969,11379
15134,11380
14542,11381
4510,11382
2604,11383
13667,11384
12097,11385
2409,11386
8549,11387
12804,11388
3413,11389
18857,11390
1966,11391
18466,11392
5992,11393
16924,11394
16136,11395
18281,11396
10307,11397
15877,11398
13804,11399
8598,11400
3392,11401
4657,11402
4052,11403
19479,11404
18007,11405
9547,11406
8405,11407
11097,11408
11864,11409
12917,11410
18907,11411
8526,11412
4458,11413
12464,11414
17772,11415
9128,11416
11379,11417
1529,11418
14485,11419
10228,11420
9156,11421
15480,11422
17130,11423
20342,11424
7575,11425
1876,11426
7179,11427
9157,11428
17508,11429
17824,11430
13001,11431
10466,11432
14148,11433
14944,11434
17460,11435
14671,11436
14077,11437
13094,11438
16922,11439
18444,11440
12688,11441
18518,11442
5601,11443
18694,11444
2099,11445
4957,11446
5557,11447
2174,11448
11263,11449
6612,11450
13749,11451
14271,11452
5987,11453
19137,11454
17715,11455
17332,11456
17335,11457
3464,11458
12221,11459
14457,11460
3844,11461
2157,11462
10068,11463
3670,11464
15607,11465
8776,11466
2558,11467
9990,11468
4325,11469
5622,11470
365,11471
2682,11472
15413,11473
2143,11474
11768,11475
14101,11476
5320,11477
3514,11478
11225,11479
18980,11480
18377,11481
11978,11482
11374,11483
15174,11484
19904,11485
15916,11486
7106,11487
18568,11488
20228,11489
15869,11490
16611,11491
13137,11492
1049,11493
9824,11494
1660,11495
14606,11496
8964,11497
17386,11498
8826,11499
5571,11500
14675,11501
2794,11502
12924,11503
14809,11504
4428,11505
560,11506
9813,11507
6564,11508
12411,11509
14329,11510
18012,11511
12417,11512
16619,11513
4252,11514
7063,11515
6432,11516
2505,11517
3141,11518
6763,11519
9866,11520
8175,11521
16041,11522
14016,11523
18227,11524
18537,11525
19140,11526
15768,11527
16355,11528
17987,11529
3249,11530
12907,11531
3021,11532
4078,11533
4681,11534
13290,11535
2049,11536
10447,11537
13875,11538
1364,11539
4646,11540
2898,11541
5464,11542
3485,11543
3296,11544
11291,11545
16569,11546
11894,11547
17155,11548
10953,11549
14357,11550
11634,11551
11028,11552
1031,11553
2935,11554
2227,11555
7283,11556
2892,11557
2257,11558
11979,11559
5280,11560
967,11561
3367,11562
16950,11563
10862,11564
9364,11565
7000,11566
8058,11567
19705,11568
11255,11569
19490,11570
17084,11571
6662,11572
7162,11573
6535,11574
13171,11575
1704,11576
13402,11577
14001,11578
7233,11579
17955,11580
4838,11581
5164,11582
9256,11583
16471,11584
16513,11585
17098,11586
2266,11587
11241,11588
16016,11589
20224,11590
20093,11591
12443,11592
19812,11593
13212,11594
4547,11595
16388,11596
4355,11597
14550,11598
16962,11599
16937,11600
17075,11601
15112,11602
16894,11603
5385,11604
1055,11605
7766,11606
3839,11607
15444,11608
12273,11609
1596,11610
14769,11611
5942,11612
6569,11613
13740,11614
11156,11615
11276,11616
11760,11617
1091,11618
19518,11619
16560,11620
16734,11621
16145,11622
9155,11623
7197,11624
1032,11625
1668,11626
14755,11627
13135,11628
14521,11629
13432,11630
14029,11631
13039,11632
15086,11633
16017,11634
15495,11635
3236,11636
15591,11637
8354,11638
13208,11639
19954,11640
12185,11641
7625,11642
3299,11643
9820,11644
9154,11645
11105,11646
13280,11647
5669,11648
1337,11649
11369,11650
5838,11651
12681,11652
9562,11653
12786,11654
15248,11655
14463,11656
706,11657
855,11658
15039,11659
4442,11660
5875,11661
12228,11662
8994,11663
15726,11664
1654,11665
20335,11666
12147,11667
1009,11668
11637,11669
8323,11670
1906,11671
19872,11672
11635,11673
14645,11674
6031,11675
591,11676
6390,11677
12777,11678
6709,11679
10498,11680
5457,11681
19213,11682
3774,11683
13299,11684
6232,11685
995,11686
12888,11687
16913,11688
4001,11689
15074,11690
9557,11691
9049,11692
19666,11693
13596,11694
19837,11695
11346,11696
4798,11697
7128,11698
9617,11699
2401,11700
4065,11701
4753,11702
5354,11703
12706,11704
9765,11705
13392,11706
7254,11707
16252,11708
12957,11709
6009,11710
9446,11711
18175,11712
19338,11713
19261,11714
8506,11715
7841,11716
3306,11717
3254,11718
18287,11719
17215,11720
5796,11721
2457,11722
15870,11723
7203,11724
7833,11725
17104,11726
6145,11727
6770,11728
12280,11729
11308,11730
13571,11731
14891,11732
14161,11733
16738,11734
5761,11735
4898,11736
5758,11737
945,11738
13029,11739
6562,11740
8611,11741
17125,11742
14956,11743
1057,11744
7776,11745
9791,11746
16868,11747
11651,11748
11045,11749
2062,11750
2009,11751
17649,11752
6737,11753
1982,11754
13062,11755
17217,11756
4587,11757
18966,11758
11315,11759
14208,11760
12522,11761
10309,11762
19147,11763
1500,11764
7669,11765
18270,11766
18871,11767
18173,11768
16459,11769
17622,11770
3870,11771
4107,11772
13972,11773
12476,11774
7190,11775
20156,11776
13663,11777
18891,11778
11058,11779
15265,11780
19791,11781
10293,11782
13227,11783
8823,11784
15743,11785
6498,11786
19454,11787
11109,11788
849,11789
19858,11790
7808,11791
8472,11792
11764,11793
11971,11794
3882,11795
2836,11796
2798,11797
13449,11798
15231,11799
10450,11800
19611,11801
17836,11802
12206,11803
13613,11804
11811,11805
13501,11806
15281,11807
20115,11808
16039,11809
18394,11810
14807,11811
15394,11812
11814,11813
12814,11814
4661,11815
5260,11816
19789,11817
10195,11818
1460,11819
7135,11820
3739,11821
17073,11822
20200,11823
6688,11824
5771,11825
3011,11826
15822,11827
4337,11828
1658,11829
1022,11830
8570,11831
2218,11832
15217,11833
15692,11834
9230,11835
9997,11836
5266,11837
13282,11838
3288,11839
4191,11840
4550,11841
1836,11842
16420,11843
8901,11844
15614,11845
18209,11846
1010,11847
809,11848
17965,11849
16959,11850
10464,11851
4227,11852
15991,11853
17889,11854
7801,11855
11135,11856
20099,11857
7924,11858
7296,11859
5239,11860
4108,11861
8585,11862
12687,11863
7432,11864
15094,11865
1148,11866
1368,11867
8886,11868
16844,11869
5380,11870
718,11871
19087,11872
4799,11873
1051,11874
17286,11875
5387,11876
1843,11877
3411,11878
18320,11879
6181,11880
8943,11881
4322,11882
15397,11883
8811,11884
615,11885
13962,11886
14433,11887
19276,11888
4676,11889
6891,11890
1016,11891
18758,11892
18040,11893
18640,11894
3657,11895
2882,11896
3721,11897
10799,11898
7583,11899
18273,11900
19795,11901
7482,11902
1171,11903
20080,11904
13705,11905
11131,11906
16765,11907
9621,11908
18623,11909
17439,11910
4354,11911
1854,11912
14096,11913
863,11914
800,11915
2014,11916
19711,11917
8191,11918
5925,11919
1317,11920
667,11921
5499,11922
11910,11923
11141,11924
13778,11925
13385,11926
19439,11927
14105,11928
13443,11929
14040,11930
15633,11931
10161,11932
12844,11933
20276,11934
15859,11935
9590,11936
3278,11937
3766,11938
1229,11939
11505,11940
6234,11941
6859,11942
6151,11943
8005,11944
7377,11945
15254,11946
15274,11947
11002,11948
15660,11949
6316,11950
17466,11951
18465,11952
14782,11953
14315,11954
2152,11955
5525,11956
1472,11957
10632,11958
14392,11959
17645,11960
3285,11961
5295,11962
17088,11963
16499,11964
9447,11965
17884,11966
7868,11967
13118,11968
7238,11969
19710,11970
2984,11971
13781,11972
6613,11973
14377,11974
12157,11975
12765,11976
17652,11977
10207,11978
6548,11979
11510,11980
19086,11981
15317,11982
19533,11983
14727,11984
13791,11985
15755,11986
16342,11987
17265,11988
10698,11989
13473,11990
16003,11991
16088,11992
16590,11993
13659,11994
19554,11995
18628,11996
18959,11997
11654,11998
10463,11999
9793,12000
14952,12001
15542,12002
10423,12003
8425,12004
5718,12005
13843,12006
19891,12007
8367,12008
5264,12009
5369,12010
4768,12011
19191,12012
10194,12013
11862,12014
14787,12015
18532,12016
16444,12017
14065,12018
15031,12019
5773,12020
4083,12021
3479,12022
16418,12023
7258,12024
16538,12025
11341,12026
17114,12027
17554,12028
16970,12029
5972,12030
12174,12031
12782,12032
8249,12033
10203,12034
3674,12035
19153,12036
6245,12037
388,12038
6802,12039
10024,12040
14206,12041
11328,12042
4189,12043
18726,12044
19324,12045
15554,12046
1974,12047
4053,12048
11857,12049
18962,12050
20325,12051
10409,12052
9741,12053
9352,12054
15117,12055
19470,12056
2963,12057
5191,12058
4592,12059
1060,12060
9818,12061
19192,12062
5059,12063
16717,12064
14750,12065
11928,12066
10381,12067
4575,12068
2664,12069
18442,12070
8408,12071
15864,12072
17018,12073
9217,12074
2166,12075
1536,12076
11375,12077
11564,12078
12172,12079
1857,12080
15091,12081
1221,12082
14572,12083
7601,12084
4472,12085
9930,12086
1228,12087
15249,12088
8110,12089
8771,12090
6249,12091
6363,12092
5103,12093
4664,12094
15765,12095
14876,12096
19740,12097
12791,12098
19389,12099
14117,12100
17076,12101
15631,12102
5646,12103
14808,12104
14263,12105
18950,12106
13648,12107
13020,12108
11175,12109
11354,12110
4188,12111
3585,12112
13073,12113
20158,12114
15510,12115
2341,12116
6315,12117
12444,12118
1959,12119
9490,12120
17876,12121
15661,12122
3835,12123
19096,12124
16034,12125
19452,12126
1311,12127
3827,12128
508,12129
16031,12130
17907,12131
8515,12132
4004,12133
20275,12134
17420,12135
19142,12136
15312,12137
12980,12138
12471,12139
19946,12140
12742,12141
9658,12142
6522,12143
9654,12144
10328,12145
9177,12146
20326,12147
473,12148
18515,12149
11117,12150
12193,12151
12801,12152
16979,12153
3482,12154
1421,12155
14658,12156
4581,12157
20007,12158
19723,12159
12946,12160
13743,12161
1073,12162
2749,12163
6089,12164
14103,12165
11034,12166
10438,12167
2640,12168
18513,12169
7005,12170
12919,12171
18247,12172
1672,12173
5984,12174
19707,12175
4572,12176
5172,12177
14473,12178
10201,12179
14575,12180
18591,12181
2631,12182
11228,12183
20178,12184
5199,12185
2663,12186
8518,12187
17636,12188
4042,12189
19929,12190
10378,12191
11577,12192
14589,12193
2719,12194
1408,12195
1737,12196
15014,12197
9263,12198
19216,12199
1875,12200
9073,12201
5716,12202
2429,12203
14942,12204
18314,12205
19605,12206
13097,12207
6818,12208
5235,12209
4635,12210
3743,12211
5019,12212
10190,12213
16114,12214
7994,12215
4335,12216
3730,12217
9319,12218
2452,12219
13956,12220
1633,12221
9575,12222
5643,12223
11636,12224
5112,12225
10191,12226
5273,12227
13205,12228
16703,12229
7091,12230
19761,12231
13447,12232
8334,12233
1644,12234
8997,12235
6196,12236
1292,12237
12683,12238
19363,12239
13546,12240
14319,12241
8299,12242
8625,12243
19309,12244
5357,12245
16916,12246
4005,12247
4271,12248
1456,12249
12099,12250
1853,12251
3665,12252
11030,12253
3372,12254
1603,12255
968,12256
17560,12257
16842,12258
10095,12259
13467,12260
14510,12261
12605,12262
1485,12263
9912,12264
5752,12265
10489,12266
1785,12267
3426,12268
8356,12269
8361,12270
9023,12271
5780,12272
2269,12273
1634,12274
11442,12275
8832,12276
15246,12277
13754,12278
5951,12279
6578,12280
8500,12281
6893,12282
7346,12283
8468,12284
6959,12285
19158,12286
17533,12287
13489,12288
9083,12289
12441,12290
18898,12291
11953,12292
7572,12293
9170,12294
4709,12295
14135,12296
14486,12297
8232,12298
18140,12299
20306,12300
18915,12301
11080,12302
13116,12303
11684,12304
7617,12305
5094,12306
16111,12307
11305,12308
12966,12309
929,12310
17142,12311
12511,12312
18495,12313
12359,12314
13617,12315
17207,12316
6038,12317
13465,12318
13985,12319
19735,12320
9625,12321
13224,12322
5915,12323
11077,12324
18023,12325
4032,12326
5306,12327
2495,12328
14074,12329
7059,12330
18083,12331
5568,12332
10504,12333
4967,12334
13955,12335
13664,12336
15436,12337
17180,12338
15411,12339
17766,12340
14230,12341
18378,12342
11330,12343
18981,12344
13142,12345
9839,12346
771,12347
16642,12348
7149,12349
4704,12350
6053,12351
13995,12352
7780,12353
7142,12354
4079,12355
16167,12356
2964,12357
16266,12358
1595,12359
7656,12360
7973,12361
8605,12362
889,12363
13912,12364
2769,12365
5880,12366
8970,12367
13813,12368
14408,12369
17653,12370
3261,12371
11277,12372
5337,12373
12261,12374
14073,12375
11619,12376
18414,12377
16028,12378
7909,12379
7169,12380
13676,12381
6542,12382
17753,12383
18942,12384
10673,12385
19000,12386
17208,12387
16271,12388
11652,12389
4778,12390
11055,12391
18639,12392
18039,12393
18699,12394
18099,12395
14734,12396
19084,12397
3608,12398
14217,12399
8303,12400
12127,12401
5891,12402
13807,12403
19667,12404
15818,12405
15224,12406
9012,12407
9676,12408
11457,12409
5894,12410
17070,12411
13562,12412
20203,12413
18998,12414
6863,12415
14492,12416
14908,12417
13357,12418
12271,12419
2344,12420
10118,12421
18288,12422
14594,12423
3959,12424
6205,12425
10738,12426
17541,12427
7234,12428
7584,12429
393,12430
16520,12431
3230,12432
7774,12433
11705,12434
8977,12435
13942,12436
16533,12437
3668,12438
2547,12439
14420,12440
14232,12441
3966,12442
17049,12443
16946,12444
4034,12445
5702,12446
12397,12447
20345,12448
8434,12449
7140,12450
14935,12451
2015,12452
6635,12453
14087,12454
15138,12455
6329,12456
4440,12457
19361,12458
12058,12459
9515,12460
4684,12461
2633,12462
14306,12463
12570,12464
18613,12465
5759,12466
6728,12467
17009,12468
6394,12469
4282,12470
11023,12471
2530,12472
17593,12473
16421,12474
17336,12475
18052,12476
856,12477
5794,12478
11641,12479
4048,12480
2206,12481
18207,12482
4672,12483
14496,12484
16190,12485
5950,12486
4728,12487
5327,12488
15185,12489
1698,12490
2331,12491
15635,12492
10163,12493
1243,12494
9868,12495
19420,12496
5064,12497
12457,12498
20164,12499
2789,12500
13261,12501
7526,12502
14540,12503
12647,12504
6895,12505
866,12506
16069,12507
11782,12508
11942,12509
12545,12510
1075,12511
18160,12512
19955,12513
13683,12514
15534,12515
2270,12516
19810,12517
4372,12518
8634,12519
1665,12520
16675,12521
2995,12522
11872,12523
4817,12524
18503,12525
2360,12526
19106,12527
12111,12528
8169,12529
17347,12530
859,12531
846,12532
9426,12533
10093,12534
5307,12535
16224,12536
2616,12537
13946,12538
5085,12539
18679,12540
7605,12541
5675,12542
5318,12543
10245,12544
9538,12545
8319,12546
17118,12547
7852,12548
10909,12549
5044,12550
7854,12551
4015,12552
6448,12553
11578,12554
17812,12555
20184,12556
12581,12557
16920,12558
13673,12559
17878,12560
17144,12561
17419,12562
14686,12563
17143,12564
15483,12565
14155,12566
12472,12567
15800,12568
13557,12569
13036,12570
16615,12571
10120,12572
16000,12573
17711,12574
3019,12575
12979,12576
11272,12577
17176,12578
10522,12579
17762,12580
2384,12581
9777,12582
10445,12583
9854,12584
20058,12585
15329,12586
8254,12587
5677,12588
6032,12589
10164,12590
5267,12591
2286,12592
13271,12593
2617,12594
9479,12595
19166,12596
17634,12597
8955,12598
7773,12599
3069,12600
15662,12601
12897,12602
5325,12603
19251,12604
18651,12605
12755,12606
9792,12607
6539,12608
12670,12609
4492,12610
3630,12611
5146,12612
8971,12613
12875,12614
11400,12615
8350,12616
9604,12617
4501,12618
13762,12619
1096,12620
18828,12621
4157,12622
15236,12623
13454,12624
14736,12625
712,12626
3768,12627
15226,12628
6466,12629
7095,12630
9393,12631
3946,12632
7414,12633
7505,12634
6290,12635
10490,12636
20176,12637
1387,12638
11110,12639
10860,12640
9561,12641
19075,12642
19553,12643
14314,12644
15861,12645
16479,12646
15880,12647
10500,12648
9830,12649
15477,12650
16548,12651
13104,12652
15961,12653
2383,12654
16573,12655
3018,12656
1627,12657
992,12658
16367,12659
4060,12660
10849,12661
8855,12662
870,12663
20321,12664
19496,12665
14919,12666
16539,12667
14850,12668
20155,12669
17850,12670
19199,12671
8446,12672
2559,12673
7195,12674
12281,12675
12889,12676
13291,12677
3904,12678
20037,12679
19557,12680
4324,12681
6376,12682
15131,12683
3718,12684
16969,12685
1061,12686
14738,12687
18368,12688
14934,12689
9167,12690
16283,12691
16869,12692
12047,12693
9495,12694
11000,12695
13154,12696
16076,12697
15453,12698
17752,12699
6685,12700
17189,12701
3997,12702
16895,12703
11584,12704
9719,12705
2156,12706
2791,12707
14301,12708
14448,12709
6264,12710
14410,12711
19413,12712
13892,12713
5694,12714
14275,12715
20264,12716
15763,12717
15380,12718
16510,12719
13430,12720
20054,12721
17166,12722
11818,12723
1204,12724
18260,12725
3526,12726
16817,12727
15401,12728
13017,12729
20206,12730
13980,12731
6993,12732
10218,12733
902,12734
2066,12735
3869,12736
730,12737
2668,12738
7530,12739
9754,12740
2804,12741
3031,12742
8808,12743
607,12744
901,12745
10240,12746
17961,12747
2323,12748
5283,12749
12137,12750
9630,12751
17510,12752
4544,12753
1630,12754
2161,12755
17658,12756
14723,12757
14129,12758
6969,12759
4468,12760
6004,12761
11306,12762
19398,12763
15888,12764
18169,12765
4208,12766
4905,12767
13898,12768
10783,12769
17479,12770
16543,12771
6698,12772
820,12773
16277,12774
9738,12775
1850,12776
18795,12777
4879,12778
2912,12779
20095,12780
6736,12781
13320,12782
3037,12783
19402,12784
19843,12785
13482,12786
9063,12787
8400,12788
9624,12789
12621,12790
11516,12791
10208,12792
4152,12793
12910,12794
13927,12795
16867,12796
12555,12797
6208,12798
7379,12799
3702,12800
4321,12801
12631,12802
3810,12803
9924,12804
10135,12805
554,12806
8071,12807
10652,12808
13257,12809
693,12810
19616,12811
10143,12812
6283,12813
20214,12814
622,12815
18390,12816
17929,12817
20195,12818
17342,12819
18102,12820
17820,12821
19896,12822
1084,12823
20230,12824
14798,12825
7276,12826
17200,12827
7904,12828
15882,12829
17552,12830
12657,12831
2611,12832
5134,12833
2032,12834
3581,12835
3423,12836
8587,12837
16193,12838
19202,12839
10556,12840
5905,12841
13420,12842
18089,12843
9270,12844
4801,12845
19406,12846
10451,12847
897,12848
1940,12849
576,12850
10237,12851
10814,12852
4974,12853
14335,12854
5397,12855
1065,12856
18062,12857
8829,12858
9841,12859
18338,12860
13133,12861
4699,12862
12940,12863
10843,12864
2621,12865
8017,12866
4872,12867
8951,12868
19093,12869
14269,12870
16307,12871
10181,12872
13517,12873
9661,12874
14593,12875
8499,12876
7126,12877
1522,12878
16327,12879
1078,12880
7076,12881
823,12882
6119,12883
15761,12884
14649,12885
7014,12886
15673,12887
6383,12888
14405,12889
19224,12890
3032,12891
16849,12892
7449,12893
13317,12894
2407,12895
16836,12896
5610,12897
8023,12898
841,12899
10614,12900
12081,12901
8757,12902
19234,12903
20221,12904
16404,12905
15816,12906
13900,12907
8111,12908
15575,12909
16608,12910
20331,12911
11194,12912
17910,12913
886,12914
16914,12915
13498,12916
15278,12917
799,12918
6462,12919
20018,12920
19422,12921
19193,12922
2637,12923
5526,12924
10318,12925
2060,12926
5066,12927
9249,12928
1245,12929
1881,12930
9766,12931
5334,12932
17283,12933
17540,12934
2979,12935
4596,12936
15941,12937
12277,12938
17871,12939
11753,12940
13113,12941
9229,12942
11501,12943
19230,12944
9602,12945
14441,12946
7851,12947
6605,12948
5349,12949
2203,12950
2838,12951
11149,12952
13132,12953
20090,12954
14909,12955
10509,12956
4114,12957
17012,12958
6961,12959
2595,12960
14518,12961
11710,12962
15687,12963
7374,12964
8002,12965
4345,12966
3741,12967
3992,12968
8954,12969
13940,12970
2950,12971
2304,12972
12508,12973
2938,12974
19168,12975
10160,12976
2437,12977
3073,12978
9003,12979
15829,12980
15233,12981
15817,12982
3571,12983
13988,12984
16426,12985
4735,12986
8493,12987
5319,12988
15669,12989
10291,12990
19218,12991
9398,12992
1788,12993
13860,12994
6897,12995
2772,12996
13866,12997
705,12998
14628,12999
13254,13000
7520,13001
18197,13002
4912,13003
3024,13004
5815,13005
7003,13006
1835,13007
17359,13008
16782,13009
12614,13010
10560,13011
8576,13012
19128,13013
3558,13014
16195,13015
12017,13016
5364,13017
11414,13018
2475,13019
7788,13020
10056,13021
6888,13022
684,13023
6991,13024
5686,13025
4382,13026
15273,13027
12665,13028
1988,13029
9913,13030
19131,13031
15325,13032
17324,13033
5945,13034
5338,13035
11466,13036
8894,13037
17484,13038
14387,13039
7982,13040
19797,13041
12431,13042
2746,13043
12437,13044
14376,13045
20279,13046
10760,13047
5797,13048
9615,13049
16488,13050
10641,13051
9016,13052
14130,13053
14726,13054
1413,13055
14620,13056
2837,13057
8891,13058
10434,13059
10923,13060
15142,13061
7749,13062
10836,13063
9497,13064
11916,13065
12346,13066
13728,13067
15947,13068
8866,13069
5472,13070
12000,13071
7028,13072
12601,13073
10479,13074
9052,13075
9717,13076
13334,13077
6530,13078
9780,13079
7597,13080
2641,13081
1834,13082
12307,13083
13849,13084
1958,13085
9278,13086
11390,13087
4138,13088
3337,13089
13370,13090
18649,13091
2835,13092
14650,13093
14056,13094
8904,13095
10816,13096
1526,13097
3913,13098
2003,13099
3746,13100
17472,13101
16424,13102
13307,13103
18049,13104
12658,13105
1976,13106
14998,13107
8413,13108
17920,13109
4770,13110
3512,13111
14199,13112
9862,13113
2878,13114
18148,13115
20270,13116
16593,13117
12580,13118
13990,13119
13391,13120
13213,13121
10580,13122
783,13123
16289,13124
5381,13125
1053,13126
15739,13127
3722,13128
13100,13129
16576,13130
6690,13131
16871,13132
4403,13133
8782,13134
4773,13135
17405,13136
9521,13137
17529,13138
15055,13139
10167,13140
910,13141
8646,13142
19215,13143
10075,13144
15672,13145
16480,13146
16408,13147
19365,13148
10496,13149
5478,13150
8551,13151
2825,13152
2190,13153
2194,13154
1562,13155
13868,13156
5654,13157
14515,13158
2391,13159
821,13160
3125,13161
9118,13162
16168,13163
16137,13164
12682,13165
14993,13166
7647,13167
5745,13168
1653,13169
15902,13170
18600,13171
2930,13172
18616,13173
11704,13174
15522,13175
10994,13176
11600,13177
16466,13178
4154,13179
6549,13180
951,13181
1586,13182
17614,13183
10521,13184
2870,13185
2235,13186
16883,13187
3971,13188
1189,13189
2458,13190
18119,13191
15637,13192
2324,13193
9008,13194
7055,13195
10274,13196
7789,13197
14630,13198
14035,13199
15855,13200
2815,13201
2180,13202
13459,13203
12852,13204
709,13205
2871,13206
14007,13207
11691,13208
15791,13209
9474,13210
557,13211
5800,13212
12035,13213
11423,13214
15209,13215
13976,13216
2781,13217
4518,13218
9530,13219
13678,13220
11527,13221
15368,13222
13098,13223
17924,13224
15216,13225
14625,13226
2703,13227
4474,13228
11033,13229
6333,13230
1332,13231
6113,13232
8946,13233
16300,13234
19377,13235
16329,13236
17580,13237
11570,13238
1333,13239
4183,13240
14088,13241
7181,13242
14948,13243
3343,13244
5489,13245
2752,13246
4887,13247
9613,13248
9910,13249
3358,13250
10577,13251
2861,13252
17004,13253
17588,13254
1628,13255
2105,13256
6755,13257
18017,13258
9238,13259
1006,13260
1549,13261
2185,13262
13997,13263
7089,13264
19777,13265
19886,13266
4762,13267
5363,13268
2228,13269
16908,13270
17493,13271
9656,13272
17675,13273
17090,13274
17988,13275
9519,13276
13338,13277
7209,13278
1622,13279
987,13280
14444,13281
17375,13282
9711,13283
7027,13284
19342,13285
10562,13286
16852,13287
6108,13288
9064,13289
15306,13290
9140,13291
15875,13292
5711,13293
2005,13294
5877,13295
7060,13296
17016,13297
7689,13298
18436,13299
19576,13300
10515,13301
1987,13302
19645,13303
12893,13304
19668,13305
13059,13306
15378,13307
20271,13308
838,13309
1786,13310
4805,13311
16598,13312
18318,13313
9849,13314
2881,13315
3523,13316
17023,13317
11344,13318
1070,13319
17770,13320
19671,13321
14172,13322
13043,13323
6643,13324
2248,13325
2883,13326
14951,13327
1593,13328
20072,13329
4165,13330
958,13331
11003,13332
11609,13333
11187,13334
15530,13335
7196,13336
4132,13337
19207,13338
1903,13339
3562,13340
18233,13341
16334,13342
3886,13343
12746,13344
4129,13345
4732,13346
7747,13347
19960,13348
11742,13349
5432,13350
13267,13351
9498,13352
2268,13353
3368,13354
18484,13355
15954,13356
19694,13357
11152,13358
20119,13359
20128,13360
7928,13361
7301,13362
1537,13363
2167,13364
3932,13365
6308,13366
1362,13367
8653,13368
8288,13369
14995,13370
2112,13371
15666,13372
6738,13373
3956,13374
19282,13375
7182,13376
5315,13377
15682,13378
3985,13379
3750,13380
13894,13381
1298,13382
10424,13383
11083,13384
12903,13385
3829,13386
604,13387
9011,13388
19259,13389
16862,13390
1751,13391
2368,13392
13187,13393
3441,13394
4043,13395
18690,13396
18090,13397
9938,13398
4166,13399
13390,13400
13989,13401
13353,13402
6551,13403
18812,13404
803,13405
10209,13406
18717,13407
19113,13408
15957,13409
13028,13410
11805,13411
2388,13412
4031,13413
3429,13414
8321,13415
8983,13416
17450,13417
827,13418
3732,13419
3382,13420
4186,13421
7137,13422
7768,13423
19081,13424
14647,13425
15238,13426
5725,13427
17382,13428
12911,13429
3934,13430
7571,13431
4076,13432
3516,13433
16402,13434
2305,13435
20244,13436
18372,13437
15110,13438
19039,13439
6990,13440
8879,13441
7744,13442
1884,13443
14888,13444
15353,13445
20265,13446
15379,13447
3658,13448
12795,13449
6687,13450
2757,13451
15434,13452
16880,13453
16648,13454
2122,13455
3436,13456
4181,13457
4784,13458
17769,13459
13590,13460
15435,13461
12947,13462
17822,13463
20280,13464
18874,13465
19718,13466
19517,13467
1742,13468
832,13469
5919,13470
6142,13471
13348,13472
4478,13473
16500,13474
11544,13475
19281,13476
19606,13477
10388,13478
7270,13479
5970,13480
19228,13481
19851,13482
5204,13483
922,13484
4656,13485
5255,13486
2189,13487
2824,13488
14597,13489
19375,13490
19463,13491
9506,13492
17077,13493
10557,13494
16350,13495
19007,13496
19599,13497
7557,13498
17865,13499
7860,13500
3490,13501
19928,13502
19332,13503
17591,13504
17723,13505
7272,13506
8517,13507
16580,13508
11873,13509
15993,13510
14851,13511
16592,13512
9860,13513
16005,13514
16736,13515
18195,13516
19990,13517
5125,13518
15028,13519
18180,13520
8906,13521
1960,13522
10926,13523
9861,13524
12701,13525
2496,13526
7784,13527
12856,13528
10924,13529
4231,13530
13578,13531
12594,13532
11517,13533
9732,13534
12775,13535
3241,13536
12761,13537
17244,13538
2756,13539
5730,13540
5095,13541
6149,13542
15912,13543
15218,13544
11940,13545
18286,13546
17109,13547
12723,13548
18424,13549
18054,13550
18427,13551
15960,13552
17819,13553
16547,13554
17198,13555
13745,13556
14340,13557
16696,13558
18920,13559
17830,13560
14796,13561
11361,13562
11751,13563
11964,13564
16492,13565
19620,13566
17773,13567
11819,13568
20193,13569
11991,13570
17081,13571
13890,13572
1418,13573
6198,13574
6823,13575
6371,13576
6782,13577
19970,13578
17187,13579
11387,13580
10321,13581
9651,13582
4383,13583
4984,13584
1801,13585
6765,13586
3062,13587
1145,13588
3675,13589
12668,13590
5664,13591
10668,13592
1167,13593
1803,13594
15824,13595
16435,13596
15331,13597
14509,13598
12180,13599
16409,13600
3556,13601
17983,13602
1351,13603
3548,13604
20183,13605
19618,13606
20194,13607
12518,13608
18902,13609
11309,13610
12960,13611
13121,13612
11139,13613
11876,13614
5767,13615
18544,13616
13543,13617
10815,13618
10401,13619
9102,13620
8439,13621
7799,13622
18172,13623
4049,13624
4654,13625
7274,13626
14554,13627
5203,13628
12288,13629
12896,13630
7875,13631
14779,13632
13196,13633
7043,13634
5786,13635
12572,13636
959,13637
1594,13638
8932,13639
16800,13640
16321,13641
2649,13642
2361,13643
2277,13644
8660,13645
18982,13646
15537,13647
3450,13648
7217,13649
4170,13650
10389,13651
8391,13652
8825,13653
16302,13654
18489,13655
11752,13656
13161,13657
9728,13658
18821,13659
18220,13660
18875,13661
10724,13662
6708,13663
16709,13664
13570,13665
4242,13666
9779,13667
1621,13668
18832,13669
17647,13670
15532,13671
4121,13672
3517,13673
18010,13674
13510,13675
15291,13676
2699,13677
8205,13678
17945,13679
5233,13680
1965,13681
15837,13682
8722,13683
15488,13684
11724,13685
16130,13686
7865,13687
9061,13688
10555,13689
9840,13690
9888,13691
5770,13692
15111,13693
8398,13694
7927,13695
11487,13696
10046,13697
19911,13698
9702,13699
14576,13700
1629,13701
994,13702
10372,13703
19176,13704
9510,13705
13188,13706
12697,13707
3161,13708
12862,13709
3511,13710
16640,13711
5644,13712
14012,13713
4909,13714
2239,13715
3369,13716
1488,13717
3053,13718
1136,13719
12279,13720
6026,13721
15107,13722
18539,13723
885,13724
9668,13725
19461,13726
14239,13727
9609,13728
7421,13729
12571,13730
14042,13731
15203,13732
10996,13733
12055,13734
715,13735
6417,13736
5933,13737
18579,13738
2700,13739
9533,13740
7324,13741
10486,13742
1282,13743
4685,13744
5284,13745
6596,13746
5969,13747
2954,13748
13252,13749
8152,13750
6139,13751
6178,13752
6428,13753
1685,13754
7153,13755
18683,13756
10930,13757
9649,13758
16909,13759
3999,13760
6289,13761
11854,13762
13067,13763
19453,13764
14194,13765
16876,13766
17461,13767
16600,13768
10573,13769
6085,13770
3359,13771
10917,13772
17037,13773
14075,13774
6710,13775
18507,13776
13321,13777
13322,13778
1748,13779
2816,13780
3422,13781
16737,13782
2913,13783
10499,13784
12900,13785
9239,13786
5814,13787
18185,13788
12823,13789
11005,13790
7141,13791
16407,13792
6447,13793
9033,13794
17051,13795
8183,13796
9724,13797
19968,13798
19371,13799
5956,13800
14730,13801
11712,13802
4512,13803
6287,13804
10592,13805
16287,13806
17934,13807
17627,13808
12292,13809
5314,13810
15700,13811
16318,13812
10946,13813
20068,13814
5402,13815
18280,13816
5936,13817
2751,13818
7347,13819
7975,13820
4793,13821
2337,13822
10413,13823
18878,13824
11628,13825
9098,13826
15355,13827
10552,13828
13335,13829
19244,13830
3845,13831
16288,13832
17115,13833
8961,13834
9946,13835
1574,13836
6217,13837
10759,13838
13815,13839
6543,13840
15173,13841
6373,13842
8668,13843
5620,13844
8739,13845
456,13846
7435,13847
4701,13848
10281,13849
1898,13850
14421,13851
18752,13852
18152,13853
11721,13854
14438,13855
12933,13856
18873,13857
9968,13858
17589,13859
12144,13860
18671,13861
7394,13862
17548,13863
13417,13864
10468,13865
5333,13866
6360,13867
2043,13868
3720,13869
17013,13870
3503,13871
13487,13872
17354,13873
997,13874
13127,13875
11918,13876
11126,13877
3497,13878
4101,13879
16397,13880
15809,13881
8936,13882
5682,13883
5810,13884
17391,13885
3243,13886
20308,13887
19722,13888
19708,13889
11143,13890
16716,13891
11726,13892
13630,13893
1459,13894
4959,13895
13325,13896
14067,13897
4727,13898
15200,13899
13419,13900
17413,13901
9553,13902
15408,13903
19588,13904
11826,13905
5753,13906
8001,13907
2875,13908
10942,13909
8496,13910
9158,13911
2351,13912
7888,13913
18638,13914
4772,13915
14458,13916
700,13917
7408,13918
18724,13919
5236,13920
2377,13921
5356,13922
3549,13923
12557,13924
17105,13925
18872,13926
2473,13927
4722,13928
12176,13929
2728,13930
1196,13931
14717,13932
6962,13933
2596,13934
8348,13935
11682,13936
14694,13937
16242,13938
6926,13939
1190,13940
4254,13941
9783,13942
6533,13943
11734,13944
12418,13945
12413,13946
6500,13947
11822,13948
8290,13949
11195,13950
20327,13951
5393,13952
1797,13953
16512,13954
4792,13955
1062,13956
13772,13957
10399,13958
9729,13959
15803,13960
5271,13961
16445,13962
10374,13963
8376,13964
7603,13965
3269,13966
17816,13967
6526,13968
12450,13969
11642,13970
14163,13971
12440,13972
17183,13973
17625,13974
18634,13975
14258,13976
16595,13977
13080,13978
8516,13979
6010,13980
7867,13981
13122,13982
13007,13983
13785,13984
18302,13985
17927,13986
9507,13987
3682,13988
11489,13989
7391,13990
5537,13991
7071,13992
5132,13993
2661,13994
15620,13995
7357,13996
12842,13997
2342,13998
2858,13999
9769,14000
17727,14001
13044,14002
16023,14003
18476,14004
20144,14005
19687,14006
19546,14007
13084,14008
16591,14009
18945,14010
13082,14011
18469,14012
18353,14013
19073,14014
16581,14015
19680,14016
18956,14017
17167,14018
14382,14019
13787,14020
1503,14021
2132,14022
3324,14023
2025,14024
8577,14025
18524,14026
15288,14027
3483,14028
12121,14029
3945,14030
1556,14031
13507,14032
5872,14033
12982,14034
13629,14035
12375,14036
20344,14037
2620,14038
4061,14039
8937,14040
4500,14041
8715,14042
1539,14043
11206,14044
19349,14045
7857,14046
4027,14047
3425,14048
5009,14049
9191,14050
19476,14051
15939,14052
13405,14053
12796,14054
12188,14055
5194,14056
16314,14057
19266,14058
1448,14059
8875,14060
11719,14061
15395,14062
17053,14063
6984,14064
3284,14065
4006,14066
5841,14067
4460,14068
18258,14069
13365,14070
11869,14071
14198,14072
9897,14073
15105,14074
15689,14075
13906,14076
19906,14077
4373,14078
1753,14079
3410,14080
14569,14081
16897,14082
15326,14083
11508,14084
19240,14085
1345,14086
13646,14087
18351,14088
8427,14089
11090,14090
14832,14091
12995,14092
14344,14093
20049,14094
15324,14095
17613,14096
18198,14097
7795,14098
9090,14099
8410,14100
16975,14101
7051,14102
7680,14103
1473,14104
6135,14105
6502,14106
5076,14107
19912,14108
16043,14109
12408,14110
9186,14111
19784,14112
6286,14113
13071,14114
11680,14115
15950,14116
4192,14117
11728,14118
7273,14119
20052,14120
5953,14121
19446,14122
3563,14123
11581,14124
15806,14125
16394,14126
928,14127
1565,14128
13506,14129
15287,14130
18162,14131
17576,14132
12187,14133
17886,14134
9610,14135
3105,14136
8840,14137
10066,14138
7702,14139
2153,14140
13372,14141
3565,14142
3715,14143
6877,14144
2656,14145
10101,14146
3713,14147
5527,14148
8028,14149
4344,14150
2478,14151
1765,14152
4895,14153
1804,14154
1168,14155
14668,14156
7592,14157
1324,14158
14633,14159
2872,14160
2280,14161
14481,14162
5688,14163
14143,14164
16534,14165
19813,14166
18226,14167
5208,14168
3400,14169
6731,14170
5163,14171
1776,14172
15293,14173
895,14174
11657,14175
11051,14176
10767,14177
16353,14178
9580,14179
3267,14180
16887,14181
15970,14182
11908,14183
12358,14184
16621,14185
20199,14186
1105,14187
7156,14188
9030,14189
4490,14190
19914,14191
14400,14192
2173,14193
1543,14194
5862,14195
15759,14196
15894,14197
9878,14198
19894,14199
10545,14200
18065,14201
14553,14202
17328,14203
3251,14204
16713,14205
18295,14206
9164,14207
8502,14208
14068,14209
17131,14210
6703,14211
13917,14212
1126,14213
18732,14214
5248,14215
12684,14216
4650,14217
7090,14218
7719,14219
1151,14220
7634,14221
17107,14222
5828,14223
7713,14224
7022,14225
4000,14226
2213,14227
13470,14228
2848,14229
5057,14230
12480,14231
5202,14232
16589,14233
6073,14234
13921,14235
12691,14236
15099,14237
4126,14238
11304,14239
6380,14240
10621,14241
17128,14242
2416,14243
5748,14244
18018,14245
2842,14246
16272,14247
18131,14248
10069,14249
4752,14250
13994,14251
13395,14252
7200,14253
4299,14254
3465,14255
4086,14256
4139,14257
4069,14258
11554,14259
10950,14260
1773,14261
12229,14262
14712,14263
15302,14264
1695,14265
8665,14266
4721,14267
14584,14268
5340,14269
3534,14270
4988,14271
9013,14272
7746,14273
2217,14274
2852,14275
8251,14276
3871,14277
18502,14278
15795,14279
18308,14280
2976,14281
17424,14282
14990,14283
7351,14284
14570,14285
9626,14286
9808,14287
7193,14288
3454,14289
16497,14290
9627,14291
3554,14292
17644,14293
15691,14294
13222,14295
16278,14296
9289,14297
7186,14298
4056,14299
6435,14300
16846,14301
2521,14302
9144,14303
9612,14304
5538,14305
8346,14306
9025,14307
9689,14308
16356,14309
15769,14310
9589,14311
2027,14312
4239,14313
15674,14314
12334,14315
11948,14316
4196,14317
3156,14318
13361,14319
2902,14320
8914,14321
3268,14322
18445,14323
11779,14324
13151,14325
2977,14326
4563,14327
18548,14328
19150,14329
6822,14330
1254,14331
1890,14332
9265,14333
6100,14334
2482,14335
16180,14336
5023,14337
671,14338
5072,14339
13433,14340
7604,14341
3530,14342
13992,14343
13393,14344
9539,14345
3461,14346
15418,14347
13092,14348
12362,14349
16838,14350
19548,14351
9316,14352
18922,14353
7917,14354
9877,14355
11537,14356
19272,14357
11456,14358
8194,14359
2916,14360
14655,14361
6529,14362
8547,14363
12212,14364
12819,14365
17269,14366
9657,14367
16225,14368
2929,14369
1025,14370
3927,14371
2655,14372
7566,14373
5290,14374
19932,14375
12242,14376
12849,14377
7677,14378
9834,14379
6588,14380
10857,14381
5693,14382
9094,14383
19181,14384
1989,14385
3049,14386
19129,14387
5351,14388
4750,14389
13293,14390
6952,14391
14104,14392
5690,14393
10891,14394
7802,14395
7171,14396
1690,14397
6692,14398
18184,14399
2278,14400
3616,14401
4546,14402
13057,14403
4818,14404
1671,14405
17706,14406
16604,14407
6025,14408
9616,14409
12324,14410
16599,14411
3008,14412
18599,14413
20032,14414
16517,14415
18722,14416
19436,14417
13610,14418
4224,14419
17745,14420
17775,14421
18328,14422
4318,14423
6671,14424
10530,14425
1035,14426
17470,14427
13181,14428
17680,14429
13773,14430
6044,14431
5150,14432
6171,14433
12938,14434
12330,14435
13704,14436
18903,14437
16162,14438
15923,14439
19320,14440
12932,14441
3989,14442
3387,14443
19829,14444
19295,14445
18697,14446
6902,14447
9947,14448
3339,14449
3978,14450
14388,14451
13536,14452
6452,14453
5826,14454
4098,14455
3494,14456
12669,14457
6915,14458
11884,14459
20142,14460
14903,14461
14744,14462
10892,14463
6482,14464
18009,14465
8978,14466
3095,14467
13451,14468
12217,14469
12824,14470
13691,14471
8421,14472
7671,14473
3380,14474
15958,14475
4896,14476
1476,14477
12704,14478
9298,14479
15038,14480
4441,14481
2826,14482
19994,14483
4290,14484
20252,14485
12195,14486
3984,14487
4590,14488
12162,14489
19863,14490
3982,14491
15729,14492
16687,14493
10527,14494
8957,14495
11962,14496
15089,14497
5755,14498
7475,14499
9829,14500
17087,14501
1146,14502
4145,14503
8630,14504
16490,14505
15904,14506
9655,14507
15250,14508
14659,14509
8991,14510
10325,14511
10537,14512
8416,14513
3388,14514
16951,14515
3564,14516
3524,14517
18888,14518
13399,14519
1366,14520
14835,14521
13109,14522
4088,14523
16968,14524
7590,14525
687,14526
10586,14527
8791,14528
2962,14529
17538,14530
14684,14531
6560,14532
2245,14533
8480,14534
10477,14535
5188,14536
18710,14537
18110,14538
14442,14539
13837,14540
8508,14541
6975,14542
7560,14543
2104,14544
18486,14545
1606,14546
12895,14547
12287,14548
7097,14549
4627,14550
3542,14551
17632,14552
8507,14553
16061,14554
14797,14555
6175,14556
10692,14557
17236,14558
9863,14559
3386,14560
12686,14561
9113,14562
4369,14563
19614,14564
14804,14565
773,14566
12870,14567
15798,14568
5564,14569
14917,14570
20079,14571
15774,14572
16361,14573
19002,14574
18997,14575
11950,14576
18276,14577
2970,14578
2724,14579
9343,14580
9817,14581
4007,14582
5270,14583
15335,14584
19696,14585
18925,14586
9208,14587
16974,14588
20082,14589
1471,14590
5277,14591
3693,14592
8952,14593
877,14594
15943,14595
11871,14596
3614,14597
6618,14598
5417,14599
12584,14600
19593,14601
13189,14602
1530,14603
17477,14604
1457,14605
17791,14606
7268,14607
20070,14608
19474,14609
17702,14610
9640,14611
5944,14612
14745,14613
13642,14614
19577,14615
12509,14616
11394,14617
12734,14618
19522,14619
4601,14620
15333,14621
13119,14622
13567,14623
11307,14624
20105,14625
18538,14626
14165,14627
7929,14628
20118,14629
4855,14630
5456,14631
18801,14632
12257,14633
9827,14634
3561,14635
14497,14636
10097,14637
5484,14638
17578,14639
7096,14640
19949,14641
12867,14642
5214,14643
14047,14644
19352,14645
892,14646
10497,14647
16928,14648
13986,14649
6353,14650
3890,14651
11529,14652
8114,14653
19120,14654
11116,14655
12939,14656
11899,14657
15100,14658
18228,14659
12972,14660
15459,14661
1138,14662
14373,14663
19985,14664
2315,14665
18092,14666
2184,14667
4611,14668
1525,14669
2259,14670
5910,14671
10973,14672
12660,14673
8837,14674
19064,14675
12763,14676
15734,14677
18357,14678
18460,14679
19561,14680
18528,14681
18960,14682
20339,14683
4134,14684
3531,14685
19945,14686
7427,14687
18475,14688
16118,14689
12965,14690
10532,14691
18735,14692
19333,14693
20102,14694
20314,14695
5346,14696
15872,14697
12011,14698
16157,14699
7765,14700
8057,14701
11486,14702
16172,14703
9148,14704
908,14705
2809,14706
16304,14707
15717,14708
5732,14709
9545,14710
14394,14711
3529,14712
10797,14713
5141,14714
12857,14715
8812,14716
19145,14717
17568,14718
4146,14719
4749,14720
9682,14721
1451,14722
3290,14723
7163,14724
7844,14725
18740,14726
6302,14727
11074,14728
18571,14729
19681,14730
2359,14731
18470,14732
2994,14733
15476,14734
17370,14735
11235,14736
9007,14737
11067,14738
10475,14739
19462,14740
4643,14741
11357,14742
16505,14743
11714,14744
17915,14745
2909,14746
2275,14747
8745,14748
16261,14749
10744,14750
19853,14751
9844,14752
2293,14753
12423,14754
17184,14755
13140,14756
20196,14757
11931,14758
13016,14759
12535,14760
11716,14761
906,14762
16038,14763
937,14764
1573,14765
16029,14766
4073,14767
9095,14768
17721,14769
19107,14770
5122,14771
813,14772
6933,14773
18158,14774
13817,14775
6001,14776
18321,14777
6626,14778
20117,14779
15988,14780
12588,14781
898,14782
13193,14783
11542,14784
10938,14785
4486,14786
16094,14787
15427,14788
1085,14789
16371,14790
8487,14791
17253,14792
14192,14793
19045,14794
17188,14795
12448,14796
15384,14797
11763,14798
5459,14799
16438,14800
1651,14801
15784,14802
14788,14803
14910,14804
1721,14805
11327,14806
15951,14807
14351,14808
14688,14809
16455,14810
14795,14811
3647,14812
8458,14813
9121,14814
14054,14815
13457,14816
12105,14817
15949,14818
12533,14819
12329,14820
5258,14821
4659,14822
19348,14823
978,14824
3334,14825
8889,14826
17414,14827
10222,14828
16386,14829
17666,14830
7864,14831
17801,14832
19830,14833
13612,14834
20087,14835
3598,14836
923,14837
2827,14838
9540,14839
10609,14840
16354,14841
14368,14842
7733,14843
3438,14844
875,14845
9591,14846
6506,14847
4190,14848
3587,14849
10158,14850
16964,14851
9826,14852
2888,14853
1452,14854
3291,14855
15900,14856
16119,14857
20231,14858
14698,14859
12351,14860
19116,14861
14156,14862
11825,14863
13608,14864
15406,14865
14205,14866
18487,14867
11794,14868
13129,14869
16541,14870
11244,14871
834,14872
1483,14873
4082,14874
19848,14875
16601,14876
14246,14877
14513,14878
17190,14879
17223,14880
829,14881
8673,14882
16759,14883
14140,14884
9308,14885
19253,14886
16936,14887
17216,14888
17718,14889
16786,14890
18993,14891
401,14892
11267,14893
17179,14894
16721,14895
14743,14896
4218,14897
4294,14898
10943,14899
2414,14900
2116,14901
19676,14902
18937,14903
14905,14904
18949,14905
13720,14906
15371,14907
15494,14908
11718,14909
9038,14910
18478,14911
2989,14912
6633,14913
15965,14914
15555,14915
15357,14916
14965,14917
15169,14918
14578,14919
11219,14920
15374,14921
12817,14922
14022,14923
11340,14924
8146,14925
414,14926
16025,14927
15507,14928
12046,14929
16024,14930
13721,14931
20207,14932
19530,14933
7938,14934
11806,14935
19006,14936
17792,14937
9934,14938
10301,14939
4270,14940
2736,14941
17631,14942
1796,14943
4163,14944
3551,14945
2946,14946
13559,14947
6689,14948
19841,14949
2625,14950
14102,14951
798,14952
8207,14953
5210,14954
15323,14955
14343,14956
7858,14957
3578,14958
12678,14959
7580,14960
8007,14961
18791,14962
1095,14963
1048,14964
20028,14965
13883,14966
10214,14967
11503,14968
15764,14969
16351,14970
15104,14971
17935,14972
12836,14973
15005,14974
7629,14975
17607,14976
19803,14977
1119,14978
16274,14979
1757,14980
17797,14981
18393,14982
14971,14983
879,14984
2779,14985
12473,14986
19519,14987
17933,14988
7016,14989
1469,14990
831,14991
14504,14992
8658,14993
10492,14994
8702,14995
13219,14996
10508,14997
13310,14998
8654,14999
18663,15000
18064,15001
3453,15002
16949,15003
11052,15004
11658,15005
2787,15006
6558,15007
6532,15008
7159,15009
5724,15010
1397,15011
10955,15012
20229,15013
9500,15014
19438,15015
5216,15016
5968,15017
6595,15018
17169,15019
15482,15020
3602,15021
12573,15022
17909,15023
3539,15024
4142,15025
16760,15026
6555,15027
19170,15028
10168,15029
19102,15030
10304,15031
17141,15032
5447,15033
12116,15034
11509,15035
10871,15036
18105,15037
14937,15038
2768,15039
4158,15040
4760,15041
11103,15042
15313,15043
15710,15044
4067,15045
5510,15046
2233,15047
18077,15048
12758,15049
2715,15050
2030,15051
19856,15052
12048,15053
8170,15054
6297,15055
2328,15056
1618,15057
19169,15058
8833,15059
7424,15060
3162,15061
5182,15062
20086,15063
16050,15064
15315,15065
11432,15066
6268,15067
6923,15068
17585,15069
2843,15070
13609,15071
16164,15072
18095,15073
18695,15074
17586,15075
13448,15076
17468,15077
17121,15078
7252,15079
19527,15080
12578,15081
9721,15082
10391,15083
3500,15084
12253,15085
7017,15086
5297,15087
10597,15088
15721,15089
12278,15090
8109,15091
19653,15092
11816,15093
17193,15094
5861,15095
15193,15096
14871,15097
13018,15098
11319,15099
11591,15100
16248,15101
8133,15102
10520,15103
5396,15104
4795,15105
12792,15106
12184,15107
15354,15108
18529,15109
7823,15110
8489,15111
15316,15112
15910,15113
11439,15114
5648,15115
16525,15116
7401,15117
8947,15118
11209,15119
6094,15120
8308,15121
17902,15122
18823,15123
13207,15124
18069,15125
7630,15126
1679,15127
18278,15128
5697,15129
354,15130
7544,15131
18051,15132
12825,15133
2126,15134
1496,15135
8697,15136
1908,15137
13313,15138
2182,15139
14592,15140
11580,15141
11024,15142
11630,15143
3907,15144
10813,15145
17079,15146
5674,15147
2786,15148
19380,15149
16473,15150
1684,15151
7565,15152
11210,15153
5292,15154
4785,15155
1692,15156
15155,15157
3912,15158
15393,15159
12564,15160
1052,15161
19249,15162
2730,15163
7407,15164
3085,15165
7445,15166
2002,15167
10918,15168
4393,15169
2123,15170
2758,15171
10174,15172
16056,15173
17231,15174
18864,15175
2317,15176
11189,15177
13655,15178
7655,15179
7317,15180
18360,15181
11311,15182
14164,15183
13103,15184
14501,15185
3133,15186
12295,15187
16985,15188
17569,15189
3533,15190
13475,15191
5339,15192
18630,15193
5294,15194
18935,15195
14279,15196
9637,15197
10974,15198
18196,15199
18796,15200
3488,15201
12052,15202
7534,15203
5275,15204
16257,15205
6597,15206
7836,15207
8501,15208
12672,15209
8218,15210
18151,15211
10256,15212
758,15213
12806,15214
11004,15215
1661,15216
12259,15217
11653,15218
16955,15219
10275,15220
3899,15221
14295,15222
17662,15223
11138,15224
18530,15225
10319,15226
9139,15227
2917,15228
7887,15229
11722,15230
19617,15231
4426,15232
2725,15233
12154,15234
6410,15235
14213,15236
12762,15237
11547,15238
19933,15239
10269,15240
2035,15241
6295,15242
563,15243
13861,15244
3239,15245
19319,15246
6143,15247
16432,15248
1012,15249
11233,15250
17867,15251
15984,15252
15404,15253
13013,15254
18421,15255
18985,15256
17220,15257
9629,15258
1144,15259
18189,15260
990,15261
17512,15262
16926,15263
18251,15264
12316,15265
5913,15266
11631,15267
11025,15268
5139,15269
3298,15270
1199,15271
13627,15272
20152,15273
14224,15274
12403,15275
11368,15276
18385,15277
11972,15278
2048,15279
16091,15280
18074,15281
14095,15282
1506,15283
19274,15284
19869,15285
3611,15286
17228,15287
19549,15288
6659,15289
16442,15290
15856,15291
713,15292
15120,15293
6154,15294
13382,15295
1901,15296
19208,15297
4763,15298
6577,15299
16635,15300
1246,15301
18020,15302
2148,15303
3764,15304
16470,15305
14292,15306
8878,15307
7731,15308
18112,15309
11093,15310
11697,15311
14284,15312
16570,15313
17899,15314
15334,15315
1385,15316
15695,15317
17288,15318
2350,15319
11936,15320
9776,15321
5309,15322
4710,15323
15484,15324
9048,15325
14030,15326
10226,15327
15549,15328
5853,15329
2200,15330
12219,15331
12826,15332
11292,15333
15975,15334
14281,15335
18934,15336
7266,15337
20091,15338
7282,15339
5911,15340
10460,15341
16829,15342
6941,15343
15190,15344
7894,15345
3594,15346
11061,15347
11666,15348
6552,15349
7178,15350
17639,15351
17640,15352
7032,15353
10921,15354
11525,15355
10934,15356
4911,15357
1789,15358
16389,15359
4716,15360
16425,15361
13882,15362
3289,15363
19238,15364
5670,15365
13685,15366
15290,15367
16881,15368
1420,15369
9867,15370
20131,15371
17883,15372
14957,15373
17532,15374
2845,15375
14614,15376
1477,15377
15615,15378
6470,15379
15756,15380
9592,15381
15713,15382
18511,15383
10874,15384
12479,15385
17177,15386
10322,15387
12813,15388
4549,15389
19632,15390
10298,15391
10762,15392
4694,15393
3652,15394
14711,15395
8326,15396
13607,15397
20291,15398
2598,15399
19683,15400
1020,15401
5190,15402
10217,15403
3427,15404
3977,15405
2125,15406
12615,15407
18409,15408
19842,15409
5460,15410
1962,15411
6792,15412
8353,15413
12513,15414
5709,15415
9524,15416
12173,15417
17872,15418
15976,15419
8510,15420
11511,15421
8566,15422
13923,15423
11893,15424
13490,15425
11057,15426
9720,15427
13442,15428
7668,15429
7039,15430
1719,15431
14862,15432
1720,15433
2376,15434
5359,15435
15881,15436
14480,15437
16807,15438
12841,15439
11022,15440
19299,15441
18701,15442
2705,15443
7562,15444
6833,15445
15606,15446
8082,15447
10626,15448
9119,15449
15681,15450
4894,15451
3182,15452
1273,15453
2538,15454
8804,15455
6239,15456
6864,15457
14057,15458
5874,15459
16851,15460
4989,15461
15838,15462
19397,15463
2045,15464
17932,15465
420,15466
3242,15467
16294,15468
1605,15469
16236,15470
9509,15471
12016,15472
4150,15473
18244,15474
12905,15475
19270,15476
7716,15477
11242,15478
14278,15479
18334,15480
4260,15481
18969,15482
9207,15483
15207,15484
14616,15485
2720,15486
8225,15487
13111,15488
15979,15489
17329,15490
9182,15491
16566,15492
16740,15493
19465,15494
5917,15495
6544,15496
5124,15497
5672,15498
8429,15499
7753,15500
19351,15501
4092,15502
16982,15503
4480,15504
4047,15505
18238,15506
18839,15507
18183,15508
20267,15509
10223,15510
8340,15511
5959,15512
17415,15513
5691,15514
1771,15515
17277,15516
11757,15517
19712,15518
17722,15519
7900,15520
16506,15521
15920,15522
6566,15523
5939,15524
3262,15525
11098,15526
11008,15527
11614,15528
19183,15529
8850,15530
19067,15531
11060,15532
11161,15533
14338,15534
2118,15535
5050,15536
17270,15537
2219,15538
18344,15539
12890,15540
12282,15541
11690,15542
14906,15543
14137,15544
3017,15545
1641,15546
19388,15547
19984,15548
15034,15549
13239,15550
15219,15551
7278,15552
14091,15553
13493,15554
789,15555
5060,15556
12114,15557
12653,15558
12415,15559
8689,15560
4849,15561
2312,15562
1680,15563
17397,15564
9512,15565
11261,15566
19502,15567
3643,15568
14076,15569
12264,15570
791,15571
18847,15572
2629,15573
3292,15574
19692,15575
18938,15576
19088,15577
5411,15578
5988,15579
15516,15580
1955,15581
386,15582
14927,15583
3590,15584
11650,15585
9632,15586
7978,15587
4483,15588
20073,15589
9253,15590
5166,15591
5893,15592
4173,15593
4776,15594
10907,15595
13647,15596
19219,15597
1548,15598
16605,15599
3753,15600
5145,15601
7439,15602
10062,15603
5245,15604
9713,15605
10383,15606
19925,15607
754,15608
12203,15609
19405,15610
18805,15611
9801,15612
5739,15613
5696,15614
6872,15615
12542,15616
2347,15617
9758,15618
1808,15619
13729,15620
2981,15621
9669,15622
6419,15623
12151,15624
18680,15625
7215,15626
1455,15627
14532,15628
12674,15629
9548,15630
8359,15631
19447,15632
4827,15633
15990,15634
7287,15635
4692,15636
4089,15637
13539,15638
17677,15639
19233,15640
8556,15641
11988,15642
11530,15643
19072,15644
18313,15645
17327,15646
17408,15647
1370,15648
6724,15649
4237,15650
14188,15651
7935,15652
2877,15653
2242,15654
11613,15655
9800,15656
10470,15657
16826,15658
6291,15659
7838,15660
7595,15661
9486,15662
18794,15663
9593,15664
8231,15665
11265,15666
15006,15667
3701,15668
18193,15669
16268,15670
18340,15671
9431,15672
5419,15673
9883,15674
10098,15675
10422,15676
2340,15677
18132,15678
10550,15679
15122,15680
14531,15681
4022,15682
10329,15683
9659,15684
14386,15685
4167,15686
8541,15687
11702,15688
14716,15689
9014,15690
16330,15691
18570,15692
2605,15693
12913,15694
19411,15695
4648,15696
18811,15697
17974,15698
8834,15699
16865,15700
20297,15701
15825,15702
17809,15703
11545,15704
12152,15705
4267,15706
12328,15707
17316,15708
18217,15709
20013,15710
12306,15711
2754,15712
2119,15713
18118,15714
16391,15715
4671,15716
13499,15717
15280,15718
4538,15719
3297,15720
2214,15721
10954,15722
12774,15723
13963,15724
18675,15725
5817,15726
6443,15727
2710,15728
12914,15729
2873,15730
2238,15731
15156,15732
18563,15733
10421,15734
12233,15735
3661,15736
10366,15737
9696,15738
10248,15739
17376,15740
9318,15741
6374,15742
13628,15743
14257,15744
11761,15745
16743,15746
16414,15747
17002,15748
18027,15749
18627,15750
1700,15751
16860,15752
14146,15753
16641,15754
17154,15755
16054,15756
11795,15757
16568,15758
14371,15759
14962,15760
18703,15761
13126,15762
14543,15763
15135,15764
6611,15765
19658,15766
3087,15767
4557,15768
9194,15769
12934,15770
6405,15771
4560,15772
9956,15773
6695,15774
19898,15775
4353,15776
15685,15777
8491,15778
4376,15779
2526,15780
891,15781
6377,15782
15840,15783
18274,15784
10232,15785
432,15786
15458,15787
14778,15788
11969,15789
15239,15790
1376,15791
19028,15792
17175,15793
20283,15794
15995,15795
4223,15796
17786,15797
7224,15798
14111,15799
18381,15800
4771,15801
14704,15802
9684,15803
16529,15804
5747,15805
13971,15806
4072,15807
1763,15808
2191,15809
7651,15810
13799,15811
15576,15812
12204,15813
9001,15814
13765,15815
6442,15816
5816,15817
17761,15818
8538,15819
19287,15820
19991,15821
2978,15822
14280,15823
13176,15824
18760,15825
14601,15826
15192,15827
12296,15828
12904,15829
8984,15830
8322,15831
6395,15832
14519,15833
7610,15834
19762,15835
7738,15836
15663,15837
12291,15838
17602,15839
18157,15840
18757,15841
8931,15842
3286,15843
2849,15844
9045,15845
18614,15846
2527,15847
10474,15848
18068,15849
5341,15850
15535,15851
2901,15852
10916,15853
3709,15854
4445,15855
19094,15856
20063,15857
20301,15858
13333,15859
717,15860
18858,15861
14032,15862
13695,15863
2170,15864
16563,15865
5491,15866
1481,15867
11469,15868
4644,15869
7638,15870
5768,15871
10119,15872
6112,15873
9835,15874
16456,15875
17044,15876
14069,15877
4112,15878
2805,15879
5224,15880
4624,15881
17989,15882
1994,15883
7663,15884
12325,15885
10566,15886
15814,15887
16966,15888
4314,15889
15258,15890
17550,15891
19417,15892
19897,15893
15762,15894
11455,15895
6914,15896
1508,15897
18446,15898
18970,15899
11321,15900
3302,15901
11419,15902
14123,15903
17289,15904
13577,15905
11924,15906
7168,15907
19226,15908
884,15909
1521,15910
2068,15911
5074,15912
11846,15913
5903,15914
19571,15915
12528,15916
12332,15917
1715,15918
11302,15919
3253,15920
5367,15921
13022,15922
18395,15923
4717,15924
1013,15925
9195,15926
19983,15927
6599,15928
9115,15929
8452,15930
459,15931
12712,15932
13279,15933
7550,15934
14108,15935
10865,15936
4408,15937
19250,15938
19198,15939
19262,15940
6869,15941
7705,15942
17572,15943
16988,15944
3232,15945
11560,15946
2052,15947
19156,15948
18091,15949
6180,15950
7881,15951
14767,15952
14897,15953
18013,15954
7464,15955
15953,15956
11075,15957
3428,15958
15730,15959
13979,15960
17066,15961
13380,15962
2022,15963
5335,15964
13703,15965
13568,15966
7261,15967
2225,15968
2860,15969
3486,15970
19961,15971
19364,15972
8433,15973
9096,15974
786,15975
15616,15976
15942,15977
2717,15978
5096,15979
12609,15980
12459,15981
12381,15982
7288,15983
14564,15984
5498,15985
4370,15986
18654,15987
18505,15988
2243,15989
2320,15990
17720,15991
11268,15992
4161,15993
8927,15994
3281,15995
12735,15996
1360,15997
15253,15998
9136,15999
4137,16000
6573,16001
5850,16002
7734,16003
17973,16004
7531,16005
4013,16006
4520,16007
3866,16008
4610,16009
4102,16010
2072,16011
3271,16012
2362,16013
2162,16014
15812,16015
6326,16016
17956,16017
10061,16018
1697,16019
2997,16020
18967,16021
19018,16022
16614,16023
6121,16024
14840,16025
19492,16026
15428,16027
12376,16028
9906,16029
18963,16030
11383,16031
11987,16032
19277,16033
18677,16034
7065,16035
4748,16036
5645,16037
3973,16038
4781,16039
2864,16040
9247,16041
7676,16042
19895,16043
15760,16044
19953,16045
19356,16046
12301,16047
5347,16048
4746,16049
10837,16050
1975,16051
734,16052
1527,16053
20083,16054
13670,16055
18655,16056
18906,16057
2423,16058
6368,16059
826,16060
10697,16061
8295,16062
6756,16063
17482,16064
10006,16065
11688,16066
14523,16067
1520,16068
9688,16069
9024,16070
16808,16071
7533,16072
5360,16073
1709,16074
18641,16075
16927,16076
20036,16077
19440,16078
7018,16079
6150,16080
10010,16081
13242,16082
8392,16083
9006,16084
3842,16085
19844,16086
15030,16087
11504,16088
1034,16089
1670,16090
16107,16091
12361,16092
4143,16093
15642,16094
15230,16095
12728,16096
12120,16097
8212,16098
10512,16099
12133,16100
14775,16101
11976,16102
1572,16103
936,16104
984,16105
19957,16106
6439,16107
10855,16108
6942,16109
14581,16110
5932,16111
18737,16112
11460,16113
8220,16114
6504,16115
5377,16116
1139,16117
19058,16118
14790,16119
9222,16120
18581,16121
5053,16122
10462,16123
17674,16124
1407,16125
8681,16126
6646,16127
2339,16128
13298,16129
6507,16130
11114,16131
13724,16132
5404,16133
9564,16134
377,16135
20234,16136
8809,16137
5937,16138
19930,16139
19334,16140
6365,16141
6953,16142
1349,16143
2018,16144
5045,16145
12028,16146
16789,16147
1383,16148
1341,16149
13041,16150
20223,16151
3901,16152
8166,16153
13604,16154
12548,16155
18282,16156
5632,16157
527,16158
13592,16159
15426,16160
11771,16161
7892,16162
1050,16163
13011,16164
14918,16165
11943,16166
4200,16167
15959,16168
14886,16169
14760,16170
6697,16171
11188,16172
14328,16173
5401,16174
13605,16175
17903,16176
4800,16177
18883,16178
1620,16179
17281,16180
985,16181
19506,16182
17869,16183
16551,16184
6068,16185
11495,16186
6396,16187
3986,16188
6416,16189
8240,16190
15617,16191
12764,16192
8347,16193
17986,16194
9516,16195
18440,16196
4925,16197
1800,16198
11963,16199
12923,16200
18249,16201
19781,16202
3250,16203
2207,16204
17524,16205
5269,16206
4670,16207
10906,16208
18516,16209
13551,16210
1703,16211
15778,16212
16365,16213
8358,16214
10354,16215
13345,16216
5257,16217
1076,16218
7678,16219
943,16220
7019,16221
12297,16222
4802,16223
19809,16224
10182,16225
13643,16226
12815,16227
12999,16228
20313,16229
17440,16230
9760,16231
20215,16232
1207,16233
16358,16234
12207,16235
12214,16236
12821,16237
16229,16238
2622,16239
17239,16240
16117,16241
2316,16242
11064,16243
11668,16244
16482,16245
6937,16246
14283,16247
6056,16248
3421,16249
7621,16250
777,16251
4917,16252
15612,16253
16070,16254
18971,16255
17831,16256
19572,16257
6657,16258
10478,16259
8374,16260
9036,16261
5412,16262
14932,16263
12874,16264
13480,16265
6370,16266
10691,16267
10436,16268
1018,16269
3326,16270
15032,16271
4407,16272
1149,16273
933,16274
485,16275
9704,16276
11567,16277
1511,16278
3348,16279
11483,16280
7830,16281
10750,16282
15176,16283
15448,16284
11518,16285
10914,16286
16387,16287
19468,16288
5981,16289
14038,16290
12225,16291
1447,16292
16212,16293
2461,16294
1667,16295
12088,16296
7718,16297
12106,16298
19302,16299
12714,16300
12164,16301
6525,16302
9699,16303
10369,16304
6978,16305
18565,16306
16385,16307
17966,16308
17264,16309
17547,16310
16809,16311
3244,16312
16095,16313
2922,16314
17164,16315
14913,16316
20085,16317
3595,16318
14663,16319
15740,16320
7218,16321
7848,16322
5129,16323
9541,16324
9017,16325
16496,16326
17476,16327
15786,16328
10176,16329
18256,16330
13831,16331
19350,16332
11238,16333
4059,16334
3457,16335
13675,16336
18943,16337
3627,16338
13575,16339
9884,16340
15359,16341
10551,16342
16879,16343
3969,16344
17015,16345
17599,16346
11467,16347
10819,16348
13387,16349
13789,16350
12733,16351
7835,16352
12125,16353
15702,16354
5386,16355
1432,16356
1379,16357
4127,16358
7847,16359
7770,16360
16780,16361
15471,16362
4379,16363
8642,16364
10290,16365
16453,16366
13634,16367
14203,16368
18939,16369
6679,16370
5225,16371
3418,16372
16610,16373
15714,16374
9709,16375
10379,16376
10257,16377
2662,16378
4400,16379
19629,16380
11674,16381
10185,16382
1728,16383
15973,16384
16663,16385
18792,16386
9605,16387
2678,16388
11274,16389
1632,16390
1723,16391
12812,16392
11324,16393
12037,16394
8818,16395
14255,16396
17845,16397
14189,16398
4410,16399
15082,16400
17365,16401
15146,16402
4039,16403
18191,16404
19986,16405
17612,16406
1557,16407
17406,16408
5663,16409
12202,16410
12810,16411
8407,16412
6359,16413
5101,16414
11550,16415
16308,16416
15722,16417
16310,16418
11428,16419
17960,16420
18793,16421
9703,16422
18586,16423
1991,16424
18138,16425
12475,16426
18914,16427
14354,16428
15841,16429
16427,16430
4779,16431
4176,16432
2788,16433
6336,16434
738,16435
2265,16436
1657,16437
6568,16438
18525,16439
1687,16440
19042,16441
2319,16442
5746,16443
6780,16444
8414,16445
9163,16446
4729,16447
16433,16448
8918,16449
2020,16450
13400,16451
17982,16452
4453,16453
4301,16454
7074,16455
13027,16456
17206,16457
12839,16458
7813,16459
14680,16460
15270,16461
15061,16462
10192,16463
16514,16464
19426,16465
4521,16466
5069,16467
6476,16468
1648,16469
946,16470
7600,16471
6960,16472
5039,16473
9784,16474
19867,16475
16938,16476
3142,16477
3791,16478
9965,16479
6125,16480
6230,16481
13411,16482
15194,16483
6855,16484
3082,16485
4371,16486
3402,16487
10858,16488
8893,16489
4285,16490
15196,16491
16943,16492
11323,16493
14287,16494
14180,16495
8562,16496
16893,16497
17478,16498
10311,16499
15130,16500
9404,16501
18441,16502
17736,16503
6641,16504
11766,16505
9193,16506
19473,16507
9511,16508
16511,16509
15305,16510
12884,16511
11066,16512
5113,16513
8859,16514
13386,16515
13496,16516
13823,16517
9833,16518
19223,16519
19857,16520
13845,16521
7987,16522
15181,16523
11252,16524
11397,16525
2034,16526
13068,16527
4757,16528
1541,16529
6461,16530
13974,16531
19430,16532
16472,16533
5116,16534
8198,16535
6103,16536
3624,16537
18817,16538
18933,16539
4865,16540
12822,16541
913,16542
1550,16543
4493,16544
9287,16545
1730,16546
6463,16547
5268,16548
11739,16549
14884,16550
20106,16551
8555,16552
16332,16553
7161,16554
7792,16555
18575,16556
4449,16557
1830,16558
19670,16559
3394,16560
13977,16561
17643,16562
11440,16563
5048,16564
7322,16565
9750,16566
3757,16567
10882,16568
3041,16569
17113,16570
13160,16571
16523,16572
13186,16573
12776,16574
12168,16575
13464,16576
14061,16577
7069,16578
4614,16579
18884,16580
14086,16581
6322,16582
353,16583
13842,16584
4965,16585
5635,16586
372,16587
11590,16588
6364,16589
6320,16590
4832,16591
16948,16592
14771,16593
16720,16594
13549,16595
6304,16596
6524,16597
9062,16598
13530,16599
4589,16600
3983,16601
9051,16602
8388,16603
10559,16604
9683,16605
19612,16606
18412,16607
15382,16608
20218,16609
13600,16610
19595,16611
11985,16612
11381,16613
5805,16614
6431,16615
17571,16616
15813,16617
4308,16618
9991,16619
8286,16620
10658,16621
12304,16622
12750,16623
14565,16624
6430,16625
8265,16626
1445,16627
760,16628
19443,16629
6575,16630
7707,16631
7831,16632
5082,16633
4638,16634
2074,16635
1390,16636
17633,16637
3327,16638
4488,16639
15562,16640
6067,16641
19822,16642
18029,16643
3878,16644
14262,16645
15845,16646
19555,16647
16100,16648
12200,16649
16652,16650
20174,16651
11282,16652
3340,16653
11594,16654
1673,16655
1037,16656
19543,16657
5999,16658
8944,16659
8384,16660
9046,16661
13283,16662
2673,16663
17810,16664
12404,16665
1614,16666
13722,16667
11112,16668
15914,16669
7226,16670
7856,16671
10410,16672
5869,16673
14482,16674
10225,16675
2944,16676
6983,16677
13246,16678
7821,16679
7609,16680
19164,16681
7703,16682
16811,16683
8839,16684
13805,16685
13928,16686
2313,16687
2947,16688
3378,16689
13326,16690
1347,16691
17844,16692
16007,16693
17258,16694
7073,16695
16594,16696
18356,16697
8548,16698
4867,16699
18146,16700
17558,16701
5977,16702
6604,16703
11540,16704
9822,16705
18093,16706
18693,16707
794,16708
5067,16709
20310,16710
8498,16711
9160,16712
7879,16713
7675,16714
9667,16715
8081,16716
9260,16717
11966,16718
16830,16719
6314,16720
17323,16721
15241,16722
7024,16723
3679,16724
19204,16725
5864,16726
19135,16727
16423,16728
17011,16729
10932,16730
12041,16731
695,16732
12738,16733
14854,16734
3612,16735
14312,16736
17707,16737
16531,16738
1602,16739
6267,16740
17838,16741
14195,16742
15501,16743
2348,16744
18767,16745
8339,16746
12736,16747
1645,16748
19068,16749
12373,16750
12487,16751
2279,16752
9731,16753
4214,16754
14355,16755
9797,16756
9131,16757
1640,16758
1005,16759
9032,16760
6324,16761
5638,16762
14729,16763
16352,16764
15057,16765
710,16766
16073,16767
2298,16768
11443,16769
1339,16770
19451,16771
20047,16772
2216,16773
18720,16774
5715,16775
4473,16776
7697,16777
19307,16778
3364,16779
3967,16780
11273,16781
3865,16782
3481,16783
15895,16784
15283,16785
19163,16786
3474,16787
16810,16788
1980,16789
19278,16790
17297,16791
18306,16792
11671,16793
15172,16794
16240,16795
3862,16796
15574,16797
3383,16798
4604,16799
2151,16800
2785,16801
6000,16802
13585,16803
1736,16804
8208,16805
2385,16806
16398,16807
4094,16808
17519,16809
16933,16810
2098,16811
2433,16812
15044,16813
4444,16814
18143,16815
13884,16816
9549,16817
6598,16818
15118,16819
7754,16820
11192,16821
15536,16822
14052,16823
13455,16824
4524,16825
7556,16826
7350,16827
14841,16828
12985,16829
7673,16830
16498,16831
19450,16832
7112,16833
14450,16834
9484,16835
5343,16836
10419,16837
11447,16838
1979,16839
1513,16840
18439,16841
18277,16842
876,16843
18337,16844
14818,16845
11797,16846
5455,16847
20136,16848
1101,16849
13474,16850
12246,16851
12853,16852
13436,16853
14072,16854
10502,16855
9832,16856
8222,16857
18691,16858
18689,16859
12130,16860
11522,16861
18462,16862
13336,16863
2028,16864
19720,16865
18896,16866
6078,16867
2726,16868
822,16869
13413,16870
12802,16871
13462,16872
14059,16873
13918,16874
2738,16875
16915,16876
13698,16877
3847,16878
5866,16879
8495,16880
10494,16881
5500,16882
7297,16883
4636,16884
7384,16885
8162,16886
9005,16887
11607,16888
14617,16889
13810,16890
10933,16891
2539,16892
16258,16893
15782,16894
3545,16895
4198,16896
1676,16897
17384,16898
10148,16899
13110,16900
13582,16901
17056,16902
6016,16903
15051,16904
1336,16905
17060,16906
19065,16907
16596,16908
7889,16909
14741,16910
20069,16911
4021,16912
20281,16913
16549,16914
16754,16915
5803,16916
6429,16917
18814,16918
13384,16919
7786,16920
3873,16921
15848,16922
18852,16923
19263,16924
18664,16925
13292,16926
6319,16927
14644,16928
15235,16929
7937,16930
5174,16931
19847,16932
17904,16933
7212,16934
7842,16935
11592,16936
14454,16937
3238,16938
5997,16939
1674,16940
4814,16941
12432,16942
19583,16943
9674,16944
6672,16945
16368,16946
16954,16947
16495,16948
15909,16949
12245,16950
5776,16951
18080,16952
17333,16953
12709,16954
16396,16955
6694,16956
16993,16957
17577,16958
15154,16959
10945,16960
11507,16961
10903,16962
12929,16963
12321,16964
4111,16965
16528,16966
10279,16967
9357,16968
8685,16969
6812,16970
1848,16971
5787,16972
5285,16973
4686,16974
16233,16975
10188,16976
10400,16977
4897,16978
13996,16979
7586,16980
7519,16981
11885,16982
8450,16983
14574,16984
13038,16985
19029,16986
10308,16987
20179,16988
14017,16989
11954,16990
4819,16991
17094,16992
18860,16993
13780,16994
6437,16995
9681,16996
7599,16997
8204,16998
9757,16999
14801,17000
11351,17001
6083,17002
13621,17003
9634,17004
16847,17005
7974,17006
19248,17007
12846,17008
2770,17009
20097,17010
12239,17011
16298,17012
4578,17013
13259,17014
16711,17015
18301,17016
16750,17017
2202,17018
2906,17019
9166,17020
8504,17021
14453,17022
3237,17023
10314,17024
1198,17025
16226,17026
7535,17027
5541,17028
9963,17029
3110,17030
11011,17031
15392,17032
17908,17033
11937,17034
17521,17035
18229,17036
18830,17037
7622,17038
9550,17039
19235,17040
16161,17041
20004,17042
19408,17043
5714,17044
1382,17045
9958,17046
16133,17047
16537,17048
17120,17049
2811,17050
2176,17051
963,17052
1598,17053
4582,17054
8189,17055
2256,17056
17254,17057
12986,17058
7267,17059
17530,17060
15771,17061
12191,17062
15011,17063
8552,17064
15751,17065
12800,17066
11380,17067
1616,17068
9165,17069
15557,17070
9677,17071
9802,17072
2822,17073
2187,17074
19355,17075
19952,17076
17412,17077
6311,17078
9691,17079
13938,17080
10361,17081
1104,17082
2698,17083
1377,17084
15322,17085
6434,17086
12069,17087
6949,17088
10011,17089
16791,17090
19691,17091
18135,17092
10878,17093
18709,17094
1063,17095
18837,17096
8049,17097
7417,17098
6054,17099
19285,17100
18236,17101
4612,17102
18678,17103
18078,17104
17040,17105
19880,17106
11349,17107
10141,17108
526,17109
17693,17110
4667,17111
16369,17112
14922,17113
2974,17114
10467,17115
17698,17116
12638,17117
638,17118
13858,17119
10210,17120
1895,17121
7811,17122
17691,17123
15935,17124
14336,17125
15938,17126
17551,17127
12811,17128
3266,17129
11541,17130
6087,17131
4248,17132
18133,17133
18733,17134
16956,17135
5791,17136
6418,17137
9567,17138
14432,17139
19909,17140
3376,17141
18682,17142
1328,17143
20053,17144
14541,17145
15133,17146
12920,17147
8067,17148
12192,17149
10983,17150
12803,17151
13247,17152
6490,17153
5313,17154
4714,17155
17794,17156
1257,17157
19211,17158
15639,17159
8178,17160
10753,17161
8655,17162
5158,17163
10644,17164
7216,17165
6441,17166
10507,17167
5179,17168
17980,17169
3851,17170
7223,17171
14031,17172
1775,17173
2532,17174
4070,17175
13495,17176
14093,17177
17401,17178
722,17179
6501,17180
17409,17181
6918,17182
12265,17183
5143,17184
7446,17185
4178,17186
10832,17187
698,17188
19370,17189
3034,17190
8911,17191
8868,17192
1380,17193
18754,17194
2721,17195
12494,17196
16579,17197
11461,17198
6943,17199
20262,17200
11774,17201
12534,17202
13880,17203
15623,17204
11205,17205
17522,17206
15758,17207
16345,17208
18831,17209
3257,17210
16360,17211
17280,17212
4210,17213
13681,17214
13096,17215
3518,17216
3976,17217
3373,17218
3606,17219
12586,17220
4812,17221
13191,17222
13445,17223
19369,17224
11203,17225
12414,17226
10570,17227
2608,17228
10456,17229
19421,17230
12177,17231
20017,17232
10539,17233
4631,17234
5231,17235
8835,17236
10770,17237
10511,17238
18163,17239
1192,17240
16961,17241
17392,17242
3849,17243
3408,17244
18034,17245
1100,17246
14079,17247
13481,17248
4539,17249
7577,17250
17671,17251
3131,17252
11378,17253
2183,17254
18688,17255
7132,17256
15827,17257
17587,17258
18584,17259
9514,17260
16660,17261
11777,17262
11243,17263
12992,17264
17210,17265
16618,17266
5467,17267
14618,17268
14025,17269
4585,17270
19631,17271
7514,17272
11190,17273
18329,17274
12536,17275
11930,17276
437,17277
6321,17278
19703,17279
3605,17280
12540,17281
9039,17282
4093,17283
3489,17284
6919,17285
7230,17286
2874,17287
5966,17288
15911,17289
14670,17290
20056,17291
14696,17292
15286,17293
15260,17294
4730,17295
5329,17296
1409,17297
19047,17298
15978,17299
19640,17300
18375,17301
2819,17302
13954,17303
15753,17304
14672,17305
15262,17306
18542,17307
16393,17308
15648,17309
6912,17310
15731,17311
8276,17312
775,17313
13407,17314
7021,17315
17219,17316
11802,17317
10465,17318
7284,17319
8453,17320
9116,17321
4201,17322
19799,17323
8305,17324
4302,17325
12079,17326
10454,17327
9785,17328
11696,17329
11092,17330
6973,17331
5075,17332
2556,17333
15999,17334
12065,17335
2041,17336
9026,17337
8486,17338
17604,17339
19715,17340
6925,17341
17534,17342
12859,17343
13466,17344
13975,17345
9526,17346
4715,17347
1969,17348
9716,17349
3384,17350
9666,17351
12885,17352
9460,17353
17428,17354
7354,17355
12215,17356
17463,17357
5906,17358
18271,17359
5372,17360
2258,17361
2893,17362
5723,17363
4484,17364
12274,17365
14560,17366
15257,17367
1475,17368
5516,17369
4734,17370
2670,17371
9747,17372
10415,17373
17663,17374
12918,17375
12166,17376
17410,17377
5667,17378
1576,17379
5859,17380
7745,17381
15474,17382
20323,17383
8360,17384
10356,17385
2866,17386
961,17387
13873,17388
10183,17389
18725,17390
17972,17391
1970,17392
13508,17393
11303,17394
5410,17395
11970,17396
11124,17397
4836,17398
7237,17399
7901,17400
13538,17401
4617,17402
13964,17403
13364,17404
8272,17405
769,17406
6565,17407
17103,17408
18728,17409
16960,17410
3318,17411
2016,17412
4388,17413
15906,17414
11445,17415
2614,17416
8521,17417
14678,17418
11232,17419
14776,17420
8569,17421
10898,17422
19826,17423
7047,17424
12760,17425
2249,17426
10262,17427
4487,17428
10985,17429
10373,17430
10446,17431
19412,17432
7184,17433
8479,17434
8917,17435
752,17436
13228,17437
14062,17438
1656,17439
890,17440
765,17441
12912,17442
10452,17443
11012,17444
14881,17445
4698,17446
12831,17447
3993,17448
4599,17449
17994,17450
3858,17451
4159,17452
2284,17453
20343,17454
7782,17455
16319,17456
11215,17457
9608,17458
6803,17459
11534,17460
17000,17461
19864,17462
11196,17463
18456,17464
14789,17465
7942,17466
12102,17467
15125,17468
19273,17469
18673,17470
19269,17471
17754,17472
19648,17473
12997,17474
14964,17475
17513,17476
2820,17477
4532,17478
1394,17479
17379,17480
16102,17481
13069,17482
1591,17483
8912,17484
4471,17485
18881,17486
13511,17487
5137,17488
3898,17489
10180,17490
20078,17491
1318,17492
16530,17493
16083,17494
15964,17495
12575,17496
11586,17497
10980,17498
6354,17499
13591,17500
13739,17501
1068,17502
976,17503
1611,17504
1402,17505
13332,17506
10844,17507
6281,17508
18779,17509
7528,17510
7816,17511
20233,17512
18208,17513
18809,17514
5181,17515
7067,17516
6438,17517
15376,17518
735,17519
8253,17520
7561,17521
18866,17522
2564,17523
8221,17524
5296,17525
904,17526
11072,17527
15550,17528
16163,17529
8395,17530
19701,17531
11475,17532
3796,17533
19467,17534
1002,17535
1637,17536
8199,17537
11889,17538
18339,17539
20309,17540
11493,17541
13424,17542
14021,17543
11980,17544
19297,17545
11562,17546
5246,17547
4761,17548
16475,17549
17095,17550
3185,17551
6584,17552
12210,17553
15839,17554
2272,17555
4861,17556
11001,17557
17913,17558
4726,17559
4123,17560
9127,17561
8464,17562
13846,17563
12632,17564
11498,17565
9678,17566
12244,17567
9887,17568
16280,17569
19227,17570
6352,17571
1400,17572
16764,17573
4555,17574
15485,17575
17709,17576
6051,17577
7092,17578
11286,17579
17315,17580
17699,17581
15810,17582
4697,17583
10393,17584
2636,17585
5542,17586
18048,17587
13452,17588
12713,17589
10893,17590
2378,17591
2677,17592
19311,17593
17623,17594
15863,17595
12175,17596
16803,17597
8164,17598
9174,17599
11032,17600
14145,17601
19677,17602
7240,17603
11867,17604
6964,17605
2073,17606
10838,17607
6275,17608
7147,17609
15255,17610
18870,17611
6608,17612
15066,17613
1381,17614
5423,17615
10345,17616
20236,17617
15835,17618
4100,17619
9603,17620
1363,17621
16335,17622
17083,17623
17443,17624
9366,17625
10029,17626
12083,17627
2136,17628
19353,17629
15330,17630
15933,17631
19284,17632
19206,17633
13757,17634
12766,17635
12158,17636
10229,17637
11019,17638
9596,17639
2669,17640
4577,17641
17047,17642
8982,17643
8320,17644
19993,17645
15328,17646
18142,17647
18742,17648
13286,17649
5102,17650
9135,17651
15652,17652
4463,17653
14082,17654
9891,17655
14066,17656
1528,17657
6456,17658
5830,17659
13268,17660
1340,17661
6827,17662
14268,17663
16587,17664
7251,17665
18929,17666
19528,17667
16730,17668
17320,17669
17495,17670
18840,17671
18239,17672
11095,17673
11699,17674
17135,17675
8059,17676
10277,17677
2683,17678
5904,17679
15177,17680
13500,17681
4535,17682
6938,17683
9067,17684
13876,17685
8857,17686
19669,17687
11769,17688
11336,17689
19704,17690
20112,17691
20330,17692
19485,17693
18139,17694
18887,17695
942,17696
1577,17697
11049,17698
3877,17699
1584,17700
12272,17701
12880,17702
16639,17703
13009,17704
19367,17705
6348,17706
18567,17707
9044,17708
16347,17709
19410,17710
1510,17711
2139,17712
10255,17713
18562,17714
7214,17715
7687,17716
7058,17717
12073,17718
8233,17719
6805,17720
6472,17721
10981,17722
5110,17723
16235,17724
7542,17725
2996,17726
1064,17727
3248,17728
5344,17729
8436,17730
9099,17731
5324,17732
17970,17733
9480,17734
1760,17735
12630,17736
15733,17737
7025,17738
7826,17739
3576,17740
12024,17741
16127,17742
14751,17743
14895,17744
15341,17745
4583,17746
4179,17747
12641,17748
9029,17749
9695,17750
17457,17751
18642,17752
19242,17753
12036,17754
2597,17755
15479,17756
12345,17757
4485,17758
7049,17759
10472,17760
5930,17761
9690,17762
15078,17763
7581,17764
5298,17765
2949,17766
1544,17767
4607,17768
1523,17769
7594,17770
8822,17771
14141,17772
4465,17773
12778,17774
6474,17775
16390,17776
15802,17777
19758,17778
3568,17779
18843,17780
12290,17781
5237,17782
2040,17783
19988,17784
9601,17785
1405,17786
14632,17787
4025,17788
11543,17789
13366,17790
13658,17791
12467,17792
11767,17793
1173,17794
18242,17795
1886,17796
2524,17797
7309,17798
13937,17799
11840,17800
11179,17801
13141,17802
13583,17803
17888,17804
8460,17805
11627,17806
11021,17807
8905,17808
19161,17809
17617,17810
13631,17811
19923,17812
949,17813
2851,17814
3931,17815
12699,17816
19818,17817
11478,17818
3129,17819
8101,17820
10872,17821
7477,17822
13820,17823
17692,17824
8815,17825
18854,17826
10911,17827
11515,17828
6422,17829
6603,17830
7228,17831
17978,17832
8176,17833
20170,17834
10987,17835
12049,17836
7532,17837
16077,17838
14493,17839
19613,17840
14209,17841
10139,17842
18055,17843
10342,17844
17660,17845
5701,17846
14434,17847
9496,17848
9864,17849
18931,17850
14318,17851
597,17852
6609,17853
16874,17854
10152,17855
9749,17856
18130,17857
11020,17858
6341,17859
3872,17860
13040,17861
14607,17862
7129,17863
13275,17864
8185,17865
11830,17866
19582,17867
13139,17868
11113,17869
20186,17870
14316,17871
12936,17872
5405,17873
880,17874
10199,17875
4743,17876
13269,17877
5651,17878
11909,17879
4808,17880
18219,17881
13984,17882
16998,17883
5835,17884
17926,17885
7111,17886
14006,17887
9872,17888
4623,17889
5223,17890
10968,17891
10811,17892
623,17893
14887,17894
5980,17895
12070,17896
6950,17897
4136,17898
5728,17899
16213,17900
19878,17901
2767,17902
7670,17903
3471,17904
4780,17905
17480,17906
15723,17907
12071,17908
2686,17909
15776,17910
16363,17911
13256,17912
8158,17913
2862,17914
1643,17915
8469,17916
8942,17917
8892,17918
6936,17919
9321,17920
20064,17921
15277,17922
15868,17923
14440,17924
5276,17925
6570,17926
5943,17927
4637,17928
6994,17929
9551,17930
18210,17931
18610,17932
10155,17933
12167,17934
19882,17935
5824,17936
7709,17937
2884,17938
18833,17939
8244,17940
1961,17941
16469,17942
17885,17943
746,17944
11018,17945
16708,17946
12958,17947
14325,17948
16399,17949
13149,17950
2665,17951
14097,17952
14689,17953
3935,17954
5104,17955
9146,17956
6774,17957
4456,17958
15147,17959
8459,17960
9660,17961
10330,17962
6467,17963
20030,17964
19434,17965
2078,17966
16799,17967
896,17968
5090,17969
4871,17970
4639,17971
2135,17972
8328,17973
8990,17974
6357,17975
1579,17976
2211,17977
10988,17978
16963,17979
11431,17980
9482,17981
16315,17982
9282,17983
2642,17984
14612,17985
4566,17986
17352,17987
1750,17988
15836,17989
15052,17990
2609,17991
2945,17992
2651,17993
10076,17994
16333,17995
18028,17996
19821,17997
17396,17998
3310,17999
8200,18000
10961,18001
12781,18002
19780,18003
8261,18004
759,18005
8362,18006
3772,18007
13726,18008
10430,18009
16901,18010
736,18011
4574,18012
16682,18013
4206,18014
12832,18015
11013,18016
13178,18017
17688,18018
18082,18019
1438,18020
8211,18021
17465,18022
5763,18023
11409,18024
12013,18025
12256,18026
7094,18027
20011,18028
11556,18029
10952,18030
9570,18031
12635,18032
743,18033
18588,18034
7619,18035
16055,18036
17462,18037
16877,18038
17651,18039
15890,18040
18592,18041
10852,18042
2676,18043
3975,18044
13901,18045
9455,18046
10123,18047
1179,18048
7221,18049
3319,18050
18561,18051
19466,18052
20081,18053
19487,18054
16503,18055
18284,18056
17065,18057
18626,18058
18991,18059
10848,18060
3086,18061
8537,18062
9171,18063
8509,18064
18577,18065
6279,18066
3416,18067
4018,18068
12656,18069
6901,18070
12514,18071
19509,18072
18712,18073
12663,18074
5052,18075
20009,18076
18672,18077
16816,18078
720,18079
881,18080
19400,18081
15792,18082
15567,18083
10368,18084
4028,18085
16925,18086
10265,18087
5680,18088
19358,18089
13166,18090
4063,18091
11604,18092
17402,18093
1358,18094
15944,18095
13615,18096
1342,18097
12726,18098
14551,18099
15143,18100
19622,18101
16747,18102
18608,18103
12220,18104
5982,18105
15757,18106
17516,18107
5180,18108
4580,18109
5708,18110
1968,18111
20256,18112
11173,18113
6667,18114
19415,18115
15874,18116
19905,18117
15766,18118
14488,18119
10231,18120
3880,18121
14610,18122
12673,18123
17958,18124
2472,18125
6018,18126
16494,18127
18063,18128
18662,18129
1713,18130
17007,18131
2318,18132
16419,18133
8258,18134
17378,18135
9454,18136
9161,18137
6331,18138
12797,18139
7814,18140
14121,18141
9529,18142
5789,18143
8959,18144
12620,18145
14226,18146
15389,18147
16143,18148
12608,18149
14546,18150
3881,18151
4737,18152
14050,18153
13453,18154
6590,18155
17078,18156
5662,18157
17874,18158
12968,18159
3928,18160
2038,18161
9108,18162
8031,18163
12722,18164
18117,18165
4660,18166
19159,18167
13342,18168
15126,18169
3933,18170
5684,18171
7325,18172
6421,18173
14911,18174
2292,18175
17455,18176
16870,18177
17981,18178
10179,18179
20245,18180
19575,18181
14635,18182
2071,18183
4509,18184
5641,18185
8578,18186
1625,18187
2133,18188
11006,18189
15589,18190
15846,18191
2939,18192
6061,18193
12038,18194
16934,18195
11459,18196
10215,18197
15276,18198
2441,18199
15703,18200
9125,18201
7167,18202
5699,18203
6263,18204
15654,18205
2674,18206
12284,18207
16935,18208
4084,18209
16978,18210
15165,18211
13456,18212
14053,18213
16219,18214
10159,18215
8736,18216
11638,18217
4533,18218
5863,18219
9286,18220
1675,18221
15298,18222
15901,18223
6958,18224
7698,18225
2232,18226
2867,18227
10263,18228
18587,18229
9543,18230
4117,18231
991,18232
4634,18233
5234,18234
10841,18235
12805,18236
17998,18237
10221,18238
16290,18239
16241,18240
19866,18241
19174,18242
7536,18243
6553,18244
18705,18245
2026,18246
19835,18247
887,18248
3403,18249
5211,18250
5078,18251
17248,18252
18365,18253
7905,18254
1041,18255
1677,18256
10405,18257
7711,18258
11096,18259
12915,18260
6344,18261
6930,18262
6361,18263
5658,18264
18730,18265
12879,18266
6496,18267
5870,18268
16301,18269
1516,18270
16204,18271
13491,18272
17584,18273
12838,18274
8993,18275
20263,18276
13853,18277
1963,18278
7194,18279
7849,18280
2271,18281
6732,18282
15042,18283
8902,18284
4113,18285
13012,18286
15493,18287
11115,18288
3593,18289
10949,18290
11553,18291
10476,18292
11068,18293
18036,18294
18636,18295
3919,18296
10202,18297
7054,18298
9581,18299
14437,18300
6563,18301
19279,18302
13446,18303
12640,18304
16801,18305
18893,18306
1211,18307
17096,18308
9015,18309
6355,18310
18910,18311
14168,18312
3917,18313
3855,18314
14522,18315
6515,18316
14627,18317
14714,18318
8887,18319
17557,18320
5798,18321
6424,18322
10171,18323
5201,18324
13344,18325
7661,18326
17279,18327
19689,18328
18759,18329
19357,18330
13497,18331
19919,18332
15785,18333
2695,18334
8862,18335
4020,18336
11452,18337
10488,18338
11500,18339
1647,18340
20025,18341
15885,18342
11437,18343
697,18344
15054,18345
3811,18346
6924,18347
18593,18348
15171,18349
19997,18350
14009,18351
8939,18352
776,18353
15843,18354
9762,18355
6339,18356
20116,18357
2692,18358
1693,18359
10254,18360
10846,18361
5721,18362
16823,18363
17387,18364
8827,18365
19881,18366
3399,18367
1435,18368
6899,18369
13278,18370
13862,18371
3240,18372
7164,18373
19390,18374
18373,18375
7099,18376
11015,18377
3347,18378
16238,18379
15208,18380
16209,18381
903,18382
5954,18383
6581,18384
13987,18385
3921,18386
9588,18387
13863,18388
12045,18389
3183,18390
5222,18391
4622,18392
1454,18393
2046,18394
8913,18395
13273,18396
17642,18397
8262,18398
2004,18399
15592,18400
5802,18401
19283,18402
13855,18403
8989,18404
3857,18405
15244,18406
9084,18407
9751,18408
9037,18409
12827,18410
5120,18411
5534,18412
13967,18413
3277,18414
19769,18415
15704,18416
14477,18417
13527,18418
11602,18419
9600,18420
11770,18421
12662,18422
11136,18423
9390,18424
2646,18425
3522,18426
13870,18427
14462,18428
9579,18429
11129,18430
17099,18431
13777,18432
4970,18433
15638,18434
2090,18435
12661,18436
2061,18437
5572,18438
7434,18439
19775,18440
18952,18441
17404,18442
3936,18443
3309,18444
13362,18445
818,18446
16177,18447
11528,18448
2236,18449
6335,18450
7612,18451
12388,18452
802,18453
18046,18454
6977,18455
17491,18456
18769,18457
20111,18458
11463,18459
12935,18460
816,18461
8257,18462
5713,18463
2712,18464
12140,18465
8382,18466
13872,18467
16546,18468
2729,18469
18259,18470
19623,18471
13991,18472
13381,18473
15268,18474
8160,18475
7608,18476
17549,18477
8375,18478
7070,18479
6303,18480
5321,18481
3680,18482
19700,18483
13560,18484
5111,18485
9773,18486
11434,18487
10276,18488
9402,18489
11796,18490
18576,18491
18589,18492
11803,18493
4517,18494
12626,18495
19776,18496
11799,18497
10244,18498
9585,18499
1507,18500
4869,18501
16237,18502
18071,18503
6982,18504
100,18505
10003,18506
10014,18507
10015,18508
10020,18509
1003,18510
10049,18511
10079,18512
10082,18513
101,18514
1014,18515
10146,18516
102,18517
10205,18518
10236,18519
10238,18520
10239,18521
10242,18522
10247,18523
10249,18524
10250,18525
10252,18526
10253,18527
10258,18528
10264,18529
10267,18530
10268,18531
10270,18532
10272,18533
10273,18534
10285,18535
1029,18536
103,18537
10306,18538
10315,18539
10324,18540
10327,18541
10334,18542
10338,18543
10351,18544
10360,18545
10364,18546
10387,18547
104,18548
10406,18549
10437,18550
1044,18551
10483,18552
10487,18553
105,18554
10503,18555
10565,18556
1058,18557
10582,18558
106,18559
10615,18560
10618,18561
10680,18562
1069,18563
107,18564
10756,18565
10775,18566
10784,18567
108,18568
1080,18569
10800,18570
1081,18571
1082,18572
10820,18573
10821,18574
10822,18575
10823,18576
10824,18577
10825,18578
10826,18579
10828,18580
10829,18581
10831,18582
10834,18583
10839,18584
10842,18585
10845,18586
10847,18587
10850,18588
10853,18589
10854,18590
10861,18591
10869,18592
10873,18593
1089,18594
10890,18595
10899,18596
109,18597
10901,18598
10936,18599
10947,18600
10960,18601
10966,18602
10969,18603
10970,18604
10986,18605
110,18606
11007,18607
11026,18608
11038,18609
11039,18610
11078,18611
11086,18612
111,18613
11107,18614
11108,18615
11120,18616
11121,18617
11123,18618
11125,18619
11133,18620
11134,18621
11144,18622
11146,18623
11150,18624
11153,18625
11157,18626
11160,18627
11162,18628
11168,18629
11171,18630
11198,18631
112,18632
11201,18633
11202,18634
11222,18635
11229,18636
11239,18637
113,18638
1130,18639
11350,18640
11370,18641
11389,18642
114,18643
11402,18644
11403,18645
11413,18646
11427,18647
11430,18648
11438,18649
11444,18650
11448,18651
11449,18652
11453,18653
11454,18654
11458,18655
11462,18656
11464,18657
11468,18658
115,18659
11506,18660
11520,18661
11559,18662
11573,18663
11575,18664
11585,18665
11589,18666
116,18667
11608,18668
11610,18669
11615,18670
11616,18671
11617,18672
1162,18673
11626,18674
11639,18675
11655,18676
11665,18677
11670,18678
11695,18679
117,18680
11703,18681
11709,18682
11731,18683
11743,18684
1175,18685
11754,18686
11758,18687
11775,18688
11784,18689
118,18690
1180,18691
11843,18692
11853,18693
11855,18694
11874,18695
11888,18696
119,18697
11901,18698
11917,18699
11923,18700
11932,18701
11952,18702
11960,18703
11989,18704
120,18705
12034,18706
12040,18707
12042,18708
12050,18709
12053,18710
12057,18711
12059,18712
1206,18713
12060,18714
12061,18715
12063,18716
12064,18717
12066,18718
12067,18719
12068,18720
121,18721
1210,18722
12100,18723
12103,18724
12112,18725
12113,18726
12115,18727
12135,18728
12150,18729
12169,18730
12182,18731
122,18732
12223,18733
12224,18734
12230,18735
12238,18736
12240,18737
12254,18738
12289,18739
123,18740
12317,18741
12323,18742
12344,18743
12354,18744
12357,18745
12365,18746
12368,18747
12372,18748
1238,18749
12390,18750
12392,18751
124,18752
1240,18753
12400,18754
12402,18755
12409,18756
12430,18757
125,18758
12517,18759
12523,18760
12538,18761
12577,18762
12579,18763
1259,18764
126,18765
1260,18766
12607,18767
1263,18768
12639,18769
12643,18770
12645,18771
12651,18772
12652,18773
12654,18774
12655,18775
12666,18776
1267,18777
12671,18778
12675,18779
12676,18780
12680,18781
127,18782
12743,18783
12745,18784
12752,18785
12754,18786
12780,18787
12787,18788
12789,18789
128,18790
12818,18791
12820,18792
12833,18793
12835,18794
12850,18795
12865,18796
12869,18797
1287,18798
1288,18799
12881,18800
12886,18801
129,18802
12906,18803
12948,18804
12952,18805
12959,18806
12963,18807
12984,18808
12987,18809
12988,18810
130,18811
13003,18812
13010,18813
13021,18814
13031,18815
13099,18816
131,18817
13134,18818
13173,18819
13184,18820
132,18821
13201,18822
13206,18823
13215,18824
13221,18825
13223,18826
13230,18827
13250,18828
13251,18829
13253,18830
13255,18831
13258,18832
13260,18833
13262,18834
13264,18835
13266,18836
13270,18837
13272,18838
13284,18839
13285,18840
13289,18841
133,18842
13305,18843
13311,18844
13329,18845
13346,18846
13349,18847
13355,18848
13358,18849
13374,18850
13378,18851
13383,18852
13388,18853
134,18854
13403,18855
13410,18856
13416,18857
13438,18858
135,18859
13525,18860
13532,18861
13550,18862
13552,18863
13553,18864
13556,18865
1356,18866
13580,18867
13588,18868
13599,18869
136,18870
13624,18871
13632,18872
137,18873
13715,18874
13731,18875
13737,18876
13742,18877
13748,18878
13755,18879
13770,18880
13786,18881
138,18882
13808,18883
13814,18884
13826,18885
13847,18886
13850,18887
13852,18888
13859,18889
13864,18890
13865,18891
13867,18892
13869,18893
13871,18894
13874,18895
13877,18896
13878,18897
13885,18898
13886,18899
13887,18900
13888,18901
13891,18902
13899,18903
139,18904
13922,18905
13961,18906
140,18907
14000,18908
14004,18909
14015,18910
14026,18911
1406,18912
14064,18913
14094,18914
141,18915
1410,18916
14106,18917
14109,18918
14136,18919
14167,18920
14170,18921
14171,18922
14178,18923
14181,18924
14182,18925
14187,18926
14196,18927
142,18928
14201,18929
14210,18930
1423,18931
14233,18932
1424,18933
1426,18934
14266,18935
1427,18936
14272,18937
1428,18938
143,18939
1430,18940
14307,18941
1433,18942
14331,18943
14337,18944
1436,18945
14363,18946
14372,18947
14380,18948
1439,18949
14399,18950
144,18951
1440,18952
14402,18953
1441,18954
14416,18955
14418,18956
14419,18957
14426,18958
1443,18959
14443,18960
14449,18961
14451,18962
14452,18963
14459,18964
1446,18965
14460,18966
14461,18967
14465,18968
14468,18969
14469,18970
14470,18971
14475,18972
14476,18973
14483,18974
14484,18975
1449,18976
145,18977
1450,18978
1453,18979
14530,18980
14547,18981
14562,18982
14586,18983
14587,18984
14595,18985
146,18986
14602,18987
14605,18988
14639,18989
14648,18990
14665,18991
14667,18992
14679,18993
1468,18994
14690,18995
14691,18996
147,18997
14740,18998
14742,18999
14752,19000
14756,19001
14757,19002
14763,19003
14781,19004
14783,19005
148,19006
1489,19007
149,19008
1492,19009
14928,19010
1494,19011
14950,19012
14966,19013
14977,19014
1498,19015
14989,19016
150,19017
15036,19018
15037,19019
15040,19020
15043,19021
15045,19022
15046,19023
15047,19024
15048,19025
15050,19026
15053,19027
15058,19028
15063,19029
15065,19030
15070,19031
15071,19032
15075,19033
15076,19034
15080,19035
151,19036
15101,19037
15114,19038
15128,19039
15140,19040
15162,19041
15164,19042
15170,19043
15184,19044
152,19045
15201,19046
15202,19047
15210,19048
15211,19049
15213,19050
15214,19051
15215,19052
1524,19053
15252,19054
15256,19055
15296,19056
153,19057
15311,19058
15318,19059
15321,19060
15327,19061
15332,19062
15340,19063
15347,19064
15348,19065
1535,19066
15351,19067
15360,19068
15364,19069
15365,19070
15372,19071
15373,19072
15381,19073
15386,19074
15396,19075
154,19076
15407,19077
1542,19078
15433,19079
1547,19080
155,19081
15506,19082
15512,19083
15515,19084
15531,19085
15545,19086
156,19087
15619,19088
15627,19089
15629,19090
15634,19091
15640,19092
15641,19093
15644,19094
15645,19095
15646,19096
15647,19097
15649,19098
15650,19099
15655,19100
15657,19101
15659,19102
1567,19103
15693,19104
157,19105
15716,19106
15718,19107
15742,19108
15745,19109
158,19110
15805,19111
15811,19112
15819,19113
15833,19114
15849,19115
1585,19116
15853,19117
1588,19118
15898,19119
159,19120
1590,19121
15907,19122
15921,19123
15925,19124
15929,19125
15945,19126
15963,19127
15967,19128
15972,19129
15980,19130
15981,19131
160,19132
16002,19133
16006,19134
16008,19135
16009,19136
1601,19137
16027,19138
16059,19139
161,19140
1610,19141
16135,19142
1615,19143
16176,19144
16178,19145
16194,19146
162,19147
16203,19148
16214,19149
16215,19150
16217,19151
16218,19152
16220,19153
16222,19154
16223,19155
16227,19156
16228,19157
16232,19158
16234,19159
16239,19160
16244,19161
16245,19162
16247,19163
16264,19164
16285,19165
16296,19166
16299,19167
163,19168
16311,19169
16325,19170
16340,19171
16375,19172
16376,19173
16378,19174
16395,19175
164,19176
16401,19177
16411,19178
16422,19179
16429,19180
16446,19181
16457,19182
16461,19183
16467,19184
16481,19185
16487,19186
165,19187
16507,19188
16508,19189
16516,19190
16519,19191
16540,19192
16542,19193
16545,19194
16554,19195
16565,19196
16574,19197
16582,19198
1659,19199
16597,19200
166,19201
16603,19202
16609,19203
16612,19204
16617,19205
16690,19206
16694,19207
167,19208
16704,19209
16718,19210
16727,19211
16745,19212
16751,19213
16767,19214
16792,19215
168,19216
16802,19217
16804,19218
16805,19219
16806,19220
16812,19221
16815,19222
16819,19223
16820,19224
16821,19225
16827,19226
16832,19227
16864,19228
16886,19229
16889,19230
16892,19231
16896,19232
169,19233
16906,19234
16910,19235
16981,19236
16991,19237
170,19238
17003,19239
1701,19240
17027,19241
17029,19242
17050,19243
17055,19244
17071,19245
17080,19246
17091,19247
171,19248
1710,19249
17108,19250
1712,19251
17136,19252
17140,19253
17152,19254
17153,19255
17163,19256
1718,19257
17195,19258
172,19259
17202,19260
17205,19261
173,19262
17301,19263
17388,19264
17390,19265
17393,19266
17395,19267
17398,19268
17399,19269
174,19270
17400,19271
1741,19272
17411,19273
17449,19274
17454,19275
17488,19276
175,19277
17502,19278
17511,19279
17520,19280
17523,19281
17539,19282
17559,19283
17562,19284
17582,19285
176,19286
17618,19287
17619,19288
17628,19289
17670,19290
17672,19291
17682,19292
17695,19293
177,19294
17717,19295
17739,19296
17743,19297
17758,19298
17767,19299
17771,19300
17774,19301
17780,19302
17781,19303
17782,19304
17783,19305
17789,19306
178,19307
17815,19308
17856,19309
179,19310
1790,19311
1791,19312
17914,19313
17948,19314
17971,19315
17975,19316
17976,19317
17979,19318
17984,19319
17990,19320
17991,19321
17995,19322
17996,19323
17997,19324
180,19325
18038,19326
18072,19327
181,19328
1810,19329
18108,19330
18122,19331
18129,19332
18137,19333
18149,19334
1817,19335
1818,19336
18192,19337
182,19338
18202,19339
1821,19340
18213,19341
18234,19342
18246,19343
18255,19344
18290,19345
18292,19346
18294,19347
183,19348
18307,19349
18312,19350
1832,19351
1833,19352
18332,19353
18333,19354
18341,19355
18347,19356
18348,19357
18352,19358
18358,19359
18359,19360
18361,19361
18363,19362
18391,19363
18392,19364
18396,19365
184,19366
18405,19367
18422,19368
18452,19369
1849,19370
18492,19371
185,19372
18522,19373
18555,19374
18569,19375
18572,19376
18573,19377
18583,19378
18585,19379
18590,19380
18594,19381
18597,19382
186,19383
18658,19384
18660,19385
18661,19386
187,19387
18704,19388
18723,19389
18755,19390
18776,19391
18782,19392
18783,19393
188,19394
18804,19395
18810,19396
18855,19397
18869,19398
18880,19399
18885,19400
18889,19401
189,19402
18911,19403
18913,19404
18917,19405
18919,19406
18921,19407
18928,19408
18941,19409
18947,19410
18954,19411
18955,19412
18958,19413
18983,19414
18986,19415
190,19416
1904,19417
19044,19418
19053,19419
191,19420
19141,19421
19143,19422
19172,19423
19173,19424
19175,19425
19177,19426
19179,19427
1918,19428
19180,19429
19184,19430
19185,19431
19187,19432
19188,19433
19195,19434
192,19435
1921,19436
19232,19437
19241,19438
19245,19439
19255,19440
19267,19441
193,19442
19308,19443
19329,19444
19344,19445
19374,19446
19376,19447
194,19448
19414,19449
19432,19450
19445,19451
19469,19452
19481,19453
19483,19454
19489,19455
19491,19456
19497,19457
19499,19458
195,19459
19504,19460
19510,19461
19511,19462
19515,19463
19520,19464
19521,19465
19523,19466
19524,19467
19532,19468
19537,19469
19539,19470
19545,19471
19551,19472
1956,19473
19564,19474
19568,19475
19587,19476
19590,19477
196,19478
19601,19479
19602,19480
19646,19481
19674,19482
197,19483
19729,19484
19732,19485
19770,19486
19771,19487
19774,19488
19778,19489
19782,19490
19783,19491
19786,19492
19788,19493
198,19494
19828,19495
19838,19496
1986,19497
19865,19498
19868,19499
19874,19500
19875,19501
19879,19502
19888,19503
199,19504
19907,19505
19908,19506
19915,19507
19920,19508
19927,19509
19934,19510
19950,19511
19966,19512
19976,19513
19989,19514
19992,19515
200,19516
20000,19517
20022,19518
20055,19519
20060,19520
20066,19521
20067,19522
20077,19523
20089,19524
201,19525
20101,19526
20108,19527
20114,19528
20120,19529
20122,19530
20124,19531
20133,19532
20138,19533
20140,19534
20141,19535
20149,19536
20153,19537
20166,19538
20169,19539
20175,19540
20192,19541
202,19542
20205,19543
203,19544
20320,19545
20328,19546
2033,19547
20338,19548
204,19549
205,19550
2053,19551
2057,19552
2058,19553
2059,19554
206,19555
2063,19556
2067,19557
2069,19558
207,19559
2075,19560
2076,19561
2077,19562
2079,19563
208,19564
2082,19565
2083,19566
209,19567
2093,19568
210,19569
211,19570
212,19571
2127,19572
2128,19573
213,19574
214,19575
215,19576
2159,19577
216,19578
2165,19579
217,19580
2172,19581
218,19582
2188,19583
219,19584
2198,19585
220,19586
2209,19587
221,19588
222,19589
223,19590
224,19591
2247,19592
225,19593
226,19594
227,19595
2273,19596
228,19597
2287,19598
229,19599
230,19600
2307,19601
231,19602
2314,19603
232,19604
233,19605
2336,19606
234,19607
235,19608
236,19609
237,19610
238,19611
2382,19612
239,19613
240,19614
241,19615
2415,19616
242,19617
243,19618
244,19619
2447,19620
245,19621
246,19622
247,19623
248,19624
2483,19625
249,19626
250,19627
251,19628
252,19629
253,19630
2531,19631
254,19632
255,19633
256,19634
257,19635
258,19636
259,19637
260,19638
2606,19639
261,19640
262,19641
263,19642
264,19643
265,19644
266,19645
267,19646
268,19647
2689,19648
269,19649
2693,19650
2696,19651
2697,19652
270,19653
2704,19654
2706,19655
271,19656
2711,19657
2713,19658
2714,19659
2718,19660
272,19661
273,19662
274,19663
2742,19664
2743,19665
275,19666
276,19667
277,19668
2773,19669
2777,19670
278,19671
279,19672
280,19673
281,19674
282,19675
283,19676
284,19677
285,19678
286,19679
2869,19680
287,19681
288,19682
2889,19683
289,19684
290,19685
291,19686
2915,19687
2919,19688
292,19689
293,19690
294,19691
295,19692
2953,19693
296,19694
297,19695
2975,19696
298,19697
2982,19698
2985,19699
2986,19700
299,19701
300,19702
301,19703
302,19704
303,19705
3038,19706
304,19707
3046,19708
305,19709
306,19710
3067,19711
307,19712
3075,19713
308,19714
309,19715
3091,19716
310,19717
3102,19718
311,19719
312,19720
313,19721
314,19722
315,19723
3157,19724
316,19725
317,19726
318,19727
319,19728
3190,19729
3192,19730
320,19731
321,19732
3219,19733
322,19734
3224,19735
3228,19736
323,19737
324,19738
325,19739
326,19740
327,19741
328,19742
3282,19743
329,19744
330,19745
3301,19746
3303,19747
3304,19748
3307,19749
331,19750
3311,19751
3313,19752
3316,19753
3317,19754
332,19755
3321,19756
3325,19757
3328,19758
3329,19759
333,19760
3332,19761
3333,19762
3338,19763
334,19764
3346,19765
335,19766
336,19767
337,19768
338,19769
339,19770
340,19771
3404,19772
341,19773
342,19774
343,19775
3435,19776
3444,19777
3447,19778
3459,19779
3473,19780
3491,19781
3496,19782
3501,19783
3521,19784
3525,19785
3567,19786
3573,19787
3580,19788
3596,19789
3600,19790
3609,19791
3706,19792
3765,19793
3777,19794
3790,19795
3803,19796
3854,19797
3906,19798
3908,19799
3909,19800
3911,19801
3914,19802
3916,19803
3920,19804
3922,19805
3923,19806
3924,19807
3925,19808
3926,19809
3929,19810
3930,19811
3979,19812
3980,19813
3987,19814
40,19815
4009,19816
4024,19817
4033,19818
4046,19819
4055,19820
4091,19821
4099,19822
41,19823
4116,19824
4120,19825
4130,19826
4149,19827
4162,19828
4169,19829
4195,19830
4197,19831
42,19832
4202,19833
4217,19834
4230,19835
4283,19836
4286,19837
4297,19838
43,19839
4341,19840
4351,19841
44,19842
45,19843
4506,19844
4511,19845
4514,19846
4515,19847
4516,19848
4522,19849
4526,19850
4528,19851
4530,19852
4534,19853
4537,19854
4540,19855
4559,19856
4568,19857
4573,19858
4579,19859
46,19860
4609,19861
4642,19862
4665,19863
4677,19864
47,19865
4720,19866
4723,19867
4725,19868
4739,19869
4742,19870
4745,19871
4747,19872
4796,19873
48,19874
4842,19875
4851,19876
4890,19877
49,19878
4902,19879
4936,19880
4944,19881
4949,19882
4969,19883
4992,19884
50,19885
5025,19886
51,19887
5106,19888
5114,19889
5115,19890
5117,19891
5118,19892
5119,19893
5121,19894
5123,19895
5126,19896
5130,19897
5131,19898
5133,19899
5136,19900
5138,19901
5140,19902
5160,19903
5165,19904
5177,19905
5184,19906
52,19907
5207,19908
5217,19909
5230,19910
5244,19911
5259,19912
5262,19913
5287,19914
53,19915
5370,19916
5384,19917
5392,19918
54,19919
5434,19920
5439,19921
5470,19922
5477,19923
5482,19924
5492,19925
55,19926
5502,19927
5522,19928
5532,19929
5548,19930
5575,19931
5588,19932
5596,19933
56,19934
57,19935
5700,19936
5703,19937
5704,19938
5705,19939
5707,19940
5712,19941
5717,19942
5719,19943
5722,19944
5726,19945
5729,19946
5731,19947
5733,19948
5734,19949
5736,19950
5738,19951
5740,19952
5742,19953
5743,19954
5772,19955
5783,19956
58,19957
5807,19958
5809,19959
5852,19960
5856,19961
5876,19962
5884,19963
5885,19964
5897,19965
5898,19966
5899,19967
59,19968
5909,19969
5914,19970
5922,19971
5924,19972
5928,19973
5929,19974
5938,19975
5962,19976
5967,19977
5985,19978
5986,19979
5990,19980
60,19981
6046,19982
6048,19983
6063,19984
6082,19985
61,19986
6107,19987
6109,19988
6137,19989
6164,19990
6182,19991
6197,19992
62,19993
6203,19994
6213,19995
6228,19996
6247,19997
6260,19998
6280,19999
63,20000
6325,20001
6327,20002
6328,20003
6332,20004
6334,20005
6337,20006
6338,20007
6340,20008
6342,20009
6343,20010
6345,20011
6346,20012
6349,20013
6350,20014
6351,20015
6356,20016
6358,20017
6393,20018
64,20019
6411,20020
6458,20021
6483,20022
6492,20023
6494,20024
65,20025
6505,20026
6511,20027
6531,20028
6541,20029
6556,20030
6557,20031
6583,20032
6586,20033
6591,20034
66,20035
6607,20036
6614,20037
6661,20038
67,20039
6714,20040
6730,20041
6741,20042
6777,20043
6793,20044
68,20045
6830,20046
6850,20047
6851,20048
6852,20049
6874,20050
69,20051
6917,20052
6957,20053
6963,20054
6966,20055
6967,20056
6968,20057
6970,20058
6971,20059
6974,20060
6980,20061
6981,20062
6985,20063
6988,20064
6989,20065
6992,20066
6995,20067
6996,20068
70,20069
7038,20070
7046,20071
7078,20072
7081,20073
7083,20074
7088,20075
71,20076
7103,20077
7107,20078
7121,20079
7134,20080
7170,20081
7175,20082
7177,20083
7188,20084
7191,20085
7199,20086
72,20087
7260,20088
73,20089
7300,20090
7326,20091
7333,20092
7359,20093
7382,20094
7389,20095
7395,20096
74,20097
7437,20098
7473,20099
7483,20100
75,20101
7502,20102
7516,20103
7517,20104
7548,20105
7587,20106
7588,20107
7591,20108
7593,20109
7596,20110
7598,20111
76,20112
7602,20113
7606,20114
7607,20115
7614,20116
7615,20117
7618,20118
7620,20119
7623,20120
7626,20121
7644,20122
7648,20123
7654,20124
7659,20125
7660,20126
7672,20127
7682,20128
7695,20129
77,20130
7700,20131
7717,20132
7721,20133
7723,20134
7732,20135
7756,20136
7757,20137
7762,20138
7763,20139
7764,20140
7772,20141
7796,20142
7797,20143
78,20144
7803,20145
7807,20146
7817,20147
7829,20148
7832,20149
7845,20150
785,20151
7850,20152
788,20153
79,20154
793,20155
795,20156
7954,20157
7981,20158
7990,20159
80,20160
8011,20161
8013,20162
8036,20163
804,20164
8043,20165
806,20166
8064,20167
8072,20168
808,20169
8086,20170
8099,20171
81,20172
810,20173
811,20174
8117,20175
8129,20176
817,20177
8192,20178
82,20179
8213,20180
8217,20181
8237,20182
8238,20183
8239,20184
8241,20185
8243,20186
8245,20187
8246,20188
8247,20189
8248,20190
8250,20191
8255,20192
8259,20193
8260,20194
8263,20195
8264,20196
8267,20197
8268,20198
8269,20199
8270,20200
8271,20201
8273,20202
8275,20203
8278,20204
8279,20205
828,20206
83,20207
8301,20208
8324,20209
8327,20210
8349,20211
836,20212
8366,20213
8369,20214
8383,20215
8393,20216
8397,20217
84,20218
8432,20219
8444,20220
8449,20221
8478,20222
85,20223
8529,20224
853,20225
8557,20226
8581,20227
8589,20228
86,20229
8607,20230
8650,20231
8680,20232
8688,20233
8690,20234
87,20235
8701,20236
8732,20237
8774,20238
878,20239
8789,20240
88,20241
89,20242
8900,20243
8903,20244
8907,20245
8915,20246
8916,20247
8919,20248
8920,20249
8921,20250
8922,20251
8925,20252
8926,20253
8928,20254
893,20255
8933,20256
8938,20257
8941,20258
8949,20259
8985,20260
8992,20261
90,20262
9027,20263
9055,20264
9056,20265
9058,20266
9065,20267
9070,20268
9076,20269
9086,20270
909,20271
9092,20272
91,20273
9100,20274
9123,20275
914,20276
9152,20277
9173,20278
9175,20279
92,20280
920,20281
9227,20282
9237,20283
9250,20284
926,20285
9267,20286
927,20287
9288,20288
9295,20289
93,20290
9324,20291
9338,20292
9359,20293
9362,20294
9396,20295
94,20296
9410,20297
9424,20298
9436,20299
9437,20300
9461,20301
947,20302
95,20303
9513,20304
952,20305
954,20306
9568,20307
9569,20308
9573,20309
9574,20310
9576,20311
9577,20312
9582,20313
9583,20314
9586,20315
9587,20316
9595,20317
9597,20318
9598,20319
96,20320
9606,20321
9611,20322
9633,20323
9643,20324
9698,20325
97,20326
9700,20327
9701,20328
9708,20329
9712,20330
9718,20331
9727,20332
973,20333
9740,20334
9775,20335
9789,20336
9799,20337
98,20338
9804,20339
9858,20340
99,20341
9907,20342
9923,20343
9950,20344
9955,20345
9957,20346
9960,20347
9985,20348
