Node ID,Order
1,0
10,1
10538,2
10539,3
1056,4
10581,5
10028,6
10588,7
10608,8
10655,9
10672,10
10722,11
10726,12
10751,13
11,14
1103,15
11262,16
11317,17
11842,18
11914,19
11958,20
11959,21
11968,22
12,23
1222,24
1224,25
12419,26
12490,27
12501,28
12504,29
12516,30
12524,31
12527,32
1255,33
12617,34
1269,35
13,36
13026,37
13097,38
13112,39
13127,40
11918,41
1318,42
13204,43
13631,44
13670,45
12473,46
13682,47
11874,48
13695,49
14,50
14273,51
11258,52
14406,53
12429,54
14407,55
11955,56
14820,57
14834,58
11990,59
14838,60
13662,61
14843,62
14888,63
14929,64
14957,65
15,66
15178,67
15424,68
15425,69
15452,70
15457,71
15465,72
15472,73
15527,74
15589,75
16,76
16042,77
14234,78
16140,79
16189,80
1642,81
16631,82
16650,83
16686,84
16696,85
17,86
17260,87
13776,88
17276,89
17282,90
17304,91
1743,92
1746,93
1750,94
17803,95
10096,96
10765,97
16380,98
17806,99
17828,100
16156,101
17853,102
17868,103
13064,104
17884,105
17908,106
17944,107
17358,108
18,109
1804,110
1168,111
1811,112
17808,113
18252,114
18426,115
18475,116
16118,117
18485,118
16084,119
18509,120
18521,121
18525,122
1687,123
18542,124
18704,125
1871,126
1874,127
13197,128
19,129
19003,130
19015,131
19025,132
19042,133
17754,134
19084,135
19097,136
19326,137
19648,138
12390,139
12997,140
14964,141
15554,142
17513,143
19667,144
19686,145
19698,146
16104,147
19731,148
19791,149
19871,150
2,151
20,152
20161,153
15528,154
15891,155
20208,156
20204,157
20285,158
13932,159
20339,160
21,161
2121,162
2138,163
22,164
23,165
2378,166
24,167
2418,168
10085,169
10754,170
16089,171
25,172
26,173
27,174
28,175
29,176
3,177
30,178
3014,179
3020,180
3053,181
1136,182
31,183
3108,184
3134,185
3135,186
10100,187
10769,188
3167,189
32,190
33,191
34,192
344,193
345,194
1878,195
3497,196
35,197
3541,198
357,199
1922,200
36,201
3623,202
13706,203
3678,204
37,205
3721,206
10799,207
3752,208
17875,209
38,210
39,211
4,212
358,213
4221,214
4244,215
4273,216
14967,217
4347,218
2481,219
13167,220
15284,221
4389,222
447,223
2420,224
1777,225
448,226
3160,227
4517,228
458,229
10110,230
16783,231
16196,232
1842,233
16182,234
4897,235
4940,236
4944,237
2476,238
4961,239
498,240
4985,241
5,242
368,243
14987,244
5037,245
346,246
40,247
504,248
16181,249
1806,250
505,251
4941,252
1829,253
514,254
522,255
5014,256
523,257
5235,258
5323,259
538,260
10674,261
16773,262
16185,263
539,264
5413,265
13764,266
5428,267
5437,268
5479,269
11393,270
19716,271
14757,272
19109,273
16544,274
18904,275
19651,276
20251,277
16018,278
11832,279
2537,280
3173,281
549,282
10150,283
10156,284
10162,285
10165,286
10172,287
10177,288
10186,289
10196,290
10197,291
10210,292
10213,293
10217,294
10220,295
10223,296
10226,297
10815,298
10817,299
11421,300
11424,301
11425,302
12027,303
10516,304
12634,305
12637,306
1322,307
1323,308
13238,309
13241,310
13247,311
1327,312
1329,313
1343,314
1346,315
1354,316
1360,317
12469,318
1371,319
1372,320
11817,321
1376,322
13814,323
13839,324
1384,325
1386,326
1391,327
1392,328
12616,329
1393,330
1413,331
13037,332
1415,333
14242,334
14248,335
14266,336
14435,337
14438,338
14439,339
14846,340
14869,341
11977,342
15027,343
15414,344
15423,345
15477,346
15520,347
15549,348
15618,349
15622,350
15624,351
15626,352
15486,353
16085,354
16121,355
16200,356
15405,357
16201,358
1187,359
16208,360
12507,361
14765,362
14864,363
11759,364
16210,365
16211,366
16644,367
16684,368
16787,369
16790,370
16793,371
16794,372
16798,373
17221,374
17261,375
14270,376
17372,377
16103,378
17373,379
17381,380
10578,381
17383,382
1772,383
17777,384
17821,385
17962,386
17963,387
18410,388
18411,389
18419,390
18438,391
18450,392
18549,393
1855,394
1895,395
14336,396
18999,397
19028,398
19046,399
19112,400
19114,401
19139,402
19165,403
12007,404
19521,405
16171,406
19621,407
14236,408
11772,409
13155,410
15987,411
15403,412
19697,413
19755,414
1977,415
16693,416
12363,417
12455,418
13769,419
1981,420
11335,421
1987,422
19645,423
14819,424
11546,425
2004,426
15592,427
2006,428
13090,429
2007,430
17295,431
18407,432
2010,433
14240,434
19665,435
2013,436
20213,437
20216,438
20242,439
16647,440
20295,441
2035,442
17216,443
16786,444
2038,445
2044,446
2451,447
10534,448
2529,449
2599,450
1137,451
2023,452
2601,453
2610,454
2612,455
19607,456
2369,457
2617,458
10618,459
2645,460
10593,461
1129,462
1767,463
2648,464
1147,465
1266,466
10763,467
19074,468
2658,469
10640,470
1289,471
2665,472
2670,473
18511,474
12479,475
2677,476
2680,477
14309,478
2684,479
3001,480
3006,481
3022,482
3065,483
15499,484
3078,485
1758,486
3099,487
15470,488
3120,489
12550,490
1072,491
3142,492
3220,493
3230,494
16669,495
3232,496
16119,497
20231,498
3235,499
3242,500
3246,501
12488,502
3251,503
16713,504
16678,505
3252,506
15421,507
3259,508
20237,509
3260,510
13650,511
3263,512
12426,513
14849,514
3274,515
15415,516
20315,517
3280,518
20272,519
18464,520
3281,521
18505,522
14297,523
1014,524
3287,525
3629,526
3648,527
3676,528
3791,529
3842,530
3843,531
3847,532
3848,533
12461,534
11823,535
3853,536
20239,537
16125,538
3855,539
1771,540
17277,541
3859,542
10124,543
1294,544
10567,545
20332,546
3864,547
14296,548
14288,549
3865,550
14872,551
14938,552
3868,553
16071,554
14969,555
3880,556
18431,557
10025,558
14989,559
11371,560
19217,561
13471,562
3686,563
10510,564
3892,565
13701,566
3894,567
13623,568
13505,569
3897,570
15599,571
3898,572
10180,573
11349,574
10141,575
1231,576
13842,577
2629,578
3292,579
10230,580
12010,581
1319,582
1396,583
13827,584
19692,585
1955,586
20078,587
3226,588
3832,589
360,590
386,591
3903,592
15437,593
11820,594
11801,595
14926,596
15938,597
1717,598
15481,599
17765,600
11337,601
400,602
401,603
410,604
4235,605
4236,606
4275,607
428,608
116,609
4441,610
13691,611
20252,612
4443,613
10590,614
12458,615
4447,616
17823,617
4448,618
19059,619
4455,620
20240,621
15445,622
4458,623
12464,624
4477,625
11320,626
4478,627
19606,628
4481,629
3622,630
15670,631
13150,632
16057,633
18367,634
17901,635
4403,636
4482,637
14145,638
18405,639
4489,640
3147,641
1320,642
347,643
41,644
4492,645
3630,646
19735,647
4497,648
11402,649
19077,650
4825,651
12829,652
3775,653
4857,654
4965,655
5040,656
19138,657
12592,658
5043,659
10631,660
5044,661
5047,662
17209,663
5051,664
13645,665
5056,666
18467,667
19679,668
4219,669
17930,670
5057,671
12480,672
11304,673
5061,674
14304,675
5071,676
4916,677
4238,678
5072,679
5073,680
18473,681
4216,682
14889,683
13565,684
19500,685
19136,686
19743,687
5078,688
17248,689
17222,690
12405,691
14954,692
20167,693
3639,694
5082,695
5088,696
5093,697
11935,698
20293,699
5097,700
15461,701
5100,702
1114,703
10540,704
52,705
5251,706
526,707
204,708
5425,709
17197,710
15500,711
18317,712
1092,713
18379,714
11941,715
18918,716
1729,717
14772,718
16559,719
11992,720
19643,721
16578,722
14321,723
17196,724
15506,725
2349,726
4234,727
5431,728
5436,729
12950,730
14762,731
4228,732
11153,733
16545,734
2402,735
5458,736
5494,737
550,738
5500,739
5503,740
3649,741
5523,742
5547,743
3203,744
555,745
556,746
3812,747
3205,748
5561,749
5567,750
1766,751
5593,752
17877,753
13687,754
5603,755
5633,756
5635,757
372,758
5637,759
359,760
51,761
5639,762
20241,763
13712,764
5642,765
3717,766
13717,767
5647,768
5661,769
4935,770
17267,771
5663,772
4359,773
4874,774
5668,775
4313,776
5673,777
3620,778
5676,779
19069,780
11762,781
15475,782
15356,783
20100,784
4262,785
4868,786
18738,787
5683,788
17800,789
569,790
3784,791
5589,792
5690,793
13102,794
5692,795
578,796
3122,797
3733,798
4881,799
13801,800
2465,801
1824,802
5791,803
5836,804
5860,805
5896,806
590,807
5911,808
5914,809
5985,810
11250,811
5995,812
6,813
369,814
4963,815
4361,816
602,817
3113,818
1201,819
5540,820
10023,821
6021,822
19719,823
18300,824
17300,825
6117,826
6129,827
18477,828
4976,829
4398,830
3794,831
10115,832
10784,833
1860,834
5617,835
6134,836
17364,837
17950,838
1177,839
2506,840
1865,841
614,842
6146,843
6165,844
15539,845
6184,846
3121,847
10714,848
6190,849
10708,850
62,851
6202,852
6216,853
3708,854
14345,855
6221,856
10764,857
10109,858
3801,859
3758,860
6222,861
6229,862
10102,863
6231,864
6253,865
6269,866
14356,867
6274,868
6276,869
17233,870
6285,871
629,872
6294,873
19076,874
6295,875
13030,876
10943,877
2586,878
387,879
6298,880
16622,881
6302,882
11899,883
14373,884
6306,885
2371,886
6307,887
16768,888
10047,889
6309,890
11810,891
6312,892
17287,893
12465,894
6318,895
6059,896
10040,897
3195,898
10622,899
12009,900
6319,901
6006,902
6366,903
6104,904
3067,905
643,906
309,907
653,908
4948,909
654,910
2513,911
2426,912
4978,913
5578,914
659,915
10727,916
1166,917
1214,918
5560,919
10701,920
1869,921
1233,922
660,923
1278,924
17362,925
13824,926
2550,927
3186,928
4913,929
4938,930
1277,931
17897,932
10116,933
16174,934
661,935
3175,936
3787,937
4391,938
6211,939
1143,940
5545,941
1896,942
1931,943
14845,944
4960,945
14836,946
18540,947
465,948
149,949
6619,950
11849,951
662,952
10664,953
6631,954
6637,955
3010,956
6655,957
6656,958
6680,959
6701,960
10699,961
10030,962
14855,963
6721,964
15489,965
6722,966
673,967
10070,968
10739,969
10114,970
18526,971
15773,972
5304,973
674,974
1268,975
6742,976
675,977
6750,978
18543,979
10074,980
10743,981
10574,982
10756,983
1258,984
6759,985
17827,986
15996,987
16065,988
16583,989
11839,990
17195,991
12445,992
17781,993
19634,994
11790,995
15468,996
15365,997
18496,998
20121,999
13117,1000
11748,1001
19099,1002
6790,1003
3761,1004
17949,1005
17363,1006
2520,1007
6796,1008
5550,1009
4950,1010
6210,1011
6797,1012
6801,1013
6163,1014
5587,1015
4987,1016
10704,1017
6807,1018
11588,1019
15195,1020
15526,1021
11088,1022
14045,1023
14046,1024
14626,1025
14638,1026
16327,1027
16403,1028
16501,1029
19260,1030
2319,1031
2790,1032
2820,1033
3972,1034
4096,1035
4705,1036
4790,1037
5254,1038
5342,1039
2708,1040
5079,1041
6581,1042
6818,1043
3743,1044
5019,1045
10190,1046
16114,1047
6819,1048
682,1049
339,1050
6835,1051
6847,1052
12006,1053
2466,1054
10117,1055
10801,1056
418,1057
106,1058
6866,1059
2569,1060
1932,1061
688,1062
13089,1063
3004,1064
6890,1065
3645,1066
6049,1067
10585,1068
4839,1069
6892,1070
14831,1071
1739,1072
6894,1073
4280,1074
17834,1075
18365,1076
690,1077
16093,1078
6900,1079
4822,1080
6911,1081
10558,1082
11967,1083
6916,1084
12452,1085
11218,1086
17608,1087
19592,1088
19811,1089
5445,1090
6846,1091
692,1092
6920,1093
18435,1094
13707,1095
12951,1096
14892,1097
6924,1098
16038,1099
16075,1100
4317,1101
13169,1102
20045,1103
6931,1104
1838,1105
10514,1106
6935,1107
16122,1108
6003,1109
6940,1110
10615,1111
14859,1112
6946,1113
17272,1114
13200,1115
18031,1116
7,1117
379,1118
10027,1119
3202,1120
2566,1121
7095,1122
717,1123
2375,1124
19428,1125
2389,1126
719,1127
11281,1128
20261,1129
3957,1130
721,1131
7247,1132
7248,1133
11578,1134
725,1135
4828,1136
7250,1137
7256,1138
2493,1139
727,1140
17256,1141
728,1142
4340,1143
10700,1144
729,1145
2447,1146
16079,1147
7297,1148
4636,1149
730,1150
2668,1151
3031,1152
6758,1153
10140,1154
637,1155
303,1156
7307,1157
731,1158
7321,1159
4258,1160
7327,1161
6624,1162
7328,1163
5469,1164
7331,1165
13821,1166
7334,1167
17238,1168
7342,1169
10659,1170
7343,1171
14282,1172
1894,1173
16777,1174
4994,1175
2497,1176
2427,1177
735,1178
2999,1179
3194,1180
5823,1181
7350,1182
14841,1183
7355,1184
7380,1185
14311,1186
7381,1187
74,1188
741,1189
1191,1190
742,1191
4358,1192
17855,1193
20150,1194
12489,1195
7420,1196
6748,1197
1831,1198
6789,1199
7430,1200
19664,1201
7442,1202
745,1203
7459,1204
7469,1205
4367,1206
6826,1207
6106,1208
10587,1209
747,1210
6130,1211
7426,1212
6111,1213
14839,1214
7487,1215
7489,1216
6862,1217
2470,1218
75,1219
7501,1220
751,1221
17278,1222
20220,1223
7512,1224
442,1225
129,1226
7518,1227
422,1228
110,1229
7523,1230
13639,1231
16661,1232
20177,1233
4232,1234
18311,1235
10529,1236
18912,1237
5466,1238
5887,1239
7530,1240
16772,1241
1799,1242
7541,1243
13023,1244
7545,1245
1727,1246
7546,1247
20305,1248
11749,1249
19642,1250
11145,1251
18977,1252
7286,1253
7547,1254
2570,1255
10091,1256
7549,1257
20209,1258
17250,1259
7553,1260
7564,1261
3144,1262
11338,1263
5403,1264
7572,1265
16685,1266
17839,1267
7583,1268
7359,1269
10103,1270
5509,1271
10584,1272
761,1273
19638,1274
15665,1275
6668,1276
6867,1277
766,1278
19079,1279
3610,1280
12512,1281
11144,1282
12965,1283
10532,1284
6047,1285
18735,1286
768,1287
1902,1288
17943,1289
7694,1290
13273,1291
712,1292
3768,1293
771,1294
16642,1295
6053,1296
772,1297
774,1298
7750,1299
779,1300
17893,1301
780,1302
18458,1303
7810,1304
782,1305
19060,1306
11902,1307
783,1308
3722,1309
13100,1310
7869,1311
1087,1312
14324,1313
7871,1314
7876,1315
11912,1316
7878,1317
15441,1318
7885,1319
4364,1320
14975,1321
7658,1322
7905,1323
7914,1324
14034,1325
7927,1326
7945,1327
7972,1328
7979,1329
19148,1330
2544,1331
6204,1332
15573,1333
15000,1334
6747,1335
4904,1336
7985,1337
7989,1338
12143,1339
15831,1340
7994,1341
4335,1342
3730,1343
8,1344
385,1345
13833,1346
13236,1347
4929,1348
1920,1349
1284,1350
8010,1351
3756,1352
4360,1353
6251,1354
4496,1355
17918,1356
12023,1357
11418,1358
8031,1359
4393,1360
2546,1361
4220,1362
8034,1363
6156,1364
8012,1365
1141,1366
7494,1367
8035,1368
7405,1369
8046,1370
6666,1371
5289,1372
8050,1373
2534,1374
8073,1375
6878,1376
2479,1377
7543,1378
6875,1379
8080,1380
8079,1381
8087,1382
8089,1383
8090,1384
3763,1385
8092,1386
8113,1387
7460,1388
15596,1389
15601,1390
6220,1391
8131,1392
8020,1393
16191,1394
3817,1395
518,1396
198,1397
8135,1398
2012,1399
7306,1400
8151,1401
14810,1402
8156,1403
1132,1404
8157,1405
7485,1406
4934,1407
5535,1408
17338,1409
8159,1410
12499,1411
6132,1412
8162,1413
13810,1414
17340,1415
2197,1416
8163,1417
14214,1418
8165,1419
13661,1420
8167,1421
3166,1422
14901,1423
8171,1424
8181,1425
19115,1426
13050,1427
8190,1428
6639,1429
4266,1430
8201,1431
15587,1432
17312,1433
8209,1434
4320,1435
3563,1436
8217,1437
19617,1438
12762,1439
4426,1440
563,1441
235,1442
8227,1443
10984,1444
15446,1445
17225,1446
4673,1447
8229,1448
1837,1449
13061,1450
14748,1451
18448,1452
14151,1453
17778,1454
5825,1455
6052,1456
6676,1457
15772,1458
8330,1459
8497,1460
8262,1461
16209,1462
13987,1463
8517,1464
8530,1465
14615,1466
18283,1467
8531,1468
8535,1469
12142,1470
15903,1471
2846,1472
5882,1473
7708,1474
8537,1475
3698,1476
8539,1477
8556,1478
11988,1479
8561,1480
16313,1481
8566,1482
11893,1483
13923,1484
13206,1485
1719,1486
14862,1487
8595,1488
10780,1489
1286,1490
6186,1491
10034,1492
8598,1493
8614,1494
4995,1495
1910,1496
13144,1497
7988,1498
5539,1499
1302,1500
430,1501
118,1502
8616,1503
8619,1504
8621,1505
18335,1506
13700,1507
12352,1508
12959,1509
12525,1510
13130,1511
12337,1512
11257,1513
3179,1514
2543,1515
2455,1516
5003,1517
4402,1518
4946,1519
5018,1520
4375,1521
3771,1522
8623,1523
8627,1524
1241,1525
1877,1526
3058,1527
7971,1528
8633,1529
3786,1530
8102,1531
6757,1532
3719,1533
6064,1534
8637,1535
8649,1536
5528,1537
1165,1538
7341,1539
1747,1540
8651,1541
8603,1542
14996,1543
15585,1544
10021,1545
12492,1546
10678,1547
10031,1548
17952,1549
392,1550
80,1551
8652,1552
8659,1553
3072,1554
8664,1555
7492,1556
6865,1557
10734,1558
8667,1559
8669,1560
12424,1561
8670,1562
10661,1563
5519,1564
10627,1565
6767,1566
6185,1567
6810,1568
8632,1569
2574,1570
453,1571
138,1572
8679,1573
6102,1574
4419,1575
10173,1576
15017,1577
10596,1578
1847,1579
2488,1580
6794,1581
6168,1582
5504,1583
3690,1584
8690,1585
3111,1586
6779,1587
17368,1588
429,1589
117,1590
8694,1591
7386,1592
8699,1593
8704,1594
5600,1595
3795,1596
3140,1597
8009,1598
1768,1599
13131,1600
8706,1601
11287,1602
3005,1603
8714,1604
15447,1605
8718,1606
8070,1607
10017,1608
14223,1609
18965,1610
13626,1611
12406,1612
15519,1613
18362,1614
14930,1615
19469,1616
8719,1617
2456,1618
14945,1619
2270,1620
3174,1621
13819,1622
8721,1623
8725,1624
10002,1625
14229,1626
8728,1627
8730,1628
12483,1629
12961,1630
14427,1631
13832,1632
18474,1633
12977,1634
13587,1635
14265,1636
19078,1637
14184,1638
20145,1639
13746,1640
501,1641
184,1642
6191,1643
8737,1644
10735,1645
3727,1646
8137,1647
2624,1648
7400,1649
3802,1650
4406,1651
8744,1652
8758,1653
4982,1654
5544,1655
4943,1656
13216,1657
15012,1658
6844,1659
1822,1660
8767,1661
10766,1662
2460,1663
8743,1664
8138,1665
443,1666
130,1667
8774,1668
5036,1669
381,1670
70,1671
8775,1672
19738,1673
5947,1674
8790,1675
8793,1676
8794,1677
10350,1678
10388,1679
10394,1680
10397,1681
1042,1682
10431,1683
10442,1684
10776,1685
1007,1686
1015,1687
10347,1688
10380,1689
10382,1690
10408,1691
10460,1692
10866,1693
1089,1694
10893,1695
10914,1696
10948,1697
10965,1698
10970,1699
10977,1700
11004,1701
11013,1702
11029,1703
11048,1704
11074,1705
11094,1706
11102,1707
11197,1708
11500,1709
11531,1710
11536,1711
11570,1712
11583,1713
11592,1714
11630,1715
11647,1716
11676,1717
11692,1718
11793,1719
12166,1720
12175,1721
12211,1722
12232,1723
12247,1724
12250,1725
12266,1726
12279,1727
12727,1728
12667,1729
12783,1730
12805,1731
12808,1732
12830,1733
12847,1734
12849,1735
12875,1736
13128,1737
13341,1738
13362,1739
13363,1740
13367,1741
13433,1742
13496,1743
13515,1744
13527,1745
13945,1746
13967,1747
13981,1748
10838,1749
14000,1750
14032,1751
14099,1752
14131,1753
14135,1754
1444,1755
14486,1756
14533,1757
14603,1758
14611,1759
14619,1760
14652,1761
14479,1762
14668,1763
14677,1764
14703,1765
14721,1766
1493,1767
1507,1768
15097,1769
14981,1770
15113,1771
15144,1772
15171,1773
15198,1774
15231,1775
15240,1776
15262,1777
15369,1778
15377,1779
15699,1780
15712,1781
15737,1782
15739,1783
15771,1784
15815,1785
15826,1786
15836,1787
15859,1788
15872,1789
15887,1790
15890,1791
15919,1792
1598,1793
1608,1794
12660,1795
16294,1796
16310,1797
16348,1798
16361,1799
16373,1800
1638,1801
16393,1802
16409,1803
1647,1804
16485,1805
16837,1806
15498,1807
16867,1808
16899,1809
1690,1810
16901,1811
16917,1812
16952,1813
16955,1814
16989,1815
16990,1816
17034,1817
17074,1818
17089,1819
15062,1820
1365,1821
1185,1822
11318,1823
17097,1824
12046,1825
17146,1826
17410,1827
17499,1828
11442,1829
17526,1830
17553,1831
17587,1832
17626,1833
17629,1834
17635,1835
17642,1836
17648,1837
17660,1838
17673,1839
17676,1840
18067,1841
18090,1842
18113,1843
18115,1844
12674,1845
18155,1846
18203,1847
18218,1848
14454,1849
18265,1850
18272,1851
18349,1852
17854,1853
18501,1854
18564,1855
13045,1856
18631,1857
18633,1858
15079,1859
18650,1860
18746,1861
18747,1862
18750,1863
18784,1864
18820,1865
18833,1866
18853,1867
18895,1868
19186,1869
19235,1870
19243,1871
19289,1872
11426,1873
12026,1874
13616,1875
15711,1876
17163,1877
18303,1878
18403,1879
19052,1880
19332,1881
1433,1882
19334,1883
19337,1884
19366,1885
19403,1886
19404,1887
19422,1888
19426,1889
19449,1890
19772,1891
19789,1892
10195,1893
19611,1894
13564,1895
13613,1896
11811,1897
14880,1898
17716,1899
16626,1900
17836,1901
18394,1902
14807,1903
19568,1904
19821,1905
19855,1906
14463,1907
19860,1908
19869,1909
19889,1910
19921,1911
19947,1912
19967,1913
19971,1914
19980,1915
1431,1916
13243,1917
1279,1918
13158,1919
18808,1920
13278,1921
19996,1922
19999,1923
20006,1924
20061,1925
20115,1926
16039,1927
15394,1928
11814,1929
2120,1930
11439,1931
2129,1932
2137,1933
2155,1934
2163,1935
2168,1936
2206,1937
2249,1938
2254,1939
2332,1940
2366,1941
2374,1942
2709,1943
2783,1944
2807,1945
2831,1946
16803,1947
2832,1948
2844,1949
2853,1950
18584,1951
2857,1952
2905,1953
2908,1954
2921,1955
2924,1956
2932,1957
2935,1958
3196,1959
3238,1960
15714,1961
3381,1962
3392,1963
3397,1964
3398,1965
15654,1966
3402,1967
3431,1968
3457,1969
3487,1970
3505,1971
3514,1972
3556,1973
17983,1974
1351,1975
14402,1976
3570,1977
3845,1978
13494,1979
17414,1980
10222,1981
16386,1982
19668,1983
13059,1984
14172,1985
13043,1986
15378,1987
16598,1988
11344,1989
16603,1990
17140,1991
18318,1992
20271,1993
3523,1994
17023,1995
14951,1996
3995,1997
4043,1998
4095,1999
4128,2000
4133,2001
4144,2002
4147,2003
2082,2004
3895,2005
12275,2006
4153,2007
4155,2008
4180,2009
4415,2010
10316,2011
10398,2012
10407,2013
10912,2014
10982,2015
11107,2016
11560,2017
11597,2018
11705,2019
12155,2020
12178,2021
12735,2022
12893,2023
12902,2024
13428,2025
13434,2026
13541,2027
14081,2028
14620,2029
13267,2030
14644,2031
14666,2032
15123,2033
15188,2034
15223,2035
1538,2036
15709,2037
15639,2038
15735,2039
16292,2040
16436,2041
15049,2042
17051,2043
17537,2044
17661,2045
18781,2046
18798,2047
18873,2048
19979,2049
20024,2050
2826,2051
2900,2052
3040,2053
10330,2054
10367,2055
10444,2056
10471,2057
10907,2058
10944,2059
10996,2060
11002,2061
11524,2062
11640,2063
11648,2064
12243,2065
12282,2066
12316,2067
12788,2068
12880,2069
12889,2070
1290,2071
13332,2072
13960,2073
13973,2074
13991,2075
13996,2076
14036,2077
14073,2078
14075,2079
14085,2080
14092,2081
14657,2082
14714,2083
14726,2084
14731,2085
14733,2086
1496,2087
12060,2088
15186,2089
14461,2090
15280,2091
15299,2092
15302,2093
1562,2094
15871,2095
15913,2096
15930,2097
16279,2098
16439,2099
16215,2100
1660,2101
16859,2102
10012,2103
16961,2104
16998,2105
17043,2106
17104,2107
17474,2108
17498,2109
18076,2110
18082,2111
18159,2112
18240,2113
18556,2114
14613,2115
18493,2116
18656,2117
18673,2118
18769,2119
18787,2120
18792,2121
18800,2122
18860,2123
18871,2124
19144,2125
11502,2126
13429,2127
14462,2128
15807,2129
17030,2130
18054,2131
18098,2132
19356,2133
19383,2134
19922,2135
19952,2136
19992,2137
2154,2138
2236,2139
2263,2140
2282,2141
2572,2142
2800,2143
2821,2144
2859,2145
2860,2146
2897,2147
2958,2148
3305,2149
3314,2150
3492,2151
3494,2152
3498,2153
3515,2154
2056,2155
3535,2156
3954,2157
4109,2158
10830,2159
1967,2160
4113,2161
4446,2162
2262,2163
4457,2164
14260,2165
20290,2166
4513,2167
4521,2168
4528,2169
10208,2170
11413,2171
12447,2172
11170,2173
13054,2174
13602,2175
12565,2176
20165,2177
13170,2178
14127,2179
4152,2180
4540,2181
2682,2182
15413,2183
4562,2184
12008,2185
10130,2186
4576,2187
12034,2188
19757,2189
13440,2190
4600,2191
4620,2192
4629,2193
4635,2194
3310,2195
4638,2196
2074,2197
1390,2198
17633,2199
4655,2200
4659,2201
4666,2202
4688,2203
4690,2204
2700,2205
10204,2206
13435,2207
4704,2208
18592,2209
4709,2210
4724,2211
4755,2212
4769,2213
4771,2214
4772,2215
4786,2216
4789,2217
15054,2218
10166,2219
19012,2220
4791,2221
4805,2222
4834,2223
16552,2224
17138,2225
3628,2226
4837,2227
5069,2228
11216,2229
1648,2230
19633,2231
5108,2232
5126,2233
2652,2234
14290,2235
14662,2236
5134,2237
2032,2238
19406,2239
11463,2240
2048,2241
16091,2242
4718,2243
5185,2244
17396,2245
1347,2246
17844,2247
5218,2248
12650,2249
5227,2250
5229,2251
5238,2252
5242,2253
5263,2254
5266,2255
5271,2256
5282,2257
5283,2258
10240,2259
17961,2260
16276,2261
1115,2262
17882,2263
2323,2264
5302,2265
5324,2266
5329,2267
5361,2268
5366,2269
5391,2270
5394,2271
5427,2272
15608,2273
5435,2274
17724,2275
16625,2276
16029,2277
15396,2278
20200,2279
5640,2280
19409,2281
10840,2282
5438,2283
5648,2284
15221,2285
10254,2286
16795,2287
16525,2288
16649,2289
11211,2290
1004,2291
16980,2292
19653,2293
11816,2294
5660,2295
14244,2296
2552,2297
5667,2298
13085,2299
13560,2300
1576,2301
17177,2302
17928,2303
3632,2304
12813,2305
16542,2306
3652,2307
5700,2308
17955,2309
16937,2310
13870,2311
10175,2312
18096,2313
2081,2314
2031,2315
12520,2316
2266,2317
11241,2318
4396,2319
14238,2320
4838,2321
20093,2322
12443,2323
20175,2324
15419,2325
5332,2326
5716,2327
3874,2328
13114,2329
14852,2330
5717,2331
10207,2332
11510,2333
5721,2334
19761,2335
1644,2336
5728,2337
2034,2338
13068,2339
19086,2340
15317,2341
4757,2342
10853,2343
5735,2344
5811,2345
5833,2346
5843,2347
5844,2348
5851,2349
5869,2350
5889,2351
13868,2352
5654,2353
14605,2354
5478,2355
5900,2356
5910,2357
18571,2358
2606,2359
14876,2360
19740,2361
14117,2362
17076,2363
5922,2364
5926,2365
16831,2366
5930,2367
5934,2368
5938,2369
2051,2370
16202,2371
14890,2372
5943,2373
5958,2374
5959,2375
5960,2376
17394,2377
5975,2378
5980,2379
5997,2380
6058,2381
19126,2382
6196,2383
1292,2384
12683,2385
4908,2386
12597,2387
6236,2388
6252,2389
13244,2390
10435,2391
2147,2392
6275,2393
19857,2394
3086,2395
6278,2396
6011,2397
6339,2398
2649,2399
2277,2400
2361,2401
13611,2402
15450,2403
1720,2404
2376,2405
6350,2406
4485,2407
14015,2408
18499,2409
10636,2410
2740,2411
1783,2412
6360,2413
2043,2414
11665,2415
3720,2416
6418,2417
6438,2418
6443,2419
2710,2420
18563,2421
17024,2422
3728,2423
6449,2424
15631,2425
5646,2426
14106,2427
10851,2428
1401,2429
14808,2430
14263,2431
16036,2432
16030,2433
18397,2434
11807,2435
12563,2436
2193,2437
6485,2438
6495,2439
6500,2440
6544,2441
5124,2442
5672,2443
11242,2444
14278,2445
19351,2446
2731,2447
10669,2448
16855,2449
16186,2450
19974,2451
5388,2452
5395,2453
3588,2454
6545,2455
6555,2456
19170,2457
10168,2458
18105,2459
19102,2460
10304,2461
14937,2462
2715,2463
2030,2464
19709,2465
17141,2466
19856,2467
5447,2468
5510,2469
6574,2470
13856,2471
6587,2472
13291,2473
3904,2474
18479,2475
13665,2476
20037,2477
4516,2478
6595,2479
6643,2480
6652,2481
6683,2482
6684,2483
16316,2484
16902,2485
17487,2486
6688,2487
5771,2488
3011,2489
5359,2490
15881,2491
14480,2492
2045,2493
12315,2494
17932,2495
11888,2496
6706,2497
16776,2498
13902,2499
11996,2500
10647,2501
6795,2502
10016,2503
14289,2504
18926,2505
16756,2506
694,2507
11231,2508
11878,2509
19335,2510
2054,2511
6944,2512
15777,2513
5961,2514
15060,2515
2626,2516
14720,2517
6951,2518
2734,2519
4926,2520
696,2521
14308,2522
15152,2523
6960,2524
5039,2525
16938,2526
19035,2527
16020,2528
13147,2529
19016,2530
14794,2531
11946,2532
18387,2533
11891,2534
15989,2535
12498,2536
17160,2537
15544,2538
17746,2539
13768,2540
18988,2541
14332,2542
2086,2543
15503,2544
3433,2545
5241,2546
4035,2547
6976,2548
1388,2549
18042,2550
6979,2551
3277,2552
11353,2553
6040,2554
10646,2555
703,2556
13693,2557
15438,2558
17059,2559
19938,2560
7031,2561
7037,2562
704,2563
11603,2564
11851,2565
13881,2566
3893,2567
16491,2568
7047,2569
7049,2570
7056,2571
706,2572
7062,2573
10472,2574
7068,2575
708,2576
20250,2577
1315,2578
2607,2579
20312,2580
5628,2581
606,2582
274,2583
624,2584
291,2585
7104,2586
3308,2587
2639,2588
1515,2589
18432,2590
12933,2591
14274,2592
16607,2593
10536,2594
7105,2595
7106,2596
7112,2597
14450,2598
7135,2599
7154,2600
7155,2601
15658,2602
7204,2603
7205,2604
724,2605
13934,2606
20329,2607
2084,2608
7245,2609
732,2610
16659,2611
12422,2612
2774,2613
17985,2614
6284,2615
12122,2616
13689,2617
12502,2618
2064,2619
736,2620
16682,2621
17169,2622
15482,2623
2140,2624
3602,2625
12573,2626
4206,2627
13178,2628
6494,2629
7371,2630
7389,2631
13039,2632
4814,2633
12432,2634
13010,2635
19583,2636
19746,2637
6672,2638
16368,2639
7394,2640
13710,2641
7399,2642
7401,2643
7503,2644
2036,2645
6080,2646
15523,2647
16504,2648
15918,2649
7506,2650
1352,2651
5156,2652
6791,2653
15610,2654
3841,2655
4316,2656
13774,2657
18107,2658
18707,2659
7544,2660
13073,2661
18051,2662
755,2663
10458,2664
10638,2665
7557,2666
17536,2667
17865,2668
11757,2669
19712,2670
17722,2671
17723,2672
7272,2673
7570,2674
1696,2675
7573,2676
13649,2677
18968,2678
16691,2679
12364,2680
12971,2681
14970,2682
15560,2683
19877,2684
7576,2685
12308,2686
16931,2687
13888,2688
18512,2689
12339,2690
13909,2691
15440,2692
18322,2693
18954,2694
19747,2695
6704,2696
6746,2697
7582,2698
11339,2699
1073,2700
13309,2701
1219,2702
15905,2703
2749,2704
2882,2705
5525,2706
17435,2707
16120,2708
2747,2709
15584,2710
6089,2711
14103,2712
11034,2713
10438,2714
6381,2715
18104,2716
6988,2717
7588,2718
16788,2719
19652,2720
12519,2721
12954,2722
14198,2723
15958,2724
4896,2725
1473,2726
1476,2727
12195,2728
16259,2729
2301,2730
5350,2731
6135,2732
7378,2733
18618,2734
4971,2735
6378,2736
7592,2737
1324,2738
2280,2739
14481,2740
5688,2741
15085,2742
10795,2743
4417,2744
2647,2745
12708,2746
2398,2747
1300,2748
17964,2749
1297,2750
13771,2751
7600,2752
3870,2753
12476,2754
7190,2755
2696,2756
4466,2757
16671,2758
17032,2759
7612,2760
2664,2761
15864,2762
18442,2763
7613,2764
2029,2765
12197,2766
1820,2767
3928,2768
3882,2769
17263,2770
2836,2771
7619,2772
6936,2773
15794,2774
17386,2775
7684,2776
4533,2777
6304,2778
1180,2779
19021,2780
17191,2781
17905,2782
6524,2783
7704,2784
7709,2785
7737,2786
7746,2787
7753,2788
7775,2789
7781,2790
7792,2791
7799,2792
781,2793
3052,2794
18657,2795
3407,2796
10246,2797
4891,2798
7652,2799
5493,2800
7824,2801
7831,2802
7834,2803
7859,2804
7861,2805
10243,2806
10151,2807
13108,2808
13522,2809
787,2810
7872,2811
11187,2812
11792,2813
14941,2814
15530,2815
7196,2816
7882,2817
7891,2818
7893,2819
19693,2820
7900,2821
16506,2822
7906,2823
7915,2824
7930,2825
7933,2826
16309,2827
19258,2828
7939,2829
7953,2830
8006,2831
801,2832
4475,2833
18415,2834
13034,2835
1534,2836
16680,2837
18706,2838
2308,2839
11895,2840
15345,2841
17159,2842
16673,2843
17843,2844
4151,2845
7862,2846
802,2847
807,2848
17377,2849
14552,2850
1531,2851
16068,2852
18437,2853
8099,2854
8108,2855
813,2856
6933,2857
13817,2858
2899,2859
10835,2860
1973,2861
2491,2862
19706,2863
6001,2864
18321,2865
6626,2866
15988,2867
12588,2868
20117,2869
13193,2870
11542,2871
814,2872
8149,2873
620,2874
287,2875
8164,2876
11032,2877
3646,2878
13758,2879
5288,2880
11890,2881
5915,2882
7798,2883
6540,2884
7303,2885
8177,2886
13513,2887
8178,2888
10753,2889
7216,2890
17980,2891
3851,2892
2505,2893
3141,2894
6763,2895
818,2896
773,2897
15798,2898
5564,2899
14917,2900
20079,2901
8180,2902
12231,2903
16629,2904
13015,2905
13637,2906
14221,2907
17704,2908
18389,2909
13033,2910
18979,2911
12427,2912
18900,2913
18989,2914
14369,2915
3600,2916
3951,2917
20278,2918
12354,2919
17171,2920
16154,2921
1731,2922
4203,2923
4255,2924
5421,2925
6678,2926
8187,2927
3799,2928
8045,2929
7415,2930
20336,2931
4751,2932
5352,2933
6969,2934
4468,2935
19398,2936
6004,2937
11306,2938
794,2939
5067,2940
20310,2941
4208,2942
4905,2943
7879,2944
20095,2945
20124,2946
16762,2947
6736,2948
8192,2949
16055,2950
6661,2951
10461,2952
5912,2953
5720,2954
3276,2955
18171,2956
18398,2957
16657,2958
8200,2959
10961,2960
12781,2961
8206,2962
14225,2963
14623,2964
12061,2965
16636,2966
6289,2967
11854,2968
13067,2969
19453,2970
17412,2971
6311,2972
13938,2973
15011,2974
15704,2975
15751,2976
1616,2977
8214,2978
6127,2979
8219,2980
10620,2981
11363,2982
1541,2983
17595,2984
19945,2985
6461,2986
7213,2987
8232,2988
18140,2989
20306,2990
16700,2991
8256,2992
753,2993
10941,2994
8273,2995
10211,2996
2160,2997
5731,2998
7566,2999
18508,3000
7677,3001
8283,3002
10401,3003
8315,3004
1425,3005
4461,3006
11865,3007
10812,3008
1984,3009
411,3010
5829,3011
10261,3012
5086,3013
20298,3014
15977,3015
16628,3016
18603,3017
18622,3018
17099,3019
3644,3020
3798,3021
4645,3022
6194,3023
1509,3024
5222,3025
4622,3026
1454,3027
2046,3028
14631,3029
15058,3030
1982,3031
13062,3032
17217,3033
14208,3034
12522,3035
12948,3036
11919,3037
18173,3038
18966,3039
11315,3040
10309,3041
11126,3042
19147,3043
16459,3044
19708,3045
13920,3046
4101,3047
16397,3048
15809,3049
4587,3050
1500,3051
7669,3052
18270,3053
8338,3054
10275,3055
3899,3056
10319,3057
14295,3058
16218,3059
10158,3060
10582,3061
2888,3062
1452,3063
3291,3064
2429,3065
14942,3066
11071,3067
11675,3068
10846,3069
10181,3070
13517,3071
14593,3072
18314,3073
19605,3074
4609,3075
6005,3076
11742,3077
5432,3078
11138,3079
18530,3080
18919,3081
13174,3082
2917,3083
7076,3084
8355,3085
8373,3086
8376,3087
8390,3088
14691,3089
18237,3090
811,3091
8402,3092
8422,3093
3312,3094
7552,3095
14303,3096
14713,3097
10829,3098
1966,3099
15877,3100
18466,3101
8429,3102
4092,3103
16982,3104
2697,3105
8461,3106
8474,3107
8490,3108
8500,3109
851,3110
20064,3111
3669,3112
852,3113
8533,3114
5153,3115
17237,3116
19641,3117
14764,3118
17912,3119
855,3120
8551,3121
8552,3122
8565,3123
8581,3124
7180,3125
4759,3126
16468,3127
8587,3128
16193,3129
19202,3130
10556,3131
8589,3132
2568,3133
5468,3134
15926,3135
3805,3136
5609,3137
8655,3138
8660,3139
18982,3140
15537,3141
19151,3142
15822,3143
17751,3144
15553,3145
2553,3146
14360,3147
4337,3148
11670,3149
1658,3150
1022,3151
20340,3152
2218,3153
8570,3154
8687,3155
873,3156
790,3157
3860,3158
14583,3159
12067,3160
1840,3161
4384,3162
18011,3163
10605,3164
13546,3165
14319,3166
4405,3167
5905,3168
7574,3169
12785,3170
13692,3171
20123,3172
17841,3173
16012,3174
11982,3175
18326,3176
12583,3177
12161,3178
88,3179
8801,3180
431,3181
119,3182
8805,3183
463,3184
147,3185
8808,3186
607,3187
275,3188
8812,3189
19145,3190
13737,3191
17112,3192
8814,3193
18417,3194
11247,3195
7959,3196
6030,3197
2951,3198
3555,3199
8815,3200
15005,3201
16640,3202
3611,3203
17228,3204
19549,3205
19587,3206
4250,3207
6422,3208
12053,3209
6659,3210
16442,3211
713,3212
6154,3213
7672,3214
8819,3215
11905,3216
12093,3217
16035,3218
4429,3219
5068,3220
10193,3221
12505,3222
13657,3223
13950,3224
2613,3225
16101,3226
2585,3227
3221,3228
486,3229
170,3230
593,3231
262,3232
636,3233
302,3234
7785,3235
8144,3236
13350,3237
12129,3238
439,3239
126,3240
8826,3241
5571,3242
8780,3243
8119,3244
8830,3245
11084,3246
11467,3247
10819,3248
13159,3249
12084,3250
13387,3251
13789,3252
14858,3253
14286,3254
16558,3255
10526,3256
16687,3257
14181,3258
18482,3259
8832,3260
15246,3261
13754,3262
8837,3263
12763,3264
19064,3265
19561,3266
18528,3267
4134,3268
8838,3269
14829,3270
12486,3271
16019,3272
18164,3273
8844,3274
14526,3275
12662,3276
714,3277
12816,3278
17890,3279
13086,3280
15351,3281
10569,3282
16589,3283
17128,3284
18917,3285
2416,3286
16272,3287
1773,3288
18018,3289
10069,3290
2842,3291
4550,3292
1836,3293
5481,3294
11488,3295
13320,3296
13898,3297
10783,3298
17351,3299
3037,3300
5762,3301
6073,3302
12691,3303
15099,3304
4299,3305
4988,3306
6380,3307
10621,3308
6391,3309
7711,3310
8599,3311
8845,3312
14535,3313
11831,3314
14865,3315
3655,3316
15205,3317
8477,3318
1432,3319
1379,3320
16780,3321
15471,3322
4127,3323
8851,3324
11836,3325
12393,3326
15847,3327
16710,3328
10448,3329
17134,3330
11391,3331
12116,3332
11509,3333
17285,3334
4158,3335
4268,3336
12745,3337
12137,3338
4760,3339
5991,3340
7281,3341
3501,3342
5148,3343
8854,3344
10359,3345
6099,3346
12596,3347
19225,3348
19820,3349
10844,3350
6281,3351
16083,3352
18779,3353
15048,3354
5645,3355
18670,3356
3973,3357
4781,3358
812,3359
15625,3360
19162,3361
16884,3362
8025,3363
13180,3364
3389,3365
8858,3366
20274,3367
6887,3368
352,3369
46,3370
6939,3371
19619,3372
5029,3373
605,3374
273,3375
756,3376
17842,3377
4641,3378
8859,3379
13386,3380
15559,3381
2075,3382
2659,3383
16522,3384
13640,3385
19110,3386
3401,3387
4263,3388
8280,3389
8230,3390
17501,3391
13848,3392
18558,3393
15166,3394
20319,3395
20096,3396
19724,3397
14752,3398
10549,3399
15342,3400
15565,3401
13343,3402
6714,3403
6634,3404
8860,3405
16343,3406
2854,3407
5175,3408
6762,3409
1494,3410
4642,3411
7919,3412
8861,3413
11046,3414
14837,3415
4538,3416
3297,3417
11611,3418
15121,3419
15156,3420
20297,3421
10421,3422
11545,3423
17809,3424
5994,3425
8863,3426
13076,3427
16695,3428
18125,3429
8864,3430
2489,3431
7500,3432
8868,3433
1380,3434
12494,3435
15451,3436
15992,3437
11284,3438
16579,3439
16727,3440
18754,3441
1441,3442
1956,3443
4813,3444
16138,3445
14113,3446
5077,3447
679,3448
336,3449
8344,3450
19189,3451
1996,3452
7370,3453
2741,3454
18625,3455
3988,3456
4436,3457
5183,3458
630,3459
296,3460
6749,3461
12300,3462
7107,3463
8051,3464
3502,3465
10377,3466
15187,3467
8870,3468
1778,3469
10305,3470
1140,3471
17058,3472
18681,3473
18751,3474
16216,3475
6651,3476
7084,3477
18773,3478
8816,3479
10905,3480
15056,3481
1344,3482
19833,3483
1422,3484
4296,3485
11521,3486
12421,3487
16853,3488
10036,3489
5379,3490
5555,3491
15090,3492
18264,3493
4955,3494
5205,3495
5495,3496
7762,3497
18700,3498
8188,3499
17564,3500
18573,3501
3711,3502
14980,3503
5895,3504
6778,3505
6902,3506
17645,3507
8871,3508
10038,3509
19124,3510
6508,3511
14466,3512
2618,3513
14600,3514
7362,3515
17906,3516
8872,3517
13694,3518
13651,3519
12076,3520
14168,3521
16563,3522
17776,3523
14979,3524
11492,3525
12685,3526
12705,3527
10402,3528
13924,3529
15197,3530
17345,3531
19525,3532
2408,3533
13896,3534
13235,3535
16857,3536
18802,3537
2325,3538
3045,3539
3949,3540
1827,3541
5491,3542
11469,3543
10119,3544
1481,3545
15104,3546
17935,3547
4644,3548
5768,3549
10566,3550
6112,3551
6237,3552
6242,3553
6719,3554
10286,3555
2737,3556
4312,3557
6764,3558
7637,3559
4765,3560
7393,3561
7649,3562
1694,3563
4906,3564
7742,3565
8298,3566
11504,3567
6122,3568
8574,3569
8591,3570
871,3571
8873,3572
13641,3573
13951,3574
18596,3575
2008,3576
14302,3577
1609,3578
8874,3579
18022,3580
10725,3581
1935,3582
8877,3583
7066,3584
7873,3585
14231,3586
8880,3587
14055,3588
12054,3589
2400,3590
4452,3591
14558,3592
19787,3593
7263,3594
1077,3595
8193,3596
17947,3597
10517,3598
2179,3599
8882,3600
20317,3601
4695,3602
8884,3603
16109,3604
14174,3605
12462,3606
14756,3607
17290,3608
1081,3609
12967,3610
11838,3611
17728,3612
18915,3613
13116,3614
19049,3615
19098,3616
19655,3617
8885,3618
13294,3619
3207,3620
8798,3621
8887,3622
11302,3623
1676,3624
17557,3625
8888,3626
10633,3627
10525,3628
17496,3629
889,3630
8890,3631
8899,3632
8150,3633
12014,3634
13049,3635
16875,3636
89,3637
8901,3638
15614,3639
18209,3640
809,3641
17965,3642
10464,3643
19193,3644
2637,3645
10318,3646
2060,3647
5066,3648
2950,3649
5526,3650
10315,3651
5568,3652
4967,3653
13955,3654
15436,3655
8909,3656
7551,3657
14842,3658
10126,3659
12389,3660
15529,3661
16454,3662
17042,3663
20157,3664
13190,3665
8910,3666
3863,3667
18400,3668
2330,3669
6363,3670
5103,3671
4833,3672
1862,3673
10055,3674
19125,3675
11694,3676
8503,3677
8930,3678
3889,3679
11861,3680
14049,3681
4126,3682
8932,3683
16800,3684
14300,3685
11314,3686
11494,3687
16321,3688
8933,3689
8936,3690
5682,3691
5810,3692
17391,3693
3243,3694
14067,3695
20308,3696
11143,3697
16716,3698
19722,3699
11125,3700
17894,3701
19966,3702
4515,3703
5665,3704
13711,3705
11122,3706
11234,3707
17306,3708
11726,3709
13630,3710
1459,3711
14709,3712
19387,3713
17413,3714
4959,3715
8979,3716
8984,3717
8322,3718
899,3719
8992,3720
2134,3721
6673,3722
8999,3723
5111,3724
6272,3725
13930,3726
12070,3727
15092,3728
17273,3729
13969,3730
14101,3731
16580,3732
11873,3733
19844,3734
20289,3735
19544,3736
1769,3737
16254,3738
14424,3739
19661,3740
13552,3741
13599,3742
1756,3743
11474,3744
20349,3745
2322,3746
17389,3747
3603,3748
6118,3749
2143,3750
5320,3751
6699,3752
1470,3753
2444,3754
6950,3755
1043,3756
12435,3757
7970,3758
14500,3759
8168,3760
5429,3761
1566,3762
4437,3763
423,3764
111,3765
8155,3766
11087,3767
15016,3768
20294,3769
20129,3770
4510,3771
2604,3772
13667,3773
18857,3774
8549,3775
9,3776
434,3777
5584,3778
10791,3779
10122,3780
8691,3781
8588,3782
4323,3783
2450,3784
9002,3785
18587,3786
8189,3787
12191,3788
17254,3789
11822,3790
9020,3791
5127,3792
2653,3793
15018,3794
16326,3795
20304,3796
11146,3797
14241,3798
11750,3799
15385,3800
9031,3801
8935,3802
15033,3803
2281,3804
9032,3805
6324,3806
5638,3807
14729,3808
16352,3809
6793,3810
16950,3811
7431,3812
12412,3813
18061,3814
20217,3815
13072,3816
20134,3817
12438,3818
13003,3819
13233,3820
18376,3821
7305,3822
14543,3823
15135,3824
15057,3825
710,3826
16073,3827
20258,3828
12136,3829
12744,3830
2298,3831
11443,3832
1339,3833
13126,3834
13099,3835
4742,3836
8703,3837
8281,3838
15420,3839
19672,3840
9039,3841
9043,3842
9054,3843
7101,3844
15648,3845
6912,3846
11623,3847
15731,3848
17219,3849
8276,3850
775,3851
10465,3852
15433,3853
9060,3854
9072,3855
7115,3856
9085,3857
9096,3858
9098,3859
9099,3860
9107,3861
9108,3862
17995,3863
8196,3864
15707,3865
15034,3866
13239,3867
15219,3868
3017,3869
4295,3870
6696,3871
7170,3872
7356,3873
5556,3874
8648,3875
16719,3876
7235,3877
17309,3878
9109,3879
9128,3880
14485,3881
10228,3882
15480,3883
9154,3884
11434,3885
3236,3886
15591,3887
13208,3888
19954,3889
7625,3890
3299,3891
11105,3892
13280,3893
3102,3894
5669,3895
11973,3896
10142,3897
1337,3898
11369,3899
425,3900
113,3901
5838,3902
12681,3903
9156,3904
5119,3905
8865,3906
4003,3907
4293,3908
19104,3909
9179,3910
15986,3911
12619,3912
16090,3913
17131,3914
18295,3915
1151,3916
19552,3917
6703,3918
6821,3919
9180,3920
9198,3921
14728,3922
15318,3923
9199,3924
12313,3925
12921,3926
19167,3927
699,3928
2646,3929
3025,3930
3455,3931
4435,3932
663,3933
323,3934
6987,3935
4494,3936
19036,3937
4663,3938
7884,3939
12449,3940
16889,3941
17194,3942
11248,3943
18964,3944
8761,3945
9202,3946
9205,3947
19347,3948
9103,3949
1453,3950
5099,3951
18204,3952
10859,3953
1419,3954
6523,3955
8523,3956
13056,3957
18298,3958
18361,3959
19023,3960
9112,3961
19662,3962
12990,3963
18433,3964
11169,3965
18374,3966
8544,3967
9204,3968
12249,3969
11644,3970
9206,3971
9209,3972
12804,3973
9214,3974
16921,3975
17507,3976
18582,3977
4454,3978
15595,3979
1253,3980
3163,3981
11974,3982
7748,3983
7117,3984
9220,3985
9223,3986
4243,3987
9224,3988
9230,3989
15692,3990
17449,3991
6760,3992
9232,3993
9237,3994
3725,3995
1879,3996
17873,3997
16562,3998
13747,3999
7006,4000
3097,4001
6741,4002
1497,4003
9243,4004
5461,4005
10449,4006
8451,4007
13277,4008
1997,4009
2050,4010
3118,4011
3970,4012
19779,4013
6910,4014
16653,4015
17334,4016
2764,4017
7632,4018
8525,4019
9185,4020
14150,4021
17921,4022
5034,4023
361,4024
53,4025
7133,4026
9246,4027
10310,4028
12092,4029
12208,4030
18602,4031
10108,4032
19829,4033
3044,4034
6820,4035
7638,4036
19417,4037
4314,4038
9247,4039
7676,4040
19895,4041
9249,4042
1245,4043
1881,4044
12277,4045
17871,4046
5334,4047
17283,4048
11753,4049
13113,4050
6605,4051
2304,4052
12508,4053
11149,4054
13132,4055
11120,4056
11933,4057
20090,4058
14909,4059
10509,4060
2938,4061
9229,4062
11501,4063
19230,4064
9255,4065
8785,4066
10787,4067
8054,4068
3066,4069
10137,4070
375,4071
65,4072
9257,4073
10138,4074
584,4075
254,4076
9259,4077
1107,4078
3475,4079
5281,4080
12039,4081
7525,4082
9268,4083
13035,4084
20130,4085
12428,4086
11800,4087
15367,4088
18514,4089
19117,4090
11727,4091
11879,4092
11123,4093
13074,4094
12370,4095
14191,4096
19702,4097
20302,4098
16561,4099
17235,4100
19514,4101
11230,4102
16021,4103
20110,4104
4829,4105
5430,4106
18331,4107
16688,4108
5590,4109
8125,4110
8786,4111
5002,4112
5602,4113
8769,4114
5615,4115
4498,4116
1172,4117
10720,4118
8701,4119
14982,4120
8724,4121
7312,4122
9270,4123
4801,4124
9273,4125
4845,4126
1070,4127
928,4128
9283,4129
14824,4130
11768,4131
11225,4132
18377,4133
11978,4134
18980,4135
11374,4136
15174,4137
9284,4138
3948,4139
8038,4140
5618,4141
2632,4142
5741,4143
15598,4144
3813,4145
763,4146
3776,4147
19745,4148
4074,4149
3470,4150
11471,4151
1924,4152
7369,4153
1209,4154
16784,4155
689,4156
14637,4157
17659,4158
3357,4159
5505,4160
5005,4161
5605,4162
6254,4163
2619,4164
15605,4165
5581,4166
7752,4167
8639,4168
6686,4169
6426,4170
14548,4171
13305,4172
9285,4173
14899,4174
8514,4175
6043,4176
9286,4177
7366,4178
6745,4179
11843,4180
13601,4181
20311,4182
9292,4183
13234,4184
3051,4185
10045,4186
11404,4187
15204,4188
17018,4189
17084,4190
17542,4191
4040,4192
4766,4193
6037,4194
6662,4195
7162,4196
7902,4197
8540,4198
7846,4199
8567,4200
9217,4201
9294,4202
10772,4203
18004,4204
8124,4205
6873,4206
6248,4207
4416,4208
8213,4209
9298,4210
9301,4211
10295,4212
11027,4213
3002,4214
15760,4215
15964,4216
12575,4217
11586,4218
10980,4219
19854,4220
3385,4221
4438,4222
397,4223
6354,4224
1402,4225
19057,4226
11168,4227
15362,4228
13201,4229
16128,4230
13555,4231
13157,4232
14153,4233
12552,4234
2971,4235
7033,4236
6401,4237
7736,4238
85,4239
8505,4240
1599,4241
9307,4242
11260,4243
14784,4244
7908,4245
18202,4246
9309,4247
1247,4248
2449,4249
9313,4250
5524,4251
16098,4252
5533,4253
9310,4254
8800,4255
466,4256
150,4257
9315,4258
7390,4259
13812,4260
9319,4261
2452,4262
13956,4263
1633,4264
9321,4265
12854,4266
15277,4267
15868,4268
9322,4269
9277,4270
3210,4271
467,4272
151,4273
9325,4274
3834,4275
399,4276
87,4277
9330,4278
9201,4279
14931,4280
9336,4281
9340,4282
2443,4283
1802,4284
12012,4285
11408,4286
14043,4287
13274,4288
13281,4289
1374,4290
6653,4291
17954,4292
579,4293
249,4294
8184,4295
13052,4296
13844,4297
11310,4298
10810,4299
11784,4300
10105,4301
1952,4302
362,4303
484,4304
168,4305
54,4306
8813,4307
11920,4308
1954,4309
18856,4310
10889,4311
349,4312
43,4313
6889,4314
2948,4315
4910,4316
14894,4317
17126,4318
18716,4319
13172,4320
19291,4321
3466,4322
4045,4323
7944,4324
9018,4325
9345,4326
1262,4327
17367,4328
476,4329
160,4330
9347,4331
9354,4332
1155,4333
3071,4334
4915,4335
10106,4336
10777,4337
8777,4338
8796,4339
3666,4340
12152,4341
17360,4342
10773,4343
12233,4344
12800,4345
11380,4346
15767,4347
2221,4348
12328,4349
17316,4350
12306,4351
13963,4352
16391,4353
18027,4354
18217,4355
18627,4356
18870,4357
2754,4358
3478,4359
3661,4360
4267,4361
10366,4362
4420,4363
492,4364
176,4365
6608,4366
15066,4367
1381,4368
10345,4369
18723,4370
5423,4371
12400,4372
18424,4373
11794,4374
13129,4375
16541,4376
11244,4377
16601,4378
14246,4379
17190,4380
17223,4381
16027,4382
13647,4383
16605,4384
20236,4385
14201,4386
17886,4387
12351,4388
19116,4389
14156,4390
11825,4391
13608,4392
1483,4393
15406,4394
14205,4395
14513,4396
12914,4397
16759,4398
14140,4399
18487,4400
19523,4401
16692,4402
18924,4403
19219,4404
10062,4405
2873,4406
2238,4407
3753,4408
4082,4409
4357,4410
5117,4411
5145,4412
19925,4413
5245,4414
6732,4415
12926,4416
19848,4417
19253,4418
2052,4419
19156,4420
18091,4421
7295,4422
7439,4423
18675,4424
5817,4425
7923,4426
7722,4427
7093,4428
829,4429
15825,4430
834,4431
16936,4432
8673,4433
4671,4434
13499,4435
911,4436
1548,4437
9165,4438
15557,4439
9308,4440
20013,4441
18118,4442
2214,4443
3301,4444
9356,4445
9358,4446
4951,4447
5551,4448
4931,4449
18408,4450
7423,4451
3094,4452
10133,4453
391,4454
79,4455
9360,4456
9363,4457
6077,4458
3822,4459
3154,4460
1914,4461
14425,4462
3677,4463
668,4464
328,4465
9361,4466
5016,4467
1934,4468
11401,4469
13214,4470
8140,4471
376,4472
66,4473
9368,4474
6858,4475
6233,4476
2486,4477
1299,4478
6310,4479
6725,4480
7409,4481
10665,4482
7976,4483
11999,4484
9370,4485
3100,4486
6784,4487
3107,4488
8040,4489
938,4490
2840,4491
9383,4492
11834,4493
18425,4494
4736,4495
10822,4496
18559,4497
13124,4498
1953,4499
350,4500
44,4501
9384,4502
9385,4503
1856,4504
6201,4505
10729,4506
5577,4507
4977,4508
13381,4509
11577,4510
13633,4511
14589,4512
2719,4513
1408,4514
5534,4515
10645,4516
19429,4517
11993,4518
7183,4519
9386,4520
9388,4521
10628,4522
10807,4523
565,4524
237,4525
9390,4526
17857,4527
5415,4528
19118,4529
14747,4530
18293,4531
3638,4532
5449,4533
3553,4534
9391,4535
15002,4536
10703,4537
4386,4538
3782,4539
9393,4540
3946,4541
7414,4542
7505,4543
6290,4544
3338,4545
6841,4546
3816,4547
9394,4548
9266,4549
12521,4550
15680,4551
15843,4552
16543,4553
3362,4554
19143,4555
5165,4556
14298,4557
14988,4558
15353,4559
1546,4560
16289,4561
19845,4562
15180,4563
13398,4564
19892,4565
20265,4566
6698,4567
13921,4568
16277,4569
4752,4570
4879,4571
5477,4572
5748,4573
11528,4574
7642,4575
820,4576
1850,4577
827,4578
3732,4579
4186,4580
8299,4581
5357,4582
8625,4583
8665,4584
9377,4585
9396,4586
16714,4587
9397,4588
10504,4589
13664,4590
17180,4591
15411,4592
17766,4593
14230,4594
18378,4595
11330,4596
18981,4597
13142,4598
8773,4599
5000,4600
10132,4601
493,4602
177,4603
9399,4604
7450,4605
2469,4606
12539,4607
14422,4608
5983,4609
12526,4610
5406,4611
16099,4612
17744,4613
12515,4614
19508,4615
20104,4616
7474,4617
8620,4618
9281,4619
1480,4620
10606,4621
10733,4622
10064,4623
5553,4624
4953,4625
10771,4626
1283,4627
15948,4628
5017,4629
3119,4630
1206,4631
5087,4632
10598,4633
15571,4634
2336,4635
16532,4636
10785,4637
14491,4638
17433,4639
3206,4640
14385,4641
7385,4642
8014,4643
6160,4644
1936,4645
4464,4646
12622,4647
3352,4648
6144,4649
8022,4650
6187,4651
2425,4652
13809,4653
3740,4654
7411,4655
4425,4656
415,4657
103,4658
8097,4659
3172,4660
7015,4661
6766,4662
7388,4663
3694,4664
7496,4665
8779,4666
8787,4667
14429,4668
6271,4669
1169,4670
8896,4671
416,4672
104,4673
9392,4674
8729,4675
12628,4676
12005,4677
7448,4678
8078,4679
3731,4680
4336,4681
18273,4682
19795,4683
7482,4684
1171,4685
7395,4686
9407,4687
9409,4688
4933,4689
3793,4690
13237,4691
1925,4692
1872,4693
9413,4694
10080,4695
6691,4696
9414,4697
14058,4698
18611,4699
7232,4700
8707,4701
13536,4702
9418,4703
1301,4704
444,4705
131,4706
9421,4707
10083,4708
3773,4709
9430,4710
6039,4711
1617,4712
9432,4713
9093,4714
9441,4715
9442,4716
7488,4717
8118,4718
5007,4719
10459,4720
15908,4721
1619,4722
17574,4723
18250,4724
20033,4725
20347,4726
10039,4727
12077,4728
10741,4729
12703,4730
10639,4731
10134,4732
14582,4733
15683,4734
1613,4735
17657,4736
1844,4737
19257,4738
2464,4739
12146,4740
16270,4741
2576,4742
10687,4743
2925,4744
4603,4745
5186,4746
17430,4747
548,4748
224,4749
5536,4750
1561,4751
5819,4752
5916,4753
5152,4754
2500,4755
4363,4756
10677,4757
601,4758
270,4759
6369,4760
3699,4761
1939,4762
577,4763
248,4764
6730,4765
4421,4766
3808,4767
4412,4768
19926,4769
613,4770
281,4771
6879,4772
1350,4773
6734,4774
7010,4775
7082,4776
7635,4777
1819,4778
1770,4779
2442,4780
15021,4781
2600,4782
4986,4783
5586,4784
10747,4785
7650,4786
15580,4787
10803,4788
537,4789
215,4790
8098,4791
7468,4792
2503,4793
1264,4794
1900,4795
8084,4796
12020,4797
5971,4798
828,4799
6783,4800
3212,4801
4968,4802
10662,4803
1023,4804
568,4805
240,4806
8302,4807
1242,4808
10742,4809
8604,4810
7504,4811
14436,4812
7472,4813
18546,4814
3759,4815
10051,4816
8608,4817
17938,4818
1631,4819
5162,4820
8677,4821
6761,4822
15157,4823
10289,4824
5521,4825
7402,4826
10757,4827
3208,4828
3902,4829
4919,4830
1792,4831
16774,4832
4954,4833
2467,4834
6157,4835
8709,4836
3818,4837
10121,4838
18550,4839
18041,4840
17416,4841
589,4842
259,4843
8720,4844
10715,4845
5801,4846
8748,4847
3098,4848
1230,4849
1866,4850
4330,4851
14039,4852
8766,4853
9332,4854
9376,4855
1812,4856
12030,4857
533,4858
211,4859
545,4860
221,4861
551,4862
225,4863
566,4864
238,4865
575,4866
246,4867
612,4868
280,4869
651,4870
317,4871
657,4872
321,4873
669,4874
329,4875
9428,4876
8765,4877
1275,4878
5616,4879
19760,4880
8053,4881
13229,4882
6141,4883
10707,4884
6189,4885
16771,4886
16183,4887
12602,4888
15793,4889
9429,4890
3707,4891
5020,4892
3850,4893
7470,4894
9425,4895
10679,4896
15008,4897
15597,4898
3077,4899
4947,4900
4343,4901
3586,4902
9443,4903
10111,4904
9401,4905
5554,4906
10774,4907
18551,4908
517,4909
197,4910
9449,4911
12276,4912
1825,4913
4958,4914
8708,4915
1938,4916
404,4917
92,4918
9451,4919
3684,4920
16484,4921
19412,4922
8693,4923
11696,4924
11092,4925
4683,4926
6973,4927
5075,4928
2556,4929
15907,4930
1919,4931
2415,4932
10071,4933
3374,4934
3961,4935
3688,4936
4291,4937
3566,4938
16753,4939
6535,4940
13171,4941
6967,4942
3258,4943
14622,4944
19832,4945
7184,4946
8479,4947
8584,4948
13514,4949
2518,4950
2110,4951
5501,4952
5806,4953
7943,4954
16192,4955
15214,4956
1774,4957
2290,4958
4873,4959
5475,4960
18684,4961
819,4962
10099,4963
9100,4964
10454,4965
9456,4966
1518,4967
10440,4968
13421,4969
14037,4970
5935,4971
7940,4972
17452,4973
13408,4974
2264,4975
9457,4976
1930,4977
2567,4978
1899,4979
1263,4980
3815,4981
10712,4982
13794,4983
12927,4984
2627,4985
4682,4986
2742,4987
8042,4988
10683,4989
6167,4990
8629,4991
1303,4992
10730,4993
1755,4994
14078,4995
628,4996
295,4997
839,4998
15004,4999
4374,5000
7456,5001
16197,5002
6265,5003
8662,5004
1296,5005
10796,5006
9427,5007
16775,5008
8008,5009
6133,5010
15572,5011
9004,5012
9458,5013
7983,5014
1807,5015
8799,5016
8846,5017
4937,5018
1823,5019
6781,5020
6243,5021
6868,5022
4981,5023
10583,5024
1754,5025
19378,5026
9463,5027
1373,5028
10719,5029
10050,5030
3700,5031
4327,5032
8695,5033
10690,5034
10625,5035
8635,5036
12627,5037
9365,5038
9464,5039
417,5040
105,5041
9465,5042
452,5043
137,5044
9466,5045
471,5046
155,5047
7498,5048
6871,5049
19231,5050
13300,5051
6854,5052
5585,5053
9469,5054
382,5055
71,5056
9470,5057
599,5058
268,5059
9472,5060
374,5061
64,5062
9473,5063
570,5064
241,5065
8448,5066
9111,5067
4740,5068
9474,5069
17773,5070
11819,5071
17187,5072
11387,5073
20193,5074
11991,5075
10321,5076
557,5077
229,5078
9477,5079
13618,5080
19948,5081
9479,5082
13218,5083
19166,5084
10169,5085
10635,5086
18170,5087
14483,5088
1417,5089
11294,5090
12598,5091
1464,5092
1193,5093
3825,5094
4630,5095
5383,5096
12051,5097
5627,5098
441,5099
128,5100
608,5101
276,5102
6088,5103
13202,5104
17497,5105
8174,5106
13106,5107
10881,5108
11997,5109
13916,5110
16366,5111
17689,5112
20041,5113
2894,5114
6096,5115
7850,5116
8727,5117
8411,5118
7758,5119
5873,5120
15073,5121
6313,5122
5173,5123
7620,5124
6937,5125
14283,5126
3421,5127
5384,5128
4783,5129
5412,5130
14932,5131
10436,5132
11567,5133
12113,5134
12874,5135
13480,5136
1511,5137
17096,5138
17634,5139
6056,5140
10890,5141
8374,5142
9036,5143
11518,5144
9481,5145
4877,5146
5253,5147
9484,5148
10419,5149
11447,5150
19031,5151
1979,5152
13436,5153
18439,5154
18930,5155
17234,5156
14199,5157
15387,5158
1106,5159
9485,5160
14867,5161
8352,5162
2071,5163
2654,5164
17106,5165
7864,5166
17801,5167
9488,5168
1781,5169
4888,5170
15464,5171
12365,5172
1474,5173
1153,5174
4047,5175
5154,5176
10004,5177
5940,5178
6806,5179
13908,5180
14498,5181
10081,5182
17432,5183
3153,5184
6195,5185
7008,5186
1814,5187
7653,5188
17936,5189
3460,5190
9489,5191
15015,5192
11913,5193
17132,5194
1762,5195
4568,5196
9153,5197
9197,5198
12731,5199
13415,5200
14048,5201
1579,5202
17641,5203
19451,5204
2123,5205
3405,5206
4014,5207
4131,5208
5901,5209
9494,5210
20284,5211
16080,5212
5808,5213
10276,5214
3295,5215
18859,5216
9374,5217
10546,5218
9495,5219
11000,5220
9498,5221
10680,5222
10862,5223
1583,5224
2268,5225
2837,5226
3368,5227
5177,5228
8258,5229
17378,5230
7814,5231
9161,5232
6331,5233
10146,5234
1173,5235
1886,5236
2524,5237
7309,5238
13937,5239
14530,5240
8253,5241
7561,5242
18449,5243
17852,5244
18866,5245
788,5246
1366,5247
14835,5248
13109,5249
15967,5250
11398,5251
16968,5252
18955,5253
19529,5254
13798,5255
20166,5256
10576,5257
6084,5258
9364,5259
9454,5260
12797,5261
14121,5262
7428,5263
7000,5264
18242,5265
8058,5266
3471,5267
17628,5268
9499,5269
3683,5270
6177,5271
16264,5272
19815,5273
10059,5274
3953,5275
3960,5276
4980,5277
5580,5278
10886,5279
1125,5280
15456,5281
19203,5282
6379,5283
10745,5284
5572,5285
19011,5286
12367,5287
17719,5288
12551,5289
19597,5290
19123,5291
3344,5292
10484,5293
3703,5294
15748,5295
13397,5296
15179,5297
15072,5298
17092,5299
4502,5300
12485,5301
20147,5302
12546,5303
7002,5304
10022,5305
7042,5306
19767,5307
7265,5308
8056,5309
11468,5310
10129,5311
14502,5312
14505,5313
1463,5314
1252,5315
15108,5316
15667,5317
15678,5318
10060,5319
1176,5320
17422,5321
1280,5322
1888,5323
11480,5324
1479,5325
11598,5326
10481,5327
16437,5328
16835,5329
10490,5330
15568,5331
17546,5332
18243,5333
18844,5334
19252,5335
2097,5336
3057,5337
15226,5338
16441,5339
3744,5340
1134,5341
4552,5342
6386,5343
1798,5344
10686,5345
14417,5346
13822,5347
12690,5348
14499,5349
1250,5350
15688,5351
14391,5352
18002,5353
10112,5354
4551,5355
12624,5356
6387,5357
3090,5358
3178,5359
7126,5360
7777,5361
6466,5362
7843,5363
11664,5364
12270,5365
7874,5366
7993,5367
13221,5368
14342,5369
1039,5370
18261,5371
8029,5372
6147,5373
18019,5374
11929,5375
13331,5376
14610,5377
18768,5378
8044,5379
3074,5380
14816,5381
11137,5382
11947,5383
14193,5384
17161,5385
18008,5386
10915,5387
16312,5388
18806,5389
19122,5390
20190,5391
3544,5392
7034,5393
7264,5394
7315,5395
10891,5396
13412,5397
17594,5398
5832,5399
18785,5400
19384,5401
6420,5402
7057,5403
7686,5404
15071,5405
8072,5406
16778,5407
11300,5408
14158,5409
10518,5410
18021,5411
10495,5412
19839,5413
4205,5414
12538,5415
4782,5416
7329,5417
18003,5418
1010,5419
13790,5420
17540,5421
19814,5422
11625,5423
18254,5424
4596,5425
5831,5426
8083,5427
7453,5428
17266,5429
12962,5430
11358,5431
14754,5432
11385,5433
20151,5434
19737,5435
2983,5436
11367,5437
6610,5438
19742,5439
8088,5440
7458,5441
11903,5442
17737,5443
4261,5444
6020,5445
8093,5446
6214,5447
3938,5448
12547,5449
14014,5450
15163,5451
18841,5452
3584,5453
4107,5454
6228,5455
18006,5456
12251,5457
13972,5458
15744,5459
16450,5460
6561,5461
7949,5462
10971,5463
12882,5464
17038,5465
11069,5466
12887,5467
8107,5468
8173,5469
15832,5470
19080,5471
8312,5472
8430,5473
2865,5474
3926,5475
8435,5476
11058,5477
15265,5478
8438,5479
7802,5480
7171,5481
15659,5482
8456,5483
7793,5484
14459,5485
846,5486
8499,5487
1522,5488
8755,5489
6462,5490
20018,5491
8764,5492
3716,5493
10293,5494
13227,5495
17805,5496
11764,5497
11802,5498
11971,5499
13572,5500
15524,5501
17130,5502
17772,5503
11379,5504
20342,5505
2117,5506
20050,5507
3036,5508
7284,5509
7806,5510
13431,5511
14028,5512
16814,5513
716,5514
11316,5515
10052,5516
11729,5517
11989,5518
1248,5519
12873,5520
15020,5521
14428,5522
1858,5523
1882,5524
7486,5525
6828,5526
13835,5527
475,5528
159,5529
5026,5530
3803,5531
500,5532
183,5533
8122,5534
8683,5535
2509,5536
4998,5537
5598,5538
8770,5539
8966,5540
9059,5541
8396,5542
9176,5543
13730,5544
9192,5545
9267,5546
8606,5547
11482,5548
14002,5549
17681,5550
19800,5551
20046,5552
15320,5553
2722,5554
10044,5555
4019,5556
5996,5557
20139,5558
6644,5559
7319,5560
18851,5561
11683,5562
11079,5563
19914,5564
2173,5565
1543,5566
8105,5567
19804,5568
2536,5569
10688,5570
2303,5571
9269,5572
3104,5573
1192,5574
13165,5575
17062,5576
2244,5577
7771,5578
9271,5579
12767,5580
14024,5581
18745,5582
16973,5583
19327,5584
19344,5585
3507,5586
2903,5587
9291,5588
5142,5589
11998,5590
2310,5591
2326,5592
7463,5593
10877,5594
12604,5595
1568,5596
16284,5597
17048,5598
17667,5599
17082,5600
19997,5601
2923,5602
19306,5603
19901,5604
2952,5605
4097,5606
3493,5607
6567,5608
10964,5609
11568,5610
7827,5611
8274,5612
7567,5613
15234,5614
19066,5615
5109,5616
7522,5617
16286,5618
18488,5619
2915,5620
4135,5621
8365,5622
9348,5623
939,5624
14730,5625
11712,5626
4512,5627
6287,5628
15256,5629
4230,5630
15363,5631
15504,5632
8462,5633
10856,5634
6317,5635
16110,5636
17729,5637
9106,5638
9406,5639
14494,5640
13414,5641
15668,5642
13217,5643
18604,5644
15569,5645
18144,5646
18763,5647
19969,5648
2115,5649
12194,5650
12898,5651
1545,5652
1607,5653
2540,5654
13351,5655
4090,5656
15153,5657
14562,5658
4687,5659
5497,5660
6589,5661
8318,5662
6414,5663
5788,5664
3911,5665
9053,5666
2955,5667
12925,5668
8926,5669
3885,5670
11689,5671
15804,5672
15069,5673
16297,5674
3900,5675
10779,5676
13373,5677
1587,5678
18050,5679
4057,5680
7220,5681
8381,5682
18111,5683
18711,5684
8463,5685
9114,5686
9028,5687
8366,5688
924,5689
9420,5690
6861,5691
7509,5692
480,5693
164,5694
6256,5695
394,5696
82,5697
9426,5698
10093,5699
5307,5700
9434,5701
9440,5702
4404,5703
1200,5704
3103,5705
2468,5706
8753,5707
9416,5708
10610,5709
18552,5710
3807,5711
3084,5712
16173,5713
464,5714
148,5715
9501,5716
16984,5717
2428,5718
5454,5719
9503,5720
8617,5721
15563,5722
8988,5723
3981,5724
9504,5725
11886,5726
1083,5727
11859,5728
17129,5729
17733,5730
17941,5731
18961,5732
3667,5733
6785,5734
7383,5735
9071,5736
9509,5737
12016,5738
19270,5739
3925,5740
7311,5741
9514,5742
16660,5743
11777,5744
11243,5745
18910,5746
18441,5747
17736,5748
19497,5749
20269,5750
19562,5751
2370,5752
11172,5753
12338,5754
12454,5755
14166,5756
14252,5757
16630,5758
17165,5759
11848,5760
19560,5761
3635,5762
5443,5763
6611,5764
19658,5765
12992,5766
17210,5767
6641,5768
8582,5769
10535,5770
5834,5771
6460,5772
3303,5773
10147,5774
5046,5775
18200,5776
12055,5777
4889,5778
715,5779
14239,5780
12571,5781
5933,5782
18579,5783
6280,5784
17246,5785
2592,5786
380,5787
69,5788
6906,5789
19275,5790
10841,5791
7257,5792
5636,5793
371,5794
61,5795
8077,5796
17832,5797
14793,5798
8175,5799
16041,5800
3021,5801
6576,5802
8546,5803
4078,5804
4681,5805
2898,5806
9152,5807
16676,5808
9183,5809
12949,5810
18534,5811
14042,5812
15203,5813
9518,5814
4658,5815
9297,5816
11312,5817
12347,5818
7289,5819
18147,5820
9520,5821
13714,5822
16291,5823
6964,5824
1965,5825
10909,5826
13871,5827
10176,5828
13831,5829
11238,5830
17780,5831
11812,5832
19350,5833
10258,5834
2663,5835
19929,5836
8518,5837
16548,5838
13104,5839
15961,5840
16573,5841
2383,5842
3018,5843
1627,5844
8722,5845
15488,5846
11724,5847
16130,5848
7865,5849
10555,5850
9525,5851
12262,5852
8676,5853
6023,5854
9527,5855
20225,5856
7207,5857
9528,5858
4505,5859
19482,5860
16530,5861
11952,5862
17693,5863
20292,5864
10090,5865
16770,5866
18938,5867
19088,5868
3994,5869
5411,5870
14927,5871
5988,5872
15516,5873
3590,5874
4667,5875
16369,5876
7499,5877
2591,5878
424,5879
112,5880
9531,5881
15892,5882
16126,5883
12343,5884
17977,5885
18520,5886
2343,5887
4450,5888
16715,5889
13561,5890
15505,5891
18025,5892
14414,5893
5316,5894
9462,5895
9533,5896
2954,5897
13252,5898
7324,5899
1282,5900
1918,5901
11221,5902
18383,5903
4685,5904
6041,5905
2879,5906
18749,5907
11983,5908
8152,5909
6139,5910
6178,5911
1818,5912
6428,5913
7153,5914
7875,5915
14779,5916
13196,5917
7043,5918
9534,5919
17870,5920
15337,5921
18323,5922
18504,5923
16550,5924
2412,5925
19221,5926
18778,5927
2087,5928
1218,5929
3962,5930
1131,5931
4136,5932
4207,5933
4362,5934
4745,5935
5515,5936
13316,5937
1478,5938
12618,5939
18026,5940
1118,5941
2732,5942
3695,5943
6074,5944
10288,5945
11491,5946
16905,5947
17438,5948
17457,5949
1795,5950
1849,5951
4876,5952
6999,5953
7206,5954
7397,5955
8060,5956
8950,5957
8019,5958
9304,5959
15084,5960
15850,5961
2095,5962
18852,5963
6238,5964
8284,5965
6155,5966
9341,5967
954,5968
9540,5969
10609,5970
14368,5971
875,5972
10265,5973
5680,5974
15567,5975
13166,5976
19358,5977
9542,5978
13965,5979
8666,5980
17301,5981
17596,5982
7075,5983
15564,5984
8545,5985
9544,5986
15830,5987
9546,5988
11860,5989
12154,5990
2583,5991
2725,5992
14213,5993
583,5994
253,5995
8216,5996
17224,5997
1505,5998
1946,5999
530,6000
208,6001
6266,6002
19062,6003
2021,6004
16643,6005
1309,6006
3223,6007
364,6008
56,6009
609,6010
277,6011
6927,6012
16053,6013
6922,6014
15402,6015
18566,6016
17814,6017
2253,6018
10827,6019
3840,6020
11612,6021
10266,6022
17969,6023
13708,6024
14715,6025
16112,6026
5027,6027
598,6028
267,6029
6153,6030
1203,6031
11201,6032
12865,6033
15145,6034
16637,6035
14220,6036
17718,6037
11267,6038
17179,6039
2414,6040
4218,6041
4294,6042
2116,6043
19676,6044
12423,6045
7202,6046
7898,6047
17505,6048
18086,6049
15651,6050
3256,6051
17879,6052
17291,6053
19441,6054
20060,6055
8145,6056
438,6057
125,6058
868,6059
6410,6060
11547,6061
19933,6062
931,6063
1567,6064
9548,6065
19233,6066
4827,6067
19498,6068
16096,6069
15990,6070
16577,6071
4257,6072
7287,6073
4692,6074
9553,6075
15408,6076
18736,6077
19588,6078
11826,6079
18986,6080
20244,6081
15110,6082
13325,6083
18372,6084
19039,6085
18975,6086
4727,6087
15200,6088
13419,6089
4983,6090
5583,6091
10876,6092
1897,6093
5753,6094
10942,6095
6584,6096
8001,6097
2875,6098
8496,6099
9127,6100
8464,6101
13846,6102
12632,6103
11498,6104
3185,6105
12210,6106
11001,6107
15839,6108
17913,6109
2272,6110
4726,6111
4123,6112
4861,6113
5462,6114
12224,6115
11618,6116
9027,6117
9158,6118
16815,6119
946,6120
10554,6121
9556,6122
18154,6123
20273,6124
9559,6125
10283,6126
8030,6127
3216,6128
390,6129
78,6130
9562,6131
12786,6132
15248,6133
2976,6134
9566,6135
10144,6136
5974,6137
9575,6138
5643,6139
11636,6140
13205,6141
16703,6142
9590,6143
3278,6144
15274,6145
3766,6146
1229,6147
15254,6148
6234,6149
6859,6150
6151,6151
8005,6152
7377,6153
6777,6154
9592,6155
4486,6156
16094,6157
15427,6158
11763,6159
12533,6160
16438,6161
848,6162
11331,6163
17705,6164
4414,6165
8487,6166
9593,6167
3886,6168
12746,6169
1915,6170
4044,6171
4129,6172
4732,6173
6170,6174
14991,6175
13783,6176
19876,6177
18081,6178
9594,6179
5678,6180
16662,6181
10299,6182
1093,6183
11575,6184
1465,6185
18364,6186
18911,6187
10681,6188
17441,6189
20288,6190
18342,6191
20143,6192
11280,6193
3958,6194
4826,6195
18944,6196
4830,6197
17887,6198
17721,6199
19107,6200
3360,6201
16262,6202
2108,6203
13905,6204
1460,6205
1891,6206
2515,6207
3739,6208
4281,6209
5274,6210
6816,6211
13295,6212
4545,6213
10709,6214
8476,6215
8612,6216
8789,6217
3059,6218
10594,6219
5303,6220
1635,6221
7064,6222
9233,6223
2390,6224
3420,6225
3990,6226
8470,6227
9339,6228
11366,6229
12238,6230
12845,6231
9349,6232
14963,6233
19299,6234
18701,6235
9602,6236
14441,6237
5349,6238
6768,6239
20057,6240
4558,6241
1164,6242
18248,6243
5373,6244
7809,6245
7851,6246
8289,6247
8016,6248
12185,6249
8354,6250
8473,6251
13258,6252
862,6253
2203,6254
2838,6255
10821,6256
9605,6257
2678,6258
11274,6259
12812,6260
1632,6261
9609,6262
16358,6263
12214,6264
12821,6265
13872,6266
10182,6267
13643,6268
12815,6269
12999,6270
20215,6271
12409,6272
17825,6273
20313,6274
17440,6275
1207,6276
7421,6277
12207,6278
961,6279
9610,6280
14698,6281
3105,6282
2119,6283
10954,6284
12774,6285
11430,6286
9614,6287
17939,6288
9615,6289
10641,6290
16488,6291
9016,6292
14130,6293
9618,6294
20052,6295
8643,6296
9624,6297
12621,6298
9628,6299
10386,6300
17940,6301
15865,6302
5312,6303
7030,6304
18698,6305
19296,6306
18597,6307
7211,6308
17003,6309
903,6310
5954,6311
9633,6312
4303,6313
3681,6314
12082,6315
13828,6316
19639,6317
11789,6318
13156,6319
15997,6320
18324,6321
18973,6322
3660,6323
4807,6324
11934,6325
5407,6326
5744,6327
5992,6328
16136,6329
6019,6330
6174,6331
19810,6332
4372,6333
7291,6334
11602,6335
11476,6336
1113,6337
18882,6338
13152,6339
3599,6340
11326,6341
4187,6342
8287,6343
3724,6344
8300,6345
13811,6346
8304,6347
10595,6348
8634,6349
1665,6350
8248,6351
5064,6352
12457,6353
15534,6354
20164,6355
11942,6356
2789,6357
13261,6358
7526,6359
14540,6360
12647,6361
16069,6362
11782,6363
12545,6364
1075,6365
6895,6366
13683,6367
16463,6368
20133,6369
14916,6370
5160,6371
866,6372
16224,6373
2616,6374
13946,6375
14893,6376
19267,6377
4806,6378
5446,6379
19477,6380
8900,6381
8975,6382
3029,6383
9022,6384
909,6385
15083,6386
14144,6387
14313,6388
1714,6389
12556,6390
964,6391
9651,6392
3921,6393
10205,6394
3241,6395
12761,6396
17244,6397
18920,6398
17830,6399
11751,6400
11964,6401
14796,6402
11361,6403
16492,6404
17081,6405
13890,6406
1418,6407
19620,6408
19970,6409
4532,6410
1394,6411
16102,6412
17379,6413
13069,6414
11150,6415
11252,6416
11754,6417
1591,6418
18359,6419
6198,6420
6823,6421
6371,6422
6782,6423
4383,6424
4984,6425
1801,6426
6765,6427
3062,6428
1145,6429
3675,6430
7434,6431
6811,6432
1008,6433
1028,6434
10341,6435
10904,6436
10487,6437
1019,6438
10959,6439
10975,6440
11031,6441
11076,6442
11269,6443
11516,6444
11622,6445
12229,6446
12836,6447
12901,6448
13371,6449
14084,6450
14527,6451
14584,6452
14599,6453
14642,6454
14697,6455
14763,6456
15134,6457
14542,6458
15258,6459
15295,6460
15307,6461
15814,6462
15873,6463
15876,6464
15993,6465
14851,6466
16005,6467
16367,6468
16420,6469
16592,6470
16736,6471
1695,6472
12850,6473
17027,6474
17150,6475
17479,6476
11096,6477
12915,6478
17486,6479
15727,6480
17509,6481
17517,6482
17565,6483
17656,6484
18097,6485
18192,6486
18221,6487
18231,6488
18263,6489
15775,6490
18774,6491
13994,6492
13395,6493
18790,6494
18795,6495
18863,6496
19082,6497
16564,6498
19295,6499
18697,6500
19300,6501
18642,6502
19242,6503
12036,6504
19309,6505
16916,6506
19314,6507
11576,6508
19401,6509
14602,6510
14009,6511
19542,6512
19657,6513
15379,6514
16602,6515
19843,6516
19893,6517
10371,6518
19897,6519
15762,6520
19917,6521
18124,6522
19994,6523
2158,6524
2181,6525
1034,6526
1670,6527
2209,6528
2230,6529
12260,6530
12868,6531
2597,6532
11585,6533
10855,6534
15479,6535
2762,6536
17473,6537
16888,6538
2876,6539
2912,6540
3382,6541
3583,6542
3658,6543
3984,6544
4005,6545
17384,6546
10148,6547
13110,6548
13582,6549
17056,6550
15051,6551
1336,6552
13384,6553
17060,6554
19065,6555
16596,6556
4060,6557
10849,6558
4086,6559
2217,6560
2852,6561
4093,6562
3489,6563
15080,6564
4112,6565
4264,6566
12795,6567
4586,6568
12293,6569
3559,6570
4590,6571
13251,6572
4595,6573
4706,6574
18238,6575
18839,6576
1443,6577
4480,6578
18183,6579
20267,6580
4721,6581
3416,6582
4018,6583
12656,6584
4758,6585
5309,6586
4710,6587
5336,6588
5340,6589
3534,6590
5390,6591
5719,6592
2022,6593
13703,6594
13568,6595
3486,6596
5335,6597
2225,6598
5822,6599
19263,6600
18664,6601
13292,6602
5929,6603
5953,6604
19446,6605
6016,6606
6035,6607
6321,6608
15786,6609
19703,6610
2717,6611
5096,6612
12609,6613
12459,6614
5498,6615
13173,6616
18214,6617
18815,6618
6355,6619
16213,6620
15201,6621
19183,6622
19674,6623
11766,6624
19878,6625
2767,6626
6425,6627
5799,6628
6502,6629
14680,6630
15270,6631
6571,6632
18821,6633
18220,6634
6607,6635
6660,6636
6901,6637
12514,6638
18712,6639
12663,6640
19509,6641
5052,6642
16690,6643
18672,6644
11438,6645
1333,6646
17885,6647
18907,6648
20009,6649
2351,6650
4183,6651
1440,6652
4573,6653
5076,6654
16043,6655
12408,6656
18131,6657
14712,6658
19912,6659
6942,6660
14581,6661
10277,6662
18436,6663
2683,6664
13500,6665
16672,6666
4535,6667
5904,6668
5932,6669
18737,6670
18137,6671
6938,6672
18139,6673
19704,6674
6996,6675
2685,6676
12481,6677
12787,6678
17555,6679
7137,6680
7260,6681
7261,6682
7670,6683
7768,6684
19784,6685
6286,6686
11680,6687
13071,6688
18358,6689
19195,6690
7786,6691
7818,6692
7888,6693
7889,6694
14741,6695
8251,6696
3871,6697
15795,6698
18502,6699
18308,6700
19976,6701
4842,6702
8339,6703
12736,6704
8372,6705
8382,6706
6990,6707
8424,6708
15177,6709
14586,6710
8449,6711
8466,6712
8526,6713
884,6714
1521,6715
8850,6716
11060,6717
19067,6718
11161,6719
14338,6720
2118,6721
8855,6722
1547,6723
20321,6724
870,6725
6325,6726
18554,6727
11259,6728
18161,6729
14477,6730
8879,6731
1884,6732
2229,6733
11428,6734
17960,6735
18793,6736
19072,6737
7744,6738
16896,6739
8912,6740
4471,6741
13511,6742
5137,6743
7083,6744
15086,6745
10775,6746
8939,6747
776,6748
18713,6749
19723,6750
12946,6751
13743,6752
9013,6753
5798,6754
6424,6755
12675,6756
9050,6757
7829,6758
9067,6759
13876,6760
8857,6761
13933,6762
19669,6763
6956,6764
3229,6765
4164,6766
13949,6767
13349,6768
6014,6769
7208,6770
5135,6771
2675,6772
13644,6773
17085,6774
19393,6775
14471,6776
3552,6777
17055,6778
6293,6779
10441,6780
16460,6781
12254,6782
7244,6783
9091,6784
16476,6785
19437,6786
9102,6787
8439,6788
9129,6789
9172,6790
11695,6791
12302,6792
3330,6793
7569,6794
12163,6795
13653,6796
13867,6797
9186,6798
15950,6799
9193,6800
947,6801
9547,6802
11864,6803
16336,6804
11441,6805
3846,6806
15150,6807
16670,6808
2077,6809
17380,6810
16919,6811
19032,6812
6328,6813
4439,6814
18764,6815
11548,6816
19654,6817
8405,6818
11097,6819
12917,6820
8980,6821
13878,6822
9567,6823
14432,6824
11229,6825
19909,6826
3376,6827
18682,6828
9572,6829
18560,6830
6002,6831
20126,6832
15517,6833
19473,6834
8377,6835
6344,6836
6930,6837
17688,6838
19044,6839
20170,6840
14928,6841
8260,6842
19163,6843
15853,6844
3474,6845
16810,6846
1980,6847
11671,6848
15172,6849
13388,6850
17297,6851
18306,6852
11350,6853
19278,6854
13262,6855
5439,6856
18898,6857
11953,6858
8825,6859
16302,6860
18489,6861
11752,6862
13161,6863
18875,6864
966,6865
5279,6866
9661,6867
9665,6868
9666,6869
9667,6870
9675,6871
9677,6872
6434,6873
9678,6874
12244,6875
15332,6876
9680,6877
9682,6878
1451,6879
3290,6880
1833,6881
18740,6882
9689,6883
9583,6884
15620,6885
7357,6886
14008,6887
1513,6888
9000,6889
9684,6890
9690,6891
9691,6892
9694,6893
4523,6894
13841,6895
13087,6896
7539,6897
11858,6898
5083,6899
15442,6900
6261,6901
1662,6902
580,6903
250,6904
7513,6905
440,6906
127,6907
8147,6908
1026,6909
603,6910
271,6911
8223,6912
17829,6913
1949,6914
2296,6915
558,6916
230,6917
7013,6918
13614,6919
8228,6920
1403,6921
11223,6922
3265,6923
13065,6924
1312,6925
17959,6926
16058,6927
5033,6928
542,6929
218,6930
592,6931
261,6932
6260,6933
635,6934
301,6935
6621,6936
11512,6937
1313,6938
10908,6939
14528,6940
10364,6941
528,6942
206,6943
7578,6944
3618,6945
3826,6946
5687,6947
1040,6948
19182,6949
19675,6950
571,6951
242,6952
7540,6953
10067,6954
10736,6955
20201,6956
2226,6957
3015,6958
15263,6959
14673,6960
4222,6961
17158,6962
14856,6963
16572,6964
17240,6965
2557,6966
4525,6967
10206,6968
13697,6969
16702,6970
2891,6971
12858,6972
4597,6973
17415,6974
4815,6975
3193,6976
13899,6977
17243,6978
14264,6979
5691,6980
14416,6981
1239,6982
17847,6983
11735,6984
11747,6985
11907,6986
13042,6987
11769,6988
11336,6989
12345,6990
17182,6991
16645,6992
14175,6993
16609,6994
12531,6995
17199,6996
1723,6997
11324,6998
17768,6999
17898,7000
18363,7001
18451,7002
18517,7003
18770,7004
18972,7005
12543,7006
19054,7007
19516,7008
19627,7009
13606,7010
13148,7011
16613,7012
11927,7013
1716,7014
13718,7015
20088,7016
17826,7017
12382,7018
13136,7019
15338,7020
11939,7021
17122,7022
19485,7023
19576,7024
10515,7025
20109,7026
13652,7027
20112,7028
20330,7029
2357,7030
15491,7031
4810,7032
17251,7033
14792,7034
17214,7035
16616,7036
6471,7037
14026,7038
6650,7039
8529,7040
869,7041
12673,7042
8881,7043
18457,7044
3413,7045
7555,7046
11573,7047
3804,7048
20268,7049
19563,7050
11373,7051
8148,7052
678,7053
335,7054
9696,7055
10248,7056
17376,7057
15858,7058
797,7059
9318,7060
15531,7061
9536,7062
16757,7063
16146,7064
14685,7065
15275,7066
8445,7067
3910,7068
5058,7069
3991,7070
9274,7071
14983,7072
4570,7073
13636,7074
11791,7075
14949,7076
6374,7077
13628,7078
14257,7079
17787,7080
4862,7081
6665,7082
6518,7083
5892,7084
12062,7085
3891,7086
11883,7087
14847,7088
11761,7089
16743,7090
18045,7091
18343,7092
16155,7093
16414,7094
17002,7095
13885,7096
9698,7097
970,7098
9607,7099
10224,7100
12510,7101
16346,7102
13857,7103
10153,7104
18452,7105
7863,7106
9574,7107
6267,7108
10427,7109
17838,7110
18767,7111
6346,7112
2660,7113
10928,7114
1436,7115
1385,7116
15695,7117
17288,7118
18813,7119
19056,7120
5736,7121
9701,7122
9703,7123
18586,7124
1991,7125
12475,7126
17767,7127
14292,7128
18313,7129
17327,7130
18914,7131
14354,7132
15841,7133
19681,7134
2359,7135
18470,7136
2788,7137
971,7138
9713,7139
10383,7140
10823,7141
972,7142
9723,7143
6361,7144
8222,7145
18462,7146
12984,7147
13154,7148
18689,7149
12130,7150
11522,7151
18691,7152
9728,7153
973,7154
9735,7155
19766,7156
8172,7157
13953,7158
17213,7159
13830,7160
4866,7161
6986,7162
767,7163
13075,7164
11745,7165
14088,7166
15806,7167
17458,7168
18463,7169
12983,7170
14285,7171
19558,7172
13660,7173
18355,7174
18957,7175
12442,7176
19037,7177
11181,7178
13198,7179
2990,7180
12503,7181
12973,7182
6669,7183
786,7184
15616,7185
15942,7186
16651,7187
11581,7188
12371,7189
14753,7190
15439,7191
16064,7192
15343,7193
13690,7194
17178,7195
13666,7196
17764,7197
14261,7198
19578,7199
15463,7200
17741,7201
19961,7202
3613,7203
11388,7204
10313,7205
4890,7206
6045,7207
11606,7208
11208,7209
13531,7210
14805,7211
7418,7212
8112,7213
11986,7214
13368,7215
15151,7216
12042,7217
10155,7218
12167,7219
16063,7220
16047,7221
8558,7222
9218,7223
9738,7224
16516,7225
9742,7226
2694,7227
6292,7228
14396,7229
16293,7230
14478,7231
19236,7232
5607,7233
10867,7234
6071,7235
3063,7236
8883,7237
14294,7238
9088,7239
8271,7240
4493,7241
5268,7242
9287,7243
1730,7244
11739,7245
14884,7246
15360,7247
20106,7248
8555,7249
9215,7250
16332,7251
9744,7252
975,7253
2702,7254
3264,7255
17061,7256
4899,7257
16858,7258
1130,7259
8403,7260
14060,7261
13463,7262
1610,7263
941,7264
14482,7265
10225,7266
15914,7267
2944,7268
6983,7269
13246,7270
16167,7271
14986,7272
6124,7273
7821,7274
9248,7275
5441,7276
6372,7277
2964,7278
8441,7279
7226,7280
7856,7281
10410,7282
9448,7283
12613,7284
1929,7285
1293,7286
4023,7287
15566,7288
8963,7289
6226,7290
6851,7291
19733,7292
9752,7293
8908,7294
1964,7295
19038,7296
12097,7297
13182,7298
2198,7299
2409,7300
7072,7301
6977,7302
3878,7303
14262,7304
15845,7305
16652,7306
19555,7307
16100,7308
20174,7309
11282,7310
3340,7311
2483,7312
7716,7313
7586,7314
7519,7315
11885,7316
14574,7317
16689,7318
17743,7319
17867,7320
19543,7321
2695,7322
5999,7323
8450,7324
8862,7325
17279,7326
15984,7327
15404,7328
19689,7329
20141,7330
13032,7331
15686,7332
2165,7333
16235,7334
6712,7335
7542,7336
14138,7337
2996,7338
1064,7339
11803,7340
14815,7341
13013,7342
18421,7343
19629,7344
8944,7345
17356,7346
13497,7347
9629,7348
1144,7349
18189,7350
17512,7351
16926,7352
11453,7353
2625,7354
14102,7355
19024,7356
10349,7357
16413,7358
18985,7359
17220,7360
18991,7361
17259,7362
20227,7363
12402,7364
16044,7365
18388,7366
16082,7367
18005,7368
1916,7369
6670,7370
7017,7371
10597,7372
5297,7373
12278,7374
12886,7375
798,7376
8207,7377
5209,7378
12037,7379
5210,7380
15323,7381
14343,7382
8818,7383
14255,7384
12202,7385
12810,7386
15764,7387
16351,7388
13748,7389
17612,7390
17845,7391
14189,7392
18958,7393
19481,7394
3806,7395
4410,7396
15082,7397
17365,7398
4039,7399
5902,7400
6046,7401
19340,7402
19937,7403
7274,7404
12200,7405
11594,7406
12288,7407
12896,7408
14020,7409
13423,7410
14554,7411
15146,7412
1557,7413
16457,7414
1673,7415
1037,7416
18191,7417
18759,7418
19357,7419
19919,7420
15785,7421
19986,7422
17406,7423
2895,7424
5203,7425
15721,7426
7589,7427
19754,7428
17575,7429
19749,7430
3009,7431
7858,7432
3578,7433
12678,7434
7580,7435
18791,7436
8007,7437
1095,7438
1048,7439
20028,7440
13883,7441
10214,7442
11503,7443
15014,7444
9173,7445
8511,7446
12182,7447
9263,7448
1468,7449
12496,7450
16151,7451
18334,7452
4260,7453
7648,7454
11847,7455
12506,7456
18969,7457
9207,7458
15207,7459
14616,7460
2720,7461
8225,7462
13111,7463
15979,7464
17329,7465
19465,7466
9182,7467
16566,7468
16740,7469
5917,7470
9712,7471
9754,7472
2804,7473
901,7474
9756,7475
16822,7476
8853,7477
16150,7478
14959,7479
10403,7480
9733,7481
9599,7482
2671,7483
13983,7484
16113,7485
16556,7486
17257,7487
2057,7488
5792,7489
9760,7490
16229,7491
2622,7492
12132,7493
14472,7494
10200,7495
11669,7496
16706,7497
13672,7498
10958,7499
17239,7500
16117,7501
11064,7502
11668,7503
18307,7504
11911,7505
18908,7506
19685,7507
20149,7508
19108,7509
17720,7510
11268,7511
18352,7512
20176,7513
17856,7514
17174,7515
18494,7516
12360,7517
13702,7518
15962,7519
15467,7520
18020,7521
18325,7522
20286,7523
17757,7524
1793,7525
2148,7526
2316,7527
16482,7528
17071,7529
3764,7530
16470,7531
14595,7532
5171,7533
1649,7534
2395,7535
2243,7536
2320,7537
4161,7538
6390,7539
12777,7540
6709,7541
10498,7542
13374,7543
8976,7544
18088,7545
4875,7546
16872,7547
5226,7548
4626,7549
7624,7550
9181,7551
13312,7552
3117,7553
15229,7554
9552,7555
14555,7556
8927,7557
9762,7558
9763,7559
9766,7560
10351,7561
9769,7562
8907,7563
5644,7564
14012,7565
15052,7566
2609,7567
2945,7568
4909,7569
9770,7570
8940,7571
10219,7572
14128,7573
4534,7574
18568,7575
1049,7576
20228,7577
4824,7578
9776,7579
9778,7580
11429,7581
12029,7582
15462,7583
3055,7584
12603,7585
10533,7586
18727,7587
18127,7588
16241,7589
6919,7590
15911,7591
10236,7592
14433,7593
11237,7594
11781,7595
15422,7596
20303,7597
4676,7598
9782,7599
14346,7600
9785,7601
9786,7602
17998,7603
10221,7604
12252,7605
18443,7606
15383,7607
20318,7608
11737,7609
19501,7610
1733,7611
4835,7612
17133,7613
20248,7614
12952,7615
19649,7616
18299,7617
17917,7618
20171,7619
17330,7620
14051,7621
4848,7622
19427,7623
9790,7624
9796,7625
9798,7626
11435,7627
2602,7628
98,7629
980,7630
8934,7631
2672,7632
13669,7633
14643,7634
15844,7635
12041,7636
1615,7637
2992,7638
14902,7639
695,7640
11590,7641
12738,7642
14854,7643
1602,7644
3612,7645
14312,7646
17707,7647
6364,7648
6320,7649
16910,7650
16948,7651
14470,7652
1998,7653
19105,7654
18909,7655
17310,7656
3370,7657
2887,7658
3449,7659
4832,7660
14771,7661
16720,7662
13549,7663
16531,7664
6358,7665
9800,7666
10470,7667
16826,7668
6291,7669
12430,7670
13532,7671
7838,7672
7595,7673
9486,7674
16635,7675
18794,7676
15061,7677
10192,7678
13632,7679
4677,7680
7852,7681
11427,7682
9803,7683
2933,7684
2299,7685
3332,7686
9810,7687
10480,7688
5118,7689
9811,7690
9819,7691
982,7692
9820,7693
9828,7694
1424,7695
3255,7696
16664,7697
11167,7698
12090,7699
12003,7700
12831,7701
15732,7702
16565,7703
11275,7704
17151,7705
14968,7706
18156,7707
18835,7708
6616,7709
15558,7710
13375,7711
7692,7712
8559,7713
930,7714
3313,7715
983,7716
864,7717
9830,7718
9835,7719
16456,7720
17044,7721
9837,7722
9697,7723
9838,7724
3149,7725
9839,7726
4114,7727
17012,7728
9840,7729
9842,7730
15366,7731
11897,7732
5989,7733
15556,7734
9843,7735
19457,7736
13540,7737
13978,7738
14571,7739
19768,7740
10170,7741
12309,7742
16246,7743
20122,7744
2435,7745
6947,7746
10612,7747
12568,7748
1669,7749
16965,7750
14016,7751
19140,7752
7048,7753
6417,7754
10531,7755
7157,7756
7779,7757
17592,7758
5470,7759
18741,7760
18141,7761
8292,7762
17678,7763
6136,7764
1033,7765
14679,7766
8465,7767
18227,7768
17695,7769
18537,7770
15768,7771
16355,7772
17987,7773
3249,7774
12907,7775
13290,7776
2049,7777
10447,7778
3081,7779
4850,7780
9337,7781
4245,7782
16465,7783
15879,7784
13875,7785
1364,7786
4646,7787
9250,7788
2445,7789
11472,7790
13679,7791
12369,7792
4559,7793
17861,7794
12976,7795
17892,7796
15347,7797
6036,7798
7910,7799
2896,7800
2261,7801
10845,7802
9212,7803
9845,7804
15331,7805
20069,7806
4021,7807
20281,7808
2994,7809
15476,7810
16549,7811
16754,7812
19504,7813
9219,7814
5803,7815
9847,7816
18887,7817
942,7818
19081,7819
9848,7820
9849,7821
20072,7822
9850,7823
19475,7824
9856,7825
11104,7826
11708,7827
9859,7828
9860,7829
18195,7830
19990,7831
9862,7832
2878,7833
9865,7834
12199,7835
12807,7836
1435,7837
2651,7838
10076,7839
13184,7840
16449,7841
3324,7842
2025,7843
3483,7844
1450,7845
5089,7846
19824,7847
7367,7848
5473,7849
8577,7850
18524,7851
9866,7852
19920,7853
19325,7854
9869,7855
2186,7856
987,7857
14444,7858
17375,7859
14948,7860
17004,7861
17588,7862
6740,7863
5951,7864
6578,7865
1622,7866
7361,7867
13713,7868
11725,7869
7294,7870
10384,7871
9711,7872
9870,7873
11199,7874
11207,7875
14591,7876
15182,7877
9871,7878
12768,7879
9875,7880
9880,7881
17911,7882
9881,7883
15132,7884
9882,7885
5774,7886
9887,7887
16280,7888
19227,7889
6352,7890
1400,7891
16764,7892
17335,7893
3527,7894
815,7895
3283,7896
14732,7897
4276,7898
17922,7899
3464,7900
12221,7901
14457,7902
3844,7903
10068,7904
2157,7905
3670,7906
17446,7907
11863,7908
14190,7909
16748,7910
4555,7911
15485,7912
11286,7913
17709,7914
6051,7915
6675,7916
7092,7917
7721,7918
4518,7919
9530,7920
11527,7921
13678,7922
13098,7923
15368,7924
17924,7925
18941,7926
17337,7927
15216,7928
14625,7929
2703,7930
4474,7931
11033,7932
6333,7933
1332,7934
16300,7935
17580,7936
3933,7937
5684,7938
13944,7939
4308,7940
6113,7941
19377,7942
16329,7943
15742,7944
8946,7945
4055,7946
9329,7947
13985,7948
13342,7949
15126,7950
9888,7951
5770,7952
9890,7953
12497,7954
17747,7955
4226,7956
9892,7957
12089,7958
12101,7959
12704,7960
13911,7961
3495,7962
4290,7963
3982,7964
11543,7965
13366,7966
11458,7967
2040,7968
12467,7969
19988,7970
4025,7971
7036,7972
7429,7973
16942,7974
19913,7975
19318,7976
10834,7977
8751,7978
4632,7979
9235,7980
9081,7981
9649,7982
16909,7983
3999,7984
9601,7985
1405,7986
13658,7987
14632,7988
988,7989
1623,7990
11462,7991
9895,7992
3343,7993
5489,7994
2228,7995
9897,7996
12695,7997
13906,7998
15105,7999
15326,8000
15689,8001
12825,8002
16940,8003
1753,8004
16897,8005
19906,8006
2126,8007
3038,8008
4373,8009
14569,8010
11508,8011
19240,8012
6213,8013
7725,8014
3410,8015
5217,8016
9110,8017
13461,8018
15243,8019
15037,8020
9899,8021
10896,8022
15232,8023
99,8024
990,8025
9900,8026
9902,8027
4104,8028
14547,8029
9903,8030
10885,8031
12085,8032
18420,8033
10280,8034
13304,8035
1259,8036
16620,8037
18899,8038
19628,8039
15391,8040
20187,8041
3797,8042
12908,8043
14531,8044
10329,8045
1565,8046
3663,8047
12124,8048
14737,8049
16477,8050
19353,8051
15330,8052
15933,8053
16237,8054
1363,8055
15726,8056
11637,8057
16335,8058
16904,8059
3530,8060
13992,8061
13393,8062
5776,8063
4111,8064
5966,8065
6971,8066
7299,8067
7918,8068
12721,8069
19345,8070
5212,8071
16339,8072
6408,8073
17083,8074
7302,8075
2796,8076
7926,8077
2177,8078
2812,8079
874,8080
11043,8081
18694,8082
894,8083
9424,8084
8128,8085
16331,8086
16953,8087
5490,8088
13318,8089
14861,8090
10425,8091
15994,8092
15449,8093
4668,8094
10503,8095
5250,8096
10962,8097
11566,8098
5256,8099
2144,8100
2778,8101
7166,8102
8245,8103
8399,8104
9342,8105
9641,8106
9659,8107
13891,8108
8231,8109
11265,8110
15006,8111
17491,8112
18132,8113
18340,8114
3701,8115
13407,8116
18193,8117
16268,8118
18292,8119
18414,8120
19002,8121
4022,8122
7021,8123
4969,8124
8680,8125
9431,8126
10098,8127
10422,8128
11454,8129
9737,8130
16813,8131
1983,8132
14327,8133
12595,8134
1467,8135
15115,8136
14524,8137
14063,8138
14656,8139
1626,8140
14725,8141
11709,8142
18199,8143
14874,8144
10870,8145
12420,8146
18731,8147
18886,8148
13506,8149
15287,8150
18162,8151
17576,8152
17997,8153
19187,8154
8663,8155
17669,8156
2727,8157
1123,8158
13919,8159
16394,8160
1761,8161
12187,8162
19364,8163
7181,8164
12317,8165
8433,8166
9124,8167
9905,8168
4844,8169
2346,8170
9907,8171
12629,8172
12311,8173
16392,8174
17460,8175
17601,8176
19276,8177
19882,8178
6427,8179
847,8180
7965,8181
9908,8182
13138,8183
12329,8184
9911,8185
14538,8186
14561,8187
15230,8188
12728,8189
12120,8190
2692,8191
2874,8192
3950,8193
20277,8194
11505,8195
4460,8196
11263,8197
13365,8198
11869,8199
14271,8200
17715,8201
17332,8202
18258,8203
13880,8204
2015,8205
14087,8206
15138,8207
4730,8208
5419,8209
5824,8210
6329,8211
4440,8212
14348,8213
17434,8214
10063,8215
19361,8216
5474,8217
6451,8218
17618,8219
6614,8220
17919,8221
6635,8222
13055,8223
11176,8224
14110,8225
13512,8226
14833,8227
12388,8228
17544,8229
15787,8230
5987,8231
19137,8232
6029,8233
11530,8234
6516,8235
5890,8236
12118,8237
13935,8238
12058,8239
6612,8240
13749,8241
7219,8242
6594,8243
12057,8244
1353,8245
18100,8246
18167,8247
18241,8248
20039,8249
17400,8250
7230,8251
20056,8252
14696,8253
15286,8254
8370,8255
917,8256
2818,8257
921,8258
9515,8259
4684,8260
9579,8261
8208,8262
2385,8263
10865,8264
16398,8265
4010,8266
13873,8267
10183,8268
18725,8269
20323,8270
19198,8271
19262,8272
4094,8273
4408,8274
5168,8275
5488,8276
6682,8277
6869,8278
7705,8279
17572,8280
16988,8281
17972,8282
1970,8283
6591,8284
16240,8285
2640,8286
1672,8287
18513,8288
11124,8289
12919,8290
14384,8291
16296,8292
16882,8293
18247,8294
16981,8295
4836,8296
11728,8297
7005,8298
7237,8299
7273,8300
7901,8301
13538,8302
14136,8303
8360,8304
10356,8305
8671,8306
913,8307
1550,8308
9227,8309
11514,8310
19250,8311
2866,8312
9604,8313
4501,8314
13508,8315
11303,8316
13762,8317
1096,8318
15236,8319
13454,8320
16515,8321
18828,8322
19464,8323
4157,8324
14736,8325
16508,8326
5410,8327
11970,8328
14639,8329
9662,8330
19454,8331
11109,8332
6332,8333
8823,8334
15743,8335
14460,8336
6498,8337
702,8338
13437,8339
14568,8340
1442,8341
1389,8342
15860,8343
16231,8344
6517,8345
7790,8346
9122,8347
15749,8348
19879,8349
9517,8350
11701,8351
14898,8352
2201,8353
2273,8354
8925,8355
16797,8356
12478,8357
17600,8358
18222,8359
18413,8360
3395,8361
6580,8362
9047,8363
17992,8364
1995,8365
11557,8366
10259,8367
13060,8368
16004,8369
12453,8370
12386,8371
13175,8372
1650,8373
17807,8374
18990,8375
15487,8376
12335,8377
16718,8378
19395,8379
20153,8380
18533,8381
14651,8382
15242,8383
17999,8384
1295,8385
16129,8386
12943,8387
19721,8388
20092,8389
11880,8390
18297,8391
11253,8392
19550,8393
13070,8394
11164,8395
20222,8396
17186,8397
16634,8398
19591,8399
16731,8400
20189,8401
17321,8402
19416,8403
20012,8404
14671,8405
14077,8406
13887,8407
3883,8408
10997,8409
1551,8410
18850,8411
19004,8412
2833,8413
16220,8414
7575,8415
10466,8416
14148,8417
14944,8418
1876,8419
17824,8420
13001,8421
13094,8422
18783,8423
18942,8424
10673,8425
16271,8426
11055,8427
11652,8428
12599,8429
1555,8430
15722,8431
18699,8432
18099,8433
4778,8434
5921,8435
2327,8436
2961,8437
6739,8438
3691,8439
10406,8440
7179,8441
8279,8442
8407,8443
8924,8444
16796,8445
12319,8446
17488,8447
18639,8448
18039,8449
3659,8450
4696,8451
5707,8452
9080,8453
12153,8454
914,8455
9157,8456
17508,8457
16922,8458
5133,8459
9487,8460
17467,8461
18824,8462
6359,8463
5101,8464
11550,8465
16308,8466
8328,8467
8990,8468
7614,8469
5090,8470
13355,8471
1646,8472
2135,8473
4871,8474
9123,8475
2260,8476
2055,8477
1999,8478
10331,8479
14734,8480
17274,8481
3800,8482
2382,8483
6521,8484
8244,8485
1961,8486
11619,8487
15208,8488
16469,8489
19432,8490
3183,8491
4227,8492
13761,8493
15991,8494
17889,8495
11135,8496
20099,8497
3504,8498
4631,8499
5231,8500
19185,8501
7296,8502
7801,8503
4108,8504
7924,8505
5239,8506
8585,8507
12687,8508
14013,8509
7432,8510
15094,8511
1148,8512
20047,8513
2211,8514
2216,8515
18720,8516
4748,8517
10988,8518
16963,8519
5715,8520
4473,8521
7697,8522
11431,8523
9333,8524
4265,8525
4639,8526
4033,8527
19677,8528
11584,8529
2340,8530
10550,8531
7240,8532
11867,8533
12372,8534
11956,8535
10320,8536
14545,8537
13952,8538
18267,8539
3467,8540
8440,8541
8494,8542
7828,8543
7724,8544
8385,8545
7604,8546
9482,8547
16315,8548
9282,8549
1475,8550
4734,8551
4970,8552
4369,8553
19614,8554
14804,8555
12523,8556
5516,8557
1675,8558
15298,8559
15901,8560
6958,8561
18555,8562
11628,8563
13864,8564
7629,8565
8057,8566
8169,8567
17347,8568
11486,8569
16172,8570
17607,8571
6145,8572
12280,8573
6770,8574
11308,8575
13571,8576
14891,8577
859,8578
17970,8579
9148,8580
7659,8581
9480,8582
1760,8583
12630,8584
12024,8585
15733,8586
16127,8587
14751,8588
14895,8589
4583,8590
12641,8591
19159,8592
12717,8593
3907,8594
10813,8595
17079,8596
1839,8597
7025,8598
16760,8599
7455,8600
1553,8601
6832,8602
13656,8603
12378,8604
19010,8605
8697,8606
13313,8607
12626,8608
18009,8609
1908,8610
1272,8611
14592,8612
11580,8613
14821,8614
12399,8615
19942,8616
20243,8617
2182,8618
11024,8619
3095,8620
13451,8621
7007,8622
12248,8623
1794,8624
19859,8625
7826,8626
3576,8627
4179,8628
8953,8629
14112,8630
4892,8631
2792,8632
5305,8633
3499,8634
6392,8635
1124,8636
12722,8637
2758,8638
18117,8639
4660,8640
824,8641
6499,8642
7416,8643
17425,8644
18225,8645
3076,8646
1641,8647
19388,8648
19984,8649
2100,8650
1162,8651
12123,8652
14142,8653
1027,8654
1663,8655
13852,8656
3412,8657
2940,8658
1036,8659
8978,8660
12217,8661
12824,8662
1430,8663
9029,8664
940,8665
1575,8666
4527,8667
750,8668
5220,8669
3322,8670
2019,8671
4119,8672
14476,8673
9493,8674
13537,8675
17086,8676
19609,8677
12349,8678
19825,8679
18033,8680
6065,8681
8332,8682
18035,8683
18609,8684
10092,8685
13759,8686
19828,8687
15533,8688
19382,8689
3944,8690
7419,8691
2422,8692
7241,8693
16028,8694
7909,8695
7169,8696
13676,8697
17753,8698
19000,8699
17208,8700
6542,8701
14670,8702
15260,8703
7333,8704
16273,8705
6744,8706
7365,8707
15430,8708
19559,8709
17343,8710
10346,8711
5807,8712
9539,8713
3461,8714
8282,8715
13897,8716
18868,8717
2562,8718
4071,8719
4348,8720
5187,8721
10910,8722
19846,8723
7778,8724
9089,8725
8426,8726
9573,8727
9663,8728
15792,8729
17549,8730
16816,8731
720,8732
19400,8733
20207,8734
11806,8735
13559,8736
19006,8737
17792,8738
19530,8739
6689,8740
7938,8741
19841,8742
18046,8743
881,8744
1423,8745
9526,8746
17562,8747
10385,8748
4715,8749
8387,8750
13847,8751
9687,8752
10357,8753
17519,8754
16933,8755
9695,8756
4725,8757
9719,8758
2156,8759
2791,8760
3924,8761
9883,8762
15122,8763
9919,8764
9921,8765
7911,8766
9926,8767
4350,8768
2484,8769
11484,8770
10731,8771
16250,8772
11037,8773
12751,8774
14143,8775
14978,8776
2222,8777
2872,8778
5299,8779
5941,8780
9927,8781
17036,8782
19053,8783
2775,8784
14974,8785
7913,8786
18153,8787
18753,8788
14976,8789
5769,8790
6128,8791
6753,8792
3742,8793
3115,8794
2430,8795
1885,8796
1249,8797
10037,8798
6813,8799
8981,8800
9371,8801
2396,8802
1305,8803
366,8804
58,8805
6172,8806
6798,8807
10711,8808
10042,8809
1163,8810
9412,8811
8749,8812
4956,8813
5010,8814
8134,8815
1399,8816
10781,8817
2490,8818
3126,8819
3128,8820
5008,8821
16781,8822
7335,8823
4297,8824
9645,8825
16165,8826
16338,8827
9928,8828
3726,8829
4332,8830
2463,8831
14218,8832
11785,8833
12355,8834
11961,8835
14161,8836
14803,8837
15341,8838
14966,8839
1529,8840
15344,8841
15541,8842
15561,8843
16738,8844
17111,8845
10947,8846
15081,8847
14389,8848
11035,8849
13521,8850
14003,8851
14090,8852
15834,8853
16992,8854
17732,8855
18696,8856
2159,8857
2991,8858
20337,8859
4106,8860
5348,8861
5955,8862
6663,8863
7759,8864
9210,8865
9929,8866
16785,8867
2501,8868
10057,8869
383,8870
72,8871
7490,8872
8120,8873
9898,8874
1912,8875
1276,8876
8762,8877
10761,8878
6257,8879
479,8880
163,8881
993,8882
9931,8883
6140,8884
8136,8885
8195,8886
7998,8887
2494,8888
3130,8889
10630,8890
8306,8891
5511,8892
14985,8893
19336,8894
9933,8895
1238,8896
2763,8897
3642,8898
4700,8899
11026,8900
11995,8901
5453,8902
17041,8903
14083,8904
9086,8905
7131,8906
7292,8907
9408,8908
9934,8909
10301,8910
4270,8911
9857,8912
13528,8913
17046,8914
19210,8915
19924,8916
19328,8917
2825,8918
7683,8919
9117,8920
8454,8921
9078,8922
7123,8923
9941,8924
6772,8925
2580,8926
656,8927
320,8928
9943,8929
9945,8930
3736,8931
1235,8932
8778,8933
10778,8934
2480,8935
7510,8936
502,8937
185,8938
9947,8939
3339,8940
14388,8941
3978,8942
6452,8943
6845,8944
12988,8945
11815,8946
11200,8947
14507,8948
19456,8949
20212,8950
2560,8951
3169,8952
1260,8953
20346,8954
14516,8955
16263,8956
12756,8957
3735,8958
5582,8959
11624,8960
4785,8961
1692,8962
10267,8963
5756,8964
10684,8965
17471,8966
18178,8967
5766,8968
3106,8969
12729,8970
5866,8971
7271,8972
18262,8973
7565,8974
11210,8975
15155,8976
15393,8977
12564,8978
1052,8979
19249,8980
2730,8981
3912,8982
2002,8983
10918,8984
4189,8985
18726,8986
19324,8987
5292,8988
7407,8989
3085,8990
7445,8991
16194,8992
15607,8993
7812,8994
4083,8995
3479,8996
8776,8997
2558,8998
8928,8999
15031,9000
16418,9001
5773,9002
6961,9003
2595,9004
11710,9005
13940,9006
19168,9007
10160,9008
2437,9009
3073,9010
13988,9011
11389,9012
12732,9013
10913,9014
14863,9015
15817,9016
16426,9017
19172,9018
3571,9019
4735,9020
5049,9021
5319,9022
20025,9023
15885,9024
11437,9025
5444,9026
1316,9027
541,9028
217,9029
697,9030
18269,9031
5244,9032
778,9033
3247,9034
3136,9035
5081,9036
5634,9037
681,9038
338,9039
749,9040
1069,9041
19043,9042
8493,9043
5704,9044
8495,9045
10494,9046
17390,9047
8763,9048
3831,9049
664,9050
324,9051
8782,9052
5035,9053
642,9054
308,9055
8810,9056
348,9057
42,9058
9003,9059
15829,9060
15233,9061
12671,9062
9505,9063
10768,9064
3270,9065
10079,9066
2590,9067
4434,9068
525,9069
203,9070
540,9071
216,9072
9554,9073
15026,9074
16679,9075
11127,9076
11841,9077
19573,9078
2972,9079
1705,9080
4215,9081
4843,9082
20084,9083
6017,9084
6642,9085
19488,9086
18289,9087
15412,9088
5990,9089
14823,9090
12398,9091
5414,9092
10547,9093
6062,9094
13354,9095
15139,9096
9288,9097
3225,9098
621,9099
288,9100
9759,9101
4529,9102
13245,9103
1560,9104
4385,9105
4992,9106
5592,9107
1905,9108
11477,9109
2542,9110
9234,9111
10326,9112
19194,9113
8202,9114
1655,9115
17298,9116
17319,9117
9642,9118
2688,9119
19753,9120
16400,9121
6629,9122
19717,9123
11738,9124
19127,9125
16483,9126
15897,9127
10854,9128
8958,9129
20259,9130
11741,9131
16567,9132
2241,9133
5330,9134
13879,9135
7122,9136
13328,9137
17453,9138
739,9139
10439,9140
8543,9141
9034,9142
5712,9143
9203,9144
9673,9145
6423,9146
979,9147
2085,9148
8226,9149
18145,9150
18223,9151
19659,9152
16014,9153
2381,9154
9598,9155
8215,9156
17700,9157
3016,9158
15851,9159
17610,9160
5378,9161
16230,9162
1355,9163
15927,9164
17407,9165
17925,9166
5062,9167
4893,9168
2593,9169
398,9170
5265,9171
15781,9172
14455,9173
6270,9174
11595,9175
13177,9176
10429,9177
4979,9178
4378,9179
12851,9180
10548,9181
5881,9182
10833,9183
5649,9184
13770,9185
1581,9186
16379,9187
18535,9188
19315,9189
6063,9190
6713,9191
11364,9192
19982,9193
18187,9194
7611,9195
762,9196
14044,9197
15653,9198
7548,9199
8069,9200
2519,9201
3155,9202
86,9203
882,9204
1519,9205
2691,9206
9948,9207
9950,9208
2107,9209
10617,9210
14675,9211
2794,9212
12924,9213
9951,9214
14609,9215
9120,9216
8457,9217
13889,9218
9558,9219
13360,9220
18047,9221
12771,9222
20005,9223
3484,9224
4192,9225
7665,9226
2705,9227
7562,9228
1605,9229
16236,9230
5662,9231
3654,9232
14023,9233
13426,9234
6833,9235
15606,9236
7410,9237
6787,9238
15552,9239
12780,9240
18103,9241
7688,9242
8082,9243
10626,9244
3182,9245
1273,9246
2538,9247
10020,9248
10689,9249
10806,9250
585,9251
255,9252
7479,9253
9433,9254
6193,9255
3083,9256
15001,9257
10001,9258
6188,9259
8066,9260
7404,9261
5623,9262
546,9263
222,9264
9953,9265
1220,9266
3132,9267
5606,9268
5006,9269
5559,9270
10702,9271
10637,9272
11347,9273
7026,9274
7438,9275
3139,9276
1937,9277
478,9278
162,9279
9404,9280
8741,9281
14844,9282
3150,9283
8593,9284
2431,9285
6097,9286
11951,9287
842,9288
15279,9289
15801,9290
18645,9291
2440,9292
1487,9293
10575,9294
19792,9295
2830,9296
10336,9297
1636,9298
4411,9299
4664,9300
6477,9301
4647,9302
15765,9303
17523,9304
8337,9305
16282,9306
13929,9307
4531,9308
2024,9309
18506,9310
19503,9311
19071,9312
5876,9313
6148,9314
7794,9315
8027,9316
6048,9317
19321,9318
3458,9319
15630,9320
10149,9321
12439,9322
19751,9323
2635,9324
19650,9325
14624,9326
5031,9327
487,9328
171,9329
6301,9330
19095,9331
5626,9332
461,9333
145,9334
631,9335
297,9336
6929,9337
18471,9338
5028,9339
507,9340
188,9341
723,9342
20246,9343
10340,9344
1947,9345
460,9346
144,9347
8296,9348
20211,9349
8412,9350
8956,9351
4310,9352
7451,9353
6702,9354
3754,9355
10041,9356
9075,9357
9378,9358
12031,9359
553,9360
227,9361
9522,9362
1375,9363
15417,9364
16046,9365
15023,9366
3823,9367
564,9368
236,9369
685,9370
342,9371
8186,9372
20232,9373
1314,9374
472,9375
156,9376
5650,9377
14235,9378
9471,9379
582,9380
252,9381
9492,9382
15893,9383
14448,9384
16081,9385
6264,9386
14410,9387
1204,9388
14828,9389
15763,9390
16510,9391
13430,9392
15211,9393
17205,9394
18953,9395
19413,9396
20247,9397
11178,9398
11783,9399
3526,9400
16817,9401
1356,9402
5611,9403
5012,9404
2448,9405
4368,9406
2511,9407
5685,9408
2907,9409
6027,9410
5286,9411
3480,9412
13892,9413
5694,9414
13980,9415
14275,9416
20264,9417
20054,9418
18260,9419
6693,9420
6993,9421
10218,9422
7314,9423
12710,9424
20249,9425
20282,9426
7403,9427
4287,9428
7425,9429
11866,9430
13589,9431
13179,9432
12216,9433
10931,9434
11535,9435
17975,9436
902,9437
2066,9438
3869,9439
4341,9440
10695,9441
15380,9442
11818,9443
17033,9444
17166,9445
15401,9446
19209,9447
19682,9448
12341,9449
16633,9450
17162,9451
14812,9452
1725,9453
11213,9454
13017,9455
17303,9456
11130,9457
13638,9458
13603,9459
13719,9460
15340,9461
11833,9462
16606,9463
15492,9464
17713,9465
11325,9466
18341,9467
15416,9468
14786,9469
12532,9470
20206,9471
19601,9472
16742,9473
18177,9474
3781,9475
4990,9476
10125,9477
10794,9478
5772,9479
14860,9480
17168,9481
13093,9482
7693,9483
8121,9484
7422,9485
11415,9486
2471,9487
1826,9488
7511,9489
574,9490
245,9491
6771,9492
8622,9493
7990,9494
8076,9495
3138,9496
12623,9497
3146,9498
2510,9499
10740,9500
3819,9501
658,9502
322,9503
9670,9504
8342,9505
15215,9506
9917,9507
4380,9508
2502,9509
3215,9510
494,9511
178,9512
6842,9513
1867,9514
15583,9515
4914,9516
9387,9517
2499,9518
9936,9519
10603,9520
3792,9521
8139,9522
627,9523
294,9524
9959,9525
13818,9526
7406,9527
8036,9528
1197,9529
7454,9530
15611,9531
4409,9532
5011,9533
573,9534
244,9535
8032,9536
9328,9537
14415,9538
3190,9539
2554,9540
1921,9541
10104,9542
1943,9543
519,9544
199,9545
996,9546
18101,9547
12779,9548
14475,9549
9961,9550
9216,9551
5821,9552
2169,9553
9965,9554
6125,9555
13411,9556
15194,9557
6230,9558
6855,9559
3082,9560
4371,9561
4351,9562
19153,9563
388,9564
6245,9565
6802,9566
10024,9567
7483,9568
1285,9569
1202,9570
3114,9571
10666,9572
76,9573
8674,9574
8141,9575
468,9576
152,9577
9966,9578
14126,9579
17029,9580
2736,9581
17631,9582
1796,9583
19796,9584
3664,9585
14515,9586
15185,9587
1698,9588
2190,9589
2331,9590
15635,9591
10163,9592
1243,9593
19420,9594
17401,9595
2391,9596
15114,9597
4163,9598
3551,9599
2946,9600
15647,9601
722,9602
2532,9603
1741,9604
6501,9605
7233,9606
2194,9607
8455,9608
9868,9609
13403,9610
821,9611
3125,9612
4070,9613
5967,9614
13542,9615
17409,9616
6918,9617
12265,9618
2721,9619
4178,9620
9118,9621
13495,9622
14093,9623
9402,9624
13823,9625
9968,9626
17589,9627
12144,9628
18671,9629
9582,9630
9617,9631
2401,9632
12706,9633
1120,9634
15883,9635
19418,9636
4065,9637
4753,9638
5354,9639
12666,9640
9765,9641
13392,9642
9969,9643
2735,9644
8647,9645
5522,9646
14347,9647
11103,9648
15313,9649
15710,9650
17468,9651
2868,9652
2233,9653
5928,9654
867,9655
2768,9656
18077,9657
12758,9658
9970,9659
6179,9660
16502,9661
17942,9662
9290,9663
17355,9664
6884,9665
610,9666
278,9667
9971,9668
11845,9669
9972,9670
17937,9671
13796,9672
3636,9673
12285,9674
15889,9675
6365,9676
6953,9677
1349,9678
13620,9679
2018,9680
14809,9681
20234,9682
4428,9683
5045,9684
12028,9685
14253,9686
16789,9687
11219,9688
1383,9689
1341,9690
13041,9691
18012,9692
12417,9693
19673,9694
20223,9695
1948,9696
3901,9697
19048,9698
427,9699
115,9700
5030,9701
12817,9702
559,9703
231,9704
560,9705
232,9706
5629,9707
13425,9708
14022,9709
499,9710
182,9711
5632,9712
527,9713
205,9714
6885,9715
516,9716
196,9717
7515,9718
412,9719
100,9720
6564,9721
8146,9722
414,9723
102,9724
8166,9725
1050,9726
15426,9727
18594,9728
2636,9729
12775,9730
13452,9731
5542,9732
13231,9733
16619,9734
18048,9735
12713,9736
19625,9737
15959,9738
14886,9739
14760,9740
15963,9741
18429,9742
4252,9743
16422,9744
17010,9745
2687,9746
19752,9747
13688,9748
14873,9749
5368,9750
5737,9751
4503,9752
1821,9753
2485,9754
18472,9755
11240,9756
4148,9757
18585,9758
6697,9759
7035,9760
7063,9761
6432,9762
7318,9763
13922,9764
11256,9765
14216,9766
817,9767
8809,9768
459,9769
143,9770
5937,9771
8848,9772
12258,9773
13346,9774
16707,9775
20102,9776
20254,9777
11730,9778
11778,9779
11824,9780
11771,9781
13604,9782
12548,9783
16025,9784
15507,9785
16048,9786
11162,9787
11174,9788
13011,9789
13605,9790
13736,9791
14785,9792
14918,9793
15508,9794
17903,9795
19496,9796
14919,9797
20158,9798
15510,9799
20314,9800
4211,9801
13105,9802
4811,9803
12500,9804
7892,9805
8519,9806
1724,9807
15399,9808
11188,9809
11767,9810
14328,9811
14331,9812
15374,9813
11340,9814
18994,9815
13734,9816
2358,9817
16725,9818
2987,9819
11896,9820
3607,9821
11293,9822
2352,9823
19005,9824
4212,9825
15398,9826
11758,9827
12377,9828
12411,9829
12549,9830
13592,9831
11943,9832
14329,9833
14921,9834
2341,9835
4200,9836
4800,9837
5416,9838
13733,9839
5401,9840
18883,9841
5597,9842
16728,9843
14702,9844
15292,9845
3316,9846
744,9847
16116,9848
2011,9849
2196,9850
7517,9851
655,9852
319,9853
8613,9854
16705,9855
18309,9856
1732,9857
18232,9858
7743,9859
5857,9860
6362,9861
2681,9862
4036,9863
7249,9864
7293,9865
857,9866
7921,9867
5845,9868
7729,9869
9190,9870
18282,9871
1620,9872
17281,9873
19506,9874
17869,9875
16551,9876
20120,9877
6068,9878
6692,9879
11495,9880
9726,9881
13893,9882
8895,9883
5657,9884
5931,9885
9276,9886
3633,9887
19494,9888
15547,9889
17532,9890
2845,9891
14614,9892
4522,9893
5670,9894
13685,9895
1477,9896
11412,9897
15290,9898
15756,9899
16881,9900
1420,9901
15615,9902
10505,9903
13686,9904
15140,9905
19483,9906
14939,9907
10443,9908
11075,9909
16317,9910
16382,9911
17567,9912
18235,9913
18669,9914
19268,9915
19534,9916
13031,9917
11804,9918
20300,9919
3657,9920
6397,9921
6457,9922
14577,9923
7877,9924
20131,9925
17883,9926
14170,9927
2089,9928
15799,9929
16187,9930
18652,9931
17492,9932
16907,9933
1428,9934
6008,9935
12692,9936
1265,9937
1544,9938
17066,9939
4607,9940
1523,9941
7594,9942
8822,9943
14141,9944
19700,9945
12969,9946
16632,9947
19594,9948
18434,9949
11786,9950
19690,9951
19540,9952
19083,9953
20137,9954
7392,9955
7881,9956
14767,9957
14897,9958
15953,9959
14307,9960
16539,9961
14850,9962
13910,9963
13379,9964
15010,9965
16983,9966
11047,9967
18013,9968
20002,9969
20155,9970
17850,9971
19199,9972
19557,9973
2092,9974
18836,9975
2559,9976
3428,9977
4324,9978
6376,9979
15131,9980
3718,9981
16969,9982
1061,9983
14738,9984
7195,9985
7464,9986
15730,9987
13979,9988
13380,9989
6356,9990
8446,9991
12281,9992
9353,9993
11672,9994
14133,9995
13535,9996
15040,9997
9813,9998
19930,9999
9867,10000
6470,10001
7099,10002
6991,10003
5686,10004
15273,10005
12665,10006
1988,10007
15325,10008
4382,10009
17324,10010
9913,10011
19131,10012
5945,10013
5338,10014
11466,10015
8894,10016
14387,10017
17484,10018
7982,10019
19797,10020
12431,10021
20279,10022
2746,10023
12437,10024
14376,10025
6437,10026
9681,10027
7599,10028
8204,10029
13038,10030
14801,10031
11351,10032
19029,10033
20179,10034
11954,10035
14740,10036
16520,10037
17990,10038
4819,10039
13780,10040
9757,10041
10270,10042
1404,10043
10991,10044
14017,10045
7957,10046
10308,10047
15220,10048
17094,10049
6083,10050
7702,10051
2153,10052
13372,10053
17395,10054
8840,10055
10066,10056
16892,10057
3092,10058
3347,10059
2457,10060
15870,10061
3565,10062
5978,10063
7203,10064
7833,10065
14449,10066
9973,10067
9306,10068
9967,10069
15007,10070
3785,10071
2439,10072
9411,10073
2523,10074
7507,10075
454,10076
139,10077
9974,10078
6114,10079
8759,10080
9422,10081
5176,10082
9976,10083
10643,10084
1213,10085
4300,10086
3821,10087
5566,10088
4966,10089
2504,10090
626,10091
293,10092
9380,10093
10043,10094
4993,10095
4392,10096
10087,10097
7358,10098
1941,10099
355,10100
49,10101
9977,10102
10473,10103
12181,10104
2128,10105
12567,10106
4399,10107
1735,10108
14341,10109
7920,10110
13418,10111
15199,10112
7977,10113
8968,10114
10728,10115
6218,10116
6843,10117
8972,10118
9885,10119
18643,10120
18043,10121
7349,10122
10303,10123
3697,10124
11285,10125
11155,10126
4288,10127
9940,10128
8039,10129
3734,10130
9979,10131
10752,10132
5576,10133
14489,10134
12842,10135
14641,10136
11700,10137
13450,10138
14710,10139
19472,10140
2141,10141
3369,10142
3476,10143
4674,10144
6440,10145
16527,10146
7004,10147
8431,10148
16534,10149
8573,10150
1047,10151
11605,10152
12891,10153
13406,10154
14119,10155
14693,10156
14100,10157
1558,10158
16370,10159
10426,10160
16451,10161
1683,10162
17026,10163
10344,10164
17525,10165
16939,10166
17611,10167
18120,10168
18666,10169
19322,10170
19373,10171
17045,10172
17057,10173
17068,10174
2208,10175
14664,10176
2329,10177
4002,10178
4038,10179
15705,10180
5219,10181
16434,10182
5261,10183
4662,10184
5948,10185
11053,10186
12201,10187
16526,10188
17116,10189
17630,10190
2969,10191
5345,10192
7125,10193
1707,10194
7151,10195
18279,10196
20074,10197
7710,10198
7837,10199
865,10200
16536,10201
12937,10202
872,10203
10333,10204
876,10205
9189,10206
13548,10207
14147,10208
19486,10209
4199,10210
6955,10211
457,10212
142,10213
7585,10214
421,10215
109,10216
433,10217
121,10218
513,10219
194,10220
960,10221
9646,10222
5812,10223
15940,10224
17696,10225
13248,10226
396,10227
84,10228
9761,10229
1074,10230
17701,10231
6323,10232
446,10233
133,10234
470,10235
154,10236
482,10237
166,10238
998,10239
17403,10240
3856,10241
10187,10242
1288,10243
19331,10244
19425,10245
20021,10246
3887,10247
14537,10248
3779,10249
5631,10250
413,10251
101,10252
6886,10253
625,10254
292,10255
7521,10256
2615,10257
14018,10258
3692,10259
2587,10260
5949,10261
3993,10262
4599,10263
649,10264
315,10265
8600,10266
3222,10267
633,10268
299,10269
9074,10270
9436,10271
5032,10272
634,10273
300,10274
9502,10275
4160,10276
740,10277
16995,10278
12109,10279
19759,10280
19951,10281
19171,10282
4693,10283
17559,10284
5599,10285
3828,10286
373,10287
5652,10288
13101,10289
19950,10290
4519,10291
63,10292
6537,10293
19134,10294
7825,10295
3528,10296
8203,10297
12477,10298
13504,10299
19776,10300
2776,10301
3248,10302
12234,10303
16675,10304
18531,10305
2995,10306
11872,10307
2360,10308
19106,10309
4118,10310
2276,10311
2525,10312
4817,10313
18503,10314
11743,10315
19713,10316
19507,10317
11289,10318
18936,10319
11892,10320
20103,10321
5344,10322
6402,10323
6625,10324
2353,10325
11270,10326
8436,10327
8696,10328
4431,10329
650,10330
316,10331
8967,10332
6727,10333
16374,10334
19146,10335
9804,10336
17994,10337
3858,10338
16319,10339
11444,10340
2284,10341
4159,10342
20343,10343
7887,10344
12230,10345
9500,10346
1499,10347
14468,10348
15473,10349
11118,10350
16115,10351
11722,10352
13576,10353
16704,10354
17294,10355
17727,10356
13044,10357
19438,10358
18522,10359
5216,10360
5956,10361
5968,10362
6583,10363
1887,10364
10879,10365
1251,10366
10078,10367
17064,10368
8849,10369
11246,10370
13445,10371
14380,10372
1590,10373
1688,10374
17797,10375
18216,10376
12878,10377
18393,10378
14971,10379
19369,10380
11203,10381
19566,10382
19091,10383
17149,10384
14293,10385
17735,10386
17292,10387
19512,10388
17880,10389
20108,10390
11226,10391
15969,10392
16023,10393
18476,10394
20287,10395
20144,10396
19687,10397
19546,10398
13084,10399
16591,10400
13082,10401
18945,10402
18469,10403
18353,10404
19073,10405
16581,10406
19680,10407
17167,10408
14382,10409
18956,10410
13787,10411
1503,10412
2132,10413
3468,10414
4675,10415
16152,10416
4680,10417
4077,10418
17979,10419
3245,10420
11054,10421
12117,10422
12725,10423
16410,10424
13249,10425
13836,10426
12213,10427
5784,10428
12668,10429
5664,10430
10668,10431
1167,10432
15824,10433
16435,10434
15849,10435
1803,10436
15545,10437
13432,10438
14029,10439
13860,10440
6445,10441
6897,10442
2772,10443
13866,10444
3024,10445
5815,10446
7003,10447
1835,10448
11414,10449
2475,10450
705,10451
14628,10452
4912,10453
17359,10454
16782,10455
16195,10456
12017,10457
4949,10458
7440,10459
6817,10460
3687,10461
16198,10462
450,10463
135,10464
7782,10465
5898,10466
14392,10467
6393,10468
13797,10469
17348,10470
2302,10471
13254,10472
7520,10473
12614,10474
10560,10475
18197,10476
7621,10477
777,10478
16431,10479
4917,10480
15612,10481
16070,10482
15525,10483
14107,10484
14116,10485
14585,10486
1157,10487
12121,10488
15176,10489
15288,10490
13507,10491
15375,10492
16333,10493
16498,10494
16932,10495
17245,10496
18028,10497
18971,10498
17831,10499
19572,10500
19834,10501
3945,10502
4640,10503
1556,10504
485,10505
169,10506
5656,10507
13926,10508
15636,10509
5872,10510
6131,10511
1150,10512
16175,10513
6657,10514
6904,10515
7733,10516
7757,10517
7788,10518
12048,10519
7797,10520
8000,10521
13225,10522
7353,10523
7337,10524
10008,10525
4346,10526
8013,10527
15600,10528
10420,10529
8170,10530
13479,10531
1618,10532
3096,10533
16199,10534
13668,10535
11352,10536
10455,10537
11065,10538
11780,10539
12209,10540
12883,10541
14243,10542
18950,10543
13648,10544
11175,10545
11354,10546
19455,10547
10900,10548
12718,10549
3589,10550
4174,10551
426,10552
114,10553
4618,10554
6079,10555
12096,10556
11041,10557
18744,10558
19265,10559
11533,10560
6297,10561
2328,10562
19169,10563
6707,10564
12855,10565
17436,10566
1752,10567
2149,10568
2223,10569
1588,10570
4571,10571
4880,10572
18743,10573
3350,10574
15237,10575
7189,10576
8252,10577
7558,10578
2814,10579
12643,10580
8371,10581
14536,10582
15127,10583
8275,10584
8471,10585
8576,10586
19128,10587
3558,10588
5364,10589
8645,10590
19200,10591
2968,10592
7819,10593
18059,10594
19852,10595
8672,10596
4334,10597
5529,10598
4927,10599
3755,10600
5562,10601
8688,10602
4973,10603
5573,10604
10003,10605
10721,10606
2508,10607
8726,10608
879,10609
2779,10610
8833,10611
7424,10612
3162,10613
15315,10614
11432,10615
6268,10616
10056,10617
15725,10618
17091,10619
6888,10620
684,10621
341,10622
6923,10623
17585,10624
15649,10625
10189,10626
13083,10627
1911,10628
19556,10629
20016,10630
17996,10631
1368,10632
1051,10633
2364,10634
18382,10635
11411,10636
20154,10637
10619,10638
8297,10639
12015,10640
8572,10641
15087,10642
17459,10643
1913,10644
13999,10645
1957,10646
5159,10647
524,10648
202,10649
5387,10650
3580,10651
13851,10652
3233,10653
18819,10654
5380,10655
5608,10656
2548,10657
6603,10658
7228,10659
17978,10660
8176,10661
18149,10662
2771,10663
12648,10664
3087,10665
4557,10666
6405,10667
8705,10668
11740,10669
11787,10670
13569,10671
15354,10672
17325,10673
18366,10674
18529,10675
19132,10676
19615,10677
11140,10678
11182,10679
10127,10680
17193,10681
10520,10682
19579,10683
6024,10684
7823,10685
8795,10686
8821,10687
13327,10688
16829,10689
3184,10690
18607,10691
17946,10692
16844,10693
11296,10694
12972,10695
15100,10696
1138,10697
15459,10698
6941,10699
11292,10700
14281,10701
15190,10702
18332,10703
8886,10704
1843,10705
718,10706
19087,10707
17286,10708
3411,10709
4799,10710
5761,10711
16868,10712
4898,10713
13029,10714
13018,10715
11319,10716
11591,10717
17125,10718
14956,10719
5758,10720
5802,10721
19283,10722
5861,10723
15193,10724
14871,10725
15975,10726
18934,10727
20091,10728
6562,10729
7266,10730
7282,10731
7894,10732
3594,10733
10921,10734
11061,10735
11525,10736
17639,10737
17640,10738
6031,10739
12791,10740
10973,10741
18092,10742
18228,10743
19389,10744
19985,10745
2184,10746
2259,10747
2315,10748
4611,10749
1525,10750
6552,10751
7178,10752
7032,10753
7660,10754
8489,10755
8611,10756
8811,10757
615,10758
282,10759
8916,10760
8947,10761
11209,10762
17791,10763
18069,10764
18319,10765
20253,10766
16013,10767
17756,10768
16087,10769
17170,10770
1726,10771
5422,10772
12380,10773
16612,10774
3662,10775
6094,10776
7268,10777
20070,10778
17702,10779
16406,10780
18877,10781
19197,10782
18016,10783
16755,10784
2936,10785
4081,10786
3543,10787
7304,10788
7932,10789
18667,10790
7934,10791
13356,10792
12743,10793
8308,10794
17902,10795
13207,10796
8712,10797
2267,10798
15102,10799
5182,10800
20086,10801
16050,10802
8987,10803
8325,10804
10355,10805
5215,10806
16221,10807
1335,10808
11687,10809
19765,10810
8828,10811
19902,10812
9087,10813
13962,10814
9194,10815
4353,10816
9244,10817
9305,10818
9312,10819
11666,10820
10934,10821
19868,10822
9320,10823
2517,10824
3197,10825
2561,10826
3127,10827
6258,10828
586,10829
256,10830
933,10831
14038,10832
12225,10833
1447,10834
16212,10835
11108,10836
2461,10837
6893,10838
7346,10839
12441,10840
15364,10841
13048,10842
11788,10843
12395,10844
18430,10845
19033,10846
11183,10847
20324,10848
7516,10849
591,10850
260,10851
8468,10852
6959,10853
19158,10854
3625,10855
13579,10856
17255,10857
14176,10858
20162,10859
2432,10860
3068,10861
5751,10862
3705,10863
19222,10864
15168,10865
18619,10866
1234,10867
11010,10868
6240,10869
14777,10870
16735,10871
17730,10872
17759,10873
14381,10874
17811,10875
16026,10876
10789,10877
17143,10878
15483,10879
14155,10880
12472,10881
12979,10882
11272,10883
13557,10884
13036,10885
15800,10886
16615,10887
17173,10888
14972,10889
17176,10890
10522,10891
17711,10892
17762,10893
18327,10894
1291,10895
20094,10896
1927,10897
2384,10898
3019,10899
5267,10900
2286,10901
7236,10902
11362,10903
7441,10904
15206,10905
15297,10906
14707,10907
13250,10908
7854,10909
4015,10910
6448,10911
10828,10912
9083,10913
9200,10914
10506,10915
5964,10916
13468,10917
12861,10918
9303,10919
9331,10920
13914,10921
18775,10922
2199,10923
12818,10924
4331,10925
13518,10926
3940,10927
14401,10928
14700,10929
2797,10930
18761,10931
16991,10932
5311,10933
4712,10934
5760,10935
13958,10936
14994,10937
17518,10938
14683,10939
14089,10940
2707,10941
3876,10942
2939,10943
6974,10944
8033,10945
14372,10946
7633,10947
19239,10948
3729,10949
18624,10950
11407,10951
16354,10952
3438,10953
18855,10954
4150,10955
18244,10956
12905,10957
10842,10958
8962,10959
11356,10960
10368,10961
18259,10962
19450,10963
4028,10964
16925,10965
9369,10966
10032,10967
9389,10968
2487,10969
1307,10970
495,10971
179,10972
9395,10973
18058,10974
15282,10975
13502,10976
18620,10977
2392,10978
9419,10979
8756,10980
10717,10981
1861,10982
1225,10983
4972,10984
1880,10985
10693,10986
8698,10987
1306,10988
496,10989
180,10990
9459,10991
16248,10992
8133,10993
7981,10994
11938,10995
1071,10996
1580,10997
15937,10998
1682,10999
18890,11000
19883,11001
2973,11002
7715,11003
7755,11004
945,11005
11651,11006
11045,11007
2062,11008
2009,11009
17649,11010
9468,11011
395,11012
6800,11013
83,11014
9254,11015
4901,11016
10660,11017
8065,11018
5594,11019
3789,11020
1816,11021
1181,11022
10804,11023
483,11024
167,11025
9578,11026
16206,11027
16443,11028
4508,11029
1326,11030
19386,11031
3028,11032
10887,11033
10894,11034
4852,11035
12269,11036
11663,11037
2889,11038
7279,11039
8913,11040
3266,11041
11541,11042
6087,11043
16956,11044
4248,11045
17622,11046
18133,11047
18733,11048
8432,11049
7769,11050
9576,11051
5065,11052
14633,11053
3112,11054
2477,11055
9327,11056
17341,11057
18106,11058
17521,11059
9587,11060
9639,11061
18245,11062
2101,11063
1159,11064
3341,11065
12228,11066
4289,11067
19288,11068
4051,11069
16947,11070
13869,11071
7124,11072
7150,11073
11713,11074
12320,11075
10238,11076
8969,11077
1779,11078
7086,11079
4764,11080
5365,11081
15039,11082
4442,11083
13438,11084
5875,11085
19775,11086
3852,11087
15790,11088
19725,11089
18894,11090
2959,11091
1057,11092
3335,11093
6870,11094
1639,11095
7616,11096
5092,11097
19444,11098
15789,11099
16376,11100
7776,11101
7695,11102
9355,11103
1046,11104
8994,11105
9640,11106
11394,11107
15088,11108
14390,11109
1000,11110
1554,11111
16471,11112
16839,11113
18858,11114
19812,11115
13212,11116
16388,11117
3434,11118
3561,11119
4547,11120
15112,11121
4355,11122
17075,11123
16894,11124
18658,11125
4999,11126
5157,11127
2453,11128
4030,11129
5164,11130
5944,11131
14497,11132
10097,11133
14745,11134
13642,11135
19577,11136
12509,11137
19522,11138
20118,11139
4855,11140
5456,11141
18801,11142
12257,11143
5484,11144
6382,11145
10920,11146
7096,11147
7640,11148
13816,11149
14047,11150
15703,11151
18705,11152
16934,11153
11459,11154
10215,11155
15276,11156
2441,11157
13134,11158
7995,11159
15925,11160
17035,11161
18206,11162
8310,11163
2411,11164
12867,11165
854,11166
5878,11167
5272,11168
3906,11169
883,11170
19949,11171
19352,11172
6957,11173
9021,11174
5214,11175
892,11176
15634,11177
9256,11178
17578,11179
16928,11180
13986,11181
6353,11182
3890,11183
11529,11184
10242,11185
15327,11186
8114,11187
19120,11188
9755,11189
11808,11190
12414,11191
10570,11192
15101,11193
6075,11194
5452,11195
8482,11196
9052,11197
9101,11198
9717,11199
17411,11200
8866,11201
13334,11202
5472,11203
12000,11204
7028,11205
12601,11206
10479,11207
6530,11208
9777,11209
10445,11210
9569,11211
11420,11212
1338,11213
13795,11214
10874,11215
10762,11216
1321,11217
15684,11218
10670,11219
13489,11220
17533,11221
19975,11222
20076,11223
676,11224
333,11225
8657,11226
8982,11227
8320,11228
12680,11229
10229,11230
11019,11231
17047,11232
19993,11233
16507,11234
17093,11235
4379,11236
8642,11237
10290,11238
9475,11239
680,11240
337,11241
9596,11242
2669,11243
10053,11244
15328,11245
15043,11246
18615,11247
15840,11248
2239,11249
4577,11250
14094,11251
8534,11252
12934,11253
4277,11254
15685,11255
4376,11256
2526,11257
8491,11258
18274,11259
10232,11260
432,11261
120,11262
891,11263
6377,11264
9362,11265
9780,11266
7597,11267
2641,11268
12307,11269
13849,11270
1834,11271
13307,11272
1498,11273
1958,11274
4138,11275
4851,11276
9278,11277
11390,11278
18649,11279
18049,11280
9375,11281
13370,11282
1524,11283
3337,11284
2835,11285
6700,11286
5169,11287
5485,11288
7144,11289
14650,11290
14056,11291
8904,11292
10816,11293
1526,11294
3913,11295
2003,11296
17472,11297
12658,11298
1976,11299
14998,11300
17920,11301
12835,11302
3746,11303
16424,11304
8413,11305
2713,11306
9226,11307
3356,11308
4581,11309
20007,11310
10832,11311
4770,11312
698,11313
19370,11314
5789,11315
8596,11316
11017,11317
3512,11318
4116,11319
8911,11320
8986,11321
9650,11322
1489,11323
9791,11324
15316,11325
15910,11326
9827,11327
10497,11328
9852,11329
5396,11330
4795,11331
12792,11332
12184,11333
9854,11334
20058,11335
15329,11336
8254,11337
5677,11338
10164,11339
6032,11340
10478,11341
1018,11342
1944,11343
19596,11344
491,11345
175,11346
7644,11347
7997,11348
10282,11349
18617,11350
1215,11351
19803,11352
1119,11353
4432,11354
351,11355
45,11356
4542,11357
14596,11358
4574,11359
4878,11360
5343,11361
6398,11362
830,11363
3723,11364
8580,11365
7192,11366
18087,11367
18687,11368
17385,11369
8792,11370
17417,11371
1780,11372
20205,11373
17793,11374
4864,11375
7645,11376
18401,11377
18402,11378
18995,11379
19600,11380
10543,11381
5287,11382
5476,11383
18676,11384
12149,11385
15064,11386
8817,11387
12019,11388
16045,11389
19538,11390
4168,11391
7222,11392
15041,11393
9221,11394
9483,11395
12104,11396
16802,11397
19391,11398
2598,11399
1020,11400
19683,11401
17175,11402
20283,11403
16002,11404
10523,11405
17761,11406
5190,11407
5420,11408
15019,11409
13296,11410
1208,11411
18066,11412
18665,11413
19931,11414
18136,11415
20192,11416
5480,11417
16274,11418
1757,11419
19214,11420
19819,11421
1112,11422
16405,11423
18148,11424
12240,11425
2088,11426
1851,11427
3159,11428
19965,11429
5868,11430
6450,11431
4054,11432
3452,11433
5138,11434
7224,11435
7666,11436
8538,11437
17670,11438
18251,11439
14111,11440
14704,11441
2061,11442
9532,11443
19246,11444
3326,11445
15032,11446
4407,11447
1149,11448
11520,11449
10916,11450
15448,11451
2076,11452
4483,11453
13673,11454
16000,11455
13786,11456
17144,11457
17878,11458
14686,11459
16453,11460
13634,11461
14203,11462
13742,11463
16610,11464
14337,11465
12326,11466
10322,11467
16726,11468
13995,11469
15301,11470
17419,11471
10120,11472
10565,11473
15496,11474
12733,11475
17110,11476
17462,11477
18939,11478
20073,11479
3375,11480
4194,11481
4594,11482
4803,11483
13895,11484
10790,11485
11593,11486
4804,11487
16854,11488
14027,11489
15098,11490
10000,11491
12268,11492
17447,11493
2394,11494
12125,11495
2761,11496
17483,11497
16898,11498
16806,11499
3123,11500
5193,11501
3525,11502
5293,11503
4694,11504
5859,11505
5893,11506
6585,11507
4767,11508
5785,11509
6411,11510
6679,11511
7149,11512
7679,11513
7050,11514
18748,11515
4087,11516
5140,11517
7745,11518
15162,11519
7835,11520
15702,11521
12115,11522
8326,11523
8492,11524
2926,11525
10411,11526
9253,11527
5166,11528
18399,11529
16582,11530
18997,11531
11950,11532
18276,11533
16529,11534
13971,11535
18277,11536
15210,11537
20082,11538
1471,11539
15662,11540
2098,11541
12088,11542
1700,11543
2433,11544
11007,11545
16860,11546
16178,11547
16766,11548
2970,11549
2724,11550
3035,11551
15746,11552
17665,11553
3348,11554
12001,11555
17445,11556
16758,11557
19978,11558
3693,11559
1597,11560
4007,11561
4173,11562
4776,11563
5270,11564
5747,11565
15663,11566
1763,11567
19991,11568
2191,11569
4072,11570
2978,11571
14280,11572
6388,11573
6593,11574
6620,11575
14758,11576
15995,11577
18337,11578
14818,11579
11797,11580
19644,11581
11180,11582
15348,11583
18527,11584
20136,11585
1101,11586
20338,11587
4223,11588
17786,11589
13765,11590
18381,11591
13176,11592
18760,11593
14601,11594
15192,11595
4744,11596
4141,11597
4809,11598
1090,11599
20185,11600
14370,11601
4209,11602
14961,11603
18708,11604
18108,11605
11099,11606
19941,11607
5455,11608
13474,11609
12246,11610
12853,11611
14072,11612
10502,11613
6455,11614
14573,11615
12832,11616
6720,11617
6968,11618
2642,11619
10710,11620
14612,11621
7651,11622
13799,11623
15576,11624
7847,11625
7955,11626
10963,11627
1462,11628
16920,11629
18000,11630
10589,11631
18023,11632
15165,11633
2495,11634
3109,11635
3354,11636
3430,11637
5146,11638
5765,11639
1127,11640
7139,11641
15867,11642
7437,11643
7811,11644
7967,11645
8323,11646
5277,11647
8410,11648
16975,11649
7051,11650
7680,11651
14465,11652
1345,11653
11090,11654
13646,11655
18351,11656
14832,11657
12995,11658
14344,11659
18368,11660
14934,11661
20049,11662
15324,11663
17613,11664
18198,11665
16821,11666
7795,11667
8427,11668
8484,11669
12296,11670
12904,11671
8579,11672
12180,11673
3481,11674
860,11675
8716,11676
5508,11677
11994,11678
19247,11679
18647,11680
13271,11681
877,11682
15943,11683
11871,11684
8952,11685
3075,11686
8971,11687
11400,11688
9090,11689
9092,11690
14146,11691
16641,11692
9174,11693
9343,11694
17477,11695
1457,11696
4370,11697
7452,11698
6528,11699
9625,11700
13224,11701
9636,11702
1679,11703
17314,11704
18823,11705
18278,11706
19490,11707
5697,11708
354,11709
48,11710
7471,11711
7630,11712
9359,11713
7950,11714
17065,11715
18626,11716
3091,11717
1179,11718
7221,11719
9685,11720
974,11721
9743,11722
12063,11723
9747,11724
10415,11725
17663,11726
12918,11727
10268,11728
9807,11729
11673,11730
2716,11731
3888,11732
11574,11733
3469,11734
15059,11735
7375,11736
11855,11737
11166,11738
19017,11739
3614,11740
6618,11741
19593,11742
13189,11743
5417,11744
12584,11745
1530,11746
8841,11747
13948,11748
14830,11749
17782,11750
19714,11751
12353,11752
14169,11753
14953,11754
15543,11755
20059,11756
6536,11757
8418,11758
893,11759
9789,11760
981,11761
9816,11762
9817,11763
15335,11764
19696,11765
9832,11766
9070,11767
9858,11768
9915,11769
17252,11770
12989,11771
17293,11772
11142,11773
11746,11774
18498,11775
19101,11776
12356,11777
11922,11778
16540,11779
18484,11780
15954,11781
19694,11782
11152,11783
20128,11784
7301,11785
7928,11786
1537,11787
2167,11788
3932,11789
6308,11790
11957,11791
1308,11792
1362,11793
16862,11794
1751,11795
18320,11796
2368,11797
16554,11798
19090,11799
19510,11800
12582,11801
20119,11802
13187,11803
18690,11804
403,11805
4188,11806
3585,11807
6181,11808
8653,11809
15666,11810
15679,11811
13530,11812
15682,11813
13353,11814
16994,11815
3750,11816
3829,11817
3985,11818
4541,11819
1178,11820
604,11821
272,11822
6551,11823
18812,11824
6738,11825
7348,11826
803,11827
10209,11828
18717,11829
19113,11830
5723,11831
4484,11832
12274,11833
13619,11834
15957,11835
13028,11836
11805,11837
17714,11838
17779,11839
11254,11840
16010,11841
17771,11842
2388,11843
3023,11844
4031,11845
5257,11846
1076,11847
12081,11848
10871,11849
12297,11850
2403,11851
6992,11852
1412,11853
13088,11854
17494,11855
2918,11856
5727,11857
4491,11858
19636,11859
12974,11860
12482,11861
13584,11862
14773,11863
19030,11864
14177,11865
17784,11866
19918,11867
19323,11868
19474,11869
12734,11870
4816,11871
6050,11872
6654,11873
4172,11874
3569,11875
6674,11876
7308,11877
7313,11878
7678,11879
7726,11880
5842,11881
7936,11882
7681,11883
7941,11884
13925,11885
823,11886
4544,11887
4601,11888
6119,11889
14649,11890
15761,11891
15333,11892
13119,11893
7014,11894
10015,11895
8288,11896
14995,11897
8321,11898
8475,11899
4589,11900
3983,11901
8757,11902
19234,11903
2843,11904
8943,11905
4322,11906
10285,11907
15397,11908
13020,11909
7300,11910
9062,11911
9051,11912
8388,11913
15036,11914
13242,11915
18418,11916
11193,11917
16769,11918
13894,11919
1298,11920
14560,11921
2112,11922
3188,11923
17423,11924
2965,11925
3429,11926
15257,11927
14667,11928
3696,11929
11677,11930
12141,11931
3956,11932
19282,11933
4171,11934
6107,11935
1689,11936
7052,11937
7061,11938
7636,11939
10650,11940
11086,11941
12103,11942
8392,11943
15076,11944
10227,11945
15797,11946
16384,11947
19312,11948
3509,11949
5315,11950
6632,11951
12955,11952
6007,11953
12348,11954
13766,11955
15966,11956
14361,11957
7182,11958
3441,11959
8409,11960
11679,11961
18838,11962
6600,11963
5973,11964
8983,11965
17450,11966
15693,11967
9006,11968
9011,11969
19259,11970
18660,11971
91,11972
9162,11973
16486,11974
9352,11975
943,11976
17121,11977
7019,11978
10049,11979
10718,11980
7252,11981
950,11982
1585,11983
956,11984
10424,11985
11083,11986
12903,11987
6963,11988
9568,11989
9896,11990
16337,11991
19286,11992
12823,11993
11005,11994
4561,11995
15896,11996
4569,11997
19394,11998
3671,11999
15117,12000
5191,12001
4592,12002
5858,12003
9280,12004
18674,12005
14579,12006
15170,12007
9773,12008
9935,12009
9938,12010
4166,12011
13390,12012
13989,12013
12654,12014
9954,12015
11523,12016
14074,12017
13456,12018
14053,12019
15268,12020
13486,12021
16219,12022
10159,12023
11638,12024
17528,12025
18728,12026
16960,12027
3318,12028
2016,12029
15936,12030
16395,12031
3685,12032
4032,12033
7766,12034
17691,12035
15935,12036
5130,12037
7896,12038
8350,12039
8736,12040
15515,12041
9584,12042
15621,12043
17469,12044
8650,12045
14326,12046
9709,12047
10379,12048
10257,12049
2662,12050
1492,12051
2756,12052
4400,12053
13149,12054
20080,12055
5730,12056
5095,12057
12723,12058
15912,12059
15218,12060
10437,12061
6149,12062
11940,12063
9964,12064
4549,12065
19632,12066
10298,12067
13607,12068
14587,12069
14711,12070
20291,12071
12368,12072
6055,12073
5225,12074
3418,12075
5729,12076
7780,12077
7142,12078
4079,12079
10272,12080
9942,12081
16877,12082
17651,12083
9980,12084
1244,12085
1270,12086
5591,12087
8048,12088
6169,12089
8626,12090
6206,12091
6831,12092
6882,12093
445,12094
132,12095
9981,12096
14413,12097
10802,12098
509,12099
190,12100
9983,12101
8678,12102
10671,12103
3211,12104
435,12105
122,12106
9987,12107
10654,12108
11877,12109
1086,12110
13788,12111
2752,12112
2185,12113
2910,12114
1006,12115
16908,12116
17493,12117
13877,12118
4887,12119
1628,12120
13997,12121
5777,12122
7089,12123
19777,12124
9513,12125
10897,12126
9613,12127
19886,12128
9910,12129
3358,12130
10577,12131
1549,12132
2105,12133
2861,12134
4762,12135
5363,12136
6480,12137
6755,12138
962,12139
10432,12140
3331,12141
3293,12142
10579,12143
16957,12144
18804,12145
4509,12146
5641,12147
11006,12148
2079,12149
13845,12150
14706,12151
6972,12152
748,12153
14098,12154
6733,12155
6095,12156
7969,12157
17305,12158
14159,12159
7987,12160
8106,12161
18017,12162
8401,12163
8578,12164
1625,12165
6182,12166
3043,12167
12434,12168
20182,12169
7839,12170
8542,12171
2942,12172
3547,12173
8550,12174
3435,12175
12190,12176
4802,12177
8768,12178
17848,12179
11157,12180
12591,12181
6412,12182
5786,12183
12572,12184
8919,12185
3272,12186
5512,12187
5976,12188
7960,12189
14669,12190
8592,12191
11853,12192
19565,12193
14383,12194
15129,12195
6403,12196
12590,12197
2146,12198
2780,12199
15945,12200
9211,12201
8386,12202
9238,12203
7027,12204
10562,12205
15181,12206
7209,12207
2133,12208
5783,12209
9275,12210
16852,12211
15306,12212
19939,12213
19342,12214
5487,12215
13120,12216
11744,12217
12560,12218
18862,12219
19460,12220
6108,12221
6511,12222
7912,12223
845,12224
11659,12225
6726,12226
10358,12227
12095,12228
17025,12229
4274,12230
1490,12231
16946,12232
4034,12233
5702,12234
16792,12235
3668,12236
17049,12237
2547,12238
14420,12239
14232,12240
12397,12241
20345,12242
3966,12243
1621,12244
13510,12245
15291,12246
6464,12247
2699,12248
8205,12249
17945,12250
10724,12251
5233,12252
6708,12253
16709,12254
13570,12255
4242,12256
18832,12257
17647,12258
15532,12259
4121,12260
3517,12261
2342,12262
17424,12263
12086,12264
14990,12265
16497,12266
15691,12267
16278,12268
15046,12269
17444,12270
3171,12271
15687,12272
4885,12273
7193,12274
7186,12275
7351,12276
14570,12277
16430,12278
16846,12279
2521,12280
2799,12281
2164,12282
10273,12283
3554,12284
17644,12285
6435,12286
16356,12287
15769,12288
7374,12289
8002,12290
1542,12291
8270,12292
8293,12293
3189,12294
17948,12295
8346,12296
8434,12297
7140,12298
14935,12299
15321,12300
15915,12301
18290,12302
8453,12303
853,12304
9064,12305
9116,12306
4201,12307
9140,12308
8478,12309
9144,12310
12645,12311
9240,12312
18010,12313
10486,12314
18545,12315
14510,12316
12605,12317
1485,12318
1685,12319
18683,12320
10930,12321
3426,12322
3491,12323
5284,12324
6596,12325
5969,12326
15065,12327
959,12328
1594,12329
19489,12330
9626,12331
9289,12332
9612,12333
5538,12334
19141,12335
5800,12336
9627,12337
13222,12338
5143,12339
7446,12340
3034,12341
16864,12342
9656,12343
17675,12344
17090,12345
17988,12346
9519,12347
13338,12348
6340,12349
9714,12350
19130,12351
9779,12352
9808,12353
3454,12354
4056,12355
8921,12356
9912,12357
5752,12358
10489,12359
1785,12360
5780,12361
2269,12362
1634,12363
8356,12364
8361,12365
9023,12366
3317,12367
9988,12368
10602,12369
6173,12370
8052,12371
19626,12372
14171,12373
14237,12374
12394,12375
11981,12376
13574,12377
11377,12378
14770,12379
14883,12380
14173,12381
14955,12382
15752,12383
16016,12384
18940,12385
16124,12386
14162,12387
14759,12388
1744,12389
19531,12390
14825,12391
14799,12392
16144,12393
20107,12394
14364,12395
20127,12396
16733,12397
20224,12398
19590,12399
20169,12400
2386,12401
3650,12402
5463,12403
15808,12404
5886,12405
5946,12406
9739,12407
999,12408
15078,12409
7581,12410
11015,12411
11917,12412
11733,12413
13731,12414
15643,12415
1711,12416
18160,12417
1990,12418
10999,12419
13635,12420
13004,12421
19955,12422
15941,12423
15669,12424
10291,12425
13223,12426
1788,12427
19218,12428
19958,12429
2949,12430
3319,12431
18561,12432
11290,12433
14182,12434
16503,12435
18519,12436
19466,12437
20081,12438
3601,12439
4566,12440
17352,12441
5298,12442
10360,12443
5713,12444
746,12445
11018,12446
16399,12447
16708,12448
12958,12449
14325,12450
16801,12451
1712,12452
19487,12453
8154,12454
13336,12455
16062,12456
16281,12457
12035,12458
11423,12459
11887,12460
13976,12461
15209,12462
18284,12463
18885,12464
18978,12465
11342,12466
20083,12467
10873,12468
17951,12469
17366,12470
2975,12471
4213,12472
11345,12473
2338,12474
5531,12475
8126,12476
5579,12477
10634,12478
10786,12479
8532,12480
20071,12481
16518,12482
15932,12483
8784,12484
6255,12485
1933,12486
10128,12487
552,12488
226,12489
8235,12490
407,12491
8294,12492
1828,12493
3180,12494
1271,12495
4298,12496
8615,12497
8803,12498
408,12499
9398,12500
7654,12501
95,12502
96,12503
9833,12504
19223,12505
10082,12506
9990,12507
4325,12508
5622,12509
365,12510
57,12511
6209,12512
10746,12513
8740,12514
5563,12515
1873,12516
3769,12517
8085,12518
10723,12519
6158,12520
3213,12521
378,12522
68,12523
9991,12524
8286,12525
10658,12526
12304,12527
12750,12528
14565,12529
6430,12530
8265,12531
9992,12532
8143,12533
449,12534
134,12535
9993,12536
7961,12537
2575,12538
405,12539
93,12540
9996,12541
13912,12542
18541,12543
11571,12544
2769,12545
5880,12546
8970,12547
13813,12548
14408,12549
17653,12550
7609,12551
19164,12552
20210,12553
4907,12554
3712,12555
3965,12556
1116,12557
7703,12558
16811,12559
8839,12560
13805,12561
13928,12562
15582,12563
10572,12564
14511,12565
15159,12566
16266,12567
16861,12568
17185,12569
1817,12570
20062,12571
20197,12572
14379,12573
2313,12574
2947,12575
3027,12576
3378,12577
3980,12578
4840,12579
13553,12580
18598,12581
19637,12582
13000,12583
13566,12584
13597,12585
13775,12586
14350,12587
19303,12588
10883,12589
10561,12590
12739,12591
17063,12592
19212,12593
17534,12594
1892,12595
10416,12596
12859,12597
13466,12598
19567,12599
20098,12600
20333,12601
14109,12602
19793,12603
17344,12604
12105,12605
19196,12606
1066,12607
15124,12608
15579,12609
2300,12610
2387,12611
17545,12612
13306,12613
10457,12614
14647,12615
15238,12616
1749,12617
12192,12618
18190,12619
3204,12620
1923,12621
3349,12622
19748,12623
17514,12624
4617,12625
4756,12626
5123,12627
5465,12628
4689,12629
13303,12630
15577,12631
10312,12632
13314,12633
15593,12634
18015,12635
12179,12636
18789,12637
1889,12638
19873,12639
5195,12640
5290,12641
5754,12642
6476,12643
6925,12644
13975,12645
12071,12646
18396,12647
2686,12648
14287,12649
18755,12650
11460,12651
7073,12652
7079,12653
7085,12654
7163,12655
7413,12656
7641,12657
1287,12658
3152,12659
16923,12660
2498,12661
2516,12662
7951,12663
3355,12664
2446,12665
3963,12666
10792,12667
11579,12668
4605,12669
14640,12670
17212,12671
17573,12672
14215,12673
18212,12674
18996,12675
10542,12676
19604,12677
7187,12678
7639,12679
15261,12680
18702,12681
7495,12682
8043,12683
15518,12684
14115,12685
14708,12686
19419,12687
20015,12688
2335,12689
13545,12690
7699,12691
8220,12692
1139,12693
19058,12694
18928,12695
18455,12696
14180,12697
14790,12698
5377,12699
6504,12700
18581,12701
5053,12702
10462,12703
11403,12704
14301,12705
17674,12706
3916,12707
8363,12708
8408,12709
8562,12710
8917,12711
752,12712
13228,12713
14062,12714
1656,12715
18427,12716
15106,12717
1110,12718
15960,12719
17819,12720
16547,12721
14340,12722
17198,12723
13745,12724
1701,12725
2283,12726
15640,12727
5924,12728
8842,12729
3520,12730
5965,12731
8923,12732
1395,12733
16623,12734
16617,12735
8483,12736
4536,12737
5098,12738
6409,12739
805,12740
4476,12741
20202,12742
16033,12743
19732,12744
11693,12745
11089,12746
2234,12747
2063,12748
8867,12749
14211,12750
5376,12751
9170,12752
9222,12753
16893,12754
17478,12755
10311,12756
15128,12757
9293,12758
948,12759
17520,12760
9620,12761
16779,12762
9167,12763
9652,12764
17475,12765
16890,12766
4506,12767
9707,12768
1595,12769
7656,12770
7973,12771
8605,12772
9784,12773
9822,12774
18093,12775
18693,12776
9834,12777
6588,12778
10857,12779
5693,12780
1601,12781
7326,12782
19111,12783
11133,12784
8524,12785
19493,12786
20089,12787
6034,12788
7907,12789
16448,12790
15862,12791
15228,12792
19972,12793
9094,12794
19181,12795
1989,12796
3049,12797
19129,12798
13562,12799
20203,12800
5351,12801
4750,12802
13293,12803
6952,12804
14104,12805
18507,12806
11134,12807
13321,12808
13322,12809
1748,12810
12900,12811
2816,12812
3422,12813
16737,12814
5457,12815
13299,12816
16913,12817
19213,12818
12888,12819
3774,12820
19470,12821
2963,12822
1060,12823
6232,12824
15921,12825
4703,12826
11040,12827
12044,12828
10157,12829
16763,12830
2817,12831
11465,12832
5259,12833
6447,12834
7254,12835
10875,12836
1216,12837
10938,12838
12957,12839
15715,12840
16252,12841
17662,12842
18158,12843
18175,12844
2145,12845
5909,12846
6009,12847
13567,12848
11307,12849
14165,12850
20105,12851
18538,12852
784,12853
10499,12854
4333,12855
7077,12856
2704,12857
7890,12858
7929,12859
4009,12860
2161,12861
17658,12862
15898,12863
898,12864
1535,12865
9033,12866
11449,12867
1985,12868
16407,12869
17028,12870
14474,12871
2545,12872
14924,12873
2650,12874
18766,12875
5532,12876
10940,12877
14806,12878
19603,12879
16751,12880
5725,12881
17382,12882
12911,12883
14219,12884
16446,12885
17218,12886
3934,12887
5847,12888
6473,12889
7571,12890
11220,12891
13622,12892
12410,12893
15350,12894
16402,12895
3930,12896
14440,12897
4076,12898
4637,12899
5408,12900
6628,12901
10302,12902
15982,12903
14875,12904
16500,12905
6648,12906
5398,12907
6729,12908
13943,12909
11544,12910
19281,12911
7606,12912
8528,12913
9139,12914
17539,12915
9188,12916
17703,12917
9239,12918
5814,12919
7141,12920
7772,12921
9446,12922
19338,12923
19261,12924
13358,12925
9901,12926
17302,12927
14761,12928
13709,12929
12340,12930
13163,12931
14157,12932
12558,12933
2334,12934
15119,12935
11497,12936
12138,12937
15701,12938
14254,12939
16288,12940
17307,12941
17579,12942
15820,12943
16683,12944
18646,12945
14139,12946
19840,12947
18468,12948
19861,12949
11881,12950
3538,12951
5426,12952
6407,12953
6559,12954
6636,12955
7053,12956
4124,12957
5433,12958
7185,12959
10990,12960
11596,12961
9998,12962
2858,12963
9025,12964
9999,12965
7984,12966
1863,12967
1227,12968
4932,12969
10788,12970
10278,12971
10297,12972
10306,12973
10694,12974
13915,12975
15013,12976
17443,12977
2099,12978
2512,12979
10296,12980
11483,12981
10750,12982
12698,12983
12709,12984
1455,12985
1246,12986
1466,12987
10412,12988
1186,12989
1570,12990
16267,12991
16396,12992
1654,12993
16833,12994
17489,12995
14936,12996
12772,12997
12164,12998
18080,12999
17333,13000
10362,13001
11507,13002
10903,13003
12929,13004
12321,13005
16993,13006
17577,13007
15154,13008
10945,13009
18846,13010
18992,13011
1184,13012
1926,13013
11121,13014
11128,13015
11160,13016
11360,13017
11965,13018
14490,13019
11875,13020
15361,13021
15521,13022
16344,13023
17181,13024
13756,13025
16371,13026
15784,13027
1722,13028
18948,13029
19284,13030
13757,13031
19348,13032
19448,13033
20034,13034
16314,13035
19266,13036
20138,13037
20335,13038
1009,13039
11077,13040
12147,13041
12755,13042
12897,13043
2111,13044
11405,13045
2294,13046
16729,13047
12899,13048
12291,13049
18157,13050
18757,13051
2806,13052
16148,13053
2192,13054
2913,13055
18185,13056
3187,13057
2551,13058
4063,13059
11604,13060
17402,13061
1358,13062
16334,13063
17398,13064
4241,13065
20031,13066
11073,13067
3537,13068
4140,13069
4256,13070
1593,13071
18686,13072
2248,13073
4511,13074
477,13075
161,13076
4847,13077
18230,13078
20026,13079
4858,13080
13401,13081
15183,13082
10983,13083
12803,13084
18659,13085
3998,13086
3516,13087
4120,13088
4863,13089
4957,13090
5144,13091
16976,13092
1852,13093
5247,13094
19790,13095
5325,13096
19251,13097
18651,13098
3923,13099
5557,13100
5749,13101
6370,13102
10691,13103
6385,13104
13696,13105
13752,13106
11706,13107
15828,13108
18765,13109
6554,13110
5927,13111
19180,13112
6694,13113
14690,13114
6718,13115
6093,13116
12860,13117
12585,13118
4619,13119
16741,13120
6705,13121
10936,13122
11984,13123
13492,13124
16744,13125
1702,13126
12589,13127
12134,13128
11526,13129
12310,13130
11703,13131
19959,13132
19362,13133
4651,13134
3656,13135
10989,13136
12809,13137
1604,13138
6433,13139
11551,13140
16283,13141
16869,13142
12047,13143
6848,13144
6994,13145
7100,13146
7280,13147
10353,13148
16383,13149
15796,13150
17031,13151
17616,13152
19867,13153
18072,13154
5200,13155
3393,13156
10825,13157
5813,13158
15823,13159
17581,13160
1427,13161
7336,13162
13301,13163
6716,13164
3749,13165
13802,13166
14397,13167
10233,13168
619,13169
286,13170
7344,13171
12693,13172
13825,13173
16092,13174
15998,13175
13164,13176
16585,13177
17299,13178
2514,13179
7118,13180
14598,13181
15189,13182
6997,13183
5105,13184
12554,13185
13162,13186
15934,13187
17690,13188
2743,13189
1174,13190
4193,13191
3591,13192
17881,13193
19511,13194
6815,13195
15609,13196
7277,13197
1041,13198
12235,13199
11629,13200
1677,13201
18071,13202
19780,13203
19866,13204
19174,13205
3854,13206
7368,13207
7536,13208
3811,13209
16747,13210
12220,13211
11615,13212
18608,13213
1267,13214
3567,13215
6553,13216
16812,13217
7751,13218
7120,13219
7707,13220
7078,13221
1445,13222
760,13223
11214,13224
16060,13225
17202,13226
12529,13227
14746,13228
17783,13229
12493,13230
18350,13231
15490,13232
11720,13233
19443,13234
15629,13235
2246,13236
1612,13237
6575,13238
6891,13239
1016,13240
15944,13241
13615,13242
18758,13243
7830,13244
7899,13245
16509,13246
19458,13247
12798,13248
4075,13249
4678,13250
14588,13251
6459,13252
5121,13253
8024,13254
10600,13255
17418,13256
8068,13257
5276,13258
8132,13259
8197,13260
3879,13261
13806,13262
19763,13263
14977,13264
2037,13265
15294,13266
13259,13267
3227,13268
3833,13269
409,13270
5574,13271
6223,13272
641,13273
307,13274
6752,13275
5038,13276
19205,13277
12600,13278
14399,13279
19794,13280
14992,13281
18181,13282
18771,13283
2755,13284
677,13285
334,13286
7023,13287
4319,13288
3760,13289
1158,13290
1194,13291
10601,13292
2421,13293
8160,13294
13621,13295
3579,13296
1434,13297
3616,13298
4470,13299
15400,13300
12425,13301
18126,13302
3320,13303
6300,13304
18635,13305
15068,13306
1406,13307
17230,13308
12322,13309
19014,13310
12938,13311
13610,13312
14811,13313
15392,13314
12517,13315
17706,13316
12330,13317
13704,13318
20097,13319
16711,13320
20266,13321
4224,13322
4546,13323
13057,13324
13181,13325
6550,13326
8257,13327
8263,13328
3884,13329
15783,13330
1448,13331
18481,13332
3366,13333
6033,13334
13947,13335
13347,13336
8314,13337
1109,13338
1102,13339
12171,13340
11563,13341
19310,13342
19995,13343
11044,13344
10241,13345
13840,13346
14267,13347
17760,13348
13195,13349
3437,13350
16830,13351
4554,13352
1160,13353
6314,13354
15241,13355
17323,13356
19135,13357
19813,13358
6731,13359
5163,13360
1776,13361
14509,13362
2419,13363
7024,13364
3679,13365
7478,13366
19204,13367
6072,13368
10005,13369
13319,13370
16677,13371
12930,13372
18001,13373
18952,13374
19736,13375
12846,13376
12239,13377
15694,13378
1671,13379
1035,13380
16298,13381
18648,13382
2729,13383
18523,13384
11085,13385
15293,13386
1532,13387
15720,13388
16423,13389
1659,13390
17011,13391
18827,13392
18226,13393
2293,13394
10932,13395
12752,13396
4578,13397
4713,13398
3536,13399
2070,13400
6244,13401
6932,13402
7176,13403
17583,13404
16999,13405
8331,13406
8341,13407
10339,13408
8357,13409
8389,13410
3908,13411
691,13412
8316,13413
8423,13414
2150,13415
2784,13416
1446,13417
8506,13418
7841,13419
3306,13420
3254,13421
1029,13422
5796,13423
8520,13424
17241,13425
1088,13426
11271,13427
13323,13428
18037,13429
18371,13430
12544,13431
18637,13432
12720,13433
18865,13434
19484,13435
19526,13436
13741,13437
16524,13438
19569,13439
19730,13440
18286,13441
17109,13442
2096,13443
11348,13444
17694,13445
17551,13446
12811,13447
1510,13448
2139,13449
10255,13450
18562,13451
15235,13452
15474,13453
12344,13454
14885,13455
14160,13456
10541,13457
14766,13458
2993,13459
15409,13460
14800,13461
17763,13462
19741,13463
20341,13464
18786,13465
4247,13466
4338,13467
7188,13468
7214,13469
7937,13470
5174,13471
19847,13472
17904,13473
7212,13474
7842,13475
1832,13476
8875,13477
11719,13478
12169,13479
15395,13480
17053,13481
6984,13482
3284,13483
4006,13484
5841,13485
20067,13486
6658,13487
10287,13488
11662,13489
3390,13490
4249,13491
18073,13492
17490,13493
15747,13494
17506,13495
4567,13496
3048,13497
6334,13498
2634,13499
18729,13500
19085,13501
18336,13502
13674,13503
15095,13504
12283,13505
15578,13506
11540,13507
16586,13508
2252,13509
2745,13510
3061,13511
17543,13512
3619,13513
15999,13514
17812,13515
13609,13516
16164,13517
20184,13518
12581,13519
18095,13520
18695,13521
17586,13522
13448,13523
16805,13524
4854,13525
14512,13526
15103,13527
10922,13528
17429,13529
18807,13530
19407,13531
20003,13532
4284,13533
16487,13534
15300,13535
13519,13536
10831,13537
4846,13538
5764,13539
16761,13540
18084,13541
5782,13542
7020,13543
7070,13544
7138,13545
18822,13546
17054,13547
15035,13548
13240,13549
11685,13550
13276,13551
16401,13552
1993,13553
10317,13554
14426,13555
16977,13556
17313,13557
2417,13558
14320,13559
7384,13560
7465,13561
7754,13562
12827,13563
15044,13564
4444,13565
15118,13566
18143,13567
6197,13568
14848,13569
16007,13570
17258,13571
16594,13572
18356,13573
4867,13574
8359,13575
19447,13576
8420,13577
8369,13578
8447,13579
19061,13580
17124,13581
12463,13582
5418,13583
16141,13584
8548,13585
18146,13586
17558,13587
5977,13588
6604,13589
13884,13590
861,13591
19442,13592
20038,13593
8898,13594
535,13595
213,13596
8931,13597
3286,13598
11384,13599
12145,13600
17326,13601
3363,13602
12870,13603
3030,13604
3519,13605
17602,13606
7628,13607
10696,13608
19287,13609
8942,13610
8892,13611
12150,13612
13078,13613
14186,13614
13716,13615
15336,13616
16275,13617
11322,13618
11721,13619
16362,13620
1643,13621
17078,13622
20219,13623
15676,13624
1236,13625
1624,13626
17145,13627
17790,13628
11828,13629
13586,13630
18829,13631
19727,13632
11116,13633
20180,13634
11926,13635
12331,13636
12939,13637
18038,13638
18638,13639
13964,13640
13364,13641
4225,13642
14183,13643
19584,13644
6057,13645
6681,13646
4011,13647
4616,13648
18040,13649
18640,13650
7201,13651
11643,13652
7461,13653
12696,13654
4923,13655
8272,13656
769,13657
17103,13658
2372,13659
6565,13660
8469,13661
8557,13662
2166,13663
1536,13664
11375,13665
8920,13666
3273,13667
13125,13668
15846,13669
18901,13670
17895,13671
12336,13672
11359,13673
12944,13674
13168,13675
13534,13676
8945,13677
4020,13678
4780,13679
6069,13680
15130,13681
17480,13682
15723,13683
8348,13684
8948,13685
3093,13686
14365,13687
17500,13688
15741,13689
14445,13690
2594,13691
13066,13692
11386,13693
12381,13694
17609,13695
19308,13696
7045,13697
7288,13698
7674,13699
16825,13700
2638,13701
19656,13702
16749,13703
3391,13704
7116,13705
6487,13706
19190,13707
8856,13708
18447,13709
2571,13710
3947,13711
5779,13712
19764,13713
6898,13714
2834,13715
3641,13716
12100,13717
14960,13718
16168,13719
12682,13720
14993,13721
16137,13722
15811,13723
2458,13724
4556,13725
18246,13726
2405,13727
3640,13728
7009,13729
10888,13730
14291,13731
14722,13732
15570,13733
16416,13734
16914,13735
13498,13736
15278,13737
18165,13738
20116,13739
13753,13740
14071,13741
14705,13742
11691,13743
17615,13744
2850,13745
7108,13746
7114,13747
14007,13748
15791,13749
16378,13750
7647,13751
1653,13752
16767,13753
5745,13754
1189,13755
15855,13756
18119,13757
2815,13758
2180,13759
7740,13760
7110,13761
7855,13762
7225,13763
799,13764
15619,13765
20221,13766
11194,13767
15271,13768
12468,13769
13594,13770
16404,13771
11264,13772
14185,13773
15816,13774
16608,13775
17139,13776
17849,13777
17910,13778
18345,13779
18459,13780
18923,13781
19063,13782
19478,13783
14813,13784
13014,13785
20159,13786
16067,13787
20331,13788
2930,13789
18616,13790
17614,13791
10521,13792
13459,13793
12852,13794
17102,13795
18777,13796
2870,13797
4278,13798
13913,13799
15120,13800
18176,13801
18547,13802
18854,13803
2309,13804
3361,13805
17687,13806
2399,13807
2235,13808
16883,13809
3417,13810
3581,13811
3971,13812
16227,13813
4024,13814
4860,13815
13903,13816
1001,13817
12160,13818
7817,13819
7946,13820
15736,13821
15856,13822
16967,13823
17485,13824
16900,13825
15656,13826
18074,13827
10911,13828
11515,13829
2039,13830
12837,13831
17858,13832
2689,13833
3423,13834
4763,13835
5230,13836
6577,13837
8104,13838
8313,13839
2393,13840
11487,13841
10046,13842
8340,13843
8378,13844
10848,13845
6913,13846
14681,13847
13900,13848
1678,13849
19678,13850
12022,13851
14781,13852
15902,13853
17262,13854
15370,13855
18600,13856
1133,13857
11704,13858
14564,13859
15522,13860
10994,13861
15857,13862
16466,13863
1691,13864
17101,13865
18848,13866
19220,13867
20226,13868
11163,13869
14802,13870
16654,13871
19574,13872
17242,13873
20172,13874
11236,13875
18370,13876
13624,13877
12407,13878
2324,13879
4154,13880
4365,13881
11600,13882
6116,13883
10524,13884
14724,13885
15314,13886
18593,13887
3253,13888
13022,13889
4717,13890
5367,13891
6549,13892
6599,13893
7175,13894
7298,13895
7925,13896
8111,13897
15575,13898
6850,13899
6225,13900
4012,13901
4794,13902
8554,13903
8641,13904
15581,13905
886,13906
8949,13907
4246,13908
13469,13909
15167,13910
14576,13911
15779,13912
19903,13913
17683,13914
19911,13915
1629,13916
4115,13917
5853,13918
2200,13919
895,13920
11657,13921
11051,13922
8955,13923
3069,13924
19311,13925
7773,13926
17623,13927
15863,13928
8938,13929
897,13930
8973,13931
10571,13932
14132,13933
8989,13934
8996,13935
8333,13936
9008,13937
7055,13938
10274,13939
1410,13940
9009,13941
5208,13942
3400,13943
3325,13944
9045,13945
6349,13946
5084,13947
12724,13948
15460,13949
16323,13950
12659,13951
1718,13952
11904,13953
11479,13954
14404,13955
1674,13956
16954,13957
3336,13958
3490,13959
3987,13960
5161,13961
11678,13962
4304,13963
6367,13964
15009,13965
11101,13966
6548,13967
17619,13968
7728,13969
16495,13970
15909,13971
3922,13972
7860,13973
19928,13974
8564,13975
1461,13976
15716,13977
18606,13978
14423,13979
12204,13980
5198,13981
16303,13982
15546,13983
12799,13984
2849,13985
15895,13986
15283,13987
3311,13988
6453,13989
6442,13990
5816,13991
10264,13992
8047,13993
8836,13994
10978,13995
11016,13996
12834,13997
13957,13998
2436,13999
11301,14000
13581,14001
14870,14002
14178,14003
15458,14004
1082,14005
11365,14006
14778,14007
11969,14008
15239,14009
14648,14010
810,14011
878,14012
9001,14013
6395,14014
14519,14015
7610,14016
19762,14017
16467,14018
7738,14019
7615,14020
5091,14021
10501,14022
13855,14023
1328,14024
12920,14025
15191,14026
20053,14027
14541,14028
15133,14029
3767,14030
11332,14031
18291,14032
8067,14033
14911,14034
20087,14035
8261,14036
759,14037
16445,14038
3772,14039
13726,14040
19491,14041
3598,14042
8362,14043
10430,14044
9055,14045
12139,14046
9056,14047
4565,14048
10418,14049
2380,14050
4103,14051
4269,14052
11111,14053
11549,14054
4606,14055
9069,14056
908,14057
2809,14058
16304,14059
15717,14060
3327,14061
4488,14062
15562,14063
6067,14064
19822,14065
18029,14066
16804,14067
9084,14068
9115,14069
9119,14070
9138,14071
8383,14072
9145,14073
2288,14074
916,14075
9178,14076
19541,14077
18423,14078
17127,14079
4823,14080
17712,14081
18984,14082
7931,14083
8560,14084
10935,14085
11539,14086
9262,14087
927,14088
9300,14089
13732,14090
18285,14091
923,14092
9346,14093
10094,14094
14398,14095
4339,14096
1859,14097
1223,14098
8236,14099
567,14100
239,14101
9366,14102
10029,14103
12083,14104
3088,14105
2522,14106
7992,14107
7364,14108
5698,14109
503,14110
186,14111
9400,14112
2966,14113
13485,14114
15267,14115
944,14116
7603,14117
3269,14118
17816,14119
13007,14120
13785,14121
17625,14122
16667,14123
16599,14124
17775,14125
18634,14126
19232,14127
20156,14128
13663,14129
3008,14130
18599,14131
6247,14132
6526,14133
12450,14134
16604,14135
17183,14136
14258,14137
6025,14138
12324,14139
6671,14140
6687,14141
16880,14142
16648,14143
13590,14144
17745,14145
13773,14146
18328,14147
10530,14148
19517,14149
1742,14150
20280,14151
2757,14152
15434,14153
17769,14154
15435,14155
16595,14156
13080,14157
3436,14158
18874,14159
19718,14160
18301,14161
16750,14162
4181,14163
4598,14164
4784,14165
10374,14166
4818,14167
5197,14168
3917,14169
3262,14170
19414,14171
13265,14172
19608,14173
5864,14174
5743,14175
6044,14176
5150,14177
6171,14178
12256,14179
701,14180
11642,14181
11915,14182
14163,14183
12440,14184
7760,14185
6546,14186
832,14187
5919,14188
6142,14189
13348,14190
2287,14191
8700,14192
7444,14193
8074,14194
9326,14195
12741,14196
4543,14197
4924,14198
5021,14199
521,14200
201,14201
5243,14202
9344,14203
8682,14204
4859,14205
5907,14206
7791,14207
9423,14208
8760,14209
11660,14210
19798,14211
6853,14212
4991,14213
4390,14214
3814,14215
1378,14216
11416,14217
12021,14218
6849,14219
7476,14220
9507,14221
3682,14222
11489,14223
7071,14224
5132,14225
2661,14226
1175,14227
7391,14228
5537,14229
8086,14230
6208,14231
7379,14232
3702,14233
4321,14234
12631,14235
3810,14236
951,14237
1586,14238
15637,14239
709,14240
2871,14241
10820,14242
952,14243
15774,14244
9549,14245
12615,14246
18409,14247
11198,14248
11809,14249
6598,14250
14443,14251
13838,14252
17226,14253
17758,14254
18803,14255
19022,14256
17172,14257
13750,14258
17788,14259
19256,14260
10485,14261
4777,14262
9551,14263
17862,14264
17750,14265
17804,14266
12255,14267
12707,14268
1111,14269
12863,14270
11649,14271
14207,14272
15390,14273
12553,14274
15513,14275
16588,14276
17268,14277
16571,14278
13671,14279
11756,14280
15548,14281
16001,14282
14958,14283
1740,14284
18210,14285
2109,14286
2205,14287
3592,14288
4001,14289
4797,14290
1704,14291
5854,14292
6512,14293
6570,14294
6995,14295
3296,14296
10953,14297
11291,14298
16569,14299
11894,14300
16574,14301
14947,14302
17155,14303
14357,14304
11634,14305
11028,14306
2227,14307
3367,14308
5280,14309
7262,14310
15946,14311
5549,14312
2091,14313
16964,14314
6399,14315
7177,14316
7283,14317
7682,14318
8575,14319
1533,14320
13970,14321
14563,14322
18668,14323
3521,14324
9616,14325
17470,14326
18678,14327
18078,14328
4318,14329
6327,14330
16791,14331
17040,14332
19691,14333
19539,14334
13047,14335
4612,14336
8049,14337
7417,14338
6054,14339
19285,14340
19880,14341
18588,14342
2630,14343
18845,14344
15931,14345
16517,14346
19610,14347
20198,14348
2373,14349
20032,14350
932,14351
16238,14352
3861,14353
20322,14354
12947,14355
17822,14356
2122,14357
4349,14358
5362,14359
18722,14360
19320,14361
8586,14362
15538,14363
17005,14364
16417,14365
13858,14366
8161,14367
15251,14368
17796,14369
16618,14370
5467,14371
14618,14372
6446,14373
5221,14374
907,14375
7094,14376
7723,14377
1438,14378
8211,14379
16061,14380
14797,14381
17236,14382
15386,14383
12474,14384
16008,14385
17465,14386
18903,14387
16162,14388
5763,14389
11409,14390
12013,14391
13808,14392
14403,14393
15161,14394
1564,14395
5155,14396
11410,14397
10136,14398
600,14399
269,14400
6175,14401
10692,14402
14363,14403
10409,14404
7255,14405
12956,14406
7883,14407
8116,14408
8018,14409
12916,14410
17437,14411
8516,14412
6010,14413
7867,14414
13122,14415
18302,14416
17927,14417
2202,14418
2906,14419
8713,14420
9335,14421
4413,14422
6250,14423
9563,14424
9311,14425
8061,14426
6183,14427
4307,14428
6814,14429
8723,14430
9630,14431
17510,14432
12884,14433
11066,14434
19774,14435
6737,14436
9511,14437
15305,14438
16511,14439
18889,14440
12416,14441
9631,14442
18186,14443
9634,14444
16847,14445
1240,14446
19823,14447
2770,14448
7974,14449
19248,14450
11011,14451
11617,14452
9635,14453
9242,14454
2578,14455
672,14456
332,14457
7332,14458
9252,14459
7165,14460
8960,14461
965,14462
1600,14463
19963,14464
967,14465
8268,14466
9679,14467
18201,14468
12866,14469
9692,14470
16513,14471
17098,14472
9699,14473
10369,14474
6978,14475
18565,14476
10527,14477
11962,14478
15089,14479
16385,14480
16490,14481
17087,14482
17672,14483
4537,14484
4499,14485
14277,14486
17748,14487
14877,14488
17740,14489
11297,14490
17154,14491
16054,14492
11795,14493
14962,14494
16568,14495
14371,14496
18032,14497
18703,14498
19302,14499
19423,14500
19806,14501
11399,14502
10378,14503
11572,14504
15111,14505
15837,14506
17636,14507
16299,14508
18256,14509
2106,14510
3342,14511
10682,14512
3496,14513
3524,14514
18888,14515
4059,14516
4691,14517
4027,14518
3425,14519
12661,14520
2620,14521
4061,14522
5009,14523
5755,14524
3388,14525
6375,14526
16494,14527
1813,14528
6525,14529
5899,14530
3918,14531
4469,14532
14682,14533
1868,14534
6557,14535
7113,14536
6484,14537
7158,14538
7259,14539
12333,14540
3003,14541
12941,14542
17322,14543
17726,14544
16732,14545
16458,14546
1667,14547
7475,14548
7727,14549
18063,14550
18662,14551
12640,14552
17958,14553
2318,14554
2472,14555
6018,14556
1713,14557
7857,14558
8416,14559
8630,14560
16951,14561
3564,14562
5370,14563
8631,14564
2829,14565
9061,14566
8398,14567
919,14568
2823,14569
10850,14570
9191,14571
19476,14572
15939,14573
17007,14574
9225,14575
8307,14576
15878,14577
8329,14578
8957,14579
1146,14580
4145,14581
8991,14582
10325,14583
10537,14584
13399,14585
7718,14586
12106,14587
12714,14588
12040,14589
9655,14590
15250,14591
14659,14592
12064,14593
97,14594
9702,14595
10372,14596
12219,14597
12826,14598
13289,14599
9704,14600
19468,14601
5981,14602
9722,14603
9057,14604
7198,14605
6572,14606
9736,14607
9125,14608
7167,14609
5699,14610
6263,14611
2215,14612
5588,14613
14887,14614
11136,14615
14245,14616
11171,14617
15355,14618
10552,14619
8568,14620
13335,14621
19244,14622
11682,14623
14694,14624
16242,14625
6926,14626
1190,14627
4254,14628
11734,14629
12418,14630
9740,14631
9741,14632
795,14633
9751,14634
9767,14635
14447,14636
5042,14637
1054,14638
3304,14639
9768,14640
4530,14641
9772,14642
5734,14643
2679,14644
7136,14645
7947,14646
6241,14647
1809,14648
17350,14649
3653,14650
9042,14651
12574,14652
15212,14653
7800,14654
19953,14655
8428,14656
4185,14657
14487,14658
5695,14659
8661,14660
9323,14661
15586,14662
6115,14663
5867,14664
6493,14665
13257,14666
693,14667
19616,14668
10143,14669
622,14670
289,14671
6283,14672
17552,14673
20214,14674
14196,14675
16627,14676
18390,14677
17929,14678
20195,14679
17342,14680
18102,14681
17820,14682
1084,14683
19896,14684
12657,14685
20230,14686
14798,14687
17200,14688
2611,14689
1790,14690
18880,14691
19884,14692
5147,14693
7276,14694
7904,14695
15882,14696
8041,14697
6162,14698
6677,14699
19908,14700
19313,14701
8064,14702
8234,14703
515,14704
195,14705
9586,14706
9774,14707
6527,14708
13285,14709
9775,14710
978,14711
3334,14712
8889,14713
12715,14714
20027,14715
17118,14716
3621,14717
11821,14718
1085,14719
11481,14720
12107,14721
14788,14722
14910,14723
15358,14724
15852,14725
15949,14726
1651,14727
14351,14728
14688,14729
16455,14730
17203,14731
13725,14732
16535,14733
1721,14734
11327,14735
15951,14736
17253,14737
14192,14738
18380,14739
16722,14740
18632,14741
19045,14742
17188,14743
12448,14744
14795,14745
15384,14746
20022,14747
3647,14748
5258,14749
5459,14750
6839,14751
7253,14752
14768,14753
13081,14754
16553,14755
18354,14756
4251,14757
4856,14758
7457,14759
6834,14760
10009,14761
6837,14762
4377,14763
14997,14764
6830,14765
12004,14766
7627,14767
15821,14768
8142,14769
10026,14770
4381,14771
2533,14772
2531,14773
3047,14774
11396,14775
510,14776
191,14777
6809,14778
7493,14779
8123,14780
6880,14781
617,14782
284,14783
8311,14784
1128,14785
4089,14786
4741,14787
13539,14788
17677,14789
16234,14790
8324,14791
8458,14792
9121,14793
14054,14794
13457,14795
9130,14796
8467,14797
17456,14798
15697,14799
18572,14800
9367,14801
14674,14802
5839,14803
12189,14804
16217,14805
9606,14806
9783,14807
6533,14808
3309,14809
8199,14810
11889,14811
10292,14812
13424,14813
14021,14814
11980,14815
17095,14816
17404,14817
18339,14818
19297,14819
11562,14820
20309,14821
11493,14822
11397,14823
11589,14824
12963,14825
13698,14826
17428,14827
17463,14828
18312,14829
20296,14830
18913,14831
18925,14832
3857,14833
15244,14834
17119,14835
19008,14836
4306,14837
5232,14838
5246,14839
4761,14840
16475,14841
5372,14842
5746,14843
6026,14844
15107,14845
18539,14846
19461,14847
6467,14848
6483,14849
18734,14850
18134,14851
4514,14852
6780,14853
6998,14854
7290,14855
7354,14856
6439,14857
2258,14858
2893,14859
8414,14860
885,14861
13326,14862
12712,14863
13279,14864
7550,14865
14108,14866
19241,14867
10237,14868
10814,14869
1065,14870
18062,14871
18661,14872
3574,14873
4974,14874
14335,14875
8624,14876
15514,14877
9037,14878
9163,14879
4729,14880
16433,14881
9208,14882
16974,14883
16387,14884
7770,14885
5885,14886
9382,14887
7787,14888
9595,14889
6934,14890
12892,14891
10858,14892
19316,14893
3148,14894
7895,14895
8893,14896
15196,14897
16943,14898
17502,14899
4285,14900
11323,14901
6342,14902
6928,14903
2956,14904
20000,14905
5569,14906
12530,14907
7739,14908
8918,14909
2020,14910
13400,14911
1775,14912
17982,14913
18516,14914
4453,14915
4301,14916
7074,14917
13027,14918
17206,14919
16745,14920
7813,14921
15650,14922
9035,14923
9523,14924
18406,14925
11217,14926
11195,14927
15671,14928
14925,14929
1067,14930
20043,14931
20327,14932
13551,14933
4017,14934
12038,14935
3839,14936
14521,14937
15444,14938
11156,14939
11276,14940
11760,14941
1091,14942
14755,14943
13135,14944
14769,14945
13740,14946
1596,14947
16560,14948
16734,14949
17115,14950
18893,14951
19009,14952
12986,14953
12987,14954
14857,14955
18347,14956
11882,14957
18718,14958
18932,14959
11279,14960
17157,14961
12576,14962
19518,14963
16145,14964
19598,14965
19119,14966
14149,14967
1703,14968
20146,14969
11975,14970
4050,14971
4792,14972
5393,14973
1062,14974
13772,14975
10399,14976
5397,14977
7267,14978
4796,14979
15778,14980
7466,14981
8961,14982
9155,14983
957,14984
1592,14985
9668,14986
10338,14987
19935,14988
10992,14989
19173,14990
9787,14991
9788,14992
9792,14993
6539,14994
12670,14995
9799,14996
10469,14997
2131,14998
1502,14999
9809,15000
9814,15001
2712,15002
15623,15003
11205,15004
11202,15005
17522,15006
15758,15007
16345,15008
1784,15009
18831,15010
9603,15011
1409,15012
13954,15013
15753,15014
19047,15015
2819,15016
14672,15017
4046,15018
5385,15019
1055,15020
19788,15021
4459,15022
5178,15023
16828,15024
6773,15025
20238,15026
15978,15027
19640,15028
14197,15029
16149,15030
18375,15031
17914,15032
18184,15033
2278,15034
9535,15035
16962,15036
5897,15037
8003,15038
4831,15039
9622,15040
15511,15041
1156,15042
9746,15043
10262,15044
4487,15045
10373,15046
10446,15047
10985,15048
19034,15049
14550,15050
2127,15051
13345,15052
2067,15053
2884,15054
3873,15055
15848,15056
7840,15057
13282,15058
3288,15059
4191,15060
9236,15061
6622,15062
18330,15063
14822,15064
13002,15065
14375,15066
20181,15067
13779,15068
3406,15069
12159,15070
19915,15071
9815,15072
15657,15073
9823,15074
20004,15075
19408,15076
5714,15077
1382,15078
4582,15079
8247,15080
9826,15081
15900,15082
9829,15083
7807,15084
9831,15085
2931,15086
9846,15087
2980,15088
10895,15089
11499,15090
1031,15091
9853,15092
9619,15093
7382,15094
8380,15095
8452,15096
19875,15097
19280,15098
8246,15099
9855,15100
11106,15101
15319,15102
19977,15103
19381,15104
10861,15105
9863,15106
18135,15107
10878,15108
12932,15109
1577,15110
11049,15111
12869,15112
17408,15113
1370,15114
18255,15115
15551,15116
10376,15117
12757,15118
18109,15119
18709,15120
2438,15121
11613,15122
12790,15123
3386,15124
12686,15125
20348,15126
11098,15127
13484,15128
3473,15129
12689,15130
19436,15131
3518,15132
3943,15133
10937,15134
3745,15135
4652,15136
12569,15137
5249,15138
5827,15139
3443,15140
6396,15141
6586,15142
6724,15143
4237,15144
14188,15145
2406,15146
16739,15147
2904,15148
3508,15149
5125,15150
15028,15151
18180,15152
19888,15153
13402,15154
14001,15155
6082,15156
7853,15157
16160,15158
2759,15159
4041,15160
5865,15161
6491,15162
7935,15163
8393,15164
3942,15165
12747,15166
14025,15167
3419,15168
4853,15169
4886,15170
14508,15171
18138,15172
18605,15173
15713,15174
2231,15175
4604,15176
5331,15177
5371,15178
4585,15179
3979,15180
5781,15181
5804,15182
5923,15183
6429,15184
18814,15185
18213,15186
7339,15187
7690,15188
7763,15189
7132,15190
15827,15191
8250,15192
8906,15193
1960,15194
10926,15195
16886,15196
9030,15197
2929,15198
1025,15199
3927,15200
2655,15201
3709,15202
10767,15203
11288,15204
16353,15205
5149,15206
17357,15207
5424,15208
8406,15209
10405,15210
9184,15211
11723,15212
11856,15213
11119,15214
17923,15215
19564,15216
16159,15217
9258,15218
1484,15219
15698,15220
17421,15221
13211,15222
15253,15223
17563,15224
19301,15225
19333,15226
2124,15227
2828,15228
3986,15229
5850,15230
6415,15231
17680,15232
15923,15233
6416,15234
7734,15235
17973,15236
7531,15237
12289,15238
4013,15239
4520,15240
3866,15241
4102,15242
2072,15243
3271,15244
15812,15245
2362,15246
2162,15247
4610,15248
6121,15249
14840,15250
19492,15251
15428,15252
12376,15253
11987,15254
18963,15255
11383,15256
19277,15257
18677,15258
15311,15259
7065,15260
15202,15261
8240,15262
15617,15263
10906,15264
3307,15265
1369,15266
10648,15267
19836,15268
2285,15269
5346,15270
8597,15271
3439,15272
4593,15273
5192,15274
9261,15275
16427,15276
3968,15277
2151,15278
2785,15279
1426,15280
3862,15281
15574,15282
3383,15283
4779,15284
4176,15285
6000,15286
18304,15287
15455,15288
12350,15289
13585,15290
14352,15291
1736,15292
4130,15293
11674,15294
16428,15295
15842,15296
19771,15297
6336,15298
738,15299
15588,15300
2265,15301
12068,15302
3201,15303
10863,15304
4279,15305
12611,15306
8179,15307
18070,15308
4328,15309
9444,15310
18601,15311
9241,15312
11009,15313
13420,15314
16873,15315
19363,15316
5820,15317
9580,15318
3267,15319
11837,15320
16341,15321
15754,15322
16701,15323
15970,15324
11908,15325
16557,15326
16887,15327
16906,15328
12491,15329
11473,15330
12784,15331
17710,15332
11212,15333
18788,15334
18188,15335
18976,15336
18983,15337
17802,15338
13016,15339
12535,15340
19100,15341
19293,15342
19513,15343
19537,15344
16052,15345
16611,15346
13137,15347
18937,15348
14905,15349
19585,15350
14907,15351
20008,15352
20160,15353
14317,15354
20196,15355
11931,15356
20307,15357
3026,15358
15222,15359
12218,15360
3064,15361
12577,15362
4149,15363
4156,15364
5849,15365
5984,15366
19707,15367
12358,15368
16621,15369
20199,15370
1105,15371
5993,15372
14749,15373
6475,15374
7156,15375
8351,15376
8527,15377
9076,15378
9077,15379
13272,15380
9113,15381
11008,15382
11614,15383
9643,15384
9664,15385
15632,15386
9491,15387
10352,15388
13389,15389
2289,15390
5381,15391
1053,15392
14484,15393
6630,15394
12205,15395
15972,15396
12495,15397
16576,15398
17731,15399
6066,15400
6510,15401
5884,15402
6690,15403
16871,15404
16285,15405
4080,15406
2237,15407
5733,15408
3294,15409
7952,15410
13751,15411
17566,15412
2321,15413
3165,15414
18014,15415
17931,15416
6799,15417
8512,15418
12644,15419
8153,15420
14070,15421
1815,15422
19480,15423
2919,15424
6090,15425
6715,15426
9672,15427
3989,15428
3387,15429
3329,15430
969,15431
7143,15432
12236,15433
12843,15434
13263,15435
7529,15436
4902,15437
9734,15438
14467,15439
9508,15440
15805,15441
11299,15442
11470,15443
15003,15444
15916,15445
1693,15446
17738,15447
14879,15448
17152,15449
19688,15450
18927,15451
19545,15452
19904,15453
18142,15454
18742,15455
13286,15456
5102,15457
7145,15458
7269,15459
7897,15460
1699,15461
1063,15462
18837,15463
18236,15464
15075,15465
9010,15466
19255,15467
19850,15468
12676,15469
9132,15470
1710,15471
9135,15472
15652,15473
4463,15474
14066,15475
14082,15476
1528,15477
17269,15478
6456,15479
5830,15480
13268,15481
1340,15482
17495,15483
6827,15484
14268,15485
16587,15486
7251,15487
18929,15488
17320,15489
19528,15490
16730,15491
18840,15492
18239,15493
11095,15494
11699,15495
15045,15496
9657,15497
19907,15498
9745,15499
9079,15500
5790,15501
10337,15502
5738,15503
985,15504
12764,15505
8347,15506
17986,15507
9516,15508
18440,15509
12996,15510
13784,15511
2877,15512
2242,15513
4925,15514
1800,15515
11963,15516
12923,15517
18249,15518
9166,15519
8504,15520
14453,15521
3237,15522
10314,15523
1198,15524
16226,15525
3110,15526
3680,15527
7535,15528
5541,15529
8541,15530
11702,15531
14004,15532
13405,15533
14716,15534
15833,15535
5300,15536
9874,15537
9693,15538
10363,15539
14118,15540
13520,15541
2059,15542
9886,15543
12110,15544
15696,15545
2103,15546
10035,15547
9372,15548
6110,15549
2573,15550
8847,15551
10428,15552
13483,15553
4326,15554
17331,15555
19376,15556
19973,15557
5740,15558
4964,15559
4928,15560
5530,15561
5619,15562
711,15563
2863,15564
7412,15565
2175,15566
2810,15567
16824,15568
3747,15569
4462,15570
14518,15571
16959,15572
16996,15573
4345,15574
3741,15575
3992,15576
836,15577
8954,15578
8011,15579
9438,15580
14984,15581
1183,15582
12091,15583
12170,15584
16834,15585
18715,15586
12183,15587
19372,15588
2114,15589
3137,15590
5826,15591
4098,15592
5870,15593
16301,15594
1516,15595
11452,15596
5658,15597
12879,15598
18730,15599
7325,15600
11829,15601
15109,15602
13793,15603
11538,15604
15373,15605
11224,15606
11159,15607
13005,15608
10519,15609
6421,15610
6496,15611
7963,15612
1117,15613
7796,15614
8129,15615
8301,15616
8364,15617
1563,15618
2195,15619
11620,15620
11014,15621
14451,15622
9149,15623
7191,15624
9168,15625
11038,15626
9851,15627
20065,15628
8998,15629
11532,15630
11555,15631
12140,15632
12562,15633
13444,15634
15225,15635
16265,15636
16986,15637
17548,15638
13417,15639
10468,15640
17597,15641
17013,15642
18060,15643
1021,15644
13410,15645
17318,15646
10404,15647
15149,15648
10939,15649
16372,15650
16958,15651
16997,15652
14041,15653
18756,15654
13462,15655
14059,15656
19849,15657
12135,15658
14349,15659
1011,15660
15264,15661
13482,15662
16474,15663
15888,15664
18169,15665
19885,15666
19290,15667
19998,15668
19402,15669
20042,15670
11082,15671
2841,15672
2914,15673
3465,15674
3546,15675
2941,15676
18129,15677
3577,15678
2957,15679
4069,15680
4679,15681
5202,15682
5308,15683
3503,15684
13487,15685
12881,15686
5333,15687
5879,15688
6458,15689
13744,15690
11661,15691
11056,15692
18121,15693
18211,15694
12877,15695
18721,15696
18205,15697
17620,15698
1449,15699
18834,15700
19981,15701
19385,15702
5355,15703
5979,15704
6505,15705
11355,15706
12770,15707
12162,15708
12828,15709
12922,15710
12314,15711
12931,15712
12323,15713
10929,15714
12748,15715
12651,15716
17504,15717
16918,15718
19900,15719
19305,15720
20055,15721
19459,15722
14124,15723
13526,15724
12072,15725
10818,15726
19424,15727
3424,15728
6488,15729
14604,15730
11686,15731
12294,15732
11433,15733
6606,15734
3506,15735
4110,15736
13886,15737
6982,15738
2028,15739
16915,15740
18610,15741
15484,15742
13556,15743
11870,15744
14030,15745
14154,15746
11266,15747
15352,15748
19720,15749
13413,15750
12802,15751
13705,15752
11131,15753
16546,15754
16765,15755
17439,15756
18623,15757
14105,15758
1854,15759
14096,15760
13443,15761
14040,15762
15633,15763
10161,15764
12844,15765
18896,15766
19216,15767
1875,15768
19499,15769
1764,15770
10284,15771
12075,15772
12726,15773
13917,15774
1126,15775
15869,15776
18732,15777
1928,15778
20276,15779
15371,15780
15494,15781
3615,15782
4195,15783
4271,15784
12099,15785
12684,15786
1456,15787
16842,15788
10095,15789
13467,15790
1853,15791
17560,15792
3665,15793
3372,15794
1603,15795
4354,15796
19439,15797
4650,15798
5120,15799
3261,15800
11277,15801
18949,15802
13720,15803
2174,15804
15660,15805
5189,15806
5194,15807
5248,15808
11639,15809
5750,15810
6078,15811
13918,15812
18614,15813
2171,15814
2527,15815
10474,15816
2726,15817
2738,15818
17582,15819
1789,15820
16389,15821
2953,15822
3557,15823
4716,15824
16425,15825
13882,15826
3289,15827
11923,15828
15339,15829
19238,15830
5492,15831
19307,15832
3364,15833
3967,15834
5548,15835
5837,15836
6120,15837
10925,15838
15745,15839
17570,15840
11039,15841
11645,15842
10260,15843
3279,15844
14276,15845
18739,15846
3377,15847
6316,15848
17466,15849
11608,15850
18465,15851
14782,15852
14315,15853
11718,15854
2152,15855
6463,15856
6506,15857
4190,15858
3587,15859
16222,15860
6776,15861
17668,15862
14551,15863
15143,15864
10839,15865
1342,15866
19622,15867
17789,15868
17900,15869
2305,15870
7022,15871
16177,15872
20040,15873
4000,15874
2213,15875
2848,15876
7161,15877
7200,15878
4139,15879
11554,15880
10950,15881
12059,15882
7275,15883
7634,15884
17107,15885
2462,15886
11582,15887
5828,15888
7671,15889
3380,15890
15038,15891
7713,15892
785,15893
7903,15894
14125,15895
14718,15896
8021,15897
13340,15898
3403,15899
5211,15900
806,15901
822,15902
1210,15903
2856,15904
8335,15905
18079,15906
12559,15907
1059,15908
11601,15909
10995,15910
14684,15911
16295,15912
15708,15913
4088,15914
2245,15915
4588,15916
6514,15917
5888,15918
18799,15919
19399,15920
6560,15921
7590,15922
687,15923
10586,15924
17538,15925
5188,15926
8384,15927
840,15928
14409,15929
10365,15930
1540,15931
14134,15932
8404,15933
16328,15934
4608,15935
4507,15936
17957,15937
18194,15938
7330,15939
5278,15940
11050,15941
11656,15942
10847,15943
8421,15944
19863,15945
15729,15946
8442,15947
8480,15948
10477,15949
8498,15950
863,15951
800,15952
2014,15953
19711,15954
1317,15955
667,15956
327,15957
8191,15958
5499,15959
11910,15960
11141,15961
13778,15962
5925,15963
6335,15964
10199,15965
18491,15966
14374,15967
13385,15968
4743,15969
13269,15970
5651,15971
11909,15972
10811,15973
13984,15974
1962,15975
5835,15976
16161,15977
623,15978
290,15979
6792,15980
12513,15981
4808,15982
8353,15983
8731,15984
1226,15985
8791,15986
2962,15987
18710,15988
18110,15989
14442,15990
13837,15991
849,15992
12607,15993
8508,15994
6975,15995
7560,15996
20316,15997
10927,15998
13563,15999
12002,16000
12694,16001
14517,16002
10434,16003
14853,16004
15227,16005
14636,16006
16850,16007
17717,16008
19551,16009
19807,16010
1256,16011
12298,16012
19858,16013
20125,16014
1121,16015
11490,16016
14393,16017
14514,16018
17442,16019
1759,16020
14739,16021
18612,16022
10755,16023
12872,16024
2104,16025
18486,16026
10568,16027
13533,16028
1606,16029
12895,16030
12287,16031
19770,16032
2535,16033
20001,16034
2739,16035
3143,16036
4309,16037
4627,16038
5213,16039
6092,16040
11485,16041
12087,16042
16856,16043
1195,16044
11496,16045
2113,16046
2748,16047
3054,16048
3371,16049
16473,16050
1684,16051
6717,16052
15738,16053
7097,16054
7462,16055
20035,16056
7808,16057
8055,16058
12700,16059
14495,16060
14506,16061
12909,16062
16256,16063
15602,16064
14010,16065
17426,16066
3181,16067
14660,16068
3575,16069
4708,16070
4997,16071
17008,16072
5382,16073
6176,16074
15285,16075
5301,16076
4702,16077
7443,16078
8075,16079
4669,16080
13422,16081
14019,16082
8460,16083
11627,16084
11021,16085
8472,16086
8488,16087
7822,16088
8507,16089
18589,16090
4456,16091
13053,16092
15147,16093
8459,16094
8876,16095
4356,16096
19435,16097
4733,16098
11070,16099
6579,16100
890,16101
10348,16102
11450,16103
6907,16104
13509,16105
6013,16106
8242,16107
11422,16108
10960,16109
6638,16110
8343,16111
8437,16112
8903,16113
16205,16114
11900,16115
11283,16116
15981,16117
2986,16118
3939,16119
19471,16120
4921,16121
1458,16122
16255,16123
16841,16124
17361,16125
17624,16126
19433,16127
20029,16128
2094,16129
3788,16130
6786,16131
1504,16132
4572,16133
5172,16134
7320,16135
15690,16136
16848,16137
3345,16138
5167,16139
6086,16140
2937,16141
6159,16142
6592,16143
17527,16144
16941,16145
7012,16146
14412,16147
7436,16148
1038,16149
15308,16150
11100,16151
7720,16152
7948,16153
11091,16154
19943,16155
5291,16156
8291,16157
4315,16158
20051,16159
13344,16160
7661,16161
19769,16162
10171,16163
19623,16164
13012,16165
15493,16166
5201,16167
8733,16168
4754,16169
6481,16170
4653,16171
8738,16172
12864,16173
8922,16174
17966,16175
17264,16176
17547,16177
16809,16178
3244,16179
14663,16180
12906,16181
16095,16182
2922,16183
8965,16184
12451,16185
12387,16186
13077,16187
11158,16188
13684,16189
15854,16190
15917,16191
19535,16192
20132,16193
3637,16194
5448,16195
15886,16196
17646,16197
19781,16198
3250,16199
2207,16200
5483,16201
17524,16202
5269,16203
4670,16204
6556,16205
6985,16206
7087,16207
8995,16208
19390,16209
3522,16210
13862,16211
3240,16212
7109,16213
19178,16214
7164,16215
7258,16216
7537,16217
4649,16218
12056,16219
7538,16220
11392,16221
16878,16222
19050,16223
12993,16224
6042,16225
7886,16226
9005,16227
9019,16228
9041,16229
16357,16230
13270,16231
9046,16232
9048,16233
17682,16234
7231,16235
7598,16236
9063,16237
8400,16238
19177,16239
9073,16240
9082,16241
2224,16242
9105,16243
912,16244
13287,16245
6945,16246
18500,16247
12820,16248
17603,16249
1978,16250
10563,16251
15770,16252
19103,16253
13573,16254
2589,16255
644,16256
310,16257
6981,16258
9136,16259
4137,16260
6573,16261
17991,16262
9142,16263
14137,16264
14362,16265
14033,16266
15116,16267
13330,16268
15136,16269
14544,16270
16349,16271
11565,16272
19304,16273
19899,16274
11667,16275
11062,16276
2170,16277
2805,16278
5252,16279
3446,16280
5871,16281
6497,16282
5224,16283
4624,16284
17989,16285
1994,16286
12325,16287
2090,16288
17265,16289
10698,16290
11654,16291
13473,16292
16003,16293
16088,16294
16590,16295
13659,16296
18628,16297
10463,16298
18959,16299
15542,16300
19554,16301
14952,16302
10423,16303
3394,16304
13977,16305
13378,16306
18575,16307
4449,16308
17643,16309
1830,16310
19670,16311
18294,16312
20270,16313
16593,16314
12580,16315
16597,16316
13185,16317
13990,16318
13391,16319
2777,16320
2142,16321
11440,16322
5048,16323
14086,16324
5264,16325
7127,16326
16945,16327
16359,16328
7322,16329
13186,16330
12776,16331
12168,16332
10239,16333
12636,16334
15590,16335
2240,16336
3513,16337
11569,16338
7663,16339
13865,16340
1974,16341
11857,16342
14069,16343
16966,16344
17550,16345
4053,16346
11455,16347
6914,16348
1508,16349
18446,16350
3302,16351
11419,16352
14123,16353
17289,16354
19226,16355
2068,16356
5074,16357
10899,16358
11846,16359
5903,16360
17388,16361
7168,16362
6541,16363
8425,16364
5718,16365
13843,16366
19891,16367
6109,16368
8367,16369
5369,16370
4768,16371
19191,16372
10194,16373
11862,16374
15376,16375
16444,16376
18461,16377
14787,16378
16009,16379
17916,16380
18532,16381
14065,16382
8675,16383
10667,16384
16752,16385
12165,16386
12773,16387
5701,16388
14434,16389
11840,16390
18553,16391
645,16392
311,16393
8829,16394
4699,16395
10250,16396
15030,16397
16107,16398
4143,16399
15642,16400
1986,16401
11233,16402
19354,16403
9151,16404
14359,16405
11519,16406
15148,16407
14557,16408
18655,16409
18663,16410
7706,16411
900,16412
2803,16413
3915,16414
10198,16415
12267,16416
12470,16417
11147,16418
13210,16419
16106,16420
17148,16421
18305,16422
13209,16423
3414,16424
4062,16425
3459,16426
8590,16427
12126,16428
2927,16429
3532,16430
11446,16431
5653,16432
10013,16433
18064,16434
7160,16435
7481,16436
13310,16437
14256,16438
14187,16439
14419,16440
1520,16441
16169,16442
18172,16443
4049,16444
4654,16445
9160,16446
7675,16447
7046,16448
9164,16449
8502,16450
14068,16451
13470,16452
9169,16453
9171,16454
8509,16455
18577,16456
6279,16457
16311,16458
17308,16459
14152,16460
10513,16461
7732,16462
17993,16463
6288,16464
17896,16465
13554,16466
18068,16467
19728,16468
8415,16469
9187,16470
12327,16471
925,16472
10392,16473
6326,16474
17956,16475
10061,16476
1697,16477
2997,16478
18967,16479
19018,16480
11799,16481
16614,16482
13755,16483
17909,16484
3539,16485
4142,16486
11607,16487
14617,16488
13859,16489
9302,16490
1161,16491
6852,16492
6227,16493
8897,16494
640,16495
306,16496
9452,16497
16891,16498
7090,16499
7719,16500
9496,16501
19631,16502
18654,16503
743,16504
16077,16505
10139,16506
3836,16507
19695,16508
14493,16509
19613,16510
2584,16511
2782,16512
489,16513
173,16514
597,16515
266,16516
6921,16517
17227,16518
17685,16519
7514,16520
18055,16521
437,16522
124,16523
7563,16524
11844,16525
1951,16526
363,16527
5070,16528
1398,16529
1334,16530
12433,16531
1310,16532
15025,16533
17229,16534
2582,16535
402,16536
490,16537
174,16538
55,16539
5998,16540
7242,16541
5630,16542
488,16543
172,16544
7820,16545
3935,16546
5104,16547
16874,16548
6774,16549
4388,16550
14209,16551
14227,16552
13583,16553
15906,16554
17813,16555
17888,16556
14167,16557
17135,16558
5321,16559
14097,16560
14689,16561
6180,16562
8059,16563
5742,16564
6627,16565
19026,16566
8807,16567
17100,16568
561,16569
233,16570
5795,16571
10342,16572
90,16573
9146,16574
15644,16575
10185,16576
1728,16577
18510,16578
19865,16579
9570,16580
12635,16581
13409,16582
14272,16583
15627,16584
20011,16585
11556,16586
10952,16587
9585,16588
3877,16589
1584,16590
12272,16591
16639,16592
13009,16593
19367,16594
20328,16595
6348,16596
18567,16597
16347,16598
19410,16599
18810,16600
4821,16601
14206,16602
11328,16603
11716,16604
9044,16605
15063,16606
9588,16607
2026,16608
11921,16609
15955,16610
16132,16611
19835,16612
887,16613
9600,16614
9543,16615
16040,16616
18993,16617
16721,16618
14743,16619
4117,16620
4634,16621
5234,16622
9621,16623
5337,16624
9638,16625
15740,16626
7958,16627
12759,16628
7218,16629
7848,16630
9660,16631
968,16632
16228,16633
8843,16634
11030,16635
12466,16636
17184,16637
13140,16638
5957,16639
13283,16640
2673,16641
1614,16642
17810,16643
12404,16644
13722,16645
11112,16646
12935,16647
19245,16648
19786,16649
9038,16650
18478,16651
2989,16652
6633,16653
15357,16654
14965,16655
15965,16656
15555,16657
15169,16658
14578,16659
3976,16660
3373,16661
16239,16662
3257,16663
16360,16664
17280,16665
13096,16666
3609,16667
4210,16668
13681,16669
3606,16670
12586,16671
4812,16672
13191,16673
7081,16674
1024,16675
2928,16676
3914,16677
8349,16678
14566,16679
11711,16680
12318,16681
6345,16682
9688,16683
9024,16684
16808,16685
7533,16686
18641,16687
19778,16688
5659,16689
15443,16690
11868,16691
12737,16692
12128,16693
13588,16694
14780,16695
13800,16696
10884,16697
13315,16698
14395,16699
13478,16700
16179,16701
17039,16702
18772,16703
18906,16704
19298,16705
19519,16706
17933,16707
14504,16708
1469,16709
2423,16710
2733,16711
1170,16712
10998,16713
3346,16714
17296,16715
3453,16716
4177,16717
17971,16718
1969,16719
11239,16720
12885,16721
18576,16722
4553,16723
4883,16724
15158,16725
4738,16726
5050,16727
11690,16728
15042,16729
10152,16730
11020,16731
13040,16732
17270,16733
2219,16734
12890,16735
5170,16736
1661,16737
17346,16738
10979,16739
12259,16740
11653,16741
5360,16742
5913,16743
11631,16744
11025,16745
5139,16746
3298,16747
1199,16748
13627,16749
20152,16750
14224,16751
12403,16752
11368,16753
18385,16754
11972,16755
11616,16756
6341,16757
3872,16758
11222,16759
17050,16760
15835,16761
4100,16762
6368,16763
10697,16764
14523,16765
2292,16766
17455,16767
16870,16768
6492,16769
6788,16770
2291,16771
7016,16772
13219,16773
10508,16774
7129,16775
7646,16776
7698,16777
2232,16778
2867,16779
7868,16780
13118,16781
7238,16782
19710,16783
2984,16784
13781,16785
6613,16786
14377,16787
12157,16788
12765,16789
825,16790
2474,16791
16987,16792
826,16793
10006,16794
11688,16795
8285,16796
6152,16797
8295,16798
6756,16799
17482,16800
831,16801
6558,16802
8609,16803
18123,16804
4084,16805
16978,16806
8654,16807
16949,16808
11052,16809
11658,16810
8658,16811
10492,16812
6532,16813
7159,16814
8702,16815
2787,16816
18843,16817
12290,16818
9150,16819
11559,16820
19294,16821
13275,16822
8185,16823
11830,16824
3444,16825
11461,16826
6943,16827
20262,16828
8375,16829
5724,16830
1397,16831
10955,16832
20229,16833
3920,16834
6296,16835
16665,16836
2753,16837
12065,16838
2041,16839
17604,16840
19715,16841
8243,16842
19758,16843
16051,16844
3568,16845
5237,16846
15047,16847
6896,16848
16927,16849
17860,16850
20036,16851
19440,16852
3415,16853
5129,16854
880,16855
9026,16856
8486,16857
10483,16858
9251,16859
10864,16860
13308,16861
10048,16862
1486,16863
12606,16864
1569,16865
16249,16866
1686,16867
15266,16868
11059,16869
3445,16870
5840,16871
14064,16872
8130,16873
5328,16874
850,16875
2413,16876
14580,16877
2801,16878
13359,16879
13959,16880
8788,16881
15724,16882
5848,16883
10396,16884
10251,16885
16207,16886
11295,16887
5852,16888
6503,16889
15053,16890
9541,16891
16496,16892
17476,16893
15718,16894
17815,16895
9017,16896
10263,16897
6303,16898
17874,16899
18629,16900
17981,16901
10179,16902
14635,16903
20245,16904
816,16905
2674,16906
12284,16907
16935,16908
19646,16909
7587,16910
17370,16911
11235,16912
19462,16913
6970,16914
9007,16915
11067,16916
10475,16917
9648,16918
15309,16919
14719,16920
9706,16921
6454,16922
14464,16923
4451,16924
19317,16925
16820,16926
9716,16927
3384,16928
9725,16929
10395,16930
7783,16931
7152,16932
9749,16933
18130,16934
14607,16935
9750,16936
3757,16937
10882,16938
3041,16939
1791,16940
9753,16941
1017,16942
1652,16943
5732,16944
9545,16945
14394,16946
12579,16947
10967,16948
15175,16949
12033,16950
19756,16951
1681,16952
19329,16953
3529,16954
10797,16955
5141,16956
17349,16957
15594,16958
7088,16959
9450,16960
3783,16961
4387,16962
1738,16963
12871,16964
12263,16965
16818,16966
1357,16967
17818,16968
17369,16969
18905,16970
14305,16971
13558,16972
19495,16973
2528,16974
3164,16975
19808,16976
3234,16977
15478,16978
2855,16979
5440,16980
19092,16981
6259,16982
581,16983
251,16984
646,16985
312,16986
8182,16987
16123,16988
1972,16989
19699,16990
10809,16991
2220,16992
3837,16993
16105,16994
13939,16995
4427,16996
594,16997
263,16998
596,16999
265,17000
6305,17001
19041,17002
13339,17003
2588,17004
2657,17005
16086,17006
1945,17007
572,17008
243,17009
6299,17010
19663,17011
2017,17012
12633,17013
16646,17014
10808,17015
2911,17016
4430,17017
436,17018
123,17019
562,17020
234,17021
648,17022
314,17023
7246,17024
8806,17025
4064,17026
462,17027
146,17028
8974,17029
19001,17030
13982,17031
16032,17032
14366,17033
2210,17034
1578,17035
14456,17036
7029,17037
17561,17038
7199,17039
7527,17040
19051,17041
2773,17042
4233,17043
12730,17044
13337,17045
15067,17046
10212,17047
12840,17048
2363,17049
20257,17050
5706,17051
8368,17052
3572,17053
4175,17054
5131,17055
9478,17056
3706,17057
1883,17058
16015,17059
16324,17060
17001,17061
18310,17062
18416,17063
19020,17064
11852,17065
17137,17066
12446,17067
14200,17068
16134,17069
17621,17070
13476,17071
17708,17072
14920,17073
18384,17074
19570,17075
19019,17076
19624,17077
19816,17078
10054,17079
19838,17080
20135,17081
20163,17082
17232,17083
15952,17084
13153,17085
17785,17086
15509,17087
2295,17088
2998,17089
18987,17090
17211,17091
13019,17092
1094,17093
12286,17094
12894,17095
18861,17096
11715,17097
3604,17098
17851,17099
17123,17100
11944,17101
4105,17102
16074,17103
12385,17104
17431,17105
17835,17106
18842,17107
2960,17108
4217,17109
16723,17110
4292,17111
10343,17112
14621,17113
12223,17114
19237,17115
10902,17116
5107,17117
12025,17118
3447,17119
4720,17120
3323,17121
5206,17122
6081,17123
6513,17124
11626,17125
6623,17126
16538,17127
11341,17128
17114,17129
17164,17130
14913,17131
757,17132
14868,17133
1517,17134
17072,17135
18150,17136
18719,17137
2247,17138
4719,17139
17387,17140
8827,17141
19881,17142
3399,17143
4272,17144
15454,17145
16575,17146
14866,17147
11154,17148
16166,17149
19536,17150
5207,17151
8985,17152
13861,17153
3239,17154
19319,17155
6143,17156
11376,17157
10957,17158
11561,17159
12032,17160
16432,17161
18557,17162
12754,17163
16320,17164
19799,17165
7447,17166
10782,17167
8117,17168
12078,17169
17113,17170
13160,17171
3033,17172
18816,17173
7467,17174
17117,17175
8305,17176
4302,17177
12079,17178
8781,17179
6060,17180
15728,17181
19862,17182
10269,17183
9126,17184
8394,17185
7102,17186
13850,17187
9437,17188
9577,17189
9764,17190
9097,17191
7596,17192
9793,17193
7602,17194
9794,17195
4016,17196
4621,17197
9795,17198
10235,17199
15024,17200
11901,17201
13383,17202
14179,17203
14904,17204
2793,17205
16243,17206
3896,17207
14827,17208
11185,17209
13738,17210
15184,17211
15304,17212
12646,17213
7524,17214
13046,17215
14608,17216
15388,17217
14333,17218
16464,17219
14473,17220
10201,17221
14575,17222
17080,17223
18591,17224
2631,17225
10327,17226
11228,17227
20178,17228
15512,17229
3560,17230
3626,17231
15971,17232
14923,17233
5199,17234
5399,17235
808,17236
5080,17237
11036,17238
16656,17239
11177,17240
19271,17241
6022,17242
8266,17243
5679,17244
17891,17245
15349,17246
5322,17247
6647,17248
7735,17249
19179,17250
5054,17251
19341,17252
15074,17253
2802,17254
13439,17255
6012,17256
11731,17257
11949,17258
7832,17259
9557,17260
19666,17261
13596,17262
11346,17263
19837,17264
4798,17265
7128,17266
9049,17267
9824,17268
9825,17269
9159,17270
9841,17271
986,17272
19188,17273
1361,17274
10493,17275
13095,17276
11129,17277
16521,17278
1709,17279
19801,17280
15429,17281
12985,17282
14095,17283
14556,17284
15407,17285
12982,17286
13629,17287
11192,17288
12375,17289
15536,17290
20140,17291
20344,17292
14052,17293
13455,17294
4920,17295
1506,17296
19274,17297
19330,17298
2813,17299
2178,17300
3809,17301
5486,17302
1482,17303
10599,17304
18174,17305
19201,17306
19805,17307
19964,17308
13394,17309
13993,17310
2744,17311
3168,17312
3964,17313
3672,17314
3540,17315
10375,17316
5004,17317
11558,17318
5613,17319
6509,17320
12669,17321
6915,17322
11884,17323
20142,17324
14903,17325
2795,17326
7018,17327
6150,17328
10010,17329
6164,17330
7080,17331
7338,17332
13302,17333
1909,17334
14692,17335
19817,17336
19916,17337
5151,17338
3738,17339
14695,17340
10488,17341
5757,17342
10892,17343
6192,17344
13352,17345
4787,17346
4184,17347
2069,17348
6389,17349
2311,17350
7626,17351
3300,17352
12719,17353
16412,17354
7774,17355
7964,17356
11042,17357
11707,17358
12094,17359
7966,17360
19987,17361
10969,17362
7991,17363
17650,17364
6482,17365
5856,17366
8628,17367
8977,17368
13942,17369
9379,17370
3214,17371
4962,17372
618,17373
285,17374
8717,17375
16377,17376
835,17377
2454,17378
3089,17379
1182,17380
13834,17381
1971,17382
6219,17383
8100,17384
5546,17385
4945,17386
9264,17387
9445,17388
16674,17389
18946,17390
14259,17391
16006,17392
1098,17393
19547,17394
5451,17395
3550,17396
17638,17397
18229,17398
18830,17399
7622,17400
9550,17401
12011,17402
13382,17403
16157,17404
1901,17405
19208,17406
2410,17407
13464,17408
4008,17409
4723,17410
5809,17411
5863,17412
7765,17413
7134,17414
13854,17415
8115,17416
8820,17417
4707,17418
4975,17419
5326,17420
5575,17421
1217,17422
14940,17423
1030,17424
1666,17425
1421,17426
16203,17427
18453,17428
19154,17429
6315,17430
12444,17431
19452,17432
1959,17433
13677,17434
3218,17435
3827,17436
20048,17437
473,17438
157,17439
529,17440
207,17441
632,17442
298,17443
8397,17444
9490,17445
17876,17446
1311,17447
15661,17448
16034,17449
18253,17450
2307,17451
18224,17452
20020,17453
3835,17454
19096,17455
12193,17456
2047,17457
14251,17458
14431,17459
3219,17460
14011,17461
12801,17462
16979,17463
3482,17464
5063,17465
17247,17466
2042,17467
11906,17468
1950,17469
3217,17470
3867,17471
1367,17472
17837,17473
19392,17474
19785,17475
20255,17476
3824,17477
474,17478
158,17479
506,17480
187,17481
508,17482
189,17483
543,17484
219,17485
595,17486
264,17487
647,17488
313,17489
726,17490
10332,17491
4939,17492
2188,17493
9351,17494
12226,17495
16031,17496
17833,17497
12361,17498
12374,17499
13577,17500
11924,17501
13715,17502
15432,17503
11765,17504
12981,17505
17907,17506
11080,17507
11684,17508
17984,17509
18338,17510
13133,17511
18962,17512
18970,17513
11321,17514
19055,17515
11732,17516
11925,17517
12342,17518
12383,17519
13598,17520
13727,17521
14195,17522
14912,17523
15501,17524
19571,17525
12528,17526
19726,17527
20325,17528
12332,17529
2623,17530
3007,17531
3605,17532
12540,17533
4004,17534
20275,17535
12980,17536
12471,17537
17420,17538
13447,17539
15312,17540
19142,17541
12742,17542
14658,17543
19946,17544
2798,17545
4433,17546
5055,17547
13226,17548
14629,17549
3631,17550
6522,17551
665,17552
325,17553
7239,17554
14322,17555
2348,17556
7497,17557
7617,17558
5094,17559
16111,17560
11305,17561
12966,17562
17142,17563
12511,17564
18495,17565
12359,17566
13617,17567
17207,17568
6038,17569
13465,17570
7700,17571
13449,17572
7764,17573
7789,17574
14630,17575
14035,17576
12652,17577
7866,17578
15540,17579
13441,17580
19343,17581
19940,17582
15077,17583
8334,17584
8997,17585
9177,17586
20326,17587
929,17588
9453,17589
16251,17590
16698,17591
13051,17592
12392,17593
14310,17594
15346,17595
11333,17596
2350,17597
11936,17598
2354,17599
14900,17600
12940,17601
2985,17602
13145,17603
2982,17604
8515,17605
18515,17606
11117,17607
1715,17608
1645,17609
19068,17610
12373,17611
12487,17612
18947,17613
13760,17614
2279,17615
4214,17616
14355,17617
9560,17618
10361,17619
1104,17620
19842,17621
4202,17622
19744,17623
14590,17624
15818,17625
16876,17626
17006,17627
2822,17628
5460,17629
4099,17630
11646,17631
2698,17632
1377,17633
15322,17634
12069,17635
6091,17636
1099,17637
6520,17638
6949,17639
10011,17640
3573,17641
7278,17642
14091,17643
13493,17644
789,17645
5060,17646
12114,17647
13213,17648
10580,17649
2093,17650
13079,17651
12978,17652
1097,17653
4564,17654
16681,17655
13680,17656
2355,17657
1734,17658
20019,17659
1045,17660
12653,17661
6899,17662
16076,17663
15453,17664
17189,17665
17752,17666
4773,17667
6061,17668
6685,17669
9137,17670
13256,17671
8158,17672
19647,17673
12998,17674
16066,17675
12391,17676
16078,17677
17863,17678
18653,17679
18053,17680
2862,17681
16232,17682
1992,17683
16666,17684
11165,17685
11251,17686
11770,17687
16072,17688
17275,17689
17749,17690
18480,17691
12702,17692
15224,17693
20168,17694
11898,17695
17742,17696
14817,17697
17201,17698
12460,17699
14194,17700
2760,17701
2880,17702
3608,17703
14217,17704
18391,17705
13107,17706
14503,17707
15983,17708
16049,17709
16253,17710
12148,17711
17590,17712
19750,17713
13998,17714
12305,17715
11698,17716
20188,17717
11249,17718
16600,17719
10573,17720
19802,17721
16188,17722
10917,17723
17461,17724
17037,17725
6085,17726
3359,17727
6710,17728
2187,17729
8062,17730
8303,17731
13807,17732
5891,17733
5894,17734
17070,17735
16481,17736
833,17737
13427,17738
3714,17739
858,17740
10417,17741
8419,17742
8610,17743
12127,17744
9012,17745
9143,17746
953,17747
10414,17748
9654,17749
10324,17750
9658,17751
10328,17752
2718,17753
9676,17754
11457,17755
2033,17756
9705,17757
16245,17758
5689,17759
13058,17760
12994,17761
16131,17762
5920,17763
6357,17764
7712,17765
8878,17766
14284,17767
16570,17768
17899,17769
18112,17770
7731,17771
11093,17772
11697,17773
8255,17774
1387,17775
11110,17776
10860,17777
16479,17778
18492,17779
17147,17780
17311,17781
15334,17782
9561,17783
15861,17784
15880,17785
16429,17786
19075,17787
19553,17788
14314,17789
11115,17790
2711,17791
9708,17792
15776,17793
16363,17794
9727,17795
9731,17796
9065,17797
9797,17798
9131,17799
1640,17800
1005,17801
8264,17802
9802,17803
19355,17804
9818,17805
19192,17806
5059,17807
10381,17808
16717,17809
14750,17810
11928,17811
14744,17812
3593,17813
10949,17814
11553,17815
10476,17816
11068,17817
13253,17818
13675,17819
18943,17820
3627,17821
13575,17822
15359,17823
10551,17824
3838,17825
16658,17826
17192,17827
18818,17828
3780,17829
4575,17830
5703,17831
7916,17832
8096,17833
2397,17834
13376,17835
5496,17836
10591,17837
7696,17838
4524,17839
7556,17840
19264,17841
4125,17842
17022,17843
7673,17844
8750,17845
19149,17846
8686,17847
15022,17848
544,17849
220,17850
8735,17851
10107,17852
8915,17853
9439,17854
4942,17855
5543,17856
10086,17857
1893,17858
10716,17859
10088,17860
4423,17861
469,17862
153,17863
9864,17864
19936,17865
19339,17866
5710,17867
737,17868
11245,17869
10966,17870
12456,17871
7657,17872
2701,17873
8869,17874
9872,17875
4623,17876
5223,17877
10968,17878
15070,17879
8221,17880
11072,17881
13260,17882
19701,17883
11475,17884
3796,17885
4445,17886
13333,17887
18122,17888
19094,17889
18921,17890
16097,17891
20063,17892
19467,17893
1002,17894
1637,17895
20301,17896
19520,17897
2988,17898
17864,17899
12975,17900
3000,17901
3952,17902
5296,17903
15550,17904
6138,17905
16489,17906
7243,17907
11191,17908
14228,17909
11796,17910
11215,17911
11196,17912
18456,17913
14789,17914
7942,17915
8317,17916
14634,17917
18168,17918
904,17919
16163,17920
8395,17921
9058,17922
8929,17923
2667,17924
1664,17925
9350,17926
9213,17927
9591,17928
5085,17929
18422,17930
12401,17931
18679,17932
19630,17933
14204,17934
4820,17935
17204,17936
3617,17937
11798,17938
13324,17939
11395,17940
13377,17941
17866,17942
15985,17943
18483,17944
15675,17945
14727,17946
19533,17947
13791,17948
12102,17949
14386,17950
15125,17951
19923,17952
3151,17953
13974,17954
19430,17955
16472,17956
4167,17957
19273,17958
7643,17959
18116,17960
7363,17961
14539,17962
15866,17963
15269,17964
7605,17965
5675,17966
5318,17967
844,17968
10604,17969
16930,17970
7767,17971
12108,17972
12716,17973
10245,17974
949,17975
2851,17976
9538,17977
8319,17978
3931,17979
3282,17980
16514,17981
2943,17982
18219,17983
17926,17984
4197,17985
7111,17986
14006,17987
7607,17988
4479,17989
3039,17990
5918,17991
8553,17992
10976,17993
12794,17994
1437,17995
7559,17996
10018,17997
18094,17998
2404,17999
12098,18000
19040,18001
12587,18002
18974,18003
2723,18004
16655,18005
16697,18006
18369,18007
6664,18008
7285,18009
2886,18010
2251,18011
10234,18012
9476,18013
15469,18014
15974,18015
13782,18016
16108,18017
13580,18018
14378,18019
16912,18020
18692,18021
9608,18022
17000,18023
6803,18024
11534,18025
19864,18026
19269,18027
3321,18028
9873,18029
2808,18030
1512,18031
4591,18032
15655,18033
9876,18034
13966,18035
14559,18036
1012,18037
9879,18038
3997,18039
16895,18040
17405,18041
9521,18042
17529,18043
15055,18044
10167,18045
12111,18046
8646,18047
10496,18048
16519,18049
19215,18050
10075,18051
11078,18052
15672,18053
10760,18054
16480,18055
16408,18056
19365,18057
15645,18058
2628,18059
1870,18060
10033,18061
1846,18062
5797,18063
6444,18064
4711,18065
5310,18066
7922,18067
1559,18068
14005,18069
12043,18070
8824,18071
910,18072
5115,18073
915,18074
10252,18075
9884,18076
16879,18077
3969,18078
17015,18079
17599,18080
16832,18081
989,18082
13767,18083
9748,18084
1589,18085
2890,18086
2255,18087
13874,18088
9891,18089
9718,18090
2564,18091
15664,18092
7956,18093
6735,18094
9893,18095
3463,18096
10923,18097
15142,18098
8941,18099
8891,18100
16059,18101
14202,18102
15502,18103
20085,18104
7749,18105
10836,18106
9497,18107
11916,18108
12346,18109
13728,18110
3404,18111
4665,18112
11451,18113
6908,18114
11313,18115
12953,18116
14323,18117
3974,18118
13853,18119
1963,18120
20320,18121
11132,18122
12541,18123
4613,18124
10370,18125
7194,18126
2271,18127
7849,18128
6343,18129
5674,18130
16712,18131
11736,18132
13146,18133
15947,18134
19380,18135
2786,18136
8278,18137
8224,18138
15310,18139
13863,18140
16447,18141
20299,18142
11148,18143
11334,18144
2608,18145
10456,18146
12177,18147
16694,18148
12970,18149
11937,18150
19421,18151
20017,18152
2706,18153
3875,18154
12186,18155
14520,18156
17284,18157
17734,18158
16724,18159
5709,18160
9524,18161
12173,18162
11511,18163
17872,18164
15976,18165
16135,18166
16533,18167
3595,18168
8510,18169
8902,18170
16204,18171
13491,18172
17584,18173
12838,18174
20263,18175
15381,18176
17315,18177
8993,18178
3328,18179
765,18180
10452,18181
11012,18182
12912,18183
14881,18184
20114,18185
14330,18186
4698,18187
8905,18188
19161,18189
14233,18190
11186,18191
13735,18192
17617,18193
17699,18194
15810,18195
17249,18196
11776,18197
16699,18198
18315,18199
18916,18200
13194,18201
2053,18202
4697,18203
10393,18204
8563,18205
16306,18206
15719,18207
13544,18208
17686,18209
18569,18210
926,18211
9700,18212
9894,18213
5306,18214
7059,18215
18083,18216
16225,18217
9506,18218
10557,18219
16350,18220
17077,18221
17511,18222
19007,18223
3333,18224
9904,18225
3145,18226
13063,18227
14249,18228
14699,18229
16971,18230
20014,18231
5358,18232
16911,18233
16325,18234
843,18235
7360,18236
3996,18237
3396,18238
17481,18239
18578,18240
6905,18241
10951,18242
11850,18243
12991,18244
13547,18245
13654,18246
12384,18247
13595,18248
11827,18249
11179,18250
12366,18251
13141,18252
14247,18253
14678,18254
11232,18255
14774,18256
15497,18257
15677,18258
15956,18259
15973,18260
16024,18261
13721,18262
16663,18263
17774,18264
18373,18265
18412,18266
19445,18267
19505,18268
12436,18269
12968,18270
16017,18271
15495,18272
18329,18273
12536,18274
19582,18275
13139,18276
19586,18277
19660,18278
19729,18279
20101,18280
20260,18281
11775,18282
12415,18283
18395,18284
2356,18285
16638,18286
11774,18287
12534,18288
18344,18289
14906,18290
18931,18291
14318,18292
19575,18293
11932,18294
19589,18295
3472,18296
4240,18297
4602,18298
4841,18299
5442,18300
5507,18301
16142,18302
20010,18303
5353,18304
12642,18305
19160,18306
1331,18307
10919,18308
17392,18309
18428,18310
3198,18311
20235,18312
11184,18313
12561,18314
3830,18315
3849,18316
17817,18317
3408,18318
11445,18319
2614,18320
6028,18321
18257,18322
616,18323
283,18324
6640,18325
7147,18326
7323,18327
11513,18328
12769,18329
15137,18330
15245,18331
14654,18332
14452,18333
15255,18334
14665,18335
2839,18336
2204,18337
14469,18338
7691,18339
7870,18340
11190,18341
11930,18342
11113,18343
17755,18344
20173,18345
11329,18346
20186,18347
14316,18348
12936,18349
5982,18350
6015,18351
11717,18352
5405,18353
6615,18354
13723,18355
6609,18356
15757,18357
17516,18358
18444,18359
15382,18360
20218,18361
13600,18362
11381,18363
19595,18364
11985,18365
5180,18366
4580,18367
5708,18368
1968,18369
20256,18370
11173,18371
5805,18372
6431,18373
17571,18374
15813,18375
6667,18376
19415,18377
8081,18378
8521,18379
16375,18380
3224,18381
666,18382
326,18383
8835,18384
10770,18385
10511,18386
14776,18387
18163,18388
13266,18389
8569,18390
8831,18391
17664,18392
15638,18393
10174,18394
16056,18395
17231,18396
19027,18397
10300,18398
10553,18399
10898,18400
11189,18401
13655,18402
18864,18403
19826,18404
20183,18405
19618,18406
2317,18407
12052,18408
7534,18409
14250,18410
18360,18411
11311,18412
19013,18413
20194,18414
12518,18415
16257,18416
1906,18417
19872,18418
11635,18419
14645,18420
5275,18421
2693,18422
733,18423
14122,18424
14299,18425
13123,18426
14164,18427
13103,18428
18902,18429
11309,18430
12960,18431
13121,18432
11139,18433
11876,18434
14501,18435
13475,18436
18935,18437
14279,18438
18333,18439
19635,18440
3133,18441
5767,18442
18544,18443
7655,18444
12295,18445
7317,18446
7836,18447
7986,18448
8501,18449
12672,18450
8218,18451
18151,18452
8964,18453
3157,18454
8746,18455
4352,18456
3748,18457
14080,18458
15096,18459
17531,18460
4952,18461
1304,18462
2459,18463
367,18464
59,18465
7980,18466
16415,18467
10294,18468
7999,18469
10613,18470
3777,18471
9195,18472
18869,18473
18268,18474
1013,18475
19983,18476
9260,18477
11966,18478
7845,18479
7215,18480
9597,18481
3285,18482
17652,18483
5295,18484
17088,18485
16499,18486
8238,18487
15613,18488
17067,18489
15641,18490
18497,18491
18897,18492
14882,18493
12964,18494
14353,18495
18296,18496
14943,18497
4122,18498
17017,18499
10334,18500
6538,18501
9447,18502
9637,18503
10974,18504
17354,18505
9821,18506
10491,18507
9906,18508
10933,18509
2539,18510
16258,18511
15782,18512
3545,18513
3596,18514
12555,18515
16523,18516
7316,18517
12789,18518
12793,18519
12857,18520
13396,18521
13404,18522
14061,18523
1864,18524
19827,18525
18215,18526
20077,18527
20075,18528
16924,18529
10307,18530
13804,18531
5386,18532
7069,18533
4614,18534
7119,18535
19346,18536
18884,18537
8379,18538
4198,18539
17108,18540
6322,18541
353,18542
47,18543
9909,18544
16903,18545
15750,18546
4633,18547
991,18548
18590,18549
9916,18550
15874,18551
19905,18552
15766,18553
14488,18554
10231,18555
10987,18556
12049,18557
1810,18558
4911,18559
6203,18560
10737,18561
11063,18562
13488,18563
16305,18564
17052,18565
17637,18566
18782,18567
18182,18568
19254,18569
7532,18570
1211,18571
8656,18572
1841,18573
1205,18574
7968,18575
8602,18576
2581,18577
531,18578
209,18579
935,18580
1571,18581
5112,18582
10191,18583
5273,18584
7091,18585
9014,18586
16330,18587
18570,18588
2605,18589
12913,18590
19411,18591
18811,18592
4648,18593
17974,18594
8834,18595
16865,18596
16461,18597
15875,18598
7717,18599
5711,18600
2005,18601
17016,18602
5877,18603
7060,18604
7689,18605
16223,18606
6903,18607
11633,18608
888,18609
12796,18610
12188,18611
7623,18612
1414,18613
3510,18614
905,18615
8797,18616
9405,18617
10072,18618
8594,18619
1142,18620
9299,18621
8638,18622
3101,18623
1188,18624
16184,18625
5025,18626
455,18627
140,18628
9460,18629
7502,18630
3013,18631
3379,18632
2766,18633
7227,18634
6602,18635
13255,18636
8345,18637
7685,18638
5262,18639
3456,18640
8485,18641
9147,18642
1152,18643
9461,18644
12074,18645
10798,18646
13472,18647
14367,18648
4058,18649
3937,18650
9555,18651
10113,18652
10131,18653
3275,18654
7568,18655
16885,18656
18574,18657
6137,18658
10623,18659
6277,18660
19831,18661
5128,18662
6836,18663
6126,18664
8210,18665
10065,18666
5883,18667
6330,18668
10145,18669
11406,18670
6751,18671
7372,18672
3955,18673
14973,18674
6465,18675
6486,18676
17554,18677
9571,18678
17374,18679
14735,18680
3050,18681
15217,18682
16970,18683
5972,18684
12174,18685
12782,18686
7687,18687
7058,18688
8249,18689
10203,18690
14606,18691
12073,18692
3674,18693
15929,18694
8233,18695
12112,18696
6805,18697
6472,18698
10981,18699
11960,18700
4643,18701
11357,18702
16505,18703
11714,18704
17915,18705
920,18706
9812,18707
10482,18708
9918,18709
14933,18710
7229,18711
4182,18712
7593,18713
1325,18714
1122,18715
19089,18716
19524,18717
7210,18718
3542,18719
17632,18720
9730,18721
13264,18722
9920,18723
5604,18724
5013,18725
5612,18726
3116,18727
5514,18728
4424,18729
419,18730
107,18731
4936,18732
10058,18733
9415,18734
8752,18735
8711,18736
10706,18737
10663,18738
9922,18739
5952,18740
19368,18741
16411,18742
9923,18743
9924,18744
10135,18745
554,18746
228,18747
8071,18748
10652,18749
9932,18750
18128,18751
13477,18752
15259,18753
3929,18754
9937,18755
9279,18756
12610,18757
9925,18758
3704,18759
5518,18760
9334,18761
1237,18762
5570,18763
2579,18764
3770,18765
10713,18766
532,18767
210,18768
6808,18769
6711,18770
6246,18771
10793,18772
10657,18773
14999,18774
4930,18775
7508,18776
639,18777
305,18778
9939,18779
1514,18780
10500,18781
994,18782
19176,18783
9510,18784
13188,18785
11370,18786
12697,18787
12862,18788
3161,18789
3511,18790
2314,18791
9944,18792
5558,18793
3177,18794
2541,18795
3079,18796
5624,18797
3124,18798
3751,18799
6101,18800
670,18801
330,18802
6860,18803
6235,18804
8095,18805
9272,18806
9946,18807
6217,18808
10759,18809
13815,18810
6543,18811
995,18812
1630,18813
14723,18814
14129,18815
5113,18816
9952,18817
9957,18818
9296,18819
10805,18820
536,18821
214,18822
9958,18823
16133,18824
16537,18825
17120,18826
2811,18827
2176,18828
963,18829
9960,18830
18825,18831
12261,18832
9963,18833
3046,18834
17317,18835
15252,18836
14661,18837
15296,18838
2847,18839
2212,18840
4788,18841
5389,18842
997,18843
18196,18844
18796,18845
10256,18846
758,18847
12806,18848
5110,18849
7528,18850
17454,18851
18034,18852
1100,18853
18208,18854
18809,18855
1737,18856
14079,18857
13481,18858
20233,18859
11273,18860
16022,18861
16668,18862
16011,18863
18348,18864
19684,18865
18951,18866
10705,18867
5181,18868
6404,18869
18179,18870
14946,18871
7816,18872
8309,18873
13803,18874
18044,18875
8710,18876
3941,18877
10972,18878
9015,18879
5341,18880
13550,18881
15535,18882
2901,18883
7270,18884
16985,18885
17569,18886
19228,18887
18630,18888
19375,18889
18776,18890
19463,18891
13543,18892
19851,18893
3533,18894
4656,18895
5255,18896
2189,18897
2824,18898
12655,18899
5294,18900
3488,18901
5339,18902
5970,18903
6597,18904
7067,18905
7803,18906
10843,18907
2621,18908
16307,18909
4539,18910
7577,18911
17671,18912
3131,18913
11378,18914
8017,18915
4872,18916
2183,18917
18688,18918
19782,18919
8852,18920
14646,18921
3042,18922
7387,18923
18621,18924
18490,18925
10544,18926
11537,18927
19272,18928
11456,18929
8194,18930
1491,18931
15418,18932
12299,18933
13092,18934
12362,18935
16838,18936
10507,18937
2916,18938
14655,18939
6529,18940
10247,18941
8547,18942
8951,18943
19093,18944
14269,18945
18922,18946
19548,18947
7917,18948
12212,18949
12819,18950
17393,18951
9316,18952
5158,18953
10644,18954
6441,18955
5179,18956
4579,18957
7223,18958
906,18959
14031,18960
7121,18961
9373,18962
5204,18963
922,18964
14597,18965
9877,18966
9984,18967
10651,18968
15173,18969
6373,18970
7352,18971
4900,18972
12639,18973
588,18974
258,18975
8668,18976
5620,18977
456,18978
141,18979
8739,18980
7435,18981
4701,18982
10281,18983
1898,18984
14421,18985
13826,18986
3209,18987
707,18988
3762,18989
4366,18990
2434,18991
3070,18992
7396,18993
8026,18994
3080,18995
5482,18996
9985,18997
4395,18998
4996,18999
10077,19000
9410,19001
8742,19002
7373,19003
8802,19004
497,19005
181,19006
9986,19007
4870,19008
20113,19009
11204,19010
18998,19011
6468,19012
6863,19013
14492,19014
14908,19015
10118,19016
9715,19017
10824,19018
3231,19019
11681,19020
13516,19021
14896,19022
10528,19023
12766,19024
12158,19025
7608,19026
3881,19027
4737,19028
6590,19029
10244,19030
4465,19031
12778,19032
16390,19033
15802,19034
6474,19035
16823,19036
2633,19037
11641,19038
11448,19039
1348,19040
14306,19041
12570,19042
12945,19043
11298,19044
16845,19045
12910,19046
17009,19047
18056,19048
18207,19049
18613,19050
17568,19051
19932,19052
2424,19053
13529,19054
16478,19055
12242,19056
2530,19057
18052,19058
4085,19059
2065,19060
4146,19061
4749,19062
6070,19063
15466,19064
17153,19065
14878,19066
17739,19067
6384,19068
3060,19069
6394,19070
4282,19071
11023,19072
6601,19073
7146,19074
7701,19075
3409,19076
7805,19077
13927,19078
7880,19079
15980,19080
13183,19081
19527,19082
12578,19083
8237,19084
9175,19085
14212,19086
13021,19087
5565,19088
13907,19089
19121,19090
8015,19091
9537,19092
13699,19093
9710,19094
7618,19095
4495,19096
17655,19097
2073,19098
754,19099
1808,19100
13729,19101
2981,19102
856,19103
4048,19104
8734,19105
14914,19106
1079,19107
9721,19108
10391,19109
3500,19110
12253,19111
9801,19112
9805,19113
19229,19114
13329,19115
9861,19116
10924,19117
12701,19118
12196,19119
14496,19120
16190,19121
19739,19122
1657,19123
17593,19124
16421,19125
17336,19126
2496,19127
11506,19128
18685,19129
18085,19130
4231,19131
4672,19132
4067,19133
5759,19134
5950,19135
4728,19136
5327,19137
5739,19138
5696,19139
4739,19140
5986,19141
2367,19142
13578,19143
12594,19144
5409,19145
13199,19146
11517,19147
14532,19148
14050,19149
13453,19150
6568,19151
5392,19152
6728,19153
5794,19154
6872,19155
12542,19156
2347,19157
7011,19158
1154,19159
12203,19160
13503,19161
19405,19162
18805,19163
7784,19164
12856,19165
7844,19166
5962,19167
8444,19168
9732,19169
16528,19170
10279,19171
9357,19172
8685,19173
6812,19174
1848,19175
11650,19176
2136,19177
19206,19178
8732,19179
1940,19180
3765,19181
576,19182
247,19183
8583,19184
4026,19185
9632,19186
7978,19187
13230,19188
3778,19189
6876,19190
5681,19191
12625,19192
8103,19193
7473,19194
9758,19195
18583,19196
8183,19197
13215,19198
11343,19199
1708,19200
17697,19201
9647,19202
10253,19203
9669,19204
6419,19205
12151,19206
18680,19207
6338,19208
2644,19209
12928,19210
13625,19211
1429,19212
4467,19213
15247,19214
17859,19215
14814,19216
16555,19217
17271,19218
15968,19219
13763,19220
16584,19221
14358,19222
12237,19223
11632,19224
11552,19225
20191,19226
14222,19227
18386,19228
18454,19229
11773,19230
1108,19231
14791,19232
1745,19233
12198,19234
15788,19235
12227,19236
15819,19237
5963,19238
6478,19239
4253,19240
2892,19241
2257,19242
11979,19243
11564,19244
12172,19245
1857,19246
15091,19247
1221,19248
14572,19249
7601,19250
4472,19251
15249,19252
5722,19253
17968,19254
12303,19255
793,19256
2643,19257
11813,19258
17503,19259
16153,19260
12848,19261
12241,19262
18714,19263
18114,19264
9040,19265
2083,19266
934,19267
18580,19268
5655,19269
12156,19270
13024,19271
14120,19272
17399,19273
10184,19274
12749,19275
18404,19276
19599,19277
13777,19278
15755,19279
16342,19280
5775,19281
2080,19282
2666,19283
17798,19284
4625,19285
12593,19286
1495,19287
5818,19288
6649,19289
2333,19290
2967,19291
7310,19292
14529,19293
13936,19294
7815,19295
8481,19296
9381,19297
10564,19298
5015,19299
5614,19300
5513,19301
9644,19302
15141,19303
14549,19304
11436,19305
2603,19306
10685,19307
12711,19308
14458,19309
17840,19310
12379,19311
18057,19312
19734,19313
4162,19314
15093,19315
1582,19316
16365,19317
3448,19318
5471,19319
700,19320
12176,19321
12045,19322
18724,19323
4169,19324
6273,19325
10607,19326
11835,19327
15884,19328
19580,19329
16139,19330
14701,19331
16269,19332
1552,19333
16419,19334
2883,19335
3353,19336
1782,19337
17666,19338
3531,19339
18036,19340
18636,19341
3919,19342
10202,19343
19705,19344
11255,19345
17770,19346
19671,19347
18357,19348
18460,19349
18960,19350
20111,19351
2365,19352
13008,19353
19515,19354
3651,19355
4132,19356
19830,19357
5464,19358
3485,19359
6436,19360
7054,19361
7408,19362
4722,19363
4869,19364
5236,19365
2377,19366
7714,19367
3012,19368
5356,19369
3549,19370
12557,19371
7730,19372
5846,19373
10084,19374
7756,19375
8536,19376
8601,19377
12273,19378
16843,19379
15303,19380
1805,19381
18030,19382
19360,19383
18762,19384
12677,19385
2256,19386
17530,19387
3442,19388
4731,19389
7579,19390
2869,19391
5374,19392
5906,19393
18271,19394
20066,19395
5116,19396
7631,19397
16381,19398
4342,19399
12222,19400
10956,19401
19890,19402
16214,19403
8198,19404
18817,19405
6103,19406
3624,19407
19532,19408
15431,19409
13593,19410
18933,19411
4259,19412
4865,19413
12822,19414
12215,19415
20030,19416
19434,19417
2078,19418
16799,19419
7491,19420
13115,19421
18316,19422
13025,19423
12413,19424
3192,19425
12688,19426
13357,19427
18518,19428
12271,19429
2344,19430
5601,19431
18288,19432
14594,19433
3959,19434
6205,19435
10738,19436
17541,19437
6989,19438
7234,19439
7584,19440
393,19441
81,19442
8290,19443
12839,19444
1797,19445
16512,19446
10387,19447
8358,19448
10354,19449
6351,19450
896,19451
804,19452
8212,19453
10512,19454
12133,19455
19927,19456
7098,19457
6469,19458
12066,19459
10216,19460
11621,19461
15213,19462
5502,19463
8522,19464
12357,19465
9068,19466
8267,19467
764,19468
10433,19469
13203,19470
17515,19471
3634,19472
12942,19473
18536,19474
11587,19475
13297,19476
16929,19477
20044,19478
2827,19479
3351,19480
4037,19481
6076,19482
10868,19483
12080,19484
13460,19485
14522,19486
16290,19487
16493,19488
2750,19489
16322,19490
3689,19491
20023,19492
19396,19493
18797,19494
15050,19495
4884,19496
12245,19497
15920,19498
17591,19499
5787,19500
6400,19501
6406,19502
6490,19503
5313,19504
4714,19505
6515,19506
14627,19507
19184,19508
6566,19509
5939,19510
6754,19511
6856,19512
12753,19513
5285,19514
4686,19515
16233,19516
10188,19517
10400,19518
10559,19519
6980,19520
7148,19521
13416,19522
8571,19523
9104,19524
4091,19525
9134,19526
18867,19527
18266,19528
4526,19529
9196,19530
15928,19531
17684,19532
14339,19533
17105,19534
18872,19535
2473,19536
2728,19537
1196,19538
14717,19539
2690,19540
1359,19541
13458,19542
2563,19543
3199,19544
4401,19545
6824,19546
6199,19547
6775,19548
6962,19549
2596,19550
7398,19551
9231,19552
16863,19553
17448,19554
9245,19555
15734,19556
11610,19557
1574,19558
17427,19559
13792,19560
15924,19561
18752,19562
18152,19563
19207,19564
18233,19565
1903,19566
15904,19567
1003,19568
3427,19569
3548,19570
3582,19571
15706,19572
17464,19573
4042,19574
3977,19575
2125,19576
13284,19577
4775,19578
4165,19579
3562,19580
5114,19581
5317,19582
7041,19583
8327,19584
838,19585
1786,19586
2881,19587
8937,19588
4500,19589
19349,19590
8715,19591
1539,19592
11206,19593
19602,19594
9295,19595
6838,19596
10089,19597
10758,19598
8091,19599
6212,19600
6123,19601
10073,19602
1907,19603
14430,19604
611,19605
279,19606
6769,19607
5506,19608
7996,19609
1261,19610
3170,19611
8443,19612
14653,19613
10852,19614
2676,19615
12484,19616
12760,19617
20148,19618
13143,19619
3975,19620
13901,19621
4204,19622
5726,19623
4490,19624
14400,19625
15164,19626
15410,19627
13006,19628
14915,19629
2345,19630
17014,19631
17598,19632
18891,19633
5778,19634
5862,19635
15759,19636
15894,19637
19894,19638
10545,19639
7664,19640
18892,19641
19809,19642
792,19643
5666,19644
10453,19645
11655,19646
19070,19647
2130,19648
2765,19649
17339,19650
6617,19651
11945,19652
18281,19653
4657,19654
4052,19655
19479,19656
18007,19657
7741,19658
5855,19659
8277,19660
1411,19661
2000,19662
13524,19663
4229,19664
6262,19665
683,19666
340,19667
8417,19668
6347,19669
17967,19670
17535,19671
19431,19672
19887,19673
19292,19674
12649,19675
1330,19676
14687,19677
17019,19678
18780,19679
19379,19680
15628,19681
19157,19682
13523,19683
17069,19684
17654,19685
2920,19686
3315,19687
5671,19688
16364,19689
18826,19690
7174,19691
6547,19692
3936,19693
4504,19694
2274,19695
19962,19696
18166,19697
8607,19698
9317,19699
2549,19700
10749,19701
5625,19702
451,19703
136,19704
9417,19705
13904,19706
8754,19707
4305,19708
10642,19709
9455,19710
10123,19711
958,19712
11003,19713
11609,19714
17976,19715
9581,19716
14437,19717
13446,19718
15646,19719
17795,19720
17794,19721
1257,19722
19211,19723
14922,19724
10467,19725
18234,19726
17698,19727
2974,19728
12638,19729
638,19730
304,19731
6563,19732
19279,19733
19874,19734
9338,19735
5400,19736
15780,19737
4548,19738
1845,19739
4882,19740
13525,19741
9589,19742
2027,19743
19989,19744
2902,19745
4239,19746
12334,19747
11948,19748
15674,19749
3156,19750
4196,19751
13361,19752
13961,19753
8914,19754
3268,19755
18445,19756
11779,19757
13151,19758
2977,19759
4563,19760
18548,19761
19150,19762
5184,19763
4584,19764
1078,19765
15673,19766
16849,19767
19224,19768
3032,19769
1488,19770
5793,19771
10271,19772
6383,19773
14405,19774
16836,19775
5610,19776
6822,19777
1254,19778
1890,19779
7449,19780
13317,19781
2407,19782
770,19783
11227,19784
12396,19785
2934,19786
6645,19787
18879,19788
3462,19789
4066,19790
2979,19791
12699,19792
11478,19793
19818,19794
3129,19795
10872,19796
7103,19797
7477,19798
13820,19799
17692,19800
1439,19801
7954,19802
8023,19803
7038,19804
8101,19805
8241,19806
841,19807
10614,19808
4560,19809
8959,19810
12620,19811
12608,19812
14546,19813
2058,19814
9265,19815
6100,19816
2482,19817
16180,19818
5023,19819
3790,19820
5595,19821
6207,19822
10014,19823
1787,19824
671,19825
331,19826
7376,19827
8004,19828
1917,19829
1281,19830
2577,19831
384,19832
73,19833
9324,19834
9529,19835
14226,19836
15389,19837
16143,19838
4747,19839
9228,19840
18644,19841
12119,19842
5705,19843
9611,19844
9623,19845
10624,19846
4029,19847
7197,19848
1032,19849
1668,19850
19783,19851
9671,19852
9674,19853
10986,19854
9683,19855
19612,19856
18392,19857
9686,19858
16247,19859
6948,19860
15160,19861
955,19862
10629,19863
837,19864
3451,19865
16158,19866
9724,19867
19968,19868
19371,19869
9729,19870
15803,19871
977,19872
19944,19873
8259,19874
9771,19875
11599,19876
10993,19877
16819,19878
9781,19879
4774,19880
5375,19881
19773,19882
10178,19883
18287,19884
17215,19885
13612,19886
5596,19887
16840,19888
12537,19889
6489,19890
2714,19891
6840,19892
18876,19893
16462,19894
10869,19895
18275,19896
14676,19897
18024,19898
19152,19899
2492,19900
7662,19901
7761,19902
3597,19903
8513,19904
6954,19905
406,19906
8692,19907
1501,19908
6966,19909
94,19910
9403,19911
3440,19912
6337,19913
9836,19914
5942,19915
6569,19916
9844,19917
1080,19918
11372,19919
14775,19920
11976,19921
1572,19922
936,19923
984,19924
19957,19925
8269,19926
9878,19927
18065,19928
14553,19929
17328,19930
2909,19931
2275,19932
8745,19933
16261,19934
10744,19935
19853,19936
14950,19937
19359,19938
19956,19939
16147,19940
17606,19941
17021,19942
4918,19943
2102,19944
5520,19945
16440,19946
8239,19947
17371,19948
14418,19949
9914,19950
6200,19951
4397,19952
7480,19953
17953,19954
389,19955
77,19956
8684,19957
8747,19958
3158,19959
8127,19960
3200,19961
3737,19962
992,19963
2172,19964
9930,19965
1228,19966
8110,19967
8771,19968
6249,19969
6874,19970
8037,19971
6743,19972
6825,19973
1212,19974
6883,19975
1274,19976
686,19977
343,19978
8636,19979
15604,19980
13829,19981
10653,19982
6161,19983
10675,19984
8618,19985
2565,19986
1942,19987
520,19988
200,19989
9955,19990
10732,19991
1232,19992
7340,19993
13220,19994
15603,19995
6224,19996
5517,19997
4422,19998
4394,19999
6166,20000
6215,20001
652,20002
318,20003
8094,20004
7345,20005
9314,20006
11417,20007
7433,20008
8063,20009
9467,20010
356,20011
50,20012
9956,20013
6695,20014
19898,20015
19175,20016
9962,20017
16866,20018
13288,20019
1416,20020
8783,20021
4418,20022
6909,20023
19155,20024
3673,20025
17799,20026
6582,20027
14446,20028
5041,20029
4286,20030
16624,20031
7040,20032
796,20033
7554,20034
14114,20035
12664,20036
4311,20037
16037,20038
6282,20039
14411,20040
5552,20041
14210,20042
14567,20043
19133,20044
17020,20045
17605,20046
16746,20047
7130,20048
4068,20049
6965,20050
10154,20051
13091,20052
17156,20053
11278,20054
11151,20055
13192,20056
18346,20057
11382,20058
13369,20059
13968,20060
19910,20061
12679,20062
3905,20063
16170,20064
6804,20065
1706,20066
7001,20067
7427,20068
9889,20069
2297,20070
10249,20071
15029,20072
2864,20073
4329,20074
10880,20075
14826,20076
12301,20077
19581,20078
4615,20079
2306,20080
5196,20081
5450,20082
6519,20083
5347,20084
4746,20085
10837,20086
1975,20087
7172,20088
3365,20089
17451,20090
734,20091
1527,20092
16244,20093
8109,20094
3228,20095
370,20096
60,20097
8689,20098
10901,20099
4849,20100
2312,20101
1680,20102
17397,20103
9512,20104
11261,20105
15372,20106
17846,20107
13591,20108
13739,20109
14783,20110
14334,20111
1068,20112
18847,20113
19502,20114
3643,20115
14076,20116
12264,20117
791,20118
6917,20119
976,20120
1611,20121
5136,20122
1407,20123
6507,20124
3909,20125
8681,20126
6646,20127
2339,20128
13298,20129
10592,20130
11114,20131
13724,20132
16287,20133
15700,20134
16318,20135
10946,20136
17627,20137
12292,20138
17934,20139
19934,20140
10451,20141
5314,20142
10413,20143
4793,20144
5402,20145
18280,20146
18881,20147
14742,20148
2781,20149
5404,20150
5936,20151
2751,20152
6531,20153
10450,20154
7347,20155
7667,20156
18089,20157
20068,20158
7747,20159
19960,20160
2337,20161
18878,20162
7975,20163
1044,20164
9564,20165
377,20166
67,20167
9975,20168
12612,20169
12018,20170
4922,20171
8644,20172
9435,20173
8772,20174
3056,20175
5621,20176
587,20177
257,20178
6829,20179
8640,20180
10616,20181
9949,20182
6105,20183
2507,20184
5001,20185
2555,20186
3191,20187
10800,20188
9978,20189
10007,20190
10676,20191
10019,20192
5024,20193
511,20194
192,20195
9982,20196
10649,20197
10611,20198
3820,20199
534,20200
212,20201
9989,20202
10656,20203
15681,20204
4894,20205
5874,20206
6098,20207
6723,20208
8804,20209
420,20210
108,20211
6239,20212
6864,20213
14057,20214
16851,20215
4989,20216
1904,20217
3715,20218
6877,20219
2656,20220
10101,20221
3713,20222
5527,20223
8028,20224
4344,20225
2478,20226
1765,20227
4895,20228
1058,20229
5434,20230
17725,20231
3710,20232
11755,20233
12566,20234
10323,20235
12312,20236
1472,20237
10632,20238
16260,20239
17136,20240
17556,20241
16972,20242
18075,20243
18849,20244
19870,20245
20334,20246
11081,20247
12206,20248
12814,20249
13501,20250
13941,20251
14525,20252
13931,20253
14534,20254
15281,20255
15899,20256
15289,20257
17073,20258
2250,20259
2379,20260
10390,20261
12876,20262
11057,20263
15272,20264
13490,20265
2885,20266
16340,20267
3450,20268
4661,20269
5228,20270
4628,20271
12131,20272
12740,20273
12050,20274
5260,20275
5908,20276
6413,20277
6479,20278
6534,20279
7044,20280
7217,20281
4170,20282
10389,20283
7668,20284
7039,20285
16807,20286
7804,20287
7173,20288
13442,20289
12833,20290
8336,20291
10335,20292
8391,20293
9066,20294
3432,20295
5240,20296
7591,20297
9133,20298
16452,20299
11464,20300
9141,20301
918,20302
16944,20303
15922,20304
17679,20305
18595,20306
2001,20307
15838,20308
19397,20309
3477,20310
10826,20311
937,20312
1573,20313
4073,20314
9095,20315
5122,20316
9565,20317
547,20318
223,20319
9653,20320
19374,20321
9720,20322
12841,20323
11022,20324
5106,20325
9806,20326
16827,20327
9994,20328
1135,20329
16176,20330
17353,20331
7962,20332
4903,20333
6857,20334
7484,20335
3176,20336
6881,20337
512,20338
193,20339
9995,20340
10748,20341
5022,20342
481,20343
165,20344
9997,20345
13311,20346
13232,20347
4283,20348
