Node ID,Order
1,0
10,1
10129,2
10481,3
10538,4
10539,5
1056,6
10581,7
10028,8
10588,9
10608,10
10635,11
10655,12
10672,13
10722,14
10726,15
10751,16
11,17
1103,18
11262,19
11290,20
11317,21
11349,22
10141,23
11387,24
11667,25
11842,26
11914,27
1193,28
11958,29
11959,30
11968,31
12,32
1222,33
1224,34
12419,35
12490,36
12501,37
12504,38
12516,39
12524,40
12527,41
1255,42
12617,43
1269,44
13,45
13026,46
13048,47
12395,48
13097,49
13112,50
13127,51
11918,52
1315,53
1318,54
13204,55
13218,56
13631,57
13682,58
11874,59
13695,60
13760,61
14,62
14250,63
14406,64
12429,65
14407,66
11955,67
14811,68
14820,69
14834,70
11990,71
14843,72
14888,73
14893,74
14929,75
14939,76
10443,77
11075,78
14957,79
14982,80
15,81
15178,82
15424,83
15425,84
15452,85
15457,86
15465,87
15472,88
15527,89
15559,90
15567,91
13166,92
16,93
16042,94
14234,95
16068,96
16189,97
1642,98
16631,99
16650,100
16686,101
17,102
17222,103
17260,104
13776,105
17261,106
14270,107
17276,108
17282,109
17304,110
17334,111
17337,112
1743,113
1746,114
1750,115
17693,116
17806,117
17817,118
17828,119
16156,120
17853,121
17868,122
13064,123
17884,124
17908,125
17944,126
17358,127
18,128
1804,129
1168,130
1811,131
17808,132
12405,133
14954,134
18252,135
18426,136
18430,137
18437,138
18453,139
18475,140
16118,141
18485,142
16084,143
18491,144
14374,145
18509,146
18521,147
18525,148
1687,149
18529,150
18542,151
18553,152
1860,153
18654,154
1871,155
1874,156
13197,157
19,158
19003,159
19013,160
19015,161
19025,162
19034,163
19042,164
17754,165
19084,166
19097,167
19154,168
19326,169
19647,170
16066,171
12391,172
16078,173
19648,174
12390,175
12997,176
14964,177
15554,178
17513,179
19667,180
19686,181
19698,182
16104,183
19764,184
19871,185
2,186
20,187
20161,188
15528,189
15891,190
20167,191
20193,192
11991,193
10321,194
20285,195
13932,196
20339,197
21,198
2121,199
22,200
23,201
2367,202
2378,203
24,204
2418,205
10085,206
10754,207
16089,208
25,209
26,210
27,211
28,212
29,213
3,214
30,215
3014,216
3020,217
3053,218
1136,219
31,220
3108,221
3134,222
3135,223
10100,224
10769,225
3167,226
3185,227
17913,228
32,229
33,230
34,231
344,232
345,233
1878,234
35,235
3541,236
357,237
1922,238
36,239
3623,240
13706,241
3639,242
3646,243
13758,244
3650,245
37,246
3721,247
10799,248
3752,249
17875,250
38,251
3825,252
39,253
4,254
358,255
4221,256
4244,257
4263,258
4273,259
14967,260
4347,261
2481,262
13167,263
15284,264
4359,265
4389,266
447,267
2420,268
1777,269
448,270
3160,271
4517,272
458,273
10110,274
16783,275
16196,276
1842,277
16182,278
4761,279
4874,280
4897,281
4940,282
4961,283
498,284
5,285
368,286
14987,287
5037,288
346,289
40,290
504,291
16181,292
1806,293
505,294
4941,295
1829,296
514,297
522,298
5014,299
523,300
5235,301
526,302
204,303
5323,304
538,305
10674,306
16773,307
16185,308
539,309
5413,310
13764,311
5437,312
5463,313
15808,314
5479,315
11393,316
19716,317
14757,318
19109,319
16544,320
18904,321
19651,322
20251,323
16018,324
11832,325
2537,326
3173,327
549,328
10150,329
10156,330
10162,331
10165,332
10172,333
10177,334
10186,335
10196,336
10197,337
10210,338
10213,339
10217,340
10220,341
10226,342
10815,343
10817,344
11424,345
11425,346
12027,347
10516,348
12634,349
12637,350
1322,351
1323,352
13238,353
13241,354
13247,355
1327,356
1328,357
1343,358
1346,359
1349,360
1354,361
1360,362
12469,363
13620,364
1371,365
1372,366
11817,367
1376,368
13814,369
13839,370
1384,371
1386,372
1391,373
1392,374
12616,375
1393,376
14242,377
14248,378
14266,379
14435,380
14438,381
14439,382
14846,383
14869,384
11977,385
15027,386
15423,387
15477,388
15520,389
15549,390
15618,391
15622,392
15626,393
15486,394
16085,395
16121,396
16201,397
1187,398
16205,399
11900,400
11283,401
15981,402
16208,403
12507,404
14765,405
14864,406
11759,407
16210,408
16211,409
16644,410
16684,411
16787,412
16790,413
16793,414
16794,415
16795,416
16649,417
11211,418
1004,419
16798,420
17221,421
16317,422
17372,423
16103,424
17373,425
17381,426
10578,427
17383,428
1772,429
17777,430
17821,431
17962,432
17963,433
18410,434
18411,435
18419,436
18438,437
18450,438
18549,439
1855,440
18563,441
1895,442
14336,443
18999,444
19028,445
19046,446
19112,447
19114,448
19139,449
19165,450
12007,451
19217,452
13471,453
19521,454
16171,455
19621,456
14236,457
11772,458
13155,459
15987,460
15403,461
19697,462
19755,463
19757,464
1977,465
16693,466
12363,467
12455,468
13769,469
1981,470
11335,471
1987,472
19645,473
14819,474
2004,475
15592,476
2006,477
13090,478
2007,479
17295,480
18407,481
2010,482
14240,483
19665,484
2013,485
2018,486
14809,487
20213,488
20216,489
20242,490
16647,491
20295,492
2035,493
17216,494
16786,495
2044,496
2451,497
10534,498
2529,499
2599,500
1137,501
2023,502
2601,503
2607,504
20312,505
2610,506
2612,507
19607,508
2369,509
2623,510
2629,511
2645,512
10593,513
1129,514
1767,515
2648,516
1147,517
1266,518
10763,519
19074,520
2658,521
10640,522
1289,523
2665,524
2680,525
14309,526
2684,527
2986,528
3001,529
3006,530
3007,531
3022,532
3065,533
15499,534
3078,535
1758,536
3099,537
15470,538
3120,539
12550,540
1072,541
3142,542
3220,543
3230,544
16669,545
3235,546
3242,547
3246,548
12488,549
3251,550
16713,551
16678,552
3252,553
15421,554
3259,555
20237,556
3260,557
13650,558
3263,559
12426,560
14849,561
3269,562
17816,563
3281,564
18505,565
14297,566
1014,567
3287,568
3292,569
10230,570
12010,571
1319,572
1396,573
13827,574
19692,575
1955,576
3226,577
3629,578
3648,579
3686,580
10510,581
3728,582
3791,583
3836,584
19695,585
2584,586
2782,587
3842,588
3843,589
3847,590
3853,591
20239,592
16125,593
3855,594
1771,595
17277,596
3859,597
10124,598
1294,599
10567,600
20332,601
386,602
3864,603
14296,604
14288,605
3865,606
14872,607
14938,608
3892,609
13701,610
3894,611
13623,612
3897,613
15599,614
3903,615
15437,616
11820,617
11801,618
14926,619
15938,620
1717,621
15481,622
17765,623
11337,624
3939,625
19471,626
400,627
401,628
410,629
4235,630
4236,631
428,632
116,633
4428,634
4433,635
4441,636
13691,637
20252,638
4443,639
10590,640
12458,641
4447,642
17823,643
4448,644
19059,645
4455,646
20240,647
15445,648
4458,649
12464,650
4477,651
11320,652
4478,653
19606,654
4481,655
3622,656
15670,657
13150,658
16057,659
18367,660
17901,661
4403,662
4482,663
4489,664
3147,665
1320,666
347,667
41,668
4497,669
11402,670
19077,671
4825,672
3775,673
4837,674
4857,675
489,676
173,677
4921,678
2094,679
5040,680
19138,681
12592,682
5043,683
10631,684
5044,685
5045,686
12028,687
14253,688
16789,689
11219,690
1383,691
1341,692
13041,693
18012,694
12417,695
19673,696
20223,697
1948,698
3901,699
19048,700
427,701
115,702
5030,703
12817,704
5047,705
17209,706
5051,707
13645,708
5055,709
13226,710
3631,711
5056,712
18467,713
19679,714
4219,715
17930,716
5061,717
14304,718
5071,719
4916,720
4238,721
5073,722
18473,723
4216,724
14889,725
13565,726
19500,727
19136,728
19743,729
5088,730
5093,731
11935,732
20293,733
5097,734
15461,735
5100,736
1114,737
10540,738
5288,739
11890,740
5425,741
17197,742
15500,743
18317,744
1092,745
18379,746
11941,747
18918,748
1729,749
14772,750
16559,751
11992,752
19643,753
16578,754
14321,755
17196,756
15506,757
2349,758
4234,759
5431,760
5436,761
12950,762
14762,763
4228,764
11153,765
16545,766
2402,767
5458,768
5494,769
550,770
5500,771
5503,772
3649,773
5523,774
5547,775
3203,776
555,777
556,778
3812,779
3205,780
5561,781
5567,782
1766,783
559,784
231,785
5593,786
17877,787
13687,788
560,789
232,790
5603,791
5617,792
5627,793
441,794
128,795
5628,796
5629,797
13425,798
14022,799
499,800
182,801
5632,802
527,803
205,804
5633,805
5637,806
359,807
51,808
5639,809
20241,810
13712,811
18235,812
5642,813
3717,814
13717,815
5647,816
5661,817
4935,818
17267,819
5668,820
4313,821
5673,822
3620,823
5676,824
19069,825
11762,826
15475,827
15356,828
20100,829
4262,830
4868,831
18738,832
5683,833
17800,834
569,835
3784,836
5589,837
5690,838
13102,839
5692,840
578,841
3122,842
3733,843
4881,844
13801,845
2465,846
1824,847
5791,848
5860,849
5896,850
590,851
5911,852
6,853
369,854
4963,855
4361,856
602,857
3113,858
1201,859
5540,860
10023,861
6021,862
19719,863
18300,864
17300,865
6028,866
606,867
274,868
608,869
276,870
6099,871
12596,872
19225,873
6117,874
6134,875
17364,876
17950,877
1177,878
2506,879
1865,880
614,881
6146,882
6165,883
15539,884
6184,885
3121,886
10714,887
6190,888
10708,889
6202,890
6216,891
3708,892
14345,893
6221,894
10764,895
10109,896
3801,897
3758,898
6222,899
6229,900
10102,901
6231,902
624,903
291,904
6269,905
14356,906
6274,907
6276,908
17233,909
6285,910
629,911
6294,912
19076,913
6295,914
13030,915
10943,916
2586,917
387,918
6298,919
16622,920
6306,921
2371,922
6307,923
16768,924
10047,925
6309,926
11810,927
6312,928
17287,929
12465,930
6315,931
12444,932
19452,933
1959,934
13677,935
3218,936
3827,937
20048,938
473,939
157,940
529,941
207,942
6318,943
6059,944
10040,945
3195,946
10622,947
12009,948
6319,949
6006,950
632,951
298,952
6321,953
19703,954
6366,955
6104,956
3067,957
6397,958
643,959
309,960
645,961
311,962
653,963
4948,964
654,965
2513,966
2426,967
4978,968
5578,969
659,970
10727,971
1166,972
1214,973
5560,974
10701,975
1869,976
1233,977
660,978
1278,979
17362,980
13824,981
2550,982
3186,983
4913,984
4938,985
1277,986
17897,987
10116,988
16174,989
661,990
3175,991
3787,992
4391,993
6211,994
1143,995
5545,996
1896,997
1931,998
14845,999
4960,1000
14836,1001
18540,1002
465,1003
149,1004
6619,1005
11849,1006
662,1007
10664,1008
6631,1009
6637,1010
3010,1011
665,1012
325,1013
6655,1014
6656,1015
6680,1016
6683,1017
6687,1018
6701,1019
10699,1020
10030,1021
14855,1022
6721,1023
15489,1024
6722,1025
673,1026
10070,1027
10739,1028
10114,1029
18526,1030
15773,1031
5304,1032
674,1033
1268,1034
6742,1035
675,1036
6750,1037
18543,1038
10074,1039
10743,1040
10574,1041
10756,1042
1258,1043
6786,1044
6790,1045
3761,1046
17949,1047
17363,1048
2520,1049
6796,1050
5550,1051
4950,1052
6210,1053
6797,1054
6801,1055
6163,1056
5587,1057
4987,1058
10704,1059
6807,1060
15195,1061
15526,1062
11088,1063
14045,1064
14046,1065
14626,1066
14638,1067
16327,1068
16403,1069
16501,1070
19296,1071
2319,1072
2790,1073
2820,1074
3972,1075
4096,1076
4598,1077
4705,1078
4790,1079
6581,1080
6818,1081
3743,1082
5019,1083
10190,1084
16114,1085
6819,1086
682,1087
339,1088
6835,1089
6847,1090
12006,1091
2466,1092
10117,1093
10801,1094
418,1095
106,1096
688,1097
13089,1098
3004,1099
6885,1100
516,1101
196,1102
6890,1103
3645,1104
6049,1105
10585,1106
4839,1107
6892,1108
14831,1109
1739,1110
6894,1111
4280,1112
17834,1113
6898,1114
3641,1115
14960,1116
690,1117
16093,1118
6900,1119
4822,1120
6911,1121
10558,1122
11967,1123
6916,1124
12452,1125
11218,1126
6920,1127
18435,1128
13707,1129
12951,1130
14892,1131
6921,1132
17227,1133
17685,1134
6924,1135
16038,1136
16075,1137
4317,1138
13169,1139
20045,1140
6931,1141
1838,1142
10514,1143
6935,1144
16122,1145
6003,1146
6940,1147
10615,1148
14859,1149
6946,1150
17272,1151
13200,1152
18031,1153
7,1154
379,1155
10027,1156
3202,1157
2566,1158
7095,1159
7154,1160
719,1161
11281,1162
20261,1163
3957,1164
7247,1165
7248,1166
11578,1167
725,1168
4828,1169
7250,1170
7256,1171
2493,1172
727,1173
17256,1174
729,1175
2447,1176
16079,1177
7297,1178
4636,1179
730,1180
2668,1181
3031,1182
6758,1183
10140,1184
637,1185
303,1186
7307,1187
731,1188
7320,1189
5167,1190
6086,1191
7321,1192
4258,1193
7327,1194
6624,1195
7328,1196
5469,1197
733,1198
14299,1199
13123,1200
7331,1201
13821,1202
7334,1203
17238,1204
7342,1205
10659,1206
7343,1207
14282,1208
1894,1209
16777,1210
4994,1211
2497,1212
2427,1213
735,1214
2999,1215
3194,1216
7350,1217
14841,1218
7355,1219
7380,1220
14311,1221
7381,1222
74,1223
741,1224
1191,1225
7412,1226
3747,1227
742,1228
4358,1229
17855,1230
20150,1231
12489,1232
7420,1233
6748,1234
1831,1235
6789,1236
7430,1237
19664,1238
7442,1239
745,1240
7459,1241
7469,1242
4367,1243
6826,1244
6106,1245
10587,1246
747,1247
6130,1248
7426,1249
6111,1250
14839,1251
7487,1252
7489,1253
6862,1254
2470,1255
75,1256
7501,1257
751,1258
17278,1259
20220,1260
7512,1261
442,1262
129,1263
7514,1264
18055,1265
437,1266
124,1267
7515,1268
412,1269
100,1270
6564,1271
7518,1272
422,1273
110,1274
7523,1275
13639,1276
16661,1277
20177,1278
4232,1279
18311,1280
10529,1281
18912,1282
5466,1283
5887,1284
7530,1285
16772,1286
1799,1287
7541,1288
13023,1289
7545,1290
1727,1291
7547,1292
2570,1293
10091,1294
7549,1295
20209,1296
17250,1297
7553,1298
7563,1299
11844,1300
1951,1301
363,1302
5070,1303
1398,1304
1334,1305
12433,1306
1310,1307
15025,1308
17229,1309
2582,1310
402,1311
490,1312
174,1313
55,1314
5998,1315
7242,1316
5630,1317
488,1318
172,1319
7564,1320
3144,1321
11338,1322
5403,1323
7572,1324
16685,1325
17839,1326
7583,1327
7359,1328
10103,1329
5509,1330
10584,1331
761,1332
19638,1333
15665,1334
6668,1335
6867,1336
766,1337
19079,1338
3610,1339
12512,1340
11144,1341
12965,1342
10532,1343
6047,1344
18735,1345
768,1346
1902,1347
17943,1348
7694,1349
13273,1350
712,1351
3768,1352
771,1353
16642,1354
6053,1355
772,1356
774,1357
7750,1358
779,1359
17893,1360
7798,1361
6540,1362
7303,1363
780,1364
18458,1365
782,1366
19060,1367
11902,1368
783,1369
3722,1370
13100,1371
7866,1372
15540,1373
13441,1374
7869,1375
1087,1376
14324,1377
7871,1378
7876,1379
11912,1380
7878,1381
15441,1382
7885,1383
4364,1384
14975,1385
7658,1386
7893,1387
19693,1388
7905,1389
7927,1390
7972,1391
7979,1392
19148,1393
2544,1394
6204,1395
15573,1396
15000,1397
6747,1398
4904,1399
7985,1400
7989,1401
12143,1402
15831,1403
7994,1404
4335,1405
3730,1406
8,1407
385,1408
13833,1409
13236,1410
4929,1411
1920,1412
1284,1413
8010,1414
3756,1415
4360,1416
6251,1417
4496,1418
17918,1419
12023,1420
11418,1421
8034,1422
6156,1423
8012,1424
1141,1425
7494,1426
8035,1427
7405,1428
8046,1429
6666,1430
5289,1431
8050,1432
2534,1433
8067,1434
14911,1435
20087,1436
8073,1437
6878,1438
2479,1439
7543,1440
6875,1441
8080,1442
8079,1443
8087,1444
8089,1445
8090,1446
3763,1447
8092,1448
8093,1449
6214,1450
6228,1451
18006,1452
12251,1453
6561,1454
7949,1455
10971,1456
8113,1457
7460,1458
15596,1459
15601,1460
6220,1461
8131,1462
8020,1463
16191,1464
3817,1465
518,1466
198,1467
8135,1468
2012,1469
7306,1470
8137,1471
2624,1472
7400,1473
3802,1474
4406,1475
8146,1476
414,1477
102,1478
8151,1479
14810,1480
8156,1481
1132,1482
8157,1483
7485,1484
4934,1485
5535,1486
17338,1487
8159,1488
12499,1489
6132,1490
8162,1491
13810,1492
17340,1493
2197,1494
8163,1495
14214,1496
8165,1497
13661,1498
15744,1499
8166,1500
15426,1501
8167,1502
3166,1503
14901,1504
8171,1505
8181,1506
19115,1507
13050,1508
8190,1509
6639,1510
4266,1511
8201,1512
15587,1513
17312,1514
8209,1515
4320,1516
8217,1517
19617,1518
12762,1519
4426,1520
563,1521
235,1522
8227,1523
10984,1524
15446,1525
17225,1526
4673,1527
8229,1528
1837,1529
13061,1530
14748,1531
18448,1532
14151,1533
17778,1534
5825,1535
6052,1536
6676,1537
15772,1538
8330,1539
8517,1540
8530,1541
14615,1542
18283,1543
8535,1544
12142,1545
15903,1546
2846,1547
5882,1548
7708,1549
8537,1550
3698,1551
8556,1552
11988,1553
8561,1554
16313,1555
8566,1556
11893,1557
13923,1558
13206,1559
1719,1560
14862,1561
8595,1562
10780,1563
1286,1564
6186,1565
10034,1566
8598,1567
8614,1568
4995,1569
1910,1570
13144,1571
7988,1572
5539,1573
1302,1574
430,1575
118,1576
8616,1577
8619,1578
8623,1579
8627,1580
1241,1581
1877,1582
3058,1583
7971,1584
8633,1585
3786,1586
8102,1587
6757,1588
3719,1589
6064,1590
8637,1591
8649,1592
5528,1593
1165,1594
7341,1595
1747,1596
8651,1597
8603,1598
14996,1599
15585,1600
10021,1601
12492,1602
10678,1603
10031,1604
17952,1605
392,1606
80,1607
8652,1608
8659,1609
3072,1610
8664,1611
7492,1612
6865,1613
10734,1614
8667,1615
8669,1616
12424,1617
8670,1618
10661,1619
5519,1620
10627,1621
6767,1622
6185,1623
6810,1624
8632,1625
2574,1626
453,1627
138,1628
8679,1629
6102,1630
4419,1631
10173,1632
15017,1633
10596,1634
1847,1635
2488,1636
6794,1637
6168,1638
5504,1639
3690,1640
8690,1641
3111,1642
6779,1643
17368,1644
429,1645
117,1646
8694,1647
7386,1648
8699,1649
8706,1650
11287,1651
3005,1652
8714,1653
15447,1654
8718,1655
8070,1656
10017,1657
14223,1658
18965,1659
13626,1660
12406,1661
15519,1662
18362,1663
14930,1664
19469,1665
8719,1666
2456,1667
14945,1668
2270,1669
3174,1670
13819,1671
8721,1672
8725,1673
10002,1674
14229,1675
8728,1676
8730,1677
12483,1678
12961,1679
14427,1680
13832,1681
18474,1682
12977,1683
13587,1684
14265,1685
19078,1686
14184,1687
20145,1688
13746,1689
501,1690
184,1691
6191,1692
8733,1693
8744,1694
8758,1695
4982,1696
5544,1697
4943,1698
13216,1699
15012,1700
6844,1701
1822,1702
8767,1703
10766,1704
16532,1705
10785,1706
2460,1707
8743,1708
8138,1709
443,1710
130,1711
8774,1712
5036,1713
381,1714
70,1715
8775,1716
19738,1717
5947,1718
8790,1719
8794,1720
10350,1721
10388,1722
10394,1723
10397,1724
1042,1725
10431,1726
10442,1727
1050,1728
10776,1729
1007,1730
1015,1731
10347,1732
10382,1733
10408,1734
10460,1735
10866,1736
1089,1737
10893,1738
10914,1739
10916,1740
10948,1741
10965,1742
10970,1743
10977,1744
11004,1745
11013,1746
11029,1747
11048,1748
11094,1749
11102,1750
11500,1751
11531,1752
11536,1753
11570,1754
11583,1755
11592,1756
11630,1757
11647,1758
11676,1759
11692,1760
11793,1761
12211,1762
12232,1763
12247,1764
12250,1765
12279,1766
12727,1767
12667,1768
12783,1769
12805,1770
12808,1771
12830,1772
12847,1773
12849,1774
12920,1775
13128,1776
13341,1777
13362,1778
13363,1779
13367,1780
13496,1781
13515,1782
13527,1783
13889,1784
13945,1785
13967,1786
13981,1787
10838,1788
14000,1789
14099,1790
14131,1791
14135,1792
14483,1793
1417,1794
11294,1795
12598,1796
14486,1797
14533,1798
14603,1799
14611,1800
14619,1801
14652,1802
14479,1803
14668,1804
14677,1805
14703,1806
14721,1807
1507,1808
15097,1809
14981,1810
15113,1811
15144,1812
15171,1813
15198,1814
15231,1815
15240,1816
15262,1817
15369,1818
15377,1819
15699,1820
15712,1821
15737,1822
15739,1823
15771,1824
15815,1825
15826,1826
15836,1827
15859,1828
15872,1829
15887,1830
15890,1831
15919,1832
1598,1833
1608,1834
12660,1835
16294,1836
16310,1837
16348,1838
16361,1839
16373,1840
1638,1841
16393,1842
16409,1843
1647,1844
16475,1845
16485,1846
16837,1847
15498,1848
16867,1849
16899,1850
1690,1851
16901,1852
16917,1853
16952,1854
16955,1855
16980,1856
16989,1857
16990,1858
17034,1859
17074,1860
17089,1861
15062,1862
1365,1863
1185,1864
11318,1865
17097,1866
12046,1867
17146,1868
17499,1869
11442,1870
17526,1871
17553,1872
17587,1873
17626,1874
17629,1875
17635,1876
17642,1877
17648,1878
17673,1879
17676,1880
18067,1881
18090,1882
18113,1883
18115,1884
12674,1885
18155,1886
18203,1887
18218,1888
14454,1889
18265,1890
18272,1891
18349,1892
17854,1893
18594,1894
18631,1895
18633,1896
15079,1897
18650,1898
18746,1899
18747,1900
18750,1901
18784,1902
18820,1903
18833,1904
18853,1905
18895,1906
19186,1907
19235,1908
19243,1909
19289,1910
11426,1911
12026,1912
13616,1913
15711,1914
17163,1915
18303,1916
18403,1917
19052,1918
19332,1919
1433,1920
19337,1921
19384,1922
19403,1923
19404,1924
19422,1925
19426,1926
19449,1927
19789,1928
10195,1929
19611,1930
13564,1931
13613,1932
11811,1933
14880,1934
17716,1935
16626,1936
17836,1937
18394,1938
14807,1939
19568,1940
19821,1941
19855,1942
14463,1943
19860,1944
19869,1945
19921,1946
19947,1947
19967,1948
19971,1949
19980,1950
1431,1951
13243,1952
1279,1953
13158,1954
18808,1955
13278,1956
19996,1957
19999,1958
20006,1959
20061,1960
20115,1961
16039,1962
15394,1963
11814,1964
2075,1965
2120,1966
2129,1967
2137,1968
2155,1969
2163,1970
2168,1971
2206,1972
2254,1973
2332,1974
2366,1975
2374,1976
2636,1977
12775,1978
13452,1979
2659,1980
16522,1981
13640,1982
19110,1983
2709,1984
2783,1985
2807,1986
2831,1987
2832,1988
2834,1989
2844,1990
2853,1991
18584,1992
2857,1993
2905,1994
2908,1995
2921,1996
2924,1997
2932,1998
2935,1999
3196,2000
3238,2001
15714,2002
3381,2003
3392,2004
3397,2005
3398,2006
15654,2007
3401,2008
3402,2009
3431,2010
3457,2011
3487,2012
3505,2013
3514,2014
3556,2015
17983,2016
1351,2017
14402,2018
3570,2019
3845,2020
13494,2021
17414,2022
10222,2023
16386,2024
19668,2025
13059,2026
14172,2027
13043,2028
16598,2029
11344,2030
16603,2031
17140,2032
3523,2033
17023,2034
14951,2035
3995,2036
4043,2037
4144,2038
4147,2039
2082,2040
3895,2041
12275,2042
4153,2043
4155,2044
4180,2045
4415,2046
10316,2047
10398,2048
10407,2049
10912,2050
10982,2051
11107,2052
11597,2053
11705,2054
12155,2055
12178,2056
12735,2057
12893,2058
12902,2059
13428,2060
13434,2061
13440,2062
13541,2063
14081,2064
14122,2065
14629,2066
14644,2067
14666,2068
15123,2069
15188,2070
15223,2071
1538,2072
15709,2073
15639,2074
15735,2075
15786,2076
16436,2077
17024,2078
17051,2079
17537,2080
17661,2081
18781,2082
18798,2083
18873,2084
19979,2085
20024,2086
2717,2087
2826,2088
2900,2089
3040,2090
10330,2091
10367,2092
10444,2093
10471,2094
10907,2095
10944,2096
10996,2097
11002,2098
11062,2099
11524,2100
11640,2101
11648,2102
12243,2103
12282,2104
12316,2105
12774,2106
12788,2107
12880,2108
1290,2109
13332,2110
13960,2111
13973,2112
13991,2113
13996,2114
14036,2115
14073,2116
14075,2117
14085,2118
14092,2119
14657,2120
14714,2121
14726,2122
14731,2123
14733,2124
1496,2125
12060,2126
15049,2127
15186,2128
14461,2129
15280,2130
15299,2131
15302,2132
1562,2133
15871,2134
15913,2135
15930,2136
16279,2137
16439,2138
16215,2139
1660,2140
16895,2141
17043,2142
17104,2143
17474,2144
18076,2145
18082,2146
18159,2147
18237,2148
18240,2149
18556,2150
14613,2151
18493,2152
18656,2153
18673,2154
18769,2155
18787,2156
18792,2157
18800,2158
18860,2159
18871,2160
19144,2161
11502,2162
13429,2163
14462,2164
15807,2165
17030,2166
18054,2167
18098,2168
19356,2169
19383,2170
19820,2171
10844,2172
19922,2173
19952,2174
2154,2175
2236,2176
2263,2177
2282,2178
2800,2179
2821,2180
2859,2181
2860,2182
2958,2183
3305,2184
3314,2185
3492,2186
3494,2187
3498,2188
3515,2189
2056,2190
3535,2191
3954,2192
4113,2193
4446,2194
2262,2195
4457,2196
14260,2197
20290,2198
17567,2199
4513,2200
4515,2201
4521,2202
4528,2203
10208,2204
11413,2205
12447,2206
11170,2207
13054,2208
13602,2209
12565,2210
20165,2211
13170,2212
14127,2213
4152,2214
4540,2215
2682,2216
15413,2217
4562,2218
12008,2219
10130,2220
4576,2221
4600,2222
4620,2223
4629,2224
4635,2225
4659,2226
4666,2227
4688,2228
4690,2229
2700,2230
10204,2231
13435,2232
4704,2233
18592,2234
4709,2235
4724,2236
4743,2237
4755,2238
4769,2239
4771,2240
4772,2241
4773,2242
17405,2243
4786,2244
4789,2245
15054,2246
10166,2247
19012,2248
4791,2249
4834,2250
16552,2251
17138,2252
3628,2253
5069,2254
11216,2255
1648,2256
19633,2257
5096,2258
12609,2259
12459,2260
5108,2261
5126,2262
2652,2263
14290,2264
14662,2265
5185,2266
17396,2267
1347,2268
17844,2269
5197,2270
3917,2271
3262,2272
19414,2273
13265,2274
19608,2275
5218,2276
12650,2277
5227,2278
5229,2279
5238,2280
5242,2281
5263,2282
5266,2283
5271,2284
5282,2285
5283,2286
10240,2287
17961,2288
16276,2289
1115,2290
17882,2291
2323,2292
5302,2293
5324,2294
5329,2295
5361,2296
5366,2297
5383,2298
12051,2299
5391,2300
5394,2301
5427,2302
15608,2303
5435,2304
17724,2305
16625,2306
16029,2307
15396,2308
20200,2309
5498,2310
13173,2311
18214,2312
18815,2313
5542,2314
13231,2315
16619,2316
18048,2317
12713,2318
19625,2319
18429,2320
4252,2321
5640,2322
19409,2323
10840,2324
5438,2325
5660,2326
14244,2327
2552,2328
5665,2329
13711,2330
17306,2331
19387,2332
17413,2333
5716,2334
3874,2335
13114,2336
14852,2337
5717,2338
10207,2339
11510,2340
5728,2341
2034,2342
13068,2343
19086,2344
15317,2345
4757,2346
10853,2347
5735,2348
5811,2349
5833,2350
5843,2351
5844,2352
5851,2353
5869,2354
5889,2355
13868,2356
5654,2357
14605,2358
5478,2359
5910,2360
5926,2361
16831,2362
5930,2363
5934,2364
5938,2365
2051,2366
16202,2367
14890,2368
5943,2369
5958,2370
5959,2371
5960,2372
17394,2373
5975,2374
5980,2375
5997,2376
6236,2377
6252,2378
13244,2379
10435,2380
2147,2381
6275,2382
19857,2383
14452,2384
1329,2385
3086,2386
4095,2387
5995,2388
6278,2389
6011,2390
6281,2391
16083,2392
18779,2393
15048,2394
5645,2395
4781,2396
6339,2397
2649,2398
2277,2399
2361,2400
6350,2401
4485,2402
14015,2403
18499,2404
10636,2405
2740,2406
1783,2407
6360,2408
2043,2409
11665,2410
3720,2411
6418,2412
6438,2413
6485,2414
6495,2415
6500,2416
6544,2417
5124,2418
5672,2419
11242,2420
14278,2421
19351,2422
2731,2423
10669,2424
16855,2425
16186,2426
19974,2427
5388,2428
5395,2429
3588,2430
6545,2431
6555,2432
19170,2433
10168,2434
18105,2435
19102,2436
10304,2437
14937,2438
2715,2439
2030,2440
19709,2441
17141,2442
19856,2443
5447,2444
5510,2445
6574,2446
13856,2447
6587,2448
6595,2449
6688,2450
5771,2451
3011,2452
6706,2453
16776,2454
13902,2455
11996,2456
10647,2457
6795,2458
10016,2459
14289,2460
18926,2461
16756,2462
694,2463
11231,2464
11878,2465
19335,2466
2054,2467
6951,2468
2734,2469
4926,2470
696,2471
14308,2472
15152,2473
6960,2474
5039,2475
16938,2476
19035,2477
16020,2478
13147,2479
19016,2480
14794,2481
11946,2482
18387,2483
11891,2484
15989,2485
12498,2486
17160,2487
15544,2488
17746,2489
13768,2490
18988,2491
14332,2492
2086,2493
15503,2494
3433,2495
5241,2496
4035,2497
6976,2498
1388,2499
18042,2500
6979,2501
3277,2502
11353,2503
6040,2504
10646,2505
701,2506
11915,2507
703,2508
13693,2509
15438,2510
17059,2511
19938,2512
7031,2513
7035,2514
7037,2515
704,2516
11603,2517
11851,2518
13881,2519
3893,2520
16491,2521
7047,2522
7049,2523
7056,2524
706,2525
7062,2526
10472,2527
7068,2528
7104,2529
3308,2530
2639,2531
1515,2532
18432,2533
12933,2534
14274,2535
16607,2536
10536,2537
7105,2538
7106,2539
7112,2540
14450,2541
7135,2542
7155,2543
15658,2544
7204,2545
7205,2546
724,2547
13934,2548
20329,2549
732,2550
16659,2551
12422,2552
2774,2553
17985,2554
6284,2555
12122,2556
13689,2557
12502,2558
2064,2559
736,2560
16682,2561
17169,2562
15482,2563
2140,2564
3602,2565
12573,2566
4206,2567
13178,2568
6494,2569
7389,2570
13039,2571
4814,2572
12432,2573
13010,2574
19583,2575
19746,2576
6672,2577
16368,2578
7394,2579
13710,2580
7399,2581
7503,2582
2036,2583
6080,2584
15523,2585
16504,2586
15918,2587
7506,2588
1352,2589
5156,2590
6791,2591
15610,2592
3841,2593
4316,2594
13774,2595
18107,2596
18707,2597
7544,2598
13073,2599
18051,2600
755,2601
10458,2602
10638,2603
7557,2604
17536,2605
17865,2606
11757,2607
19712,2608
17722,2609
17723,2610
7272,2611
7573,2612
13649,2613
18968,2614
16691,2615
12364,2616
12971,2617
14970,2618
15560,2619
19877,2620
7576,2621
12308,2622
16931,2623
13888,2624
18512,2625
12339,2626
13909,2627
15440,2628
18322,2629
18954,2630
19747,2631
6704,2632
6746,2633
7582,2634
11339,2635
1073,2636
13309,2637
1219,2638
15905,2639
2749,2640
5525,2641
6089,2642
6381,2643
7588,2644
16788,2645
19652,2646
12519,2647
12954,2648
14198,2649
15958,2650
4896,2651
1473,2652
1476,2653
12195,2654
16259,2655
2301,2656
5350,2657
6135,2658
7378,2659
18618,2660
4971,2661
6378,2662
7592,2663
1324,2664
2280,2665
14481,2666
5688,2667
15085,2668
10795,2669
4417,2670
2647,2671
12708,2672
2398,2673
1300,2674
17964,2675
1297,2676
13771,2677
7600,2678
3870,2679
12476,2680
13972,2681
7190,2682
2696,2683
4466,2684
16450,2685
16671,2686
17032,2687
7612,2688
2664,2689
15864,2690
18442,2691
7613,2692
2029,2693
12197,2694
1820,2695
3928,2696
3882,2697
17263,2698
2836,2699
7684,2700
4533,2701
6304,2702
1180,2703
19021,2704
17191,2705
17905,2706
6524,2707
7704,2708
7709,2709
7737,2710
7753,2711
7781,2712
7792,2713
7799,2714
781,2715
3052,2716
18657,2717
3407,2718
10246,2719
4891,2720
7652,2721
5493,2722
7820,2723
7824,2724
7831,2725
7834,2726
7859,2727
7861,2728
10243,2729
10151,2730
13108,2731
13522,2732
787,2733
7872,2734
11187,2735
11792,2736
14941,2737
15530,2738
7196,2739
7882,2740
7891,2741
7900,2742
16506,2743
7906,2744
7915,2745
7930,2746
7933,2747
16309,2748
19258,2749
7953,2750
8006,2751
801,2752
4475,2753
18415,2754
13034,2755
1534,2756
16680,2757
18706,2758
2308,2759
11895,2760
15345,2761
17159,2762
16673,2763
17843,2764
4151,2765
7862,2766
802,2767
8099,2768
8108,2769
813,2770
6933,2771
13817,2772
2899,2773
10835,2774
1973,2775
2491,2776
19706,2777
6001,2778
18321,2779
6626,2780
15988,2781
12588,2782
20117,2783
13193,2784
11542,2785
814,2786
8174,2787
13106,2788
10881,2789
11997,2790
13916,2791
16366,2792
20041,2793
2894,2794
6096,2795
8177,2796
13513,2797
8178,2798
10753,2799
7216,2800
17980,2801
3851,2802
2505,2803
3141,2804
6763,2805
818,2806
773,2807
15798,2808
5564,2809
14917,2810
20079,2811
8187,2812
3799,2813
8045,2814
7415,2815
20336,2816
4751,2817
5352,2818
6969,2819
4468,2820
19398,2821
6004,2822
11306,2823
794,2824
5067,2825
20310,2826
4208,2827
4905,2828
7879,2829
20095,2830
20124,2831
16762,2832
6736,2833
8192,2834
16055,2835
6661,2836
10461,2837
5912,2838
5720,2839
3276,2840
18171,2841
18398,2842
16657,2843
8206,2844
14225,2845
14623,2846
12061,2847
16636,2848
6289,2849
11854,2850
13067,2851
19453,2852
17412,2853
6311,2854
13938,2855
15011,2856
15704,2857
15751,2858
1616,2859
8214,2860
6127,2861
8219,2862
10620,2863
11363,2864
1541,2865
17595,2866
19945,2867
6461,2868
7213,2869
8232,2870
18140,2871
20306,2872
16700,2873
8256,2874
753,2875
10941,2876
8273,2877
10211,2878
2160,2879
5731,2880
7566,2881
18508,2882
7677,2883
8280,2884
8230,2885
17501,2886
13848,2887
18558,2888
15166,2889
20319,2890
20096,2891
19724,2892
14752,2893
10549,2894
15342,2895
15565,2896
13343,2897
6714,2898
6634,2899
8283,2900
10401,2901
8315,2902
1425,2903
4461,2904
11865,2905
10812,2906
1984,2907
411,2908
5829,2909
10261,2910
5086,2911
20298,2912
15977,2913
16628,2914
18603,2915
18622,2916
3644,2917
3798,2918
4645,2919
6194,2920
8338,2921
10275,2922
3899,2923
10319,2924
14295,2925
16218,2926
10158,2927
10582,2928
2888,2929
1452,2930
3291,2931
2429,2932
14942,2933
11071,2934
11675,2935
10846,2936
10181,2937
13517,2938
14593,2939
18314,2940
19605,2941
4609,2942
6005,2943
11742,2944
5432,2945
11138,2946
18530,2947
18919,2948
13174,2949
2917,2950
7076,2951
8355,2952
8373,2953
8402,2954
8422,2955
3312,2956
7552,2957
14303,2958
14713,2959
10829,2960
1966,2961
15877,2962
18466,2963
8429,2964
4092,2965
16982,2966
2697,2967
8461,2968
8474,2969
8500,2970
852,2971
8533,2972
5153,2973
17237,2974
19641,2975
14764,2976
17912,2977
855,2978
8551,2979
8552,2980
8565,2981
8655,2982
8660,2983
19151,2984
15822,2985
2553,2986
14360,2987
4337,2988
11670,2989
1658,2990
1022,2991
20340,2992
2218,2993
8570,2994
8687,2995
8727,2996
8411,2997
7758,2998
5873,2999
15073,3000
6313,3001
5173,3002
7620,3003
6937,3004
14283,3005
3421,3006
5384,3007
4783,3008
5412,3009
14932,3010
6056,3011
8374,3012
873,3013
790,3014
3860,3015
14583,3016
12067,3017
1840,3018
4384,3019
18011,3020
10605,3021
4405,3022
7574,3023
12785,3024
13692,3025
20123,3026
17841,3027
16012,3028
11982,3029
18326,3030
12583,3031
12161,3032
88,3033
8801,3034
431,3035
119,3036
8805,3037
463,3038
147,3039
8807,3040
17100,3041
561,3042
233,3043
5795,3044
10342,3045
17660,3046
8808,3047
607,3048
275,3049
8812,3050
19145,3051
13737,3052
17112,3053
8814,3054
18417,3055
11247,3056
7959,3057
6030,3058
2951,3059
3555,3060
8815,3061
15005,3062
16640,3063
6422,3064
12053,3065
713,3066
6154,3067
7672,3068
8819,3069
11905,3070
4429,3071
5068,3072
10193,3073
12505,3074
13657,3075
13950,3076
2613,3077
16101,3078
2585,3079
3221,3080
486,3081
170,3082
593,3083
262,3084
636,3085
302,3086
7785,3087
8144,3088
13350,3089
12129,3090
439,3091
126,3092
8830,3093
11084,3094
11467,3095
10819,3096
13159,3097
12084,3098
13387,3099
13789,3100
14858,3101
14286,3102
16558,3103
10526,3104
16687,3105
14181,3106
18482,3107
8832,3108
15246,3109
13754,3110
8837,3111
12763,3112
19064,3113
19561,3114
18528,3115
4134,3116
8838,3117
14829,3118
12486,3119
16019,3120
18164,3121
8844,3122
14526,3123
12662,3124
714,3125
12816,3126
17890,3127
13086,3128
8845,3129
14535,3130
11831,3131
14865,3132
3655,3133
15205,3134
8477,3135
1432,3136
1379,3137
16780,3138
15471,3139
4127,3140
8851,3141
11836,3142
12393,3143
15847,3144
16710,3145
10448,3146
17134,3147
11391,3148
17285,3149
4268,3150
5991,3151
7281,3152
8858,3153
20274,3154
6887,3155
352,3156
46,3157
6939,3158
19619,3159
5029,3160
605,3161
273,3162
756,3163
17842,3164
4641,3165
8861,3166
11046,3167
14837,3168
4538,3169
3297,3170
11611,3171
15121,3172
15156,3173
20297,3174
10421,3175
11545,3176
17809,3177
5994,3178
8862,3179
17279,3180
19689,3181
2165,3182
16235,3183
7542,3184
14138,3185
2996,3186
14815,3187
8863,3188
13076,3189
16695,3190
18125,3191
8868,3192
1380,3193
12494,3194
15451,3195
15992,3196
11284,3197
16579,3198
16727,3199
18754,3200
1441,3201
1956,3202
4813,3203
16138,3204
14113,3205
5077,3206
679,3207
336,3208
8344,3209
19189,3210
1996,3211
7370,3212
2741,3213
18625,3214
3988,3215
4436,3216
5183,3217
630,3218
296,3219
6749,3220
12300,3221
7107,3222
8051,3223
3502,3224
10377,3225
15187,3226
8870,3227
1778,3228
10305,3229
1140,3230
17058,3231
18681,3232
18751,3233
16216,3234
6651,3235
7084,3236
18773,3237
8816,3238
10905,3239
15056,3240
1344,3241
19833,3242
1422,3243
4296,3244
11521,3245
12421,3246
16853,3247
10036,3248
5379,3249
5555,3250
15090,3251
18264,3252
4955,3253
5205,3254
5495,3255
7762,3256
18700,3257
8188,3258
17564,3259
18573,3260
3711,3261
14980,3262
5895,3263
6778,3264
6902,3265
17645,3266
8871,3267
10038,3268
19124,3269
6508,3270
14466,3271
2618,3272
14600,3273
7362,3274
17906,3275
8872,3276
13694,3277
13651,3278
12076,3279
14168,3280
16563,3281
17776,3282
14979,3283
11492,3284
12685,3285
12705,3286
10402,3287
13924,3288
15197,3289
17345,3290
19525,3291
2408,3292
13896,3293
13235,3294
16857,3295
18802,3296
2325,3297
3045,3298
3949,3299
1827,3300
5491,3301
11469,3302
10119,3303
1481,3304
15104,3305
17935,3306
4644,3307
5768,3308
10566,3309
6112,3310
6237,3311
6242,3312
6719,3313
10286,3314
2737,3315
4312,3316
6764,3317
7637,3318
4765,3319
7393,3320
7649,3321
1694,3322
4906,3323
7742,3324
8298,3325
11504,3326
6122,3327
8574,3328
8591,3329
871,3330
8873,3331
13641,3332
13951,3333
18596,3334
2008,3335
14302,3336
1609,3337
8874,3338
18022,3339
10725,3340
1935,3341
8877,3342
7066,3343
7873,3344
14231,3345
8880,3346
14055,3347
12054,3348
2400,3349
4452,3350
14558,3351
19787,3352
7263,3353
1077,3354
8193,3355
17947,3356
10517,3357
2179,3358
8882,3359
20317,3360
4695,3361
8884,3362
16109,3363
14174,3364
12462,3365
14756,3366
17290,3367
1081,3368
12967,3369
11838,3370
17728,3371
18915,3372
13116,3373
19049,3374
19098,3375
19655,3376
8885,3377
13294,3378
3207,3379
8798,3380
8887,3381
11302,3382
1676,3383
8888,3384
10633,3385
10525,3386
17496,3387
889,3388
8890,3389
8899,3390
8150,3391
12014,3392
13049,3393
16875,3394
89,3395
8901,3396
15614,3397
18209,3398
809,3399
17965,3400
10464,3401
19193,3402
2637,3403
10318,3404
2060,3405
5066,3406
2950,3407
5526,3408
10315,3409
5568,3410
4967,3411
13955,3412
15436,3413
8909,3414
7551,3415
14842,3416
10126,3417
12389,3418
15529,3419
16454,3420
17042,3421
20157,3422
13190,3423
8910,3424
3863,3425
18400,3426
2330,3427
6363,3428
5103,3429
4833,3430
1862,3431
10055,3432
19125,3433
11694,3434
8503,3435
8930,3436
3889,3437
11861,3438
14049,3439
8932,3440
16800,3441
14300,3442
11314,3443
11494,3444
16321,3445
8933,3446
8984,3447
8322,3448
899,3449
8990,3450
8992,3451
2134,3452
6673,3453
8999,3454
5111,3455
6272,3456
13930,3457
12070,3458
15092,3459
17273,3460
13969,3461
14101,3462
16580,3463
11873,3464
19844,3465
20289,3466
19544,3467
1769,3468
16254,3469
14424,3470
19661,3471
13552,3472
13599,3473
1756,3474
11474,3475
20349,3476
2322,3477
17389,3478
3603,3479
6118,3480
2143,3481
5320,3482
6699,3483
1470,3484
2444,3485
6950,3486
1043,3487
12435,3488
7970,3489
14500,3490
8168,3491
5429,3492
1566,3493
4437,3494
423,3495
111,3496
8155,3497
11087,3498
15016,3499
20294,3500
20129,3501
4510,3502
2604,3503
13667,3504
18857,3505
8549,3506
9,3507
434,3508
5584,3509
10791,3510
10122,3511
8691,3512
8588,3513
4323,3514
2450,3515
90,3516
9002,3517
18587,3518
8189,3519
12191,3520
17254,3521
11822,3522
9020,3523
5127,3524
2653,3525
15018,3526
16326,3527
20304,3528
11146,3529
14241,3530
11750,3531
15385,3532
9031,3533
8935,3534
15033,3535
2281,3536
9032,3537
6324,3538
5638,3539
16352,3540
6793,3541
7431,3542
18061,3543
20217,3544
13072,3545
9036,3546
11518,3547
9039,3548
9043,3549
9054,3550
7101,3551
15648,3552
6912,3553
11623,3554
15731,3555
17219,3556
8276,3557
775,3558
10465,3559
15433,3560
9059,3561
8396,3562
9060,3563
9072,3564
7115,3565
9085,3566
9096,3567
9098,3568
9099,3569
9107,3570
9109,3571
9128,3572
14485,3573
10228,3574
15480,3575
9154,3576
11434,3577
3236,3578
15591,3579
13208,3580
19954,3581
7625,3582
3299,3583
11105,3584
13280,3585
3102,3586
5669,3587
11973,3588
10142,3589
1337,3590
11369,3591
425,3592
113,3593
5838,3594
9156,3595
9179,3596
15986,3597
12619,3598
16090,3599
17131,3600
18295,3601
1151,3602
19552,3603
6703,3604
6821,3605
9180,3606
16422,3607
17010,3608
2687,3609
19752,3610
13688,3611
14873,3612
5368,3613
5737,3614
4503,3615
1821,3616
2485,3617
18472,3618
11240,3619
4148,3620
18585,3621
7063,3622
6432,3623
817,3624
8848,3625
13346,3626
16707,3627
20102,3628
20254,3629
11730,3630
11778,3631
11824,3632
16048,3633
20314,3634
4211,3635
13105,3636
4811,3637
12500,3638
8519,3639
1724,3640
15399,3641
2358,3642
16725,3643
2987,3644
11896,3645
3607,3646
11293,3647
2352,3648
19005,3649
4212,3650
15398,3651
5416,3652
13733,3653
5597,3654
16728,3655
14702,3656
15292,3657
3316,3658
744,3659
16116,3660
2011,3661
2196,3662
7517,3663
655,3664
319,3665
8613,3666
16705,3667
18309,3668
1732,3669
18232,3670
7743,3671
5857,3672
6362,3673
2681,3674
7249,3675
9199,3676
12313,3677
12921,3678
19167,3679
699,3680
2646,3681
3025,3682
3455,3683
4435,3684
663,3685
323,3686
6987,3687
4494,3688
19036,3689
4663,3690
7884,3691
12449,3692
16889,3693
17194,3694
11248,3695
18964,3696
8761,3697
9202,3698
9205,3699
19347,3700
9103,3701
1453,3702
5099,3703
18204,3704
10859,3705
1419,3706
6523,3707
8523,3708
13056,3709
18298,3710
18361,3711
19023,3712
9112,3713
19662,3714
12990,3715
18433,3716
11169,3717
18374,3718
8544,3719
9204,3720
12249,3721
11644,3722
9209,3723
12804,3724
9214,3725
16921,3726
17507,3727
18582,3728
4454,3729
15595,3730
1253,3731
3163,3732
11974,3733
7748,3734
7117,3735
9220,3736
9223,3737
4243,3738
9224,3739
9230,3740
15692,3741
9232,3742
9237,3743
3725,3744
1879,3745
17873,3746
16562,3747
13747,3748
7006,3749
3097,3750
6741,3751
1497,3752
9243,3753
5461,3754
10449,3755
8451,3756
13277,3757
1997,3758
2050,3759
3118,3760
3970,3761
8525,3762
9185,3763
14150,3764
17921,3765
19343,3766
19940,3767
15077,3768
5034,3769
361,3770
53,3771
7133,3772
7764,3773
2897,3774
19779,3775
6910,3776
16653,3777
12998,3778
17863,3779
2764,3780
7632,3781
833,3782
3714,3783
9246,3784
10310,3785
12092,3786
12208,3787
18602,3788
10108,3789
19829,3790
3044,3791
6820,3792
7638,3793
19417,3794
4314,3795
9247,3796
9249,3797
1245,3798
1881,3799
12277,3800
17871,3801
5334,3802
17283,3803
11753,3804
13113,3805
6605,3806
2304,3807
12508,3808
11149,3809
13132,3810
11120,3811
11933,3812
20090,3813
14909,3814
10509,3815
2938,3816
9229,3817
11501,3818
19230,3819
9255,3820
8785,3821
10787,3822
8054,3823
3066,3824
10137,3825
375,3826
65,3827
9257,3828
10138,3829
584,3830
254,3831
9259,3832
1107,3833
3475,3834
5281,3835
12039,3836
7525,3837
9273,3838
4845,3839
1070,3840
9283,3841
14824,3842
11768,3843
11225,3844
18377,3845
11978,3846
18980,3847
11374,3848
15174,3849
9284,3850
3948,3851
8038,3852
5618,3853
2632,3854
5741,3855
15598,3856
3813,3857
763,3858
3776,3859
19745,3860
4074,3861
3470,3862
11471,3863
1924,3864
7369,3865
1209,3866
16784,3867
689,3868
14637,3869
17659,3870
3357,3871
5505,3872
5005,3873
5605,3874
6254,3875
2619,3876
15605,3877
5581,3878
7752,3879
8639,3880
6686,3881
6426,3882
14548,3883
13305,3884
9285,3885
14899,3886
8514,3887
6043,3888
9286,3889
7366,3890
6745,3891
11843,3892
13601,3893
20311,3894
9291,3895
7463,3896
10877,3897
12604,3898
16284,3899
17048,3900
19997,3901
2952,3902
4097,3903
3493,3904
7827,3905
9292,3906
13234,3907
3051,3908
10045,3909
11404,3910
15204,3911
17018,3912
17084,3913
17542,3914
4040,3915
4766,3916
6037,3917
6662,3918
7162,3919
7902,3920
8540,3921
7846,3922
8567,3923
9217,3924
9294,3925
10772,3926
18004,3927
8124,3928
6873,3929
6248,3930
4416,3931
8213,3932
9298,3933
9307,3934
11260,3935
14784,3936
7908,3937
18202,3938
9309,3939
1247,3940
2449,3941
9313,3942
5524,3943
16098,3944
5533,3945
9310,3946
8800,3947
466,3948
150,3949
9315,3950
7390,3951
13812,3952
9319,3953
2452,3954
13956,3955
1633,3956
9322,3957
9277,3958
3210,3959
467,3960
151,3961
9325,3962
3834,3963
399,3964
87,3965
9330,3966
9201,3967
14931,3968
9336,3969
9340,3970
2443,3971
1802,3972
12012,3973
11408,3974
14043,3975
13274,3976
13281,3977
1374,3978
6653,3979
17954,3980
579,3981
249,3982
8184,3983
13052,3984
13844,3985
11310,3986
10810,3987
11784,3988
10105,3989
1952,3990
362,3991
484,3992
168,3993
54,3994
8813,3995
11920,3996
1954,3997
18856,3998
10889,3999
349,4000
43,4001
6889,4002
2948,4003
4910,4004
14894,4005
17126,4006
18716,4007
13172,4008
19291,4009
3466,4010
4045,4011
7944,4012
9018,4013
9344,4014
8682,4015
4859,4016
5907,4017
7791,4018
9345,4019
1262,4020
17367,4021
476,4022
160,4023
9347,4024
9354,4025
1155,4026
3071,4027
4915,4028
10106,4029
10777,4030
8777,4031
8796,4032
3666,4033
12152,4034
17360,4035
10773,4036
12233,4037
12800,4038
11380,4039
15767,4040
2221,4041
12328,4042
17316,4043
12306,4044
13963,4045
16391,4046
18027,4047
18217,4048
18627,4049
18870,4050
3478,4051
3661,4052
4267,4053
10366,4054
4420,4055
492,4056
176,4057
6608,4058
15066,4059
1381,4060
10345,4061
11430,4062
18723,4063
3232,4064
11560,4065
16119,4066
20231,4067
2754,4068
5423,4069
12400,4070
18424,4071
11794,4072
13129,4073
16541,4074
11244,4075
16601,4076
14246,4077
17190,4078
17223,4079
16027,4080
13647,4081
16605,4082
20236,4083
14201,4084
17886,4085
12351,4086
19116,4087
14156,4088
11825,4089
13608,4090
1483,4091
15406,4092
14205,4093
14513,4094
12914,4095
16759,4096
14140,4097
18487,4098
19523,4099
16692,4100
18924,4101
19219,4102
10062,4103
2873,4104
2238,4105
3753,4106
4082,4107
4357,4108
5117,4109
5145,4110
19925,4111
5245,4112
6732,4113
12926,4114
19848,4115
19253,4116
2052,4117
19156,4118
18091,4119
7295,4120
7439,4121
18675,4122
5817,4123
6443,4124
2710,4125
7923,4126
7722,4127
7093,4128
829,4129
15825,4130
834,4131
16936,4132
8673,4133
4671,4134
13499,4135
911,4136
1548,4137
9165,4138
15557,4139
9308,4140
20013,4141
18118,4142
2214,4143
3301,4144
9356,4145
9358,4146
4951,4147
5551,4148
4931,4149
18408,4150
7423,4151
3094,4152
10133,4153
391,4154
79,4155
9360,4156
9363,4157
6077,4158
3822,4159
3154,4160
1914,4161
14425,4162
3677,4163
668,4164
328,4165
9361,4166
5016,4167
1934,4168
11401,4169
13214,4170
8140,4171
376,4172
66,4173
9368,4174
6858,4175
6233,4176
2486,4177
1299,4178
6310,4179
6725,4180
7409,4181
10665,4182
7976,4183
11999,4184
938,4185
2840,4186
9383,4187
11834,4188
18425,4189
4736,4190
10822,4191
18559,4192
13124,4193
1953,4194
350,4195
44,4196
9384,4197
9385,4198
1856,4199
6201,4200
10729,4201
5577,4202
4977,4203
13381,4204
11577,4205
13633,4206
14589,4207
2719,4208
1408,4209
5534,4210
10645,4211
19429,4212
11993,4213
7183,4214
9386,4215
9388,4216
10628,4217
10807,4218
565,4219
237,4220
9390,4221
17857,4222
5415,4223
19118,4224
14747,4225
18293,4226
3638,4227
5449,4228
3553,4229
9391,4230
15002,4231
10703,4232
4386,4233
3782,4234
9393,4235
3946,4236
7414,4237
7505,4238
6290,4239
3338,4240
6841,4241
3816,4242
9394,4243
9266,4244
12521,4245
16543,4246
6698,4247
7642,4248
9396,4249
16714,4250
9397,4251
10504,4252
13664,4253
17180,4254
15411,4255
17766,4256
14230,4257
18378,4258
11330,4259
18981,4260
13142,4261
8773,4262
5000,4263
10132,4264
493,4265
177,4266
9399,4267
7450,4268
2469,4269
12539,4270
14422,4271
14491,4272
17433,4273
3206,4274
14385,4275
5983,4276
12526,4277
7385,4278
7474,4279
8014,4280
6160,4281
1936,4282
15081,4283
12190,4284
14389,4285
15915,4286
3938,4287
12547,4288
14014,4289
15163,4290
18841,4291
3584,4292
4107,4293
4464,4294
12622,4295
3352,4296
5142,4297
11998,4298
2310,4299
2326,4300
4135,4301
5348,4302
6144,4303
8022,4304
6187,4305
2425,4306
13809,4307
3740,4308
7411,4309
4425,4310
415,4311
103,4312
8097,4313
3172,4314
7015,4315
6766,4316
7388,4317
3694,4318
7496,4319
8779,4320
8787,4321
14429,4322
6271,4323
1169,4324
8896,4325
416,4326
104,4327
9392,4328
8729,4329
12628,4330
12005,4331
7448,4332
8078,4333
3731,4334
4336,4335
18273,4336
19795,4337
7482,4338
1171,4339
7395,4340
9406,4341
14494,4342
15668,4343
13217,4344
18604,4345
15569,4346
18144,4347
18763,4348
19969,4349
2115,4350
1545,4351
1607,4352
2540,4353
13351,4354
4687,4355
5497,4356
6589,4357
8318,4358
9053,4359
2955,4360
12925,4361
8926,4362
3885,4363
11689,4364
15804,4365
15069,4366
16297,4367
3900,4368
10779,4369
13373,4370
1587,4371
18050,4372
4057,4373
7220,4374
8381,4375
8463,4376
9114,4377
924,4378
9407,4379
9409,4380
4933,4381
3793,4382
13237,4383
1925,4384
1872,4385
9413,4386
10080,4387
6691,4388
9414,4389
14058,4390
18611,4391
7232,4392
8707,4393
13536,4394
9418,4395
1301,4396
444,4397
131,4398
9421,4399
10083,4400
3773,4401
9430,4402
6039,4403
1617,4404
9432,4405
9093,4406
9438,4407
14984,4408
1183,4409
12170,4410
18715,4411
12183,4412
19372,4413
2114,4414
5870,4415
16301,4416
1516,4417
11452,4418
5658,4419
18730,4420
7325,4421
11829,4422
15373,4423
11224,4424
11159,4425
13005,4426
10519,4427
7963,4428
1117,4429
7796,4430
8301,4431
9149,4432
7191,4433
9168,4434
11038,4435
9441,4436
9442,4437
7488,4438
8118,4439
5007,4440
15908,4441
1619,4442
17574,4443
18250,4444
20033,4445
20347,4446
10039,4447
12077,4448
10741,4449
12703,4450
10639,4451
10134,4452
14582,4453
15683,4454
17657,4455
1844,4456
19257,4457
2464,4458
12146,4459
16270,4460
2576,4461
10687,4462
2925,4463
4603,4464
5186,4465
17430,4466
548,4467
224,4468
5536,4469
1561,4470
5819,4471
5916,4472
5152,4473
2500,4474
4363,4475
10677,4476
601,4477
270,4478
6369,4479
3699,4480
1939,4481
577,4482
248,4483
6730,4484
4421,4485
3808,4486
4412,4487
19926,4488
613,4489
281,4490
6879,4491
1350,4492
6734,4493
7010,4494
7082,4495
7635,4496
1819,4497
1770,4498
2442,4499
15021,4500
2600,4501
4986,4502
5586,4503
10747,4504
7650,4505
15580,4506
10803,4507
537,4508
215,4509
8098,4510
7468,4511
2503,4512
1264,4513
1900,4514
8084,4515
12020,4516
5971,4517
4802,4518
8608,4519
17938,4520
1631,4521
5162,4522
8677,4523
6761,4524
15157,4525
10289,4526
5521,4527
7402,4528
10757,4529
3208,4530
3902,4531
4919,4532
1792,4533
16774,4534
4954,4535
2467,4536
6157,4537
8709,4538
3818,4539
10121,4540
18550,4541
18041,4542
17416,4543
589,4544
259,4545
8720,4546
10715,4547
5801,4548
8748,4549
3098,4550
1230,4551
1866,4552
4330,4553
14039,4554
8766,4555
9332,4556
9376,4557
1812,4558
12030,4559
533,4560
211,4561
545,4562
221,4563
551,4564
225,4565
566,4566
238,4567
575,4568
246,4569
612,4570
280,4571
651,4572
317,4573
657,4574
321,4575
669,4576
329,4577
9428,4578
8765,4579
1275,4580
5616,4581
19760,4582
8053,4583
13229,4584
6141,4585
10707,4586
6189,4587
16771,4588
16183,4589
12602,4590
15793,4591
9429,4592
3707,4593
5020,4594
3850,4595
7470,4596
9425,4597
10679,4598
15008,4599
15597,4600
3077,4601
4947,4602
4343,4603
3586,4604
9443,4605
10111,4606
9401,4607
5554,4608
10774,4609
18551,4610
517,4611
197,4612
9449,4613
12276,4614
1825,4615
4958,4616
8708,4617
1938,4618
404,4619
92,4620
9451,4621
3684,4622
16484,4623
19412,4624
8693,4625
11696,4626
11092,4627
4683,4628
6973,4629
5075,4630
2556,4631
15907,4632
1919,4633
2415,4634
10071,4635
3374,4636
3961,4637
3688,4638
4291,4639
3566,4640
16753,4641
6535,4642
13171,4643
6967,4644
3258,4645
14622,4646
19832,4647
7184,4648
8479,4649
8584,4650
13514,4651
2518,4652
2110,4653
5501,4654
5806,4655
7943,4656
16192,4657
15214,4658
1774,4659
2290,4660
4873,4661
5475,4662
18684,4663
819,4664
10099,4665
9100,4666
10454,4667
9457,4668
1930,4669
2567,4670
1899,4671
1263,4672
3815,4673
10712,4674
13794,4675
12927,4676
2627,4677
4682,4678
2742,4679
8042,4680
10683,4681
6167,4682
8629,4683
1303,4684
10730,4685
1755,4686
14078,4687
628,4688
295,4689
839,4690
15004,4691
4374,4692
7456,4693
16197,4694
6265,4695
8662,4696
1296,4697
10796,4698
9427,4699
16775,4700
8008,4701
6133,4702
15572,4703
9004,4704
9458,4705
7983,4706
1807,4707
8799,4708
8846,4709
4937,4710
1823,4711
6781,4712
6243,4713
6868,4714
4981,4715
10583,4716
1754,4717
19378,4718
946,4719
10554,4720
9463,4721
1373,4722
10719,4723
10050,4724
3700,4725
4327,4726
8695,4727
10690,4728
10625,4729
8635,4730
12627,4731
9365,4732
9464,4733
417,4734
105,4735
9465,4736
452,4737
137,4738
9466,4739
471,4740
155,4741
7498,4742
6871,4743
19231,4744
13300,4745
6854,4746
5585,4747
4985,4748
6253,4749
728,4750
4340,4751
10700,4752
8704,4753
5600,4754
3795,4755
3140,4756
8009,4757
1768,4758
13131,4759
5406,4760
16099,4761
9469,4762
382,4763
71,4764
9470,4765
599,4766
268,4767
9473,4768
570,4769
241,4770
8448,4771
9111,4772
4740,4773
1444,4774
18564,4775
13045,4776
20134,4777
12438,4778
13003,4779
13233,4780
18376,4781
708,4782
20250,4783
12093,4784
14729,4785
16035,4786
12412,4787
16950,4788
7305,4789
14543,4790
15135,4791
15057,4792
710,4793
16073,4794
20258,4795
12136,4796
12744,4797
2298,4798
11443,4799
1339,4800
13126,4801
13099,4802
4742,4803
8703,4804
8281,4805
15420,4806
19672,4807
9477,4808
13618,4809
19948,4810
9481,4811
4877,4812
5253,4813
9484,4814
10419,4815
11447,4816
19031,4817
1979,4818
13436,4819
18439,4820
18930,4821
17234,4822
14199,4823
15387,4824
1106,4825
9485,4826
14867,4827
8352,4828
2071,4829
2654,4830
17106,4831
7864,4832
17801,4833
9488,4834
1781,4835
4888,4836
15464,4837
12365,4838
1474,4839
1153,4840
4047,4841
5154,4842
10004,4843
5940,4844
6806,4845
13908,4846
14498,4847
10081,4848
17432,4849
3153,4850
6195,4851
7008,4852
1814,4853
7653,4854
17936,4855
3460,4856
9489,4857
15015,4858
11913,4859
17132,4860
1762,4861
4568,4862
9153,4863
9197,4864
12731,4865
13415,4866
14048,4867
1579,4868
19451,4869
3405,4870
4131,4871
5901,4872
9490,4873
17876,4874
1311,4875
15661,4876
16034,4877
18253,4878
2307,4879
18224,4880
20020,4881
3835,4882
19096,4883
12193,4884
2047,4885
14251,4886
14431,4887
3219,4888
14011,4889
12801,4890
16979,4891
3482,4892
5063,4893
17247,4894
2042,4895
11906,4896
1950,4897
3217,4898
3867,4899
1367,4900
17837,4901
19392,4902
19785,4903
20255,4904
3824,4905
474,4906
158,4907
506,4908
187,4909
508,4910
189,4911
543,4912
219,4913
595,4914
264,4915
647,4916
313,4917
726,4918
10332,4919
4939,4920
2188,4921
9351,4922
12226,4923
16031,4924
17833,4925
12374,4926
15432,4927
11765,4928
12981,4929
17907,4930
11080,4931
11684,4932
17984,4933
19055,4934
11732,4935
11925,4936
12342,4937
19726,4938
3605,4939
12540,4940
4004,4941
20275,4942
7497,4943
7617,4944
5094,4945
16111,4946
11305,4947
12966,4948
17142,4949
12511,4950
18495,4951
12359,4952
13617,4953
17207,4954
6038,4955
9177,4956
20326,4957
929,4958
9453,4959
16251,4960
16698,4961
13051,4962
15346,4963
11333,4964
2985,4965
13145,4966
8515,4967
18515,4968
11117,4969
9494,4970
20284,4971
16080,4972
5808,4973
10276,4974
3295,4975
18859,4976
9374,4977
10546,4978
9495,4979
11000,4980
9499,4981
3683,4982
6177,4983
3960,4984
8056,4985
9267,4986
8606,4987
11482,4988
14002,4989
20046,4990
15320,4991
4019,4992
5996,4993
12396,4994
20139,4995
6644,4996
6645,4997
7319,4998
18851,4999
11683,5000
11079,5001
19914,5002
9501,5003
16984,5004
2428,5005
5454,5006
9503,5007
8617,5008
15563,5009
8988,5010
3981,5011
9504,5012
11886,5013
1083,5014
11859,5015
17129,5016
17733,5017
17941,5018
16255,5019
16848,5020
17361,5021
18961,5022
3667,5023
15690,5024
6785,5025
1458,5026
3345,5027
6159,5028
7383,5029
16841,5030
3788,5031
7012,5032
14412,5033
7436,5034
7948,5035
8291,5036
4315,5037
8738,5038
9071,5039
9509,5040
12016,5041
19270,5042
3925,5043
7311,5044
9514,5045
16660,5046
11777,5047
11243,5048
18910,5049
18441,5050
17736,5051
19497,5052
20269,5053
19562,5054
2370,5055
11172,5056
12338,5057
12454,5058
14166,5059
14252,5060
16630,5061
17165,5062
11848,5063
19560,5064
3635,5065
5443,5066
6611,5067
19658,5068
12992,5069
17210,5070
6641,5071
8582,5072
10535,5073
5834,5074
6460,5075
9152,5076
16676,5077
9518,5078
4658,5079
9297,5080
11312,5081
12347,5082
7289,5083
18147,5084
9520,5085
13714,5086
16291,5087
6964,5088
1965,5089
10909,5090
13871,5091
10176,5092
13831,5093
11238,5094
17780,5095
11812,5096
19350,5097
10258,5098
2663,5099
19929,5100
8518,5101
16548,5102
13104,5103
15961,5104
16573,5105
2383,5106
3018,5107
1627,5108
8722,5109
15488,5110
11724,5111
16130,5112
7865,5113
10555,5114
9521,5115
14838,5116
13662,5117
17529,5118
15055,5119
10167,5120
12111,5121
8646,5122
10496,5123
16519,5124
19215,5125
10075,5126
11078,5127
15672,5128
10760,5129
16480,5130
16408,5131
19365,5132
15645,5133
2628,5134
1870,5135
10033,5136
1846,5137
5797,5138
6444,5139
4711,5140
5310,5141
7922,5142
1559,5143
14005,5144
910,5145
5115,5146
9525,5147
12262,5148
8676,5149
6023,5150
9527,5151
20225,5152
7207,5153
9528,5154
4505,5155
19482,5156
20292,5157
10090,5158
16770,5159
18938,5160
19088,5161
3994,5162
5411,5163
14927,5164
5988,5165
15516,5166
3590,5167
4667,5168
16369,5169
7499,5170
2591,5171
424,5172
112,5173
9531,5174
15892,5175
16126,5176
17977,5177
4450,5178
16715,5179
18025,5180
14414,5181
5316,5182
9462,5183
9533,5184
2954,5185
13252,5186
7324,5187
1282,5188
1918,5189
11221,5190
18383,5191
4685,5192
6041,5193
8152,5194
6139,5195
6178,5196
1818,5197
6428,5198
7153,5199
7875,5200
14779,5201
13196,5202
9534,5203
17870,5204
15337,5205
18323,5206
18504,5207
16550,5208
2412,5209
19221,5210
18778,5211
2087,5212
1218,5213
3962,5214
1131,5215
4136,5216
4207,5217
4362,5218
4745,5219
5515,5220
13316,5221
1478,5222
12618,5223
18026,5224
1118,5225
2732,5226
3695,5227
6074,5228
10288,5229
11491,5230
16905,5231
17438,5232
17457,5233
1795,5234
1849,5235
4876,5236
6999,5237
7206,5238
7397,5239
8060,5240
8950,5241
8019,5242
9304,5243
15084,5244
15850,5245
2095,5246
18852,5247
6238,5248
8284,5249
6155,5250
9341,5251
954,5252
9540,5253
10609,5254
14368,5255
875,5256
9542,5257
13965,5258
8666,5259
17301,5260
17596,5261
7075,5262
15564,5263
8545,5264
9544,5265
15830,5266
9546,5267
11860,5268
12154,5269
2583,5270
2725,5271
14213,5272
583,5273
253,5274
8216,5275
17224,5276
1505,5277
1946,5278
530,5279
208,5280
6266,5281
19062,5282
2021,5283
16643,5284
1309,5285
3223,5286
364,5287
56,5288
609,5289
277,5290
6927,5291
16053,5292
6922,5293
15402,5294
18566,5295
17814,5296
2253,5297
10827,5298
3840,5299
11612,5300
10266,5301
17969,5302
13708,5303
14715,5304
16112,5305
5027,5306
598,5307
267,5308
6153,5309
1203,5310
11201,5311
12865,5312
15145,5313
13269,5314
16637,5315
14220,5316
17718,5317
11267,5318
17179,5319
2414,5320
4218,5321
4294,5322
2116,5323
19676,5324
12423,5325
5651,5326
11909,5327
10811,5328
1962,5329
623,5330
290,5331
6792,5332
12513,5333
4808,5334
7202,5335
7898,5336
17505,5337
18086,5338
15651,5339
3256,5340
17879,5341
17291,5342
19441,5343
20060,5344
8145,5345
438,5346
125,5347
8353,5348
868,5349
6410,5350
11547,5351
19933,5352
931,5353
1567,5354
9548,5355
19233,5356
4827,5357
19498,5358
16096,5359
15990,5360
16577,5361
4257,5362
7287,5363
4692,5364
9553,5365
12210,5366
11001,5367
15408,5368
15839,5369
18736,5370
20244,5371
2272,5372
15332,5373
19731,5374
11546,5375
14709,5376
15110,5377
2138,5378
1509,5379
3497,5380
4726,5381
4861,5382
5222,5383
4622,5384
1454,5385
2046,5386
14631,5387
15058,5388
17099,5389
1982,5390
13062,5391
17217,5392
14208,5393
12522,5394
12948,5395
11919,5396
18173,5397
18966,5398
11315,5399
10309,5400
11126,5401
19147,5402
16459,5403
19708,5404
13920,5405
4101,5406
16397,5407
15809,5408
4587,5409
1500,5410
5462,5411
12224,5412
11618,5413
7669,5414
18270,5415
7810,5416
8581,5417
7180,5418
4759,5419
16468,5420
8936,5421
5682,5422
5810,5423
17391,5424
3243,5425
14067,5426
20308,5427
11143,5428
16716,5429
11726,5430
13630,5431
19588,5432
11826,5433
18986,5434
19722,5435
11125,5436
17894,5437
11122,5438
11234,5439
1459,5440
18372,5441
19039,5442
18975,5443
19966,5444
4727,5445
4959,5446
13325,5447
15200,5448
13419,5449
4983,5450
5583,5451
10876,5452
1897,5453
4123,5454
5753,5455
10942,5456
6584,5457
8001,5458
2875,5459
8496,5460
9127,5461
8464,5462
13846,5463
12632,5464
11498,5465
9027,5466
9158,5467
16815,5468
9556,5469
18154,5470
20273,5471
12377,5472
12549,5473
9558,5474
13360,5475
17803,5476
10096,5477
10765,5478
13611,5479
15450,5480
1720,5481
17435,5482
16120,5483
17449,5484
17751,5485
15553,5486
18047,5487
18982,5488
15537,5489
2376,5490
2747,5491
15584,5492
5251,5493
5359,5494
15881,5495
14480,5496
2045,5497
12315,5498
17932,5499
11888,5500
5836,5501
6760,5502
7665,5503
9559,5504
10283,5505
8030,5506
3216,5507
390,5508
78,5509
9560,5510
19842,5511
5460,5512
9137,5513
9566,5514
10144,5515
5974,5516
9575,5517
5643,5518
11636,5519
13205,5520
16703,5521
9590,5522
3278,5523
15274,5524
3766,5525
1229,5526
15254,5527
6234,5528
6859,5529
6151,5530
8005,5531
7377,5532
6777,5533
9592,5534
4486,5535
16094,5536
15427,5537
11763,5538
12533,5539
16438,5540
848,5541
11331,5542
17705,5543
4414,5544
8487,5545
9593,5546
3886,5547
12746,5548
1915,5549
4044,5550
4129,5551
4732,5552
6170,5553
14991,5554
13783,5555
19876,5556
18081,5557
9594,5558
5678,5559
16662,5560
10299,5561
1093,5562
11575,5563
1465,5564
18364,5565
18911,5566
10681,5567
17441,5568
20288,5569
18342,5570
20143,5571
11280,5572
3958,5573
4826,5574
18944,5575
4830,5576
17887,5577
17721,5578
19107,5579
3360,5580
16262,5581
2108,5582
13905,5583
1460,5584
1891,5585
2515,5586
3739,5587
4281,5588
5274,5589
6816,5590
13295,5591
4545,5592
10709,5593
8476,5594
8612,5595
8789,5596
3059,5597
10594,5598
12771,5599
3484,5600
5303,5601
1635,5602
7064,5603
9233,5604
20005,5605
2390,5606
3420,5607
3990,5608
4192,5609
7688,5610
12258,5611
8470,5612
9339,5613
11366,5614
12238,5615
12845,5616
9349,5617
14963,5618
19299,5619
18701,5620
2705,5621
7562,5622
1605,5623
16236,5624
5662,5625
3654,5626
6833,5627
15606,5628
7410,5629
6787,5630
15552,5631
12780,5632
18103,5633
8082,5634
10626,5635
3182,5636
1273,5637
2538,5638
10020,5639
10689,5640
10806,5641
585,5642
255,5643
7479,5644
9433,5645
6193,5646
3083,5647
15001,5648
10001,5649
6188,5650
8066,5651
7404,5652
5623,5653
546,5654
222,5655
9602,5656
14441,5657
5349,5658
2203,5659
2838,5660
6768,5661
20057,5662
7851,5663
10821,5664
11421,5665
11588,5666
3676,5667
4558,5668
1164,5669
18248,5670
5373,5671
7809,5672
8289,5673
8016,5674
12185,5675
8354,5676
8473,5677
13258,5678
862,5679
9605,5680
2678,5681
11274,5682
12812,5683
1632,5684
961,5685
9610,5686
14698,5687
3105,5688
2119,5689
10954,5690
9614,5691
17939,5692
9615,5693
10641,5694
16488,5695
9016,5696
14130,5697
9618,5698
20052,5699
8643,5700
9651,5701
9661,5702
9665,5703
9666,5704
9667,5705
9675,5706
9677,5707
6434,5708
9678,5709
12244,5710
9680,5711
16834,5712
8129,5713
9682,5714
1451,5715
3290,5716
1833,5717
18740,5718
9689,5719
9583,5720
15620,5721
7357,5722
14008,5723
1513,5724
9000,5725
9684,5726
9691,5727
10361,5728
1104,5729
4099,5730
11646,5731
2698,5732
1377,5733
15322,5734
12069,5735
4202,5736
19744,5737
14590,5738
15818,5739
16876,5740
17006,5741
18653,5742
18053,5743
15776,5744
16363,5745
13256,5746
2822,5747
6091,5748
1099,5749
6520,5750
6949,5751
10011,5752
3573,5753
7278,5754
14091,5755
13493,5756
789,5757
5060,5758
12114,5759
13213,5760
10580,5761
2093,5762
13079,5763
12978,5764
1097,5765
4564,5766
16681,5767
13680,5768
2355,5769
1734,5770
20019,5771
1045,5772
12653,5773
6899,5774
16076,5775
15453,5776
17189,5777
17752,5778
6061,5779
6685,5780
8158,5781
2862,5782
16232,5783
1992,5784
16666,5785
11165,5786
11251,5787
11770,5788
13427,5789
16072,5790
17275,5791
17749,5792
18480,5793
12702,5794
15224,5795
20168,5796
11898,5797
17742,5798
14817,5799
17201,5800
12460,5801
14194,5802
2760,5803
2880,5804
3608,5805
14217,5806
18391,5807
13107,5808
14503,5809
15983,5810
16049,5811
16253,5812
12148,5813
17590,5814
19750,5815
13998,5816
12305,5817
11698,5818
20188,5819
11249,5820
16600,5821
10573,5822
19802,5823
16188,5824
10917,5825
17461,5826
17037,5827
6085,5828
3359,5829
6710,5830
2187,5831
8062,5832
8303,5833
13807,5834
5891,5835
5894,5836
17070,5837
16481,5838
858,5839
10417,5840
8419,5841
8610,5842
12127,5843
9012,5844
9143,5845
953,5846
10414,5847
9676,5848
11457,5849
2033,5850
9694,5851
4523,5852
13841,5853
13087,5854
7539,5855
11858,5856
5083,5857
15442,5858
6261,5859
1662,5860
580,5861
250,5862
7513,5863
440,5864
127,5865
8147,5866
1026,5867
603,5868
271,5869
8223,5870
17829,5871
1949,5872
2296,5873
558,5874
230,5875
7013,5876
13614,5877
8228,5878
1403,5879
11223,5880
3265,5881
13065,5882
1312,5883
17959,5884
16058,5885
5033,5886
542,5887
218,5888
592,5889
261,5890
6260,5891
635,5892
301,5893
6621,5894
11512,5895
1313,5896
10908,5897
14528,5898
10364,5899
528,5900
206,5901
7578,5902
3618,5903
3826,5904
5687,5905
1040,5906
19182,5907
19675,5908
571,5909
242,5910
7540,5911
10067,5912
10736,5913
20201,5914
2226,5915
3015,5916
15263,5917
14673,5918
4222,5919
17158,5920
14856,5921
16572,5922
17240,5923
2557,5924
4525,5925
10206,5926
13697,5927
16702,5928
2891,5929
12858,5930
4597,5931
17415,5932
4815,5933
3193,5934
13899,5935
17243,5936
14264,5937
5691,5938
14416,5939
1239,5940
17847,5941
11735,5942
11747,5943
11907,5944
13042,5945
17182,5946
16645,5947
14175,5948
16609,5949
12531,5950
17199,5951
1723,5952
11324,5953
17898,5954
18363,5955
18451,5956
18517,5957
18770,5958
19054,5959
19516,5960
19627,5961
16613,5962
11927,5963
1716,5964
13718,5965
20088,5966
17826,5967
20109,5968
13652,5969
4810,5970
17251,5971
14792,5972
17214,5973
16616,5974
6471,5975
14026,5976
6650,5977
869,5978
12673,5979
8881,5980
18457,5981
3413,5982
7555,5983
11573,5984
3804,5985
20268,5986
19563,5987
11373,5988
8148,5989
678,5990
335,5991
9696,5992
10248,5993
17376,5994
15858,5995
797,5996
9318,5997
15531,5998
9536,5999
16757,6000
16146,6001
14685,6002
15275,6003
8445,6004
3910,6005
5058,6006
3991,6007
12062,6008
3891,6009
11883,6010
14847,6011
18045,6012
18343,6013
16155,6014
9274,6015
14983,6016
4570,6017
13636,6018
14949,6019
16414,6020
17002,6021
13885,6022
1413,6023
13037,6024
14620,6025
13267,6026
15414,6027
11791,6028
6374,6029
13628,6030
14257,6031
11761,6032
16743,6033
17787,6034
4862,6035
6665,6036
6518,6037
5892,6038
9498,6039
10680,6040
10862,6041
1583,6042
2268,6043
2837,6044
3368,6045
5177,6046
8258,6047
17378,6048
7814,6049
9161,6050
6331,6051
10146,6052
1173,6053
1886,6054
2524,6055
7309,6056
13937,6057
14530,6058
8253,6059
7561,6060
18449,6061
17852,6062
18866,6063
788,6064
1366,6065
14835,6066
13109,6067
15967,6068
11398,6069
16968,6070
18955,6071
19529,6072
13798,6073
20166,6074
10576,6075
6084,6076
9364,6077
9454,6078
12797,6079
14121,6080
7428,6081
7000,6082
18242,6083
8058,6084
3471,6085
17628,6086
9698,6087
970,6088
9701,6089
9708,6090
971,6091
9713,6092
10383,6093
10823,6094
9723,6095
6361,6096
8222,6097
18462,6098
18691,6099
9726,6100
13893,6101
8895,6102
5657,6103
5931,6104
9276,6105
3633,6106
19494,6107
15547,6108
17532,6109
2845,6110
14614,6111
4522,6112
5670,6113
13685,6114
1477,6115
11412,6116
16881,6117
1420,6118
15615,6119
10505,6120
13686,6121
15140,6122
18669,6123
19268,6124
19534,6125
13031,6126
11804,6127
20300,6128
6457,6129
14577,6130
7877,6131
20131,6132
17883,6133
14170,6134
2089,6135
15799,6136
16187,6137
18652,6138
17492,6139
16907,6140
1428,6141
6008,6142
12692,6143
1265,6144
1544,6145
17066,6146
4607,6147
1523,6148
9727,6149
973,6150
9735,6151
19766,6152
8172,6153
13953,6154
17213,6155
13830,6156
4866,6157
6986,6158
767,6159
13075,6160
11745,6161
17458,6162
18463,6163
12983,6164
14285,6165
19558,6166
13660,6167
18355,6168
18957,6169
12442,6170
19037,6171
11181,6172
13198,6173
2990,6174
12503,6175
12973,6176
6669,6177
786,6178
15616,6179
15942,6180
16651,6181
12371,6182
14753,6183
15439,6184
16064,6185
15343,6186
13690,6187
17178,6188
13666,6189
17764,6190
14261,6191
19578,6192
15463,6193
17741,6194
3613,6195
11388,6196
10313,6197
4890,6198
6045,6199
11606,6200
11208,6201
14805,6202
7418,6203
8112,6204
11986,6205
13368,6206
15151,6207
12042,6208
10155,6209
12167,6210
16063,6211
16047,6212
8558,6213
9218,6214
9742,6215
2694,6216
6292,6217
14396,6218
16293,6219
14478,6220
19236,6221
5607,6222
10867,6223
6071,6224
3063,6225
8883,6226
14294,6227
9088,6228
8271,6229
4493,6230
5268,6231
9287,6232
1730,6233
11739,6234
14884,6235
15360,6236
20106,6237
8555,6238
9215,6239
16332,6240
9744,6241
975,6242
2702,6243
3264,6244
17061,6245
4899,6246
16858,6247
1130,6248
8403,6249
14060,6250
13463,6251
1610,6252
941,6253
14482,6254
10225,6255
15914,6256
2944,6257
6983,6258
13246,6259
16167,6260
14986,6261
6124,6262
7821,6263
9248,6264
5441,6265
6372,6266
2964,6267
8441,6268
7226,6269
7856,6270
10410,6271
9448,6272
12613,6273
1929,6274
1293,6275
4023,6276
15566,6277
8963,6278
6226,6279
6851,6280
19733,6281
9752,6282
8908,6283
1964,6284
19038,6285
12097,6286
13182,6287
2198,6288
2409,6289
7072,6290
6977,6291
3878,6292
14262,6293
15845,6294
16652,6295
19555,6296
16100,6297
20174,6298
11282,6299
3340,6300
2483,6301
7716,6302
7586,6303
7519,6304
11885,6305
14574,6306
16689,6307
17743,6308
17867,6309
15984,6310
15404,6311
13013,6312
18421,6313
19543,6314
5999,6315
20141,6316
13032,6317
11803,6318
15686,6319
1064,6320
19629,6321
6712,6322
8450,6323
8944,6324
17356,6325
13497,6326
9629,6327
1144,6328
18189,6329
17512,6330
16926,6331
11453,6332
2625,6333
14102,6334
19024,6335
10349,6336
16413,6337
18985,6338
17220,6339
18991,6340
17259,6341
20227,6342
12402,6343
16044,6344
18388,6345
16082,6346
18005,6347
1916,6348
6670,6349
7017,6350
10597,6351
15721,6352
5297,6353
12278,6354
12886,6355
798,6356
8207,6357
5209,6358
12037,6359
5210,6360
15323,6361
14343,6362
8818,6363
14255,6364
15764,6365
16351,6366
13748,6367
17612,6368
17845,6369
14189,6370
18958,6371
19481,6372
3806,6373
4410,6374
15082,6375
17365,6376
4039,6377
5902,6378
7274,6379
12200,6380
11594,6381
12288,6382
12896,6383
14020,6384
13423,6385
14554,6386
15146,6387
1557,6388
16457,6389
1673,6390
1037,6391
18191,6392
18759,6393
19357,6394
19919,6395
15785,6396
19986,6397
17406,6398
2695,6399
2895,6400
5203,6401
5663,6402
12202,6403
12810,6404
5922,6405
6046,6406
19340,6407
19937,6408
7589,6409
19754,6410
17575,6411
19749,6412
3009,6413
7858,6414
3578,6415
12678,6416
7580,6417
18791,6418
8007,6419
1095,6420
1048,6421
20028,6422
13883,6423
10214,6424
11503,6425
15014,6426
9173,6427
8511,6428
12182,6429
9263,6430
1468,6431
12496,6432
16151,6433
18334,6434
4260,6435
7648,6436
11847,6437
12506,6438
18969,6439
9207,6440
15207,6441
14616,6442
2720,6443
8225,6444
13111,6445
15979,6446
17329,6447
19465,6448
9182,6449
16566,6450
16740,6451
5917,6452
9712,6453
9754,6454
2804,6455
901,6456
9756,6457
16822,6458
8853,6459
16150,6460
12100,6461
14959,6462
10403,6463
16168,6464
12682,6465
14993,6466
11691,6467
15791,6468
16137,6469
16378,6470
19772,6471
2458,6472
8180,6473
12231,6474
16629,6475
13015,6476
13637,6477
14221,6478
17704,6479
18389,6480
13033,6481
18979,6482
12427,6483
18900,6484
18989,6485
14369,6486
3600,6487
3951,6488
20278,6489
12354,6490
17171,6491
16154,6492
1731,6493
4203,6494
4255,6495
15811,6496
5421,6497
6678,6498
7009,6499
10888,6500
14291,6501
15570,6502
16914,6503
7647,6504
16767,6505
5745,6506
1189,6507
897,6508
9733,6509
9599,6510
2671,6511
13983,6512
16113,6513
16556,6514
17257,6515
5792,6516
9762,6517
8261,6518
759,6519
16445,6520
3772,6521
13726,6522
19491,6523
9763,6524
9769,6525
8907,6526
5644,6527
14012,6528
15052,6529
2609,6530
2945,6531
4909,6532
9770,6533
8940,6534
10219,6535
14128,6536
4534,6537
18568,6538
1049,6539
20228,6540
4824,6541
9778,6542
11429,6543
12029,6544
15462,6545
3055,6546
12603,6547
10533,6548
18727,6549
18127,6550
16241,6551
6919,6552
15911,6553
10236,6554
14433,6555
11237,6556
11781,6557
15422,6558
20303,6559
4676,6560
9782,6561
14346,6562
9785,6563
9786,6564
17998,6565
10221,6566
12252,6567
18443,6568
15383,6569
20318,6570
11737,6571
19501,6572
1733,6573
4835,6574
17133,6575
20248,6576
12952,6577
19649,6578
18299,6579
17917,6580
20171,6581
17330,6582
14051,6583
4848,6584
19427,6585
9796,6586
7594,6587
8822,6588
14141,6589
19700,6590
12969,6591
16632,6592
19594,6593
18434,6594
11786,6595
19690,6596
19540,6597
19083,6598
7881,6599
14767,6600
14897,6601
15953,6602
14307,6603
16539,6604
14850,6605
13910,6606
13379,6607
15010,6608
16983,6609
11047,6610
18013,6611
20002,6612
20155,6613
17850,6614
19199,6615
2092,6616
18836,6617
2559,6618
3428,6619
7464,6620
15730,6621
13979,6622
13380,6623
6356,6624
8446,6625
12281,6626
12889,6627
13291,6628
3904,6629
18479,6630
13665,6631
19557,6632
20037,6633
20137,6634
4324,6635
4516,6636
7195,6637
7392,6638
6376,6639
3718,6640
8860,6641
16343,6642
15756,6643
2854,6644
15290,6645
3657,6646
5175,6647
6762,6648
1494,6649
15131,6650
4642,6651
4036,6652
7293,6653
7919,6654
16382,6655
16969,6656
1061,6657
14738,6658
857,6659
19483,6660
7921,6661
5845,6662
7729,6663
9353,6664
11672,6665
14133,6666
13535,6667
15040,6668
9798,6669
11435,6670
2602,6671
98,6672
980,6673
9802,6674
19355,6675
9811,6676
9813,6677
19930,6678
19334,6679
9819,6680
982,6681
9820,6682
9828,6683
1424,6684
3255,6685
16664,6686
11167,6687
12090,6688
12003,6689
12831,6690
15732,6691
16565,6692
11275,6693
17151,6694
14968,6695
18156,6696
18835,6697
6445,6698
6616,6699
15558,6700
13375,6701
7692,6702
8559,6703
930,6704
3313,6705
983,6706
864,6707
12091,6708
3137,6709
9830,6710
9838,6711
3149,6712
9839,6713
4114,6714
17012,6715
9840,6716
9843,6717
19457,6718
9851,6719
20065,6720
8998,6721
9856,6722
11104,6723
11708,6724
9859,6725
986,6726
9862,6727
2878,6728
9865,6729
12199,6730
12807,6731
1435,6732
2651,6733
10076,6734
13184,6735
16449,6736
3324,6737
2025,6738
3483,6739
1450,6740
5089,6741
19824,6742
7367,6743
5473,6744
8577,6745
18524,6746
9866,6747
19920,6748
19325,6749
9867,6750
6470,6751
7099,6752
6991,6753
5686,6754
15273,6755
12665,6756
1988,6757
15325,6758
4382,6759
17324,6760
987,6761
14444,6762
17375,6763
14948,6764
17004,6765
17588,6766
6740,6767
5951,6768
6578,6769
1622,6770
7361,6771
13713,6772
11725,6773
7294,6774
9711,6775
9870,6776
11199,6777
11207,6778
14591,6779
15182,6780
9871,6781
12768,6782
9872,6783
4623,6784
9875,6785
9879,6786
3997,6787
9880,6788
17911,6789
9881,6790
15132,6791
9882,6792
5774,6793
9887,6794
16280,6795
19227,6796
6352,6797
1400,6798
16764,6799
17335,6800
3527,6801
815,6802
3283,6803
14732,6804
4276,6805
17922,6806
3464,6807
12221,6808
14457,6809
3844,6810
10068,6811
2157,6812
3670,6813
17446,6814
11863,6815
16748,6816
15216,6817
14625,6818
4518,6819
4555,6820
15485,6821
11286,6822
9530,6823
11527,6824
13678,6825
13098,6826
2703,6827
4474,6828
11033,6829
14273,6830
11258,6831
14190,6832
15368,6833
17709,6834
17924,6835
18941,6836
6051,6837
6333,6838
1332,6839
16300,6840
17580,6841
6113,6842
19377,6843
16329,6844
15742,6845
6675,6846
7092,6847
7721,6848
8946,6849
9329,6850
13985,6851
13342,6852
15126,6853
3933,6854
5684,6855
13944,6856
4055,6857
4308,6858
9888,6859
5770,6860
9890,6861
12497,6862
17747,6863
4226,6864
9892,6865
12089,6866
12101,6867
12704,6868
13911,6869
3495,6870
4290,6871
7036,6872
7429,6873
8751,6874
9235,6875
9649,6876
9895,6877
3343,6878
5489,6879
2228,6880
9897,6881
12695,6882
13906,6883
15105,6884
15689,6885
12825,6886
16940,6887
1753,6888
3038,6889
4373,6890
6213,6891
99,6892
990,6893
9903,6894
10885,6895
12085,6896
18420,6897
10280,6898
13304,6899
1259,6900
16620,6901
18899,6902
19628,6903
15391,6904
20187,6905
3797,6906
12908,6907
13992,6908
13393,6909
14531,6910
10329,6911
3663,6912
12124,6913
14737,6914
16477,6915
19353,6916
5966,6917
6971,6918
5072,6919
13433,6920
3530,6921
3563,6922
11581,6923
14088,6924
15806,6925
19961,6926
7299,6927
7926,6928
2177,6929
2812,6930
8539,6931
13531,6932
928,6933
1565,6934
15330,6935
15933,6936
16237,6937
1363,6938
15726,6939
11637,6940
16335,6941
16904,6942
5776,6943
7918,6944
12721,6945
19345,6946
5212,6947
16339,6948
6408,6949
17083,6950
7302,6951
2796,6952
874,6953
11043,6954
18694,6955
894,6956
9424,6957
8128,6958
16331,6959
16953,6960
5490,6961
13318,6962
14861,6963
10425,6964
15994,6965
15449,6966
4668,6967
10503,6968
5250,6969
10962,6970
11566,6971
5256,6972
2144,6973
2778,6974
7166,6975
8245,6976
8399,6977
9342,6978
9641,6979
9659,6980
13891,6981
8231,6982
11265,6983
15006,6984
17491,6985
18132,6986
18340,6987
3701,6988
13407,6989
18193,6990
16268,6991
18292,6992
18414,6993
19002,6994
4022,6995
8680,6996
9431,6997
10098,6998
10422,6999
11454,7000
9737,7001
16813,7002
1983,7003
14327,7004
12595,7005
1467,7006
15115,7007
14524,7008
14063,7009
14656,7010
1626,7011
14725,7012
11709,7013
18199,7014
14874,7015
10870,7016
12420,7017
18731,7018
18886,7019
13506,7020
15287,7021
18162,7022
17576,7023
17997,7024
19187,7025
8663,7026
17669,7027
2727,7028
1123,7029
13919,7030
16394,7031
1761,7032
12187,7033
19364,7034
7181,7035
12317,7036
8433,7037
9790,7038
9124,7039
9905,7040
4844,7041
9907,7042
12629,7043
12311,7044
16392,7045
17460,7046
17601,7047
19276,7048
19882,7049
6427,7050
847,7051
7965,7052
9908,7053
13138,7054
12329,7055
9911,7056
14538,7057
14561,7058
15230,7059
12728,7060
12120,7061
2692,7062
2874,7063
3950,7064
20277,7065
11505,7066
4460,7067
11263,7068
13365,7069
11869,7070
14271,7071
17715,7072
17332,7073
18258,7074
13880,7075
2015,7076
14087,7077
15138,7078
4730,7079
5419,7080
5824,7081
6329,7082
4440,7083
14348,7084
17434,7085
10063,7086
19361,7087
5474,7088
6451,7089
17618,7090
6614,7091
17919,7092
6635,7093
13055,7094
11176,7095
14110,7096
13512,7097
14833,7098
12388,7099
17544,7100
15787,7101
5987,7102
19137,7103
6029,7104
11530,7105
6516,7106
5890,7107
12118,7108
13935,7109
12058,7110
6612,7111
13749,7112
7219,7113
6594,7114
12057,7115
1353,7116
18100,7117
18167,7118
18241,7119
20039,7120
17400,7121
721,7122
1493,7123
7230,7124
20056,7125
14696,7126
15286,7127
8370,7128
917,7129
2818,7130
921,7131
9515,7132
4684,7133
9579,7134
8208,7135
2385,7136
10865,7137
16398,7138
4010,7139
13873,7140
10183,7141
18725,7142
20323,7143
19198,7144
19262,7145
4094,7146
4408,7147
5168,7148
5488,7149
6682,7150
6869,7151
7705,7152
17572,7153
16988,7154
17972,7155
1970,7156
6591,7157
16240,7158
2640,7159
1672,7160
18513,7161
11124,7162
12919,7163
14384,7164
16296,7165
16882,7166
18247,7167
16981,7168
4836,7169
11728,7170
7005,7171
7237,7172
7273,7173
7901,7174
13538,7175
14136,7176
8360,7177
10356,7178
8671,7179
913,7180
1550,7181
9227,7182
11514,7183
19250,7184
2866,7185
9604,7186
4501,7187
13508,7188
11303,7189
13762,7190
1096,7191
15236,7192
13454,7193
16515,7194
18828,7195
19464,7196
4157,7197
14736,7198
16508,7199
5410,7200
11970,7201
14639,7202
9662,7203
19454,7204
11109,7205
6332,7206
8823,7207
15743,7208
14460,7209
6498,7210
702,7211
13437,7212
14568,7213
1442,7214
1389,7215
15860,7216
16231,7217
6517,7218
7790,7219
9122,7220
15749,7221
19879,7222
9517,7223
11701,7224
14898,7225
2201,7226
2273,7227
8925,7228
16797,7229
12478,7230
17600,7231
18222,7232
18413,7233
3395,7234
6580,7235
9047,7236
17992,7237
1995,7238
11557,7239
10259,7240
13060,7241
16004,7242
12453,7243
12386,7244
13175,7245
1650,7246
17807,7247
18990,7248
15487,7249
12335,7250
16718,7251
19395,7252
20153,7253
18533,7254
14651,7255
15242,7256
17999,7257
1295,7258
16129,7259
12943,7260
19721,7261
20092,7262
11880,7263
18297,7264
11253,7265
19550,7266
13070,7267
11164,7268
20222,7269
17186,7270
16634,7271
19591,7272
16731,7273
20189,7274
17321,7275
19416,7276
20012,7277
14671,7278
14077,7279
13887,7280
3883,7281
10997,7282
1551,7283
18850,7284
19004,7285
2833,7286
16220,7287
7575,7288
10466,7289
14148,7290
14944,7291
1876,7292
17824,7293
13001,7294
13094,7295
18783,7296
18942,7297
10673,7298
16271,7299
11055,7300
11652,7301
12599,7302
1555,7303
15722,7304
18699,7305
18099,7306
4778,7307
5921,7308
2327,7309
2961,7310
6739,7311
3691,7312
10406,7313
7179,7314
8279,7315
8407,7316
8924,7317
16796,7318
12319,7319
17488,7320
18639,7321
18039,7322
3659,7323
4696,7324
5707,7325
9080,7326
12153,7327
914,7328
9157,7329
17508,7330
16922,7331
5133,7332
9487,7333
17467,7334
18824,7335
6359,7336
5101,7337
11550,7338
16308,7339
7614,7340
5090,7341
13355,7342
1646,7343
2135,7344
4871,7345
8328,7346
9123,7347
2260,7348
2055,7349
1999,7350
10331,7351
14734,7352
17274,7353
3800,7354
2382,7355
6521,7356
8244,7357
1961,7358
11619,7359
15208,7360
16469,7361
19432,7362
3183,7363
4227,7364
13761,7365
15991,7366
17889,7367
11135,7368
20099,7369
3504,7370
4631,7371
5231,7372
19185,7373
7296,7374
7801,7375
4108,7376
7924,7377
5239,7378
8585,7379
12687,7380
14013,7381
7432,7382
15094,7383
1148,7384
20047,7385
2211,7386
2216,7387
18720,7388
4748,7389
10988,7390
16963,7391
5715,7392
4473,7393
7697,7394
11431,7395
9333,7396
4265,7397
4639,7398
4033,7399
19677,7400
11584,7401
2340,7402
10550,7403
7240,7404
11867,7405
12372,7406
11956,7407
10320,7408
14545,7409
13952,7410
18267,7411
3467,7412
8440,7413
8494,7414
7828,7415
7724,7416
8385,7417
7604,7418
9482,7419
16315,7420
9282,7421
1475,7422
4734,7423
4970,7424
4369,7425
19614,7426
14804,7427
12523,7428
5516,7429
1675,7430
15298,7431
15901,7432
6958,7433
18555,7434
11628,7435
13864,7436
7629,7437
8057,7438
8169,7439
17347,7440
11486,7441
16172,7442
17607,7443
6145,7444
12280,7445
6770,7446
11308,7447
13571,7448
14891,7449
859,7450
17970,7451
9148,7452
7659,7453
9480,7454
1760,7455
12630,7456
12024,7457
15733,7458
16127,7459
14751,7460
14895,7461
4583,7462
12641,7463
19159,7464
12717,7465
3907,7466
10813,7467
17079,7468
1839,7469
7025,7470
16760,7471
7455,7472
1553,7473
6832,7474
13656,7475
12378,7476
19010,7477
8697,7478
13313,7479
12626,7480
18009,7481
1908,7482
1272,7483
14592,7484
11580,7485
14821,7486
12399,7487
19942,7488
20243,7489
2182,7490
11024,7491
3095,7492
13451,7493
7007,7494
12248,7495
1794,7496
19859,7497
7826,7498
3576,7499
4179,7500
8953,7501
14112,7502
4892,7503
2792,7504
5305,7505
3499,7506
6392,7507
1124,7508
2758,7509
18117,7510
4660,7511
8978,7512
12217,7513
12824,7514
1430,7515
9029,7516
940,7517
1575,7518
4527,7519
750,7520
5220,7521
3322,7522
2019,7523
4119,7524
14476,7525
2038,7526
8031,7527
12722,7528
4393,7529
2123,7530
2546,7531
4220,7532
11197,7533
18501,7534
824,7535
7416,7536
9108,7537
17995,7538
8196,7539
15707,7540
15034,7541
13239,7542
15219,7543
3017,7544
4295,7545
17641,7546
6696,7547
7170,7548
7356,7549
17425,7550
18225,7551
3076,7552
1641,7553
19388,7554
19984,7555
2100,7556
1162,7557
12123,7558
14142,7559
1027,7560
1663,7561
13852,7562
5556,7563
4014,7564
3412,7565
6499,7566
2940,7567
1036,7568
8648,7569
16719,7570
7235,7571
17309,7572
9493,7573
13537,7574
17086,7575
19609,7576
12349,7577
19825,7578
18033,7579
6065,7580
8332,7581
18035,7582
18609,7583
10092,7584
13759,7585
19828,7586
15533,7587
19382,7588
3944,7589
7419,7590
2422,7591
7241,7592
16028,7593
7909,7594
7169,7595
13676,7596
17753,7597
19000,7598
17208,7599
6542,7600
14670,7601
15260,7602
7333,7603
16273,7604
6744,7605
7365,7606
15430,7607
19559,7608
17343,7609
10346,7610
5807,7611
9539,7612
3461,7613
8282,7614
13897,7615
18868,7616
2562,7617
4071,7618
4348,7619
5187,7620
10910,7621
19846,7622
7778,7623
9089,7624
8426,7625
9573,7626
9663,7627
15792,7628
17549,7629
16816,7630
720,7631
19400,7632
20207,7633
11806,7634
13559,7635
19006,7636
17792,7637
19530,7638
6689,7639
7938,7640
19841,7641
18046,7642
881,7643
1423,7644
9526,7645
17562,7646
10385,7647
4715,7648
8387,7649
13847,7650
9687,7651
10357,7652
17519,7653
16933,7654
9695,7655
4725,7656
9719,7657
2156,7658
2791,7659
3924,7660
9842,7661
15366,7662
11897,7663
9883,7664
15122,7665
9913,7666
19131,7667
5945,7668
5338,7669
11466,7670
8894,7671
14387,7672
17484,7673
7982,7674
19797,7675
12431,7676
20279,7677
2746,7678
12437,7679
14376,7680
6437,7681
9681,7682
7599,7683
8204,7684
13038,7685
14801,7686
11351,7687
19029,7688
20179,7689
11954,7690
14740,7691
16520,7692
17990,7693
4819,7694
13780,7695
9757,7696
10270,7697
1404,7698
10991,7699
14017,7700
7957,7701
10308,7702
15220,7703
17094,7704
6083,7705
7702,7706
2153,7707
13372,7708
17395,7709
8840,7710
10066,7711
16892,7712
3092,7713
3347,7714
2457,7715
15870,7716
3565,7717
5978,7718
7203,7719
7833,7720
14449,7721
9919,7722
9921,7723
7911,7724
9927,7725
17036,7726
19053,7727
2775,7728
14974,7729
7913,7730
18153,7731
18753,7732
14976,7733
5769,7734
6128,7735
6753,7736
3742,7737
3115,7738
2430,7739
1885,7740
1249,7741
10037,7742
6813,7743
8981,7744
9371,7745
2396,7746
1305,7747
366,7748
58,7749
6172,7750
6798,7751
10711,7752
10042,7753
1163,7754
9412,7755
8749,7756
4956,7757
5010,7758
8134,7759
1399,7760
10781,7761
2490,7762
3126,7763
3128,7764
5008,7765
16781,7766
7335,7767
4297,7768
9645,7769
16165,7770
16338,7771
9929,7772
16785,7773
2501,7774
10057,7775
383,7776
72,7777
7490,7778
8120,7779
9898,7780
1912,7781
1276,7782
8762,7783
10761,7784
6257,7785
479,7786
163,7787
993,7788
9931,7789
6140,7790
8136,7791
8195,7792
7998,7793
2494,7794
3130,7795
10630,7796
8306,7797
5511,7798
14985,7799
19336,7800
9933,7801
1238,7802
2763,7803
3642,7804
4700,7805
11026,7806
11995,7807
5453,7808
17041,7809
14083,7810
9086,7811
7131,7812
7292,7813
9408,7814
9934,7815
10301,7816
4270,7817
9857,7818
13528,7819
17046,7820
19210,7821
19924,7822
19328,7823
2825,7824
7683,7825
8455,7826
9117,7827
8454,7828
9078,7829
7123,7830
9941,7831
6772,7832
2580,7833
656,7834
320,7835
9943,7836
9947,7837
3339,7838
12879,7839
14388,7840
15109,7841
13793,7842
11538,7843
3978,7844
6421,7845
6452,7846
5826,7847
4098,7848
6496,7849
6845,7850
11532,7851
12988,7852
11815,7853
11200,7854
14507,7855
18060,7856
1021,7857
19456,7858
19849,7859
20212,7860
2560,7861
11555,7862
2841,7863
3169,7864
1260,7865
20346,7866
14516,7867
16263,7868
12756,7869
3735,7870
5582,7871
11624,7872
4785,7873
1692,7874
10267,7875
5756,7876
10684,7877
17471,7878
18178,7879
5766,7880
3106,7881
12729,7882
5866,7883
5879,7884
7271,7885
18262,7886
2175,7887
2810,7888
16824,7889
4462,7890
16959,7891
16996,7892
7565,7893
11210,7894
15155,7895
15393,7896
12564,7897
1052,7898
19249,7899
2730,7900
3912,7901
2002,7902
10918,7903
4189,7904
18726,7905
19324,7906
5292,7907
7407,7908
3085,7909
7445,7910
16194,7911
15607,7912
7812,7913
4083,7914
3479,7915
8335,7916
8364,7917
1563,7918
2195,7919
11620,7920
11014,7921
14451,7922
8776,7923
2558,7924
8928,7925
15031,7926
16418,7927
5773,7928
6961,7929
2595,7930
11710,7931
13940,7932
14518,7933
19168,7934
10160,7935
2437,7936
3073,7937
13988,7938
11389,7939
12732,7940
10913,7941
14863,7942
15817,7943
16426,7944
19172,7945
3571,7946
4345,7947
3741,7948
4735,7949
5049,7950
5319,7951
20025,7952
15885,7953
11437,7954
5444,7955
1316,7956
541,7957
217,7958
697,7959
18269,7960
5244,7961
778,7962
3247,7963
3136,7964
5081,7965
5634,7966
681,7967
338,7968
749,7969
1069,7970
19043,7971
8493,7972
5704,7973
8495,7974
10494,7975
17390,7976
8763,7977
3831,7978
664,7979
324,7980
8782,7981
5035,7982
642,7983
308,7984
8810,7985
348,7986
42,7987
9003,7988
15829,7989
15233,7990
12671,7991
9142,7992
9505,7993
10768,7994
3270,7995
10079,7996
2590,7997
4434,7998
525,7999
203,8000
540,8001
216,8002
9554,8003
15026,8004
16679,8005
11127,8006
11841,8007
19573,8008
2972,8009
1705,8010
4215,8011
4843,8012
20084,8013
6017,8014
6642,8015
19488,8016
18289,8017
15412,8018
5990,8019
14823,8020
12398,8021
5414,8022
10547,8023
6062,8024
13354,8025
15139,8026
9288,8027
3225,8028
621,8029
288,8030
9759,8031
4529,8032
13245,8033
1560,8034
4385,8035
4992,8036
5592,8037
1905,8038
11477,8039
2542,8040
9234,8041
10326,8042
19194,8043
8202,8044
1655,8045
17298,8046
17319,8047
9642,8048
2688,8049
19753,8050
16400,8051
6629,8052
19717,8053
11738,8054
19127,8055
16483,8056
15897,8057
10854,8058
8958,8059
20259,8060
11741,8061
16567,8062
2241,8063
5330,8064
13879,8065
7122,8066
13328,8067
17453,8068
739,8069
10439,8070
8543,8071
9034,8072
5712,8073
9203,8074
9673,8075
6423,8076
979,8077
2085,8078
8226,8079
18145,8080
18223,8081
19659,8082
16014,8083
2381,8084
9598,8085
8215,8086
17700,8087
3016,8088
15851,8089
17610,8090
5378,8091
16230,8092
1355,8093
15927,8094
17407,8095
17925,8096
5062,8097
4893,8098
2593,8099
398,8100
5265,8101
15781,8102
14455,8103
6270,8104
11595,8105
13177,8106
10429,8107
4979,8108
4378,8109
12851,8110
10548,8111
5881,8112
10833,8113
5649,8114
13770,8115
1581,8116
16379,8117
18535,8118
19315,8119
6063,8120
6713,8121
11364,8122
19982,8123
18187,8124
7611,8125
762,8126
14044,8127
15653,8128
7548,8129
8069,8130
2519,8131
3155,8132
86,8133
882,8134
1519,8135
2691,8136
9948,8137
9951,8138
9953,8139
1220,8140
3132,8141
5606,8142
5006,8143
5559,8144
10702,8145
10637,8146
11347,8147
7026,8148
7438,8149
3139,8150
1937,8151
478,8152
162,8153
9404,8154
8741,8155
14844,8156
3150,8157
8593,8158
2431,8159
6097,8160
11951,8161
842,8162
15279,8163
15801,8164
18645,8165
2440,8166
1487,8167
10575,8168
19792,8169
2830,8170
10336,8171
1636,8172
4411,8173
4664,8174
6477,8175
4647,8176
15765,8177
17523,8178
8337,8179
16282,8180
13929,8181
4531,8182
2024,8183
18506,8184
19503,8185
19071,8186
5876,8187
6148,8188
7794,8189
8027,8190
6048,8191
19321,8192
3458,8193
15630,8194
10149,8195
12439,8196
19751,8197
2635,8198
19650,8199
14624,8200
5031,8201
487,8202
171,8203
6301,8204
19095,8205
5626,8206
461,8207
145,8208
631,8209
297,8210
6929,8211
18471,8212
5028,8213
507,8214
188,8215
723,8216
20246,8217
10340,8218
1947,8219
460,8220
144,8221
8296,8222
20211,8223
8412,8224
8956,8225
4310,8226
7451,8227
6702,8228
3754,8229
10041,8230
9056,8231
9075,8232
9378,8233
12031,8234
553,8235
227,8236
9522,8237
1375,8238
15417,8239
16046,8240
15023,8241
3823,8242
564,8243
236,8244
685,8245
342,8246
8186,8247
20232,8248
1314,8249
472,8250
156,8251
5650,8252
14235,8253
9471,8254
582,8255
252,8256
9492,8257
15893,8258
14448,8259
16081,8260
6264,8261
14410,8262
1204,8263
14828,8264
15763,8265
16510,8266
13430,8267
15211,8268
17205,8269
18953,8270
19413,8271
20247,8272
11178,8273
11783,8274
3526,8275
16817,8276
1356,8277
5611,8278
5012,8279
2448,8280
4368,8281
2511,8282
5685,8283
2907,8284
6027,8285
5286,8286
3480,8287
13892,8288
5694,8289
13980,8290
14275,8291
20264,8292
20054,8293
18260,8294
6693,8295
6993,8296
10218,8297
7314,8298
12710,8299
20249,8300
20282,8301
7403,8302
4287,8303
7425,8304
11866,8305
13589,8306
13179,8307
12216,8308
10931,8309
11535,8310
17975,8311
902,8312
2066,8313
3869,8314
4341,8315
10695,8316
15380,8317
11818,8318
17033,8319
17166,8320
15401,8321
19209,8322
19682,8323
12341,8324
16633,8325
17162,8326
14812,8327
1725,8328
11213,8329
13017,8330
17303,8331
11130,8332
13638,8333
13603,8334
13719,8335
15340,8336
11833,8337
16606,8338
15492,8339
17713,8340
11325,8341
18341,8342
15416,8343
14786,8344
12532,8345
20206,8346
19601,8347
16742,8348
18177,8349
3781,8350
4990,8351
10125,8352
10794,8353
5772,8354
14860,8355
17168,8356
13093,8357
7693,8358
8121,8359
7422,8360
11415,8361
2471,8362
1826,8363
7511,8364
574,8365
245,8366
6771,8367
8622,8368
7990,8369
8076,8370
3138,8371
12623,8372
3146,8373
2510,8374
10740,8375
3819,8376
658,8377
322,8378
9670,8379
8342,8380
15215,8381
9917,8382
4380,8383
2502,8384
3215,8385
494,8386
178,8387
6842,8388
1867,8389
15583,8390
4914,8391
9387,8392
2499,8393
9936,8394
10603,8395
3792,8396
8139,8397
627,8398
294,8399
9959,8400
13818,8401
7406,8402
8036,8403
1197,8404
7454,8405
15611,8406
4409,8407
5011,8408
573,8409
244,8410
8032,8411
9328,8412
14415,8413
3190,8414
2554,8415
1921,8416
10104,8417
1943,8418
519,8419
199,8420
996,8421
18101,8422
12779,8423
14475,8424
9961,8425
9216,8426
5821,8427
2169,8428
9965,8429
6125,8430
13411,8431
15194,8432
6230,8433
6855,8434
3082,8435
4371,8436
4351,8437
19153,8438
388,8439
6245,8440
6802,8441
10024,8442
7483,8443
1285,8444
1202,8445
3114,8446
10666,8447
76,8448
8674,8449
8141,8450
468,8451
152,8452
9966,8453
14126,8454
17029,8455
2736,8456
17631,8457
1796,8458
19796,8459
3664,8460
14515,8461
15185,8462
1698,8463
2190,8464
2331,8465
15635,8466
10163,8467
1243,8468
19420,8469
2391,8470
15114,8471
4163,8472
3551,8473
2946,8474
15647,8475
7233,8476
2194,8477
9868,8478
13403,8479
821,8480
3125,8481
9118,8482
13495,8483
14093,8484
17401,8485
722,8486
2532,8487
1741,8488
4070,8489
5967,8490
13542,8491
6501,8492
17409,8493
6918,8494
12265,8495
2721,8496
4178,8497
9402,8498
13823,8499
9968,8500
17589,8501
12144,8502
18671,8503
9582,8504
9617,8505
2401,8506
12706,8507
1120,8508
15883,8509
19418,8510
4065,8511
4753,8512
5354,8513
12666,8514
9765,8515
13392,8516
9969,8517
2735,8518
8647,8519
5522,8520
14347,8521
11103,8522
15313,8523
15710,8524
17468,8525
2868,8526
2233,8527
5928,8528
867,8529
2768,8530
18077,8531
12758,8532
9970,8533
6179,8534
16502,8535
17942,8536
9290,8537
17355,8538
6884,8539
610,8540
278,8541
9971,8542
11845,8543
9972,8544
17937,8545
13796,8546
3636,8547
12285,8548
15889,8549
6365,8550
6953,8551
20234,8552
11758,8553
14921,8554
15959,8555
14886,8556
14760,8557
15963,8558
6697,8559
7318,8560
13922,8561
11256,8562
14216,8563
12411,8564
14329,8565
18994,8566
13734,8567
20158,8568
15510,8569
8809,8570
459,8571
143,8572
5937,8573
9973,8574
9306,8575
9967,8576
15007,8577
3785,8578
2439,8579
9411,8580
2523,8581
7507,8582
454,8583
139,8584
9977,8585
10473,8586
12181,8587
2128,8588
12567,8589
4399,8590
1735,8591
14341,8592
7920,8593
13418,8594
15199,8595
7977,8596
8968,8597
10728,8598
6218,8599
6843,8600
8972,8601
9885,8602
18643,8603
18043,8604
7349,8605
10303,8606
3697,8607
11285,8608
11155,8609
4288,8610
9940,8611
8039,8612
3734,8613
998,8614
17403,8615
3856,8616
10187,8617
1288,8618
19331,8619
19425,8620
20021,8621
3887,8622
14537,8623
3779,8624
5631,8625
413,8626
101,8627
6886,8628
625,8629
292,8630
7521,8631
2615,8632
14018,8633
3692,8634
2587,8635
5949,8636
3993,8637
4599,8638
649,8639
315,8640
8600,8641
3222,8642
633,8643
299,8644
9074,8645
9436,8646
5032,8647
634,8648
300,8649
9502,8650
4160,8651
740,8652
16995,8653
12109,8654
19759,8655
19951,8656
19171,8657
4693,8658
17559,8659
5599,8660
3828,8661
373,8662
5652,8663
13101,8664
19950,8665
4519,8666
63,8667
6537,8668
19134,8669
7825,8670
3528,8671
8203,8672
12477,8673
13504,8674
19776,8675
2776,8676
3248,8677
12234,8678
16675,8679
18531,8680
2995,8681
11872,8682
2360,8683
19106,8684
4118,8685
2276,8686
2525,8687
4817,8688
18503,8689
11743,8690
19713,8691
19507,8692
11289,8693
18936,8694
11892,8695
20103,8696
5344,8697
6402,8698
6625,8699
2353,8700
11270,8701
8436,8702
8696,8703
4431,8704
650,8705
316,8706
8967,8707
6727,8708
16374,8709
19146,8710
9804,8711
17994,8712
3858,8713
16319,8714
11444,8715
2284,8716
4159,8717
20343,8718
7887,8719
12230,8720
9500,8721
1499,8722
14468,8723
15473,8724
11118,8725
16115,8726
11722,8727
13576,8728
16704,8729
17294,8730
17727,8731
13044,8732
19438,8733
18522,8734
5216,8735
5956,8736
5968,8737
6583,8738
1887,8739
10879,8740
1251,8741
10078,8742
17064,8743
8849,8744
11246,8745
13445,8746
14380,8747
1590,8748
1688,8749
17797,8750
18216,8751
12878,8752
18393,8753
14971,8754
19369,8755
11203,8756
19566,8757
19091,8758
17149,8759
14293,8760
17735,8761
17292,8762
19512,8763
17880,8764
20108,8765
11226,8766
15969,8767
16023,8768
18476,8769
20287,8770
20144,8771
19687,8772
19546,8773
13084,8774
16591,8775
13082,8776
18945,8777
18469,8778
18353,8779
19073,8780
16581,8781
19680,8782
17167,8783
14382,8784
18956,8785
13787,8786
1503,8787
2132,8788
3468,8789
4675,8790
16152,8791
4680,8792
4077,8793
17979,8794
3245,8795
11054,8796
12117,8797
12725,8798
16410,8799
13249,8800
13836,8801
12213,8802
5784,8803
12668,8804
5664,8805
10668,8806
1167,8807
15824,8808
16435,8809
15849,8810
1803,8811
15545,8812
13432,8813
14029,8814
13860,8815
6897,8816
2772,8817
13866,8818
3024,8819
5815,8820
7003,8821
1835,8822
11414,8823
2475,8824
705,8825
14628,8826
4912,8827
17359,8828
16782,8829
16195,8830
12017,8831
4949,8832
7440,8833
6817,8834
3687,8835
16198,8836
450,8837
135,8838
7782,8839
5898,8840
14392,8841
6393,8842
13797,8843
17348,8844
2302,8845
13254,8846
7520,8847
12614,8848
10560,8849
18197,8850
7621,8851
777,8852
16431,8853
4917,8854
15612,8855
16070,8856
15525,8857
14107,8858
14116,8859
14585,8860
1157,8861
12121,8862
15176,8863
15288,8864
13507,8865
15375,8866
16333,8867
16498,8868
16932,8869
17245,8870
18028,8871
18971,8872
17831,8873
19572,8874
19834,8875
3945,8876
4640,8877
1556,8878
485,8879
169,8880
5656,8881
13926,8882
15636,8883
5872,8884
6131,8885
1150,8886
16175,8887
6657,8888
6904,8889
7733,8890
7757,8891
7788,8892
12048,8893
7797,8894
8000,8895
13225,8896
7353,8897
7337,8898
10008,8899
4346,8900
8013,8901
15600,8902
10420,8903
8170,8904
13479,8905
1618,8906
3096,8907
16199,8908
13668,8909
11352,8910
10455,8911
11065,8912
12209,8913
12883,8914
19455,8915
10900,8916
12718,8917
3589,8918
4174,8919
426,8920
114,8921
4618,8922
6079,8923
12096,8924
11041,8925
18744,8926
19265,8927
11533,8928
6297,8929
2328,8930
19169,8931
6707,8932
12855,8933
17436,8934
1752,8935
2149,8936
2223,8937
1588,8938
4571,8939
4880,8940
18743,8941
3350,8942
15237,8943
7189,8944
8252,8945
7558,8946
2814,8947
12643,8948
8371,8949
14536,8950
15127,8951
8275,8952
8471,8953
8576,8954
19128,8955
3558,8956
5364,8957
8645,8958
19200,8959
2968,8960
7819,8961
18059,8962
19852,8963
8672,8964
4334,8965
5529,8966
4927,8967
3755,8968
5562,8969
8688,8970
4973,8971
5573,8972
10003,8973
10721,8974
2508,8975
8726,8976
879,8977
2779,8978
8833,8979
7424,8980
3162,8981
15315,8982
11432,8983
6268,8984
10056,8985
15725,8986
17091,8987
6888,8988
684,8989
341,8990
6923,8991
17585,8992
15649,8993
10189,8994
13083,8995
1911,8996
19556,8997
20016,8998
17996,8999
1368,9000
1051,9001
2364,9002
18382,9003
11411,9004
20154,9005
10619,9006
8297,9007
12015,9008
8572,9009
15087,9010
17459,9011
1913,9012
13999,9013
1957,9014
5159,9015
524,9016
202,9017
5387,9018
3580,9019
13851,9020
3233,9021
18819,9022
5380,9023
5608,9024
2548,9025
6603,9026
7228,9027
17978,9028
8176,9029
18149,9030
2771,9031
12648,9032
3087,9033
4557,9034
6405,9035
8705,9036
11740,9037
11787,9038
13569,9039
17325,9040
18366,9041
19132,9042
19615,9043
11140,9044
11182,9045
10127,9046
19579,9047
6024,9048
7823,9049
8795,9050
8821,9051
13327,9052
16829,9053
3184,9054
18607,9055
17946,9056
16844,9057
11296,9058
2184,9059
4611,9060
1525,9061
6941,9062
11292,9063
14281,9064
15190,9065
8886,9066
1843,9067
718,9068
19087,9069
17286,9070
3411,9071
4799,9072
5761,9073
16868,9074
4898,9075
13029,9076
17125,9077
14956,9078
5758,9079
6562,9080
8489,9081
8611,9082
8811,9083
615,9084
282,9085
8916,9086
6302,9087
11074,9088
11899,9089
14373,9090
15100,9091
1138,9092
18571,9093
2606,9094
14876,9095
12972,9096
15459,9097
18332,9098
19740,9099
14117,9100
17076,9101
8987,9102
8325,9103
10355,9104
5215,9105
16221,9106
1335,9107
11687,9108
19765,9109
8828,9110
19902,9111
9087,9112
13962,9113
9194,9114
4353,9115
9244,9116
9305,9117
9312,9118
9320,9119
2517,9120
3197,9121
2561,9122
3127,9123
6258,9124
586,9125
256,9126
933,9127
14038,9128
12225,9129
1447,9130
16212,9131
11108,9132
2461,9133
6893,9134
7346,9135
12441,9136
11788,9137
19033,9138
11183,9139
20324,9140
7516,9141
591,9142
260,9143
8468,9144
6959,9145
19158,9146
3625,9147
13579,9148
17255,9149
14176,9150
20162,9151
2432,9152
3068,9153
5751,9154
3705,9155
19222,9156
15168,9157
18619,9158
1234,9159
11010,9160
6240,9161
14777,9162
16735,9163
17730,9164
17759,9165
14381,9166
17811,9167
16026,9168
10789,9169
17173,9170
14972,9171
18327,9172
1291,9173
20094,9174
1927,9175
7236,9176
11362,9177
7441,9178
15206,9179
15297,9180
14707,9181
13250,9182
7854,9183
4015,9184
6448,9185
10828,9186
9083,9187
9200,9188
10506,9189
5964,9190
13468,9191
12861,9192
2076,9193
4483,9194
13673,9195
16000,9196
13786,9197
17144,9198
17878,9199
14686,9200
17143,9201
15483,9202
14155,9203
12472,9204
12979,9205
11272,9206
13557,9207
13036,9208
15800,9209
16615,9210
17176,9211
10522,9212
17419,9213
10120,9214
10565,9215
15496,9216
12733,9217
17110,9218
17711,9219
17762,9220
20073,9221
2384,9222
3019,9223
3375,9224
4194,9225
4594,9226
4803,9227
13895,9228
10790,9229
11593,9230
4804,9231
16854,9232
15098,9233
10000,9234
12268,9235
17447,9236
2394,9237
12125,9238
2761,9239
17483,9240
16898,9241
3123,9242
5193,9243
3525,9244
4128,9245
2084,9246
5267,9247
2286,9248
5893,9249
6585,9250
4767,9251
5785,9252
6411,9253
7570,9254
14027,9255
1696,9256
16806,9257
7679,9258
7050,9259
18748,9260
4087,9261
5140,9262
7835,9263
15702,9264
12115,9265
8492,9266
2926,9267
10411,9268
9253,9269
5166,9270
18399,9271
18997,9272
11950,9273
18276,9274
16529,9275
13971,9276
18277,9277
15210,9278
20082,9279
1471,9280
2098,9281
1700,9282
2433,9283
11007,9284
16860,9285
16178,9286
16766,9287
2970,9288
2724,9289
3693,9290
1597,9291
4007,9292
5270,9293
5747,9294
1763,9295
19991,9296
2191,9297
4072,9298
2978,9299
14280,9300
6720,9301
7651,9302
13799,9303
15576,9304
8323,9305
5277,9306
860,9307
877,9308
15943,9309
11871,9310
8952,9311
3075,9312
9092,9313
14146,9314
16641,9315
9303,9316
9331,9317
13914,9318
18775,9319
2199,9320
12818,9321
4331,9322
13518,9323
3940,9324
14401,9325
14700,9326
2797,9327
18761,9328
16991,9329
5311,9330
4712,9331
5760,9332
13958,9333
14994,9334
17518,9335
14683,9336
14089,9337
2707,9338
3876,9339
2939,9340
6974,9341
8033,9342
14372,9343
7633,9344
19239,9345
3729,9346
18624,9347
11407,9348
16354,9349
3438,9350
18855,9351
4150,9352
18244,9353
12905,9354
10842,9355
8962,9356
11356,9357
10368,9358
18259,9359
19450,9360
4028,9361
16925,9362
10265,9363
4173,9364
4776,9365
5680,9366
19358,9367
6968,9368
2642,9369
10710,9370
14612,9371
8716,9372
5508,9373
11994,9374
19247,9375
18647,9376
13271,9377
2617,9378
10618,9379
9343,9380
17477,9381
1457,9382
4370,9383
7452,9384
9389,9385
2487,9386
1307,9387
495,9388
179,9389
9395,9390
18058,9391
15282,9392
13502,9393
18620,9394
2392,9395
9419,9396
8756,9397
10717,9398
1861,9399
1225,9400
4972,9401
1880,9402
10693,9403
8698,9404
1306,9405
496,9406
180,9407
9459,9408
9468,9409
395,9410
6800,9411
83,9412
9254,9413
4901,9414
10660,9415
8065,9416
5594,9417
3789,9418
1816,9419
1181,9420
10804,9421
483,9422
167,9423
9472,9424
374,9425
64,9426
9479,9427
19166,9428
10169,9429
1464,9430
17689,9431
18170,9432
4630,9433
6088,9434
13202,9435
10890,9436
17497,9437
7850,9438
9578,9439
16206,9440
16443,9441
4508,9442
1326,9443
19386,9444
3028,9445
10887,9446
10894,9447
4852,9448
12269,9449
11663,9450
2889,9451
7279,9452
8913,9453
3266,9454
11541,9455
6087,9456
16956,9457
4248,9458
17622,9459
18133,9460
18733,9461
9587,9462
9636,9463
17314,9464
7471,9465
9743,9466
12063,9467
9755,9468
11808,9469
12414,9470
10570,9471
15101,9472
6075,9473
5452,9474
8482,9475
9052,9476
9101,9477
9717,9478
17411,9479
8866,9480
13334,9481
5472,9482
12000,9483
7028,9484
12601,9485
10479,9486
6530,9487
9777,9488
10445,9489
9569,9490
11420,9491
1338,9492
13795,9493
10415,9494
1321,9495
17533,9496
17663,9497
12918,9498
19975,9499
20076,9500
676,9501
333,9502
8657,9503
8982,9504
8320,9505
9475,9506
680,9507
337,9508
9780,9509
7597,9510
2641,9511
12307,9512
13849,9513
1834,9514
13307,9515
1498,9516
1958,9517
4138,9518
4851,9519
9278,9520
11390,9521
18649,9522
18049,9523
9375,9524
13370,9525
1524,9526
3337,9527
2835,9528
6700,9529
5169,9530
5485,9531
7144,9532
14650,9533
14056,9534
8904,9535
10816,9536
1526,9537
3913,9538
2003,9539
17472,9540
12658,9541
1976,9542
14998,9543
17920,9544
12835,9545
3746,9546
16424,9547
8413,9548
2713,9549
9226,9550
3356,9551
4581,9552
20007,9553
10832,9554
4770,9555
698,9556
19370,9557
5789,9558
8596,9559
11017,9560
3512,9561
4116,9562
8911,9563
8986,9564
9650,9565
1489,9566
9791,9567
15316,9568
15910,9569
11439,9570
5648,9571
15221,9572
16525,9573
19653,9574
11816,9575
13018,9576
11319,9577
11591,9578
15354,9579
16248,9580
17193,9581
10520,9582
5802,9583
19283,9584
5861,9585
15193,9586
14871,9587
15975,9588
18934,9589
20091,9590
7266,9591
7282,9592
7401,9593
7894,9594
3594,9595
10921,9596
11061,9597
11525,9598
11666,9599
10934,9600
17639,9601
17640,9602
19868,9603
6031,9604
12791,9605
10973,9606
18092,9607
18228,9608
19389,9609
19985,9610
2259,9611
2315,9612
6552,9613
7178,9614
7032,9615
7660,9616
8133,9617
7981,9618
11938,9619
1071,9620
1580,9621
15937,9622
1682,9623
18890,9624
19883,9625
2973,9626
7715,9627
7755,9628
8947,9629
11209,9630
17791,9631
18069,9632
18319,9633
20253,9634
16013,9635
17756,9636
16087,9637
17170,9638
1726,9639
5422,9640
12380,9641
16612,9642
3662,9643
6094,9644
7268,9645
20070,9646
17702,9647
16406,9648
18877,9649
19197,9650
4081,9651
3543,9652
7304,9653
7932,9654
18667,9655
7934,9656
13356,9657
12743,9658
8308,9659
17902,9660
13207,9661
1679,9662
18823,9663
18278,9664
19490,9665
5697,9666
354,9667
48,9668
7630,9669
8432,9670
7769,9671
8712,9672
2267,9673
15102,9674
5182,9675
20086,9676
16050,9677
9359,9678
7950,9679
17065,9680
9369,9681
10032,9682
945,9683
11651,9684
11045,9685
2062,9686
2009,9687
17649,9688
9576,9689
5065,9690
14633,9691
3112,9692
2477,9693
9327,9694
17341,9695
18106,9696
17521,9697
9639,9698
18245,9699
2101,9700
1159,9701
3341,9702
12228,9703
4289,9704
19288,9705
4051,9706
16947,9707
13869,9708
7124,9709
7150,9710
11713,9711
12320,9712
10238,9713
8969,9714
1779,9715
7086,9716
4764,9717
5365,9718
15039,9719
4442,9720
13438,9721
5875,9722
19775,9723
3852,9724
15790,9725
19725,9726
18894,9727
2959,9728
1057,9729
3335,9730
6870,9731
1639,9732
7616,9733
5092,9734
19444,9735
15789,9736
16376,9737
7776,9738
7695,9739
9355,9740
1046,9741
8994,9742
9640,9743
11394,9744
1554,9745
3561,9746
5944,9747
14497,9748
10097,9749
14745,9750
13642,9751
5484,9752
9817,9753
15335,9754
19696,9755
9852,9756
5396,9757
4795,9758
12792,9759
12184,9760
10254,9761
9854,9762
20058,9763
15329,9764
8254,9765
5677,9766
10164,9767
3880,9768
18431,9769
10025,9770
14989,9771
11371,9772
15364,9773
5254,9774
4655,9775
10268,9776
2670,9777
12166,9778
17410,9779
18511,9780
10874,9781
10762,9782
12479,9783
5667,9784
13085,9785
13560,9786
1576,9787
12680,9788
10229,9789
11019,9790
17047,9791
17177,9792
17928,9793
11567,9794
1511,9795
19993,9796
16507,9797
17093,9798
3348,9799
12001,9800
17445,9801
16758,9802
19978,9803
3632,9804
12813,9805
16542,9806
3652,9807
10436,9808
12113,9809
15663,9810
4379,9811
6032,9812
10478,9813
1018,9814
1944,9815
19596,9816
491,9817
175,9818
6388,9819
6528,9820
6593,9821
6652,9822
15684,9823
10670,9824
13489,9825
17096,9826
17634,9827
15662,9828
7245,9829
12874,9830
13480,9831
12088,9832
3035,9833
15746,9834
17665,9835
7644,9836
7847,9837
7955,9838
10963,9839
16920,9840
3354,9841
5765,9842
1127,9843
7967,9844
7997,9845
10282,9846
18617,9847
1215,9848
19803,9849
1119,9850
4432,9851
351,9852
45,9853
4542,9854
14596,9855
4574,9856
4878,9857
5343,9858
6398,9859
830,9860
3723,9861
8579,9862
12180,9863
3481,9864
8580,9865
7192,9866
18087,9867
18687,9868
17385,9869
8642,9870
10290,9871
16453,9872
13634,9873
14203,9874
13742,9875
16610,9876
14337,9877
12326,9878
10322,9879
16726,9880
13995,9881
15301,9882
17462,9883
18939,9884
5293,9885
4694,9886
5859,9887
6679,9888
7149,9889
7745,9890
15162,9891
8326,9892
8792,9893
17417,9894
1780,9895
20205,9896
17793,9897
4864,9898
7645,9899
18401,9900
18402,9901
18995,9902
19600,9903
10543,9904
5287,9905
5476,9906
18676,9907
12149,9908
15064,9909
8817,9910
12019,9911
16045,9912
19538,9913
4168,9914
7222,9915
15041,9916
9138,9917
9221,9918
9483,9919
12104,9920
16802,9921
19391,9922
2598,9923
1020,9924
19683,9925
17175,9926
20283,9927
16002,9928
10523,9929
17761,9930
5190,9931
5420,9932
15019,9933
13296,9934
1208,9935
18066,9936
18665,9937
19931,9938
18136,9939
20192,9940
5480,9941
16274,9942
1757,9943
19214,9944
19819,9945
1112,9946
16405,9947
18148,9948
12240,9949
2088,9950
1851,9951
3159,9952
19965,9953
5868,9954
6450,9955
4054,9956
3452,9957
5138,9958
7224,9959
7666,9960
8538,9961
17670,9962
18251,9963
14111,9964
14704,9965
2061,9966
9532,9967
19246,9968
3326,9969
15032,9970
4407,9971
1149,9972
11520,9973
15448,9974
16582,9975
6620,9976
14758,9977
15995,9978
18337,9979
14818,9980
11797,9981
19644,9982
11180,9983
15348,9984
18527,9985
20136,9986
1101,9987
20338,9988
4223,9989
17786,9990
13765,9991
18381,9992
13176,9993
18760,9994
14601,9995
15192,9996
4744,9997
4141,9998
4809,9999
1090,10000
20185,10001
14370,10002
4209,10003
14961,10004
18708,10005
18108,10006
11099,10007
19941,10008
5455,10009
13474,10010
12246,10011
12853,10012
14072,10013
10502,10014
6455,10015
14573,10016
12832,10017
8410,10018
16975,10019
7051,10020
7680,10021
14465,10022
1345,10023
11090,10024
13646,10025
18351,10026
14832,10027
12995,10028
14344,10029
18368,10030
14934,10031
20049,10032
15324,10033
17613,10034
18198,10035
16821,10036
7795,10037
8427,10038
8484,10039
12296,10040
12904,10041
9090,10042
9596,10043
2669,10044
10053,10045
15328,10046
15043,10047
18615,10048
15840,10049
2239,10050
4577,10051
14094,10052
8534,10053
12934,10054
4277,10055
15685,10056
4376,10057
2526,10058
8491,10059
18274,10060
10232,10061
432,10062
120,10063
891,10064
9685,10065
974,10066
9747,10067
9807,10068
11673,10069
2716,10070
3888,10071
3469,10072
15059,10073
7375,10074
11855,10075
8841,10076
13948,10077
14830,10078
17782,10079
19714,10080
12353,10081
14169,10082
14953,10083
15543,10084
8418,10085
981,10086
9832,10087
9070,10088
9858,10089
9915,10090
17252,10091
12989,10092
17293,10093
11142,10094
11746,10095
18498,10096
19101,10097
12356,10098
11922,10099
16540,10100
18484,10101
15954,10102
19694,10103
11152,10104
20128,10105
7301,10106
7928,10107
1537,10108
2167,10109
3932,10110
6308,10111
11957,10112
1308,10113
1362,10114
16862,10115
1751,10116
18320,10117
2368,10118
16554,10119
19090,10120
19510,10121
12582,10122
20119,10123
13187,10124
18690,10125
403,10126
6181,10127
8653,10128
15666,10129
15679,10130
13530,10131
15682,10132
13353,10133
16994,10134
3750,10135
3829,10136
3985,10137
4541,10138
1178,10139
604,10140
272,10141
6551,10142
18812,10143
6738,10144
7348,10145
803,10146
10209,10147
18717,10148
19113,10149
5723,10150
4484,10151
12274,10152
13619,10153
15957,10154
13028,10155
11805,10156
17714,10157
17779,10158
11254,10159
16010,10160
17771,10161
2388,10162
3023,10163
4031,10164
5257,10165
1076,10166
12081,10167
6992,10168
1412,10169
13088,10170
17494,10171
2918,10172
5727,10173
4491,10174
19636,10175
12974,10176
12482,10177
13584,10178
14773,10179
19030,10180
14177,10181
17784,10182
19918,10183
19474,10184
12734,10185
4816,10186
6050,10187
6654,10188
4172,10189
3569,10190
6674,10191
7308,10192
7313,10193
7678,10194
7726,10195
5842,10196
7936,10197
7681,10198
7941,10199
13925,10200
823,10201
4601,10202
6119,10203
14649,10204
15761,10205
15333,10206
13119,10207
7014,10208
10015,10209
8288,10210
14995,10211
8321,10212
8475,10213
4589,10214
3983,10215
8757,10216
19234,10217
2843,10218
8943,10219
4322,10220
10285,10221
15397,10222
20208,10223
20204,10224
5823,10225
6449,10226
15631,10227
5646,10228
14106,10229
10851,10230
1401,10231
14808,10232
13020,10233
14263,10234
16036,10235
11780,10236
12116,10237
11509,10238
10871,10239
12745,10240
12137,10241
14243,10242
16030,10243
18397,10244
11807,10245
12563,10246
18950,10247
13648,10248
11175,10249
11354,10250
2193,10251
2403,10252
3501,10253
4158,10254
4188,10255
3585,10256
4544,10257
4760,10258
15088,10259
14390,10260
3434,10261
5148,10262
18016,10263
16755,10264
2936,10265
7300,10266
9062,10267
9051,10268
8388,10269
15036,10270
13242,10271
18418,10272
11193,10273
16769,10274
13894,10275
1298,10276
14560,10277
2112,10278
3188,10279
17423,10280
2965,10281
3429,10282
15257,10283
14667,10284
3696,10285
11677,10286
12141,10287
3956,10288
19282,10289
4171,10290
6107,10291
1689,10292
7052,10293
7061,10294
7636,10295
10650,10296
11086,10297
12103,10298
8392,10299
15076,10300
10227,10301
15797,10302
16384,10303
19312,10304
3509,10305
5315,10306
6632,10307
12955,10308
6007,10309
12348,10310
13766,10311
15966,10312
14361,10313
7182,10314
3441,10315
8409,10316
11679,10317
18838,10318
6600,10319
5973,10320
8983,10321
17450,10322
15693,10323
9006,10324
9011,10325
19259,10326
18660,10327
91,10328
9162,10329
16486,10330
9198,10331
14728,10332
15318,10333
9352,10334
9370,10335
3100,10336
6784,10337
3107,10338
8040,10339
943,10340
17121,10341
7019,10342
10049,10343
10718,10344
7252,10345
950,10346
1585,10347
956,10348
10424,10349
11083,10350
12903,10351
6963,10352
9568,10353
9896,10354
16337,10355
19286,10356
12823,10357
11005,10358
4561,10359
15896,10360
4569,10361
19394,10362
3671,10363
15117,10364
5191,10365
4592,10366
5858,10367
9280,10368
18674,10369
14579,10370
15170,10371
9773,10372
9935,10373
9938,10374
4166,10375
13390,10376
13989,10377
12654,10378
9954,10379
11523,10380
15268,10381
13486,10382
17528,10383
18728,10384
16960,10385
3318,10386
2016,10387
15936,10388
16395,10389
3685,10390
7896,10391
9584,10392
15621,10393
17469,10394
8650,10395
14326,10396
9964,10397
4549,10398
19632,10399
10298,10400
13607,10401
14587,10402
14711,10403
20291,10404
12368,10405
6055,10406
5225,10407
3418,10408
5729,10409
7780,10410
7142,10411
4079,10412
10272,10413
9942,10414
16877,10415
17651,10416
9976,10417
10643,10418
1213,10419
4300,10420
3821,10421
5566,10422
4966,10423
2504,10424
626,10425
293,10426
9380,10427
10043,10428
4993,10429
4392,10430
10087,10431
7358,10432
1941,10433
355,10434
49,10435
9980,10436
1244,10437
1270,10438
5591,10439
8048,10440
6169,10441
8626,10442
6206,10443
6831,10444
6882,10445
445,10446
132,10447
9981,10448
14413,10449
10802,10450
509,10451
190,10452
9983,10453
8678,10454
10671,10455
3211,10456
435,10457
122,10458
9987,10459
10654,10460
11877,10461
1086,10462
13788,10463
2752,10464
2185,10465
2910,10466
1006,10467
16908,10468
17493,10469
13877,10470
4887,10471
1628,10472
13997,10473
7089,10474
19777,10475
9513,10476
10897,10477
9613,10478
19886,10479
9910,10480
3358,10481
10577,10482
1549,10483
2105,10484
2861,10485
4762,10486
5363,10487
6480,10488
6755,10489
962,10490
10432,10491
3331,10492
3293,10493
10579,10494
16957,10495
18804,10496
4509,10497
5641,10498
11006,10499
2079,10500
13845,10501
14706,10502
6972,10503
748,10504
14098,10505
6733,10506
6095,10507
7969,10508
17305,10509
14159,10510
7987,10511
8106,10512
18017,10513
8401,10514
8578,10515
1625,10516
6182,10517
3043,10518
12434,10519
20182,10520
7839,10521
8542,10522
8768,10523
17848,10524
11157,10525
12591,10526
8919,10527
3272,10528
5512,10529
5976,10530
7960,10531
14669,10532
8592,10533
11853,10534
19565,10535
14383,10536
9211,10537
9238,10538
7027,10539
10562,10540
15181,10541
7209,10542
2133,10543
5783,10544
9275,10545
16852,10546
15306,10547
19939,10548
19342,10549
5487,10550
13120,10551
11744,10552
12560,10553
6108,10554
6511,10555
845,10556
11659,10557
6726,10558
10358,10559
12095,10560
17025,10561
4274,10562
1490,10563
16946,10564
4034,10565
5702,10566
16792,10567
3668,10568
17049,10569
2547,10570
14420,10571
14232,10572
12397,10573
20345,10574
3966,10575
1621,10576
13510,10577
15291,10578
6464,10579
2699,10580
8205,10581
17945,10582
10724,10583
5233,10584
6708,10585
16709,10586
13570,10587
4242,10588
853,10589
9064,10590
9140,10591
8478,10592
9240,10593
18010,10594
10486,10595
18545,10596
14510,10597
12605,10598
1485,10599
1685,10600
18683,10601
10930,10602
3426,10603
3491,10604
5284,10605
6596,10606
5969,10607
15065,10608
9656,10609
17675,10610
17090,10611
17988,10612
9519,10613
13338,10614
6340,10615
9779,10616
9912,10617
5752,10618
10489,10619
1785,10620
5780,10621
2269,10622
1634,10623
8356,10624
8361,10625
9023,10626
3317,10627
9988,10628
10602,10629
6173,10630
8052,10631
19626,10632
14171,10633
14237,10634
12394,10635
11981,10636
13574,10637
11377,10638
14770,10639
14883,10640
14173,10641
14955,10642
15752,10643
18940,10644
16124,10645
14162,10646
14759,10647
1744,10648
19531,10649
14825,10650
14799,10651
16144,10652
20107,10653
14364,10654
20127,10655
16733,10656
2386,10657
5409,10658
13199,10659
11517,10660
5886,10661
5946,10662
9739,10663
999,10664
9990,10665
4325,10666
5622,10667
365,10668
57,10669
6209,10670
10746,10671
8740,10672
5563,10673
1873,10674
3769,10675
8085,10676
10723,10677
6158,10678
3213,10679
378,10680
68,10681
9991,10682
8286,10683
10658,10684
12304,10685
12750,10686
14565,10687
6430,10688
8265,10689
9992,10690
8143,10691
449,10692
134,10693
9993,10694
7961,10695
2575,10696
405,10697
93,10698
9996,10699
13912,10700
18541,10701
11571,10702
2769,10703
5880,10704
8970,10705
13813,10706
14408,10707
17653,10708
7609,10709
19164,10710
20210,10711
4907,10712
3712,10713
3965,10714
1116,10715
7703,10716
16811,10717
8839,10718
13805,10719
13928,10720
15582,10721
10572,10722
14511,10723
15159,10724
16266,10725
16861,10726
17185,10727
1817,10728
20062,10729
20197,10730
14379,10731
2313,10732
2947,10733
3027,10734
3378,10735
3980,10736
4840,10737
13553,10738
18598,10739
19637,10740
13000,10741
13566,10742
13597,10743
13775,10744
14350,10745
19303,10746
10883,10747
10561,10748
12739,10749
17063,10750
19212,10751
17534,10752
1892,10753
10416,10754
12859,10755
13466,10756
19567,10757
20098,10758
20333,10759
14109,10760
19793,10761
17344,10762
12105,10763
19196,10764
1066,10765
15124,10766
15579,10767
2300,10768
2387,10769
17545,10770
13306,10771
10457,10772
14647,10773
15238,10774
1749,10775
12192,10776
18190,10777
3204,10778
1923,10779
3349,10780
19748,10781
17514,10782
4617,10783
4756,10784
5123,10785
5465,10786
4689,10787
13303,10788
15577,10789
10312,10790
13314,10791
15593,10792
18015,10793
12179,10794
18789,10795
1889,10796
19873,10797
5195,10798
5290,10799
5754,10800
6476,10801
6925,10802
13975,10803
18396,10804
7073,10805
7079,10806
7085,10807
7163,10808
7413,10809
7641,10810
1287,10811
3152,10812
16923,10813
2498,10814
2516,10815
7951,10816
3355,10817
2446,10818
3963,10819
10792,10820
11579,10821
4605,10822
14640,10823
17212,10824
17573,10825
14215,10826
18212,10827
18996,10828
10542,10829
19604,10830
7187,10831
7639,10832
15261,10833
18702,10834
7495,10835
8043,10836
15518,10837
14115,10838
14708,10839
19419,10840
20015,10841
2335,10842
13545,10843
7699,10844
8363,10845
8408,10846
8917,10847
752,10848
13228,10849
14062,10850
1656,10851
18427,10852
15106,10853
1110,10854
15960,10855
17819,10856
16547,10857
14340,10858
17198,10859
13745,10860
1701,10861
2283,10862
15640,10863
5924,10864
8842,10865
3520,10866
5965,10867
8923,10868
1395,10869
16623,10870
16617,10871
8483,10872
4536,10873
5098,10874
6409,10875
805,10876
4476,10877
20202,10878
16033,10879
19732,10880
11693,10881
11089,10882
2234,10883
2063,10884
8867,10885
14211,10886
5376,10887
9170,10888
9293,10889
9620,10890
16779,10891
9167,10892
9652,10893
17475,10894
16890,10895
4506,10896
9707,10897
1595,10898
7656,10899
7973,10900
8605,10901
9784,10902
9822,10903
18093,10904
18693,10905
9834,10906
6588,10907
10857,10908
5693,10909
1601,10910
7326,10911
19111,10912
11133,10913
8524,10914
19493,10915
20089,10916
6034,10917
7907,10918
16448,10919
15862,10920
15228,10921
19972,10922
9094,10923
19181,10924
1989,10925
3049,10926
19129,10927
13562,10928
20203,10929
5351,10930
4750,10931
13293,10932
6952,10933
14104,10934
18507,10935
11134,10936
13321,10937
13322,10938
1748,10939
12900,10940
2816,10941
3422,10942
16737,10943
5457,10944
13299,10945
16913,10946
19213,10947
12888,10948
3774,10949
19470,10950
2963,10951
1060,10952
6232,10953
15921,10954
4703,10955
11040,10956
12044,10957
10157,10958
16763,10959
2817,10960
11465,10961
5259,10962
6447,10963
7254,10964
10875,10965
1216,10966
10938,10967
12957,10968
15715,10969
16252,10970
17662,10971
18158,10972
18175,10973
2145,10974
5909,10975
6009,10976
13567,10977
11307,10978
14165,10979
20105,10980
18538,10981
784,10982
10499,10983
4333,10984
7077,10985
2704,10986
7890,10987
7929,10988
4009,10989
2161,10990
17658,10991
15898,10992
898,10993
1535,10994
9033,10995
11449,10996
1985,10997
16407,10998
17028,10999
14474,11000
2545,11001
14924,11002
2650,11003
18766,11004
5532,11005
10940,11006
14806,11007
19603,11008
16751,11009
5725,11010
17382,11011
12911,11012
14219,11013
16446,11014
17218,11015
3934,11016
5847,11017
6473,11018
7571,11019
11220,11020
13622,11021
12410,11022
15350,11023
16402,11024
3930,11025
14440,11026
4076,11027
4637,11028
5408,11029
6628,11030
10302,11031
15982,11032
14875,11033
16500,11034
6648,11035
5398,11036
6729,11037
13943,11038
11544,11039
19281,11040
7606,11041
8528,11042
9139,11043
17539,11044
9188,11045
17703,11046
9239,11047
5814,11048
7141,11049
7772,11050
9446,11051
19338,11052
19261,11053
13358,11054
9901,11055
17302,11056
14761,11057
13709,11058
12340,11059
13163,11060
14157,11061
12558,11062
2334,11063
15119,11064
11497,11065
12138,11066
15701,11067
14254,11068
16288,11069
17307,11070
17579,11071
15820,11072
16683,11073
18646,11074
14139,11075
19840,11076
18468,11077
19861,11078
11881,11079
3538,11080
5426,11081
6407,11082
6559,11083
6636,11084
7053,11085
4124,11086
5433,11087
7185,11088
10990,11089
11596,11090
9999,11091
7984,11092
1863,11093
1227,11094
4932,11095
10788,11096
10278,11097
10297,11098
10306,11099
10694,11100
13915,11101
15013,11102
16265,11103
17443,11104
2099,11105
2512,11106
10296,11107
11483,11108
10750,11109
12135,11110
12140,11111
12562,11112
12698,11113
12709,11114
13410,11115
13444,11116
14137,11117
14349,11118
1011,11119
14362,11120
14033,11121
1455,11122
1246,11123
14532,11124
14050,11125
13453,11126
1466,11127
10412,11128
1186,11129
15116,11130
13330,11131
15136,11132
14544,11133
15225,11134
15264,11135
13482,11136
1570,11137
16267,11138
16349,11139
11565,11140
16396,11141
16474,11142
15888,11143
1654,11144
16833,11145
16986,11146
17318,11147
10404,11148
15149,11149
10939,11150
16372,11151
16958,11152
16997,11153
14041,11154
17489,11155
14936,11156
12772,11157
12164,11158
17548,11159
13417,11160
10468,11161
17597,11162
17013,11163
18079,11164
12559,11165
1059,11166
11601,11167
10995,11168
14684,11169
16295,11170
15708,11171
18080,11172
17333,11173
16993,11174
17577,11175
15154,11176
10945,11177
18169,11178
18756,11179
13462,11180
14059,11181
18846,11182
18992,11183
1184,11184
1926,11185
11121,11186
11128,11187
11160,11188
11360,11189
11965,11190
14490,11191
11875,11192
15361,11193
15521,11194
16344,11195
17181,11196
13756,11197
16371,11198
15784,11199
1722,11200
18634,11201
18948,11202
18952,11203
19284,11204
13757,11205
19304,11206
19348,11207
19448,11208
19736,11209
15694,11210
19885,11211
19290,11212
19899,11213
19998,11214
19402,11215
20034,11216
16314,11217
19266,11218
20042,11219
11082,11220
20138,11221
20335,11222
1009,11223
12147,11224
12755,11225
2111,11226
11405,11227
2170,11228
2294,11229
16729,11230
12899,11231
12291,11232
18157,11233
18757,11234
2805,11235
2806,11236
16148,11237
2192,11238
2913,11239
18185,11240
2914,11241
3187,11242
2551,11243
3465,11244
3546,11245
2941,11246
18129,11247
3577,11248
2957,11249
4063,11250
11604,11251
17402,11252
1358,11253
16334,11254
17398,11255
4069,11256
11554,11257
10950,11258
12059,11259
4088,11260
2245,11261
4181,11262
4241,11263
20031,11264
11073,11265
3537,11266
4140,11267
4256,11268
1593,11269
2248,11270
4588,11271
4679,11272
477,11273
161,11274
4847,11275
18230,11276
20026,11277
4858,11278
13401,11279
15183,11280
10983,11281
12803,11282
18659,11283
3998,11284
3516,11285
4120,11286
4863,11287
4957,11288
5057,11289
12480,11290
11304,11291
15351,11292
10569,11293
15680,11294
15843,11295
16589,11296
17128,11297
18917,11298
2416,11299
16272,11300
1773,11301
18018,11302
10069,11303
2842,11304
4550,11305
1836,11306
5144,11307
16976,11308
1852,11309
5165,11310
14298,11311
14988,11312
15353,11313
1546,11314
16289,11315
19845,11316
15180,11317
13398,11318
19892,11319
20265,11320
5202,11321
5247,11322
19790,11323
5252,11324
3446,11325
12043,11326
5308,11327
3503,11328
13487,11329
12881,11330
5325,11331
19251,11332
18651,11333
5333,11334
5481,11335
11488,11336
13320,11337
13898,11338
10783,11339
16277,11340
17351,11341
3037,11342
3362,11343
19143,11344
4879,11345
5557,11346
5748,11347
11528,11348
5749,11349
5762,11350
5871,11351
6073,11352
12691,11353
13921,11354
15099,11355
17557,11356
4126,11357
4299,11358
4752,11359
4988,11360
5477,11361
6370,11362
10691,11363
6380,11364
10621,11365
6385,11366
13696,11367
13752,11368
11706,11369
14722,11370
15828,11371
16416,11372
13498,11373
15278,11374
18765,11375
18165,11376
20116,11377
13753,11378
14071,11379
14705,11380
1653,11381
17615,11382
15855,11383
2850,11384
18119,11385
2815,11386
2180,11387
6391,11388
6458,11389
13744,11390
11661,11391
11056,11392
18121,11393
18211,11394
12877,11395
18721,11396
18205,11397
17620,11398
1449,11399
18834,11400
19981,11401
19385,11402
5355,11403
4754,11404
5979,11405
6481,11406
4653,11407
19188,11408
1361,11409
10493,11410
13095,11411
11129,11412
16521,11413
19801,11414
15429,11415
12985,11416
14556,11417
15407,11418
20140,11419
4920,11420
3809,11421
5486,11422
1482,11423
10599,11424
19201,11425
19805,11426
19964,11427
2744,11428
3168,11429
3964,11430
3672,11431
5004,11432
5613,11433
6497,11434
5224,11435
4624,11436
17989,11437
1994,11438
12325,11439
2090,11440
17265,11441
10698,11442
11654,11443
13473,11444
16003,11445
16088,11446
18628,11447
10463,11448
3394,11449
13977,11450
13378,11451
18575,11452
4449,11453
17643,11454
1830,11455
19670,11456
18294,11457
20270,11458
16593,11459
12580,11460
16597,11461
13185,11462
13990,11463
13391,11464
2777,11465
2142,11466
11440,11467
5048,11468
14086,11469
5264,11470
6505,11471
11355,11472
12770,11473
12162,11474
12828,11475
12922,11476
12314,11477
12931,11478
12323,11479
10929,11480
12748,11481
12651,11482
17504,11483
16918,11484
19900,11485
19305,11486
20055,11487
19459,11488
14124,11489
13526,11490
12072,11491
10818,11492
19424,11493
3424,11494
6488,11495
14604,11496
11686,11497
12294,11498
11433,11499
6509,11500
12669,11501
6514,11502
5888,11503
18799,11504
19399,11505
6554,11506
5927,11507
19180,11508
6560,11509
6606,11510
3506,11511
4110,11512
13886,11513
6694,11514
14690,11515
6718,11516
6093,11517
12860,11518
12585,11519
4619,11520
16741,11521
6705,11522
10936,11523
11984,11524
13492,11525
16744,11526
1702,11527
12589,11528
12134,11529
11526,11530
12310,11531
11703,11532
19959,11533
19362,11534
4651,11535
3656,11536
10989,11537
12809,11538
1604,11539
6433,11540
11551,11541
16283,11542
16869,11543
12047,11544
6848,11545
6915,11546
11884,11547
20142,11548
14903,11549
2795,11550
6982,11551
2028,11552
16915,11553
18610,11554
15484,11555
13556,11556
11870,11557
14030,11558
19720,11559
13413,11560
12802,11561
13705,11562
11131,11563
16546,11564
16765,11565
17439,11566
18623,11567
14105,11568
1854,11569
18896,11570
19216,11571
1875,11572
19499,11573
1764,11574
10284,11575
12075,11576
12726,11577
13917,11578
1126,11579
15869,11580
18732,11581
1928,11582
4195,11583
4271,11584
12099,11585
12684,11586
1456,11587
16842,11588
10095,11589
1853,11590
3665,11591
4354,11592
4650,11593
5194,11594
5750,11595
6078,11596
13918,11597
18614,11598
2171,11599
2527,11600
2726,11601
2738,11602
17582,11603
1789,11604
5492,11605
5548,11606
6120,11607
10925,11608
15745,11609
17570,11610
11039,11611
11645,11612
10260,11613
3279,11614
14276,11615
18739,11616
3377,11617
6463,11618
6506,11619
4190,11620
3587,11621
16222,11622
6776,11623
6994,11624
7022,11625
16177,11626
4000,11627
7100,11628
7114,11629
14007,11630
7127,11631
16945,11632
16359,11633
7161,11634
717,11635
14032,11636
18858,11637
2375,11638
19428,11639
2389,11640
10362,11641
5157,11642
2453,11643
4030,11644
6382,11645
10920,11646
7200,11647
4139,11648
7280,11649
10353,11650
16383,11651
15796,11652
17031,11653
17616,11654
19867,11655
18072,11656
5200,11657
3393,11658
10825,11659
5813,11660
15823,11661
17581,11662
1427,11663
7322,11664
13186,11665
12776,11666
12168,11667
10239,11668
12636,11669
15590,11670
2240,11671
19791,11672
4944,11673
2476,11674
4090,11675
15153,11676
14562,11677
6567,11678
10964,11679
11568,11680
7336,11681
13301,11682
6716,11683
3749,11684
13802,11685
14397,11686
10233,11687
619,11688
286,11689
7338,11690
13302,11691
1909,11692
19817,11693
19916,11694
5151,11695
3738,11696
5757,11697
10892,11698
6192,11699
6389,11700
2311,11701
7344,11702
12693,11703
13825,11704
16092,11705
15998,11706
13164,11707
16585,11708
17299,11709
2514,11710
7118,11711
14598,11712
15189,11713
6997,11714
5105,11715
12554,11716
13162,11717
15934,11718
17690,11719
2743,11720
1174,11721
4193,11722
3591,11723
17881,11724
19511,11725
6815,11726
15609,11727
7277,11728
1041,11729
12235,11730
11629,11731
1677,11732
7368,11733
7590,11734
687,11735
10586,11736
17538,11737
5188,11738
7634,11739
17107,11740
2462,11741
7663,11742
13865,11743
1974,11744
11857,11745
14069,11746
18962,11747
20325,11748
4053,11749
7671,11750
3380,11751
15038,11752
7711,11753
7740,11754
7110,11755
7746,11756
7751,11757
7120,11758
7707,11759
7078,11760
1445,11761
760,11762
11214,11763
16060,11764
17202,11765
12529,11766
14746,11767
17783,11768
12493,11769
18350,11770
15490,11771
11720,11772
19443,11773
15629,11774
2246,11775
1612,11776
6575,11777
6891,11778
1016,11779
15944,11780
13615,11781
18758,11782
7774,11783
7775,11784
3303,11785
10147,11786
5046,11787
18200,11788
12055,11789
4889,11790
715,11791
14239,11792
12571,11793
5933,11794
18579,11795
6280,11796
17246,11797
2592,11798
380,11799
69,11800
6906,11801
19275,11802
10841,11803
7257,11804
5636,11805
371,11806
61,11807
7830,11808
785,11809
7855,11810
7225,11811
7899,11812
16509,11813
19458,11814
12798,11815
4075,11816
4678,11817
14588,11818
6459,11819
5121,11820
7966,11821
799,11822
15619,11823
20221,11824
11194,11825
15271,11826
12468,11827
16404,11828
11264,11829
14185,11830
15816,11831
16608,11832
17139,11833
17849,11834
17910,11835
18345,11836
19478,11837
14813,11838
13014,11839
20331,11840
2930,11841
4860,11842
13465,11843
13903,11844
1001,11845
12160,11846
7991,11847
7995,11848
15925,11849
17035,11850
18206,11851
8021,11852
8024,11853
10600,11854
17418,11855
8068,11856
5276,11857
8077,11858
17832,11859
14793,11860
8104,11861
8132,11862
8175,11863
16041,11864
3021,11865
6576,11866
8197,11867
3879,11868
13806,11869
19763,11870
14977,11871
2037,11872
15294,11873
13259,11874
3227,11875
3833,11876
409,11877
5574,11878
6223,11879
641,11880
307,11881
6752,11882
5038,11883
19205,11884
12600,11885
14399,11886
19794,11887
14992,11888
18181,11889
18771,11890
2755,11891
677,11892
334,11893
7023,11894
4319,11895
3760,11896
1158,11897
1194,11898
10601,11899
2421,11900
7760,11901
6546,11902
8160,11903
13621,11904
12846,11905
3579,11906
1434,11907
3616,11908
1671,11909
4470,11910
15400,11911
12425,11912
15392,11913
12517,11914
18126,11915
18648,11916
4546,11917
13057,11918
13181,11919
820,11920
1850,11921
822,11922
1210,11923
8257,11924
5078,11925
17248,11926
18071,11927
18365,11928
19866,11929
19174,11930
19992,11931
3310,11932
7536,11933
3811,11934
16747,11935
12220,11936
11615,11937
18608,11938
1267,11939
3567,11940
6553,11941
16812,11942
8200,11943
10961,11944
12781,11945
19780,11946
3854,11947
8263,11948
3884,11949
15783,11950
1448,11951
18481,11952
3366,11953
6033,11954
13947,11955
13347,11956
827,11957
3732,11958
4186,11959
8274,11960
7567,11961
15234,11962
19066,11963
13594,11964
18459,11965
8299,11966
5357,11967
8314,11968
1109,11969
1102,11970
12171,11971
11563,11972
19310,11973
19995,11974
11044,11975
10241,11976
13840,11977
14267,11978
17760,11979
13195,11980
3437,11981
16830,11982
4554,11983
1160,11984
6314,11985
15241,11986
17323,11987
19135,11988
19813,11989
6731,11990
5163,11991
1776,11992
7024,11993
3679,11994
7478,11995
19204,11996
12239,11997
6072,11998
10005,11999
1035,12000
16298,12001
2729,12002
18523,12003
15720,12004
16423,12005
1659,12006
17011,12007
18827,12008
18226,12009
2293,12010
10932,12011
12752,12012
4578,12013
4713,12014
3536,12015
2070,12016
6932,12017
8331,12018
8341,12019
8357,12020
8365,12021
8378,12022
10848,12023
6913,12024
14681,12025
13900,12026
1678,12027
19678,12028
12022,12029
14781,12030
15902,12031
17262,12032
15370,12033
20226,12034
14802,12035
6116,12036
10524,12037
14724,12038
15314,12039
18593,12040
3253,12041
13022,12042
5367,12043
6599,12044
7925,12045
8111,12046
15575,12047
6850,12048
6225,12049
4012,12050
4794,12051
8389,12052
3908,12053
691,12054
8316,12055
840,12056
14409,12057
1540,12058
8404,12059
16328,12060
4608,12061
4507,12062
17957,12063
18194,12064
7330,12065
5278,12066
11050,12067
11656,12068
10847,12069
8421,12070
19863,12071
15729,12072
8423,12073
2150,12074
2784,12075
1446,12076
8435,12077
11058,12078
15265,12079
8442,12080
8480,12081
10477,12082
8498,12083
8506,12084
7841,12085
3306,12086
3254,12087
1029,12088
5796,12089
8520,12090
17241,12091
1088,12092
11271,12093
13323,12094
18037,12095
18371,12096
12544,12097
18637,12098
12720,12099
18865,12100
19484,12101
19526,12102
13741,12103
16524,12104
19569,12105
19730,12106
2096,12107
11348,12108
2993,12109
15409,12110
14800,12111
17763,12112
19741,12113
20341,12114
18786,12115
4247,12116
4338,12117
854,12118
5878,12119
5272,12120
8546,12121
4078,12122
4681,12123
2898,12124
8554,12125
8589,12126
2568,12127
5468,12128
14023,12129
13426,12130
15926,12131
3805,12132
5609,12133
8599,12134
8621,12135
17681,12136
2173,12137
1543,12138
3179,12139
2543,12140
2455,12141
5003,12142
4402,12143
4946,12144
5018,12145
4375,12146
3771,12147
10459,12148
1613,12149
828,12150
6783,12151
3212,12152
4968,12153
10662,12154
1023,12155
568,12156
240,12157
8302,12158
1242,12159
10742,12160
8604,12161
7504,12162
14436,12163
7472,12164
18546,12165
3759,12166
10051,12167
8625,12168
8628,12169
863,12170
8665,12171
8675,12172
10667,12173
16752,12174
12165,12175
12773,12176
5701,12177
14434,12178
11840,12179
8731,12180
1226,12181
8791,12182
2962,12183
18710,12184
18110,12185
14442,12186
13837,12187
849,12188
12607,12189
8508,12190
6975,12191
7560,12192
20316,12193
10927,12194
13563,12195
12002,12196
12694,12197
14517,12198
10434,12199
14853,12200
15227,12201
14636,12202
16850,12203
17717,12204
19551,12205
19807,12206
1256,12207
19858,12208
20125,12209
1121,12210
11490,12211
14393,12212
14514,12213
17442,12214
1759,12215
18612,12216
10755,12217
2104,12218
18486,12219
10568,12220
13533,12221
1606,12222
12895,12223
12287,12224
19770,12225
2535,12226
2739,12227
3143,12228
4309,12229
4627,12230
6092,12231
11485,12232
12087,12233
16856,12234
1195,12235
2113,12236
2748,12237
3054,12238
6717,12239
7097,12240
7462,12241
7808,12242
8055,12243
12700,12244
14495,12245
14506,12246
12909,12247
16256,12248
15602,12249
17426,12250
3181,12251
4708,12252
4997,12253
6176,12254
7443,12255
8075,12256
8460,12257
8472,12258
8507,12259
18589,12260
4456,12261
13053,12262
15147,12263
8459,12264
8824,12265
886,12266
8864,12267
2489,12268
7500,12269
8875,12270
11719,12271
12169,12272
15395,12273
17053,12274
6984,12275
3284,12276
4006,12277
5841,12278
20067,12279
6658,12280
10287,12281
11662,12282
3390,12283
4249,12284
18073,12285
17490,12286
15747,12287
17506,12288
4567,12289
3048,12290
6334,12291
2634,12292
18729,12293
19085,12294
18336,12295
13674,12296
15095,12297
12283,12298
15578,12299
11540,12300
16586,12301
2252,12302
2745,12303
3061,12304
17543,12305
3619,12306
15999,12307
17812,12308
13609,12309
16164,12310
20184,12311
12581,12312
18095,12313
18695,12314
17586,12315
13448,12316
16805,12317
4854,12318
14512,12319
15103,12320
10922,12321
17429,12322
18807,12323
19407,12324
20003,12325
4284,12326
16487,12327
15300,12328
13519,12329
10831,12330
4846,12331
5764,12332
16761,12333
18084,12334
5782,12335
7020,12336
7070,12337
7138,12338
18822,12339
17054,12340
15035,12341
13240,12342
11685,12343
13276,12344
16401,12345
1993,12346
10317,12347
14426,12348
16977,12349
17313,12350
2417,12351
14320,12352
7384,12353
7465,12354
7754,12355
12827,12356
15044,12357
4444,12358
15118,12359
18143,12360
6197,12361
14848,12362
16007,12363
17258,12364
16594,12365
18356,12366
4867,12367
8359,12368
19447,12369
8420,12370
8369,12371
8447,12372
19061,12373
17124,12374
12463,12375
5418,12376
16141,12377
8548,12378
18146,12379
17558,12380
5977,12381
6604,12382
13884,12383
861,12384
19442,12385
20038,12386
8876,12387
4356,12388
19435,12389
4733,12390
11070,12391
6579,12392
8898,12393
535,12394
213,12395
8903,12396
8922,12397
17966,12398
17264,12399
17547,12400
16809,12401
3244,12402
14663,12403
16095,12404
2922,12405
8931,12406
3286,12407
11384,12408
12145,12409
17326,12410
3363,12411
12870,12412
3030,12413
3519,12414
17602,12415
7628,12416
10696,12417
19287,12418
20053,12419
14541,12420
15133,12421
8383,12422
10380,12423
8942,12424
8892,12425
12150,12426
13078,12427
14186,12428
13716,12429
15336,12430
16275,12431
11322,12432
16362,12433
1643,12434
17078,12435
20219,12436
15676,12437
1236,12438
1624,12439
17145,12440
17790,12441
11828,12442
13586,12443
18829,12444
19727,12445
20180,12446
11926,12447
12331,12448
4225,12449
14183,12450
19584,12451
6057,12452
6681,12453
4011,12454
4616,12455
18040,12456
18640,12457
7201,12458
11643,12459
7461,12460
12696,12461
4923,12462
8469,12463
8945,12464
4020,12465
4780,12466
17480,12467
15723,12468
12071,12469
2686,12470
14287,12471
18755,12472
11460,12473
6069,12474
15130,12475
8220,12476
1139,12477
19058,12478
18928,12479
18455,12480
14180,12481
14790,12482
6504,12483
18581,12484
5053,12485
11403,12486
14301,12487
17674,12488
8348,12489
8562,12490
8948,12491
3093,12492
14365,12493
8949,12494
4246,12495
13469,12496
15167,12497
15779,12498
19903,12499
17683,12500
4115,12501
5853,12502
8955,12503
3069,12504
7773,12505
17623,12506
15863,12507
8965,12508
12451,12509
12387,12510
13077,12511
15854,12512
15917,12513
5483,12514
7087,12515
8973,12516
10571,12517
8996,12518
8333,12519
9005,12520
9009,12521
5208,12522
3400,12523
3325,12524
5082,12525
4638,12526
2074,12527
1390,12528
17633,12529
6058,12530
14509,12531
1532,12532
19126,12533
11085,12534
15293,12535
2419,12536
10339,12537
895,12538
11657,12539
11051,12540
9041,12541
16357,12542
13270,12543
9045,12544
6349,12545
5084,12546
12724,12547
15460,12548
16323,12549
12659,12550
1718,12551
11904,12552
11479,12553
14404,12554
1674,12555
16954,12556
3336,12557
3490,12558
3987,12559
5161,12560
11678,12561
4304,12562
6367,12563
15009,12564
11101,12565
6548,12566
17619,12567
7728,12568
16495,12569
15909,12570
3922,12571
7860,12572
19928,12573
8362,12574
10430,12575
8564,12576
1461,12577
15716,12578
18606,12579
14423,12580
12204,12581
5198,12582
16303,12583
15546,12584
12799,12585
2849,12586
15895,12587
15283,12588
3311,12589
6453,12590
6442,12591
5816,12592
10264,12593
8047,12594
8836,12595
10978,12596
11016,12597
12834,12598
13957,12599
2436,12600
11301,12601
13581,12602
14870,12603
14178,12604
15458,12605
1082,12606
11365,12607
14778,12608
11969,12609
15239,12610
14648,12611
810,12612
878,12613
9001,12614
6395,12615
14519,12616
7610,12617
19762,12618
16467,12619
7738,12620
7615,12621
5091,12622
10501,12623
13855,12624
15191,12625
3767,12626
11332,12627
18291,12628
3598,12629
9048,12630
17682,12631
7231,12632
7598,12633
9055,12634
12139,12635
9063,12636
8400,12637
19177,12638
9069,12639
908,12640
2809,12641
16304,12642
15717,12643
3327,12644
4488,12645
15562,12646
6067,12647
19822,12648
18029,12649
16804,12650
9082,12651
2224,12652
9084,12653
9105,12654
9115,12655
9119,12656
912,12657
13287,12658
6945,12659
18500,12660
12820,12661
17603,12662
1978,12663
10563,12664
15770,12665
19103,12666
13573,12667
2589,12668
644,12669
310,12670
6981,12671
9136,12672
4137,12673
6573,12674
9145,12675
915,12676
9151,12677
14359,12678
11519,12679
12737,12680
15148,12681
14557,12682
7706,12683
900,12684
2803,12685
3915,12686
10198,12687
12267,12688
12470,12689
11147,12690
13210,12691
16106,12692
17148,12693
18305,12694
13209,12695
3414,12696
4062,12697
3459,12698
8590,12699
12126,12700
2927,12701
3532,12702
11446,12703
5653,12704
10013,12705
18064,12706
7160,12707
7481,12708
14256,12709
14187,12710
16169,12711
9160,12712
7675,12713
7046,12714
9164,12715
8502,12716
14068,12717
13470,12718
9183,12719
12949,12720
18534,12721
14042,12722
15203,12723
9222,12724
16893,12725
9262,12726
9300,12727
13732,12728
18285,12729
923,12730
9302,12731
1161,12732
6852,12733
6227,12734
8897,12735
640,12736
306,12737
9346,12738
10094,12739
14398,12740
4339,12741
1859,12742
1223,12743
8236,12744
567,12745
239,12746
9366,12747
10029,12748
12083,12749
3088,12750
2522,12751
7992,12752
7364,12753
5698,12754
503,12755
186,12756
9377,12757
9400,12758
2966,12759
13485,12760
15267,12761
9452,12762
9456,12763
7940,12764
17452,12765
13408,12766
15108,12767
2264,12768
3953,12769
4552,12770
4980,12771
5580,12772
15456,12773
4806,12774
5446,12775
6386,12776
1798,12777
10686,12778
14417,12779
13822,12780
15688,12781
14391,12782
18002,12783
10112,12784
4551,12785
12624,12786
7874,12787
12343,12788
13561,12789
14182,12790
15505,12791
18519,12792
18520,12793
8044,12794
3074,12795
14816,12796
11137,12797
11947,12798
12984,12799
13154,12800
14193,12801
17161,12802
18008,12803
16312,12804
19122,12805
3544,12806
3601,12807
7034,12808
7264,12809
2343,12810
7315,12811
10891,12812
13412,12813
17594,12814
18689,12815
5298,12816
6420,12817
7057,12818
7686,12819
15071,12820
8088,12821
7458,12822
11903,12823
17737,12824
4261,12825
6020,12826
19477,12827
8456,12828
7793,12829
14459,12830
9176,12831
13730,12832
9496,12833
19631,12834
743,12835
16077,12836
10139,12837
14493,12838
16874,12839
19613,12840
5321,12841
14097,12842
14689,12843
3935,12844
5104,12845
597,12846
266,12847
6774,12848
4388,12849
14209,12850
14227,12851
13583,12852
15906,12853
11445,12854
17813,12855
17888,12856
14167,12857
17135,12858
2614,12859
6180,12860
8059,12861
5742,12862
6627,12863
19026,12864
8521,12865
3224,12866
666,12867
326,12868
8835,12869
10770,12870
10511,12871
14776,12872
18163,12873
13266,12874
8569,12875
8831,12876
17664,12877
15638,12878
10174,12879
16056,12880
17231,12881
19027,12882
10300,12883
10553,12884
10898,12885
11189,12886
13655,12887
18360,12888
11311,12889
14164,12890
13103,12891
18864,12892
18935,12893
14279,12894
18333,12895
19635,12896
20183,12897
19618,12898
20194,12899
12518,12900
16257,12901
18902,12902
11309,12903
12960,12904
13121,12905
11139,12906
11876,12907
14501,12908
13475,12909
1906,12910
19872,12911
2317,12912
3133,12913
5767,12914
18544,12915
7655,12916
12295,12917
7317,12918
7836,12919
7986,12920
8501,12921
12672,12922
8218,12923
18151,12924
9146,12925
15644,12926
10185,12927
1728,12928
18510,12929
19865,12930
9507,12931
3682,12932
11489,12933
7071,12934
5132,12935
2661,12936
1175,12937
7391,12938
5537,12939
8086,12940
6208,12941
7379,12942
3702,12943
4321,12944
12631,12945
3810,12946
951,12947
1586,12948
15637,12949
709,12950
2871,12951
10820,12952
952,12953
15774,12954
9549,12955
12615,12956
18409,12957
11198,12958
11809,12959
6598,12960
14443,12961
13838,12962
17226,12963
17758,12964
18803,12965
19022,12966
17172,12967
13750,12968
17788,12969
19256,12970
10485,12971
4777,12972
9551,12973
17862,12974
17750,12975
17804,12976
12255,12977
12707,12978
1111,12979
12863,12980
11649,12981
14207,12982
15390,12983
12553,12984
15513,12985
16588,12986
17268,12987
16571,12988
13671,12989
11756,12990
15548,12991
16001,12992
14958,12993
1740,12994
18210,12995
2109,12996
2205,12997
3592,12998
4001,12999
4797,13000
1704,13001
5854,13002
6512,13003
6570,13004
6995,13005
3296,13006
10953,13007
11291,13008
16569,13009
11894,13010
16574,13011
14947,13012
17155,13013
14357,13014
11634,13015
11028,13016
2227,13017
3367,13018
5280,13019
7262,13020
15946,13021
5549,13022
2091,13023
16964,13024
6399,13025
7177,13026
7283,13027
7682,13028
8575,13029
1533,13030
13970,13031
14563,13032
18668,13033
3521,13034
9609,13035
16358,13036
12214,13037
12821,13038
13872,13039
10182,13040
13643,13041
12815,13042
12999,13043
20215,13044
12409,13045
17825,13046
20313,13047
17440,13048
1207,13049
7421,13050
12207,13051
9621,13052
9624,13053
12621,13054
9630,13055
17510,13056
12884,13057
11066,13058
19774,13059
6737,13060
9511,13061
15305,13062
16511,13063
18889,13064
12416,13065
9631,13066
18186,13067
9634,13068
16847,13069
1240,13070
19823,13071
2770,13072
7974,13073
19248,13074
11011,13075
11617,13076
9635,13077
9242,13078
2578,13079
672,13080
332,13081
7332,13082
9252,13083
7165,13084
8960,13085
9637,13086
10974,13087
17354,13088
9638,13089
15740,13090
7958,13091
965,13092
1600,13093
19963,13094
19366,13095
3320,13096
6300,13097
18635,13098
15068,13099
1406,13100
17230,13101
12322,13102
19014,13103
12938,13104
13319,13105
13610,13106
16677,13107
12930,13108
17706,13109
12330,13110
13704,13111
18001,13112
20097,13113
16711,13114
20266,13115
16880,13116
16648,13117
13590,13118
17625,13119
16667,13120
16599,13121
19517,13122
1742,13123
20156,13124
13663,13125
20280,13126
2757,13127
15434,13128
17769,13129
15435,13130
3008,13131
18599,13132
3436,13133
18874,13134
19718,13135
18301,13136
16750,13137
4224,13138
13007,13139
13785,13140
17745,13141
13773,13142
17775,13143
18328,13144
10530,13145
4784,13146
4818,13147
5864,13148
5743,13149
6044,13150
5150,13151
6171,13152
12256,13153
6244,13154
19232,13155
10374,13156
6247,13157
6526,13158
11642,13159
12450,13160
14163,13161
12440,13162
16604,13163
17183,13164
14258,13165
16595,13166
13080,13167
6025,13168
12324,13169
6550,13170
6671,13171
7176,13172
17583,13173
16999,13174
832,13175
5919,13176
6142,13177
13348,13178
2287,13179
8376,13180
8700,13181
7444,13182
8074,13183
9326,13184
12741,13185
4543,13186
4924,13187
5021,13188
521,13189
201,13190
5243,13191
9423,13192
8760,13193
11660,13194
19798,13195
6853,13196
4991,13197
4390,13198
3814,13199
1378,13200
11416,13201
12021,13202
6849,13203
7476,13204
944,13205
7603,13206
9616,13207
17470,13208
18678,13209
18078,13210
4318,13211
6327,13212
16791,13213
17040,13214
19691,13215
19539,13216
13047,13217
4612,13218
8049,13219
7417,13220
6054,13221
19285,13222
19880,13223
18588,13224
2630,13225
18845,13226
15931,13227
16517,13228
19610,13229
20198,13230
2373,13231
20032,13232
932,13233
16238,13234
3861,13235
20322,13236
12947,13237
17822,13238
2122,13239
4349,13240
5362,13241
18722,13242
19320,13243
8586,13244
15538,13245
17005,13246
16417,13247
13858,13248
8161,13249
15251,13250
17796,13251
16618,13252
5467,13253
14618,13254
6446,13255
5221,13256
907,13257
7094,13258
7723,13259
1438,13260
8211,13261
16061,13262
14797,13263
17236,13264
15386,13265
12474,13266
16008,13267
17465,13268
18903,13269
16162,13270
5763,13271
11409,13272
12013,13273
13808,13274
14403,13275
15161,13276
1564,13277
5155,13278
11410,13279
10136,13280
600,13281
269,13282
6175,13283
10692,13284
14363,13285
10409,13286
7255,13287
12956,13288
7883,13289
8116,13290
8018,13291
12916,13292
17437,13293
8516,13294
6010,13295
7867,13296
13122,13297
18302,13298
17927,13299
2202,13300
2906,13301
8713,13302
9335,13303
4413,13304
6250,13305
9563,13306
9311,13307
8061,13308
6183,13309
4307,13310
6814,13311
8723,13312
967,13313
8268,13314
9679,13315
18201,13316
12866,13317
9688,13318
9024,13319
16808,13320
7533,13321
13670,13322
12473,13323
13310,13324
12128,13325
14419,13326
18172,13327
18641,13328
18655,13329
1520,13330
18663,13331
4049,13332
4654,13333
19778,13334
5659,13335
15443,13336
11868,13337
13588,13338
14780,13339
13800,13340
10884,13341
13315,13342
14395,13343
16179,13344
17039,13345
18772,13346
18906,13347
19519,13348
17933,13349
14504,13350
1469,13351
2423,13352
2733,13353
1170,13354
3346,13355
17296,13356
3453,13357
4177,13358
17971,13359
1969,13360
11239,13361
12885,13362
18576,13363
4553,13364
4883,13365
15158,13366
4738,13367
5050,13368
11690,13369
15042,13370
10152,13371
11020,13372
13040,13373
17270,13374
2219,13375
5170,13376
1661,13377
17346,13378
5360,13379
1709,13380
5913,13381
11631,13382
11025,13383
5139,13384
3298,13385
1199,13386
13627,13387
20152,13388
14224,13389
12403,13390
11368,13391
18385,13392
11972,13393
11616,13394
6341,13395
3872,13396
11222,13397
17050,13398
6368,13399
10697,13400
2292,13401
6492,13402
6788,13403
7016,13404
13219,13405
7018,13406
6150,13407
10010,13408
6164,13409
7129,13410
7646,13411
7698,13412
7868,13413
13118,13414
7964,13415
11042,13416
11707,13417
12094,13418
825,13419
2474,13420
826,13421
10006,13422
8285,13423
6152,13424
8295,13425
6756,13426
831,13427
6558,13428
8609,13429
8654,13430
8658,13431
8702,13432
9251,13433
10864,13434
13308,13435
10048,13436
1486,13437
12606,13438
16249,13439
1686,13440
5840,13441
8130,13442
850,13443
2413,13444
2801,13445
8788,13446
9379,13447
3214,13448
4962,13449
618,13450
285,13451
8717,13452
16377,13453
835,13454
2454,13455
3089,13456
1182,13457
13834,13458
1971,13459
6219,13460
8100,13461
5546,13462
4945,13463
9264,13464
9648,13465
15309,13466
14719,13467
9692,13468
16513,13469
17098,13470
5700,13471
17955,13472
16471,13473
16937,13474
13870,13475
10175,13476
1000,13477
18096,13478
2081,13479
2031,13480
12520,13481
2266,13482
11241,13483
16016,13484
20224,13485
19590,13486
20169,13487
4111,13488
4396,13489
14238,13490
4838,13491
20093,13492
12443,13493
19812,13494
13212,13495
14550,13496
16388,13497
20175,13498
15419,13499
19577,13500
12509,13501
19522,13502
20118,13503
2884,13504
2249,13505
4547,13506
15112,13507
4355,13508
17075,13509
16894,13510
18658,13511
4855,13512
5164,13513
5332,13514
5456,13515
18801,13516
12257,13517
6684,13518
16316,13519
16839,13520
16902,13521
17487,13522
4999,13523
7096,13524
7640,13525
13816,13526
14047,13527
15703,13528
18705,13529
16934,13530
11459,13531
10215,13532
15276,13533
2441,13534
13134,13535
11721,13536
3906,13537
7939,13538
11507,13539
10903,13540
12929,13541
12321,13542
4511,13543
8310,13544
2411,13545
12867,13546
883,13547
19949,13548
19352,13549
6957,13550
9021,13551
5214,13552
892,13553
15634,13554
9256,13555
17578,13556
16928,13557
13986,13558
6353,13559
3890,13560
11529,13561
10242,13562
15327,13563
8114,13564
19120,13565
11116,13566
12939,13567
18038,13568
18638,13569
13964,13570
13364,13571
8272,13572
769,13573
17103,13574
2372,13575
6565,13576
8557,13577
2166,13578
1536,13579
11375,13580
8920,13581
3273,13582
13125,13583
15846,13584
18901,13585
17895,13586
12336,13587
11359,13588
12944,13589
13168,13590
13534,13591
14132,13592
9178,13593
19541,13594
18423,13595
17127,13596
4823,13597
17712,13598
18984,13599
7931,13600
8560,13601
10935,13602
11539,13603
9699,13604
10369,13605
6978,13606
18565,13607
10527,13608
11962,13609
15089,13610
16385,13611
16490,13612
17087,13613
17672,13614
4537,13615
4499,13616
14277,13617
17748,13618
14877,13619
17740,13620
11297,13621
17154,13622
16054,13623
11795,13624
14962,13625
16568,13626
14371,13627
18032,13628
18703,13629
19302,13630
19423,13631
19806,13632
11399,13633
10378,13634
11572,13635
15111,13636
15837,13637
17636,13638
16299,13639
18256,13640
2106,13641
3342,13642
10682,13643
3496,13644
3524,13645
18888,13646
4059,13647
4691,13648
4027,13649
3425,13650
12661,13651
2620,13652
4061,13653
5009,13654
5755,13655
3388,13656
6375,13657
16494,13658
1813,13659
6525,13660
5899,13661
3918,13662
4469,13663
14682,13664
1868,13665
6557,13666
7113,13667
6484,13668
7158,13669
7259,13670
12333,13671
3003,13672
12941,13673
17322,13674
17726,13675
16732,13676
16458,13677
1667,13678
7475,13679
7727,13680
18063,13681
18662,13682
12640,13683
17958,13684
2318,13685
2472,13686
6018,13687
7857,13688
8416,13689
8630,13690
16951,13691
3564,13692
5370,13693
8631,13694
2829,13695
9061,13696
8398,13697
919,13698
2823,13699
10850,13700
9191,13701
9225,13702
8307,13703
15878,13704
8329,13705
8957,13706
1146,13707
4145,13708
8991,13709
10325,13710
10537,13711
13399,13712
7718,13713
12106,13714
12714,13715
12040,13716
9655,13717
15250,13718
14659,13719
12064,13720
97,13721
9702,13722
9704,13723
19468,13724
5981,13725
9706,13726
6454,13727
9716,13728
9722,13729
9725,13730
10395,13731
7783,13732
7152,13733
10252,13734
9736,13735
9125,13736
7167,13737
5699,13738
6263,13739
2215,13740
5588,13741
14887,13742
11136,13743
14245,13744
11171,13745
15355,13746
10552,13747
8568,13748
13335,13749
19244,13750
11682,13751
14694,13752
16242,13753
6926,13754
1190,13755
4254,13756
11734,13757
12418,13758
9740,13759
9741,13760
795,13761
3868,13762
16071,13763
14969,13764
17500,13765
15741,13766
18616,13767
17614,13768
10521,13769
13459,13770
12852,13771
17102,13772
18777,13773
2870,13774
4278,13775
13913,13776
15120,13777
18176,13778
18547,13779
18854,13780
2309,13781
3361,13782
17687,13783
2399,13784
2235,13785
16883,13786
3417,13787
3971,13788
16227,13789
4024,13790
7817,13791
7946,13792
15736,13793
16967,13794
17485,13795
16900,13796
15656,13797
2039,13798
12837,13799
17858,13800
19330,13801
2813,13802
2178,13803
7626,13804
3300,13805
12719,13806
16412,13807
8490,13808
14445,13809
2594,13810
13066,13811
11386,13812
12381,13813
17609,13814
18600,13815
1133,13816
11704,13817
14564,13818
15522,13819
10994,13820
15857,13821
16466,13822
1691,13823
17101,13824
17420,13825
15312,13826
19142,13827
12742,13828
19220,13829
19308,13830
19946,13831
2324,13832
2798,13833
4154,13834
4365,13835
11600,13836
6522,13837
6549,13838
7045,13839
7175,13840
7288,13841
7674,13842
16825,13843
2638,13844
19656,13845
16749,13846
3391,13847
4556,13848
18246,13849
2405,13850
3640,13851
4717,13852
7108,13853
7116,13854
6487,13855
19190,13856
7700,13857
13449,13858
7789,13859
14630,13860
14035,13861
12652,13862
8641,13863
15581,13864
8856,13865
18447,13866
2288,13867
2571,13868
3947,13869
4565,13870
10418,13871
2380,13872
4103,13873
4269,13874
11111,13875
11549,13876
4606,13877
5779,13878
8313,13879
10372,13880
2393,13881
11487,13882
10046,13883
14576,13884
19911,13885
1629,13886
2200,13887
12219,13888
12826,13889
13289,13890
8989,13891
9008,13892
7055,13893
10274,13894
1410,13895
9057,13896
7198,13897
6572,13898
9445,13899
16674,13900
18946,13901
14259,13902
16006,13903
1098,13904
19547,13905
5451,13906
3550,13907
17638,13908
18229,13909
18830,13910
7622,13911
9550,13912
12011,13913
13382,13914
16157,13915
1901,13916
19208,13917
2410,13918
4723,13919
7765,13920
7134,13921
13854,13922
8115,13923
8820,13924
4707,13925
4975,13926
5575,13927
1217,13928
14940,13929
1030,13930
1666,13931
1421,13932
16203,13933
9654,13934
10324,13935
9658,13936
10328,13937
2718,13938
9749,13939
9750,13940
3757,13941
10882,13942
3041,13943
1791,13944
9751,13945
9753,13946
1017,13947
1652,13948
5732,13949
9545,13950
14394,13951
12579,13952
10967,13953
15175,13954
12033,13955
19756,13956
1681,13957
3529,13958
10797,13959
5141,13960
17349,13961
15594,13962
5863,13963
7088,13964
9450,13965
3783,13966
4387,13967
1738,13968
12871,13969
12263,13970
16818,13971
1357,13972
17818,13973
17369,13974
18905,13975
14305,13976
13558,13977
19495,13978
2528,13979
3164,13980
19808,13981
3234,13982
15478,13983
2855,13984
5440,13985
19092,13986
6259,13987
581,13988
251,13989
646,13990
312,13991
8182,13992
16123,13993
1972,13994
19699,13995
10809,13996
2220,13997
3837,13998
16105,13999
13939,14000
4427,14001
594,14002
263,14003
596,14004
265,14005
6305,14006
19041,14007
13339,14008
2588,14009
2657,14010
16086,14011
1945,14012
572,14013
243,14014
6299,14015
19663,14016
2017,14017
12633,14018
16646,14019
10808,14020
2911,14021
4430,14022
436,14023
123,14024
562,14025
234,14026
648,14027
314,14028
7246,14029
8806,14030
4064,14031
462,14032
146,14033
8974,14034
19001,14035
13982,14036
16032,14037
14366,14038
2210,14039
1578,14040
14456,14041
7029,14042
17561,14043
7199,14044
7527,14045
19051,14046
2773,14047
4233,14048
12730,14049
13337,14050
15067,14051
10212,14052
12840,14053
2363,14054
20257,14055
5706,14056
8368,14057
3572,14058
4175,14059
5131,14060
9478,14061
3706,14062
1883,14063
16015,14064
16324,14065
17001,14066
18310,14067
18416,14068
19020,14069
11852,14070
17137,14071
12446,14072
14200,14073
16134,14074
17621,14075
13476,14076
18384,14077
19570,14078
19019,14079
19624,14080
19816,14081
10054,14082
19838,14083
20135,14084
20163,14085
17232,14086
17785,14087
15509,14088
2295,14089
2998,14090
18987,14091
17211,14092
13019,14093
1094,14094
12286,14095
12894,14096
18861,14097
11715,14098
3604,14099
17851,14100
4105,14101
16074,14102
12385,14103
17431,14104
17835,14105
18842,14106
2960,14107
4217,14108
16723,14109
4292,14110
10343,14111
14621,14112
12223,14113
19237,14114
10902,14115
5107,14116
12025,14117
3447,14118
4720,14119
3323,14120
5206,14121
6081,14122
6513,14123
11626,14124
6623,14125
17164,14126
14913,14127
757,14128
14868,14129
1517,14130
17072,14131
18150,14132
18719,14133
2247,14134
4719,14135
17387,14136
8827,14137
19881,14138
3399,14139
4272,14140
15454,14141
16575,14142
14866,14143
11154,14144
16166,14145
19536,14146
5207,14147
8985,14148
13861,14149
3239,14150
19319,14151
6143,14152
11376,14153
10957,14154
11561,14155
16432,14156
8117,14157
12078,14158
17113,14159
13160,14160
3033,14161
13464,14162
18816,14163
4008,14164
5809,14165
7467,14166
17117,14167
9126,14168
8394,14169
7102,14170
13850,14171
9577,14172
9760,14173
16229,14174
2622,14175
12132,14176
14472,14177
10200,14178
11669,14179
16706,14180
13672,14181
10958,14182
17239,14183
16117,14184
11064,14185
11668,14186
18307,14187
11911,14188
18908,14189
19685,14190
20149,14191
19108,14192
17720,14193
11268,14194
18352,14195
20176,14196
17856,14197
17174,14198
18494,14199
12360,14200
13702,14201
15962,14202
15467,14203
18020,14204
18325,14205
20286,14206
17757,14207
1793,14208
2148,14209
2316,14210
16482,14211
17071,14212
3764,14213
16470,14214
14595,14215
5171,14216
1649,14217
2395,14218
2243,14219
2320,14220
4161,14221
6390,14222
12777,14223
6709,14224
10498,14225
13374,14226
8976,14227
18088,14228
4875,14229
16872,14230
5226,14231
4626,14232
7624,14233
9181,14234
13312,14235
13540,14236
20122,14237
2435,14238
3117,14239
15229,14240
13978,14241
14571,14242
19768,14243
10170,14244
12309,14245
16246,14246
6947,14247
10612,14248
12568,14249
1669,14250
16965,14251
14016,14252
19140,14253
7048,14254
6417,14255
10531,14256
7157,14257
7779,14258
17592,14259
5470,14260
18741,14261
18141,14262
8292,14263
17678,14264
6136,14265
1033,14266
14679,14267
8465,14268
18227,14269
17695,14270
18537,14271
15768,14272
16355,14273
17987,14274
3249,14275
12907,14276
13290,14277
2049,14278
10447,14279
3081,14280
4850,14281
9337,14282
4245,14283
16465,14284
15879,14285
13875,14286
1364,14287
4646,14288
9250,14289
2445,14290
11472,14291
13679,14292
12369,14293
4559,14294
17861,14295
12976,14296
17892,14297
15347,14298
6036,14299
7910,14300
2896,14301
2261,14302
10845,14303
9212,14304
9552,14305
14555,14306
8927,14307
9764,14308
9097,14309
7596,14310
9767,14311
14447,14312
5042,14313
1054,14314
3304,14315
9768,14316
4530,14317
9772,14318
5734,14319
2679,14320
7136,14321
7947,14322
6241,14323
1809,14324
17350,14325
3653,14326
9586,14327
3274,14328
15415,14329
16859,14330
10012,14331
20315,14332
2572,14333
6944,14334
15777,14335
5961,14336
15060,14337
2626,14338
14720,14339
9042,14340
12574,14341
15212,14342
9774,14343
6527,14344
13285,14345
9775,14346
978,14347
3334,14348
8889,14349
12715,14350
20027,14351
17118,14352
3621,14353
11821,14354
1085,14355
11481,14356
12107,14357
14788,14358
14910,14359
15358,14360
15852,14361
15949,14362
1651,14363
14351,14364
14688,14365
16455,14366
17203,14367
13725,14368
16535,14369
1721,14370
11327,14371
15951,14372
17253,14373
14192,14374
18380,14375
16722,14376
18632,14377
19045,14378
17188,14379
12448,14380
14795,14381
15384,14382
20022,14383
3647,14384
5258,14385
5459,14386
6839,14387
7253,14388
14768,14389
13081,14390
16553,14391
18354,14392
4251,14393
4856,14394
7457,14395
6834,14396
10009,14397
6837,14398
4377,14399
14997,14400
6830,14401
12004,14402
7627,14403
15821,14404
8142,14405
10026,14406
4381,14407
2533,14408
2531,14409
3047,14410
11396,14411
510,14412
191,14413
6809,14414
7493,14415
8123,14416
6880,14417
617,14418
284,14419
8311,14420
1128,14421
4089,14422
4741,14423
13539,14424
17677,14425
16234,14426
8324,14427
8458,14428
9121,14429
14054,14430
13457,14431
9130,14432
8467,14433
17456,14434
15697,14435
18572,14436
9367,14437
14674,14438
5839,14439
12189,14440
16217,14441
9606,14442
9783,14443
6533,14444
3309,14445
8199,14446
11889,14447
10292,14448
13424,14449
14021,14450
11980,14451
17095,14452
17404,14453
18339,14454
19297,14455
11562,14456
20309,14457
11493,14458
11397,14459
11589,14460
12963,14461
13698,14462
17428,14463
17463,14464
18312,14465
20296,14466
18913,14467
18925,14468
3857,14469
15244,14470
17119,14471
19008,14472
4306,14473
5232,14474
5246,14475
5372,14476
5746,14477
6026,14478
15107,14479
18539,14480
19461,14481
6467,14482
6483,14483
18734,14484
18134,14485
4514,14486
6780,14487
6998,14488
7290,14489
7354,14490
6439,14491
2258,14492
2893,14493
7546,14494
20305,14495
11749,14496
19642,14497
11145,14498
18977,14499
5900,14500
7286,14501
7914,14502
14034,14503
8414,14504
885,14505
13326,14506
12712,14507
13279,14508
7550,14509
14108,14510
19241,14511
10237,14512
10814,14513
1065,14514
18062,14515
18661,14516
3574,14517
4974,14518
14335,14519
8624,14520
15514,14521
9037,14522
9163,14523
4729,14524
16433,14525
9208,14526
16974,14527
16387,14528
7770,14529
5885,14530
9382,14531
7787,14532
9595,14533
6934,14534
12892,14535
10858,14536
19316,14537
3148,14538
7895,14539
8893,14540
15196,14541
16943,14542
17502,14543
4285,14544
11323,14545
6342,14546
6928,14547
2956,14548
20000,14549
5569,14550
12530,14551
7739,14552
8918,14553
2020,14554
13400,14555
1775,14556
17982,14557
18516,14558
4453,14559
4301,14560
7074,14561
13027,14562
17206,14563
16745,14564
7813,14565
15650,14566
9035,14567
9523,14568
18406,14569
11217,14570
11195,14571
15671,14572
14925,14573
1067,14574
20043,14575
20327,14576
13551,14577
4017,14578
12038,14579
3839,14580
14521,14581
15444,14582
11156,14583
11276,14584
11760,14585
1091,14586
14755,14587
13135,14588
14769,14589
13740,14590
1596,14591
16560,14592
16734,14593
17115,14594
18893,14595
19009,14596
12986,14597
12987,14598
14857,14599
18347,14600
11882,14601
18718,14602
18932,14603
11279,14604
17157,14605
12576,14606
19518,14607
16145,14608
19598,14609
19119,14610
14149,14611
1703,14612
20146,14613
11975,14614
4050,14615
4792,14616
5393,14617
1062,14618
13772,14619
10399,14620
5397,14621
7267,14622
4796,14623
15778,14624
7466,14625
8961,14626
9155,14627
957,14628
1592,14629
9668,14630
10338,14631
19935,14632
10992,14633
19173,14634
9787,14635
9788,14636
9792,14637
6539,14638
12670,14639
4492,14640
12875,14641
3630,14642
19735,14643
11077,14644
12897,14645
18023,14646
15165,14647
2495,14648
14074,14649
13456,14650
14053,14651
16219,14652
10159,14653
11638,14654
5146,14655
5914,14656
5915,14657
5985,14658
11250,14659
11166,14660
1462,14661
18000,14662
10462,14663
10589,14664
17478,14665
10311,14666
15128,14667
19017,14668
20059,14669
3109,14670
11574,14671
3430,14672
3614,14673
5377,14674
6536,14675
6618,14676
19593,14677
13189,14678
5417,14679
12584,14680
1530,14681
7139,14682
15867,14683
7437,14684
7766,14685
7811,14686
17691,14687
15935,14688
5130,14689
8736,14690
15515,14691
17694,14692
893,14693
8938,14694
2677,14695
12175,14696
14145,14697
16803,14698
18405,14699
19311,14700
8164,14701
11032,14702
3923,14703
8971,14704
11400,14705
8350,14706
9174,14707
927,14708
948,14709
17520,14710
9625,14711
13224,14712
4032,14713
9709,14714
10379,14715
10257,14716
2662,14717
1492,14718
2756,14719
4400,14720
13149,14721
20080,14722
5730,14723
5095,14724
12723,14725
15912,14726
15218,14727
10437,14728
6149,14729
11940,14730
18286,14731
17109,14732
17551,14733
12811,14734
1510,14735
2139,14736
10255,14737
18562,14738
15235,14739
15474,14740
12344,14741
14885,14742
14160,14743
10541,14744
14766,14745
7188,14746
7214,14747
7937,14748
5174,14749
19847,14750
17904,14751
7212,14752
7842,14753
1832,14754
9789,14755
9793,14756
9799,14757
10469,14758
2131,14759
1502,14760
9814,14761
2712,14762
15623,14763
11205,14764
11202,14765
17522,14766
15758,14767
16345,14768
1784,14769
18831,14770
9603,14771
1409,14772
13954,14773
15753,14774
19047,14775
2819,14776
14672,14777
4046,14778
5385,14779
1055,14780
19788,14781
4459,14782
5178,14783
16828,14784
6773,14785
20238,14786
15978,14787
19640,14788
14197,14789
16149,14790
18375,14791
17914,14792
18184,14793
2278,14794
9535,14795
16962,14796
5897,14797
8003,14798
4831,14799
9622,14800
15511,14801
1156,14802
9746,14803
10262,14804
4487,14805
10373,14806
10446,14807
10985,14808
2127,14809
13345,14810
2067,14811
3873,14812
15848,14813
7840,14814
13282,14815
3288,14816
4191,14817
9236,14818
6622,14819
18330,14820
14822,14821
13002,14822
14375,14823
20181,14824
13779,14825
3406,14826
12159,14827
19915,14828
9815,14829
15657,14830
9816,14831
3916,14832
9823,14833
20004,14834
19408,14835
5714,14836
1382,14837
4582,14838
8247,14839
9825,14840
9159,14841
9826,14842
15900,14843
9827,14844
10497,14845
9829,14846
7807,14847
9831,14848
2931,14849
9846,14850
2980,14851
10895,14852
11499,14853
1031,14854
9853,14855
9619,14856
7382,14857
8380,14858
8452,14859
19875,14860
19280,14861
8246,14862
9855,14863
11106,14864
15319,14865
19977,14866
19381,14867
10861,14868
9863,14869
18135,14870
10878,14871
12932,14872
18255,14873
15551,14874
10376,14875
12757,14876
18109,14877
18709,14878
2438,14879
12790,14880
3386,14881
12686,14882
20348,14883
11098,14884
13484,14885
3473,14886
12689,14887
19436,14888
3518,14889
3943,14890
10937,14891
3745,14892
4652,14893
12569,14894
5249,14895
5827,14896
3443,14897
6586,14898
7853,14899
16160,14900
2759,14901
4041,14902
5865,14903
6491,14904
8393,14905
3942,14906
12747,14907
14025,14908
4853,14909
4886,14910
14508,14911
18605,14912
15713,14913
2231,14914
4604,14915
5331,14916
5371,14917
4585,14918
3979,14919
5781,14920
5923,14921
7339,14922
7763,14923
7132,14924
15827,14925
9030,14926
2929,14927
1025,14928
3927,14929
2655,14930
3709,14931
10767,14932
11288,14933
16353,14934
5149,14935
17357,14936
5424,14937
8406,14938
10405,14939
9258,14940
1484,14941
15698,14942
17421,14943
13211,14944
15253,14945
17563,14946
19301,14947
19333,14948
2124,14949
2828,14950
5850,14951
6415,14952
17680,14953
15923,14954
7734,14955
17973,14956
7531,14957
12289,14958
4013,14959
4520,14960
3866,14961
4102,14962
2072,14963
3271,14964
15812,14965
2362,14966
2162,14967
4610,14968
6121,14969
14840,14970
19492,14971
15428,14972
12376,14973
11987,14974
18963,14975
11383,14976
19277,14977
18677,14978
15311,14979
6556,14980
7065,14981
15202,14982
8597,14983
3439,14984
4593,14985
5192,14986
925,14987
10392,14988
6326,14989
17956,14990
10061,14991
1697,14992
2997,14993
18967,14994
19018,14995
11799,14996
16614,14997
13755,14998
17909,14999
3539,15000
4142,15001
11607,15002
14617,15003
13859,15004
9261,15005
3968,15006
2151,15007
2785,15008
1426,15009
3862,15010
15574,15011
3383,15012
6000,15013
18304,15014
15455,15015
12350,15016
13585,15017
14352,15018
1736,15019
4130,15020
11674,15021
16428,15022
15842,15023
19771,15024
8179,15025
18070,15026
4328,15027
9580,15028
3267,15029
11837,15030
16341,15031
15754,15032
16701,15033
15970,15034
11908,15035
16557,15036
16887,15037
16906,15038
12491,15039
11473,15040
12784,15041
17710,15042
11212,15043
18788,15044
18188,15045
18976,15046
18983,15047
17802,15048
13016,15049
12535,15050
19100,15051
19293,15052
19513,15053
19537,15054
16052,15055
16611,15056
13137,15057
18937,15058
14905,15059
19585,15060
14907,15061
20008,15062
20160,15063
14317,15064
20196,15065
11931,15066
20307,15067
3026,15068
15222,15069
12218,15070
3064,15071
12577,15072
4149,15073
4156,15074
5849,15075
5984,15076
19707,15077
12358,15078
16621,15079
20199,15080
1105,15081
5993,15082
14749,15083
6475,15084
7156,15085
800,15086
2014,15087
19711,15088
1317,15089
5223,15090
10968,15091
15070,15092
667,15093
327,15094
8191,15095
5499,15096
11910,15097
11141,15098
13778,15099
13385,15100
13984,15101
16998,15102
5925,15103
6335,15104
10199,15105
5835,15106
16161,15107
8221,15108
11072,15109
13260,15110
19701,15111
11475,15112
3796,15113
4445,15114
13333,15115
18122,15116
19094,15117
18921,15118
16097,15119
20063,15120
19467,15121
1002,15122
1637,15123
20301,15124
19520,15125
2988,15126
17864,15127
12975,15128
3000,15129
3952,15130
5296,15131
15550,15132
6138,15133
16489,15134
7243,15135
11191,15136
14228,15137
11796,15138
11215,15139
11196,15140
18456,15141
14789,15142
7942,15143
8317,15144
14634,15145
18168,15146
8351,15147
8527,15148
904,15149
16163,15150
8395,15151
9058,15152
8929,15153
2667,15154
1664,15155
9076,15156
9077,15157
13272,15158
9113,15159
11008,15160
11614,15161
9350,15162
9213,15163
9591,15164
5085,15165
18422,15166
12401,15167
18679,15168
19630,15169
14204,15170
4820,15171
17204,15172
3617,15173
11798,15174
13324,15175
11395,15176
13377,15177
17866,15178
15985,15179
18483,15180
15675,15181
14727,15182
19533,15183
13791,15184
12102,15185
14386,15186
15125,15187
19923,15188
3151,15189
13974,15190
19430,15191
16472,15192
4167,15193
19273,15194
7643,15195
18116,15196
7363,15197
14539,15198
15866,15199
15269,15200
7605,15201
5675,15202
5318,15203
844,15204
10604,15205
16930,15206
7767,15207
12108,15208
12716,15209
10245,15210
949,15211
2851,15212
9538,15213
8319,15214
3931,15215
3282,15216
16514,15217
2943,15218
18219,15219
17926,15220
4197,15221
7111,15222
14006,15223
7607,15224
4479,15225
3039,15226
5918,15227
8553,15228
10976,15229
12794,15230
1437,15231
7559,15232
10018,15233
18094,15234
2404,15235
12098,15236
19040,15237
12587,15238
18974,15239
2723,15240
16655,15241
16697,15242
18369,15243
6664,15244
7285,15245
2886,15246
2251,15247
10234,15248
9476,15249
15469,15250
15974,15251
13782,15252
16108,15253
13580,15254
14378,15255
16912,15256
17498,15257
18692,15258
807,15259
17377,15260
14552,15261
811,15262
15624,15263
16292,15264
4275,15265
1531,15266
7619,15267
6936,15268
15794,15269
17386,15270
8390,15271
14691,15272
851,15273
20064,15274
3669,15275
8826,15276
5571,15277
8780,15278
8119,15279
9206,15280
9321,15281
12854,15282
15277,15283
15868,15284
9608,15285
17000,15286
6803,15287
11534,15288
19864,15289
19269,15290
3321,15291
9643,15292
966,15293
5279,15294
14464,15295
4451,15296
19317,15297
16820,15298
9664,15299
15632,15300
9491,15301
10352,15302
13389,15303
2289,15304
5381,15305
1053,15306
14484,15307
6630,15308
12205,15309
15972,15310
12495,15311
16576,15312
17731,15313
6066,15314
6510,15315
5884,15316
6690,15317
16871,15318
16285,15319
4080,15320
2237,15321
5733,15322
3294,15323
7952,15324
13751,15325
17566,15326
2321,15327
3165,15328
18014,15329
17931,15330
6799,15331
8512,15332
12644,15333
8153,15334
14070,15335
1815,15336
2919,15337
6090,15338
6715,15339
9672,15340
3989,15341
3387,15342
3329,15343
969,15344
7143,15345
12236,15346
12843,15347
13263,15348
7529,15349
4902,15350
9734,15351
14467,15352
9508,15353
15805,15354
11299,15355
11470,15356
15003,15357
15916,15358
1693,15359
17738,15360
14879,15361
19904,15362
18142,15363
18742,15364
13286,15365
5102,15366
7145,15367
9010,15368
19255,15369
19850,15370
12676,15371
9132,15372
1710,15373
9135,15374
15652,15375
4463,15376
14066,15377
14082,15378
1528,15379
17269,15380
6456,15381
5830,15382
13268,15383
1340,15384
17495,15385
6827,15386
14268,15387
16587,15388
7251,15389
18929,15390
17320,15391
19528,15392
16730,15393
18840,15394
18239,15395
11095,15396
11699,15397
15045,15398
9657,15399
19907,15400
9864,15401
19936,15402
19339,15403
5710,15404
737,15405
11245,15406
10966,15407
12456,15408
7657,15409
2701,15410
8869,15411
9869,15412
2186,15413
9873,15414
2808,15415
1512,15416
4591,15417
15655,15418
9874,15419
9693,15420
10363,15421
14118,15422
13520,15423
2059,15424
9876,15425
13966,15426
14559,15427
1012,15428
9886,15429
12110,15430
15696,15431
2103,15432
10035,15433
9372,15434
6110,15435
2573,15436
8847,15437
10428,15438
13483,15439
4326,15440
17331,15441
19376,15442
19973,15443
5740,15444
4964,15445
4928,15446
5530,15447
5619,15448
711,15449
2863,15450
836,15451
989,15452
13767,15453
9748,15454
1589,15455
2890,15456
2255,15457
13874,15458
9891,15459
9718,15460
2564,15461
15664,15462
7956,15463
6735,15464
9893,15465
9894,15466
5306,15467
7059,15468
18083,15469
16225,15470
9506,15471
10557,15472
16350,15473
17077,15474
17511,15475
19007,15476
3333,15477
9902,15478
9904,15479
3145,15480
13063,15481
14249,15482
14699,15483
16971,15484
20014,15485
5358,15486
16911,15487
16325,15488
843,15489
7360,15490
3996,15491
3396,15492
17481,15493
18578,15494
6905,15495
10951,15496
11850,15497
12991,15498
13547,15499
13654,15500
12384,15501
13595,15502
11827,15503
12366,15504
14247,15505
14678,15506
11232,15507
14774,15508
15497,15509
15677,15510
15956,15511
15973,15512
16024,15513
13721,15514
16663,15515
18373,15516
18412,15517
19445,15518
19505,15519
12436,15520
16017,15521
15495,15522
18329,15523
12536,15524
19660,15525
20260,15526
11775,15527
12415,15528
18395,15529
2356,15530
16638,15531
18344,15532
14906,15533
3472,15534
4602,15535
5507,15536
16142,15537
20010,15538
5353,15539
12642,15540
19160,15541
1331,15542
10919,15543
18428,15544
19826,15545
3198,15546
20235,15547
11184,15548
12561,15549
18257,15550
16375,15551
16961,15552
17392,15553
3830,15554
3849,15555
3408,15556
616,15557
283,15558
7147,15559
7323,15560
11513,15561
12769,15562
15137,15563
15245,15564
14654,15565
15255,15566
14665,15567
2839,15568
2204,15569
14469,15570
7691,15571
7870,15572
20186,15573
14316,15574
12936,15575
6615,15576
13723,15577
8964,15578
3157,15579
8746,15580
4352,15581
3748,15582
14080,15583
15096,15584
17531,15585
4952,15586
1304,15587
2459,15588
367,15589
59,15590
7980,15591
16415,15592
10294,15593
7999,15594
10613,15595
3777,15596
9195,15597
18869,15598
18268,15599
1013,15600
19983,15601
9821,15602
10491,15603
9906,15604
10933,15605
2539,15606
16258,15607
15782,15608
3545,15609
3596,15610
12555,15611
16523,15612
7316,15613
12789,15614
12793,15615
12857,15616
13396,15617
13404,15618
14061,15619
1864,15620
19827,15621
18215,15622
20077,15623
20075,15624
16924,15625
5386,15626
7069,15627
4614,15628
7119,15629
19346,15630
18884,15631
8379,15632
4198,15633
17108,15634
6322,15635
353,15636
47,15637
9909,15638
9916,15639
9920,15640
5604,15641
5013,15642
5612,15643
3116,15644
5514,15645
4424,15646
419,15647
107,15648
4936,15649
10058,15650
9415,15651
8752,15652
8711,15653
10706,15654
10663,15655
9922,15656
5952,15657
19368,15658
16411,15659
9924,15660
10135,15661
554,15662
228,15663
8071,15664
10652,15665
9932,15666
18128,15667
13477,15668
15259,15669
3929,15670
9937,15671
9279,15672
12610,15673
9925,15674
3704,15675
5518,15676
9334,15677
1237,15678
5570,15679
2579,15680
3770,15681
10713,15682
532,15683
210,15684
6808,15685
6711,15686
6246,15687
10793,15688
10657,15689
14999,15690
4930,15691
7508,15692
639,15693
305,15694
9939,15695
994,15696
19176,15697
9510,15698
13188,15699
11370,15700
12697,15701
12862,15702
3161,15703
3511,15704
2314,15705
9944,15706
5558,15707
3177,15708
2541,15709
3079,15710
5624,15711
3124,15712
3751,15713
6101,15714
670,15715
330,15716
6860,15717
6235,15718
8095,15719
9272,15720
9946,15721
6217,15722
10759,15723
13815,15724
6543,15725
995,15726
1630,15727
14723,15728
14129,15729
5113,15730
8859,15731
13386,15732
9950,15733
2107,15734
10617,15735
14675,15736
2794,15737
12924,15738
9957,15739
9296,15740
10805,15741
536,15742
214,15743
9958,15744
16133,15745
16537,15746
17120,15747
2811,15748
2176,15749
963,15750
9960,15751
997,15752
18196,15753
18796,15754
10256,15755
758,15756
12806,15757
5110,15758
7528,15759
17454,15760
18034,15761
1100,15762
18208,15763
18809,15764
1737,15765
14079,15766
13481,15767
20233,15768
11273,15769
16022,15770
16668,15771
16011,15772
18348,15773
19684,15774
18951,15775
10705,15776
5181,15777
6404,15778
18179,15779
14946,15780
7816,15781
8309,15782
13803,15783
18044,15784
8710,15785
3941,15786
10972,15787
9015,15788
5341,15789
13550,15790
15535,15791
2901,15792
7270,15793
16985,15794
17569,15795
19228,15796
18630,15797
19375,15798
18776,15799
11635,15800
14645,15801
19463,15802
13543,15803
19851,15804
3533,15805
4656,15806
5255,15807
2189,15808
2824,15809
12655,15810
5294,15811
3488,15812
12052,15813
5339,15814
5970,15815
6597,15816
7067,15817
7534,15818
5275,15819
2693,15820
7803,15821
10843,15822
2621,15823
16307,15824
4539,15825
7577,15826
17671,15827
3131,15828
11378,15829
8017,15830
4872,15831
2183,15832
18688,15833
19782,15834
8852,15835
14646,15836
3042,15837
7387,15838
18621,15839
18490,15840
10544,15841
11537,15842
19272,15843
11456,15844
8194,15845
1491,15846
15418,15847
12299,15848
13092,15849
12362,15850
16838,15851
10507,15852
2916,15853
14655,15854
6529,15855
10247,15856
8547,15857
8951,15858
19093,15859
14269,15860
18922,15861
19548,15862
7917,15863
12212,15864
12819,15865
17393,15866
9316,15867
5158,15868
10644,15869
6441,15870
5179,15871
4579,15872
7223,15873
906,15874
14031,15875
7121,15876
9373,15877
5204,15878
922,15879
14597,15880
9877,15881
9974,15882
6114,15883
8759,15884
9422,15885
5176,15886
9984,15887
10651,15888
15173,15889
6373,15890
7352,15891
4900,15892
12639,15893
588,15894
258,15895
8668,15896
5620,15897
456,15898
141,15899
8739,15900
7435,15901
4701,15902
10281,15903
1898,15904
14421,15905
13826,15906
3209,15907
707,15908
3762,15909
4366,15910
2434,15911
3070,15912
7396,15913
8026,15914
3080,15915
5482,15916
9985,15917
4395,15918
4996,15919
10077,15920
9410,15921
8742,15922
7373,15923
8802,15924
497,15925
181,15926
9986,15927
4870,15928
20113,15929
11204,15930
18998,15931
6468,15932
6863,15933
14492,15934
14908,15935
10118,15936
9715,15937
10824,15938
3231,15939
11681,15940
13516,15941
14896,15942
10528,15943
12766,15944
12158,15945
7608,15946
3881,15947
4737,15948
6590,15949
10244,15950
4465,15951
12778,15952
16390,15953
15802,15954
6474,15955
16823,15956
2633,15957
11641,15958
11448,15959
1348,15960
14306,15961
12570,15962
12945,15963
11298,15964
16845,15965
12910,15966
17009,15967
18056,15968
18207,15969
18613,15970
17568,15971
19932,15972
2424,15973
13529,15974
16478,15975
12242,15976
2530,15977
18052,15978
4085,15979
2065,15980
4146,15981
4749,15982
6070,15983
15466,15984
17153,15985
14878,15986
17739,15987
6384,15988
3060,15989
6394,15990
4282,15991
11023,15992
6601,15993
7146,15994
7701,15995
3409,15996
7805,15997
13927,15998
7880,15999
15980,16000
13183,16001
19527,16002
12578,16003
8237,16004
9175,16005
14212,16006
13021,16007
5565,16008
13907,16009
19121,16010
8015,16011
9537,16012
13699,16013
9710,16014
7618,16015
4495,16016
17655,16017
2073,16018
754,16019
1808,16020
13729,16021
2981,16022
856,16023
4048,16024
8734,16025
14914,16026
1079,16027
9721,16028
10391,16029
3500,16030
12253,16031
9801,16032
9805,16033
19229,16034
13329,16035
9861,16036
10924,16037
12701,16038
12196,16039
14496,16040
16190,16041
19739,16042
1657,16043
17593,16044
16421,16045
17336,16046
2496,16047
11506,16048
18685,16049
18085,16050
4231,16051
13578,16052
12594,16053
4672,16054
4067,16055
5759,16056
5950,16057
4728,16058
5327,16059
5739,16060
5696,16061
4739,16062
5986,16063
6568,16064
5392,16065
6728,16066
5794,16067
6872,16068
12542,16069
2347,16070
7011,16071
1154,16072
12203,16073
13503,16074
19405,16075
18805,16076
7784,16077
12856,16078
7844,16079
5962,16080
8444,16081
9732,16082
16528,16083
10279,16084
9357,16085
8685,16086
6812,16087
1848,16088
11650,16089
2136,16090
19206,16091
8732,16092
1940,16093
3765,16094
576,16095
247,16096
8583,16097
4026,16098
9632,16099
7978,16100
13230,16101
3778,16102
6876,16103
5681,16104
12625,16105
8103,16106
7473,16107
9758,16108
18583,16109
8183,16110
13215,16111
11343,16112
1708,16113
17697,16114
9647,16115
10253,16116
9669,16117
6419,16118
12151,16119
18680,16120
6338,16121
2644,16122
12928,16123
13625,16124
1429,16125
4467,16126
15247,16127
17859,16128
14814,16129
16555,16130
17271,16131
15968,16132
13763,16133
16584,16134
14358,16135
12237,16136
11632,16137
11552,16138
20191,16139
14222,16140
18386,16141
18454,16142
11773,16143
1108,16144
14791,16145
1745,16146
12198,16147
15788,16148
12227,16149
15819,16150
5963,16151
6478,16152
4253,16153
2892,16154
2257,16155
11979,16156
11564,16157
12172,16158
1857,16159
15091,16160
1221,16161
14572,16162
7601,16163
4472,16164
15249,16165
5722,16166
17968,16167
12303,16168
793,16169
2643,16170
11813,16171
17503,16172
16153,16173
12848,16174
12241,16175
18714,16176
18114,16177
9040,16178
2083,16179
934,16180
18580,16181
5655,16182
12156,16183
13024,16184
14120,16185
17399,16186
10184,16187
12749,16188
18404,16189
19599,16190
13777,16191
15755,16192
16342,16193
5775,16194
2080,16195
2666,16196
17798,16197
4625,16198
12593,16199
1495,16200
5818,16201
6649,16202
2333,16203
2967,16204
7310,16205
14529,16206
13936,16207
7815,16208
8481,16209
9381,16210
10564,16211
5015,16212
5614,16213
5513,16214
9644,16215
15141,16216
14549,16217
11436,16218
2603,16219
10685,16220
12711,16221
14458,16222
17840,16223
12379,16224
18057,16225
19734,16226
4162,16227
15093,16228
1582,16229
16365,16230
3448,16231
5471,16232
700,16233
12176,16234
12045,16235
18724,16236
4169,16237
6273,16238
10607,16239
11835,16240
15884,16241
19580,16242
16139,16243
14701,16244
16269,16245
2883,16246
3353,16247
1782,16248
17666,16249
3531,16250
18036,16251
18636,16252
3919,16253
10202,16254
19705,16255
11255,16256
20111,16257
2365,16258
13008,16259
19515,16260
3651,16261
4132,16262
19830,16263
5464,16264
3485,16265
6436,16266
7054,16267
7408,16268
4722,16269
4869,16270
5236,16271
2377,16272
7714,16273
3012,16274
5356,16275
3549,16276
12557,16277
7730,16278
5846,16279
10084,16280
7756,16281
8536,16282
8601,16283
12273,16284
16843,16285
15303,16286
1805,16287
18030,16288
19360,16289
18762,16290
12677,16291
2256,16292
17530,16293
3442,16294
4731,16295
7579,16296
2869,16297
5374,16298
5906,16299
18271,16300
20066,16301
5116,16302
7631,16303
16381,16304
4342,16305
12222,16306
10956,16307
19890,16308
16214,16309
8198,16310
18817,16311
6103,16312
3624,16313
19532,16314
15431,16315
13593,16316
18933,16317
4259,16318
4865,16319
12822,16320
12215,16321
20030,16322
19434,16323
2078,16324
16799,16325
7491,16326
13115,16327
18316,16328
13025,16329
12413,16330
3192,16331
12688,16332
13357,16333
18518,16334
12271,16335
2344,16336
5601,16337
18288,16338
14594,16339
7234,16340
7584,16341
393,16342
81,16343
8290,16344
12839,16345
1797,16346
16512,16347
10387,16348
8358,16349
10354,16350
6351,16351
896,16352
804,16353
8212,16354
10512,16355
12133,16356
19927,16357
7098,16358
6469,16359
12066,16360
10216,16361
11621,16362
15213,16363
5502,16364
8522,16365
12357,16366
9068,16367
8267,16368
764,16369
10433,16370
13203,16371
17515,16372
3634,16373
12942,16374
18536,16375
11587,16376
13297,16377
16929,16378
20044,16379
2827,16380
3351,16381
4037,16382
6076,16383
10868,16384
12080,16385
13460,16386
14522,16387
16290,16388
16493,16389
2750,16390
16322,16391
3689,16392
20023,16393
19396,16394
18797,16395
15050,16396
4884,16397
12245,16398
15920,16399
17591,16400
5787,16401
6400,16402
6406,16403
6490,16404
5313,16405
4714,16406
6515,16407
14627,16408
19184,16409
6566,16410
5939,16411
6754,16412
6856,16413
12753,16414
5285,16415
4686,16416
16233,16417
10188,16418
10400,16419
10559,16420
6980,16421
7148,16422
13416,16423
8571,16424
9104,16425
4091,16426
9134,16427
18867,16428
18266,16429
4526,16430
9196,16431
15928,16432
17684,16433
14339,16434
17105,16435
18872,16436
2473,16437
2728,16438
1196,16439
14717,16440
2690,16441
1359,16442
13458,16443
2563,16444
3199,16445
4401,16446
6824,16447
6199,16448
6775,16449
6962,16450
2596,16451
7398,16452
9231,16453
16863,16454
17448,16455
9245,16456
15734,16457
1574,16458
19207,16459
18233,16460
1903,16461
15904,16462
1003,16463
4775,16464
4165,16465
3562,16466
5114,16467
5317,16468
8327,16469
8937,16470
4500,16471
19349,16472
8715,16473
1539,16474
11206,16475
19602,16476
9295,16477
6838,16478
10089,16479
10758,16480
8091,16481
6212,16482
6123,16483
10073,16484
1907,16485
14430,16486
611,16487
279,16488
6769,16489
5506,16490
7996,16491
1261,16492
3170,16493
8443,16494
14653,16495
10852,16496
2676,16497
12484,16498
12760,16499
20148,16500
13143,16501
4204,16502
5726,16503
4490,16504
14400,16505
15164,16506
15410,16507
13006,16508
14915,16509
5778,16510
5862,16511
15759,16512
15894,16513
19894,16514
10545,16515
7664,16516
18892,16517
19809,16518
792,16519
5666,16520
10453,16521
11655,16522
19070,16523
6617,16524
11945,16525
8607,16526
9268,16527
12882,16528
12898,16529
13035,16530
1568,16531
17667,16532
17082,16533
20130,16534
12428,16535
11800,16536
15367,16537
18514,16538
19117,16539
11727,16540
11879,16541
2057,16542
2722,16543
10044,16544
5590,16545
6414,16546
5788,16547
3911,16548
8125,16549
8312,16550
8438,16551
7802,16552
7171,16553
8786,16554
5002,16555
5602,16556
8769,16557
5615,16558
4498,16559
1172,16560
10720,16561
8701,16562
8724,16563
1518,16564
10440,16565
11468,16566
13421,16567
14037,16568
14502,16569
14505,16570
1463,16571
1252,16572
17422,16573
1280,16574
1888,16575
11480,16576
1479,16577
11598,16578
16835,16579
10490,16580
15568,16581
17546,16582
18844,16583
19252,16584
19815,16585
10059,16586
3057,16587
15226,16588
16441,16589
3744,16590
1134,16591
5935,16592
15667,16593
15678,16594
10060,16595
1176,16596
16264,16597
2097,16598
6379,16599
10745,16600
5572,16601
19011,16602
12367,16603
17719,16604
12551,16605
19597,16606
19123,16607
3344,16608
10484,16609
3703,16610
15748,16611
13397,16612
15179,16613
15072,16614
17092,16615
4502,16616
12485,16617
20147,16618
12546,16619
6387,16620
3090,16621
3178,16622
7002,16623
10022,16624
7042,16625
19767,16626
7126,16627
7265,16628
18879,16629
3462,16630
7312,16631
7843,16632
11664,16633
12270,16634
12032,16635
18557,16636
16320,16637
7447,16638
10782,16639
7993,16640
13221,16641
14342,16642
1039,16643
15129,16644
18261,16645
18832,16646
2879,16647
7043,16648
8029,16649
6147,16650
17444,16651
18019,16652
11929,16653
4885,16654
8072,16655
16778,16656
11300,16657
14158,16658
10518,16659
18021,16660
19839,16661
4205,16662
12538,16663
4782,16664
7329,16665
18003,16666
1010,16667
13790,16668
17540,16669
19814,16670
4596,16671
5831,16672
8083,16673
7453,16674
17266,16675
12962,16676
11358,16677
14754,16678
11385,16679
20151,16680
19737,16681
2983,16682
11367,16683
5989,16684
15556,16685
6610,16686
19742,16687
8173,16688
15832,16689
19080,16690
8293,16691
3189,16692
17948,16693
19260,16694
12681,16695
8386,16696
8434,16697
8499,16698
1522,16699
8755,16700
6462,16701
8764,16702
3716,16703
10293,16704
13227,16705
17805,16706
11764,16707
11802,16708
11971,16709
17130,16710
17772,16711
11379,16712
20342,16713
2117,16714
3036,16715
7021,16716
4969,16717
7284,16718
7806,16719
8770,16720
8781,16721
6060,16722
15728,16723
19862,16724
10269,16725
8966,16726
9269,16727
3104,16728
1192,16729
13165,16730
10384,16731
17062,16732
17647,16733
15532,16734
18862,16735
19460,16736
2244,16737
18749,16738
11983,16739
2942,16740
3547,16741
5777,16742
6403,16743
12590,16744
6412,16745
5786,16746
12572,16747
7771,16748
7140,16749
14935,16750
7912,16751
8550,16752
9271,16753
12767,16754
14024,16755
19327,16756
19344,16757
3507,16758
2903,16759
9317,16760
2549,16761
10749,16762
5625,16763
451,16764
136,16765
9348,16766
12754,16767
19329,16768
3513,16769
11569,16770
5326,16771
939,16772
14730,16773
11712,16774
4512,16775
6287,16776
15256,16777
4230,16778
15363,16779
15504,16780
8462,16781
9417,16782
13904,16783
8754,16784
4305,16785
10642,16786
9440,16787
4404,16788
1200,16789
3103,16790
2468,16791
8753,16792
9416,16793
10610,16794
18552,16795
3807,16796
3084,16797
16173,16798
464,16799
148,16800
9562,16801
12786,16802
15248,16803
18597,16804
1415,16805
18768,16806
2976,16807
5342,16808
2708,16809
5079,16810
13331,16811
8497,16812
8262,16813
16209,16814
13987,16815
14610,16816
3921,16817
10205,16818
16696,16819
3241,16820
12761,16821
17244,16822
18920,16823
17830,16824
11751,16825
11964,16826
14796,16827
11361,16828
16492,16829
17081,16830
13890,16831
1418,16832
19620,16833
19970,16834
4532,16835
1394,16836
16102,16837
17379,16838
13069,16839
11150,16840
11252,16841
11754,16842
1591,16843
18359,16844
6198,16845
6823,16846
6371,16847
6782,16848
4383,16849
4984,16850
1801,16851
6765,16852
3062,16853
1145,16854
3675,16855
7434,16856
6811,16857
1008,16858
1028,16859
10341,16860
10365,16861
1038,16862
10474,16863
10492,16864
10508,16865
10904,16866
10487,16867
1019,16868
10959,16869
10975,16870
10979,16871
10998,16872
11031,16873
11076,16874
11091,16875
11269,16876
11158,16877
11496,16878
11516,16879
11558,16880
11582,16881
11622,16882
11688,16883
12229,16884
12259,16885
11653,16886
12298,16887
12759,16888
12836,16889
12864,16890
12872,16891
12890,16892
12901,16893
12906,16894
12982,16895
13340,16896
13352,16897
13371,16898
13467,16899
13478,16900
13629,16901
11192,16902
12375,16903
13684,16904
14010,16905
14084,16906
14096,16907
13443,16908
14040,16909
14134,16910
14154,16911
11266,16912
14523,16913
14527,16914
14569,16915
14580,16916
13359,16917
13959,16918
14584,16919
14599,16920
14642,16921
14660,16922
14692,16923
14695,16924
10488,16925
14697,16926
14739,16927
11627,16928
11021,16929
14763,16930
1504,16931
15134,16932
14542,16933
1514,16934
15258,16935
15285,16936
15295,16937
15307,16938
15308,16939
11100,16940
15352,16941
15536,16942
15633,16943
10161,16944
12844,16945
1569,16946
15266,16947
11059,16948
15724,16949
15738,16950
15814,16951
15873,16952
15876,16953
15993,16954
14851,16955
16005,16956
16367,16957
16389,16958
16420,16959
16590,16960
13659,16961
16592,16962
16736,16963
16891,16964
16897,16965
16903,16966
16942,16967
16949,16968
11052,16969
11658,16970
1695,16971
12850,16972
16966,16973
16987,16974
17008,16975
17027,16976
17150,16977
17455,16978
16870,16979
17479,16980
11096,16981
12915,16982
17482,16983
17486,16984
15727,16985
17509,16986
17517,16987
17550,16988
17560,16989
17565,16990
17624,16991
17650,16992
17656,16993
17668,16994
14551,16995
15143,16996
10839,16997
1342,16998
18097,16999
18123,17000
18130,17001
14607,17002
18174,17003
13394,17004
13993,17005
18192,17006
18221,17007
18231,17008
18263,17009
15775,17010
18774,17011
13994,17012
13395,17013
18790,17014
18795,17015
18825,17016
18863,17017
18959,17018
15542,17019
19082,17020
16564,17021
19295,17022
18697,17023
19298,17024
15835,17025
19300,17026
18642,17027
19242,17028
12036,17029
19307,17030
19309,17031
16916,17032
19314,17033
11576,17034
19401,17035
14602,17036
14009,17037
19433,17038
19439,17039
19535,17040
19542,17041
19554,17042
14952,17043
10423,17044
19622,17045
17789,17046
17900,17047
19657,17048
15379,17049
16602,17050
19843,17051
19893,17052
10371,17053
19897,17054
15762,17055
11455,17056
19913,17057
19318,17058
10834,17059
19917,17060
18124,17061
19943,17062
19987,17063
10969,17064
19994,17065
20001,17066
20029,17067
20035,17068
20040,17069
20051,17070
13344,17071
20132,17072
20276,17073
15371,17074
15494,17075
20344,17076
14052,17077
13455,17078
2126,17079
2158,17080
2181,17081
1034,17082
1670,17083
2209,17084
2213,17085
2230,17086
12260,17087
12868,17088
2291,17089
2232,17090
2305,17091
2597,17092
11585,17093
10855,17094
15479,17095
12345,17096
2762,17097
17473,17098
16888,17099
2787,17100
18843,17101
12290,17102
2848,17103
2856,17104
2867,17105
2876,17106
2912,17107
2937,17108
2953,17109
3364,17110
3371,17111
16473,17112
1684,17113
3372,17114
1603,17115
3382,17116
3384,17117
3403,17118
3445,17119
14064,17120
3463,17121
10923,17122
15142,17123
3540,17124
10375,17125
3557,17126
3575,17127
3583,17128
3615,17129
3637,17130
3658,17131
3967,17132
3982,17133
11543,17134
13366,17135
11458,17136
2040,17137
12467,17138
11162,17139
13736,17140
19988,17141
3984,17142
4005,17143
17384,17144
10148,17145
13110,17146
13582,17147
17056,17148
15051,17149
1336,17150
13384,17151
17060,17152
19065,17153
16596,17154
4025,17155
4060,17156
10849,17157
4084,17158
16978,17159
4086,17160
2217,17161
2852,17162
4093,17163
3489,17164
15080,17165
4100,17166
4104,17167
4112,17168
4264,17169
12795,17170
4572,17171
4586,17172
12293,17173
3559,17174
4590,17175
13251,17176
4595,17177
4632,17178
16909,17179
3999,17180
4669,17181
13422,17182
14019,17183
4706,17184
18238,17185
18839,17186
1443,17187
4480,17188
18183,17189
20267,17190
11771,17191
4716,17192
16425,17193
13882,17194
3289,17195
11923,17196
15339,17197
19238,17198
4721,17199
3416,17200
4018,17201
12656,17202
4758,17203
4787,17204
4184,17205
2069,17206
5120,17207
3261,17208
11277,17209
18949,17210
13720,17211
2174,17212
15660,17213
5172,17214
5189,17215
5211,17216
5213,17217
5248,17218
11639,17219
5291,17220
5301,17221
4702,17222
5309,17223
4710,17224
5328,17225
11067,17226
10475,17227
5336,17228
5337,17229
12261,17230
5340,17231
3534,17232
5382,17233
5390,17234
5448,17235
15886,17236
17646,17237
5719,17238
2022,17239
13703,17240
13568,17241
3486,17242
5335,17243
2225,17244
5822,17245
19263,17246
18664,17247
13292,17248
5828,17249
5837,17250
5848,17251
10396,17252
10251,17253
16207,17254
11295,17255
18931,17256
14318,17257
5852,17258
5929,17259
5953,17260
19446,17261
6016,17262
6035,17263
6316,17264
17466,17265
11608,17266
18465,17267
14782,17268
14315,17269
11718,17270
2152,17271
6355,17272
16213,17273
15201,17274
19183,17275
19674,17276
11766,17277
19878,17278
2767,17279
6425,17280
5799,17281
6482,17282
5856,17283
6502,17284
14680,17285
15270,17286
6503,17287
15053,17288
6532,17289
6571,17290
18821,17291
18220,17292
6592,17293
17527,17294
16941,17295
6607,17296
6609,17297
6660,17298
6901,17299
12514,17300
18712,17301
12663,17302
19509,17303
5052,17304
16690,17305
18672,17306
11438,17307
1333,17308
17885,17309
18907,17310
20009,17311
2351,17312
4183,17313
1440,17314
4573,17315
5076,17316
16043,17317
12408,17318
18131,17319
14712,17320
19912,17321
6914,17322
1508,17323
18446,17324
18970,17325
11321,17326
3302,17327
11419,17328
14123,17329
17289,17330
13577,17331
11924,17332
19226,17333
6942,17334
14581,17335
10277,17336
18436,17337
19576,17338
10515,17339
2683,17340
13500,17341
16672,17342
17768,17343
4535,17344
5904,17345
5932,17346
18737,17347
18137,17348
6938,17349
18139,17350
19704,17351
20112,17352
20330,17353
6996,17354
2685,17355
12481,17356
12787,17357
17555,17358
2357,17359
15491,17360
7080,17361
7090,17362
7137,17363
7159,17364
7168,17365
6541,17366
7218,17367
7238,17368
19710,17369
2984,17370
13781,17371
6613,17372
14377,17373
12157,17374
12765,17375
7260,17376
7261,17377
7275,17378
7661,17379
19769,17380
10171,17381
19623,17382
13012,17383
15493,17384
5201,17385
7670,17386
7713,17387
7719,17388
7720,17389
7725,17390
7768,17391
19784,17392
6286,17393
11680,17394
13071,17395
18358,17396
19195,17397
7786,17398
7818,17399
7848,17400
7888,17401
7889,17402
14741,17403
7892,17404
7903,17405
14125,17406
14718,17407
806,17408
8251,17409
3871,17410
15795,17411
18502,17412
18308,17413
19976,17414
4842,17415
8339,17416
12736,17417
8372,17418
8382,17419
6990,17420
8384,17421
8424,17422
15177,17423
14586,17424
8425,17425
5718,17426
13843,17427
19891,17428
6109,17429
8367,17430
5369,17431
4768,17432
19191,17433
10194,17434
11862,17435
16444,17436
8449,17437
8466,17438
8488,17439
7822,17440
8526,17441
8529,17442
884,17443
1521,17444
2068,17445
5074,17446
10899,17447
11846,17448
19571,17449
12528,17450
12332,17451
5903,17452
8850,17453
11060,17454
19067,17455
11161,17456
14338,17457
2118,17458
14547,17459
8855,17460
1547,17461
20321,17462
19496,17463
14919,17464
870,17465
6325,17466
18554,17467
11259,17468
14785,17469
15508,17470
18161,17471
14477,17472
8879,17473
1884,17474
2229,17475
11428,17476
17960,17477
18793,17478
19072,17479
7744,17480
16896,17481
890,17482
10348,17483
11450,17484
6907,17485
13509,17486
6013,17487
17708,17488
14920,17489
8242,17490
11422,17491
10960,17492
6638,17493
17123,17494
11944,17495
8343,17496
8437,17497
8912,17498
4471,17499
13511,17500
5137,17501
3898,17502
10180,17503
1231,17504
13842,17505
20078,17506
16530,17507
11952,17508
3832,17509
360,17510
4965,17511
52,17512
5635,17513
372,17514
62,17515
8934,17516
2672,17517
13669,17518
14643,17519
15844,17520
12041,17521
1615,17522
2992,17523
14902,17524
695,17525
11590,17526
12738,17527
14854,17528
1602,17529
3612,17530
14312,17531
17707,17532
6364,17533
6320,17534
16910,17535
16948,17536
14470,17537
1998,17538
19105,17539
18909,17540
17310,17541
3370,17542
2887,17543
3449,17544
4832,17545
14771,17546
16720,17547
13549,17548
6358,17549
8939,17550
776,17551
18713,17552
19723,17553
12946,17554
13743,17555
8941,17556
8891,17557
16059,17558
14202,17559
15502,17560
20085,17561
7749,17562
8977,17563
13942,17564
8995,17565
19390,17566
3522,17567
13862,17568
3240,17569
7109,17570
19178,17571
7164,17572
7258,17573
16538,17574
11341,17575
7537,17576
4649,17577
12056,17578
7538,17579
11392,17580
16878,17581
19050,17582
12993,17583
6042,17584
7886,17585
15952,17586
13153,17587
17114,17588
9013,17589
5798,17590
6424,17591
12675,17592
9019,17593
9046,17594
9050,17595
7829,17596
9067,17597
13876,17598
8857,17599
13933,17600
19669,17601
11769,17602
11336,17603
6956,17604
3229,17605
4164,17606
13949,17607
13349,17608
6014,17609
15338,17610
11939,17611
7208,17612
5135,17613
2675,17614
13644,17615
17085,17616
18972,17617
12543,17618
19393,17619
14471,17620
3552,17621
17055,17622
6293,17623
10441,17624
16460,17625
12254,17626
7244,17627
13606,17628
13148,17629
19485,17630
9073,17631
9081,17632
9091,17633
16476,17634
19437,17635
9102,17636
8439,17637
9110,17638
13461,17639
15243,17640
9129,17641
9150,17642
11559,17643
19294,17644
13275,17645
8185,17646
11830,17647
19582,17648
13139,17649
3444,17650
11461,17651
6943,17652
20262,17653
11774,17654
12534,17655
8375,17656
5724,17657
1397,17658
10955,17659
20229,17660
11190,17661
11930,17662
3920,17663
6296,17664
16665,17665
17774,17666
2753,17667
12065,17668
2041,17669
17604,17670
19715,17671
20101,17672
4240,17673
11113,17674
4841,17675
8243,17676
19758,17677
16051,17678
19589,17679
3568,17680
5237,17681
15047,17682
5442,17683
6896,17684
16927,17685
17860,17686
17755,17687
20036,17688
19440,17689
3415,17690
5129,17691
6015,17692
880,17693
9026,17694
8486,17695
10483,17696
9169,17697
9171,17698
8509,17699
18577,17700
6279,17701
16311,17702
17308,17703
14152,17704
10513,17705
7732,17706
17993,17707
6288,17708
17896,17709
13554,17710
18068,17711
19728,17712
8415,17713
9172,17714
11695,17715
12302,17716
3330,17717
7569,17718
12163,17719
13653,17720
12382,17721
13136,17722
13867,17723
17122,17724
16531,17725
9186,17726
15950,17727
9187,17728
12327,17729
9193,17730
947,17731
9474,17732
17773,17733
11819,17734
17187,17735
557,17736
229,17737
9541,17738
16496,17739
17476,17740
15718,17741
17815,17742
19586,17743
6640,17744
11717,17745
5405,17746
9017,17747
10263,17748
6303,17749
17874,17750
12968,17751
18629,17752
17981,17753
10179,17754
14635,17755
19729,17756
20245,17757
19575,17758
11932,17759
816,17760
2674,17761
12284,17762
16935,17763
19646,17764
20173,17765
11329,17766
7587,17767
17370,17768
11235,17769
11179,17770
13141,17771
19462,17772
5982,17773
15757,17774
17516,17775
18444,17776
15382,17777
20218,17778
13600,17779
11381,17780
19595,17781
11985,17782
5180,17783
4580,17784
5708,17785
1968,17786
20256,17787
11173,17788
5805,17789
6431,17790
17571,17791
15813,17792
6667,17793
6970,17794
8081,17795
9007,17796
9260,17797
11966,17798
7845,17799
7215,17800
9547,17801
11864,17802
15374,17803
11340,17804
16336,17805
11441,17806
3846,17807
15150,17808
16670,17809
13592,17810
11943,17811
19906,17812
2077,17813
17380,17814
16919,17815
19032,17816
13604,17817
12548,17818
3410,17819
4200,17820
5217,17821
6328,17822
4439,17823
18764,17824
11548,17825
19654,17826
11174,17827
8405,17828
11097,17829
12917,17830
8980,17831
13878,17832
9190,17833
18282,17834
9567,17835
14432,17836
11229,17837
13605,17838
17903,17839
19909,17840
15037,17841
3376,17842
18682,17843
4800,17844
9572,17845
18560,17846
6002,17847
20126,17848
15517,17849
19473,17850
8377,17851
6344,17852
6930,17853
17688,17854
19044,17855
20170,17856
14928,17857
8260,17858
19163,17859
15853,17860
3474,17861
16810,17862
1980,17863
11671,17864
15172,17865
13388,17866
17297,17867
18306,17868
11350,17869
19278,17870
13262,17871
5439,17872
18898,17873
11953,17874
8825,17875
16302,17876
18489,17877
11752,17878
13161,17879
18875,17880
958,17881
11003,17882
11609,17883
17976,17884
3848,17885
12461,17886
11823,17887
15378,17888
17608,17889
18318,17890
18686,17891
1552,17892
18752,17893
18152,17894
19592,17895
19811,17896
20271,17897
17770,17898
19671,17899
18357,17900
18460,17901
18960,17902
4805,17903
5445,17904
2346,17905
6643,17906
1713,17907
6846,17908
17427,17909
13792,17910
15924,17911
3427,17912
3548,17913
3582,17914
15706,17915
17464,17916
4042,17917
3977,17918
2125,17919
13284,17920
7041,17921
838,17922
1786,17923
2881,17924
8531,17925
19476,17926
9581,17927
14437,17928
13446,17929
15646,17930
17795,17931
17794,17932
1257,17933
19211,17934
14922,17935
10467,17936
18234,17937
17698,17938
2974,17939
12638,17940
638,17941
304,17942
6563,17943
19279,17944
19874,17945
9338,17946
5400,17947
15780,17948
9585,17949
3877,17950
1584,17951
12272,17952
16639,17953
13009,17954
19367,17955
20328,17956
6348,17957
18567,17958
16347,17959
19410,17960
18810,17961
4821,17962
14206,17963
11328,17964
11716,17965
9044,17966
15063,17967
9588,17968
2026,17969
11921,17970
15955,17971
16132,17972
19835,17973
887,17974
9597,17975
3285,17976
17652,17977
5295,17978
17088,17979
16499,17980
8238,17981
15613,17982
17067,17983
15641,17984
18497,17985
18897,17986
14882,17987
12964,17988
14353,17989
18296,17990
14943,17991
4122,17992
17017,17993
10334,17994
6538,17995
9447,17996
9600,17997
9543,17998
16040,17999
18993,18000
16721,18001
14743,18002
4117,18003
4634,18004
5234,18005
9601,18006
1405,18007
13658,18008
11767,18009
14331,18010
14632,18011
2341,18012
9607,18013
10224,18014
12510,18015
16346,18016
13857,18017
10153,18018
18452,18019
12383,18020
13727,18021
7239,18022
14322,18023
7863,18024
9574,18025
6267,18026
10427,18027
17838,18028
14195,18029
15501,18030
18767,18031
6346,18032
2660,18033
10928,18034
1436,18035
1385,18036
15695,18037
17288,18038
18813,18039
19056,18040
13598,18041
14912,18042
2348,18043
2350,18044
11936,18045
2982,18046
5736,18047
9623,18048
10624,18049
4029,18050
7197,18051
1032,18052
1668,18053
19783,18054
9628,18055
17940,18056
15865,18057
5312,18058
7030,18059
18698,18060
903,18061
9633,18062
4303,18063
3681,18064
19639,18065
11789,18066
13156,18067
15997,18068
18324,18069
18973,18070
3660,18071
4807,18072
11934,18073
5407,18074
5744,18075
5992,18076
16136,18077
18281,18078
6019,18079
2345,18080
6174,18081
19810,18082
4372,18083
7291,18084
11602,18085
11476,18086
1113,18087
18882,18088
13152,18089
3599,18090
11326,18091
4066,18092
2979,18093
4187,18094
8300,18095
13811,18096
4548,18097
1845,18098
4882,18099
13525,18100
8304,18101
10595,18102
3959,18103
6205,18104
10738,18105
17541,18106
6989,18107
8634,18108
1665,18109
8248,18110
5064,18111
12457,18112
15534,18113
20164,18114
11942,18115
2789,18116
13261,18117
7526,18118
14540,18119
12647,18120
16069,18121
11782,18122
12545,18123
1075,18124
6895,18125
13683,18126
20133,18127
14916,18128
1711,18129
18160,18130
19955,18131
15941,18132
7083,18133
866,18134
8975,18135
3029,18136
9022,18137
909,18138
15083,18139
14144,18140
14313,18141
1714,18142
12556,18143
9660,18144
9671,18145
9674,18146
10986,18147
968,18148
16228,18149
8843,18150
11030,18151
12466,18152
17184,18153
13140,18154
5957,18155
13283,18156
2673,18157
1614,18158
17810,18159
12404,18160
13722,18161
11112,18162
12935,18163
19245,18164
19786,18165
9038,18166
18478,18167
2989,18168
6633,18169
15357,18170
14965,18171
15965,18172
15555,18173
15169,18174
14578,18175
3976,18176
3373,18177
16239,18178
3257,18179
16360,18180
17280,18181
13096,18182
3609,18183
4210,18184
13681,18185
3606,18186
12586,18187
4812,18188
13191,18189
7081,18190
1024,18191
2928,18192
3914,18193
8349,18194
14566,18195
11711,18196
12318,18197
6345,18198
9683,18199
19612,18200
18392,18201
9703,18202
18586,18203
1991,18204
12475,18205
17767,18206
14292,18207
18138,18208
18313,18209
17327,18210
18914,18211
14354,18212
15841,18213
16427,18214
19681,18215
2359,18216
18470,18217
2788,18218
4779,18219
4176,18220
6336,18221
738,18222
15588,18223
2265,18224
12068,18225
3201,18226
10863,18227
4279,18228
12611,18229
9705,18230
16245,18231
5689,18232
13058,18233
12994,18234
16131,18235
5920,18236
6357,18237
7712,18238
8878,18239
14284,18240
16570,18241
17899,18242
18112,18243
7731,18244
11093,18245
11697,18246
8255,18247
1387,18248
11110,18249
10860,18250
16479,18251
10500,18252
18492,18253
17147,18254
17311,18255
15334,18256
9561,18257
15861,18258
15880,18259
16429,18260
19075,18261
19553,18262
14314,18263
2711,18264
9714,18265
19130,18266
972,18267
12034,18268
9724,18269
19968,18270
19371,18271
9728,18272
9729,18273
15803,18274
9738,18275
16516,18276
9766,18277
977,18278
19944,18279
8259,18280
9771,18281
11599,18282
10993,18283
16819,18284
9776,18285
9781,18286
4774,18287
5375,18288
19773,18289
10178,18290
18287,18291
17215,18292
13612,18293
5596,18294
16840,18295
12537,18296
6489,18297
2714,18298
6840,18299
18876,18300
16462,18301
18275,18302
14676,18303
18024,18304
2492,18305
7662,18306
7761,18307
3597,18308
8513,18309
6954,18310
406,18311
8692,18312
1501,18313
94,18314
9794,18315
4016,18316
4621,18317
10836,18318
9497,18319
11916,18320
12346,18321
13728,18322
3404,18323
4665,18324
11451,18325
6908,18326
11313,18327
12953,18328
14323,18329
3974,18330
13853,18331
1963,18332
20320,18333
11132,18334
12541,18335
4613,18336
10370,18337
7194,18338
2271,18339
7849,18340
6343,18341
5674,18342
16712,18343
11736,18344
13146,18345
15947,18346
19380,18347
2786,18348
8278,18349
8224,18350
15310,18351
13863,18352
16447,18353
20299,18354
11148,18355
11334,18356
2608,18357
10456,18358
12177,18359
16694,18360
12970,18361
11937,18362
19421,18363
20017,18364
2706,18365
3875,18366
12186,18367
14520,18368
15750,18369
17284,18370
17734,18371
16724,18372
4633,18373
5709,18374
9524,18375
12173,18376
11511,18377
17872,18378
15976,18379
16135,18380
16533,18381
3595,18382
8510,18383
8902,18384
16204,18385
13491,18386
17584,18387
12838,18388
20263,18389
15381,18390
17315,18391
8993,18392
3328,18393
765,18394
10452,18395
11012,18396
12912,18397
14881,18398
20114,18399
14330,18400
4698,18401
8905,18402
19161,18403
14233,18404
11186,18405
13735,18406
17617,18407
17699,18408
15810,18409
17249,18410
11776,18411
16699,18412
18315,18413
18916,18414
13194,18415
2053,18416
4697,18417
10393,18418
8563,18419
16306,18420
15719,18421
13544,18422
17686,18423
18569,18424
926,18425
9700,18426
9795,18427
10235,18428
15024,18429
11901,18430
13383,18431
14179,18432
14904,18433
11115,18434
2793,18435
16243,18436
3896,18437
14827,18438
11185,18439
13738,18440
15184,18441
15304,18442
12646,18443
7524,18444
13046,18445
14608,18446
15388,18447
14333,18448
16464,18449
14473,18450
10201,18451
14575,18452
17080,18453
18591,18454
2631,18455
10327,18456
11228,18457
20178,18458
15512,18459
3560,18460
3626,18461
15971,18462
14923,18463
5199,18464
5399,18465
808,18466
5080,18467
11036,18468
16656,18469
11177,18470
19271,18471
6022,18472
8266,18473
5679,18474
17891,18475
15349,18476
5322,18477
6647,18478
7735,18479
19179,18480
5054,18481
19341,18482
15074,18483
2802,18484
13439,18485
6012,18486
11731,18487
11949,18488
7832,18489
9557,18490
19666,18491
13596,18492
11346,18493
19837,18494
4798,18495
7128,18496
9049,18497
9800,18498
10470,18499
16826,18500
6291,18501
12430,18502
13532,18503
16025,18504
15507,18505
7838,18506
7595,18507
9486,18508
15326,18509
11508,18510
16635,18511
13011,18512
14918,18513
18794,18514
15061,18515
10192,18516
13632,18517
11188,18518
14328,18519
19240,18520
4677,18521
5401,18522
18883,18523
1620,18524
17281,18525
19506,18526
17869,18527
16551,18528
20120,18529
6068,18530
6692,18531
11495,18532
6396,18533
3986,18534
6416,18535
7852,18536
11427,18537
8240,18538
15617,18539
10906,18540
3307,18541
1369,18542
10648,18543
19836,18544
17991,18545
2285,18546
5346,18547
9444,18548
18601,18549
9241,18550
11009,18551
16873,18552
5820,18553
9810,18554
10480,18555
5118,18556
9818,18557
19192,18558
5059,18559
10381,18560
16717,18561
14750,18562
11928,18563
14744,18564
3593,18565
10949,18566
11553,18567
10476,18568
11068,18569
13253,18570
13675,18571
18943,18572
3627,18573
13575,18574
15359,18575
10551,18576
3838,18577
16658,18578
17192,18579
18818,18580
3780,18581
4575,18582
5703,18583
7916,18584
19415,18585
15874,18586
8096,18587
2397,18588
13376,18589
5496,18590
10591,18591
7696,18592
4524,18593
7556,18594
19264,18595
4125,18596
17022,18597
7673,18598
8750,18599
19149,18600
8686,18601
15022,18602
544,18603
220,18604
8735,18605
10107,18606
8915,18607
9439,18608
4942,18609
5543,18610
10086,18611
1893,18612
10716,18613
10088,18614
4423,18615
469,18616
153,18617
9824,18618
9835,18619
16456,18620
17044,18621
17388,18622
8829,18623
4699,18624
10250,18625
15030,18626
16107,18627
12361,18628
13715,18629
4143,18630
15642,18631
1986,18632
11233,18633
12392,18634
14310,18635
19354,18636
9570,18637
12635,18638
13409,18639
14272,18640
15627,18641
20011,18642
11556,18643
10952,18644
2354,18645
14900,18646
9836,18647
5942,18648
6569,18649
9837,18650
9697,18651
9841,18652
18338,18653
13133,18654
12940,18655
1715,18656
1645,18657
19068,18658
12373,18659
12487,18660
2279,18661
4214,18662
14355,18663
9731,18664
9065,18665
9797,18666
9131,18667
1640,18668
1005,18669
8264,18670
3280,18671
18848,18672
20272,18673
15376,18674
18461,18675
14787,18676
16009,18677
17916,18678
18464,18679
12980,18680
12471,18681
18532,18682
14065,18683
14658,18684
18947,18685
4133,18686
5721,18687
19761,18688
13447,18689
1644,18690
6196,18691
1292,18692
12683,18693
19363,18694
4908,18695
12597,18696
7602,18697
8334,18698
8997,18699
9844,18700
1080,18701
11372,18702
14775,18703
11976,18704
1572,18705
936,18706
984,18707
19957,18708
8269,18709
9845,18710
15331,18711
20069,18712
4021,18713
20281,18714
2994,18715
15476,18716
16549,18717
16754,18718
19504,18719
3419,18720
5804,18721
7690,18722
8250,18723
9219,18724
5803,18725
6429,18726
18814,18727
18213,18728
9847,18729
18887,18730
942,18731
1577,18732
11049,18733
12869,18734
17408,18735
1370,18736
11613,18737
19081,18738
17152,18739
19688,18740
18927,18741
19545,18742
6724,18743
4237,18744
14188,18745
2406,18746
16739,18747
2904,18748
3508,18749
7269,18750
7897,18751
1699,18752
1063,18753
18837,18754
18236,18755
7935,18756
9849,18757
20072,18758
15939,18759
17007,18760
16419,18761
11610,18762
985,18763
12764,18764
8347,18765
17986,18766
9516,18767
18440,18768
12996,18769
13784,18770
2877,18771
2242,18772
4925,18773
1800,18774
11963,18775
12923,18776
18249,18777
19781,18778
3250,18779
17524,18780
2207,18781
5269,18782
4670,18783
6985,18784
9166,18785
8504,18786
14453,18787
3237,18788
10314,18789
1198,18790
16226,18791
3110,18792
3680,18793
7535,18794
5541,18795
8541,18796
11702,18797
14004,18798
13405,18799
14716,18800
15833,18801
5300,18802
9850,18803
19475,18804
9860,18805
18195,18806
19990,18807
5125,18808
15028,18809
18180,18810
19888,18811
13402,18812
14001,18813
6082,18814
8906,18815
1960,18816
10926,18817
15075,18818
16886,18819
9184,18820
11723,18821
11856,18822
11119,18823
17923,18824
19564,18825
16159,18826
9745,18827
9079,18828
5790,18829
10337,18830
5738,18831
9878,18832
18065,18833
14553,18834
17328,18835
988,18836
1623,18837
11462,18838
9884,18839
16879,18840
3969,18841
17015,18842
17599,18843
16832,18844
10223,18845
19889,18846
5134,18847
2032,18848
19406,18849
11463,18850
2048,18851
14095,18852
16091,18853
1506,18854
18074,18855
10911,18856
11515,18857
19274,18858
3581,18859
3423,18860
3611,18861
17228,18862
19549,18863
19587,18864
4250,18865
4718,18866
2689,18867
5230,18868
6659,18869
16442,18870
15856,18871
4763,18872
6577,18873
8340,18874
8587,18875
16193,18876
19202,18877
10556,18878
13420,18879
13546,18880
14319,18881
5905,18882
9270,18883
4801,18884
9899,18885
10896,18886
15232,18887
9900,18888
18626,18889
3091,18890
1179,18891
7221,18892
991,18893
18590,18894
9914,18895
6200,18896
4397,18897
7480,18898
17953,18899
389,18900
77,18901
8684,18902
8747,18903
3158,18904
8127,18905
3200,18906
3737,18907
9918,18908
14933,18909
7229,18910
4182,18911
7593,18912
1325,18913
1122,18914
19089,18915
19524,18916
7210,18917
3542,18918
17632,18919
9730,18920
13264,18921
992,18922
2172,18923
9926,18924
4350,18925
2484,18926
11484,18927
10731,18928
16250,18929
11037,18930
12297,18931
12751,18932
14143,18933
14978,18934
11035,18935
13521,18936
14003,18937
14090,18938
15834,18939
16992,18940
18696,18941
19323,18942
2222,18943
2872,18944
4106,18945
5299,18946
5941,18947
5955,18948
7759,18949
9928,18950
3726,18951
4332,18952
2463,18953
14218,18954
11785,18955
12355,18956
11961,18957
14161,18958
14803,18959
15341,18960
14966,18961
1529,18962
15344,18963
15541,18964
15561,18965
16738,18966
17111,18967
10947,18968
17732,18969
2146,18970
2159,18971
2780,18972
2991,18973
20337,18974
4121,18975
3517,18976
6663,18977
8453,18978
9116,18979
9210,18980
3435,18981
959,18982
1594,18983
9930,18984
1228,18985
8110,18986
8771,18987
6249,18988
6874,18989
8037,18990
6743,18991
6825,18992
1212,18993
6883,18994
1274,18995
686,18996
343,18997
8636,18998
15604,18999
13829,19000
10653,19001
6161,19002
10675,19003
8618,19004
2565,19005
1942,19006
520,19007
200,19008
9945,19009
3736,19010
1235,19011
8778,19012
10778,19013
2480,19014
7510,19015
502,19016
185,19017
9952,19018
9963,19019
3046,19020
17317,19021
15252,19022
14661,19023
15296,19024
2847,19025
2212,19026
4788,19027
5389,19028
9975,19029
12612,19030
12018,19031
4922,19032
8644,19033
9435,19034
8772,19035
3056,19036
5621,19037
587,19038
257,19039
6829,19040
8640,19041
10616,19042
9949,19043
6105,19044
2507,19045
5001,19046
2555,19047
3191,19048
10800,19049
9978,19050
10007,19051
10676,19052
10019,19053
5024,19054
511,19055
192,19056
9979,19057
10752,19058
5576,19059
14489,19060
12842,19061
14641,19062
11700,19063
13450,19064
14710,19065
15945,19066
15669,19067
10291,19068
13223,19069
1788,19070
19218,19071
19472,19072
2141,19073
2342,19074
17424,19075
12086,19076
14990,19077
16497,19078
15691,19079
16278,19080
15046,19081
3171,19082
15687,19083
3369,19084
18290,19085
3476,19086
4566,19087
17352,19088
4674,19089
4201,19090
6129,19091
10915,19092
10360,19093
11625,19094
12690,19095
13414,19096
18111,19097
18243,19098
18477,19099
18711,19100
19203,19101
20018,19102
20050,19103
13431,19104
14028,19105
4976,19106
4398,19107
3794,19108
10115,19109
10784,19110
6440,19111
16527,19112
7004,19113
7193,19114
7186,19115
7211,19116
17003,19117
7351,19118
14570,19119
16430,19120
16846,19121
2521,19122
10869,19123
19152,19124
2799,19125
2164,19126
10273,19127
3554,19128
17644,19129
6435,19130
16356,19131
15769,19132
7374,19133
8002,19134
1542,19135
8107,19136
6377,19137
8270,19138
8287,19139
3724,19140
15086,19141
10775,19142
8346,19143
8430,19144
2865,19145
3926,19146
8431,19147
16534,19148
12699,19149
11478,19150
19818,19151
3129,19152
10872,19153
7477,19154
13820,19155
17692,19156
1439,19157
8101,19158
8573,19159
1047,19160
11605,19161
12891,19162
13406,19163
14119,19164
14693,19165
14100,19166
1558,19167
16370,19168
10426,19169
16451,19170
1683,19171
17026,19172
10344,19173
17525,19174
16939,19175
17611,19176
18120,19177
18666,19178
19322,19179
19373,19180
17045,19181
17057,19182
17068,19183
2208,19184
14664,19185
2329,19186
4002,19187
4038,19188
15705,19189
5219,19190
16434,19191
5261,19192
4662,19193
5948,19194
11053,19195
12201,19196
16526,19197
17116,19198
17630,19199
2969,19200
5345,19201
7125,19202
1707,19203
7151,19204
18279,19205
20074,19206
7710,19207
7837,19208
865,19209
16536,19210
12937,19211
872,19212
10333,19213
876,19214
19489,19215
8959,19216
12620,19217
12608,19218
14546,19219
9144,19220
9189,19221
13548,19222
14147,19223
19486,19224
4199,19225
6955,19226
457,19227
142,19228
7585,19229
421,19230
109,19231
433,19232
121,19233
513,19234
194,19235
9324,19236
6759,19237
10386,19238
10886,19239
1125,19240
17827,19241
15996,19242
16065,19243
16583,19244
11839,19245
17195,19246
12445,19247
17781,19248
18254,19249
10351,19250
19634,19251
11790,19252
15468,19253
15365,19254
18496,19255
19800,19256
20121,19257
13117,19258
11748,19259
19099,19260
5954,19261
6866,19262
2569,19263
1932,19264
7777,19265
6466,19266
8105,19267
19804,19268
2536,19269
10688,19270
2303,19271
846,19272
8737,19273
10735,19274
3727,19275
9362,19276
9398,19277
7654,19278
9403,19279
3440,19280
6337,19281
9426,19282
10093,19283
5307,19284
16224,19285
2616,19286
13946,19287
8900,19288
16200,19289
15405,19290
20190,19291
5832,19292
18785,19293
8979,19294
15659,19295
9192,19296
9434,19297
9589,19298
2027,19299
19989,19300
2902,19301
4239,19302
12334,19303
11948,19304
15674,19305
3156,19306
4196,19307
8914,19308
3268,19309
18445,19310
11779,19311
13151,19312
2977,19313
4563,19314
18548,19315
19150,19316
5184,19317
4584,19318
1078,19319
15673,19320
16849,19321
19224,19322
3032,19323
1488,19324
5793,19325
10271,19326
6383,19327
14405,19328
16836,19329
5610,19330
6822,19331
1254,19332
1890,19333
7449,19334
13317,19335
2407,19336
770,19337
11227,19338
2934,19339
7103,19340
7954,19341
12266,19342
5119,19343
8023,19344
7038,19345
8241,19346
841,19347
10614,19348
4560,19349
8865,19350
4003,19351
16814,19352
4293,19353
19104,19354
13572,19355
15524,19356
15321,19357
716,19358
11316,19359
10052,19360
11729,19361
11989,19362
1248,19363
12873,19364
15020,19365
14428,19366
1858,19367
1882,19368
2058,19369
7486,19370
6828,19371
13835,19372
475,19373
159,19374
5026,19375
3803,19376
500,19377
183,19378
8122,19379
8683,19380
2509,19381
4998,19382
5598,19383
9265,19384
6100,19385
2482,19386
16180,19387
5023,19388
3790,19389
5595,19390
6207,19391
10014,19392
1787,19393
671,19394
331,19395
7376,19396
8004,19397
1917,19398
1281,19399
2577,19400
384,19401
73,19402
9420,19403
6861,19404
7509,19405
480,19406
164,19407
6256,19408
394,19409
82,19410
9529,19411
14226,19412
15389,19413
16143,19414
4747,19415
9228,19416
18644,19417
12119,19418
5705,19419
960,19420
9611,19421
9626,19422
9289,19423
9612,19424
5538,19425
19141,19426
5800,19427
9627,19428
13222,19429
5143,19430
7446,19431
3034,19432
16864,19433
9646,19434
5812,19435
15940,19436
17696,19437
13248,19438
396,19439
84,19440
9690,19441
15078,19442
7581,19443
11015,19444
11917,19445
11733,19446
13731,19447
15643,19448
1990,19449
10999,19450
13635,19451
13004,19452
19958,19453
2949,19454
3319,19455
18561,19456
16503,19457
19466,19458
20081,19459
5713,19460
746,19461
11018,19462
16399,19463
16708,19464
12958,19465
14325,19466
16801,19467
1712,19468
17014,19469
17598,19470
18891,19471
19487,19472
8154,19473
13336,19474
16062,19475
16281,19476
12035,19477
11423,19478
11887,19479
13976,19480
15209,19481
18284,19482
18885,19483
18978,19484
11342,19485
20083,19486
10873,19487
17951,19488
17366,19489
2975,19490
3992,19491
4213,19492
11345,19493
2338,19494
13361,19495
13961,19496
4657,19497
4052,19498
19479,19499
18007,19500
15589,19501
3678,19502
10495,19503
12082,19504
12194,19505
13828,19506
10307,19507
13804,19508
14499,19509
1250,19510
16437,19511
17038,19512
11069,19513
12887,19514
18745,19515
16973,19516
10856,19517
18806,19518
12130,19519
11522,19520
2923,19521
19306,19522
19901,19523
5109,19524
5428,19525
18335,19526
13700,19527
12352,19528
12959,19529
12525,19530
13130,19531
12337,19532
11257,19533
11123,19534
13074,19535
12370,19536
14191,19537
19702,19538
20302,19539
16561,19540
17235,19541
19514,19542
11230,19543
16021,19544
20110,19545
4829,19546
5430,19547
18331,19548
16688,19549
17744,19550
12515,19551
19508,19552
20104,19553
5531,19554
6317,19555
16110,19556
17729,19557
6966,19558
7522,19559
16286,19560
12645,19561
18488,19562
18923,19563
19063,19564
20159,19565
16067,19566
11163,19567
16654,19568
19574,19569
17242,19570
20172,19571
11236,19572
18370,19573
13624,19574
12407,19575
2915,19576
7298,19577
8126,19578
5579,19579
10634,19580
10786,19581
8397,19582
8532,19583
20071,19584
16518,19585
15932,19586
19480,19587
19799,19588
8305,19589
4302,19590
12079,19591
8620,19592
8784,19593
6255,19594
1933,19595
10128,19596
552,19597
226,19598
8235,19599
407,19600
8294,19601
1828,19602
3180,19603
1271,19604
4298,19605
8615,19606
8793,19607
8803,19608
408,19609
8954,19610
8011,19611
9028,19612
8366,19613
9106,19614
916,19615
9281,19616
1480,19617
10606,19618
10733,19619
10064,19620
5553,19621
4953,19622
10771,19623
1283,19624
15948,19625
19267,19626
5017,19627
3119,19628
1206,19629
5087,19630
10598,19631
15571,19632
16463,19633
2336,19634
5160,19635
9437,19636
95,19637
96,19638
9761,19639
1074,19640
17701,19641
6323,19642
446,19643
133,19644
470,19645
154,19646
482,19647
166,19648
9803,19649
2933,19650
2299,19651
3332,19652
9808,19653
3454,19654
4056,19655
8921,19656
9809,19657
19905,19658
15766,19659
14488,19660
10231,19661
10987,19662
12049,19663
1810,19664
4911,19665
6203,19666
10737,19667
11063,19668
13488,19669
16305,19670
17052,19671
17637,19672
18782,19673
18182,19674
19254,19675
7532,19676
1211,19677
8656,19678
1841,19679
1205,19680
7968,19681
8602,19682
2581,19683
531,19684
209,19685
935,19686
1571,19687
5112,19688
10191,19689
5273,19690
7091,19691
9014,19692
16330,19693
18570,19694
2605,19695
12913,19696
19411,19697
18811,19698
4648,19699
17974,19700
8834,19701
16865,19702
16461,19703
15875,19704
7717,19705
5711,19706
2005,19707
17016,19708
5877,19709
7060,19710
7689,19711
16223,19712
6903,19713
11633,19714
888,19715
12796,19716
12188,19717
7623,19718
1414,19719
3510,19720
905,19721
8797,19722
9405,19723
10072,19724
8594,19725
1142,19726
9299,19727
8638,19728
3101,19729
1188,19730
16184,19731
5025,19732
455,19733
140,19734
9460,19735
7502,19736
3013,19737
3379,19738
2766,19739
7227,19740
6602,19741
13255,19742
8345,19743
7685,19744
5262,19745
3456,19746
8485,19747
9147,19748
1152,19749
9461,19750
12074,19751
10798,19752
13472,19753
14367,19754
4058,19755
3937,19756
9555,19757
10113,19758
10131,19759
3275,19760
7568,19761
16885,19762
18574,19763
6137,19764
10623,19765
6277,19766
19831,19767
5128,19768
6836,19769
6126,19770
8210,19771
10065,19772
5883,19773
6330,19774
10145,19775
11406,19776
6751,19777
7372,19778
3955,19779
14973,19780
2130,19781
2765,19782
17339,19783
6465,19784
6486,19785
17554,19786
7741,19787
5855,19788
8277,19789
1411,19790
2000,19791
13524,19792
4229,19793
6262,19794
683,19795
340,19796
8417,19797
6347,19798
17967,19799
17535,19800
19431,19801
19887,19802
19292,19803
12649,19804
1330,19805
14687,19806
17019,19807
9571,19808
17374,19809
14735,19810
3050,19811
15217,19812
16970,19813
5972,19814
12174,19815
12782,19816
7687,19817
7058,19818
8249,19819
10203,19820
14606,19821
12073,19822
3674,19823
15929,19824
8233,19825
12112,19826
6805,19827
6472,19828
10981,19829
11960,19830
4643,19831
11357,19832
16505,19833
11714,19834
17915,19835
2909,19836
2275,19837
8745,19838
16261,19839
10744,19840
19853,19841
14950,19842
19359,19843
19956,19844
16147,19845
17606,19846
17021,19847
4918,19848
2102,19849
5520,19850
16440,19851
8239,19852
17371,19853
14418,19854
920,19855
9812,19856
10482,19857
18780,19858
19379,19859
15628,19860
19157,19861
13523,19862
17069,19863
17654,19864
2920,19865
3315,19866
5671,19867
16364,19868
18826,19869
7174,19870
6547,19871
3936,19872
4504,19873
2274,19874
19962,19875
18166,19876
9686,19877
16247,19878
6948,19879
15160,19880
955,19881
10629,19882
837,19883
3451,19884
16158,19885
9833,19886
19223,19887
10082,19888
9848,19889
9923,19890
9955,19891
10732,19892
1232,19893
7340,19894
13220,19895
15603,19896
6224,19897
5517,19898
4422,19899
4394,19900
6166,19901
6215,19902
652,19903
318,19904
8094,19905
7345,19906
9314,19907
11417,19908
7433,19909
8063,19910
9467,19911
356,19912
50,19913
9956,19914
6695,19915
19898,19916
19175,19917
9962,19918
16866,19919
13288,19920
1416,19921
8783,19922
4418,19923
6909,19924
19155,19925
3673,19926
17799,19927
6582,19928
14446,19929
5041,19930
4286,19931
16624,19932
7040,19933
796,19934
7554,19935
14114,19936
12664,19937
4311,19938
16037,19939
6282,19940
14411,19941
5552,19942
14210,19943
14567,19944
19133,19945
17020,19946
17605,19947
16746,19948
7130,19949
4068,19950
6965,19951
10154,19952
13091,19953
17156,19954
11278,19955
11151,19956
13192,19957
18346,19958
11382,19959
13369,19960
13968,19961
19910,19962
12679,19963
3905,19964
16170,19965
6804,19966
1706,19967
7001,19968
7427,19969
9889,19970
2297,19971
10249,19972
15029,19973
2864,19974
4329,19975
10880,19976
14826,19977
12301,19978
19581,19979
4615,19980
2306,19981
5196,19982
5450,19983
6519,19984
5347,19985
4746,19986
10837,19987
1975,19988
7172,19989
3365,19990
17451,19991
734,19992
1527,19993
16244,19994
8109,19995
3228,19996
370,19997
60,19998
8689,19999
10901,20000
4849,20001
2312,20002
1680,20003
17397,20004
9512,20005
11261,20006
15372,20007
17846,20008
13591,20009
13739,20010
14783,20011
14334,20012
1068,20013
18847,20014
19502,20015
3643,20016
14076,20017
12264,20018
791,20019
6917,20020
976,20021
1611,20022
5136,20023
1407,20024
6507,20025
3909,20026
692,20027
18670,20028
4109,20029
10830,20030
1967,20031
7371,20032
7676,20033
7945,20034
3973,20035
19895,20036
8149,20037
620,20038
287,20039
8681,20040
6646,20041
2339,20042
13298,20043
10592,20044
11114,20045
13724,20046
16287,20047
15700,20048
16318,20049
10946,20050
17627,20051
12292,20052
17934,20053
19934,20054
10451,20055
5314,20056
10413,20057
4793,20058
5402,20059
18280,20060
18881,20061
14742,20062
2781,20063
5404,20064
5936,20065
2751,20066
6531,20067
10450,20068
7347,20069
7667,20070
18089,20071
20068,20072
7747,20073
19960,20074
2337,20075
18878,20076
7975,20077
1044,20078
8854,20079
10359,20080
812,20081
15625,20082
19162,20083
16884,20084
8025,20085
13180,20086
3389,20087
9301,20088
10295,20089
11027,20090
3002,20091
15760,20092
15964,20093
12575,20094
11586,20095
10980,20096
19854,20097
3385,20098
4438,20099
397,20100
6354,20101
1402,20102
19057,20103
11168,20104
15362,20105
13201,20106
16128,20107
13555,20108
13157,20109
14153,20110
12552,20111
2971,20112
7033,20113
6401,20114
7736,20115
7800,20116
19953,20117
8428,20118
4185,20119
14487,20120
5695,20121
85,20122
8505,20123
1599,20124
8661,20125
9323,20126
15586,20127
6115,20128
5867,20129
6493,20130
13257,20131
693,20132
19616,20133
10143,20134
622,20135
289,20136
6283,20137
17552,20138
20214,20139
14196,20140
16627,20141
18390,20142
17929,20143
20195,20144
17342,20145
18102,20146
17820,20147
1084,20148
19896,20149
12657,20150
20230,20151
14798,20152
17200,20153
2611,20154
1790,20155
18880,20156
19884,20157
3975,20158
13901,20159
5147,20160
7276,20161
7904,20162
15882,20163
8041,20164
6162,20165
6677,20166
19908,20167
19313,20168
8064,20169
8234,20170
515,20171
195,20172
9455,20173
10123,20174
9564,20175
377,20176
67,20177
964,20178
9982,20179
10649,20180
10611,20181
3820,20182
534,20183
212,20184
9989,20185
10656,20186
15681,20187
4894,20188
5874,20189
6098,20190
6723,20191
8804,20192
420,20193
108,20194
6239,20195
6864,20196
14057,20197
16851,20198
4989,20199
1904,20200
3715,20201
6877,20202
2656,20203
10101,20204
3713,20205
5527,20206
8028,20207
4344,20208
2478,20209
1765,20210
4895,20211
1058,20212
16140,20213
12829,20214
13505,20215
14103,20216
16380,20217
14609,20218
18704,20219
18104,20220
2882,20221
11034,20222
10438,20223
5434,20224
17725,20225
3710,20226
11755,20227
12566,20228
10323,20229
12312,20230
1472,20231
10632,20232
16260,20233
17136,20234
17556,20235
16972,20236
18075,20237
18849,20238
19870,20239
20334,20240
11081,20241
12206,20242
12814,20243
13501,20244
13941,20245
14525,20246
13931,20247
14534,20248
15281,20249
15899,20250
15289,20251
17073,20252
2250,20253
2379,20254
10390,20255
12876,20256
11057,20257
15272,20258
13490,20259
2885,20260
16340,20261
3450,20262
4661,20263
5228,20264
4628,20265
12131,20266
12740,20267
12050,20268
5260,20269
5908,20270
6413,20271
6479,20272
6534,20273
6988,20274
7044,20275
7217,20276
4170,20277
10389,20278
7668,20279
7039,20280
16807,20281
7804,20282
7173,20283
13442,20284
12833,20285
8336,20286
10335,20287
8391,20288
9066,20289
3432,20290
5240,20291
7591,20292
9120,20293
8457,20294
9133,20295
16452,20296
11464,20297
9141,20298
918,20299
16944,20300
15922,20301
17679,20302
18595,20303
2001,20304
15838,20305
19397,20306
3477,20307
10826,20308
937,20309
1573,20310
4073,20311
9095,20312
5122,20313
9565,20314
547,20315
223,20316
9653,20317
19374,20318
9720,20319
12841,20320
11022,20321
5106,20322
9806,20323
16827,20324
9994,20325
1135,20326
16176,20327
17353,20328
7962,20329
4903,20330
6857,20331
7484,20332
3176,20333
6881,20334
512,20335
193,20336
9995,20337
10748,20338
5022,20339
481,20340
165,20341
9997,20342
13311,20343
13232,20344
4283,20345
9998,20346
2858,20347
9025,20348
