Node ID,Order
1,0
10,1
11,2
12,3
13,4
14,5
15,6
16,7
17,8
18,9
19,10
2,11
20,12
21,13
22,14
23,15
24,16
25,17
26,18
27,19
28,20
29,21
3,22
30,23
31,24
32,25
33,26
34,27
35,28
36,29
37,30
38,31
39,32
4,33
5,34
6,35
7,36
8,37
9,38
344,39
447,40
448,41
458,42
498,43
504,44
505,45
514,46
522,47
523,48
538,49
345,50
539,51
549,52
550,53
555,54
556,55
569,56
578,57
590,58
602,59
614,60
357,61
629,62
653,63
654,64
659,65
660,66
661,67
662,68
673,69
674,70
675,71
358,72
368,73
369,74
379,75
385,76
434,77
4389,78
2420,79
3160,80
10110,81
9953,82
16181,83
4941,84
6797,85
5014,86
6231,87
10674,88
1878,89
6221,90
5567,91
9354,92
3812,93
3784,94
3122,95
6796,96
3113,97
6801,98
1922,99
6819,100
4948,101
2513,102
10727,103
1278,104
3175,105
10664,106
10070,107
1268,108
7469,109
6134,110
14987,111
4963,112
10027,113
13833,114
5584,115
7459,116
1777,117
8087,118
16783,119
1220,120
1806,121
1829,122
7420,123
9315,124
8113,125
16773,126
8758,127
10764,128
1766,129
1155,130
3205,131
5589,132
3733,133
5550,134
1201,135
6163,136
7979,137
7442,138
7489,139
2426,140
1166,141
17362,142
3787,143
8050,144
10739,145
8035,146
4367,147
17364,148
9983,149
4361,150
3202,151
13236,152
10791,153
8089,154
8034,155
9970,156
16196,157
3132,158
7487,159
9385,160
6748,161
7390,162
7460,163
16185,164
4982,165
10109,166
9255,167
3071,168
6790,169
6190,170
4881,171
4950,172
5540,173
5587,174
19148,175
8595,176
6862,177
4978,178
1214,179
13824,180
4391,181
2534,182
10114,183
7405,184
6826,185
17950,186
8678,187
6146,188
2566,189
4929,190
10122,191
8670,192
6156,193
6179,194
1842,195
5606,196
9441,197
1856,198
1831,199
13812,200
15596,201
6184,202
5544,203
3801,204
8785,205
4915,206
3761,207
10708,208
13801,209
6210,210
10023,211
4987,212
2544,213
10780,214
2470,215
5578,216
5560,217
2550,218
6211,219
9421,220
18526,221
9973,222
6106,223
1177,224
10671,225
8633,226
8651,227
1920,228
8691,229
10661,230
8012,231
17942,232
16182,233
5006,234
9999,235
6201,236
6789,237
9358,238
15601,239
3121,240
4943,241
3758,242
10787,243
10106,244
17949,245
7342,246
2465,247
6835,248
9360,249
10704,250
6204,251
1286,252
9340,253
8667,254
10701,255
3186,256
1143,257
10083,258
6807,259
9306,260
10587,261
2506,262
3211,263
3786,264
8603,265
1284,266
8588,267
5519,268
1141,269
9290,270
5547,271
5559,272
7984,273
10729,274
8627,275
4951,276
6220,277
10714,278
13216,279
6229,280
8054,281
10777,282
17363,283
10659,284
1824,285
9388,286
9931,287
9399,288
15573,289
6186,290
2443,291
8718,292
1869,293
4913,294
5545,295
3773,296
15526,297
9967,298
8614,299
1865,300
435,301
8102,302
14996,303
8652,304
4323,305
10627,306
7494,307
17355,308
3203,309
10702,310
1863,311
5577,312
1241,313
5551,314
9257,315
8719,316
15012,317
10102,318
3066,319
8777,320
2520,321
9992,322
8619,323
10628,324
6140,325
7450,326
15000,327
10034,328
1802,329
8070,330
1233,331
4938,332
1896,333
9443,334
8794,335
15007,336
4995,337
6222,338
122,339
6757,340
15585,341
9313,342
2450,343
6767,344
9449,345
6884,346
7501,347
10637,348
1227,349
4977,350
1877,351
4931,352
10138,353
2456,354
6844,355
9470,356
10137,357
8796,358
7512,359
8143,360
8805,361
10807,362
8136,363
2469,364
6747,365
8767,366
12012,367
10017,368
9941,369
1277,370
1931,371
10111,372
10776,373
3785,374
1910,375
6847,376
3719,377
10021,378
5524,379
9469,380
6185,381
1825,382
610,383
8131,384
11347,385
4932,386
9397,387
3058,388
18408,389
584,390
14945,391
1822,392
599,393
375,394
3666,395
442,396
449,397
463,398
565,399
8195,400
12539,401
4904,402
10766,403
11408,404
14223,405
6772,406
17897,407
14845,408
9401,409
14043,410
4415,411
2439,412
13144,413
12006,414
17635,415
6064,416
12492,417
16098,418
382,419
6810,420
4958,421
278,422
8020,423
7438,424
10788,425
8773,426
7971,427
7423,428
254,429
3174,430
9993,431
268,432
65,433
17360,434
129,435
134,436
147,437
237,438
7998,439
14422,440
9981,441
2460,442
9345,443
8730,444
2580,445
10116,446
4960,447
5554,448
3040,449
9411,450
7988,451
2466,452
9322,453
10678,454
5533,455
71,456
8632,457
8708,458
16191,459
3139,460
2512,461
5247,462
5000,463
9418,464
3094,465
13819,466
7961,467
10773,468
2494,469
5983,470
7474,471
14413,472
8743,473
1262,474
12483,475
656,476
16174,477
14836,478
10774,479
1290,480
14092,481
2523,482
5539,483
10117,484
9277,485
10031,486
9310,487
2574,488
1938,489
3817,490
1937,491
1926,492
10132,493
1301,494
10133,495
8801,496
2575,497
4420,498
3130,499
12526,500
9465,501
10802,502
8138,503
17367,504
14427,505
320,506
9464,507
18540,508
20145,509
18551,510
19144,511
7507,512
1302,513
10801,514
3210,515
17952,516
8800,517
453,518
404,519
518,520
478,521
477,522
7344,523
493,524
444,525
391,526
431,527
405,528
492,529
10630,530
452,531
509,532
443,533
476,534
13832,535
501,536
417,537
465,538
9977,539
13746,540
517,541
15807,542
16502,543
17030,544
2282,545
2800,546
454,547
430,548
418,549
467,550
392,551
466,552
138,553
92,554
198,555
162,556
161,557
16092,558
177,559
131,560
79,561
119,562
93,563
176,564
8306,565
137,566
190,567
130,568
160,569
9330,570
184,571
105,572
149,573
4399,574
197,575
139,576
118,577
106,578
151,579
80,580
150,581
5511,582
9201,583
1735,584
8968,585
8972,586
14985,587
14931,588
14341,589
10728,590
9940,591
19336,592
6218,593
8039,594
6843,595
3734,596
17372,597
17373,598
17380,599
17381,600
17383,601
10016,602
10040,603
6500,604
17474,605
1749,606
6555,607
1750,608
10129,609
10147,610
6581,611
10150,612
10155,613
10156,614
10158,615
10162,616
10164,617
10165,618
10169,619
10176,620
10177,621
10184,622
10185,623
10186,624
10189,625
6620,626
1019,627
6627,628
10196,629
10197,630
10207,631
10208,632
10210,633
10211,634
10213,635
10217,636
6652,637
10220,638
6655,639
10223,640
6658,641
10226,642
10227,643
10229,644
10237,645
6682,646
17626,647
6687,648
6700,649
6701,650
17642,651
6722,652
17676,653
6754,654
6758,655
6759,656
6760,657
6768,658
17714,659
6783,660
1774,661
6806,662
6838,663
10408,664
6841,665
10409,666
17797,667
1043,668
17803,669
17806,670
17817,671
10444,672
688,673
17828,674
6890,675
6891,676
6892,677
17833,678
6894,679
6893,680
6896,681
1784,682
6899,683
690,684
6900,685
6902,686
6903,687
10471,688
6906,689
691,690
6911,691
17853,692
6916,693
692,694
6920,695
17862,696
6924,697
17867,698
17868,699
6928,700
6931,701
6934,702
6935,703
6937,704
6940,705
17882,706
17886,707
6946,708
6948,709
1789,710
17894,711
10531,712
17908,713
10538,714
1056,715
10561,716
10568,717
17944,718
10576,719
10588,720
17962,721
17963,722
17966,723
17968,724
703,725
7037,726
10608,727
10635,728
10655,729
1804,730
7099,731
18046,732
1805,733
7112,734
10681,735
18054,736
10685,737
10695,738
713,739
10718,740
10726,741
10731,742
1811,743
10737,744
717,745
18113,746
10751,747
719,748
721,749
7245,750
10815,751
10817,752
725,753
7255,754
727,755
7270,756
18214,757
7274,758
7277,759
7278,760
7280,761
18224,762
10851,763
10855,764
729,765
7290,766
18240,767
731,768
7321,769
18265,770
733,771
18272,772
10907,773
7343,774
735,775
7355,776
7371,777
7378,778
10948,779
7393,780
7394,781
10967,782
741,783
7412,784
742,785
7427,786
10996,787
7431,788
7434,789
11002,790
11004,791
744,792
11013,793
1839,794
745,795
18399,796
1103,797
747,798
18420,799
18424,800
18426,801
749,802
7491,803
18432,804
18443,805
18444,806
11071,807
18449,808
751,809
18453,810
7521,811
7523,812
18471,813
18475,814
18479,815
7541,816
18484,817
18485,818
7544,819
7545,820
7546,821
7547,822
7549,823
18491,824
7557,825
18500,826
7564,827
7565,828
7566,829
18507,830
7572,831
7574,832
7575,833
7578,834
18521,835
18525,836
18541,837
18542,838
18545,839
761,840
18554,841
18556,842
18559,843
18563,844
18568,845
764,846
18588,847
11216,848
765,849
11219,850
11220,851
1860,852
766,853
11232,854
11242,855
768,856
11250,857
11256,858
11262,859
771,860
772,861
11299,862
774,863
11317,864
1133,865
1871,866
18713,867
11349,868
7781,869
11355,870
779,871
11360,872
18734,873
1874,874
780,875
18746,876
11376,877
1875,878
18750,879
781,880
11384,881
782,882
7820,883
783,884
11399,885
7831,886
18792,887
11420,888
11421,889
11424,890
11425,891
18800,892
7874,893
7875,894
7876,895
7878,896
7880,897
11451,898
1883,899
7891,900
18833,901
7893,902
7897,903
7918,904
11500,905
11502,906
7955,907
11524,908
7964,909
7970,910
8010,911
11592,912
8025,913
8041,914
11618,915
8055,916
19002,917
19009,918
19014,919
11645,920
11648,921
19021,922
8081,923
19034,924
8093,925
19035,926
19048,927
19057,928
8115,929
1906,930
8128,931
19084,932
19090,933
8151,934
19097,935
8156,936
8157,937
8159,938
8162,939
8163,940
8165,941
8167,942
19109,943
8168,944
8169,945
1174,946
8171,947
8179,948
19121,949
8181,950
8183,951
8190,952
19133,953
8194,954
8196,955
8201,956
8209,957
6444,958
6485,959
10089,960
10096,961
10140,962
17536,963
17547,964
6631,965
6632,966
6639,967
17645,968
17648,969
6720,970
17673,971
17693,972
10330,973
1772,974
6811,975
6815,976
10398,977
10407,978
1042,979
17804,980
10431,981
10433,982
17808,983
17821,984
17827,985
17840,986
6908,987
17852,988
17860,989
1049,990
17865,991
6942,992
17893,993
10558,994
10578,995
10582,996
10615,997
7056,998
18000,999
18051,1000
7118,1001
18061,1002
18067,1003
10699,1004
7166,1005
7179,1006
18134,1007
18155,1008
18161,1009
18170,1010
10814,1011
18190,1012
7257,1013
10866,1014
7302,1015
7327,1016
7328,1017
7331,1018
7346,1019
10922,1020
7356,1021
7389,1022
10957,1023
1838,1024
11019,1025
7455,1026
18404,1027
7485,1028
18435,1029
11063,1030
18458,1031
11094,1032
11107,1033
18493,1034
18508,1035
18509,1036
11166,1037
11168,1038
1855,1039
7672,1040
7677,1041
11259,1042
1864,1043
18650,1044
11281,1045
7739,1046
1132,1047
7799,1048
18741,1049
18747,1050
18758,1051
18759,1052
1876,1053
18781,1054
18782,1055
11413,1056
18798,1057
7861,1058
18815,1059
11510,1060
7945,1061
7989,1062
7997,1063
1895,1064
8015,1065
11588,1066
6438,1067
10030,1068
6624,1069
17587,1070
10282,1071
17723,1072
6832,1073
6866,1074
17824,1075
10514,1076
10589,1077
7095,1078
18082,1079
10758,1080
10765,1081
18141,1082
10848,1083
18263,1084
18419,1085
18436,1086
11269,1087
11313,1088
18769,1089
11561,1090
18997,1091
19003,1092
11633,1093
11640,1094
19015,1095
19016,1096
19017,1097
8077,1098
1902,1099
19020,1100
8080,1101
19026,1102
8090,1103
19032,1104
19043,1105
11675,1106
1168,1107
19055,1108
19060,1109
19079,1110
8155,1111
19115,1112
19151,1113
19152,1114
8212,1115
19154,1116
8215,1117
19159,1118
8219,1119
1179,1120
8221,1121
19165,1122
8224,1123
8227,1124
8229,1125
11799,1126
8231,1127
19183,1128
11829,1129
11837,1130
11842,1131
11847,1132
19221,1133
11850,1134
19235,1135
830,1136
11870,1137
19243,1138
8316,1139
11887,1140
19275,1141
1191,1142
11911,1143
11912,1144
11914,1145
19289,1146
1192,1147
8355,1148
11938,1149
19312,1150
8375,1151
19321,1152
8382,1153
19326,1154
11956,1155
11957,1156
11959,1157
19337,1158
11967,1159
11968,1160
8407,1161
19350,1162
19351,1163
11984,1164
12001,1165
12003,1166
19383,1167
12011,1168
1940,1169
12027,1170
8468,1171
848,1172
19426,1173
17553,1174
17595,1175
6713,1176
17832,1177
6913,1178
10512,1179
10516,1180
17909,1181
17943,1182
10620,1183
18132,1184
18156,1185
7221,1186
7272,1187
10841,1188
1837,1189
11072,1190
11087,1191
11265,1192
7715,1193
11331,1194
18778,1195
18969,1196
8079,1197
11852,1198
11902,1199
11950,1200
12007,1201
8443,1202
1944,1203
8500,1204
12071,1205
12078,1206
8517,1207
852,1208
8520,1209
19463,1210
8524,1211
8535,1212
8537,1213
17738,1214
1071,1215
18276,1216
10963,1217
7755,1218
11363,1219
11364,1220
19112,1221
8175,1222
19493,1223
8556,1224
12132,1225
12133,1226
857,1227
12143,1228
8579,1229
12155,1230
859,1231
12167,1232
1217,1233
8606,1234
12178,1235
862,1236
19565,1237
8623,1238
12192,1239
8629,1240
19574,1241
8669,1242
19611,1243
8672,1244
12243,1245
1962,1246
12247,1247
19621,1248
8687,1249
8689,1250
19633,1251
19635,1252
19636,1253
19637,1254
19638,1255
8697,1256
8699,1257
8700,1258
8705,1259
8706,1260
19647,1261
12282,1262
19657,1263
1966,1264
19667,1265
8728,1266
873,1267
19673,1268
12302,1269
12303,1270
19678,1271
19681,1272
19682,1273
12309,1274
19684,1275
19686,1276
19688,1277
8746,1278
1969,1279
12316,1280
19693,1281
19698,1282
12326,1283
19700,1284
19701,1285
19705,1286
19709,1287
19714,1288
8780,1289
19731,1290
19733,1291
19744,1292
19747,1293
12374,1294
8812,1295
8813,1296
8814,1297
19757,1298
19755,1299
8815,1300
19758,1301
1239,1302
8823,1303
8825,1304
1977,1305
8829,1306
8830,1307
8831,1308
8838,1309
8840,1310
8842,1311
8843,1312
8844,1313
8845,1314
8848,1315
12415,1316
8849,1317
8850,1318
12419,1319
8852,1320
8860,1321
8861,1322
8863,1323
8865,1324
8866,1325
8867,1326
8868,1327
1981,1328
8871,1329
8873,1330
8874,1331
12441,1332
8876,1333
8877,1334
1982,1335
12447,1336
8880,1337
19821,1338
8882,1339
12452,1340
8887,1341
8891,1342
8901,1343
12474,1344
1985,1345
19855,1346
12485,1347
12490,1348
12491,1349
19865,1350
19869,1351
12496,1352
1987,1353
8929,1354
19871,1355
12499,1356
8932,1357
12501,1358
12506,1359
8942,1360
19889,1361
12516,1362
12524,1363
12527,1364
1992,1365
19921,1366
19922,1367
1255,1368
19927,1369
1256,1370
19938,1371
8999,1372
1994,1373
19947,1374
19967,1375
12599,1376
9031,1377
9032,1378
19979,1379
1998,1380
19980,1381
9043,1382
12615,1383
12617,1384
19993,1385
19996,1386
12629,1387
9060,1388
12634,1389
12636,1390
12637,1391
9073,1392
20016,1393
20020,1394
9085,1395
9096,1396
9099,1397
20057,1398
2006,1399
12688,1400
1269,1401
12689,1402
20061,1403
2007,1404
12707,1405
12717,1406
9154,1407
2010,1408
2011,1409
12739,1410
9179,1411
20119,1412
9184,1413
2013,1414
9197,1415
9207,1416
12783,1417
12785,1418
12788,1419
9226,1420
12805,1421
20187,1422
9248,1423
9260,1424
9261,1425
12830,1426
12831,1427
20208,1428
20209,1429
9268,1430
20210,1431
20217,1432
12847,1433
2022,1434
20221,1435
9286,1436
20228,1437
9291,1438
9292,1439
20234,1440
9294,1441
6445,1442
10038,1443
6498,1444
10066,1445
17441,1446
6508,1447
17460,1448
6576,1449
6579,1450
6593,1451
6654,1452
6668,1453
17664,1454
6739,1455
6762,1456
10350,1457
6792,1458
6889,1459
17836,1460
17847,1461
10539,1462
7066,1463
18022,1464
7098,1465
18076,1466
18125,1467
10772,1468
7213,1469
18164,1470
18173,1471
7248,1472
7250,1473
7299,1474
7366,1475
7444,1476
18387,1477
7463,1478
18409,1479
18411,1480
18417,1481
11046,1482
11060,1483
11084,1484
18466,1485
1111,1486
18489,1487
18518,1488
11218,1489
7663,1490
11239,1491
11246,1492
11255,1493
7704,1494
18653,1495
11287,1496
11302,1497
7749,1498
11335,1499
7810,1500
7824,1501
18770,1502
7873,1503
6469,1504
6745,1505
10725,1506
7180,1507
7629,1508
11247,1509
7881,1510
11467,1511
790,1512
11475,1513
7907,1514
7919,1515
7921,1516
18890,1517
11571,1518
11578,1519
8074,1520
19027,1521
8119,1522
19067,1523
1908,1524
11723,1525
19105,1526
11735,1527
19124,1528
19145,1529
11891,1530
11907,1531
11920,1532
8353,1533
11958,1534
11966,1535
11988,1536
12022,1537
8477,1538
19451,1539
8530,1540
8565,1541
12180,1542
8613,1543
19615,1544
19645,1545
12298,1546
12353,1547
8809,1548
12379,1549
12424,1550
8892,1551
10300,1552
10553,1553
10819,1554
7845,1555
7959,1556
8057,1557
11843,1558
11856,1559
1935,1560
12066,1561
1954,1562
19734,1563
12466,1564
8930,1565
19882,1566
19883,1567
12513,1568
20088,1569
1272,1570
20135,1571
9206,1572
20163,1573
9258,1574
20204,1575
20216,1576
9284,1577
9285,1578
9300,1579
9301,1580
20244,1581
12880,1582
20254,1583
20257,1584
20258,1585
20259,1586
12885,1587
20261,1588
12892,1589
12893,1590
9326,1591
9329,1592
9331,1593
9336,1594
9337,1595
2028,1596
12912,1597
20286,1598
20285,1599
9349,1600
9352,1601
20295,1602
20296,1603
20299,1604
20305,1605
20316,1606
20317,1607
12956,1608
9391,1609
20334,1610
9394,1611
9396,1612
20340,1613
9403,1614
20346,1615
9406,1616
20348,1617
2035,1618
2038,1619
12982,1620
2040,1621
2044,1622
2047,1623
9450,1624
9452,1625
13023,1626
13026,1627
2089,1628
9463,1629
1303,1630
13032,1631
13035,1632
13039,1633
13042,1634
9477,1635
13045,1636
9481,1637
9482,1638
13050,1639
9485,1640
13053,1641
9487,1642
13055,1643
9488,1644
9493,1645
13061,1646
9494,1647
9495,1648
13064,1649
2121,1650
13062,1651
9500,1652
13072,1653
9504,1654
13073,1655
9505,1656
13076,1657
13075,1658
13078,1659
9507,1660
9509,1661
13079,1662
1308,1663
9511,1664
2138,1665
13083,1666
9518,1667
9520,1668
13089,1669
13090,1670
9523,1671
9526,1672
2154,1673
9529,1674
13097,1675
9531,1676
9533,1677
2160,1678
13107,1679
9540,1680
2168,1681
9542,1682
9544,1683
13112,1684
13115,1685
9556,1686
13124,1687
13127,1688
9566,1689
2196,1690
13149,1691
1315,1692
13159,1693
9593,1694
2222,1695
13165,1696
961,1697
9610,1698
2236,1699
1318,1700
13180,1701
9615,1702
13187,1703
9622,1704
2254,1705
13197,1706
2262,1707
13203,1708
13204,1709
9636,1710
13213,1711
9647,1712
13215,1713
13218,1714
1322,1715
13228,1716
1323,1717
9664,1718
13234,1719
13238,1720
13241,1721
9675,1722
13242,1723
13246,1724
13247,1725
9681,1726
1325,1727
9682,1728
9690,1729
13260,1730
9694,1731
1327,1732
971,1733
1329,1734
973,1735
9737,1736
9741,1737
9742,1738
2375,1739
975,1740
2378,1741
9753,1742
9756,1743
1333,1744
9762,1745
13332,1746
13334,1747
9770,1748
2400,1749
2402,1750
2403,1751
2406,1752
9781,1753
2418,1754
13362,1755
13363,1756
9796,1757
2424,1758
980,1759
9807,1760
2435,1761
2438,1762
1338,1763
2445,1764
2447,1765
2451,1766
13402,1767
2462,1768
9841,1769
9843,1770
2476,1771
9857,1772
2485,1773
13429,1774
1343,1775
13432,1776
9865,1777
13434,1778
9870,1779
13440,1780
2505,1781
9880,1782
1345,1783
9889,1784
1346,1785
9896,1786
9901,1787
9911,1788
1348,1789
9915,1790
2545,1791
2553,1792
13496,1793
2556,1794
2564,1795
2568,1796
2569,1797
2570,1798
9947,1799
13515,1800
9954,1801
13527,1802
1353,1803
9969,1804
2598,1805
9971,1806
1354,1807
2601,1808
2607,1809
2610,1810
2612,1811
9988,1812
2615,1813
9997,1814
2623,1815
13566,1816
2625,1817
2628,1818
2629,1819
2630,1820
2634,1821
2636,1822
2642,1823
2643,1824
2644,1825
2645,1826
2646,1827
2648,1828
2652,1829
2658,1830
1360,1831
2659,1832
2660,1833
2663,1834
2665,1835
2667,1836
1361,1837
2670,1838
13619,1839
2679,1840
13620,1841
2680,1842
13622,1843
2682,1844
2684,1845
2685,1846
2686,1847
13631,1848
2690,1849
13637,1850
13639,1851
13641,1852
13647,1853
13654,1854
13656,1855
17432,1856
6509,1857
6516,1858
10085,1859
10091,1860
17467,1861
17499,1862
17515,1863
10144,1864
17526,1865
17537,1866
1017,1867
10172,1868
17563,1869
6623,1870
1020,1871
10216,1872
17601,1873
6669,1874
17750,1875
17757,1876
6818,1877
6845,1878
1781,1879
17826,1880
17885,1881
10534,1882
17911,1883
6976,1884
10580,1885
10593,1886
10602,1887
10609,1888
7071,1889
10640,1890
10641,1891
7106,1892
18053,1893
7136,1894
10710,1895
7146,1896
18100,1897
10730,1898
7210,1899
18154,1900
7215,1901
18167,1902
18182,1903
18203,1904
7263,1905
18216,1906
7324,1907
10912,1908
10928,1909
7430,1910
18373,1911
11000,1912
11029,1913
18406,1914
18418,1915
18427,1916
7515,1917
11090,1918
18472,1919
11119,1920
18511,1921
11199,1922
18576,1923
1122,1924
18618,1925
18633,1926
1870,1927
11343,1928
18729,1929
7795,1930
18755,1931
7821,1932
7834,1933
7883,1934
18824,1935
7884,1936
1147,1937
11470,1938
11472,1939
11473,1940
7947,1941
7986,1942
11572,1943
11582,1944
11583,1945
802,1946
8031,1947
19024,1948
11673,1949
19056,1950
19085,1951
1911,1952
19110,1953
11813,1954
1919,1955
11845,1956
11886,1957
19270,1958
19286,1959
11918,1960
8352,1961
1932,1962
8392,1963
8399,1964
8447,1965
12016,1966
8455,1967
8474,1968
19438,1969
19457,1970
8518,1971
8519,1972
12166,1973
19558,1974
8621,1975
19564,1976
19570,1977
12199,1978
12206,1979
8666,1980
19607,1981
19609,1982
19610,1983
12250,1984
8694,1985
19683,1986
875,1987
19720,1988
12378,1989
8819,1990
19790,1991
19796,1992
8885,1993
12467,1994
12469,1995
12481,1996
19929,1997
19948,1998
19978,1999
19982,2000
19988,2001
9071,2002
9108,2003
9157,2004
20134,2005
12787,2006
12790,2007
9266,2008
20213,2009
20219,2010
9282,2011
12863,2012
9297,2013
20242,2014
932,2015
20273,2016
9333,2017
934,2018
20284,2019
9350,2020
12928,2021
20312,2022
9390,2023
12961,2024
9473,2025
948,2026
9502,2027
2137,2028
13095,2029
9596,2030
966,2031
9662,2032
2297,2033
9723,2034
9730,2035
9747,2036
2389,2037
9773,2038
13341,2039
13387,2040
13428,2041
9879,2042
13452,2043
13484,2044
13488,2045
9927,2046
13501,2047
13537,2048
13563,2049
1359,2050
13599,2051
13601,2052
13618,2053
13625,2054
13629,2055
13646,2056
1366,2057
13661,2058
13665,2059
13670,2060
2731,2061
13675,2062
13677,2063
1368,2064
13682,2065
13686,2066
13689,2067
1369,2068
13692,2069
13693,2070
13695,2071
2756,2072
13703,2073
13707,2074
1371,2075
13710,2076
2771,2077
13714,2078
1372,2079
1373,2080
13732,2081
13737,2082
13744,2083
2807,2084
2828,2085
2831,2086
10033,2087
17410,2088
1755,2089
1756,2090
1024,2091
10265,2092
10322,2093
10349,2094
10362,2095
10378,2096
10394,2097
17857,2098
1051,2099
17923,2100
1793,2101
10648,2102
10669,2103
7145,2104
10719,2105
7154,2106
10754,2107
1077,2108
18187,2109
7311,2110
7386,2111
740,2112
10977,2113
18393,2114
18412,2115
18474,2116
11134,2117
18522,2118
11192,2119
11193,2120
11198,2121
11207,2122
11217,2123
11240,2124
1129,2125
11312,2126
11426,2127
7877,2128
11460,2129
18951,2130
11621,2131
19010,2132
19019,2133
19053,2134
19061,2135
19089,2136
11730,2137
8197,2138
11817,2139
11859,2140
11874,2141
11905,2142
19293,2143
12002,2144
8448,2145
8494,2146
19454,2147
8571,2148
8572,2149
19598,2150
8716,2151
19664,2152
8737,2153
12375,2154
12438,2155
8872,2156
12449,2157
8886,2158
19836,2159
8899,2160
12473,2161
12479,2162
8934,2163
12502,2164
12504,2165
12521,2166
19935,2167
19974,2168
12648,2169
1266,2170
12669,2171
20076,2172
9213,2173
12784,2174
12807,2175
20180,2176
1282,2177
20227,2178
1289,2179
20311,2180
12987,2181
2061,2182
2071,2183
9586,2184
13294,2185
2369,2186
13321,2187
9755,2188
2415,2189
9846,2190
9871,2191
13458,2192
9905,2193
2560,2194
13564,2195
2669,2196
2694,2197
13660,2198
13679,2199
13705,2200
13775,2201
13777,2202
13789,2203
13795,2204
2853,2205
1380,2206
13805,2207
13810,2208
13814,2209
13821,2210
2880,2211
2888,2212
13831,2213
13838,2214
13839,2215
1384,2216
2897,2217
13845,2218
2905,2219
1385,2220
2908,2221
1386,2222
2921,2223
13865,2224
2924,2225
1387,2226
2932,2227
1388,2228
2948,2229
2954,2230
2958,2231
1391,2232
13910,2233
1392,2234
1393,2235
13932,2236
13933,2237
2999,2238
3000,2239
13944,2240
3004,2241
3005,2242
3007,2243
13951,2244
3013,2245
3014,2246
3017,2247
3020,2248
13965,2249
3023,2250
13967,2251
3026,2252
13973,2253
3033,2254
3035,2255
13981,2256
3042,2257
3043,2258
13991,2259
3051,2260
3052,2261
13996,2262
3057,2263
3059,2264
14001,2265
3065,2266
1401,2267
3078,2268
3081,2269
3087,2270
3088,2271
14029,2272
14032,2273
3092,2274
3096,2275
1404,2276
14045,2277
14046,2278
3105,2279
3108,2280
14055,2281
1407,2282
3134,2283
3141,2284
3142,2285
14085,2286
3144,2287
3148,2288
3152,2289
3153,2290
14099,2291
14102,2292
3166,2293
1412,2294
3179,2295
14122,2296
3188,2297
1413,2298
14131,2299
3195,2300
3196,2301
1414,2302
1415,2303
3209,2304
3212,2305
14154,2306
3218,2307
14169,2308
1417,2309
3230,2310
3231,2311
3232,2312
3235,2313
3241,2314
3242,2315
3245,2316
3246,2317
3251,2318
3252,2319
14197,2320
3255,2321
3257,2322
3258,2323
3260,2324
3261,2325
3263,2326
14211,2327
3270,2328
3272,2329
14214,2330
3273,2331
14216,2332
14219,2333
3280,2334
3281,2335
14225,2336
3285,2337
14226,2338
3287,2339
14231,2340
3292,2341
3294,2342
14236,2343
3296,2344
3297,2345
14240,2346
3300,2347
14242,2348
14248,2349
14250,2350
14251,2351
14253,2352
3323,2353
14266,2354
3330,2355
14273,2356
14274,2357
14278,2358
14282,2359
14283,2360
14287,2361
14289,2362
14290,2363
1429,2364
14299,2365
14309,2366
1431,2367
1432,2368
14336,2369
3397,2370
14342,2371
3401,2372
3402,2373
14347,2374
14348,2375
3407,2376
14349,2377
3415,2378
14360,2379
3421,2380
14368,2381
3431,2382
14374,2383
3440,2384
14383,2385
14386,2386
3449,2387
3455,2388
14398,2389
3458,2390
14403,2391
14406,2392
14407,2393
3468,2394
3474,2395
3486,2396
3487,2397
14433,2398
14434,2399
14435,2400
14438,2401
3498,2402
14439,2403
3497,2404
3505,2405
1445,2406
3515,2407
3520,2408
14466,2409
3527,2410
3535,2411
3539,2412
3541,2413
14486,2414
3556,2415
14506,2416
3565,2417
1451,2418
3570,2419
3574,2420
3579,2421
14525,2422
14526,2423
14545,2424
3604,2425
3610,2426
3618,2427
3621,2428
3623,2429
3626,2430
3629,2431
3634,2432
14581,2433
3640,2434
3641,2435
3645,2436
3646,2437
14591,2438
3650,2439
14592,2440
14598,2441
14603,2442
10045,2443
10050,2444
10053,2445
10071,2446
6507,2447
17459,2448
1748,2449
1758,2450
10230,2451
10246,2452
10277,2453
17652,2454
1767,2455
6752,2456
6763,2457
10415,2458
17851,2459
6915,2460
6956,2461
6987,2462
10594,2463
17983,2464
10622,2465
707,2466
18042,2467
10705,2468
7139,2469
10735,2470
7170,2471
718,2472
10763,2473
7227,2474
7254,2475
10838,2476
10858,2477
10874,2478
7380,2479
10953,2480
7387,2481
18334,2482
18355,2483
10991,2484
10992,2485
18376,2486
18380,2487
7467,2488
11048,2489
7506,2490
18450,2491
1846,2492
11102,2493
11109,2494
11110,2495
18492,2496
18505,2497
7569,2498
757,2499
760,2500
7600,2501
7611,2502
18584,2503
18596,2504
11237,2505
11238,2506
11258,2507
7694,2508
11266,2509
11277,2510
11291,2511
11294,2512
11338,2513
7797,2514
7805,2515
18754,2516
7869,2517
787,2518
7895,2519
18848,2520
18873,2521
7952,2522
7957,2523
11536,2524
7972,2525
798,2526
7987,2527
11560,2528
1894,2529
18957,2530
19013,2531
11650,2532
11681,2533
11705,2534
815,2535
8150,2536
19119,2537
19139,2538
11772,2539
11778,2540
8232,2541
1918,2542
11808,2543
11809,2544
11821,2545
11824,2546
11840,2547
8280,2548
8292,2549
8299,2550
8326,2551
19276,2552
8345,2553
11926,2554
19303,2555
11955,2556
19359,2557
12026,2558
8485,2559
12054,2560
12093,2561
8566,2562
8584,2563
19556,2564
19567,2565
1957,2566
863,2567
867,2568
8681,2569
12255,2570
12276,2571
871,2572
19665,2573
19692,2574
19697,2575
6602,2576
6646,2577
17663,2578
7026,2579
7075,2580
18098,2581
10762,2582
18140,2583
10860,2584
1087,2585
10875,2586
10883,2587
11170,2588
11176,2589
7608,2590
18553,2591
762,2592
11214,2593
11221,2594
18615,2595
18621,2596
7685,2597
7714,2598
18719,2599
11404,2600
7922,2601
18988,2602
11649,2603
19037,2604
11781,2605
19228,2606
11884,2607
11893,2608
12009,2609
12014,2610
847,2611
19443,2612
12163,2613
8625,2614
8703,2615
12347,2616
1974,2617
12369,2618
19759,2619
8821,2620
12401,2621
12410,2622
12426,2623
12429,2624
12434,2625
8870,2626
12442,2627
8893,2628
12488,2629
12494,2630
19872,2631
12512,2632
12598,2633
12616,2634
19998,2635
12662,2636
20055,2637
12694,2638
2008,2639
12735,2640
20130,2641
12761,2642
9212,2643
20158,2644
9228,2645
9275,2646
930,2647
20272,2648
12900,2649
12909,2650
20297,2651
20303,2652
12933,2653
20306,2654
12942,2655
20344,2656
12977,2657
2056,2658
13003,2659
9444,2660
9445,2661
9447,2662
2086,2663
2090,2664
13037,2665
2109,2666
9496,2667
9514,2668
13088,2669
2158,2670
2174,2671
9554,2672
13123,2673
13125,2674
2193,2675
13155,2676
2227,2677
1321,2678
13243,2679
9685,2680
13273,2681
2364,2682
9763,2683
9812,2684
9814,2685
9821,2686
9866,2687
2516,2688
2518,2689
2522,2690
2529,2691
2543,2692
9921,2693
1351,2694
13516,2695
1352,2696
9968,2697
2618,2698
13587,2699
2654,2700
13597,2701
2683,2702
2709,2703
13650,2704
13653,2705
13694,2706
13706,2707
2783,2708
2795,2709
13751,2710
2816,2711
13758,2712
1376,2713
1379,2714
2868,2715
2895,2716
2918,2717
13860,2718
2928,2719
2980,2720
3001,2721
1396,2722
14048,2723
14110,2724
3194,2725
14142,2726
3207,2727
3229,2728
3274,2729
3283,2730
3290,2731
3347,2732
14297,2733
3367,2734
14311,2735
3379,2736
3381,2737
3398,2738
1434,2739
1435,2740
3411,2741
3433,2742
3510,2743
3518,2744
14462,2745
14472,2746
1452,2747
3615,2748
14566,2749
3664,2750
14611,2751
3670,2752
14613,2753
3676,2754
14619,2755
1462,2756
14620,2757
3680,2758
14622,2759
3685,2760
14626,2761
3691,2762
3698,2763
1464,2764
3700,2765
14646,2766
3709,2767
14652,2768
14653,2769
3715,2770
14657,2771
14662,2772
3721,2773
3722,2774
3723,2775
14666,2776
3725,2777
14668,2778
3727,2779
3728,2780
14677,2781
3743,2782
3747,2783
3756,2784
14703,2785
3762,2786
3765,2787
14706,2788
14714,2789
3778,2790
14721,2791
3783,2792
14731,2793
3791,2794
14733,2795
3796,2796
14748,2797
3815,2798
3816,2799
14779,2800
3838,2801
3842,2802
3843,2803
3847,2804
3848,2805
14794,2806
3853,2807
3855,2808
3859,2809
3860,2810
3862,2811
3864,2812
3865,2813
14809,2814
14810,2815
14811,2816
3870,2817
3873,2818
3875,2819
14819,2820
3879,2821
3880,2822
14821,2823
3884,2824
3885,2825
3886,2826
14828,2827
14829,2828
3889,2829
14831,2830
3892,2831
14834,2832
3894,2833
3895,2834
14837,2835
3897,2836
14838,2837
1484,2838
14835,2839
14843,2840
3903,2841
14846,2842
14848,2843
14853,2844
14855,2845
14857,2846
14859,2847
14860,2848
14865,2849
14867,2850
14868,2851
14869,2852
14876,2853
3935,2854
3936,2855
14879,2856
14880,2857
14881,2858
14885,2859
3943,2860
3948,2861
14893,2862
3954,2863
14896,2864
14899,2865
3957,2866
14901,2867
3961,2868
3968,2869
1491,2870
3974,2871
14916,2872
14924,2873
1493,2874
14939,2875
14940,2876
4003,2877
14948,2878
14953,2879
4017,2880
14960,2881
14963,2882
14971,2883
4040,2884
1499,2885
15002,2886
15003,2887
15005,2888
15006,2889
15010,2890
15013,2891
15014,2892
15016,2893
4085,2894
15027,2895
15029,2896
15031,2897
4095,2898
4109,2899
4113,2900
1507,2901
4128,2902
4131,2903
4133,2904
15079,2905
15085,2906
4144,2907
15087,2908
15088,2909
4147,2910
4148,2911
4152,2912
4153,2913
4155,2914
15097,2915
4162,2916
4167,2917
15109,2918
15110,2919
4172,2920
15123,2921
4183,2922
15129,2923
15144,2924
4212,2925
15155,2926
4213,2927
15156,2928
15160,2929
4221,2930
15171,2931
15175,2932
4233,2933
4235,2934
4236,2935
15178,2936
15182,2937
4244,2938
4245,2939
4246,2940
15188,2941
15189,2942
4249,2943
15195,2944
15198,2945
4258,2946
4260,2947
15204,2948
4265,2949
4266,2950
4273,2951
4278,2952
4280,2953
15222,2954
15230,2955
15231,2956
4292,2957
4293,2958
4295,2959
15240,2960
4303,2961
4308,2962
15262,2963
4320,2964
15264,2965
4328,2966
4334,2967
4339,2968
4347,2969
4352,2970
4356,2971
15299,2972
4358,2973
4359,2974
15300,2975
4362,2976
15310,2977
4370,2978
4379,2979
15328,2980
4393,2981
15352,2982
4414,2983
15358,2984
4421,2985
4429,2986
15373,2987
1538,2988
4439,2989
15382,2990
4441,2991
4443,2992
4445,2993
4447,2994
4448,2995
15390,2996
4452,2997
4455,2998
4458,2999
4459,3000
15413,3001
15418,3002
4477,3003
4478,3004
4479,3005
15421,3006
4481,3007
4482,3008
4483,3009
15423,3010
15424,3011
4485,3012
15425,3013
15431,3014
4490,3015
15432,3016
4493,3017
4495,3018
4497,3019
15438,3020
15441,3021
15446,3022
15451,3023
15520,3024
15527,3025
1553,3026
15536,3027
4598,3028
4600,3029
15543,3030
4602,3031
15549,3032
1555,3033
15551,3034
15559,3035
4620,3036
4629,3037
4630,3038
15582,3039
4643,3040
15587,3041
15588,3042
15589,3043
15590,3044
4658,3045
4659,3046
15602,3047
4666,3048
15609,3049
15613,3050
15614,3051
4675,3052
4676,3053
15618,3054
15620,3055
15622,3056
15624,3057
15626,3058
4688,3059
15630,3060
15632,3061
4695,3062
15638,3063
4699,3064
4703,3065
4704,3066
4709,3067
4711,3068
4715,3069
4719,3070
15664,3071
15684,3072
4743,3073
15695,3074
4755,3075
4756,3076
15699,3077
15698,3078
4759,3079
15707,3080
4769,3081
15711,3082
4772,3083
4773,3084
4777,3085
4789,3086
4790,3087
4791,3088
15735,3089
15737,3090
15739,3091
4799,3092
15743,3093
15746,3094
4810,3095
4822,3096
4828,3097
15771,3098
15773,3099
4833,3100
15776,3101
4835,3102
4837,3103
4844,3104
4849,3105
4850,3106
4854,3107
4857,3108
4869,3109
15815,3110
15818,3111
4878,3112
4877,3113
4888,3114
15830,3115
15831,3116
4891,3117
15836,3118
4897,3119
4907,3120
4908,3121
4910,3122
15852,3123
15859,3124
15871,3125
15875,3126
4934,3127
15877,3128
15887,3129
15892,3130
15899,3131
4961,3132
4964,3133
15907,3134
4968,3135
4970,3136
4971,3137
15913,3138
4974,3139
15919,3140
4983,3141
15930,3142
15960,3143
5028,3144
5030,3145
1598,3146
5038,3147
15983,3148
5040,3149
15984,3150
5043,3151
15987,3152
5044,3153
5046,3154
5047,3155
5049,3156
5050,3157
5051,3158
5054,3159
5055,3160
5056,3161
5057,3162
5061,3163
5063,3164
5064,3165
5065,3166
5068,3167
5071,3168
5072,3169
5073,3170
5076,3171
5077,3172
16020,3173
5080,3174
16022,3175
5082,3176
5084,3177
5088,3178
5089,3179
5090,3180
5091,3181
5093,3182
16036,3183
16038,3184
5097,3185
5099,3186
16041,3187
5100,3188
16042,3189
16044,3190
16048,3191
5108,3192
16051,3193
5111,3194
16055,3195
16059,3196
16061,3197
16063,3198
16066,3199
16068,3200
5129,3201
5132,3202
16076,3203
5134,3204
16079,3205
1608,3206
16080,3207
16084,3208
16085,3209
16089,3210
16090,3211
16093,3212
16103,3213
16104,3214
5168,3215
16116,3216
5175,3217
16118,3218
16119,3219
16121,3220
16122,3221
5185,3222
16126,3223
16128,3224
5194,3225
16140,3226
5203,3227
16149,3228
16151,3229
16156,3230
16157,3231
5216,3232
16159,3233
16167,3234
16168,3235
16169,3236
5228,3237
5229,3238
5235,3239
5237,3240
5241,3241
16187,3242
16189,3243
5249,3244
5253,3245
5257,3246
16199,3247
16200,3248
16201,3249
5263,3250
16205,3251
5266,3252
16208,3253
16210,3254
16211,3255
5279,3256
5288,3257
16238,3258
1624,3259
16240,3260
5302,3261
16246,3262
16252,3263
16259,3264
5324,3265
16275,3266
16279,3267
5342,3268
16291,3269
16294,3270
5355,3271
5357,3272
16302,3273
16305,3274
16310,3275
16315,3276
5376,3277
5378,3278
5383,3279
16327,3280
5387,3281
5388,3282
5394,3283
16337,3284
5408,3285
5413,3286
5415,3287
16360,3288
16361,3289
5425,3290
5429,3291
5431,3292
5436,3293
5437,3294
1638,3295
5441,3296
16383,3297
16389,3298
16392,3299
16393,3300
5457,3301
16403,3302
5463,3303
5465,3304
16407,3305
16409,3306
5469,3307
5468,3308
16410,3309
16412,3310
5472,3311
5474,3312
5478,3313
5479,3314
5480,3315
5483,3316
16431,3317
5490,3318
5494,3319
16441,3320
5502,3321
5507,3322
5508,3323
5512,3324
5523,3325
1647,3326
5534,3327
16478,3328
5542,3329
5556,3330
5565,3331
5569,3332
16511,3333
5572,3334
16515,3335
1652,3336
16521,3337
5590,3338
16532,3339
5592,3340
5597,3341
5601,3342
5603,3343
5617,3344
5627,3345
5628,3346
5629,3347
5639,3348
5642,3349
5645,3350
16588,3351
5647,3352
5653,3353
5656,3354
5659,3355
16602,3356
5661,3357
5662,3358
16605,3359
5665,3360
5667,3361
5668,3362
5670,3363
5673,3364
5674,3365
5676,3366
5680,3367
5683,3368
5685,3369
5687,3370
5689,3371
16631,3372
5690,3373
16636,3374
1664,3375
16642,3376
5700,3377
16644,3378
16647,3379
16651,3380
5716,3381
16661,3382
16662,3383
16664,3384
16666,3385
16667,3386
5728,3387
16669,3388
5730,3389
16684,3390
16685,3391
16686,3392
16687,3393
16692,3394
16693,3395
16695,3396
16696,3397
16701,3398
16705,3399
16707,3400
16713,3401
16714,3402
15564,3403
1216,3404
14044,3405
8534,3406
3012,3407
2775,3408
6478,3409
1559,3410
1740,3411
17542,3412
17434,3413
19309,3414
7289,3415
11857,3416
4053,3417
7910,3418
13327,3419
3184,3420
9087,3421
19630,3422
6628,3423
14849,3424
20182,3425
18341,3426
7885,3427
11635,3428
11144,3429
12965,3430
9383,3431
714,3432
2535,3433
12428,3434
18644,3435
18464,3436
11545,3437
17809,3438
18536,3439
19078,3440
732,3441
13233,3442
18601,3443
16674,3444
17884,3445
15414,3446
17787,3447
7262,3448
19631,3449
743,3450
12974,3451
14477,3452
9547,3453
8405,3454
11097,3455
12917,3456
15660,3457
15026,3458
19375,3459
9178,3460
1279,3461
18808,3462
2716,3463
10482,3464
2712,3465
2455,3466
7911,3467
9617,3468
14600,3469
7362,3470
14265,3471
14350,3472
755,3473
3430,3474
13651,3475
16563,3476
19900,3477
19028,3478
4771,3479
4127,3480
7847,3481
5727,3482
6897,3483
8775,3484
8798,3485
1833,3486
18740,3487
2457,3488
1014,3489
2766,3490
15654,3491
704,3492
10200,3493
3291,3494
3109,3495
13267,3496
8541,3497
7896,3498
13415,3499
9890,3500
1193,3501
10767,3502
14479,3503
6877,3504
10243,3505
10799,3506
13100,3507
1879,3508
7006,3509
11611,3510
15121,3511
6683,3512
5019,3513
9438,3514
4360,3515
8583,3516
6972,3517
6876,3518
4387,3519
9965,3520
18448,3521
10712,3522
2627,3523
9503,3524
13196,3525
16658,3526
9259,3527
7985,3528
5500,3529
12461,3530
11946,3531
20239,3532
7104,3533
16485,3534
1771,3535
10124,3536
14583,3537
1840,3538
15574,3539
3383,3540
13960,3541
14296,3542
2241,3543
14000,3544
14872,3545
3481,3546
18012,3547
4428,3548
6564,3549
7840,3550
9236,3551
14520,3552
11546,3553
13806,3554
19763,3555
18431,3556
12399,3557
15783,3558
18481,3559
15804,3560
1915,3561
5611,3562
12486,3563
11861,3564
14049,3565
12996,3566
1739,3567
13701,3568
19999,3569
11990,3570
10442,3571
13623,3572
12275,3573
6706,3574
10421,3575
15599,3576
9501,3577
13662,3578
8597,3579
13109,3580
18955,3581
18030,3582
15437,3583
7079,3584
899,3585
20125,3586
912,3587
15369,3588
3655,3589
5746,3590
9859,3591
11977,3592
13923,3593
19740,3594
5104,3595
4504,3596
18927,3597
17716,3598
14766,3599
3745,3600
8038,3601
10528,3602
8514,3603
8616,3604
12331,3605
19832,3606
3688,3607
10443,3608
11075,3609
16382,3610
18669,3611
1030,3612
6740,3613
12038,3614
879,3615
8540,3616
10703,3617
15916,3618
16640,3619
3701,3620
6848,3621
9263,3622
20294,3623
2065,3624
14081,3625
6619,3626
5196,3627
16418,3628
13853,3629
14463,3630
5721,3631
7582,3632
10795,3633
14390,3634
9692,3635
13793,3636
3569,3637
801,3638
3912,3639
11345,3640
7708,3641
10852,3642
12730,3643
18310,3644
5458,3645
5765,3646
15779,3647
19903,3648
9145,3649
9722,3650
6997,3651
11434,3652
8567,3653
13913,3654
18818,3655
3361,3656
3417,3657
8340,3658
17834,3659
12218,3660
19104,3661
17641,3662
6696,3663
3681,3664
13985,3665
9991,3666
17566,3667
5529,3668
2481,3669
3748,3670
3752,3671
8257,3672
17855,3673
4874,3674
13519,3675
2230,3676
13863,3677
7452,3678
8642,3679
2123,3680
2546,3681
7253,3682
3808,3683
11224,3684
8940,3685
18764,3686
19654,3687
8980,3688
20218,3689
13691,3690
2826,3691
10590,3692
2900,3693
13333,3694
18122,3695
19094,3696
17823,3697
8402,3698
19059,3699
999,3700
12553,3701
20240,3702
12464,3703
9128,3704
5178,3705
6773,3706
16793,3707
12299,3708
18549,3709
2916,3710
14655,3711
6529,3712
10247,3713
13092,3714
16019,3715
11320,3716
10388,3717
19606,3718
3039,3719
6545,3720
14015,3721
19525,3722
17655,3723
17717,3724
19551,3725
849,3726
6656,3727
14052,3728
8418,3729
10376,3730
8675,3731
14010,3732
10149,3733
10174,3734
17387,3735
14460,3736
702,3737
7790,3738
12878,3739
8471,3740
19459,3741
4928,3742
1579,3743
4889,3744
19341,3745
10316,3746
2789,3747
3112,3748
10193,3749
4916,3750
8344,3751
4638,3752
4871,3753
11935,3754
2857,3755
8523,3756
3021,3757
6661,3758
8390,3759
4656,3760
19516,3761
3006,3762
17396,3763
4635,3764
1187,3765
11900,3766
19403,3767
10397,3768
11890,3769
12051,3770
12139,3771
6648,3772
13764,3773
1566,3774
6488,3775
17544,3776
4716,3777
15808,3778
4689,3779
6447,3780
15926,3781
12000,3782
8551,3783
19214,3784
17562,3785
4668,3786
8522,3787
11994,3788
8648,3789
13907,3790
19464,3791
2864,3792
4781,3793
6637,3794
10013,3795
13926,3796
4935,3797
13711,3798
19387,3799
1576,3800
13685,3801
2786,3802
15567,3803
19358,3804
2907,3805
19498,3806
15903,3807
19219,3808
13769,3809
3064,3810
17421,3811
10302,3812
19526,3813
8542,3814
4736,3815
12119,3816
12152,3817
2774,3818
8281,3819
4862,3820
11864,3821
2972,3822
15623,3823
15867,3824
12076,3825
19305,3826
2772,3827
15870,3828
11851,3829
15732,3830
11702,3831
14004,3832
15833,3833
12497,3834
11288,3835
16353,3836
9030,3837
7573,3838
2656,3839
10151,3840
7583,3841
17873,3842
3097,3843
15767,3844
10190,3845
5681,3846
1738,3847
14151,3848
17778,3849
13794,3850
8042,3851
8617,3852
7043,3853
1107,3854
11823,3855
17608,3856
19811,3857
16125,3858
16607,3859
1294,3860
14288,3861
12417,3862
12775,3863
9813,3864
6622,3865
5709,3866
10025,3867
19217,3868
20243,3869
18336,3870
19407,3871
13784,3872
4825,3873
5251,3874
12233,3875
2428,3876
12978,3877
15967,3878
19529,3879
19360,3880
17765,3881
1121,3882
2374,3883
6780,3884
14117,3885
6774,3886
7269,3887
9874,3888
5618,3889
1666,3890
7361,3891
3839,3892
2779,3893
5692,3894
9010,3895
19255,3896
19850,3897
12676,3898
18193,3899
18414,3900
11849,3901
1963,3902
15905,3903
19624,3904
17683,3905
3236,3906
18176,3907
8286,3908
17531,3909
5078,3910
19345,3911
12260,3912
11159,3913
13005,3914
10219,3915
19595,3916
20252,3917
7588,3918
12458,3919
8364,3920
15709,3921
17747,3922
17710,3923
19537,3924
10101,3925
6741,3926
6676,3927
15563,3928
19592,3929
17751,3930
13798,3931
17442,3932
13713,3933
15591,3934
4824,3935
1040,3936
17776,3937
17777,3938
1778,3939
5003,3940
17790,3941
3165,3942
19639,3943
19643,3944
17800,3945
1596,3946
14128,3947
17819,3948
8721,3949
8725,3950
10454,3951
3201,3952
10458,3953
8734,3954
19675,3955
15992,3956
12304,3957
15995,3958
17839,3959
14153,3960
10469,3961
12311,3962
14168,3963
14184,3964
12341,3965
12343,3966
16030,3967
10002,3968
19222,3969
5960,3970
17394,3971
8177,3972
16331,3973
10503,3974
15553,3975
19247,3976
17426,3977
13741,3978
8330,3979
10062,3980
10063,3981
17445,3982
2825,3983
15636,3984
15639,3985
17508,3986
8414,3987
11985,3988
2942,3989
17629,3990
15787,3991
8531,3992
3010,3993
8553,3994
6719,3995
10292,3996
6729,3997
14005,3998
12186,3999
19566,4000
3099,4001
10385,4002
19627,4003
3159,4004
14124,4005
15981,4006
10461,4007
17875,4008
10501,4009
16035,4010
5095,4011
12351,4012
16043,4013
6947,4014
12357,4015
17890,4016
5105,4017
16047,4018
16049,4019
10519,4020
19738,4021
12363,4022
16052,4023
6959,4024
16056,4025
12371,4026
6960,4027
16060,4028
6964,4029
10532,4030
17906,4031
10536,4032
19761,4033
16075,4034
16077,4035
14234,4036
12391,4037
8827,4038
6991,4039
1609,4040
5149,4041
5154,4042
10567,4043
5156,4044
5157,4045
3314,4046
16096,4047
10572,4048
5165,4049
17955,4050
19801,4051
16114,4052
12439,4053
17970,4054
19819,4055
17977,4056
888,4057
19824,4058
5197,4059
16137,4060
3354,4061
16142,4062
12457,4063
8890,4064
14302,4065
14304,4066
16152,4067
890,4068
706,4069
5218,4070
10631,4071
7064,4072
12476,4073
12480,4074
14324,4075
12482,4076
10638,4077
18014,4078
10645,4079
14332,4080
14335,4081
5238,4082
5242,4083
7087,4084
10658,4085
8935,4086
3405,4087
10662,4088
12505,4089
5250,4090
12507,4091
10667,4092
10670,4093
5262,4094
18048,4095
5268,4096
10683,4097
12530,4098
712,4099
3434,4100
19912,4101
8979,4102
19920,4103
16235,4104
12552,4105
8988,4106
5300,4107
14400,4108
5304,4109
14402,4110
5310,4111
7155,4112
7160,4113
3475,4114
18109,4115
16268,4116
9020,4117
12597,4118
19975,4119
7190,4120
16292,4121
12607,4122
7205,4123
18147,4124
7208,4125
10785,4126
16323,4127
14485,4128
7233,4129
5391,4130
2002,4131
14495,4132
20024,4133
12660,4134
3563,4135
7256,4136
14514,4137
18200,4138
18204,4139
16363,4140
18209,4141
5424,4142
7275,4143
18218,4144
10846,4145
14533,4146
20063,4147
14535,4148
16380,4149
7283,4150
5444,4151
5445,4152
20073,4153
3600,4154
9138,4155
10863,4156
7297,4157
5454,4158
14554,4159
14558,4160
9146,4161
14561,4162
7307,4163
3622,4164
9152,4165
14568,4166
12727,4167
5487,4168
5488,4169
7334,4170
20123,4171
9183,4172
12757,4173
5503,4174
18292,4175
18295,4176
18298,4177
7357,4178
7359,4179
736,4180
9198,4181
1646,4182
1093,4183
3678,4184
16465,4185
14621,4186
7367,4187
16468,4188
20154,4189
18309,4190
9214,4191
14629,4192
18316,4193
18317,4194
5530,4195
9220,4196
5535,4197
9223,4198
20166,4199
18330,4200
14645,4201
5549,4202
20177,4203
9241,4204
3712,4205
3713,4206
1097,4207
16500,4208
5561,4209
12817,4210
12816,4211
18349,4212
18351,4213
10982,4214
10984,4215
12829,4216
18363,4217
18364,4218
16522,4219
7425,4220
18369,4221
9273,4222
5593,4223
9283,4224
18382,4225
18383,4226
14698,4227
9287,4228
3753,4229
18388,4230
20231,4231
16547,4232
3767,4233
20238,4234
18397,4235
12868,4236
12871,4237
14716,4238
20241,4239
16562,4240
3775,4241
11036,4242
18410,4243
3780,4244
11040,4245
14732,4246
748,4247
7481,4248
5640,4249
11054,4250
12901,4251
3805,4252
18437,4253
18438,4254
9342,4255
14758,4256
14762,4257
20293,4258
7514,4259
20301,4260
3836,4261
18467,4262
937,4263
18473,4264
2032,4265
20320,4266
12950,4267
12955,4268
3861,4269
18490,4270
7553,4271
18497,4272
5711,4273
18499,4274
2034,4275
16656,4276
11122,4277
16659,4278
9404,4279
16660,4280
11129,4281
3881,4282
12981,4283
16668,4284
1114,4285
2042,4286
16672,4287
3888,4288
14833,4289
11147,4290
16679,4291
18520,4292
11162,4293
7599,4294
11167,4295
16706,4296
11181,4297
5775,4298
16722,4299
2096,4300
16726,4301
5791,4302
5793,4303
13049,4304
14894,4305
3951,4306
16739,4307
11205,4308
13054,4309
16742,4310
5800,4311
13056,4312
11212,4313
9491,4314
5808,4315
3965,4316
2128,4317
2129,4318
14914,4319
3987,4320
1862,4321
3995,4322
14938,4323
9537,4324
13108,4325
9541,4326
1127,4327
14967,4328
18654,4329
4026,4330
18656,4331
11283,4332
11284,4333
9561,4334
14981,4335
9572,4336
14984,4337
18670,4338
14986,4339
14989,4340
13147,4341
7746,4342
9590,4343
11322,4344
13167,4345
18704,4346
7765,4347
11337,4348
11339,4349
18716,4350
778,4351
7785,4352
11357,4353
13206,4354
7798,4355
15054,4356
18751,4357
15069,4358
13226,4359
9663,4360
18762,4361
9665,4362
2290,4363
15078,4364
13231,4365
11393,4366
15074,4367
11398,4368
4142,4369
2300,4370
2301,4371
11402,4372
3686,4373
15093,4374
9686,4375
18784,4376
13255,4377
2317,4378
7849,4379
13261,4380
2321,4381
15113,4382
2332,4383
18807,4384
13278,4385
15120,4386
4180,4387
2339,4388
13282,4389
7871,4390
13299,4391
18831,4392
13304,4393
9745,4394
7902,4395
7903,4396
15159,4397
4220,4398
15164,4399
15167,4400
18854,4401
9759,4402
4228,4403
18858,4404
18864,4405
7923,4406
9769,4407
13337,4408
7927,4409
4238,4410
2399,4411
13342,4412
18877,4413
9782,4414
4253,4415
7943,4416
13355,4417
7946,4418
795,4419
4263,4420
15205,4421
15207,4422
7956,4423
7960,4424
4275,4425
11531,4426
7965,4427
15223,4428
11538,4429
4285,4430
4291,4431
18921,4432
15235,4433
3717,4434
13405,4435
9842,4436
2477,4437
9851,4438
4329,4439
986,4440
11587,4441
13433,4442
18965,4443
13437,4444
11597,4445
11603,4446
4364,4447
4366,4448
4369,4449
1347,4450
9909,4451
4384,4452
19011,4453
4386,4454
4388,4455
13500,4456
13505,4457
8099,4458
4412,4459
11669,4460
4417,4461
19046,4462
11676,4463
15364,4464
13522,4465
15367,4466
11690,4467
19069,4468
9989,4469
15404,4470
4470,4471
9247,4472
19114,4473
11749,4474
13593,4475
15445,4476
11765,4477
19138,4478
2676,4479
13645,4480
13673,4481
14229,4482
7441,4483
16524,4484
5245,4485
15196,4486
6904,4487
9163,4488
4729,4489
16433,4490
8918,4491
2020,4492
10976,4493
7649,4494
1065,4495
4306,4496
8387,4497
4921,4498
18121,4499
18211,4500
9041,4501
13855,4502
12412,4503
10612,4504
7157,4505
8465,4506
1011,4507
12554,4508
20188,4509
12455,4510
20183,4511
5039,4512
14186,4513
17783,4514
18350,4515
1965,4516
11081,4517
4317,4518
10139,4519
17704,4520
18979,4521
16078,4522
8985,4523
5686,4524
10004,4525
20332,4526
6791,4527
9534,4528
16266,4529
20197,4530
14298,4531
16471,4532
4838,4533
7994,4534
18953,4535
19751,4536
1112,4537
3917,4538
15534,4539
20164,4540
10348,4541
8533,4542
855,4543
12650,4544
20156,4545
11304,4546
7200,4547
4816,4548
17931,4549
7183,4550
15033,4551
13950,4552
18926,4553
14149,4554
15226,4555
3768,4556
19325,4557
7542,4558
4705,4559
7933,4560
5281,4561
5127,4562
16507,4563
7619,4564
12820,4565
5135,4566
10228,4567
8910,4568
10918,4569
4708,4570
4997,4571
8837,4572
15806,4573
8539,4574
928,4575
2493,4576
1759,4577
8460,4578
12055,4579
809,4580
18976,4581
14454,4582
10181,4583
6979,4584
19467,4585
6846,4586
9253,4587
4279,4588
4636,4589
19787,4590
7219,4591
15670,4592
16057,4593
8992,4594
1442,4595
12667,4596
17841,4597
10937,4598
19023,4599
14008,4600
9000,4601
9684,4602
10103,4603
16682,4604
5428,4605
15879,4606
2199,4607
5473,4608
10619,4609
13025,4610
1092,4611
5619,4612
4243,4613
14822,4614
4232,4615
5527,4616
17854,4617
14832,4618
3305,4619
18451,4620
11866,4621
6664,4622
4845,4623
15857,4624
17877,4625
2844,4626
11411,4627
16082,4628
14340,4629
11332,4630
12263,4631
13747,4632
8266,4633
19596,4634
14098,4635
6733,4636
14256,4637
19409,4638
12117,4639
11548,4640
19254,4641
5609,4642
19644,4643
7381,4644
14181,4645
18055,4646
19520,4647
19695,4648
6921,4649
19679,4650
19406,4651
3581,4652
8587,4653
8637,4654
10544,4655
12362,4656
9309,4657
18897,4658
10636,4659
4757,4660
6461,4661
12422,4662
8741,4663
18910,4664
19497,4665
6590,4666
7497,4667
16011,4668
8309,4669
10540,4670
11906,4671
3867,4672
11574,4673
3469,4674
7375,4675
11127,4676
13736,4677
8559,4678
18908,4679
11348,4680
17462,4681
7149,4682
2904,4683
20165,4684
13389,4685
6630,4686
10276,4687
1116,4688
13928,4689
12567,4690
10055,4691
12145,4692
7628,4693
13699,4694
9710,4695
17815,4696
2790,4697
9632,4698
18834,4699
20140,4700
2986,4701
16579,4702
4813,4703
15880,4704
18560,4705
11371,4706
3278,4707
7461,4708
7750,4709
7134,4710
1073,4711
13309,4712
7906,4713
13172,4714
3247,4715
16505,4716
6540,4717
10166,4718
16216,4719
15792,4720
17549,4721
16816,4722
720,4723
19400,4724
7581,4725
19625,4726
7035,4727
19716,4728
3349,4729
8601,4730
7526,4731
8512,4732
7613,4733
3288,4734
7846,4735
14125,4736
11197,4737
11153,4738
16545,4739
17504,4740
2859,4741
8907,4742
15067,4743
9702,4744
14346,4745
2892,4746
16192,4747
15736,4748
3868,4749
12768,4750
13322,4751
14616,4752
6735,4753
8592,4754
851,4755
13512,4756
1563,4757
11323,4758
16097,4759
7937,4760
12796,4761
10880,4762
13881,4763
19614,4764
17844,4765
6495,4766
18011,4767
12367,4768
17719,4769
19597,4770
20147,4771
3782,4772
14227,4773
15906,4774
2762,4775
13048,4776
15042,4777
10656,4778
15686,4779
18126,4780
19642,4781
4259,4782
18347,4783
9453,4784
12592,4785
3467,4786
12484,4787
12760,4788
17878,4789
12794,4790
4906,4791
5232,4792
1328,4793
12568,4794
17678,4795
7779,4796
18227,4797
2914,4798
19618,4799
13716,4800
12493,4801
10909,4802
8722,4803
12427,4804
11165,4805
833,4806
11088,4807
15610,4808
17870,4809
4745,4810
1817,4811
14379,4812
5164,4813
8310,4814
20247,4815
3262,4816
2270,4817
11450,4818
15937,4819
5153,4820
696,4821
15351,4822
3465,4823
7775,4824
7941,4825
14138,4826
2996,4827
6936,4828
12763,4829
2796,4830
8046,4831
715,4832
17965,4833
3238,4834
4609,4835
3277,4836
1002,4837
5166,4838
10970,4839
6594,4840
18367,4841
18379,4842
19448,4843
1389,4844
724,4845
16012,4846
18326,4847
18899,4848
2970,4849
20082,4850
16529,4851
11482,4852
12082,4853
18004,4854
19800,4855
3344,4856
5509,4857
8300,4858
8304,4859
8975,4860
18335,4861
8793,4862
13914,4863
20181,4864
18311,4865
18912,4866
18368,4867
13687,4868
19220,4869
8297,4870
18005,4871
18261,4872
8792,4873
10840,4874
10944,4875
11180,4876
13908,4877
8283,4878
18482,4879
2782,4880
6615,4881
7563,4882
11463,4883
16193,4884
8547,4885
14882,4886
6520,4887
10244,4888
8710,4889
13803,4890
5255,4891
20255,4892
15059,4893
8841,4894
20059,4895
6536,4896
9789,4897
11855,4898
11841,4899
19685,4900
12205,4901
15972,4902
3295,4903
20062,4904
10696,4905
7978,4906
16138,4907
8377,4908
15274,4909
3766,4910
13854,4911
2749,4912
5525,4913
1219,4914
14669,4915
19291,4916
19939,4917
4685,4918
5081,4919
8816,4920
20207,4921
881,4922
11015,4923
11917,4924
15959,4925
18429,4926
18904,4927
19748,4928
12273,4929
3442,4930
4731,4931
7631,4932
16069,4933
2029,4934
14718,4935
10212,4936
17596,4937
18057,4938
17485,4939
16071,4940
8490,4941
3422,4942
9239,4943
11853,4944
3669,4945
2988,4946
5174,4947
14826,4948
6519,4949
16007,4950
10605,4951
7265,4952
12551,4953
17813,4954
17473,4955
12395,4956
10152,4957
6712,4958
11145,4959
18977,4960
11882,4961
16251,4962
10320,4963
20194,4964
3714,4965
15337,4966
18504,4967
6907,4968
14308,4969
10569,4970
1064,4971
15794,4972
9321,4973
6666,4974
14239,4975
17592,4976
10464,4977
15714,4978
11353,4979
860,4980
17901,4981
11941,4982
15860,4983
6517,4984
13934,4985
11982,4986
12583,4987
13828,4988
10484,4989
3703,4990
13811,4991
10595,4992
13700,4993
18775,4994
10529,4995
17417,4996
13723,4997
11844,4998
5070,4999
2048,5000
18296,5001
12495,5002
18859,5003
8820,5004
5284,5005
1069,5006
10905,5007
12197,5008
1820,5009
12840,5010
8545,5011
17864,5012
12301,5013
18430,5014
11020,5015
7914,5016
18932,5017
9304,5018
16550,5019
15680,5020
17386,5021
12571,5022
17491,5023
12161,5024
12352,5025
16091,5026
18074,5027
4718,5028
4975,5029
5575,5030
16578,5031
16576,5032
16577,5033
19807,5034
9327,5035
20269,5036
11490,5037
1151,5038
7951,5039
11523,5040
18441,5041
18911,5042
13847,5043
19845,5044
18924,5045
12015,5046
13861,5047
11098,5048
7076,5049
15715,5050
12039,5051
19414,5052
11581,5053
5254,5054
18501,5055
18966,5056
18044,5057
19428,5058
12057,5059
19892,5060
8499,5061
18983,5062
18062,5063
5289,5064
11622,5065
16231,5066
18537,5067
3456,5068
6684,5069
11174,5070
8067,5071
19012,5072
11647,5073
12577,5074
19951,5075
11661,5076
9015,5077
9016,5078
9017,5079
9018,5080
3029,5081
1259,5082
19965,5083
7643,5084
8105,5085
1398,5086
1905,5087
20131,5088
9033,5089
5347,5090
16289,5091
3508,5092
14450,5093
12611,5094
17681,5095
19064,5096
11692,5097
8124,5098
4605,5099
13712,5100
4615,5101
13717,5102
4655,5103
13779,5104
11942,5105
4690,5106
15643,5107
2882,5108
17514,5109
6575,5110
15676,5111
4746,5112
15748,5113
19435,5114
17603,5115
6690,5116
13948,5117
12150,5118
15843,5119
15846,5120
14002,5121
17694,5122
19541,5123
12188,5124
19562,5125
19573,5126
17731,5127
6799,5128
1775,5129
19608,5130
10401,5131
17780,5132
19628,5133
1780,5134
17802,5135
19651,5136
3181,5137
6873,5138
3239,5139
17883,5140
10510,5141
8826,5142
10584,5143
19804,5144
1247,5145
19847,5146
14321,5147
12518,5148
711,5149
8973,5150
12546,5151
14393,5152
19956,5153
9021,5154
14911,5155
5361,5156
905,5157
19992,5158
16309,5159
12625,5160
20001,5161
16316,5162
20003,5163
20006,5164
20010,5165
5384,5166
9077,5167
9079,5168
14491,5169
16336,5170
5395,5171
14493,5172
14494,5173
14498,5174
7242,5175
16344,5176
12659,5177
3566,5178
10822,5179
14511,5180
16357,5181
14515,5182
14516,5183
14517,5184
2005,5185
3580,5186
20053,5187
1637,5188
9122,5189
9123,5190
20064,5191
5438,5192
20065,5193
14540,5194
7286,5195
12700,5196
20080,5197
3611,5198
12713,5199
9147,5200
7303,5201
7305,5202
3620,5203
10877,5204
20093,5205
5466,5206
12723,5207
9156,5208
12725,5209
5471,5210
5470,5211
12728,5212
5475,5213
20102,5214
3631,5215
7319,5216
7320,5217
18267,5218
917,5219
16425,5220
9175,5221
20115,5222
5491,5223
3649,5224
14590,5225
7338,5226
16436,5227
12750,5228
3654,5229
1644,5230
14593,5231
10911,5232
20129,5233
9190,5234
3661,5235
14604,5236
7363,5237
16513,5238
12854,5239
3797,5240
14739,5241
5644,5242
11056,5243
20278,5244
20288,5245
9347,5246
12918,5247
935,5248
12920,5249
1477,5250
3833,5251
16619,5252
5679,5253
7525,5254
16810,5255
3841,5256
16626,5257
14785,5258
9374,5259
9377,5260
1479,5261
16633,5262
12949,5263
20322,5264
9384,5265
20329,5266
12959,5267
5705,5268
9393,5269
14804,5270
3863,5271
12964,5272
5706,5273
20338,5274
3874,5275
14815,5276
2037,5277
14824,5278
14830,5279
16676,5280
5735,5281
3893,5282
16678,5283
12995,5284
9430,5285
9431,5286
3900,5287
13000,5288
14844,5289
13002,5290
5744,5291
1669,5292
16698,5293
9446,5294
16700,5295
14864,5296
11178,5297
9457,5298
2084,5299
3928,5300
16712,5301
9461,5302
18661,5303
16719,5304
2091,5305
2094,5306
2095,5307
3939,5308
3941,5309
16727,5310
13040,5311
9474,5312
14886,5313
16728,5314
9480,5315
3952,5316
16737,5317
7640,5318
9484,5319
2110,5320
2115,5321
13058,5322
9498,5323
16752,5324
5811,5325
13068,5326
16756,5327
3972,5328
3973,5329
5814,5330
16758,5331
2131,5332
1676,5333
16760,5334
2134,5335
16762,5336
11234,5337
3981,5338
5823,5339
5825,5340
2140,5341
5827,5342
16769,5343
13085,5344
13086,5345
7676,5346
5833,5347
16776,5348
16777,5349
14934,5350
5836,5351
11249,5352
9525,5353
9524,5354
11251,5355
9528,5356
2155,5357
16778,5358
16780,5359
14943,5360
5843,5361
5844,5362
16787,5363
13102,5364
7693,5365
16788,5366
16790,5367
16791,5368
18638,5369
5849,5370
5851,5371
16798,5372
16794,5373
5853,5374
4014,5375
16800,5376
14957,5377
16797,5378
18647,5379
955,5380
4019,5381
5859,5382
16801,5383
13120,5384
11279,5385
5860,5386
5862,5387
9557,5388
14969,5389
1497,5390
5865,5391
16809,5392
4030,5393
2189,5394
14974,5395
2190,5396
14975,5397
14977,5398
4035,5399
14979,5400
2195,5401
16818,5402
1682,5403
16822,5404
5882,5405
16828,5406
4045,5407
14988,5408
5889,5409
5890,5410
5893,5411
16837,5412
13150,5413
16838,5414
16840,5415
5900,5416
5901,5417
13158,5418
9592,5419
11315,5420
13162,5421
2221,5422
4065,5423
5869,5424
13166,5425
16850,5426
5911,5427
13169,5428
5912,5429
13170,5430
9603,5431
5870,5432
16855,5433
16859,5434
5918,5435
16861,5436
9609,5437
5920,5438
1687,5439
9618,5440
5933,5441
16875,5442
5937,5443
5938,5444
1688,5445
16881,5446
5940,5447
13198,5448
2257,5449
16888,5450
5947,5451
16891,5452
2266,5453
13208,5454
5956,5455
13210,5456
13211,5457
15056,5458
5957,5459
1690,5460
2274,5461
5959,5462
16901,5463
16900,5464
16903,5465
2281,5466
5970,5467
2285,5468
16913,5469
5974,5470
9661,5471
16916,5472
13230,5473
5976,5474
16917,5475
16919,5476
5978,5477
16920,5478
5980,5479
16922,5480
16921,5481
16918,5482
9672,5483
1693,5484
5992,5485
5993,5486
5994,5487
5995,5488
5996,5489
16938,5490
5997,5491
1694,5492
16937,5493
2313,5494
6000,5495
16943,5496
6002,5497
6003,5498
6005,5499
6007,5500
4177,5501
15126,5502
2346,5503
2349,5504
13297,5505
4203,5506
9735,5507
13303,5508
2363,5509
4207,5510
15152,5511
13310,5512
2370,5513
4215,5514
9752,5515
4223,5516
11477,5517
4226,5518
15168,5519
9771,5520
2401,5521
2408,5522
2411,5523
9788,5524
4264,5525
4267,5526
13367,5527
2429,5528
4272,5529
15214,5530
4276,5531
4277,5532
2434,5533
981,5534
9816,5535
9819,5536
4296,5537
2453,5538
13400,5539
15254,5540
9844,5541
4313,5542
8013,5543
13425,5544
13427,5545
4327,5546
15273,5547
4331,5548
4335,5549
4338,5550
8028,5551
15284,5552
4342,5553
11783,5554
13455,5555
9892,5556
13471,5557
9908,5558
2537,5559
4382,5560
9919,5561
993,5562
9933,5563
4402,5564
9935,5565
4405,5566
15348,5567
8096,5568
13509,5569
13513,5570
13514,5571
13517,5572
9950,5573
9952,5574
15366,5575
2584,5576
13526,5577
13533,5578
8125,5579
2599,5580
15383,5581
813,5582
19074,5583
19075,5584
19077,5585
8135,5586
8137,5587
998,5588
2608,5589
4450,5590
9986,5591
15398,5592
11711,5593
8144,5594
19087,5595
11714,5596
2613,5597
13555,5598
15400,5599
19091,5600
13562,5601
15403,5602
15405,5603
4465,5604
4467,5605
15410,5606
11725,5607
15415,5608
4475,5609
2632,5610
15416,5611
2635,5612
15420,5613
15422,5614
2640,5615
13583,5616
13584,5617
8174,5618
19116,5619
19117,5620
19118,5621
13589,5622
2647,5623
818,5624
15429,5625
2651,5626
19123,5627
2653,5628
19125,5629
4494,5630
8178,5631
8187,5632
1913,5633
13600,5634
15444,5635
2661,5636
13602,5637
8193,5638
13605,5639
4510,5640
15452,5641
15453,5642
13611,5643
4514,5644
2672,5645
15457,5646
8204,5647
13616,5648
2675,5649
8207,5650
4519,5651
15461,5652
15460,5653
4521,5654
15464,5655
11782,5656
13626,5657
15470,5658
19158,5659
15472,5660
1916,5661
11788,5662
15473,5663
8220,5664
15477,5665
11793,5666
11794,5667
2696,5668
15480,5669
19170,5670
13640,5671
8230,5672
15486,5673
11800,5674
2702,5675
15488,5676
11803,5677
15490,5678
13649,5679
2708,5680
11807,5681
19182,5682
15496,5683
15499,5684
13657,5685
4558,5686
19189,5687
4559,5688
4557,5689
4561,5690
15503,5691
4562,5692
11820,5693
2722,5694
19197,5695
13668,5696
15510,5697
1367,5698
11828,5699
13672,5700
19202,5701
1183,5702
11831,5703
13674,5704
4576,5705
11834,5706
4577,5707
2739,5708
15525,5709
19213,5710
17573,5711
18212,5712
18235,5713
7201,5714
10837,5715
6981,5716
18423,5717
7623,5718
6642,5719
20077,5720
18516,5721
11812,5722
20205,5723
17904,5724
18902,5725
2863,5726
10571,5727
17522,5728
16147,5729
8797,5730
3310,5731
19258,5732
8103,5733
4846,5734
5353,5735
13272,5736
5790,5737
17433,5738
7385,5739
11441,5740
3588,5741
19613,5742
5497,5743
9053,5744
9803,5745
10081,5746
8836,5747
7413,5748
15185,5749
2391,5750
10434,5751
5877,5752
15749,5753
2260,5754
14034,5755
7443,5756
10893,5757
1152,5758
15665,5759
6680,5760
12604,5761
19997,5762
2952,5763
7827,5764
12443,5765
13249,5766
7730,5767
12120,5768
20314,5769
7866,5770
18851,5771
19914,5772
5167,5773
2818,5774
13882,5775
14212,5776
16039,5777
11469,5778
4096,5779
13302,5780
14565,5781
14023,5782
7410,5783
11515,5784
9209,5785
1565,5786
894,5787
11627,5788
6678,5789
18342,5790
20143,5791
4595,5792
10268,5793
1571,5794
8261,5795
11412,5796
17891,5797
7735,5798
10546,5799
19401,5800
11598,5801
19252,5802
7843,5803
18534,5804
4349,5805
12084,5806
12525,5807
3946,5808
18400,5809
14353,5810
15294,5811
5574,5812
11768,5813
17782,5814
18835,5815
19552,5816
14344,5817
10098,5818
10779,5819
7220,5820
20333,5821
14375,5822
19521,5823
1930,5824
7570,5825
7235,5826
7177,5827
8575,5828
6786,5829
19471,5830
8733,5831
10972,5832
1760,5833
4583,5834
8317,5835
13816,5836
15703,5837
10419,5838
19031,5839
5343,5840
5501,5841
12194,5842
12898,5843
1545,5844
2540,5845
4090,5846
10680,5847
1583,5848
2268,5849
12165,5850
19086,5851
8298,5852
6528,5853
1502,5854
11580,5855
6673,5856
18372,5857
6449,5858
13560,5859
3632,5860
5293,5861
16589,5862
18917,5863
7642,5864
8442,5865
12262,5866
8676,5867
17872,5868
8510,5869
11770,5870
4505,5871
11300,5872
18021,5873
6721,5874
8461,5875
19652,5876
18999,5877
19691,5878
6475,5879
3022,5880
14300,5881
18610,5882
17600,5883
18222,5884
6580,5885
10629,5886
7745,5887
8154,5888
11744,5889
20146,5890
19666,5891
9049,5892
6491,5893
2824,5894
2194,5895
7658,5896
7930,5897
11492,5898
6480,5899
10352,5900
12118,5901
4403,5902
5403,5903
3592,5904
7295,5905
10460,5906
10012,5907
7421,5908
19042,5909
8643,5910
18579,5911
11979,5912
6574,5913
11241,5914
6583,5915
7592,5916
7203,5917
17507,5918
11686,5919
18973,5920
18304,5921
18384,5922
11172,5923
8582,5924
17786,5925
18381,5926
7637,5927
10366,5928
17446,5929
17922,5930
854,5931
17982,5932
1080,5933
15600,5934
8695,5935
12089,5936
17528,5937
18527,5938
11897,5939
12072,5940
1137,5941
6933,5942
1089,5943
4216,5944
2012,5945
2624,5946
8744,5947
17403,5948
12177,5949
11758,5950
12318,5951
15954,5952
5761,5953
17915,5954
17735,5955
6474,5956
17859,5957
7294,5958
19581,5959
7172,5960
18415,5961
7862,5962
19650,5963
18898,5964
19672,5965
18513,5966
17888,5967
7313,5968
13106,5969
16366,5970
2894,5971
14156,5972
14747,5973
18293,5974
773,5975
10076,5976
11694,5977
19036,5978
3799,5979
13999,5980
11381,5981
1175,5982
17947,5983
2179,5984
17903,5985
11759,5986
1746,5987
13038,5988
15220,5989
9757,5990
18303,5991
18394,5992
19052,5993
19393,5994
5209,5995
5210,5996
8203,5997
8564,5998
12101,5999
7008,6000
7653,6001
7671,6002
18362,6003
18319,6004
13489,6005
17533,6006
3625,6007
9083,6008
19033,6009
1139,6010
5377,6011
6504,6012
13129,6013
10168,6014
17501,6015
19338,6016
5858,6017
6714,6018
18514,6019
11724,6020
19629,6021
11720,6022
18968,6023
12563,6024
6585,6025
8492,6026
17705,6027
1164,6028
1996,6029
17861,6030
1079,6031
7399,6032
12008,6033
11801,6034
10044,6035
11352,6036
17837,6037
19392,6038
10556,6039
11620,6040
18425,6041
10452,6042
7733,6043
12888,6044
3774,6045
17606,6046
12074,6047
8200,6048
7473,6049
10337,6050
3206,6051
8014,6052
3846,6053
8933,6054
14209,6055
5321,6056
11689,6057
8381,6058
4758,6059
13957,6060
878,6061
8043,6062
19879,6063
12222,6064
6867,6065
6567,6066
2692,6067
15540,6068
11683,6069
10119,6070
4644,6071
1909,6072
7774,6073
6430,6074
6787,6075
11280,6076
8586,6077
7414,6078
10422,6079
11447,6080
1607,6081
4687,6082
12644,6083
8153,6084
2919,6085
8318,6086
10862,6087
8258,6088
7100,6089
19039,6090
17928,6091
11449,6092
19482,6093
11314,6094
18896,6095
19499,6096
837,6097
11975,6098
10420,6099
18158,6100
7306,6101
7400,6102
19694,6103
10384,6104
10881,6105
11997,6106
17689,6107
11825,6108
8503,6109
8045,6110
6603,6111
10517,6112
10308,6113
19029,6114
12037,6115
8818,6116
14255,6117
17612,6118
17845,6119
12288,6120
12896,6121
1557,6122
9712,6123
11183,6124
19058,6125
17520,6126
18581,6127
18105,6128
19102,6129
13848,6130
18558,6131
18175,6132
19261,6133
13358,6134
6634,6135
11727,6136
7370,6137
11014,6138
19470,6139
12328,6140
12338,6141
12348,6142
8786,6143
1236,6144
12377,6145
1238,6146
12388,6147
19775,6148
12402,6149
12406,6150
12411,6151
8853,6152
12421,6153
8858,6154
12425,6155
1980,6156
19812,6157
8884,6158
19834,6159
19837,6160
8902,6161
12478,6162
19851,6163
19860,6164
8945,6165
19895,6166
12523,6167
1990,6168
12537,6169
12545,6170
8981,6171
19924,6172
12560,6173
12565,6174
19954,6175
9047,6176
12630,6177
9102,6178
20044,6179
20045,6180
9105,6181
20046,6182
20049,6183
9109,6184
20052,6185
12696,6186
12706,6187
12708,6188
20087,6189
12719,6190
12733,6191
9169,6192
9180,6193
9194,6194
20139,6195
9202,6196
20148,6197
20149,6198
12778,6199
921,6200
924,6201
12813,6202
9256,6203
9270,6204
9280,6205
2023,6206
9303,6207
9316,6208
17378,6209
4594,6210
15538,6211
8289,6212
2763,6213
11863,6214
15552,6215
4618,6216
2776,6217
11879,6218
8315,6219
15577,6220
19268,6221
4640,6222
8332,6223
19278,6224
8348,6225
4663,6226
13765,6227
13766,6228
19301,6229
1562,6230
18582,6231
4454,6232
9114,6233
9028,6234
8366,6235
2837,6236
4680,6237
4694,6238
11953,6239
15656,6240
17502,6241
2876,6242
13817,6243
10130,6244
4733,6245
13836,6246
1568,6247
2899,6248
4744,6249
8439,6250
4754,6251
13856,6252
4765,6253
2923,6254
15710,6255
2926,6256
16358,6257
12214,6258
12821,6259
13872,6260
10182,6261
13643,6262
12815,6263
12207,6264
13870,6265
12024,6266
15716,6267
8463,6268
2933,6269
4780,6270
4782,6271
2955,6272
6644,6273
4803,6274
13902,6275
4804,6276
2963,6277
15750,6278
13911,6279
4814,6280
15759,6281
13916,6282
19449,6283
15764,6284
13924,6285
4826,6286
13925,6287
19455,6288
2987,6289
13935,6290
2998,6291
13941,6292
6693,6293
15796,6294
1764,6295
15798,6296
4870,6297
3027,6298
4873,6299
10290,6300
12136,6301
4898,6302
8589,6303
15844,6304
15848,6305
4909,6306
19539,6307
3070,6308
14012,6309
14017,6310
4920,6311
14020,6312
4923,6313
14022,6314
1587,6315
15883,6316
10353,6317
14042,6318
4946,6319
17736,6320
15896,6321
12209,6322
3120,6323
17754,6324
10382,6325
19604,6326
6821,6327
1039,6328
3143,6329
1409,6330
15934,6331
4994,6332
3150,6333
14094,6334
14095,6335
6840,6336
14107,6337
14109,6338
14113,6339
3173,6340
14116,6341
15963,6342
15966,6343
8712,6344
14127,6345
5031,6346
12294,6347
15982,6348
8727,6349
15986,6350
10455,6351
5053,6352
10466,6353
14158,6354
8751,6355
14166,6356
5069,6357
3227,6358
8761,6359
5079,6360
10495,6361
3244,6362
14189,6363
6939,6364
10507,6365
14198,6366
8790,6367
17892,6368
3264,6369
12365,6370
14215,6371
1975,6372
16062,6373
10535,6374
16072,6375
3289,6376
5133,6377
17936,6378
14252,6379
19785,6380
16101,6381
18728,6382
16960,6383
3318,6384
2016,6385
16395,6386
7005,6387
1979,6388
16109,6389
16130,6390
16136,6391
12454,6392
17992,6393
16150,6394
19839,6395
3375,6396
12477,6397
3380,6398
16171,6399
14329,6400
3395,6401
16186,6402
3406,6403
16204,6404
12519,6405
18050,6406
1437,6407
10690,6408
8967,6409
14384,6410
3443,6411
898,6412
12549,6413
8987,6414
5303,6415
8995,6416
14419,6417
19958,6418
3492,6419
16284,6420
9029,6421
7189,6422
5350,6423
1814,6424
16301,6425
1815,6426
5373,6427
14471,6428
16321,6429
5381,6430
16326,6431
7228,6432
10798,6433
16333,6434
10818,6435
14507,6436
5412,6437
20041,6438
5416,6439
5421,6440
12677,6441
16373,6442
3589,6443
14538,6444
16381,6445
14543,6446
7291,6447
5449,6448
5450,6449
14556,6450
16404,6451
18248,6452
7314,6453
3635,6454
3638,6455
5481,6456
5486,6457
7329,6458
3648,6459
16437,6460
20128,6461
14602,6462
3663,6463
16449,6464
1461,6465
5515,6466
12770,6467
12773,6468
14624,6469
18324,6470
14640,6471
16491,6472
10961,6473
10964,6474
16498,6475
14660,6476
5564,6477
5571,6478
7415,6479
3730,6480
3735,6481
9271,6482
16539,6483
16541,6484
16542,6485
14702,6486
16548,6487
11021,6488
16555,6489
18403,6490
20253,6491
18413,6492
14728,6493
5637,6494
9325,6495
1474,6496
3802,6497
20274,6498
12908,6499
11065,6500
9341,6501
9348,6502
14760,6503
7505,6504
20292,6505
11076,6506
14765,6507
12922,6508
11079,6509
14769,6510
12931,6511
14775,6512
9364,6513
9373,6514
20315,6515
20318,6516
20319,6517
3852,6518
20324,6519
3856,6520
12957,6521
939,6522
14807,6523
14814,6524
9407,6525
5720,6526
12976,6527
3882,6528
16670,6529
1483,6530
5738,6531
2051,6532
11152,6533
2055,6534
16691,6535
13006,6536
16694,6537
5758,6538
13013,6539
14858,6540
5762,6541
5768,6542
5773,6543
16715,6544
1672,6545
13034,6546
7625,6547
11194,6548
3940,6549
1120,6550
14889,6551
9478,6552
3949,6553
2107,6554
13051,6555
5805,6556
5806,6557
2120,6558
16753,6559
11225,6560
18606,6561
14926,6562
9517,6563
14930,6564
3994,6565
14937,6566
14942,6567
4001,6568
9535,6569
4005,6570
13114,6571
2173,6572
4020,6573
5866,6574
13128,6575
13130,6576
7722,6577
16823,6578
13138,6579
5887,6580
4044,6581
13143,6582
18674,6583
16839,6584
11309,6585
13157,6586
5902,6587
15018,6588
5921,6589
13176,6590
2239,6591
5926,6592
16868,6593
13184,6594
16874,6595
962,6596
2250,6597
1504,6598
16892,6599
9641,6600
5958,6601
13212,6602
9645,6603
16902,6604
11372,6605
5963,6606
4122,6607
4139,6608
1324,6609
16929,6610
7833,6611
16932,6612
2306,6613
2308,6614
2309,6615
13252,6616
13259,6617
2319,6618
7850,6619
9696,6620
13265,6621
16952,6622
16953,6623
6012,6624
2330,6625
18813,6626
4191,6627
4194,6628
15136,6629
6041,6630
18829,6631
2359,6632
1699,6633
6047,6634
16990,6635
4205,6636
15150,6637
6053,6638
4211,6639
6058,6640
4219,6641
17008,6642
15166,6643
6072,6644
17016,6645
6076,6646
18862,6647
4234,6648
9765,6649
2397,6650
6084,6651
1334,6652
1887,6653
2398,6654
6091,6655
17033,6656
6092,6657
11504,6658
17036,6659
13350,6660
4252,6661
13351,6662
4257,6663
18900,6664
13373,6665
2436,6666
17067,6667
2449,6668
9825,6669
13397,6670
18928,6671
9835,6672
9837,6673
4309,6674
4316,6675
13426,6676
9861,6677
9864,6678
1344,6679
13441,6680
18975,6681
989,6682
9893,6683
8049,6684
13472,6685
2536,6686
1533,6687
2567,6688
2572,6689
9948,6690
9972,6691
2604,6692
9987,6693
4466,6694
1357,6695
13579,6696
19108,6697
4486,6698
15450,6699
11780,6700
2689,6701
13635,6702
2700,6703
13644,6704
13663,6705
13669,6706
8265,6707
2741,6708
7814,6709
9161,6710
9454,6711
8354,6712
14190,6713
16748,6714
12780,6715
1425,6716
10312,6717
13314,6718
15247,6719
18015,6720
19873,6721
5754,6722
7085,6723
9784,6724
6457,6725
14577,6726
1420,6727
15615,6728
15140,6729
13868,6730
15595,6731
3368,6732
4077,6733
15162,6734
2039,6735
972,6736
6001,6737
6951,6738
11070,6739
12213,6740
5784,6741
10835,6742
8427,6743
694,6744
15775,6745
19306,6746
10411,6747
9760,6748
12999,6749
20215,6750
10175,6751
13895,6752
11996,6753
1060,6754
4633,6755
7036,6756
12432,6757
15894,6758
19894,6759
8574,6760
9039,6761
18944,6762
6468,6763
14062,6764
15106,6765
18684,6766
13029,6767
12041,6768
7396,6769
15052,6770
1506,6771
13423,6772
2724,6773
4753,6774
5813,6775
5018,6776
12550,6777
19648,6778
9794,6779
13954,6780
15753,6781
19047,6782
17690,6783
2497,6784
10278,6785
12693,6786
12698,6787
8593,6788
19793,6789
9368,6790
13518,6791
7318,6792
14361,6793
14875,6794
8411,6795
12619,6796
10462,6797
11403,6798
17674,6799
10518,6800
16630,6801
1648,6802
8497,6803
14663,6804
16095,6805
2922,6806
4899,6807
941,6808
11923,6809
19238,6810
18221,6811
726,6812
2351,6813
15936,6814
8671,6815
12746,6816
5747,6817
7559,6818
9734,6819
19390,6820
4097,6821
15873,6822
1516,6823
1053,6824
3424,6825
8965,6826
3169,6827
14932,6828
13733,6829
5824,6830
10956,6831
11264,6832
3553,6833
11488,6834
3362,6835
1482,6836
12086,6837
19814,6838
14009,6839
12124,6840
14737,6841
16813,6842
1983,6843
1626,6844
14725,6845
11709,6846
16477,6847
19353,6848
3530,6849
4022,6850
3324,6851
8047,6852
13316,6853
18026,6854
8909,6855
3575,6856
5382,6857
8242,6858
11422,6859
10960,6860
14917,6861
9319,6862
7812,6863
14024,6864
19327,6865
14850,6866
11244,6867
13104,6868
8905,6869
13613,6870
14773,6871
16013,6872
17756,6873
17779,6874
1153,6875
4047,6876
12883,6877
4174,6878
11664,6879
12270,6880
12032,6881
18557,6882
12754,6883
10481,6884
9811,6885
12033,6886
19756,6887
19329,6888
3513,6889
5326,6890
6697,6891
10090,6892
18938,6893
9246,6894
12314,6895
13740,6896
11976,6897
11737,6898
19501,6899
20096,6900
10187,6901
6009,6902
20191,6903
3276,6904
2836,6905
6732,6906
16202,6907
1999,6908
12364,6909
12971,6910
14915,6911
8611,6912
18421,6913
14286,6914
8599,6915
10566,6916
14069,6917
13561,6918
9604,6919
16608,6920
18989,6921
17910,6922
19500,6923
3706,6924
1827,6925
10617,6926
11439,6927
14423,6928
6453,6929
15938,6930
11701,6931
14898,6932
2201,6933
11103,6934
8003,6935
9746,6936
17384,6937
14852,6938
9168,6939
12337,6940
7093,6941
2633,6942
6513,6943
4999,6944
883,6945
2971,6946
20304,6947
2327,6948
18760,6949
14585,6950
14097,6951
10432,6952
15658,6953
17487,6954
3365,6955
11895,6956
4151,6957
8152,6958
8160,6959
701,6960
10962,6961
14544,6962
2879,6963
18470,6964
18735,6965
12538,6966
2077,6967
13995,6968
19126,6969
17930,6970
8488,6971
12044,6972
10005,6973
10868,6974
12080,6975
13460,6976
6490,6977
9134,6978
2750,6979
18612,6980
9638,6981
12433,6982
15025,6983
1099,6984
11485,6985
12087,6986
2113,6987
2748,6988
7913,6989
12129,6990
16422,6991
4255,6992
1471,6993
11301,6994
15179,6995
18455,6996
5213,6997
13774,6998
9571,6999
12701,7000
19739,7001
7784,7002
19833,7003
13767,7004
3463,7005
14367,7006
10688,7007
1899,7008
6944,7009
4069,7010
17937,7011
10654,7012
2910,7013
16671,7014
17818,7015
3234,7016
16094,7017
8487,7018
17435,7019
14243,7020
10204,7021
6749,7022
10286,7023
12705,7024
13896,7025
15104,7026
5834,7027
10284,7028
2312,7029
10625,7030
15958,7031
12162,7032
6641,7033
6481,7034
7301,7035
7928,7036
15790,7037
19725,7038
18907,7039
19619,7040
756,7041
14174,7042
14756,7043
18915,7044
13491,7045
20263,7046
8993,7047
14148,7048
18035,7049
3319,7050
16165,7051
19460,7052
13529,7053
3299,7054
16127,7055
9159,7056
12159,7057
19418,7058
1300,7059
11896,7060
3547,7061
17720,7062
14579,7063
3834,7064
7447,7065
11569,7066
8397,7067
4848,7068
10331,7069
6521,7070
18985,7071
9629,7072
2743,7073
17374,7074
1000,7075
15998,7076
17842,7077
13235,7078
10018,7079
17858,7080
4613,7081
3693,7082
18321,7083
3695,7084
6460,7085
15560,7086
12797,7087
18789,7088
4016,7089
4621,7090
10836,7091
9497,7092
3404,7093
14180,7094
14185,7095
9697,7096
10505,7097
19724,7098
12354,7099
1973,7100
4641,7101
695,7102
19274,7103
15593,7104
834,7105
4653,7106
9728,7107
11915,7108
7888,7109
2819,7110
7428,7111
14222,7112
17451,7113
10545,7114
9743,7115
9293,7116
16087,7117
17935,7118
12408,7119
12409,7120
2025,7121
19330,7122
19794,7123
11038,7124
4706,7125
19333,7126
7011,7127
3331,7128
5177,7129
8403,7130
8864,7131
16120,7132
19344,7133
17964,7134
1889,7135
5648,7136
13825,7137
10599,7138
14751,7139
17979,7140
842,7141
5195,7142
2431,7143
10148,7144
5200,7145
14301,7146
10157,7147
12462,7148
14306,7149
8437,7150
19380,7151
8903,7152
11554,7153
20313,7154
14327,7155
2930,7156
10647,7157
1157,7158
1572,7159
12034,7160
20331,7161
7551,7162
8939,7163
6638,7164
11593,7165
15740,7166
8026,7167
19890,7168
17584,7169
2961,7170
3887,7171
14369,7172
7576,7173
19901,7174
11146,7175
1253,7176
12075,7177
10694,7178
13922,7179
16229,7180
11161,7181
4831,7182
6675,7183
2994,7184
12092,7185
3916,7186
9448,7187
8526,7188
1763,7189
1118,7190
7612,7191
18103,7192
7163,7193
19030,7194
8550,7195
15811,7196
7638,7197
15814,7198
6718,7199
5336,7200
6717,7201
15823,7202
19049,7203
4884,7204
3045,7205
13992,7206
5354,7207
18602,7208
3054,7209
10310,7210
10782,7211
2609,7212
10790,7213
12173,7214
6764,7215
11254,7216
10332,7217
14482,7218
13568,7219
5397,7220
4939,7221
13116,7222
12196,7223
7709,7224
3102,7225
8635,7226
14970,7227
12668,7228
19583,7229
11752,7230
5422,7231
9111,7232
6816,7233
19143,7234
1085,7235
18231,7236
16854,7237
20079,7238
10402,7239
14091,7240
16858,7241
19161,7242
6856,7243
6858,7244
3171,7245
11811,7246
15961,7247
10900,7248
15978,7249
16438,7250
8262,7251
20126,7252
2734,7253
10456,7254
13164,7255
877,7256
6626,7257
11916,7258
4665,7259
8338,7260
10299,7261
19653,7262
7023,7263
936,7264
3080,7265
14241,7266
6820,7267
12613,7268
19417,7269
10108,7270
19829,7271
3044,7272
2945,7273
10225,7274
4740,7275
4093,7276
1130,7277
1651,7278
3393,7279
5290,7280
9652,7281
2813,7282
4767,7283
14027,7284
3123,7285
11590,7286
14854,7287
12666,7288
16209,7289
6571,7290
3483,7291
8577,7292
17517,7293
12090,7294
12308,7295
3293,7296
10367,7297
16763,7298
2817,7299
5259,7300
14177,7301
17784,7302
12380,7303
16010,7304
17771,7305
17825,7306
18616,7307
15902,7308
4860,7309
17581,7310
19877,7311
14233,7312
17617,7313
14121,7314
7000,7315
4926,7316
12063,7317
1028,7318
19893,7319
3303,7320
14338,7321
8781,7322
8441,7323
1929,7324
3355,7325
8963,7326
14351,7327
4830,7328
10825,7329
9834,7330
6588,7331
10857,7332
5693,7333
1601,7334
17475,7335
11877,7336
4632,7337
2794,7338
1928,7339
17440,7340
4693,7341
13796,7342
19331,7343
19335,7344
4766,7345
2944,7346
15738,7347
4801,7348
17591,7349
6672,7350
6674,7351
15777,7352
12100,7353
12121,7354
8562,7355
6727,7356
13987,7357
3050,7358
4896,7359
14018,7360
6278,7361
15869,7362
10341,7363
6776,7364
17028,7365
17031,7366
10371,7367
15914,7368
9715,7369
12245,7370
5002,7371
3163,7372
19640,7373
15988,7374
12300,7375
8755,7376
14167,7377
11465,7378
784,7379
10499,7380
7141,7381
7772,7382
17887,7383
17063,7384
12390,7385
17074,7386
10579,7387
6088,7388
1427,7389
5193,7390
1708,7391
12451,7392
6093,7393
3360,7394
5204,7395
3371,7396
8924,7397
17092,7398
17094,7399
16214,7400
17096,7401
17097,7402
19915,7403
3451,7404
19930,7405
14401,7406
17101,7407
1072,7408
18094,7409
7153,7410
18096,7411
5311,7412
5313,7413
16256,7414
12570,7415
6293,7416
6117,7417
1995,7418
18107,7419
17106,7420
3489,7421
19964,7422
3493,7423
3495,7424
1075,7425
16281,7426
12595,7427
1444,7428
10753,7429
10755,7430
5341,7431
7187,7432
5346,7433
1260,7434
14449,7435
3507,7436
6295,7437
17112,7438
19991,7439
3522,7440
18153,7441
14467,7442
12627,7443
7216,7444
1263,7445
16322,7446
14484,7447
18171,7448
9074,7449
18174,7450
6131,7451
16338,7452
6132,7453
16348,7454
9094,7455
1635,7456
16351,7457
18199,7458
7261,7459
9104,7460
18207,7461
14522,7462
5427,7463
14527,7464
12685,7465
9117,7466
17128,7467
14537,7468
16388,7469
14550,7470
18238,7471
5453,7472
12710,7473
12718,7474
16405,7475
7308,7476
18254,7477
12726,7478
6149,7479
5482,7480
7326,7481
17137,7482
3642,7483
20113,7484
12744,7485
20117,7486
10904,7487
7336,7488
734,7489
12753,7490
9186,7491
14599,7492
3660,7493
14601,7494
16447,7495
10923,7496
10924,7497
12767,7498
14612,7499
16456,7500
16457,7501
12781,7502
17146,7503
3689,7504
14633,7505
10950,7506
20168,7507
10958,7508
9235,7509
16493,7510
10965,7511
18338,7512
5555,7513
10975,7514
6167,7515
12828,7516
7417,7517
14672,7518
20203,7519
14675,7520
12836,7521
12837,7522
5583,7523
12838,7524
7429,7525
6170,7526
14689,7527
18377,7528
14692,7529
18386,7530
11012,7531
12856,7532
14700,7533
16546,7534
6173,7535
6174,7536
6175,7537
18398,7538
6176,7539
16558,7540
12874,7541
7462,7542
9305,7543
9308,7544
16569,7545
16573,7546
14730,7547
14735,7548
16585,7549
12906,7550
14752,7551
18439,7552
5654,7553
9343,7554
9344,7555
7503,7556
16601,7557
5664,7558
9351,7559
12925,7560
12926,7561
16612,7562
1293,7563
1110,7564
12945,7565
14790,7566
11105,7567
7540,7568
12953,7569
12954,7570
12960,7571
20336,7572
1481,7573
1297,7574
11126,7575
11131,7576
17185,7577
18512,7578
7579,7579
18524,7580
5741,7581
12997,7582
14842,7583
759,7584
1719,7585
13004,7586
5750,7587
6202,7588
13010,7589
5759,7590
17193,7591
7616,7592
18561,7593
5785,7594
3945,7595
7634,7596
14890,7597
13047,7598
7639,7599
14895,7600
3963,7601
11231,7602
5822,7603
14921,7604
16770,7605
18613,7606
3988,7607
2145,7608
18617,7609
18625,7610
11257,7611
5846,7612
14944,7613
13105,7614
11268,7615
13110,7616
1680,7617
18645,7618
14959,7619
6225,7620
2178,7621
956,7622
5878,7623
4037,7624
16829,7625
4046,7626
16831,7627
17218,7628
14992,7629
2209,7630
4058,7631
13161,7632
7758,7633
16856,7634
776,7635
7760,7636
16857,7637
13179,7638
4083,7639
17231,7640
7776,7641
5932,7642
9620,7643
17227,7644
6241,7645
18731,7646
16890,7647
5949,7648
6242,7649
5953,7650
2267,7651
17230,7652
4115,7653
2273,7654
5961,7655
9649,7656
7809,7657
2280,7658
17232,7659
4129,7660
15072,7661
6248,7662
7822,7663
2299,7664
18771,7665
9674,7666
16931,7667
2303,7668
16936,7669
5998,7670
4156,7671
1724,7672
4160,7673
18790,7674
16955,7675
6013,7676
6014,7677
16957,7678
6017,7679
1696,7680
16961,7681
16962,7682
7865,7683
16964,7684
6021,7685
16966,7686
16965,7687
6023,7688
16968,7689
1144,7690
6026,7691
6028,7692
6027,7693
1513,7694
6031,7695
6029,7696
6033,7697
6030,7698
15135,7699
18821,7700
1698,7701
6036,7702
6039,7703
11452,7704
6040,7705
7890,7706
16984,7707
16985,7708
6043,7709
6045,7710
16989,7711
6049,7712
6050,7713
15153,7714
16995,7715
6052,7716
6056,7717
18845,7718
17001,7719
6060,7720
17005,7721
17006,7722
6066,7723
7912,7724
2383,7725
6069,7726
18857,7727
15170,7728
17010,7729
6070,7730
6073,7731
6074,7732
6075,7733
6078,7734
18867,7735
11494,7736
6079,7737
17021,7738
17024,7739
9776,7740
6083,7741
7934,7742
18876,7743
7936,7744
2404,7745
6086,7746
7939,7747
6096,7748
6089,7749
6090,7750
9786,7751
17032,7752
18886,7753
6095,7754
6097,7755
9791,7756
6099,7757
17043,7758
17046,7759
17047,7760
17048,7761
1705,7762
7958,7763
2427,7764
17051,7765
17052,7766
17056,7767
18905,7768
13376,7769
6116,7770
15221,7771
17059,7772
17061,7773
2440,7774
1154,7775
17062,7776
6122,7777
6124,7778
2446,7779
6125,7780
6129,7781
6130,7782
17072,7783
13392,7784
13393,7785
2452,7786
9828,7787
17076,7788
6136,7789
17078,7790
6138,7791
6139,7792
17084,7793
6143,7794
17086,7795
17085,7796
6147,7797
9840,7798
11566,7799
11567,7800
11568,7801
800,7802
15253,7803
4314,7804
17093,7805
18946,7806
6154,7807
4319,7808
17098,7809
6160,7810
15268,7811
6162,7812
17104,7813
6165,7814
8016,7815
15271,7816
2489,7817
17110,7818
18962,7819
2491,7820
13435,7821
13436,7822
2496,7823
15277,7824
15279,7825
4344,7826
17126,7827
9878,7828
11602,7829
18978,7830
17135,7831
18980,7832
15292,7833
4353,7834
17131,7835
6191,7836
17133,7837
4357,7838
2514,7839
6195,7840
6196,7841
15301,7842
17139,7843
18992,7844
17141,7845
9897,7846
18996,7847
4365,7848
17145,7849
990,7850
17149,7851
8058,7852
17150,7853
6214,7854
4375,7855
15317,7856
15318,7857
17157,7858
6216,7859
15320,7860
17159,7861
17162,7862
15323,7863
15324,7864
17163,7865
17165,7866
2542,7867
11641,7868
6223,7869
8075,7870
11643,7871
15330,7872
6226,7873
17170,7874
1717,7875
6232,7876
13493,7877
4396,7878
6233,7879
17175,7880
1534,7881
17177,7882
6236,7883
15342,7884
1718,7885
17182,7886
15345,7887
15346,7888
15347,7889
13504,7890
4406,7891
1535,7892
4410,7893
17189,7894
15354,7895
17192,7896
6251,7897
17194,7898
17196,7899
17197,7900
17198,7901
17202,7902
17203,7903
8109,7904
6267,7905
17209,7906
6269,7907
1721,7908
1537,7909
17212,7910
17213,7911
6273,7912
9962,7913
6272,7914
9964,7915
15375,7916
11433,7917
6275,7918
6274,7919
17216,7920
17217,7921
6276,7922
17220,7923
6280,7924
15385,7925
17221,7926
17225,7927
17226,7928
6285,7929
17228,7930
6292,7931
15391,7932
6289,7933
17229,7934
17237,7935
15394,7936
4453,7937
6290,7938
4457,7939
6301,7940
19088,7941
6302,7942
4460,7943
4461,7944
17247,7945
17248,7946
6306,7947
2622,7948
13565,7949
6309,7950
15427,7951
4489,7952
1543,7953
4491,7954
17280,7955
8182,7956
11750,7957
15439,7958
15443,7959
4501,7960
2664,7961
19136,7962
13608,7963
17297,7964
15454,7965
15455,7966
1730,7967
17303,7968
6363,7969
1546,7970
13621,7971
15471,7972
15476,7973
4535,7974
15478,7975
15484,7976
4542,7977
15489,7978
4547,7979
15498,7980
4556,7981
8244,7982
19188,7983
11816,7984
4564,7985
15505,7986
13667,7987
4569,7988
15511,7989
2737,7990
19210,7991
1086,7992
1207,7993
17559,7994
19425,7995
2054,7996
10370,7997
16374,7998
5968,7999
19295,8000
17668,8001
8372,8002
7226,8003
12588,8004
6180,8005
4333,8006
7077,8007
17721,8008
8106,8009
3525,8010
15289,8011
16262,8012
4281,8013
16796,8014
16158,8015
19334,8016
2797,8017
5760,8018
2081,8019
4712,8020
4714,8021
8343,8022
11557,8023
13060,8024
9080,8025
18707,8026
15080,8027
12035,8028
1467,8029
15115,8030
18564,8031
6441,8032
8655,8033
12872,8034
15535,8035
15872,8036
2903,8037
13862,8038
18753,8039
9508,8040
9365,8041
17980,8042
13394,8043
16923,8044
13748,8045
14874,8046
6515,8047
15608,8048
2884,8049
2249,8050
10262,8051
4487,8052
10446,8053
18839,8054
20249,8055
14820,8056
19111,8057
17041,8058
11204,8059
13193,8060
15142,8061
4231,8062
18745,8063
17044,8064
12059,8065
9081,8066
13133,8067
4955,8068
8421,8069
6054,8070
12924,8071
10876,8072
16942,8073
11978,8074
8977,8075
18454,8076
4698,8077
7844,8078
4271,8079
16657,8080
17793,8081
10526,8082
20035,8083
11894,8084
3018,8085
11712,8086
10549,8087
18337,8088
18930,8089
14605,8090
9817,8091
8682,8092
2036,8093
14246,8094
10668,8095
15824,8096
12226,8097
8926,8098
3662,8099
4023,8100
5965,8101
9222,8102
13280,8103
10067,8104
9798,8105
14323,8106
12323,8107
13121,8108
4751,8109
13771,8110
19708,8111
16765,8112
12339,8113
13909,8114
15440,8115
17058,8116
7859,8117
9838,8118
5374,8119
15288,8120
15598,8121
10126,8122
20157,8123
16445,8124
3772,8125
8532,8126
8021,8127
19746,8128
5092,8129
11290,8130
1556,8131
17107,8132
15261,8133
7495,8134
10792,8135
11579,8136
9671,8137
11878,8138
5159,8139
6319,8140
18852,8141
19263,8142
18664,8143
13292,8144
13971,8145
4007,8146
4081,8147
8323,8148
17568,8149
7107,8150
1215,8151
5183,8152
8051,8153
11123,8154
10084,8155
18352,8156
13582,8157
17397,8158
5272,8159
977,8160
6941,8161
5385,8162
8888,8163
18181,8164
3937,8165
5873,8166
1195,8167
7194,8168
12216,8169
3479,8170
18737,8171
16779,8172
9167,8173
3993,8174
19446,8175
15060,8176
8473,8177
14481,8178
4732,8179
4502,8180
3332,8181
10986,8182
10271,8183
7825,8184
10275,8185
19488,8186
10555,8187
1580,8188
19719,8189
2973,8190
17550,8191
14016,8192
5398,8193
18189,8194
15107,8195
19461,8196
6998,8197
5286,8198
18277,8199
12791,8200
19389,8201
11530,8202
12919,8203
16296,8204
8370,8205
9687,8206
11662,8207
2951,8208
18220,8209
2331,8210
2896,8211
1617,8212
5658,8213
15946,8214
14562,8215
18266,8216
9232,8217
5309,8218
18275,8219
7681,8220
4783,8221
13506,8222
12759,8223
14305,8224
10254,8225
13956,8226
1633,8227
1423,8228
8274,8229
2014,8230
14259,8231
12185,8232
20325,8233
19706,8234
11342,8235
8059,8236
11374,8237
1184,8238
10542,8239
4669,8240
9775,8241
10901,8242
2167,8243
4549,8244
14396,8245
16293,8246
20008,8247
19641,8248
19095,8249
6929,8250
5411,8251
5988,8252
11074,8253
11899,8254
13096,8255
1972,8256
15864,8257
17018,8258
18442,8259
18306,8260
11130,8261
5103,8262
1961,8263
9966,8264
13788,8265
20021,8266
18697,8267
5736,8268
19107,8269
2031,8270
10259,8271
11423,8272
708,8273
5179,8274
11511,8275
3240,8276
8357,8277
2498,8278
10373,8279
10985,8280
1443,8281
11177,8282
11731,8283
20282,8284
11133,8285
20089,8286
8941,8287
19863,8288
1897,8289
19913,8290
11773,8291
14791,8292
3328,8293
7645,8294
4864,8295
19421,8296
14818,8297
17234,8298
1167,8299
16893,8300
5669,8301
10736,8302
11139,8303
5352,8304
17439,8305
18623,8306
19216,8307
6746,8308
6704,8309
18322,8310
18954,8311
12389,8312
16565,8313
5787,8314
5285,8315
4686,8316
16233,8317
10188,8318
13726,8319
4072,8320
5270,8321
3543,8322
5277,8323
7737,8324
13074,8325
9512,8326
11292,8327
15931,8328
2755,8329
6546,8330
15073,8331
11496,8332
8928,8333
18137,8334
770,8335
3528,8336
3899,8337
17512,8338
2956,8339
9382,8340
15210,8341
2098,8342
16795,8343
9575,8344
18314,8345
15174,8346
3932,8347
8296,8348
8412,8349
723,8350
14927,8351
18228,8352
20250,8353
17614,8354
6022,8355
11949,8356
19553,8357
6034,8358
1108,8359
1745,8360
11797,8361
20136,8362
17478,8363
11973,8364
869,8365
11876,8366
6969,8367
10400,8368
2978,8369
15943,8370
12370,8371
14191,8372
11261,8373
18847,8374
16926,8375
16525,8376
16649,8377
16980,8378
6562,8379
19605,8380
10521,8381
14314,8382
16448,8383
10311,8384
4468,8385
19502,8386
13459,8387
17102,8388
2870,8389
3643,8390
6294,8391
6296,8392
17238,8393
6298,8394
17244,8395
17241,8396
17242,8397
17249,8398
17243,8399
6303,8400
17253,8401
17250,8402
17251,8403
17256,8404
1725,8405
6316,8406
6312,8407
6311,8408
17252,8409
17255,8410
1726,8411
6315,8412
6321,8413
17258,8414
17263,8415
17261,8416
17260,8417
17264,8418
17265,8419
17267,8420
17268,8421
1727,8422
6318,8423
17270,8424
17271,8425
17272,8426
17274,8427
17275,8428
17276,8429
1728,8430
6339,8431
17277,8432
17278,8433
17282,8434
4587,8435
15529,8436
6431,8437
2747,8438
11848,8439
2753,8440
15539,8441
4599,8442
11854,8443
8287,8444
2757,8445
2760,8446
19236,8447
11865,8448
15554,8449
11868,8450
11871,8451
4617,8452
13964,8453
13364,8454
8272,8455
769,8456
4619,8457
6463,8458
15565,8459
15566,8460
13725,8461
4628,8462
11898,8463
13745,8464
11904,8465
8336,8466
17438,8467
19285,8468
17444,8469
6506,8470
13762,8471
4673,8472
13776,8473
17466,8474
11940,8475
8374,8476
19318,8477
15631,8478
15635,8479
4696,8480
11951,8481
17496,8482
4710,8483
17497,8484
840,8485
8401,8486
1936,8487
13830,8488
8422,8489
15685,8490
6587,8491
15689,8492
6595,8493
8440,8494
15704,8495
19394,8496
19398,8497
2934,8498
2937,8499
17569,8500
4786,8501
15728,8502
12046,8503
13903,8504
17593,8505
13906,8506
6651,8507
4809,8508
6662,8509
19453,8510
17613,8511
15772,8512
17616,8513
13930,8514
6677,8515
4834,8516
10248,8517
13938,8518
4840,8519
12096,8520
12098,8521
13942,8522
12099,8523
4843,8524
13945,8525
15786,8526
17637,8527
12109,8528
4859,8529
13958,8530
6703,8531
15801,8532
8549,8533
6705,8534
19495,8535
6715,8536
19504,8537
17667,8538
6728,8539
19519,8540
8580,8541
13993,8542
12153,8543
6742,8544
17685,8545
17687,8546
8591,8547
10319,8548
17697,8549
15854,8550
4918,8551
19547,8552
1033,8553
15862,8554
19549,8555
12179,8556
15868,8557
3086,8558
19568,8559
19569,8560
12198,8561
10357,8562
12208,8563
19587,8564
1959,8565
14060,8566
8659,8567
17758,8568
15917,8569
8663,8570
17764,8571
15921,8572
14083,8573
3147,8574
15933,8575
3149,8576
10403,8577
17785,8578
19632,8579
14103,8580
6851,8581
10427,8582
17807,8583
15968,8584
3183,8585
8714,8586
10441,8587
5850,8588
7734,8589
17973,8590
7531,8591
12289,8592
15989,8593
17838,8594
17843,8595
16003,8596
16004,8597
12319,8598
16006,8599
17849,8600
19699,8601
19702,8602
19703,8603
14176,8604
8768,8605
19711,8606
17874,8607
6938,8608
14192,8609
12350,8610
19727,8611
10520,8612
14207,8613
10524,8614
19743,8615
8807,8616
6971,8617
6974,8618
12387,8619
6978,8620
1055,8621
14238,8622
5145,8623
19776,8624
6999,8625
3316,8626
14260,8627
8851,8628
14264,8629
5169,8630
14270,8631
10585,8632
7017,8633
3338,8634
19810,8635
12444,8636
12446,8637
14293,8638
10607,8639
7042,8640
1984,8641
17998,8642
12468,8643
10633,8644
19857,8645
3389,8646
10646,8647
3394,8648
14343,8649
18037,8650
14356,8651
7103,8652
7105,8653
5264,8654
12529,8655
19904,8656
18065,8657
10692,8658
10698,8659
18071,8660
19918,8661
8982,8662
3460,8663
1809,8664
19944,8665
9002,8666
19945,8667
9005,8668
12576,8669
18115,8670
12596,8671
9048,8672
9054,8673
14474,8674
16317,8675
9068,8676
9076,8677
3552,8678
7244,8679
14524,8680
12695,8681
5447,8682
9136,8683
12704,8684
5452,8685
9139,8686
3616,8687
7304,8688
18247,8689
1088,8690
20097,8691
18258,8692
12731,8693
7325,8694
12737,8695
20111,8696
3652,8697
18283,8698
9188,8699
3671,8700
18300,8701
10929,8702
14615,8703
20150,8704
9217,8705
922,8706
20162,8707
9224,8708
18323,8709
16489,8710
9234,8711
3708,8712
7401,8713
12818,8714
18356,8715
18365,8716
18366,8717
14681,8718
7426,8719
18371,8720
18375,8721
20220,8722
12852,8723
1101,8724
3760,8725
12860,8726
3771,8727
20248,8728
9312,8729
16575,8730
20266,8731
12902,8732
16594,8733
20283,8734
7500,8735
20289,8736
1292,8737
20302,8738
18465,8739
16622,8740
14780,8741
14788,8742
18477,8743
16645,8744
14812,8745
12975,8746
7567,8747
16665,8748
5726,8749
18510,8750
16673,8751
12989,8752
16680,8753
16681,8754
18529,8755
13001,8756
18539,8757
945,8758
14862,8759
13030,8760
11189,8761
2108,8762
11211,8763
11213,8764
11227,8765
18614,8766
11248,8767
2152,8768
1494,8769
18628,8770
16786,8771
18629,8772
2163,8773
7696,8774
11263,8775
18637,8776
7702,8777
11275,8778
9555,8779
2181,8780
7726,8781
18668,8782
11298,8783
14991,8784
7742,8785
15011,8786
11327,8787
18702,8788
18706,8789
11333,8790
2235,8791
16866,8792
7771,8793
16871,8794
13190,8795
7780,8796
9628,8797
18730,8798
15043,8799
9634,8800
13202,8801
15051,8802
18744,8803
7813,8804
18761,8805
18767,8806
15092,8807
18783,8808
15098,8809
6004,8810
15105,8811
6011,8812
970,8813
18802,8814
13281,8815
15130,8816
18820,8817
6037,8818
11453,8819
789,8820
9736,8821
2366,8822
2371,8823
6059,8824
6061,8825
11474,8826
13319,8827
13323,8828
7916,8829
18860,8830
792,8831
18863,8832
7926,8833
15180,8834
9772,8835
1150,8836
7932,8837
11506,8838
2416,8839
13365,8840
6120,8841
7969,8842
13382,8843
11542,8844
18918,8845
18920,8846
4301,8847
1156,8848
13411,8849
15258,8850
13414,8851
2478,8852
2486,8853
6178,8854
17119,8855
9869,8856
15285,8857
15287,8858
4355,8859
18991,8860
11619,8861
9895,8862
8052,8863
13469,8864
11625,8865
6228,8866
8073,8867
13486,8868
17178,8869
15336,8870
19025,8871
13507,8872
6252,8873
15350,8874
4416,8875
8108,8876
8112,8877
9961,8878
17222,8879
13541,8880
19076,8881
17233,8882
15392,8883
19082,8884
15399,8885
17245,8886
17246,8887
6307,8888
15406,8889
6308,8890
6324,8891
6328,8892
11740,8893
13585,8894
6331,8895
6337,8896
4496,8897
6341,8898
17284,8899
17286,8900
6345,8901
17288,8902
17287,8903
8191,8904
17290,8905
11757,8906
17292,8907
11763,8908
11762,8909
17295,8910
17296,8911
6355,8912
19140,8913
17299,8914
6357,8915
6358,8916
6359,8917
17301,8918
17302,8919
6361,8920
17304,8921
19146,8922
17306,8923
6367,8924
17309,8925
1731,8926
15466,8927
6372,8928
2687,8929
17313,8930
8217,8931
822,8932
6378,8933
6381,8934
6382,8935
17324,8936
15481,8937
17326,8938
19171,8939
6388,8940
1733,8941
4545,8942
17337,8943
17338,8944
17340,8945
17341,8946
11810,8947
6402,8948
17345,8949
6404,8950
11814,8951
6406,8952
2723,8953
2726,8954
19205,8955
2738,8956
6427,8957
15584,8958
12065,8959
13067,8960
2122,8961
10931,8962
13588,8963
17039,8964
18906,8965
6565,8966
16741,8967
13343,8968
11479,8969
17457,8970
1849,8971
4885,8972
4190,8973
1096,8974
15236,8975
9036,8976
1642,8977
11476,8978
15668,8979
18003,8980
18019,8981
18604,8982
9614,8983
4866,8984
4376,8985
12825,8986
1753,8987
794,8988
7128,8989
3533,8990
19862,8991
8104,8992
18198,8993
19867,8994
12070,8995
19908,8996
17376,8997
18598,8998
11041,8999
6707,9000
19040,9001
20084,9002
7060,9003
12684,9004
13917,9005
13918,9006
7022,9007
12804,9008
12749,9009
17503,9010
4651,9011
9886,9012
9219,9013
17082,9014
17933,9015
2711,9016
18787,9017
2102,9018
14679,9019
6659,9020
19730,9021
15788,9022
9490,9023
3072,9024
19022,9025
14261,9026
1320,9027
16237,9028
10298,9029
11034,9030
17408,9031
4013,9032
6121,9033
19704,9034
9067,9035
19045,9036
14352,9037
18565,9038
20175,9039
19925,9040
7439,9041
3248,9042
8060,9043
13379,9044
16343,9045
20155,9046
20290,9047
2854,9048
4839,9049
10597,9050
19452,9051
11835,9052
15884,9053
6436,9054
5829,9055
9307,9056
10221,9057
14781,9058
18345,9059
10295,9060
7858,9061
18142,9062
11654,9063
19866,9064
8320,9065
6425,9066
9042,9067
18587,9068
12674,9069
7101,9070
14063,9071
7028,9072
8482,9073
8986,9074
9052,9075
9101,9076
12938,9077
17706,9078
11271,9079
13880,9080
2015,9081
14087,9082
913,9083
1550,9084
12123,9085
12128,9086
10436,9087
19803,9088
18619,9089
15117,9090
12489,9091
3068,9092
10326,9093
8548,9094
7905,9095
12544,9096
17914,9097
1158,9098
1564,9099
12585,9100
12952,9101
14866,9102
4867,9103
16002,9104
17761,9105
19544,9106
19661,9107
12683,9108
16561,9109
13800,9110
14910,9111
15996,9112
4976,9113
15234,9114
19066,9115
17171,9116
13094,9117
19299,9118
18361,9119
18964,9120
10943,9121
11584,9122
14271,9123
17715,9124
5987,9125
6612,9126
6614,9127
12720,9128
2153,9129
6616,9130
10113,9131
1034,9132
13783,9133
8552,9134
19478,9135
13288,9136
10386,9137
17940,9138
7030,9139
7211,9140
7974,9141
10890,9142
19265,9143
8339,9144
10000,9145
12268,9146
17447,9147
11306,9148
18169,9149
19906,9150
3038,9151
9607,9152
1374,9153
17480,9154
7162,9155
9125,9156
4807,9157
18001,9158
10270,9159
5666,9160
2177,9161
13398,9162
5734,9163
1597,9164
2191,9165
18667,9166
18685,9167
18018,9168
827,9169
11869,9170
3377,9171
1901,9172
17830,9173
7074,9174
19897,9175
18111,9176
1765,9177
1299,9178
1818,9179
19008,9180
2186,9181
18162,9182
845,9183
19626,9184
6462,9185
20018,9186
19422,9187
19193,9188
2637,9189
18006,9190
6878,9191
9584,9192
13666,9193
8528,9194
8213,9195
18280,9196
11986,9197
9216,9198
12235,9199
12405,9200
20167,9201
12517,9202
19542,9203
18994,9204
12808,9205
16768,9206
5638,9207
10146,9208
17661,9209
17918,9210
18320,9211
12465,9212
17733,9213
19981,9214
1081,9215
12967,9216
17728,9217
9243,9218
19512,9219
12533,9220
14170,9221
15799,9222
18407,9223
4883,9224
6538,9225
7868,9226
16213,9227
8878,9228
5101,9229
20098,9230
8222,9231
3135,9232
8362,9233
19792,9234
2964,9235
19752,9236
19617,9237
9546,9238
1210,9239
8006,9240
18104,9241
10920,9242
7995,9243
12951,9244
19212,9245
19316,9246
7967,9247
19427,9248
10709,9249
9072,9250
2197,9251
18106,9252
11202,9253
18179,9254
9196,9255
12600,9256
17582,9257
18241,9258
9251,9259
12642,9260
13943,9261
19300,9262
3587,9263
18828,9264
1007,9265
1010,9266
5067,9267
16821,9268
18072,9269
19313,9270
15858,9271
9318,9272
3204,9273
17436,9274
7689,9275
1126,9276
18732,9277
2171,9278
7310,9279
16153,9280
3656,9281
12110,9282
831,9283
8956,9284
10438,9285
1370,9286
13876,9287
6557,9288
1008,9289
15756,9290
17850,9291
17567,9292
15721,9293
10261,9294
11260,9295
12252,9296
3002,9297
8505,9298
15648,9299
12330,9300
6635,9301
1234,9302
1194,9303
6433,9304
11154,9305
19536,9306
8538,9307
10884,9308
825,9309
8285,9310
1743,9311
19137,9312
13749,9313
17919,9314
15558,9315
10131,9316
1416,9317
15865,9318
2761,9319
15723,9320
6535,9321
10453,9322
11655,9323
19070,9324
2812,9325
10069,9326
2842,9327
17682,9328
15762,9329
4895,9330
2821,9331
17576,9332
14171,9333
16016,9334
10318,9335
4596,9336
12251,9337
13972,9338
15744,9339
6561,9340
15621,9341
19772,9342
10047,9343
6793,9344
19655,9345
17880,9346
12329,9347
19674,9348
19878,9349
2856,9350
17534,9351
20039,9352
19557,9353
2767,9354
17400,9355
5086,9356
15531,9357
11551,9358
12848,9359
10989,9360
12809,9361
6950,9362
14205,9363
5109,9364
10525,9365
10527,9366
5116,9367
3275,9368
1422,9369
12396,9370
5142,9371
10559,9372
5155,9373
3312,9374
5158,9375
19788,9376
5161,9377
885,9378
5170,9379
14280,9380
16123,9381
14281,9382
14284,9383
5189,9384
5190,9385
5191,9386
14295,9387
16166,9388
16175,9389
16177,9390
14345,9391
14363,9392
14373,9393
16222,9394
5297,9395
14395,9396
5301,9397
19936,9398
3466,9399
16250,9400
5312,9401
3480,9402
1627,9403
5339,9404
16283,9405
16285,9406
903,9407
3502,9408
12601,9409
16290,9410
14468,9411
14478,9412
14483,9413
7231,9414
14496,9415
3555,9416
18184,9417
14500,9418
14504,9419
14510,9420
14513,9421
5419,9422
16368,9423
14529,9424
14534,9425
14539,9426
16385,9427
3603,9428
14551,9429
14553,9430
5455,9431
3613,9432
1456,9433
16417,9434
3636,9435
5485,9436
14587,9437
5492,9438
12748,9439
5495,9440
14596,9441
3665,9442
16450,9443
16454,9444
14610,9445
5520,9446
5526,9447
10938,9448
14627,9449
14634,9450
14638,9451
9231,9452
14644,9453
9233,9454
5548,9455
18340,9456
1650,9457
16503,9458
3724,9459
14676,9460
20211,9461
16535,9462
12855,9463
5602,9464
16544,9465
5607,9466
14709,9467
16552,9468
14711,9469
11027,9470
18401,9471
20246,9472
11030,9473
16564,9474
14724,9475
5626,9476
16571,9477
1473,9478
16574,9479
16584,9480
5643,9481
3800,9482
5646,9483
14746,9484
5652,9485
3813,9486
14757,9487
16600,9488
1476,9489
14761,9490
14768,9491
3827,9492
14770,9493
5688,9494
3845,9495
3851,9496
14796,9497
7543,9498
16655,9499
14813,9500
3872,9501
3883,9502
11140,9503
16677,9504
14840,9505
5756,9506
3914,9507
1670,9508
13018,9509
16711,9510
13027,9511
3938,9512
7652,9513
2127,9514
5828,9515
5831,9516
9522,9517
1678,9518
7683,9519
5842,9520
4137,9521
18768,9522
1923,9523
5986,9524
11860,9525
13244,9526
7835,9527
9680,9528
16940,9529
13258,9530
9691,9531
15102,9532
6006,9533
13262,9534
4164,9535
2322,9536
7854,9537
1511,9538
15112,9539
6016,9540
13274,9541
4537,9542
4499,9543
18032,9544
7113,9545
6484,9546
2340,9547
9716,9548
15128,9549
16973,9550
9719,9551
9717,9552
6035,9553
4193,9554
2350,9555
15138,9556
16983,9557
2355,9558
2358,9559
9733,9560
16991,9561
6584,9562
9127,9563
8464,9564
13846,9565
12632,9566
3185,9567
17913,9568
4726,9569
4123,9570
2365,9571
13308,9572
2372,9573
1700,9574
8365,9575
9749,9576
11934,9577
15161,9578
13318,9579
19307,9580
4222,9581
17469,9582
1701,9583
13326,9584
10100,9585
17477,9586
6537,9587
13331,9588
19323,9589
17020,9590
6080,9591
2394,9592
17483,9593
13340,9594
6548,9595
11962,9596
15190,9597
19339,9598
4250,9599
15194,9600
15197,9601
2412,9602
13356,9603
11974,9604
9790,9605
15201,9606
1336,9607
7949,9608
11518,9609
15206,9610
18894,9611
2423,9612
15208,9613
6111,9614
6112,9615
17055,9616
9800,9617
15209,9618
13368,9619
13372,9620
2433,9621
11533,9622
11535,9623
1752,9624
17521,9625
13381,9626
6589,9627
982,9628
9820,9629
4290,9630
1892,9631
10163,9632
19385,9633
983,9634
19395,9635
6617,9636
8470,9637
19429,9638
6645,9639
6653,9640
10224,9641
6660,9642
9171,9643
8509,9644
18577,9645
6279,9646
16311,9647
10250,9648
1947,9649
8536,9650
6699,9651
1027,9652
19491,9653
19492,9654
17662,9655
12131,9656
6724,9657
6726,9658
10297,9659
12142,9660
858,9661
19531,9662
1769,9663
10315,9664
17703,9665
4000,9666
10340,9667
19560,9668
12195,9669
14964,9670
18657,9671
19580,9672
14976,9673
17742,9674
12211,9675
8650,9676
10377,9677
8658,9678
16835,9679
12227,9680
14994,9681
16842,9682
12234,9683
16847,9684
12241,9685
15009,9686
8680,9687
17788,9688
18711,9689
5929,9690
9621,9691
16880,9692
11350,9693
16882,9694
13200,9695
2261,9696
9639,9697
16897,9698
18742,9699
9648,9700
5962,9701
19208,9702
9650,9703
16909,9704
6573,9705
17389,9706
17411,9707
11936,9708
19515,9709
10048,9710
12712,9711
17605,9712
12125,9713
8435,9714
8295,9715
17395,9716
10416,9717
17513,9718
864,9719
17518,9720
10095,9721
13279,9722
7550,9723
14108,9724
8702,9725
19649,9726
12278,9727
10435,9728
12285,9729
6875,9730
19668,9731
12297,9732
10463,9733
10470,9734
17848,9735
10479,9736
6912,9737
10490,9738
8769,9739
19712,9740
17876,9741
19723,9742
8783,9743
8795,9744
10523,9745
8806,9746
19767,9747
10550,9748
6530,9749
17539,9750
10288,9751
17670,9752
6756,9753
17722,9754
10358,9755
10417,9756
10492,9757
10573,9758
1058,9759
17975,9760
17991,9761
10644,9762
7084,9763
1803,9764
18031,9765
7109,9766
7115,9767
10684,9768
7126,9769
7129,9770
7142,9771
18085,9772
7144,9773
18092,9774
7164,9775
7167,9776
18112,9777
7192,9778
10769,9779
18144,9780
18146,9781
7218,9782
18168,9783
18178,9784
10809,9785
7243,9786
7258,9787
1083,9788
10834,9789
10859,9790
10867,9791
18245,9792
18253,9793
1090,9794
18286,9795
10914,9796
18289,9797
18299,9798
10971,9799
7409,9800
1098,9801
10997,9802
11007,9803
11010,9804
18402,9805
11037,9806
11047,9807
11058,9808
18462,9809
7522,9810
18487,9811
7552,9812
7568,9813
1853,9814
11157,9815
18531,9816
7598,9817
1854,9818
1119,9819
7626,9820
763,9821
7646,9822
7651,9823
11222,9824
18609,9825
7670,9826
18642,9827
7713,9828
7725,9829
7728,9830
7732,9831
7736,9832
7748,9833
18691,9834
11319,9835
18698,9836
18701,9837
18714,9838
7787,9839
11361,9840
7817,9841
11388,9842
18763,9843
11410,9844
7860,9845
11455,9846
18841,9847
18844,9848
18850,9849
18856,9850
11491,9851
11498,9852
18879,9853
18895,9854
7953,9855
797,9856
11544,9857
11550,9858
18940,9859
18942,9860
11577,9861
18961,9862
18974,9863
11606,9864
11607,9865
11613,9866
18990,9867
18995,9868
11623,9869
18998,9870
11629,9871
19004,9872
11636,9873
11651,9874
11659,9875
11678,9876
19065,9877
19098,9878
11728,9879
1173,9880
11732,9881
11742,9882
8180,9883
11751,9884
8184,9885
8188,9886
8189,9887
19134,9888
11766,9889
8198,9890
8216,9891
19160,9892
19174,9893
8241,9894
19184,9895
19194,9896
8252,9897
8259,9898
826,9899
11836,9900
11838,9901
8284,9902
19241,9903
8371,9904
11945,9905
11993,9906
8466,9907
19420,9908
19423,9909
8515,9910
12091,9911
12095,9912
8624,9913
1240,9914
8857,9915
1243,9916
12435,9917
8883,9918
12453,9919
19828,9920
19854,9921
12498,9922
19876,9923
19880,9924
12510,9925
8947,9926
8950,9927
8952,9928
12520,9929
8974,9930
12574,9931
19950,9932
12587,9933
19969,9934
12605,9935
906,9936
9075,9937
20017,9938
12651,9939
20023,9940
9091,9941
9092,9942
20040,9943
12673,9944
20048,9945
12680,9946
9124,9947
9132,9948
12736,9949
12740,9950
12743,9951
12751,9952
9205,9953
20171,9954
20224,9955
12859,9956
9298,9957
20251,9958
12882,9959
20298,9960
9369,9961
20310,9962
12946,9963
938,9964
9386,9965
9408,9966
20349,9967
9413,9968
2041,9969
2060,9970
13008,9971
9456,9972
2087,9973
2088,9974
2101,9975
13059,9976
2126,9977
13077,9978
13081,9979
2147,9980
2149,9981
2156,9982
13101,9983
1311,9984
9548,9985
13118,9986
2223,9987
9599,9988
13171,9989
2240,9990
13205,9991
2271,9992
2278,9993
9667,9994
9683,9995
2310,9996
2325,9997
2326,9998
9700,9999
13270,10000
13286,10001
13287,10002
9724,10003
13295,10004
974,10005
2367,10006
2382,10007
2387,10008
2390,10009
13345,10010
2405,10011
2410,10012
9793,10013
1337,10014
9804,10015
2432,10016
9824,10017
9826,10018
2474,10019
9852,10020
2479,10021
9853,10022
13422,10023
9856,10024
9855,10025
9876,10026
988,10027
9881,10028
9883,10029
13454,10030
9888,10031
2515,10032
9894,10033
13467,10034
2526,10035
2527,10036
2528,10037
2530,10038
13473,10039
13474,10040
13478,10041
13494,10042
13503,10043
9942,10044
9943,10045
9951,10046
2583,10047
2586,10048
9960,10049
13528,10050
13552,10051
13553,10052
13558,10053
9996,10054
2626,10055
13581,10056
13586,10057
2649,10058
2650,10059
13594,10060
13598,10061
13607,10062
13610,10063
1362,10064
13655,10065
2717,10066
2725,10067
2732,10068
2733,10069
13680,10070
13688,10071
13704,10072
13709,10073
2787,10074
13734,10075
1375,10076
2820,10077
13763,10078
2822,10079
2832,10080
2833,10081
2846,10082
2872,10083
13858,10084
2959,10085
13905,10086
13931,10087
2993,10088
13936,10089
13949,10090
14014,10091
14070,10092
14076,10093
14105,10094
14106,10095
3187,10096
14143,10097
14172,10098
14182,10099
14199,10100
3259,10101
14204,10102
14237,10103
3308,10104
3335,10105
3336,10106
14277,10107
3348,10108
3356,10109
3363,10110
3372,10111
3385,10112
14326,10113
3403,10114
14358,10115
1436,10116
3420,10117
3436,10118
3445,10119
14399,10120
14404,10121
14409,10122
1441,10123
3471,10124
3496,10125
14451,10126
14503,10127
3568,10128
3578,10129
3584,10130
3591,10131
3609,10132
3614,10133
1457,10134
3639,10135
14584,10136
14597,10137
3657,10138
3659,10139
3667,10140
14642,10141
1465,10142
14656,10143
3732,10144
14683,10145
1470,10146
14729,10147
3835,10148
3837,10149
1478,10150
14784,10151
14793,10152
14808,10153
14817,10154
14825,10155
14839,10156
1486,10157
14861,10158
14883,10159
14892,10160
3962,10161
3982,10162
3990,10163
3999,10164
14946,10165
14947,10166
14954,10167
4025,10168
4050,10169
4057,10170
4064,10171
4080,10172
15030,10173
4107,10174
4112,10175
15084,10176
15089,10177
4157,10178
4186,10179
4189,10180
15143,10181
4204,10182
15151,10183
15158,10184
15163,10185
4227,10186
4237,10187
15187,10188
4247,10189
15203,10190
15228,10191
4289,10192
4304,10193
4310,10194
4312,10195
4324,10196
1527,10197
15290,10198
4354,10199
15297,10200
4372,10201
15314,10202
4373,10203
15335,10204
4398,10205
15340,10206
4411,10207
4418,10208
15362,10209
4426,10210
15374,10211
15387,10212
1540,10213
4464,10214
1541,10215
15419,10216
4480,10217
15428,10218
15434,10219
15447,10220
4506,10221
4509,10222
4512,10223
4513,10224
4520,10225
4524,10226
4526,10227
4546,10228
15509,10229
4572,10230
15519,10231
4579,10232
4584,10233
4592,10234
4645,10235
4650,10236
4652,10237
4702,10238
4707,10239
15661,10240
4738,10241
15696,10242
15702,10243
15729,10244
15731,10245
4805,10246
15760,10247
15768,10248
15797,10249
15816,10250
15819,10251
15826,10252
15847,10253
15876,10254
15889,10255
15928,10256
5060,10257
1604,10258
16046,10259
16065,10260
16088,10261
5198,10262
16139,10263
16154,10264
5248,10265
16190,10266
5256,10267
16223,10268
5287,10269
5295,10270
5296,10271
5299,10272
16249,10273
16254,10274
16263,10275
5332,10276
5337,10277
5344,10278
16297,10279
16308,10280
5368,10281
16320,10282
16346,10283
16352,10284
5434,10285
5435,10286
5443,10287
5451,10288
5461,10289
5464,10290
5493,10291
16435,10292
5499,10293
16440,10294
16442,10295
16460,10296
16473,10297
16488,10298
16490,10299
16496,10300
16501,10301
5568,10302
5615,10303
16570,10304
16598,10305
1661,10306
1663,10307
16648,10308
16650,10309
5713,10310
16675,10311
5742,10312
16697,10313
5767,10314
5769,10315
5777,10316
16725,10317
5794,10318
5799,10319
16746,10320
16759,10321
5821,10322
5837,10323
5840,10324
1681,10325
5872,10326
16826,10327
16834,10328
5896,10329
16845,10330
5904,10331
5907,10332
5909,10333
16863,10334
5925,10335
16869,10336
16876,10337
5941,10338
16883,10339
5954,10340
16898,10341
5979,10342
6008,10343
16950,10344
16981,10345
17003,10346
17009,10347
17038,10348
17042,10349
17060,10350
17075,10351
6135,10352
6152,10353
17100,10354
17103,10355
1711,10356
6181,10357
17124,10358
17127,10359
17129,10360
17138,10361
17151,10362
17153,10363
17155,10364
6213,10365
17168,10366
17169,10367
17172,10368
6237,10369
6244,10370
17188,10371
17190,10372
6259,10373
1720,10374
17219,10375
17235,10376
17239,10377
17240,10378
6310,10379
6313,10380
17259,10381
17262,10382
6329,10383
17273,10384
6332,10385
1729,10386
17293,10387
17300,10388
17305,10389
6366,10390
17308,10391
6380,10392
17325,10393
6384,10394
17328,10395
6394,10396
6397,10397
1734,10398
6399,10399
17344,10400
17346,10401
17347,10402
6405,10403
6407,10404
17350,10405
17351,10406
6411,10407
6414,10408
17357,10409
17358,10410
6415,10411
1736,10412
6418,10413
6422,10414
17369,10415
6428,10416
17370,10417
9780,10418
16905,10419
1795,10420
17482,10421
7900,10422
8419,10423
6558,10424
6532,10425
7159,10426
5724,10427
1397,10428
7223,10429
15545,10430
18631,10431
19178,10432
15038,10433
17471,10434
4079,10435
10253,10436
5699,10437
6398,10438
18087,10439
18687,10440
17385,10441
8817,10442
9409,10443
7848,10444
9591,10445
11191,10446
17941,10447
1419,10448
6071,10449
20185,10450
4209,10451
15412,10452
17917,10453
9059,10454
10665,10455
16860,10456
16178,10457
16766,10458
19600,10459
16286,10460
18488,10461
2915,10462
4135,10463
19523,10464
14303,10465
14713,10466
5936,10467
16885,10468
6137,10469
17560,10470
12591,10471
14096,10472
16274,10473
3776,10474
8609,10475
13799,10476
10092,10477
19242,10478
3410,10479
1599,10480
7117,10481
20000,10482
10313,10483
10136,10484
6914,10485
19825,10486
10889,10487
7882,10488
9536,10489
19281,10490
16124,10491
10673,10492
13633,10493
14589,10494
7285,10495
11208,10496
3950,10497
14617,10498
5476,10499
6863,10500
11806,10501
11045,10502
17025,10503
16596,10504
7273,10505
18242,10506
1886,10507
5432,10508
12231,10509
16629,10510
11964,10511
13052,10512
13844,10513
17564,10514
3711,10515
12191,10516
17254,10517
2256,10518
4118,10519
9193,10520
18817,10521
6103,10522
17224,10523
6266,10524
1331,10525
18428,10526
7536,10527
8202,10528
7558,10529
10006,10530
16927,10531
12393,10532
16710,10533
5991,10534
12342,10535
14195,10536
2985,10537
12732,10538
4274,10539
15514,10540
19669,10541
15114,10542
9868,10543
10925,10544
14294,10545
4149,10546
9088,10547
12386,10548
20153,10549
15533,10550
17160,10551
17746,10552
18081,10553
11209,10554
18069,10555
3075,10556
18901,10557
19001,10558
8368,10559
1485,10560
1685,10561
19396,10562
16476,10563
14146,10564
8881,10565
12050,10566
19347,10567
19994,10568
9810,10569
15977,10570
18622,10571
3644,10572
10032,10573
16543,10574
4208,10575
7879,10576
8498,10577
2840,10578
8424,10579
7818,10580
17604,10581
19715,10582
5066,10583
3651,10584
1851,10585
1159,10586
3341,10587
7150,10588
1496,10589
11158,10590
16553,10591
18354,10592
814,10593
14536,10594
2791,10595
19233,10596
4827,10597
7238,10598
1588,10599
2671,10600
5897,10601
19612,10602
5102,10603
6945,10604
17545,10605
2067,10606
17994,10607
1660,10608
15900,10609
16987,10610
9356,10611
9619,10612
11104,10613
13966,10614
1623,10615
15132,10616
5770,10617
2885,10618
891,10619
10474,10620
18052,10621
13977,10622
18130,10623
17414,10624
2073,10625
754,10626
12203,10627
19405,10628
18805,10629
10335,10630
12762,10631
18825,10632
14126,10633
3164,10634
14720,10635
14870,10636
4225,10637
2277,10638
2361,10639
18766,10640
5532,10641
6512,10642
18459,10643
4224,10644
18360,10645
7655,10646
7397,10647
1170,10648
2219,10649
17752,10650
18903,10651
12340,10652
14157,10653
18116,10654
8161,10655
1057,10656
15281,10657
1891,10658
15409,10659
13349,10660
18519,10661
4820,10662
12394,10663
13574,10664
2639,10665
4581,10666
8596,10667
1603,10668
7033,10669
19484,10670
5211,10671
13915,10672
1674,10673
16954,10674
3490,10675
10365,10676
17590,10677
8062,10678
18843,10679
17881,10680
7247,10681
6618,10682
5340,10683
19187,10684
3382,10685
14089,10686
19096,10687
4004,10688
16105,10689
4105,10690
6305,10691
7908,10692
14263,10693
16253,10694
17201,10695
14799,10696
20127,10697
15377,10698
12606,10699
1686,10700
14173,10701
20107,10702
14160,10703
9601,10704
11543,10705
884,10706
15850,10707
6238,10708
14736,10709
10839,10710
12042,10711
13761,10712
15991,10713
7801,10714
19972,10715
19288,10716
10978,10717
7451,10718
16244,10719
9867,10720
19439,10721
8634,10722
18593,10723
14569,10724
19696,10725
3794,10726
11833,10727
6909,10728
13201,10729
12154,10730
11340,10731
12622,10732
904,10733
18183,10734
20267,10735
12376,10736
18963,10737
12947,10738
17769,10739
16586,10740
5641,10741
6287,10742
9527,10743
3866,10744
7556,10745
13057,10746
2704,10747
7090,10748
12569,10749
2053,10750
15309,10751
8276,10752
16355,10753
6990,10754
13851,10755
16367,10756
4060,10757
10849,10758
8855,10759
1547,10760
6365,10761
12114,10762
9768,10763
16583,10764
17195,10765
11639,10766
15550,10767
8130,10768
14424,10769
12756,10770
5292,10771
5582,10772
8436,10773
1078,10774
17725,10775
3550,10776
10449,10777
10305,10778
18681,10779
11910,10780
17089,10781
10504,10782
4967,10783
4498,10784
8701,10785
1004,10786
11182,10787
3167,10788
2995,10789
18544,10790
6403,10791
14140,10792
2169,10793
14064,10794
8129,10795
17448,10796
11069,10797
6502,10798
9150,10799
5795,10800
8557,10801
8943,10802
12463,10803
4823,10804
3628,10805
14357,10806
9110,10807
13750,10808
13371,10809
17223,10810
2220,10811
2376,10812
17768,10813
19576,10814
6725,10815
5173,10816
4440,10817
13969,10818
14101,10819
16580,10820
19844,10821
6118,10822
14772,10823
16559,10824
13569,10825
17125,10826
14159,10827
6104,10828
2909,10829
18652,10830
20019,10831
12105,10832
19196,10833
6476,10834
7627,10835
8311,10836
8408,10837
9170,10838
10979,10839
17607,10840
6145,10841
6559,10842
3653,10843
11031,10844
5788,10845
7068,10846
4130,10847
2855,10848
18683,10849
11235,10850
19462,10851
9007,10852
15295,10853
17476,10854
10955,10855
20229,10856
14031,10857
7537,10858
6263,10859
12019,10860
4168,10861
7222,10862
6523,10863
9903,10864
18923,10865
5407,10866
2751,10867
8384,10868
6412,10869
13443,10870
1757,10871
18251,10872
19745,10873
18123,10874
15576,10875
13759,10876
12036,10877
5217,10878
964,10879
4523,10880
19404,10881
12721,10882
5212,10883
6408,10884
874,10885
8116,10886
18033,10887
7944,10888
16757,10889
8445,10890
7606,10891
14162,10892
14759,10893
16271,10894
2886,10895
13531,10896
14805,10897
13952,10898
20277,10899
6451,10900
14492,10901
19006,10902
2062,10903
11138,10904
18919,10905
13015,10906
18389,10907
7009,10908
14980,10909
2276,10910
3624,10911
10919,10912
3198,10913
3811,10914
6553,10915
1655,10916
17298,10917
9642,10918
2814,10919
11688,10920
4268,10921
10448,10922
17134,10923
7281,10924
13403,10925
7161,10926
13175,10927
18533,10928
13768,10929
13311,10930
17895,10931
13982,10932
16032,10933
19437,10934
16641,10935
18457,10936
7555,10937
3984,10938
17540,10939
2950,10940
9249,10941
9766,10942
6450,10943
7124,10944
12228,10945
8969,10946
9355,10947
12060,10948
13684,10949
15127,10950
3924,10951
19710,10952
13983,10953
16113,10954
5792,10955
18392,10956
9135,10957
9891,10958
1978,10959
13306,10960
3858,10961
3384,10962
7382,10963
11708,10964
15111,10965
16340,10966
2953,10967
4146,10968
13378,10969
14607,10970
10222,10971
1808,10972
9801,10973
9141,10974
12261,10975
14178,10976
9740,10977
11311,10978
12295,10979
7317,10980
10998,10981
6685,10982
16162,10983
15866,10984
15251,10985
17796,10986
6446,10987
7695,10988
12814,10989
20007,10990
6401,10991
14134,10992
9143,10993
12290,10994
19593,10995
5417,10996
12970,10997
13939,10998
4427,10999
16074,11000
19041,11001
2657,11002
12148,11003
19750,11004
12460,11005
7915,11006
1569,11007
13366,11008
1521,11009
1342,11010
17889,11011
4012,11012
6702,11013
3253,11014
18925,11015
9567,11016
15435,11017
15256,11018
4230,11019
8462,11020
19264,11021
7350,11022
7673,11023
13181,11024
16599,11025
4818,11026
7719,11027
17987,11028
8879,11029
3233,11030
20321,11031
870,11032
6953,11033
11839,11034
12445,11035
5328,11036
3710,11037
8451,11038
1140,11039
7762,11040
1172,11041
14982,11042
10127,11043
14764,11044
19579,11045
8092,11046
11872,11047
12590,11048
9417,11049
14680,11050
11559,11051
2166,11052
17712,11053
18984,11054
11634,11055
13461,11056
17027,11057
16027,11058
829,11059
9847,11060
10515,11061
7976,11062
19132,11063
14956,11064
9211,11065
2275,11066
12647,11067
15718,11068
7121,11069
4649,11070
7886,11071
16045,11072
15041,11073
7224,11074
4074,11075
4084,11076
11101,11077
12204,11078
19287,11079
9001,11080
6342,11081
16220,11082
14908,11083
10888,11084
14291,11085
17392,11086
16812,11087
11741,11088
20036,11089
12745,11090
17285,11091
3501,11092
14651,11093
12336,11094
12944,11095
3572,11096
14366,11097
3413,11098
11573,11099
3804,11100
4590,11101
11713,11102
19535,11103
20132,11104
2057,11105
9666,11106
8380,11107
17997,11108
3557,11109
13729,11110
18630,11111
12890,11112
3997,11113
5221,11114
953,11115
8243,11116
11937,11117
14200,11118
17734,11119
13998,11120
14194,11121
19802,11122
15266,11123
19622,11124
2305,11125
11135,11126
20099,11127
3754,11128
4794,11129
9635,11130
13022,11131
5367,11132
6599,11133
10856,11134
4125,11135
14841,11136
3249,11137
18819,11138
5380,11139
5608,11140
1349,11141
10720,11142
17912,11143
6024,11144
8561,11145
2360,11146
4817,11147
15270,11148
19294,11149
1536,11150
8560,11151
7931,11152
16439,11153
8386,11154
12056,11155
15952,11156
19538,11157
9483,11158
3470,11159
16978,11160
3849,11161
8543,11162
19440,11163
9701,11164
8908,11165
20268,11166
3637,11167
5448,11168
17993,11169
2981,11170
10414,11171
16724,11172
12305,11173
11059,11174
6317,11175
17022,11176
12985,11177
17978,11178
8724,11179
16313,11180
18503,11181
13275,11182
11375,11183
10935,11184
9714,11185
7538,11186
15047,11187
1964,11188
19563,11189
15886,11190
6288,11191
17985,11192
11698,11193
16413,11194
19038,11195
7072,11196
11373,11197
6670,11198
12097,11199
13182,11200
6977,11201
19340,11202
2409,11203
3878,11204
11539,11205
9050,11206
11016,11207
12259,11208
4015,11209
13033,11210
14929,11211
20002,11212
15265,11213
12887,11214
10430,11215
7924,11216
18530,11217
13543,11218
14228,11219
15821,11220
9367,11221
17791,11222
6094,11223
6194,11224
17492,11225
18773,11226
14164,11227
16257,11228
11591,11229
19296,11230
18114,11231
16492,11232
11564,11233
5934,11234
12254,11235
2244,11236
12738,11237
4876,11238
3343,11239
5766,11240
13174,11241
19063,11242
9208,11243
12877,11244
7383,11245
11383,11246
19780,11247
5112,11248
8214,11249
3219,11250
2744,11251
8275,11252
19225,11253
6442,11254
15544,11255
6448,11256
8291,11257
4610,11258
11873,11259
8308,11260
6470,11261
15570,11262
15579,11263
4639,11264
13743,11265
1006,11266
2806,11267
4517,11268
2004,11269
15592,11270
730,11271
3031,11272
5802,11273
19283,11274
1744,11275
4661,11276
10080,11277
11925,11278
17461,11279
19314,11280
17486,11281
17488,11282
10115,11283
10118,11284
8396,11285
15652,11286
4717,11287
8406,11288
11981,11289
8415,11290
15671,11291
11987,11292
19361,11293
15677,11294
11992,11295
1015,11296
4741,11297
11999,11298
19372,11299
13841,11300
2901,11301
15690,11302
4749,11303
844,11304
19382,11305
13857,11306
1570,11307
2917,11308
6605,11309
6606,11310
19391,11311
17555,11312
6613,11313
4778,11314
13878,11315
10191,11316
15722,11317
12047,11318
6643,11319
17589,11320
13904,11321
13912,11322
19444,11323
2984,11324
15770,11325
12085,11326
1946,11327
17619,11328
19469,11329
17628,11330
12104,11331
3008,11332
17638,11333
6698,11334
4856,11335
13955,11336
8546,11337
10272,11338
17646,11339
12115,11340
13962,11341
19496,11342
856,11343
13970,11344
3030,11345
15825,11346
17669,11347
19517,11348
8578,11349
17684,11350
15845,11351
19532,11352
3060,11353
4905,11354
3063,11355
15849,11356
3067,11357
14011,11358
15856,11359
12172,11360
14019,11361
1218,11362
6770,11363
10342,11364
10343,11365
4933,11366
6778,11367
12193,11368
17724,11369
10351,11370
6785,11371
14040,11372
3106,11373
1405,11374
19584,11375
17745,11376
19590,11377
17748,11378
8653,11379
8660,11380
14073,11381
17763,11382
3137,11383
12237,11384
8673,11385
12246,11386
19620,11387
17781,11388
1041,11389
1779,11390
12264,11391
10425,11392
14111,11393
12280,11394
6870,11395
14130,11396
17822,11397
1045,11398
1046,11399
15990,11400
6895,11401
15994,11402
8745,11403
12320,11404
10480,11405
10487,11406
16018,11407
14183,11408
5085,11409
14188,11410
8779,11411
16034,11412
5096,11413
19726,11414
8789,11415
17896,11416
17899,11417
14213,11418
14221,11419
6970,11420
10541,11421
12385,11422
10543,11423
6395,11424
14519,11425
7610,11426
19762,11427
16467,11428
5913,11429
11631,11430
11025,11431
5139,11432
3298,11433
1424,11434
6988,11435
16086,11436
10563,11437
12407,11438
5151,11439
14262,11440
16107,11441
7012,11442
16110,11443
5172,11444
16117,11445
19808,11446
17971,11447
3342,11448
12448,11449
16134,11450
1245,11451
3352,11452
16144,11453
16146,11454
3364,11455
10621,11456
10623,11457
3370,11458
7063,11459
16163,11460
5227,11461
8915,11462
7073,11463
16188,11464
1066,11465
3408,11466
7108,11467
14364,11468
3426,11469
18056,11470
14370,11471
16215,11472
16218,11473
18068,11474
7130,11475
3448,11476
7137,11477
5294,11478
19928,11479
8989,11480
12558,11481
19932,11482
19937,11483
16255,11484
16260,11485
3485,11486
12584,11487
14432,11488
19968,11489
3504,11490
9035,11491
18139,11492
9046,11493
16303,11494
12618,11495
7206,11496
7207,11497
3523,11498
7212,11499
7217,11500
18160,11501
3534,11502
16319,11503
12643,11504
18177,11505
7239,11506
5396,11507
16339,11508
16341,11509
1450,11510
5409,11511
7259,11512
9103,11513
5418,11514
18202,11515
10831,11516
10830,11517
9106,11518
5420,11519
7268,11520
9129,11521
14541,11522
16386,11523
3605,11524
7296,11525
14559,11526
2009,11527
3619,11528
18252,11529
20095,11530
7312,11531
12724,11532
10885,11533
9160,11534
16421,11535
9172,11536
5489,11537
9177,11538
20124,11539
10913,11540
7347,11541
14609,11542
20142,11543
10930,11544
16462,11545
16469,11546
10940,11547
16474,11548
18318,11549
20161,11550
9221,11551
9225,11552
20169,11553
18328,11554
14643,11555
20176,11556
2018,11557
16495,11558
9242,11559
16506,11560
16508,11561
7418,11562
14674,11563
12834,11564
2021,11565
5588,11566
11006,11567
20225,11568
14697,11569
14701,11570
20235,11571
14707,11572
18395,11573
20237,11574
746,11575
11028,11576
12870,11577
16556,11578
14719,11579
1472,11580
12886,11581
7475,11582
11043,11583
14734,11584
11055,11585
20275,11586
1106,11587
16590,11588
9339,11589
12907,11590
11067,11591
12910,11592
9346,11593
18446,11594
16603,11595
20291,11596
14767,11597
16628,11598
11106,11599
14797,11600
14800,11601
1665,11602
5710,11603
9400,11604
18515,11605
11141,11606
11142,11607
12986,11608
12988,11609
5751,11610
7597,11611
3911,11612
5755,11613
5757,11614
7602,11615
3918,11616
16703,11617
14863,11618
1487,11619
7620,11620
14878,11621
5782,11622
5786,11623
18574,11624
18575,11625
13043,11626
16733,11627
2103,11628
7641,11629
9489,11630
1490,11631
16747,11632
3964,11633
14912,11634
3971,11635
2135,11636
1684,11637
2143,11638
5838,11639
13093,11640
13103,11641
14955,11642
5861,11643
14961,11644
16806,11645
1128,11646
14968,11647
7716,11648
2198,11649
13145,11650
4051,11651
2210,11652
1131,11653
11310,11654
2213,11655
7744,11656
13153,11657
9588,11658
2215,11659
775,11660
16841,11661
16848,11662
13163,11663
16853,11664
13168,11665
7757,11666
2229,11667
16862,11668
2237,11669
11344,11670
13189,11671
18721,11672
2251,11673
18726,11674
4102,11675
11359,11676
7791,11677
7792,11678
5950,11679
1505,11680
16894,11681
16895,11682
9643,11683
11369,11684
16899,11685
15057,11686
18749,11687
15062,11688
11377,11689
16907,11690
2284,11691
13232,11692
11391,11693
7823,11694
11392,11695
2294,11696
9670,11697
7828,11698
4136,11699
4143,11700
18776,11701
968,11702
2307,11703
13251,11704
18788,11705
2316,11706
4159,11707
9698,11708
18797,11709
4175,11710
6019,11711
7864,11712
9707,11713
13277,11714
15122,11715
15124,11716
9718,11717
7887,11718
7889,11719
11458,11720
1515,11721
1884,11722
11471,11723
18846,11724
11483,11725
2386,11726
15177,11727
13339,11728
6085,11729
17029,11730
15191,11731
11505,11732
7940,11733
11521,11734
15212,11735
9806,11736
6127,11737
6128,11738
2444,11739
17081,11740
9829,11741
15242,11742
15243,11743
17088,11744
18933,11745
6155,11746
18950,11747
4322,11748
17109,11749
15269,11750
18958,11751
8018,11752
8019,11753
9862,11754
9882,11755
17136,11756
11608,11757
17147,11758
15307,11759
13466,11760
2525,11761
11624,11762
9906,11763
9912,11764
2548,11765
2551,11766
11652,11767
11653,11768
11674,11769
17204,11770
15363,11771
19062,11772
15378,11773
2597,11774
6284,11775
6291,11776
12430,11777
16025,11778
6299,11779
15407,11780
15417,11781
19106,11782
13578,11783
6325,11784
11739,11785
8173,11786
8176,11787
11746,11788
13590,11789
13596,11790
8185,11791
8186,11792
11755,11793
19130,11794
15458,11795
821,11796
19155,11797
6375,11798
11787,11799
11796,11800
19181,11801
11822,11802
19201,11803
8267,11804
5816,11805
10828,11806
19256,11807
9822,11808
6691,11809
15727,11810
10784,11811
18288,11812
19277,11813
8919,11814
2304,11815
14377,11816
5273,11817
12540,11818
20326,11819
1287,11820
10465,11821
13407,11822
15433,11823
17656,11824
11346,11825
7091,11826
12144,11827
17034,11828
18229,11829
18830,11830
7622,11831
9550,11832
4723,11833
13921,11834
16277,11835
5748,11836
820,11837
1615,11838
5323,11839
11308,11840
17660,11841
19237,11842
3793,11843
19456,11844
16625,11845
1458,11846
19805,11847
19817,11848
3345,11849
13773,11850
14877,11851
20341,11852
1222,11853
19634,11854
1677,11855
7086,11856
2144,11857
1639,11858
12653,11859
8994,11860
866,11861
11454,11862
5118,11863
11832,11864
9442,11865
18676,11866
7738,11867
1199,11868
6492,11869
19103,11870
14412,11871
2802,11872
1881,11873
5334,11874
6144,11875
3967,11876
4086,11877
6432,11878
8395,11879
10917,11880
17571,11881
7701,11882
4068,11883
7768,11884
7829,11885
9605,11886
7842,11887
19955,11888
18777,11889
14322,11890
15754,11891
12333,11892
1453,11893
16141,11894
1967,11895
20070,11896
5239,11897
18853,11898
19172,11899
7975,11900
14806,11901
9849,11902
15528,11903
10530,11904
9195,11905
16399,11906
16708,11907
19884,11908
5280,11909
8416,11910
18699,11911
10475,11912
18970,11913
15319,11914
737,11915
19101,11916
5990,11917
7586,11918
16947,11919
10959,11920
10810,11921
2848,11922
1070,11923
18205,11924
19324,11925
13534,11926
8271,11927
954,11928
11983,11929
15752,11930
12116,11931
7724,11932
18188,11933
17801,11934
11118,11935
12230,11936
14741,11937
14888,11938
1924,11939
17618,11940
10285,11941
17551,11942
17565,11943
5123,11944
11585,11945
19080,11946
16494,11947
1813,11948
1989,11949
4764,11950
5365,11951
15039,11952
4442,11953
13438,11954
12149,11955
12277,11956
9229,11957
11245,11958
7657,11959
8385,11960
12811,11961
19917,11962
7727,11963
4847,11964
10750,11965
18700,11966
4865,11967
13648,11968
4785,11969
18639,11970
13573,11971
11743,11972
14884,11973
11830,11974
3444,11975
880,11976
20232,11977
5650,11978
12566,11979
11156,11980
11195,11981
14755,11982
4792,11983
5393,11984
8290,11985
19820,11986
15993,11987
17902,11988
10485,11989
18677,11990
11576,11991
9058,11992
9585,11993
12058,11994
9149,11995
10604,11996
16930,11997
3944,11998
7666,11999
9424,12000
868,12001
8998,12002
4078,12003
14919,12004
1742,12005
17509,12006
2263,12007
15666,12008
15679,12009
15682,12010
8288,12011
18982,12012
11632,12013
17773,12014
11790,12015
791,12016
9148,12017
10238,12018
17835,12019
7298,12020
5440,12021
14795,12022
3049,12023
19332,12024
12242,12025
19371,12026
8373,12027
13283,12028
14084,12029
17649,12030
19402,12031
6736,12032
11695,12033
14903,12034
8307,12035
8329,12036
8957,12037
8991,12038
17856,12039
810,12040
16643,12041
6927,12042
16613,12043
11184,12044
11789,12045
12980,12046
17420,12047
11366,12048
13290,12049
13927,12050
10094,12051
11117,12052
7267,12053
11815,12054
7488,12055
17140,12056
10035,12057
15015,12058
9153,12059
8328,12060
5320,12061
18943,12062
14501,12063
18935,12064
2026,12065
11428,12066
5733,12067
10234,12068
1590,12069
16729,12070
8342,12071
12508,12072
2938,12073
16228,12074
1997,12075
5886,12076
7029,12077
18097,12078
18093,12079
2878,12080
5774,12081
10879,12082
10933,12083
5752,12084
8356,12085
18607,12086
14132,12087
12594,12088
20280,12089
16148,12090
13087,12091
7539,12092
7803,12093
10153,12094
3521,12095
8754,12096
13781,12097
18599,12098
15436,12099
952,12100
6601,12101
12801,12102
8278,12103
15633,12104
12729,12105
14632,12106
14704,12107
14726,12108
6681,12109
7935,12110
13014,12111
12200,12112
2752,12113
11858,12114
15546,12115
17405,12116
10036,12117
4631,12118
832,12119
6479,12120
19271,12121
8335,12122
11913,12123
8351,12124
11921,12125
17452,12126
11927,12127
8361,12128
15642,12129
1751,12130
4728,12131
5327,12132
5739,12133
5696,12134
4739,12135
6582,12136
10161,12137
4763,12138
6607,12139
17556,12140
17561,12141
4795,12142
13898,12143
8489,12144
19432,12145
12067,12146
19445,12147
17620,12148
1510,12149
2139,12150
10255,12151
18562,12152
7188,12153
19474,12154
10264,12155
8554,12156
12122,12157
19511,12158
6738,12159
12157,12160
6753,12161
10323,12162
10325,12163
12170,12164
17702,12165
17708,12166
19555,12167
17713,12168
17729,12169
8630,12170
15891,12171
12220,12172
15909,12173
19603,12174
8665,12175
15920,12176
10406,12177
1044,12178
15976,12179
19663,12180
15980,12181
8738,12182
15999,12183
12312,12184
1785,12185
6917,12186
10489,12187
1602,12188
6922,12189
6925,12190
19713,12191
17871,12192
16031,12193
12361,12194
14208,12195
19741,12196
12368,12197
19784,12198
17946,12199
10575,12200
8854,12201
17960,12202
19806,12203
887,12204
1797,12205
12456,12206
19835,12207
1062,12208
17999,12209
12471,12210
3376,12211
19849,12212
10632,12213
3388,12214
8920,12215
18039,12216
1251,12217
710,12218
5260,12219
10682,12220
18060,12221
18063,12222
19909,12223
18066,12224
16227,12225
19916,12226
18075,12227
8990,12228
7147,12229
12561,12230
18099,12231
3472,12232
12572,12233
19946,12234
9006,12235
16269,12236
9014,12237
3488,12238
9019,12239
7182,12240
18124,12241
1076,12242
7191,12243
19977,12244
12609,12245
18148,12246
18149,12247
1082,12248
7271,12249
10843,12250
10844,12251
14531,12252
9120,12253
12691,12254
7287,12255
20072,12256
18230,12257
9142,12258
18264,12259
7323,12260
10892,12261
20106,12262
20112,12263
14586,12264
10902,12265
9185,12266
7348,12267
9199,12268
3672,12269
18307,12270
7369,12271
1832,12272
2017,12273
3705,12274
10966,12275
20192,12276
7419,12277
14685,12278
7436,12279
18422,12280
20271,12281
11064,12282
18452,12283
7519,12284
14778,12285
16652,12286
18498,12287
1850,12288
20343,12289
14823,12290
2072,12291
7604,12292
11175,12293
1857,12294
14887,12295
14897,12296
11215,12297
7659,12298
11229,12299
18603,12300
18608,12301
14925,12302
5839,12303
7691,12304
11276,12305
7712,12306
18658,12307
2188,12308
4033,12309
18671,12310
7731,12311
18679,12312
18693,12313
11321,12314
2228,12315
15019,12316
18708,12317
7767,12318
9624,12319
13199,12320
5946,12321
4108,12322
7800,12323
7807,12324
7838,12325
16946,12326
7863,12327
7872,12328
11444,12329
11445,12330
1146,12331
11461,12332
11462,12333
17023,12334
18869,12335
4241,12336
11501,12337
7948,12338
11532,12339
11552,12340
11555,12341
7991,12342
8022,12343
11594,12344
11599,12345
806,12346
19050,12347
8118,12348
17236,12349
8147,12350
19092,12351
4469,12352
817,12353
17283,12354
19129,12355
19142,12356
11776,12357
11784,12358
8237,12359
19186,12360
8248,12361
11819,12362
12799,12363
10347,12364
1986,12365
6872,12366
6577,12367
12792,12368
10783,12369
11615,12370
6566,12371
17812,12372
18396,12373
17907,12374
12522,12375
18786,12376
18682,12377
19789,12378
18665,12379
12052,12380
12459,12381
11365,12382
10329,12383
8457,12384
11513,12385
12769,12386
12313,12387
17770,12388
11668,12389
11969,12390
7782,12391
12398,12392
11136,12393
7669,12394
1267,12395
1067,12396
7466,12397
12189,12398
19677,12399
7605,12400
18108,12401
12621,12402
11517,12403
7830,12404
8585,12405
19953,12406
8428,12407
18073,12408
20031,12409
11091,12410
17650,12411
10993,12412
17665,12413
1868,12414
20174,12415
9245,12416
12822,12417
12839,12418
12849,12419
12864,12420
12899,12421
12916,12422
9372,12423
1295,12424
20327,12425
12958,12426
2049,12427
2050,12428
9459,12429
947,12430
9476,12431
2106,12432
9492,12433
9515,12434
9521,12435
2185,12436
2192,12437
13135,12438
6482,12439
17427,12440
17437,12441
10078,12442
6522,12443
17479,12444
10105,12445
17529,12446
17557,12447
10195,12448
1021,12449
1026,12450
17636,12451
10309,12452
10359,12453
1038,12454
10447,12455
10493,12456
6943,12457
10537,12458
7031,12459
7041,12460
7158,12461
7199,12462
7214,12463
7240,12464
18256,12465
18257,12466
18262,12467
18268,12468
11080,12469
7534,12470
11132,12471
11148,12472
7595,12473
9486,12474
15326,12475
11508,12476
19240,12477
7614,12478
11187,12479
18566,12480
11196,12481
11233,12482
7678,12483
7700,12484
11282,12485
18662,12486
18692,12487
11325,12488
18715,12489
11354,12490
18793,12491
18795,12492
5780,12493
2269,12494
1634,12495
11442,12496
8832,12497
9237,12498
11516,12499
18893,12500
11570,12501
19072,12502
11736,12503
11753,12504
11760,12505
11769,12506
11792,12507
823,12508
19207,12509
8279,12510
19230,12511
11885,12512
838,12513
19343,12514
19354,12515
19356,12516
19381,12517
12053,12518
12081,12519
1209,12520
12108,12521
8555,12522
19507,12523
12184,12524
8631,12525
12240,12526
19671,12527
12325,12528
12356,12529
12383,12530
19870,12531
12542,12532
19931,12533
19943,12534
9023,12535
9040,12536
12633,12537
9084,12538
20026,12539
12734,12540
12742,12541
12765,12542
20184,12543
20193,12544
12844,12545
20276,12546
12921,12547
12948,12548
20330,12549
2064,12550
9539,12551
9600,12552
9543,12553
4117,12554
4634,12555
5234,12556
9574,12557
9580,12558
9582,12559
13156,12560
2217,12561
9595,12562
13183,12563
2264,12564
13207,12565
9640,12566
9653,12567
9655,12568
9659,12569
9668,12570
967,12571
13237,12572
2298,12573
13250,12574
9693,12575
9703,12576
2334,12577
13296,12578
2357,12579
13301,12580
9738,12581
9739,12582
2368,12583
9744,12584
2379,12585
13320,12586
9758,12587
2422,12588
9805,12589
13375,12590
9815,12591
13384,12592
13408,12593
9848,12594
13439,12595
9873,12596
13445,12597
13447,12598
2524,12599
13475,12600
9907,12601
2539,12602
13482,12603
9922,12604
9939,12605
995,12606
2578,12607
996,12608
13532,12609
13551,12610
2614,12611
2621,12612
13571,12613
2641,12614
2668,12615
2673,12616
2678,12617
13627,12618
2688,12619
1363,12620
13638,12621
2701,12622
2706,12623
2707,12624
1365,12625
13658,12626
13659,12627
2719,12628
13664,12629
2727,12630
13671,12631
13683,12632
2769,12633
13715,12634
2778,12635
2798,12636
13772,12637
13778,12638
2839,12639
2841,12640
2887,12641
2913,12642
13867,12643
13869,12644
13888,12645
13889,12646
13890,12647
2966,12648
2982,12649
2992,12650
3003,12651
13947,12652
13975,12653
3118,12654
3125,12655
3133,12656
14080,12657
3168,12658
3271,12659
14235,12660
14245,12661
14279,12662
1428,12663
3359,12664
14325,12665
1433,12666
14339,12667
3409,12668
3450,12669
14446,12670
3506,12671
3514,12672
3519,12673
3540,12674
1449,12675
3567,12676
3617,12677
14563,12678
14564,12679
3627,12680
14574,12681
3647,12682
14594,12683
3673,12684
3738,12685
14682,12686
3742,12687
3750,12688
3788,12689
3798,12690
3806,12691
3854,12692
3877,12693
14851,12694
3922,12695
14873,12696
3956,12697
3970,12698
14920,12699
3985,12700
14951,12701
4024,12702
4034,12703
14995,12704
15037,12705
15050,12706
15064,12707
1508,12708
4145,12709
1509,12710
15090,12711
15091,12712
15099,12713
4158,12714
4170,12715
4185,12716
15133,12717
15134,12718
15137,12719
4217,12720
1518,12721
4251,12722
15193,12723
15215,12724
4282,12725
4283,12726
15239,12727
4305,12728
15255,12729
4315,12730
15275,12731
1530,12732
15311,12733
15312,12734
15316,12735
15353,12736
15360,12737
15381,12738
15384,12739
4449,12740
15397,12741
15402,12742
4463,12743
15449,12744
15465,12745
15468,12746
15469,12747
4530,12748
15474,12749
15475,12750
4534,12751
15479,12752
15482,12753
4541,12754
15487,12755
4550,12756
15500,12757
15501,12758
15504,12759
15506,12760
15507,12761
15508,12762
4568,12763
1551,12764
4571,12765
15513,12766
4574,12767
15516,12768
15517,12769
15518,12770
15523,12771
4586,12772
15537,12773
4664,12774
4681,12775
4684,12776
4691,12777
4692,12778
4721,12779
4724,12780
4752,12781
4775,12782
15734,12783
4796,12784
1574,12785
4811,12786
15758,12787
15774,12788
1578,12789
15789,12790
15813,12791
4879,12792
4887,12793
15832,12794
15837,12795
15861,12796
15878,12797
15888,12798
15893,12799
4988,12800
15941,12801
5004,12802
1595,12803
5007,12804
15953,12805
5045,12806
15997,12807
5083,12808
16029,12809
5107,12810
16053,12811
16073,12812
16081,12813
5148,12814
16100,12815
16115,12816
16129,12817
16135,12818
5202,12819
5231,12820
16217,12821
16248,12822
16261,12823
5322,12824
16265,12825
16272,12826
5351,12827
5379,12828
16330,12829
5414,12830
16406,12831
5477,12832
5498,12833
16479,12834
16482,12835
16499,12836
16512,12837
16517,12838
16538,12839
5660,12840
5675,12841
5701,12842
16646,12843
5707,12844
5717,12845
5731,12846
5732,12847
5737,12848
16699,12849
1673,12850
16751,12851
5875,12852
16819,12853
5879,12854
16827,12855
5898,12856
16843,12857
16844,12858
5919,12859
16867,12860
16877,12861
5939,12862
16908,12863
16915,12864
1692,12865
16951,12866
16972,12867
16974,12868
16979,12869
6044,12870
6055,12871
6057,12872
6062,12873
17017,12874
17037,12875
6110,12876
6142,12877
6159,12878
6182,12879
17123,12880
17132,12881
6192,12882
17158,12883
17174,12884
6240,12885
17187,12886
6281,12887
6286,12888
6343,12889
17311,12890
17312,12891
17314,12892
17316,12893
17317,12894
17318,12895
17319,12896
1732,12897
17330,12898
17332,12899
17335,12900
17336,12901
13792,12902
3427,12903
3548,12904
3582,12905
17064,12906
9654,12907
7711,12908
11096,12909
12915,12910
6344,12911
6930,12912
12687,12913
15055,12914
1460,12915
7135,12916
16299,12917
4101,12918
812,12919
13875,12920
20262,12921
11867,12922
4059,12923
2175,12924
1013,12925
11684,12926
5275,12927
12541,12928
11334,12929
16635,12930
18794,12931
15530,12932
17814,12933
2253,12934
18456,12935
12392,12936
12640,12937
12183,12938
4188,12939
16896,12940
15246,12941
15644,12942
13146,12943
13113,12944
1091,12945
11336,12946
14941,12947
6119,12948
18233,12949
1903,12950
9602,12951
16689,12952
19543,12953
1786,12954
19940,12955
9570,12956
12635,12957
20011,12958
11556,12959
10952,12960
10861,12961
8757,12962
943,12963
16784,12964
12716,12965
2829,12966
18357,12967
11922,12968
13727,12969
2347,12970
18136,12971
5291,12972
3317,12973
2083,12974
2911,12975
7246,12976
9751,12977
6554,12978
4601,12979
9597,12980
12581,12981
11991,12982
5120,12983
11919,12984
8206,12985
3461,12986
8282,12987
16040,12988
3267,12989
2852,12990
11394,12991
13891,12992
10338,12993
8268,12994
1925,12995
9499,12996
11443,12997
10363,12998
18586,12999
15119,13000
11099,13001
1208,13002
12853,13003
15192,13004
9090,13005
15491,13006
12741,13007
6716,13008
16554,13009
19510,13010
10390,13011
12876,13012
15272,13013
5908,13014
7668,13015
7804,13016
918,13017
11671,13018
3037,13019
18583,13020
7241,13021
19229,13022
7692,13023
15657,13024
18281,13025
14036,13026
2808,13027
14380,13028
19369,13029
7309,13030
16258,13031
9063,13032
5952,13033
1514,13034
7332,13035
18101,13036
1703,13037
8521,13038
8835,13039
8017,13040
14891,13041
12307,13042
1834,13043
11509,13044
7530,13045
1614,13046
17810,13047
19245,13048
11274,13049
12812,13050
1632,13051
20152,13052
19753,13053
15726,13054
16335,13055
16904,13056
5776,13057
12994,13058
13603,13059
15349,13060
16606,13061
8869,13062
3876,13063
1185,13064
17570,13065
5975,13066
11767,13067
18959,13068
19554,13069
1408,13070
17180,13071
1123,13072
16394,13073
11756,13074
16001,13075
5880,13076
8245,13077
13385,13078
2204,13079
18159,13080
1418,13081
13485,13082
14902,13083
12941,13084
17726,13085
8525,13086
9118,13087
6597,13088
15096,13089
7080,13090
15812,13091
2362,13092
6556,13093
7065,13094
11171,13095
15355,13096
18333,13097
9637,13098
6710,13099
9802,13100
8273,13101
4110,13102
4540,13103
10375,13104
11798,13105
13324,13106
5126,13107
13575,13108
15359,13109
3959,13110
17799,13111
14695,13112
3115,13113
13894,13114
7720,13115
1500,13116
15082,13117
1584,13118
16639,13119
19367,13120
16005,13121
16592,13122
3607,13123
19282,13124
9938,13125
19779,13126
5702,13127
2112,13128
9532,13129
3302,13130
11419,13131
14123,13132
7168,13133
6541,13134
15250,13135
17099,13136
5222,13137
4622,13138
1454,13139
2046,13140
5895,13141
9414,13142
4126,13143
4299,13144
4760,13145
10389,13146
14487,13147
14542,13148
15245,13149
16723,13150
10440,13151
13421,13152
14037,13153
5935,13154
9130,13155
14871,13156
11023,13157
10642,13158
14665,13159
20051,13160
3910,13161
9658,13162
20265,13163
9215,13164
5459,13165
17643,13166
1830,13167
13020,13168
14066,13169
14082,13170
1528,13171
17740,13172
15365,13173
20121,13174
15974,13175
16108,13176
12344,13177
15356,13178
20100,13179
3602,13180
4206,13181
1178,13182
17494,13183
12335,13184
1836,13185
5335,13186
18291,13187
2345,13188
18285,13189
914,13190
4880,13191
8325,13192
4797,13193
3590,13194
19473,13195
11693,13196
14115,13197
15755,13198
19419,13199
2335,13200
7699,13201
957,13202
16504,13203
12293,13204
12238,13205
2898,13206
9579,13207
8208,13208
2385,13209
16398,13210
4094,13211
17519,13212
16933,13213
4027,13214
3425,13215
12661,13216
2620,13217
7857,13218
4089,13219
11528,13220
3416,13221
4018,13222
12656,13223
6901,13224
19766,13225
12500,13226
16345,13227
14456,13228
16376,13229
15641,13230
2912,13231
1628,13232
9613,13233
9061,13234
7675,13235
14448,13236
6264,13237
14410,13238
16510,13239
15763,13240
13430,13241
15211,13242
9013,13243
11558,13244
10459,13245
1619,13246
17574,13247
18250,13248
20033,13249
20347,13250
4682,13251
5186,13252
5819,13253
14307,13254
12028,13255
9850,13256
15442,13257
8223,13258
15396,13259
12025,13260
11777,13261
14786,13262
15971,13263
10296,13264
18016,13265
3340,13266
11722,13267
13576,13268
19185,13269
10744,13270
7832,13271
8731,13272
1773,13273
18131,13274
4750,13275
5205,13276
18570,13277
10547,13278
5944,13279
18774,13280
8238,13281
10387,13282
11341,13283
14244,13284
16994,13285
7684,13286
8475,13287
5318,13288
14202,13289
20114,13290
9545,13291
4503,13292
18315,13293
18916,13294
14392,13295
15213,13296
15303,13297
2869,13298
2315,13299
4528,13300
17651,13301
6980,13302
17493,13303
10267,13304
3482,13305
5150,13306
13348,13307
6592,13308
7839,13309
11944,13310
1762,13311
13352,13312
14856,13313
18494,13314
14777,13315
17144,13316
18327,13317
11387,13318
16083,13319
18779,13320
11680,13321
13071,13322
7471,13323
12306,13324
13963,13325
18027,13326
18627,13327
18870,13328
6608,13329
15066,13330
1381,13331
18723,13332
5423,13333
2754,13334
3478,13335
15252,13336
15296,13337
2847,13338
4788,13339
15149,13340
16997,13341
19885,13342
4679,13343
3464,13344
15924,13345
4042,13346
992,13347
17688,13348
14013,13349
7432,13350
10167,13351
15712,13352
15625,13353
1364,13354
12372,13355
3457,13356
2810,13357
19983,13358
7617,13359
2693,13360
16533,13361
15061,13362
10827,13363
14310,13364
17958,13365
3585,13366
13754,13367
11149,13368
16560,13369
19518,13370
7196,13371
15904,13372
14441,13373
5999,13374
2881,13375
15077,13376
13409,13377
14272,13378
19234,13379
689,13380
919,13381
18460,13382
2348,13383
9669,13384
5131,13385
11186,13386
12346,13387
5927,13388
13920,13389
14623,13390
15751,13391
1616,13392
13897,13393
4071,13394
4348,13395
16887,13396
8251,13397
3561,13398
1872,13399
3683,13400
1339,13401
14118,13402
1991,13403
11497,13404
12138,13405
15701,13406
17579,13407
18646,13408
19840,13409
19861,13410
7053,13411
14072,13412
19941,13413
4141,13414
8484,13415
3749,13416
4543,13417
5243,13418
12582,13419
9720,13420
11057,13421
7039,13422
7173,13423
16944,13424
19843,13425
16028,13426
13329,13427
3313,13428
1512,13429
11203,13430
13937,13431
7316,13432
8400,13433
19368,13434
10500,13435
9252,13436
12779,13437
15778,13438
10770,13439
13849,13440
13307,13441
1498,13442
4851,13443
10871,13444
12137,13445
16772,13446
5283,13447
9754,13448
19786,13449
1723,13450
6996,13451
18192,13452
14224,13453
16400,13454
6629,13455
9034,13456
1654,13457
1455,13458
19284,13459
9732,13460
17489,13461
17083,13462
18080,13463
16131,13464
13719,13465
6647,13466
2939,13467
11318,13468
10260,13469
14331,13470
15542,13471
14952,13472
13919,13473
15548,13474
14958,13475
19970,13476
6198,13477
15267,13478
17322,13479
16732,13480
14150,13481
13495,13482
14093,13483
17401,13484
722,13485
2532,13486
4070,13487
7836,13488
4952,13489
11093,13490
925,13491
8568,13492
10552,13493
10974,13494
2187,13495
13886,13496
9705,13497
17866,13498
11395,13499
13377,13500
9884,13501
10551,13502
6205,13503
10488,13504
9818,13505
19192,13506
5059,13507
4575,13508
2430,13509
1298,13510
18270,13511
12272,13512
6348,13513
18567,13514
16347,13515
19410,13516
18810,13517
16736,13518
9860,13519
11293,13520
4166,13521
6910,13522
16792,13523
10424,13524
6107,13525
19246,13526
17289,13527
19226,13528
14659,13529
14631,13530
14058,13531
18611,13532
1695,13533
8391,13534
5695,13535
6364,13536
14654,13537
15975,13538
18934,13539
20091,13540
4048,13541
9975,13542
13344,13543
7661,13544
19769,13545
10171,13546
5201,13547
5058,13548
14763,13549
15379,13550
16332,13551
8458,13552
19670,13553
7300,13554
6456,13555
11297,13556
13782,13557
4868,13558
4262,13559
12573,13560
13178,13561
7636,13562
16718,13563
16420,13564
3598,13565
18743,13566
3350,13567
1704,13568
4667,13569
11089,13570
14708,13571
16342,13572
20015,13573
8363,13574
1592,13575
15918,13576
3559,13577
4061,13578
5009,13579
13539,13580
8172,13581
7527,13582
16516,13583
13997,13584
19886,13585
9910,13586
8398,13587
7046,13588
1204,13589
19413,13590
13346,13591
16789,13592
3612,13593
7513,13594
17829,13595
20200,13596
11243,13597
12532,13598
14923,13599
20034,13600
7368,13601
11073,13602
13347,13603
16755,13604
17490,13605
8450,13606
16704,13607
12229,13608
2114,13609
13354,13610
13994,13611
14394,13612
7088,13613
984,13614
15706,13615
3977,13616
2172,13617
15094,13618
10258,13619
4646,13620
9250,13621
13871,13622
16824,13623
5094,13624
10192,13625
3840,13626
2318,13627
2472,13628
9568,13629
17004,13630
5951,13631
16734,13632
16145,13633
1003,13634
2354,13635
7019,13636
14637,13637
17659,13638
8639,13639
2823,13640
18960,13641
19561,13642
13735,13643
13728,13644
18868,13645
5187,13646
3871,13647
4742,13648
13520,13649
12475,13650
2788,13651
10502,13652
6455,13653
15172,13654
7909,13655
4591,13656
16411,13657
7165,13658
9375,13659
12403,13660
18385,13661
8958,13662
16567,13663
19717,13664
2341,13665
1761,13666
4532,13667
16458,13668
17921,13669
8501,13670
1304,13671
11697,13672
15985,13673
9608,13674
19923,13675
1885,13676
4821,13677
9044,13678
12800,13679
16653,13680
2764,13681
2068,13682
12612,13683
9795,13684
3658,13685
15745,13686
18294,13687
17154,13688
10650,13689
12103,13690
12943,13691
923,13692
8923,13693
18580,13694
2080,13695
15627,13696
9191,13697
17677,13698
13953,13699
2773,13700
7089,13701
3358,13702
9656,13703
3526,13704
5772,13705
13892,13706
1949,13707
7013,13708
6688,13709
16314,13710
19266,13711
1448,13712
8875,13713
12169,13714
14712,13715
13395,13716
12579,13717
3529,13718
19957,13719
10845,13720
17588,13721
3357,13722
6686,13723
10850,13724
20339,13725
18528,13726
17767,13727
15655,13728
1394,13729
18483,13730
17000,13731
949,13732
1249,13733
12018,13734
12795,13735
19476,13736
16234,13737
6986,13738
19777,13739
10577,13740
17675,13741
5694,13742
5771,13743
5505,13744
4134,13745
14292,13746
16102,13747
17379,13748
15217,13749
15822,13750
3011,13751
18313,13752
18914,13753
13069,13754
14354,13755
3978,13756
767,13757
16307,13758
3524,13759
5830,13760
3583,13761
5390,13762
8260,13763
19163,13764
15853,13765
18163,13766
4922,13767
10334,13768
4924,13769
5847,13770
10797,13771
3546,13772
7236,13773
4011,13774
9082,13775
5856,13776
6320,13777
13577,13778
16807,13779
17730,13780
3564,13781
9558,13782
13126,13783
1958,13784
9560,13785
14051,13786
20042,13787
1221,13788
12672,13789
16817,13790
17743,13791
11289,13792
6803,13793
20047,13794
13132,13795
11296,13796
911,13797
15908,13798
16369,13799
1591,13800
15910,13801
16372,13802
18217,13803
14530,13804
17759,13805
2206,13806
16375,13807
8661,13808
14075,13809
6823,13810
18690,13811
16387,13812
18694,13813
18232,13814
16391,13815
11324,13816
12709,13817
10404,13818
19623,13819
15939,13820
15951,13821
10423,13822
19180,13823
9165,13824
7786,13825
8707,13826
9630,13827
9173,13828
17811,13829
8713,13830
4111,13831
12296,13832
5041,13833
8269,13834
10381,13835
16717,13836
17365,13837
4039,13838
3991,13839
9274,13840
7266,13841
7282,13842
7894,13843
10738,13844
2125,13845
18871,13846
4677,13847
7852,13848
14521,13849
6636,13850
9623,13851
3351,13852
3538,13853
14254,13854
16288,13855
3353,13856
1466,13857
15820,13858
16683,13859
14139,13860
18865,13861
5426,13862
9631,13863
16833,13864
18468,13865
11881,13866
16362,13867
2111,13868
16267,13869
4124,13870
5433,13871
9830,13872
4798,13873
18496,13874
13117,13875
12845,13876
4010,13877
10865,13878
12514,13879
18712,13880
20335,13881
15237,13882
8645,13883
2459,13884
17464,13885
5798,13886
16429,13887
19475,13888
2205,13889
7963,13890
1246,13891
14532,13892
13757,13893
9121,13894
18195,13895
4533,13896
6304,13897
13530,13898
4589,13899
3983,13900
10245,13901
3668,13902
6464,13903
14330,13904
1821,13905
8563,13906
13194,13907
5359,13908
16396,13909
6694,13910
6473,13911
12972,13912
15100,13913
2184,13914
15890,13915
14936,13916
3279,13917
5370,13918
7770,13919
1421,13920
907,13921
15139,13922
16365,13923
12061,13924
2287,13925
17527,13926
17114,13927
11486,13928
13313,13929
4787,13930
6371,13931
16572,13932
4815,13933
12360,13934
16910,13935
2745,13936
20138,13937
12766,13938
828,13939
9200,13940
7819,13941
9203,13942
12772,13943
4132,13944
16000,13945
4138,13946
4603,13947
1186,13948
13702,13949
10939,13950
9673,13951
4611,13952
11405,13953
5074,13954
15557,13955
4616,13956
16941,13957
4063,13958
11604,13959
17402,13960
1358,13961
14690,13962
16948,13963
16026,13964
1741,13965
10037,13966
7851,13967
10039,13968
19257,13969
9695,13970
19721,13971
16958,13972
10049,13973
10511,13974
14661,13975
17429,13976
4184,13977
17430,13978
13284,13979
7204,13980
2804,13981
901,13982
10240,13983
17961,13984
6494,13985
18358,13986
16054,13987
2352,13988
6501,13989
17443,13990
19290,13991
16528,13992
15146,13993
11924,13994
2827,13995
4671,13996
8358,13997
17458,13998
4672,13999
9278,14000
16540,14001
1009,14002
6524,14003
5141,14004
12400,14005
1148,14006
20236,14007
6534,14008
2851,14009
13335,14010
2861,14011
1657,14012
7010,14013
16111,14014
9323,14015
11972,14016
8404,14017
14276,14018
7020,14019
4720,14020
3339,14021
17049,14022
17510,14023
9335,14024
15675,14025
6578,14026
1291,14027
5655,14028
7040,14029
17984,14030
8425,14031
12914,14032
11534,14033
1799,14034
15308,14035
11100,14036
10235,14037
15024,14038
13383,14039
4286,14040
4748,14041
11082,14042
10624,14043
11086,14044
14312,14045
17541,14046
13399,14047
8449,14048
17087,14049
8912,14050
17090,14051
6611,14052
16172,14053
14789,14054
18936,14055
7082,14056
8467,14057
18948,14058
5703,14059
2941,14060
2483,14061
11120,14062
9858,14063
6171,14064
17115,14065
6177,14066
11128,14067
18502,14068
4337,14069
16203,14070
8951,14071
6187,14072
13442,14073
18972,14074
8033,14075
13449,14076
8960,14077
7122,14078
17143,14079
14381,14080
15302,14081
2059,14082
5749,14083
8976,14084
11160,14085
4832,14086
9904,14087
13012,14088
991,14089
17164,14090
8068,14091
7148,14092
11637,14093
9918,14094
17173,14095
1395,14096
2547,14097
15795,14098
7618,14099
13490,14100
15334,14101
5317,14102
12111,14103
2552,14104
15338,14105
17181,14106
2099,14107
9932,14108
7630,14109
6247,14110
2562,14111
17191,14112
4408,14113
5330,14114
2105,14115
4872,14116
17657,14117
16735,14118
10287,14119
19044,14120
6261,14121
19509,14122
15361,14123
17205,14124
2119,14125
18592,14126
19976,14127
3966,14128
5349,14129
19051,14130
15372,14131
12147,14132
6737,14133
6277,14134
10306,14135
19985,14136
1722,14137
13536,14138
19990,14139
16306,14140
19533,14141
9513,14142
8132,14143
13545,14144
8133,14145
2605,14146
10321,14147
12626,14148
10324,14149
3531,14150
9062,14151
10328,14152
13556,14153
20013,14154
5389,14155
9538,14156
15411,14157
12187,14158
14030,14159
10345,14160
17257,14161
6782,14162
15881,14163
18186,14164
13580,14165
14041,14166
10355,14167
11738,14168
17269,14169
12663,14170
2182,14171
10361,14172
910,14173
14054,14174
8644,14175
1037,14176
8646,14177
14983,14178
5885,14179
6346,14180
12221,14181
18675,14182
5439,14183
2212,14184
7743,14185
10392,14186
2216,14187
14088,14188
2224,14189
2225,14190
13173,14191
10412,14192
20090,14193
4082,14194
20094,14195
9155,14196
14572,14197
16879,14198
20103,14199
15964,14200
5021,14201
10895,14202
15048,14203
11362,14204
18738,14205
18739,14206
1782,14207
11368,14208
3193,14209
10910,14210
15063,14211
5967,14212
1138,14213
18088,14214
4875,14215
17294,14216
2666,14217
13614,14218
15459,14219
19147,14220
17307,14221
17315,14222
8218,14223
19162,14224
13632,14225
1548,14226
19167,14227
8228,14228
17327,14229
4544,14230
1180,14231
6389,14232
6390,14233
1549,14234
17333,14235
19177,14236
6391,14237
15492,14238
6393,14239
19179,14240
6400,14241
15502,14242
6410,14243
17354,14244
6413,14245
19200,14246
6419,14247
17361,14248
6426,14249
8423,14250
15962,14251
5171,14252
1525,14253
6813,14254
1023,14255
5868,14256
9366,14257
785,14258
4091,14259
13499,14260
10354,14261
786,14262
4067,14263
14727,14264
3151,14265
5718,14266
6989,14267
14771,14268
16623,14269
1702,14270
8483,14271
16872,14272
13791,14273
9651,14274
11039,14275
4383,14276
14480,14277
5215,14278
13457,14279
9435,14280
10496,14281
19215,14282
14457,14283
7181,14284
12575,14285
17666,14286
13786,14287
10899,14288
11846,14289
5903,14290
10789,14291
20092,14292
14776,14293
11795,14294
16568,14295
17349,14296
4210,14297
796,14298
4029,14299
17707,14300
15733,14301
7025,14302
19093,14303
10672,14304
13328,14305
13416,14306
8937,14307
13879,14308
2203,14309
5125,14310
18009,14311
19942,14312
18036,14313
18636,14314
3919,14315
10202,14316
8327,14317
9051,14318
18118,14319
19962,14320
5052,14321
5115,14322
14909,14323
1927,14324
7197,14325
6625,14326
11499,14327
12158,14328
16328,14329
9845,14330
11390,14331
13370,14332
14201,14333
6568,14334
15586,14335
4413,14336
2873,14337
11933,14338
11965,14339
18308,14340
4256,14341
4957,14342
9359,14343
6755,14344
14686,14345
10954,14346
9240,14347
8319,14348
4570,14349
6374,14350
5817,14351
5857,14352
18720,14353
2860,14354
19848,14355
16967,14356
11616,14357
13542,14358
6423,14359
1016,14360
18129,14361
18191,14362
1475,14363
2211,14364
19244,14365
16624,14366
11892,14367
4863,14368
10506,14369
12256,14370
7002,14371
11670,14372
1658,14373
2218,14374
14372,14375
7633,14376
15483,14377
3145,14378
5276,14379
18888,14380
14972,14381
14420,14382
853,14383
17423,14384
11939,14385
13756,14386
18128,14387
7778,14388
17905,14389
20170,14390
4858,14391
17846,14392
6836,14393
6452,14394
9069,14395
793,14396
7981,14397
4648,14398
17766,14399
19127,14400
17727,14401
17798,14402
4625,14403
6471,14404
17699,14405
18151,14406
9713,14407
699,14408
6621,14409
6709,14410
13797,14411
7044,14412
17624,14413
2150,14414
15467,14415
1649,14416
2395,14417
9371,14418
10029,14419
15280,14420
6443,14421
17388,14422
4608,14423
19239,14424
10022,14425
17409,14426
11880,14427
19253,14428
2784,14429
17419,14430
2793,14431
11901,14432
15594,14433
10075,14434
17453,14435
17456,14436
15616,14437
2838,14438
8388,14439
8409,14440
8410,14441
4725,14442
19355,14443
1383,14444
8420,14445
4734,14446
4737,14447
15683,14448
13843,14449
19374,14450
8444,14451
4762,14452
13866,14453
2925,14454
4774,14455
13873,14456
2936,14457
1573,14458
19424,14459
2965,14460
1022,14461
12064,14462
2968,14463
12077,14464
8511,14465
4842,14466
12107,14467
15800,14468
15805,14469
10279,14470
3025,14471
13974,14472
8569,14473
13980,14474
8581,14475
12151,14476
1031,14477
15841,14478
12156,14479
3061,14480
1032,14481
1403,14482
3095,14483
19571,14484
10383,14485
14078,14486
15922,14487
4984,14488
10399,14489
1593,14490
8679,14491
15944,14492
1226,14493
15947,14494
5005,14495
15956,14496
8709,14497
14120,14498
19658,14499
15973,14500
14155,14501
12317,14502
16015,14503
8772,14504
10498,14505
10509,14506
14230,14507
14232,14508
1621,14509
13510,14510
15291,14511
2699,14512
8205,14513
17945,14514
3491,14515
10724,14516
9779,14517
12414,14518
14269,14519
14275,14520
3337,14521
19815,14522
1613,14523
19830,14524
19831,14525
3366,14526
7054,14527
19842,14528
19846,14529
19853,14530
5226,14531
8916,14532
18017,14533
19864,14534
18020,14535
3390,14536
7094,14537
18040,14538
8944,14539
18047,14540
3423,14541
18059,14542
14371,14543
1622,14544
14378,14545
16221,14546
12543,14547
14388,14548
8978,14549
19926,14550
1440,14551
16245,14552
18090,14553
16264,14554
12589,14555
16276,14556
12593,14557
14452,14558
19986,14559
1630,14560
7202,14561
5362,14562
9055,14563
14469,14564
18166,14565
20009,14566
7232,14567
5392,14568
18185,14569
9089,14570
20043,14571
7260,14572
16384,14573
16390,14574
12703,14575
9137,14576
10897,14577
16453,14578
12774,14579
12777,14580
20159,14581
3696,14582
18325,14583
9230,14584
739,14585
18332,14586
5557,14587
10973,14588
3729,14589
20201,14590
10988,14591
12833,14592
12841,14593
12850,14594
14699,14595
11024,14596
7465,14597
12879,14598
20270,14599
12904,14600
12913,14601
12927,14602
14783,14603
3844,14604
9395,14605
7554,14606
11121,14607
2045,14608
9423,14609
11150,14610
12998,14611
2069,14612
1117,14613
7601,14614
13024,14615
7615,14616
3931,14617
7632,14618
18590,14619
2118,14620
7650,14621
13063,14622
7665,14623
7679,14624
13099,14625
2162,14626
14962,14627
18649,14628
18659,14629
18672,14630
11305,14631
18686,14632
2214,14633
7751,14634
2226,14635
9606,14636
2238,14637
15028,14638
2243,14639
18718,14640
2246,14641
2248,14642
2252,14643
5964,14644
11380,14645
9657,14646
7826,14647
2296,14648
2311,14649
2323,14650
13268,14651
11427,14652
16971,14653
2353,14654
7899,14655
9748,14656
2396,14657
11507,14658
7942,14659
9787,14660
7950,14661
7966,14662
11547,14663
7980,14664
18922,14665
13401,14666
11586,14667
8024,14668
11612,14669
8056,14670
19005,14671
13477,14672
6250,14673
11682,14674
11719,14675
13591,14676
11748,14677
8192,14678
6351,14679
19195,14680
8255,14681
2710,14682
4507,14683
6918,14684
18297,14685
19550,14686
2052,14687
1446,14688
10120,14689
11078,14690
15672,14691
15697,14692
15942,14693
19961,14694
10821,14695
19952,14696
19971,14697
8570,14698
10741,14699
12182,14700
15331,14701
5267,14702
2286,14703
13271,14704
2617,14705
10618,14706
2935,14707
6649,14708
13451,14709
7007,14710
12528,14711
10823,14712
9729,14713
20260,14714
16663,14715
12472,14716
3056,14717
18378,14718
18981,14719
12397,14720
18010,14721
6708,14722
5233,14723
10570,14724
2835,14725
10059,14726
5128,14727
9581,14728
14437,14729
6563,14730
19279,14731
19874,14732
19269,14733
7723,14734
18640,14735
19357,14736
19852,14737
1335,14738
17996,14739
12134,14740
17406,14741
16247,14742
8301,14743
8426,14744
15950,14745
15802,14746
10639,14747
17988,14748
11430,14749
16067,14750
11677,14751
12141,14752
7052,14753
10439,14754
12083,14755
18624,14756
3015,14757
11630,14758
8984,14759
19411,14760
14334,14761
10068,14762
2157,14763
18058,14764
14114,14765
12315,14766
8760,14767
17863,14768
3282,14769
15580,14770
12384,14771
12991,14772
14249,14773
19505,14774
20014,14775
843,14776
7050,14777
18049,14778
1552,14779
7120,14780
14026,14781
5117,14782
18180,14783
19888,14784
1582,14785
1612,14786
2883,14787
15747,14788
19907,14789
11270,14790
1589,14791
12102,14792
10457,14793
17065,14794
19987,14795
19933,14796
10980,14797
10600,14798
10266,14799
15667,14800
15678,14801
17422,14802
8966,14803
9563,14804
13739,14805
17957,14806
12265,14807
2721,14808
4178,14809
19156,14810
10565,14811
19364,14812
12113,14813
9479,14814
12217,14815
12248,14816
1794,14817
12332,14818
15803,14819
12979,14820
11330,14821
13142,14822
20345,14823
10486,14824
16709,14825
17795,14826
1438,14827
15629,14828
7061,14829
3509,14830
13353,14831
6551,14832
18812,14833
803,14834
10209,14835
8321,14836
8983,14837
17450,14838
15693,14839
19660,14840
14247,14841
12436,14842
5358,14843
10491,14844
18748,14845
1524,14846
7707,14847
8906,14848
14647,14849
15238,14850
5725,14851
17382,14852
16446,14853
1068,14854
9402,14855
10832,14856
18091,14857
15663,14858
5144,14859
19859,14860
8953,14861
8434,14862
6596,14863
17794,14864
8211,14865
7078,14866
976,14867
13823,14868
698,14869
17465,14870
1611,14871
14470,14872
14475,14873
16334,14874
14497,14875
14502,14876
14505,14877
18194,14878
16354,14879
3576,14880
9107,14881
9112,14882
16371,14883
3594,14884
9133,14885
14548,14886
5460,14887
18246,14888
16415,14889
14573,14890
9162,14891
14582,14892
10898,14893
7330,14894
10903,14895
9181,14896
5516,14897
16459,14898
12771,14899
7360,14900
1463,14901
7384,14902
16483,14903
14649,14904
14650,14905
16509,14906
12823,14907
12824,14908
20198,14909
9262,14910
16519,14911
3739,14912
14688,14913
929,14914
3764,14915
11022,14916
9302,14917
9311,14918
1104,14919
11042,14920
9332,14921
17399,14922
8302,14923
4626,14924
17412,14925
17418,14926
8322,14927
10060,14928
8367,14929
10097,14930
2849,14931
839,14932
6552,14933
15653,14934
10134,14935
2890,14936
19370,14937
17530,14938
8433,14939
15692,14940
17543,14941
10183,14942
2943,14943
19430,14944
19433,14945
20029,14946
16243,14947
3896,14948
15184,14949
17602,14950
19458,14951
12094,14952
15784,14953
17639,14954
10269,14955
10280,14956
10294,14957
6730,14958
4890,14959
4892,14960
17679,14961
19548,14962
861,14963
14050,14964
19582,14965
15897,14966
14056,14967
1960,14968
6421,14969
14112,14970
19662,14971
12291,14972
16017,14973
14179,14974
8770,14975
5106,14976
3265,14977
5136,14978
3301,14979
7014,14980
17969,14981
19826,14982
705,14983
7062,14984
1801,14985
5230,14986
19891,14987
1252,14988
5278,14989
7140,14990
1625,14991
1257,14992
5315,14993
9011,14994
10760,14995
5363,14996
5375,14997
3537,14998
12664,14999
10824,15000
20069,15001
16397,15002
20101,15003
16427,15004
1643,15005
20122,15006
10921,15007
16452,15008
16455,15009
16480,15010
18329,15011
1280,15012
16486,15013
14648,15014
9238,15015
10969,15016
16514,15017
12832,15018
3744,15019
11005,15020
20223,15021
5605,15022
5621,15023
14723,15024
18416,15025
20264,15026
11061,15027
16593,15028
14750,15029
16597,15030
12911,15031
3818,15032
5663,15033
9357,15034
12929,15035
16617,15036
14774,15037
1662,15038
12966,15039
5712,15040
12968,15041
940,15042
5715,15043
5719,15044
1852,15045
12992,15046
1668,15047
1115,15048
16690,15049
3907,15050
5764,15051
3921,15052
16720,15053
9466,15054
2097,15055
5789,15056
13044,15057
7635,15058
1305,15059
3953,15060
14900,15061
3960,15062
1675,15063
3969,15064
11223,15065
14913,15066
13070,15067
5818,15068
5826,15069
14928,15070
9519,15071
14933,15072
2148,15073
18620,15074
3996,15075
3998,15076
11252,15077
11253,15078
7688,15079
18632,15080
1495,15081
14950,15082
5854,15083
11272,15084
1313,15085
9573,15086
958,15087
18680,15088
4054,15089
9594,15090
5916,15091
4075,15092
18703,15093
4087,15094
18717,15095
18722,15096
15036,15097
16884,15098
2259,15099
9633,15100
1689,15101
16889,15102
7796,15103
15058,15104
5969,15105
16911,15106
16912,15107
9677,15108
4150,15109
11407,15110
15095,15111
13256,15112
15101,15113
15103,15114
2320,15115
7853,15116
15108,15117
4171,15118
6018,15119
18804,15120
2333,15121
16963,15122
4179,15123
11438,15124
15125,15125
18811,15126
16975,15127
16976,15128
4195,15129
9727,15130
2356,15131
4202,15132
16993,15133
11468,15134
13312,15135
2373,15136
7917,15137
6081,15138
6082,15139
15183,15140
9778,15141
11512,15142
979,15143
6102,15144
15202,15145
13360,15146
6109,15147
9799,15148
2425,15149
17053,15150
11526,15151
6115,15152
13374,15153
18909,15154
6126,15155
17071,15156
17073,15157
13388,15158
13390,15159
9823,15160
9831,15161
9832,15162
1340,15163
9836,15164
9839,15165
6153,15166
4311,15167
1341,15168
15259,15169
987,15170
15282,15171
13446,15172
1161,15173
17142,15174
15305,15175
13468,15176
9902,15177
4099,15178
17166,15179
13480,15180
8072,15181
9928,15182
2557,15183
2573,15184
2576,15185
17206,15186
11687,15187
997,15188
9979,15189
11707,15190
15395,15191
13557,15192
1356,15193
4462,15194
19099,15195
4471,15196
13570,15197
4472,15198
6326,15199
19113,15200
13595,15201
4500,15202
13606,15203
13615,15204
4518,15205
6362,15206
11775,15207
6369,15208
8210,15209
4529,15210
13628,15211
6379,15212
13634,15213
4536,15214
13636,15215
4538,15216
19166,15217
6386,15218
6387,15219
2705,15220
17334,15221
15493,15222
4552,15223
8239,15224
2718,15225
17348,15226
4567,15227
17356,15228
4573,15229
2735,15230
6424,15231
13681,15232
2742,15233
12580,15234
11928,15235
13185,15236
10121,15237
12202,15238
5922,15239
8685,15240
7870,15241
18495,15242
4473,15243
19783,15244
10813,15245
16761,15246
8359,15247
10205,15248
8029,15249
20108,15250
4980,15251
12940,15252
9267,15253
17015,15254
20085,15255
4098,15256
18875,15257
7229,15258
2392,15259
11754,15260
18359,15261
12258,15262
20022,15263
9644,15264
6570,15265
17176,15266
17762,15267
6338,15268
3452,15269
4678,15270
5140,15271
6354,15272
5910,15273
11083,15274
15065,15275
6434,15276
18244,15277
3438,15278
8962,15279
15578,15280
9679,15281
8158,15282
4284,15283
16160,15284
11679,15285
1713,15286
17577,15287
20005,15288
3484,15289
13809,15290
17310,15291
13989,15292
9070,15293
5942,15294
1203,15295
12865,15296
3929,15297
15646,15298
12861,15299
4104,15300
13899,15301
8847,15302
18196,15303
16959,15304
16996,15305
19514,15306
19349,15307
9530,15308
2681,15309
13245,15310
14257,15311
10745,15312
14203,15313
16610,15314
18939,15315
11791,15316
14949,15317
3090,15318
7133,15319
3048,15320
19919,15321
15785,15322
2695,15323
8862,15324
17279,15325
13497,15326
12675,15327
3606,15328
4812,15329
11660,15330
17749,15331
12088,15332
17634,15333
8061,15334
4165,15335
17506,15336
17495,15337
5271,15338
6172,15339
4192,15340
2295,15341
3740,15342
12654,15343
6569,15344
10428,15345
13483,15346
4326,15347
18796,15348
13742,15349
14337,15350
6679,15351
6665,15352
12586,15353
13191,15354
13041,15355
3901,15356
13011,15357
13592,15358
14628,15359
7788,15360
18725,15361
20323,15362
8369,15363
10908,15364
14175,15365
17199,15366
13065,15367
17959,15368
16638,15369
4140,15370
17498,15371
6496,15372
5484,15373
17640,15374
10015,15375
14744,15376
11190,15377
17755,15378
20173,15379
20186,15380
5580,15381
1715,15382
17599,15383
3595,15384
4182,15385
5138,15386
12905,15387
11540,15388
17558,15389
18803,15390
17371,15391
10065,15392
17449,15393
6518,15394
17578,15395
10256,15396
8506,15397
7841,15398
3306,15399
3254,15400
1029,15401
17672,15402
6765,15403
6798,15404
6812,15405
6827,15406
6829,15407
10522,15408
17898,15409
6984,15410
1560,15411
8293,15412
3189,15413
17948,15414
19260,15415
12681,15416
9562,15417
17956,15418
7027,15419
17974,15420
1798,15421
7047,15422
7049,15423
7051,15424
7083,15425
7096,15426
10687,15427
7138,15428
18084,15429
7178,15430
10752,15431
7209,15432
18157,15433
10803,15434
1819,15435
7249,15436
18201,15437
10842,15438
10854,15439
10886,15440
10926,15441
18344,15442
7411,15443
10983,15444
11003,15445
11050,15446
7498,15447
1844,15448
18480,15449
7548,15450
11124,15451
7562,15452
3934,15453
7571,15454
4076,15455
3516,15456
4120,15457
18517,15458
7589,15459
7593,15460
11164,15461
18550,15462
11188,15463
7624,15464
18571,15465
11201,15466
18595,15467
11226,15468
11230,15469
7697,15470
7718,15471
7754,15472
12827,15473
15044,15474
4444,15475
15118,15476
15141,15477
14549,15478
11436,15479
2603,15480
7756,15481
11329,15482
7764,15483
1134,15484
11356,15485
18752,15486
11429,15487
18838,15488
11464,15489
18855,15490
1888,15491
11525,15492
11527,15493
7999,15494
18987,15495
8044,15496
807,15497
11646,15498
8088,15499
11666,15500
8166,15501
1176,15502
11774,15503
19198,15504
11827,15505
19203,15506
8263,15507
19211,15508
19259,15509
19348,15510
978,15511
3334,15512
8889,15513
8324,15514
19273,15515
8349,15516
8360,15517
19302,15518
11930,15519
11943,15520
19320,15521
8383,15522
8469,15523
19442,15524
19450,15525
12164,15526
12212,15527
8647,15528
19589,15529
8715,15530
12310,15531
19689,15532
12321,15533
19729,15534
12382,15535
19765,15536
19773,15537
1242,15538
19798,15539
8904,15540
8911,15541
12511,15542
8955,15543
12536,15544
12641,15545
20032,15546
20054,15547
9227,15548
12798,15549
12810,15550
9269,15551
12867,15552
931,15553
12884,15554
12903,15555
9379,15556
12990,15557
2085,15558
13036,15559
950,15560
2165,15561
13139,15562
13148,15563
2255,15564
2302,15565
9708,15566
13293,15567
9726,15568
13338,15569
9833,15570
9854,15571
9877,15572
13453,15573
9926,15574
13502,15575
13511,15576
13540,15577
9984,15578
13604,15579
13678,15580
2740,15581
2759,15582
13708,15583
2792,15584
2862,15585
2967,15586
13990,15587
1402,15588
14047,15589
3117,15590
3178,15591
14129,15592
3321,15593
14316,15594
3396,15595
3441,15596
3494,15597
14444,15598
3562,15599
14528,15600
14547,15601
14588,15602
3699,15603
3726,15604
14694,15605
14715,15606
14827,15607
14904,15608
14918,15609
14935,15610
4021,15611
4041,15612
15004,15613
4073,15614
4114,15615
4161,15616
15145,15617
15154,15618
4242,15619
15249,15620
15263,15621
15298,15622
15304,15623
4385,15624
4419,15625
15380,15626
15401,15627
15456,15628
15495,15629
15650,15630
15662,15631
1575,15632
4841,15633
15809,15634
15810,15635
15895,15636
15925,15637
15957,15638
16037,15639
5098,15640
16058,15641
5225,15642
5258,15643
5369,15644
16325,15645
16432,15646
1645,15647
16470,15648
16472,15649
16487,15650
5678,15651
16620,15652
16637,15653
5740,15654
5797,15655
16745,15656
16802,15657
5867,15658
5883,15659
16832,15660
5943,15661
16886,15662
16906,15663
6015,15664
17007,15665
17079,15666
1710,15667
6183,15668
1716,15669
6254,15670
17210,15671
6282,15672
6370,15673
17331,15674
6392,15675
14418,15676
6751,15677
5892,15678
16928,15679
13986,15680
6353,15681
3890,15682
15327,15683
758,15684
5796,15685
3062,15686
10711,15687
1848,15688
14268,15689
8640,15690
3284,15691
12786,15692
15248,15693
10061,15694
1697,15695
10562,15696
19342,15697
8834,15698
10686,15699
13266,15700
10472,15701
7680,15702
15086,15703
19949,15704
5536,15705
18822,15706
17054,15707
15035,15708
13240,15709
16401,15710
19447,15711
7032,15712
5576,15713
2133,15714
18757,15715
8608,15716
1770,15717
19534,15718
12866,15719
1125,15720
14906,15721
4425,15722
12803,15723
11609,15724
11656,15725
6871,15726
2464,15727
12702,15728
3608,15729
4836,15730
1605,15731
6833,15732
16402,15733
7682,15734
19754,15735
20222,15736
18041,15737
14328,15738
9552,15739
2606,15740
7898,15741
2001,15742
15969,15743
16023,15744
16021,15745
20110,15746
11431,15747
12106,15748
18143,15749
6197,15750
12711,15751
7993,15752
10368,15753
18259,15754
18152,15755
12029,15756
6600,15757
14135,15758
11480,15759
10613,15760
17211,15761
3074,15762
17377,15763
2698,15764
7458,15765
10934,15766
1050,15767
15426,15768
8083,15769
12534,15770
19262,15771
6869,15772
11179,15773
12366,15774
16024,15775
17774,15776
19586,15777
9434,15778
14922,15779
18660,15780
12715,15781
20027,15782
18673,15783
10356,15784
6525,15785
4200,15786
10380,15787
20038,15788
9699,15789
12819,15790
5522,15791
5442,15792
1539,15793
11703,15794
20141,15795
4511,15796
13136,15797
8828,15798
10178,15799
10742,15800
6853,15801
10816,15802
12359,15803
3069,15804
7773,15805
19436,15806
18260,15807
11514,15808
8389,15809
19481,15810
6046,15811
3104,15812
5214,15813
1567,15814
11066,15815
6963,15816
3214,15817
18433,15818
8226,15819
16615,15820
17711,15821
1585,15822
19485,15823
13874,15824
13254,15825
6952,15826
13893,15827
6340,15828
20058,15829
11537,15830
4350,15831
5137,15832
10651,15833
12548,15834
13098,15835
15368,15836
10304,15837
15313,15838
1783,15839
2124,15840
16112,15841
5984,15842
5305,15843
16232,15844
7815,15845
13391,15846
18705,15847
15229,15848
8764,15849
5113,15850
17481,15851
4043,15852
18573,15853
17375,15854
5114,15855
10364,15856
6459,15857
1939,15858
4332,15859
16242,15860
11185,15861
11115,15862
20281,15863
3439,15864
4374,15865
9095,15866
17012,15867
13269,15868
10945,15869
18832,15870
5722,15871
14673,15872
15901,15873
5366,15874
12646,15875
7524,15876
14608,15877
3560,15878
4992,15879
10173,15880
11818,15881
20133,15882
4806,15883
12755,15884
5325,15885
893,15886
4527,15887
8936,15888
15283,15889
17035,15890
13028,15891
13492,15892
6409,15893
12345,15894
16609,15895
3418,15896
4768,15897
8117,15898
19068,15899
14595,15900
3958,15901
5274,15902
13009,15903
13554,15904
14152,15905
14206,15906
14220,15907
14749,15908
14782,15909
15339,15910
17718,15911
16408,15912
6493,15913
6330,15914
16419,15915
1430,15916
4307,15917
13718,15918
2619,15919
16618,15920
14411,15921
10691,15922
1667,15923
19376,15924
1124,15925
2758,15926
12062,15927
11529,15928
8114,15929
12806,15930
1145,15931
10042,15932
2136,15933
16587,15934
10616,15935
4006,15936
5841,15937
18597,15938
2976,15939
2997,15940
13859,15941
15181,15942
16852,15943
16865,15944
7717,15945
14417,15946
5930,15947
14465,15948
10775,15949
19352,15950
1561,15951
11685,15952
2417,15953
7660,15954
14489,15955
7004,15956
5783,15957
8931,15958
17938,15959
2442,15960
13031,15961
846,15962
8097,15963
17976,15964
10847,15965
19231,15966
12146,15967
15224,15968
8610,15969
14217,15970
7237,15971
16236,15972
15606,15973
3930,15974
17575,15975
19749,15976
17186,15977
7169,15978
17416,15979
5401,15980
14555,15981
15838,15982
3477,15983
20287,15984
18476,15985
4829,15986
5430,15987
12714,15988
12283,15989
5977,15990
6604,15991
13884,15992
9549,15993
14458,15994
13221,15995
4028,15996
4173,15997
15462,15998
5973,15999
3925,16000
17546,16001
18243,16002
7777,16003
3777,16004
13019,16005
14816,16006
18008,16007
14552,16008
1531,16009
1377,16010
11903,16011
19868,16012
18594,16013
11771,16014
7453,16015
7705,16016
13141,16017
15497,16018
13721,16019
4240,16020
6640,16021
9338,16022
18572,16023
17118,16024
10853,16025
5899,16026
10369,16027
17393,16028
11206,16029
19902,16030
18287,16031
6489,16032
8604,16033
4991,16034
1526,16035
13617,16036
17680,16037
6993,16038
19250,16039
3908,16040
892,16041
4962,16042
11169,16043
18374,16044
17700,16045
18145,16046
18223,16047
19659,16048
2384,16049
3019,16050
7520,16051
14104,16052
8895,16053
15329,16054
19272,16055
2484,16056
3898,16057
18282,16058
17924,16059
2768,16060
5510,16061
17468,16062
15970,16063
17505,16064
19707,16065
3499,16066
8481,16067
2777,16068
2142,16069
11440,16070
5048,16071
14086,16072
16934,16073
13978,16074
3716,16075
8859,16076
18578,16077
15076,16078
9711,16079
5121,16080
8677,16081
2463,16082
6926,16083
13738,16084
3593,16085
16549,16086
4593,16087
7456,16088
5122,16089
6961,16090
5651,16091
17398,16092
17647,16093
4525,16094
6958,16095
13046,16096
16464,16097
15017,16098
13017,16099
5446,16100
9792,16101
19251,16102
750,16103
5682,16104
3311,16105
18206,16106
11805,16107
16744,16108
805,16109
8529,16110
12531,16111
5729,16112
19191,16113
12373,16114
15186,16115
8612,16116
9066,16117
20328,16118
19728,16119
10513,16120
11328,16121
12404,16122
15955,16123
16611,16124
17789,16125
18993,16126
19585,16127
20160,16128
8527,16129
14315,16130
9187,16131
11267,16132
19365,16133
13257,16134
10145,16135
11610,16136
6814,16137
13549,16138
15605,16139
7752,16140
5467,16141
5552,16142
9704,16143
19973,16144
12722,16145
824,16146
3891,16147
19120,16148
5110,16149
3675,16150
1163,16151
19206,16152
7251,16153
9949,16154
6334,16155
20067,16156
18967,16157
6511,16158
15306,16159
6108,16160
16461,16161
13822,16162
6350,16163
6957,16164
5152,16165
13276,16166
14320,16167
12842,16168
14710,16169
2141,16170
3369,16171
4674,16172
6440,16173
8431,16174
876,16175
9998,16176
3286,16177
1631,16178
15021,16179
11804,16180
9426,16181
3172,16182
13300,16183
16270,16184
12127,16185
18391,16186
8303,16187
7901,16188
8082,16189
14440,16190
12678,16191
3009,16192
7648,16193
16634,16194
13676,16195
6542,16196
9458,16197
8927,16198
19397,16199
20144,16200
18331,16201
12040,16202
6598,16203
700,16204
16925,16205
4776,16206
10870,16207
12349,16208
13559,16209
19530,16210
3055,16211
1522,16212
8430,16213
6466,16214
1094,16215
11137,16216
11733,16217
12984,16218
14193,16219
17161,16220
20190,16221
9176,16222
10915,16223
16312,16224
18806,16225
3544,16226
7034,16227
7315,16228
8438,16229
14691,16230
15322,16231
17737,16232
6020,16233
7892,16234
17266,16235
17572,16236
12936,16237
11113,16238
11717,16239
5400,16240
8961,16241
19602,16242
9578,16243
17215,16244
2714,16245
7504,16246
4390,16247
3913,16248
17207,16249
15923,16250
10218,16251
2866,16252
15634,16253
8717,16254
8544,16255
9204,16256
3016,16257
9598,16258
16014,16259
9777,16260
12614,16261
18197,16262
19774,16263
5657,16264
8254,16265
11456,16266
11484,16267
10180,16268
15216,16269
2233,16270
5928,16271
11908,16272
18086,16273
7322,16274
11459,16275
14571,16276
17805,16277
2117,16278
13386,16279
6905,16280
13877,16281
6761,16282
14218,16283
17111,16284
1190,16285
16754,16286
5192,16287
16197,16288
11909,16289
15532,16290
10206,16291
18555,16292
15388,16293
14473,16294
10596,16295
20206,16296
6539,16297
18651,16298
5220,16299
5810,16300
10242,16301
2388,16302
19959,16303
4476,16304
18887,16305
17122,16306
10194,16307
12487,16308
14461,16309
18849,16310
13722,16311
16132,16312
13137,16313
17900,16314
16721,16315
14907,16316
14317,16317
12327,16318
17179,16319
4218,16320
15645,16321
693,16322
11406,16323
8723,16324
5581,16325
13305,16326
14618,16327
14210,16328
14567,16329
19468,16330
836,16331
18117,16332
6499,16333
7416,16334
11883,16335
18045,16336
11116,16337
7528,16338
9412,16339
8732,16340
18929,16341
19528,16342
6105,16343
19018,16344
9098,16345
9064,16346
12690,16347
14499,16348
15688,16349
18002,16350
4551,16351
8312,16352
2500,16353
1993,16354
15949,16355
2858,16356
9045,16357
5162,16358
2600,16359
20300,16360
10093,16361
7015,16362
6854,16363
9428,16364
9012,16365
13807,16366
5891,16367
13538,16368
10626,16369
18889,16370
4637,16371
7580,16372
19591,16373
20189,16374
17753,16375
7983,16376
10826,16377
16688,16378
14443,16379
12176,16380
18724,16381
7408,16382
6968,16383
12420,16384
8454,16385
6065,16386
6689,16387
7938,16388
12603,16389
2865,16390
12286,16391
11947,16392
13731,16393
13154,16394
7264,16395
9192,16396
13730,16397
10891,16398
13412,16399
17594,16400
18689,16401
5298,16402
5832,16403
18237,16404
12069,16405
4261,16406
19477,16407
4800,16408
12962,16409
14754,16410
20151,16411
2983,16412
5989,16413
6610,16414
16988,16415
5405,16416
15780,16417
16206,16418
14436,16419
3814,16420
2003,16421
6038,16422
902,16423
16377,16424
12249,16425
2381,16426
10445,16427
5931,16428
9276,16429
5677,16430
13842,16431
14625,16432
18077,16433
15651,16434
13186,16435
9750,16436
10215,16437
19768,16438
17130,16439
17772,16440
20050,16441
3036,16442
2075,16443
10951,16444
14678,16445
15157,16446
12355,16447
14161,16448
14803,16449
15341,16450
15344,16451
17732,16452
2991,16453
10947,16454
4254,16455
5803,16456
18585,16457
13984,16458
4808,16459
13697,16460
4597,16461
11628,16462
14333,16463
10201,16464
1847,16465
19601,16466
12670,16467
3322,16468
17391,16469
4031,16470
19362,16471
10936,16472
20202,16473
2234,16474
16531,16475
11862,16476
16444,16477
18947,16478
4214,16479
3432,16480
14743,16481
2414,16482
4294,16483
19616,16484
7372,16485
9451,16486
6965,16487
5981,16488
4660,16489
17425,16490
3412,16491
14847,16492
18343,16493
12939,16494
17454,16495
18208,16496
20233,16497
7816,16498
8749,16499
16730,16500
2507,16501
16614,16502
2079,16503
9140,16504
8107,16505
1250,16506
14391,16507
10112,16508
12624,16509
9900,16510
4363,16511
10317,16512
14426,16513
16977,16514
4986,16515
12692,16516
12969,16517
9676,16518
5894,16519
14136,16520
12416,16521
6994,16522
17972,16523
16443,16524
7472,16525
1378,16526
17472,16527
3746,16528
13465,16529
11644,16530
12758,16531
3256,16532
12776,16533
3757,16534
15276,16535
2441,16536
10170,16537
13547,16538
16998,16539
9872,16540
13864,16541
2019,16542
3243,16543
9774,16544
16033,16545
2063,16546
942,16547
5240,16548
2116,16549
3684,16550
4956,16551
13755,16552
8478,16553
19223,16554
18024,16555
5147,16556
18626,16557
5586,16558
1970,16559
18546,16560
11416,16561
17879,16562
19441,16563
8964,16564
14067,16565
20308,16566
19676,16567
19513,16568
20060,16569
9946,16570
6265,16571
15376,16572
2595,16573
15556,16574
15561,16575
6465,16576
4623,16577
17415,16578
13760,16579
835,16580
10082,16581
6527,16582
19328,16583
11961,16584
7070,16585
20004,16586
19408,16587
5714,16588
1382,16589
4722,16590
10143,16591
2891,16592
10154,16593
6591,16594
12021,16595
8456,16596
12658,16597
1976,16598
14998,16599
17920,16600
4770,16601
12835,16602
11017,16603
3512,16604
4116,16605
2931,16606
2940,16607
2947,16608
12045,16609
2975,16610
6663,16611
13940,16612
12130,16613
10289,16614
15851,16615
12168,16616
3076,16617
6766,16618
7806,16619
13431,16620
14028,16621
16814,16622
716,16623
3091,16624
10360,16625
8662,16626
3157,16627
5001,16628
8693,16629
17792,16630
5010,16631
19687,16632
8765,16633
8766,16634
19722,16635
19732,16636
6949,16637
19737,16638
19742,16639
10533,16640
10560,16641
12423,16642
5181,16643
7048,16644
19841,16645
16155,16646
5236,16647
18034,16648
14355,16649
10677,16650
3429,16651
8970,16652
1807,16653
3462,16654
5307,16655
10747,16656
19966,16657
7185,16658
1265,16659
12655,16660
909,16661
14518,16662
9119,16663
18225,16664
20071,16665
20078,16666
10882,16667
14575,16668
3633,16669
20109,16670
16424,16671
9210,16672
16484,16673
5585,16674
3759,16675
18461,16676
20307,16677
16632,16678
20337,16679
20342,16680
11143,16681
7591,16682
3906,16683
2066,16684
16702,16685
13021,16686
3926,16687
7621,16688
16731,16689
16738,16690
3955,16691
7644,16692
7656,16693
11273,16694
9551,16695
14966,16696
5874,16697
13134,16698
9569,16699
11358,16700
11367,16701
7802,16702
4119,16703
11379,16704
11385,16705
15081,16706
18785,16707
18791,16708
7856,16709
4169,16710
18809,16711
2338,16712
2343,16713
6032,16714
11457,16715
9783,16716
18883,16717
9785,16718
17066,16719
17070,16720
17080,16721
18937,16722
18949,16723
8007,16724
2488,16725
1712,16726
2492,16727
13463,16728
19000,16729
6217,16730
8064,16731
13508,16732
811,16733
15371,16734
6283,16735
15389,16736
19081,16737
11710,16738
13572,16739
11734,16740
4492,16741
6335,16742
19122,16743
819,16744
6349,16745
17291,16746
11761,16747
4508,16748
11764,16749
4515,16750
11785,16751
6377,16752
17320,16753
17321,16754
2703,16755
11802,16756
4548,16757
2715,16758
6420,16759
5223,16760
5691,16761
2454,16762
13285,16763
9078,16764
4582,16765
9958,16766
12858,16767
13091,16768
19910,16769
6849,16770
7793,16771
8413,16772
1036,16773
4657,16774
19168,16775
11522,16776
5521,16777
17610,16778
10239,16779
1641,16780
2100,16781
7388,16782
11316,16783
12873,16784
1296,16785
2555,16786
3378,16787
19412,16788
7184,16789
8479,16790
8917,16791
752,16792
1656,16793
5924,16794
9934,16795
19546,16796
1275,16797
9429,16798
11125,16799
10011,16800
3573,16801
18727,16802
8576,16803
13016,16804
17184,16805
20196,16806
7067,16807
2377,16808
1100,16809
9797,16810
6879,16811
5723,16812
4484,16813
14560,16814
15257,16815
14667,16816
13813,16817
8799,16818
4066,16819
16224,16820
8748,16821
10990,16822
1544,16823
15083,16824
4345,16825
15681,16826
16518,16827
16530,16828
3041,16829
18591,16830
19494,16831
13652,16832
1489,16833
3435,16834
4683,16835
4985,16836
10051,16837
14787,16838
16009,16839
18013,16840
19594,16841
16716,16842
3869,16843
11747,16844
777,16845
4121,16846
14973,16847
7973,16848
18348,16849
18210,16850
7171,16851
14476,16852
1529,16853
19384,16854
10410,16855
13550,16856
1737,16857
2033,16858
6533,16859
1620,16860
11696,16861
16481,16862
14905,16863
13720,16864
1095,16865
1468,16866
6794,16867
17014,16868
8692,16869
1610,16870
17208,16871
10759,16872
11303,16873
15494,16874
17552,16875
20214,16876
16143,16877
17152,16878
19545,16879
15687,16880
15524,16881
12418,16882
12875,16883
3630,16884
10199,16885
3601,16886
10099,16887
16557,16888
16743,16889
1326,16890
11971,16891
15541,16892
9362,16893
18840,16894
19416,16895
4474,16896
7284,16897
1845,16898
2030,16899
7057,16900
14416,16901
3089,16902
7123,16903
11435,16904
14459,16905
17995,16906
19388,16907
1162,16908
3694,16909
11729,16910
10301,16911
3707,16912
2093,16913
18127,16914
12535,16915
13140,16916
11931,16917
2979,16918
2616,16919
4607,16920
4894,16921
11952,16922
2631,16923
6253,16924
4341,16925
19054,16926
6995,16927
15659,16928
14079,16929
17281,16930
985,16931
1501,16932
7333,16933
5410,16934
11718,16935
14196,16936
4747,16937
15321,16938
19311,16939
17623,16940
15863,16941
8938,16942
2677,16943
19735,16944
5146,16945
5914,16946
5985,16947
8971,16948
5778,16949
19100,16950
959,16951
18239,16952
11033,16953
8453,16954
4882,16955
19856,16956
7686,16957
19386,16958
3028,16959
2130,16960
6486,16961
17554,16962
5972,16963
12174,16964
12782,16965
8249,16966
10203,16967
3674,16968
15929,16969
20012,16970
5356,16971
15547,16972
6168,16973
12190,16974
3428,16975
7464,16976
18434,16977
1048,16978
5616,16979
16414,16980
7476,16981
8247,16982
16133,16983
18219,16984
5835,16985
7402,16986
16230,16987
12413,16988
3309,16989
8199,16990
11889,16991
5246,16992
13424,16993
14021,16994
11980,16995
19297,16996
11562,16997
4761,16998
16475,16999
15932,17000
17598,17001
4052,17002
8846,17003
10968,17004
3517,17005
1350,17006
2159,17007
10796,17008
18532,17009
17916,17010
16627,17011
5348,17012
15915,17013
7664,17014
12358,17015
1594,17016
11095,17017
6333,17018
1332,17019
16300,17020
6113,17021
19377,17022
16329,17023
15742,17024
9116,17025
15071,17026
14792,17027
2602,17028
19984,17029
13946,17030
10327,17031
11228,17032
5199,17033
19506,17034
12764,17035
13525,17036
16273,17037
728,17038
11112,17039
11716,17040
11970,17041
4270,17042
2713,17043
7496,17044
8804,17045
6966,17046
16241,17047
6919,17048
5966,17049
14670,17050
15260,17051
12175,17052
14145,17053
11077,17054
18023,17055
5915,17056
9625,17057
7437,17058
7811,17059
11400,17060
15912,17061
13481,17062
11989,17063
1182,17064
1523,17065
8913,17066
10887,17067
10894,17068
4852,17069
2765,17070
16970,17071
14606,17072
17532,17073
5504,17074
15730,17075
11786,17076
2092,17077
16537,17078
17926,17079
16161,17080
4197,17081
10757,17082
1355,17083
3192,17084
18339,17085
17095,17086
19480,17087
18891,17088
19479,17089
17404,17090
10160,17091
17580,17092
6734,17093
6744,17094
17869,17095
1791,17096
17925,17097
7687,17098
7058,17099
12073,17100
8233,17101
920,17102
7111,17103
7230,17104
7279,17105
7374,17106
18390,17107
18405,17108
11092,17109
7594,17110
7766,17111
18836,17112
18892,17113
11596,17114
808,17115
11699,17116
8134,17117
11721,17118
11726,17119
19128,17120
8347,17121
8350,17122
12048,17123
8605,17124
8649,17125
12269,17126
12274,17127
19690,17128
8787,17129
19760,17130
8900,17131
8946,17132
20028,17133
20178,17134
20195,17135
12897,17136
933,17137
9353,17138
12935,17139
20309,17140
9427,17141
9432,17142
13084,17143
2146,17144
13224,17145
2283,17146
2495,17147
9974,17148
2736,17149
2845,17150
2874,17151
13815,17152
13834,17153
13979,17154
3098,17155
14065,17156
3191,17157
3208,17158
3266,17159
14408,17160
3549,17161
3690,17162
14639,17163
14671,17164
3741,17165
3980,17166
15034,17167
15070,17168
4340,17169
4539,17170
4917,17171
4937,17172
15911,17173
15927,17174
5020,17175
5282,17176
5306,17177
16621,17178
16803,17179
17002,17180
17120,17181
6239,17182
17214,17183
17339,17184
6417,17185
3857,17186
2437,17187
3933,17188
8098,17189
7365,17190
16551,17191
20120,17192
17117,17193
12112,17194
6805,17195
14006,17196
20056,17197
8002,17198
17929,17199
13612,17200
8822,17201
17691,17202
15045,17203
1399,17204
18038,17205
13630,17206
3558,17207
17986,17208
15218,17209
8170,17210
889,17211
5528,17212
11663,17213
6992,17214
19540,17215
14429,17216
8053,17217
13883,17218
15512,17219
17342,17220
14038,17221
12225,17222
1447,17223
16212,17224
11108,17225
11672,17226
9038,17227
11493,17228
12963,17229
17428,17230
16775,17231
9093,17232
16591,17233
18945,17234
2780,17235
4032,17236
15640,17237
14074,17238
6114,17239
17631,17240
1796,17241
14614,17242
4730,17243
15173,17244
6543,17245
1971,17246
13380,17247
1230,17248
14658,17249
10800,17250
3902,17251
11541,17252
6087,17253
17653,17254
12557,17255
2830,17256
14077,17257
3992,17258
13239,17259
10700,17260
7577,17261
15612,17262
1823,17263
17407,17264
3850,17265
8256,17266
7059,17267
18083,17268
16225,17269
9506,17270
17511,17271
20199,17272
8164,17273
13885,17274
2811,17275
6864,17276
16616,17277
7741,17278
17695,17279
15244,17280
9037,17281
3073,17282
5684,17283
7468,17284
15430,17285
6068,17286
6692,17287
20075,17288
6472,17289
7607,17290
14696,17291
1542,17292
5596,17293
14141,17294
15935,17295
10781,17296
1459,17297
5364,17298
9516,17299
10437,17300
13479,17301
1618,17302
6297,17303
6983,17304
1165,17305
2889,17306
19083,17307
6271,17308
13229,17309
10214,17310
5399,17311
18102,17312
14133,17313
18478,17314
11397,17315
6483,17316
13698,17317
17463,17318
5372,17319
7354,17320
8008,17321
13082,17322
18469,17323
9709,17324
10379,17325
10257,17326
2662,17327
1492,17328
15165,17329
13456,17330
14053,17331
16219,17332
10159,17333
8759,17334
4163,17335
4522,17336
5329,17337
6373,17338
6219,17339
1866,17340
8334,17341
4919,17342
16956,17343
4248,17344
7609,17345
17105,17346
10336,17347
1636,17348
6477,17349
9115,17350
13887,17351
8954,17352
15219,17353
8704,17354
17671,17355
3131,17356
16070,17357
6781,17358
5062,17359
7470,17360
753,17361
10557,17362
17077,17363
1105,17364
11032,17365
9174,17366
2176,17367
14057,17368
6650,17369
5855,17370
19173,17371
13988,17372
15817,17373
16426,17374
3571,17375
5319,17376
9003,17377
4055,17378
2503,17379
19559,17380
11495,17381
16924,17382
18881,17383
10981,17384
15286,17385
6356,17386
2490,17387
4959,17388
18440,17389
2328,17390
7341,17391
19199,17392
20137,17393
1169,17394
6141,17395
11503,17396
10949,17397
17820,17398
19896,17399
13535,17400
2989,17401
11589,17402
18312,17403
18913,17404
12215,17405
5906,17406
6439,17407
6133,17408
18353,17409
4400,17410
11638,17411
8736,17412
9422,17413
3551,17414
10236,17415
8668,17416
8100,17417
4330,17418
8997,17419
1792,17420
17622,17421
18133,17422
19164,17423
18872,17424
8337,17425
1001,17426
4647,17427
8452,17428
8011,17429
13852,17430
5600,17431
11378,17432
15176,17433
18971,17434
6243,17435
4893,17436
9425,17437
10941,17438
16350,17439
3333,17440
7156,17441
3923,17442
927,17443
963,17444
16851,17445
8277,17446
11389,17447
4735,17448
8495,17449
20025,17450
15885,17451
11437,17452
697,17453
5244,17454
15829,17455
1264,17456
17343,17457
6396,17458
10307,17459
14742,17460
11960,17461
8925,17462
3126,17463
13325,17464
4925,17465
19169,17466
1747,17467
2559,17468
8446,17469
7392,17470
9392,17471
10707,17472
2720,17473
11553,17474
1084,17475
12657,17476
15040,17477
6633,17478
6467,17479
20030,17480
19434,17481
2078,17482
16799,17483
18271,17484
2258,17485
15572,17486
19073,17487
5130,17488
15515,17489
5176,17490
2946,17491
5620,17492
5546,17493
14039,17494
16774,17495
8432,17496
18733,17497
7703,17498
2473,17499
16282,17500
13929,17501
4531,17502
2024,17503
5876,17504
12160,17505
15765,17506
19875,17507
3795,17508
2183,17509
18028,17510
17831,17511
6868,17512
2593,17513
10679,17514
6973,17515
19007,17516
4989,17517
1411,17518
8493,17519
10494,17520
18269,17521
15233,17522
1900,17523
10346,17524
3986,17525
13804,17526
2781,17527
3128,17528
4727,17529
15200,17530
13419,17531
17413,17532
9553,17533
15408,17534
1800,17535
8833,17536
14490,17537
6385,17538
8314,17539
8948,17540
7195,17541
6376,17542
8729,17543
6189,17544
8225,17545
10476,17546
20230,17547
2611,17548
15357,17549
15965,17550
896,17551
20066,17552
2893,17553
9004,17554
16581,17555
19489,17556
15647,17557
8739,17558
4945,17559
16534,17560
4954,17561
7769,17562
16811,17563
2728,17564
18506,17565
7794,17566
8378,17567
17523,17568
19280,17569
3140,17570
18688,17571
19572,17572
4981,17573
5265,17574
15008,17575
5075,17576
19599,17577
1904,17578
2000,17579
4229,17580
5704,17581
17390,17582
12671,17583
8084,17584
5807,17585
6416,17586
8598,17587
5008,17588
12210,17589
15839,17590
18736,17591
19588,17592
9027,17593
9678,17594
11963,17595
7424,17596
11875,17597
13696,17598
1109,17599
19310,17600
3093,17601
12281,17602
15131,17603
3718,17604
12628,17605
16771,17606
13111,17607
19465,17608
11068,17609
14798,17610
17200,17611
1790,17612
18880,17613
3975,17614
14965,17615
15555,17616
804,17617
16527,17618
19680,17619
19791,17620
7435,17621
9264,17622
12699,17623
2467,17624
9576,17625
8839,17626
1196,17627
19503,17628
6148,17629
9056,17630
13900,17631
8246,17632
8009,17633
19782,17634
6657,17635
10583,17636
15781,17637
15597,17638
3374,17639
9100,17640
13524,17641
8417,17642
17156,17643
12020,17644
8240,17645
3392,17646
16781,17647
11001,17648
2272,17649
11826,17650
946,17651
12244,17652
12923,17653
3162,17654
15521,17655
18952,17656
13752,17657
20116,17658
1102,17659
2729,17660
14365,17661
12889,17662
16969,17663
12005,17664
16183,17665
15979,17666
9182,17667
13253,17668
7276,17669
7904,17670
13901,17671
15169,17672
18007,17673
17167,17674
18956,17675
10293,17676
4944,17677
4701,17678
10581,17679
11478,17680
19818,17681
9324,17682
9611,17683
6157,17684
14717,17685
19071,17686
8027,17687
8111,17688
1768,17689
10478,17690
1754,17691
14455,17692
3077,17693
6967,17694
10249,17695
3909,17696
6347,17697
11278,17698
5971,17699
15617,17700
10829,17701
7335,17702
5462,17703
4861,17704
18986,17705
5753,17706
10554,17707
15332,17708
9887,17709
18249,17710
15315,17711
2843,17712
5182,17713
9244,17714
12322,17715
4181,17716
6550,17717
19736,17718
11706,17719
15828,17720
18765,17721
886,17722
13753,17723
12171,17724
19995,17725
8996,17726
18523,17727
17500,17728
13291,17729
1061,17730
7448,17731
12602,17732
17329,17733
16566,17734
15882,17735
9455,17736
14382,17737
13787,17738
13227,17739
10281,17740
10028,17741
8101,17742
3129,17743
8720,17744
6962,17745
15370,17746
6048,17747
15575,17748
13131,17749
1018,17750
19378,17751
6270,17752
4947,17753
17967,17754
11151,17755
18346,17756
4802,17757
10906,17758
4297,17759
12224,17760
10942,17761
8001,17762
16280,17763
19781,17764
11432,17765
17121,17766
20086,17767
1554,17768
15761,17769
12930,17770
4784,17771
7176,17772
12846,17773
15694,17774
1671,17775
18648,17776
8331,17777
965,17778
14722,17779
16416,17780
18165,17781
16914,17782
14071,17783
14705,17784
17615,17785
2850,17786
7114,17787
7740,17788
11563,17789
11044,17790
8333,17791
11085,17792
1532,17793
15720,17794
18827,17795
4713,17796
15741,17797
3904,17798
14738,17799
8078,17800
15793,17801
16740,17802
10123,17803
1503,17804
7021,17805
1898,17806
10722,17807
8959,17808
10872,17809
10715,17810
2596,17811
20226,17812
6850,17813
5406,17814
3326,17815
4201,17816
11595,17817
13177,17818
4343,17819
17535,17820
19431,17821
13192,17822
11382,17823
19809,17824
3307,17825
2875,17826
19227,17827
3250,17828
6268,17829
7252,17830
16050,17831
14745,17832
15333,17833
17583,17834
19823,17835
1035,17836
19248,17837
2770,17838
1600,17839
7855,17840
13498,17841
10241,17842
3536,17843
14445,17844
20037,17845
4642,17846
3731,17847
18290,17848
5917,17849
2132,17850
4969,17851
14421,17852
1224,17853
12620,17854
7477,17855
5801,17856
9295,17857
11163,17858
14802,17859
16099,17860
15032,17861
19799,17862
10429,17863
5881,17864
10833,17865
5649,17866
13770,17867
1581,17868
18535,17869
4979,17870
3586,17871
19887,17872
13369,17873
8607,17874
8496,17875
6352,17876
17524,17877
2207,17878
13642,17879
13119,17880
16999,17881
11011,17882
19963,17883
7225,17884
15278,17885
13840,17886
2070,17887
2594,17888
4516,17889
4036,17890
4336,17891
15673,17892
6544,17893
9587,17894
13826,17895
4940,17896
12608,17897
13820,17898
2342,17899
16654,17900
7925,17901
17744,17902
4407,17903
8305,17904
9923,17905
16379,17906
19315,17907
4378,17908
15945,17909
19292,17910
13968,17911
9158,17912
1400,17913
5269,17914
11617,17915
19366,17916
799,17917
14267,17918
3437,17919
6932,17920
13066,17921
17609,17922
18600,17923
19483,17924
7293,17925
18273,17926
16849,17927
19224,17928
6383,17929
841,17930
5124,17931
12135,17932
12140,17933
13410,17934
14137,17935
18079,17936
6458,17937
6505,17938
9151,17939
14546,17940
17692,17941
17424,17942
20172,17943
916,17944
12515,17945
4302,17946
6063,17947
12851,17948
15669,17949
12649,17950
12679,17951
4670,17952
3320,17953
17760,17954
4554,17955
7478,17956
16830,17957
6314,17958
17323,17959
1659,17960
2293,17961
19135,17962
16423,17963
17011,17964
10932,17965
12752,17966
5845,17967
19795,17968
7449,17969
3032,17970
14405,17971
10614,17972
5672,17973
12562,17974
14362,17975
12559,17976
14359,17977
2058,17978
1439,17979
14990,17980
9627,17981
11236,17982
19508,17983
20104,17984
12079,17985
10291,17986
13223,17987
19218,17988
1330,17989
3905,17990
6985,17991
7729,17992
7482,17993
7753,17994
8429,17995
13413,17996
13444,17997
16986,17998
17548,17999
17597,18000
3577,18001
5308,18002
9164,18003
9706,18004
14033,18005
15116,18006
16349,18007
19304,18008
2170,18009
5252,18010
5871,18011
9725,18012
1059,18013
10927,18014
14684,18015
15227,18016
16295,18017
4088,18018
4588,18019
6514,18020
16497,18021
7193,18022
7351,18023
13222,18024
18370,18025
9437,18026
1788,18027
9398,18028
14687,18029
17019,18030
1171,18031
4092,18032
4566,18033
7654,18034
7395,18035
16982,18036
17352,18037
16170,18038
13609,18039
11519,18040
15148,18041
14557,18042
900,18043
2803,18044
3915,18045
10198,18046
12470,18047
16106,18048
4062,18049
3459,18050
18655,18051
18663,18052
18772,18053
7706,18054
9764,18055
9767,18056
13624,18057
12665,18058
15725,18059
6923,18060
18780,18061
15619,18062
17739,18063
19527,18064
11386,18065
12381,18066
19308,18067
11704,18068
2279,18069
7789,18070
9131,18071
19577,18072
16764,18073
15691,18074
7186,18075
14570,18076
16430,18077
16846,18078
6435,18079
8346,18080
9626,18081
9808,18082
5143,18083
16815,18084
13317,18085
1488,18086
16836,18087
4560,18088
13195,18089
1160,18090
15241,18091
19813,18092
2697,18093
13567,18094
12802,18095
15225,18096
18756,18097
13417,18098
2957,18099
3503,18100
8502,18101
6454,18102
8620,18103
9281,18104
10548,18105
13330,18106
11565,18107
19899,18108
2805,18109
3446,18110
6497,18111
10395,18112
1149,18113
19858,18114
6560,18115
14636,18116
15708,18117
2245,18118
5888,18119
6300,18120
6804,18121
16164,18122
12267,18123
17148,18124
18305,18125
14187,18126
1520,18127
18064,18128
18172,18129
9097,18130
14447,18131
1988,18132
17091,18133
17585,18134
19379,18135
12578,18136
7045,18137
7288,18138
15522,18139
9731,18140
14630,18141
1640,18142
12509,18143
4555,18144
16278,18145
9144,18146
3554,18147
2799,18148
2521,18149
16356,18150
15769,18151
9589,18152
2027,18153
19989,18154
9025,18155
9289,18156
3454,18157
7446,18158
2407,18159
3053,18160
5610,18161
9956,18162
2877,18163
18226,18164
6731,18165
11307,18166
13462,18167
10468,18168
14068,18169
14464,18170
1480,18171
882,18172
11667,18173
12043,18174
5224,18175
7783,18176
11520,18177
15448,18178
7808,18179
8253,18180
8480,18181
11601,18182
10995,18183
18799,18184
19399,18185
7590,18186
687,18187
10586,18188
8791,18189
18635,18190
1706,18191
7001,18192
18095,18193
3414,18194
8590,18195
13209,18196
9688,18197
4049,18198
7596,18199
5042,18200
15325,18201
9913,18202
15649,18203
15628,18204
9721,18205
7674,18206
10994,18207
16466,18208
1691,18209
9065,18210
14035,18211
1005,18212
19522,18213
20118,18214
15485,18215
15046,18216
12645,18217
17644,18218
2164,18219
10869,18220
2902,18221
4239,18222
9689,18223
9612,18224
4056,18225
3034,18226
7954,18227
1136,18228
8023,18229
6695,18230
2242,18231
5163,18232
9009,18233
14165,18234
20105,18235
14059,18236
5333,18237
13470,18238
4451,18239
10606,18240
1519,18241
11062,18242
8824,18243
4624,18244
7152,18245
10916,18246
16582,18247
8472,18248
7561,18249
10477,18250
17538,18251
2962,18252
5188,18253
15068,18254
13298,18255
18695,18256
12126,18257
13315,18258
6368,18259
7016,18260
850,18261
10864,18262
1469,18263
4553,18264
9024,18265
4654,18266
1054,18267
19131,18268
19157,18269
10391,18270
16825,18271
11600,18272
4154,18273
2324,18274
12652,18275
8264,18276
5456,18277
4855,18278
11286,18279
17709,18280
8270,18281
10273,18282
8914,18283
12334,18284
9583,18285
5538,18286
8921,18287
16864,18288
12266,18289
12279,18290
7038,18291
19898,18292
1776,18293
895,18294
5208,18295
7929,18296
18538,18297
6982,18298
6360,18299
19317,18300
10733,18301
2691,18302
15049,18303
915,18304
17989,18305
2076,18306
18866,18307
18710,18308
1406,18309
10592,18310
17586,18311
2927,18312
16179,18313
17050,18314
10697,18315
13219,18316
9026,18317
2413,18318
2801,18319
8788,18320
3453,18321
8654,18322
6788,18323
7698,18324
16808,18325
3304,18326
5945,18327
13523,18328
2920,18329
3500,18330
2638,18331
6549,18332
9008,18333
18801,18334
18941,18335
6051,18336
3268,18337
11948,18338
19141,18339
5119,18340
19175,18341
14509,18342
15293,18343
3400,18344
4009,18345
2043,18346
16820,18347
10064,18348
4446,18349
10252,18350
788,18351
18110,18352
944,18353
17934,18354
13448,18355
3532,18356
19298,18357
14523,18358
10508,18359
14580,18360
15724,18361
16949,18362
2291,18363
7533,18364
5338,18365
17069,18366
12253,18367
19656,18368
3391,18369
7175,18370
7055,18371
12257,18372
7092,18373
18445,18374
4196,18375
2419,18376
11657,18377
3325,18378
2161,18379
11665,18380
3720,18381
5553,18382
6795,18383
14442,18384
10374,18385
8376,18386
7603,18387
3269,18388
17816,18389
18634,18390
19232,18391
5402,18392
16805,18393
11446,18394
15835,18395
2292,18396
17455,18397
16870,18398
17981,18399
10179,18400
8486,18401
13359,18402
5848,18403
10396,18404
10251,18405
16207,18406
5852,18407
11052,18408
2232,18409
6503,18410
6526,18411
2867,18412
13837,18413
17625,18414
13959,18415
10274,18416
17654,18417
17658,18418
4953,18419
17775,18420
10483,18421
3346,18422
7127,18423
5360,18424
14635,18425
20245,18426
11051,18427
13007,18428
16749,18429
18641,18430
7721,18431
11295,18432
4100,18433
11448,18434
11466,18435
17013,18436
13361,18437
9827,18438
11658,18439
11779,18440
11642,18441
12450,18442
10263,18443
8508,18444
17040,18445
18874,18446
15053,18447
1410,18448
3315,18449
15898,18450
10771,18451
6671,18452
16945,18453
816,18454
19575,18455
2074,18456
13785,18457
7116,18458
19778,18459
18931,18460
8894,18461
13487,18462
13961,18463
10497,18464
3920,18465
13151,18466
14163,18467
16604,18468
17183,18469
6975,18470
5763,18471
19718,18472
5671,18473
1283,18474
15948,18475
16359,18476
2674,18477
11932,18478
1390,18479
6487,18480
14318,18481
14387,18482
17484,18483
12881,18484
2977,18485
12440,18486
6025,18487
14258,18488
7560,18489
11409,18490
18301,18491
16364,18492
18826,18493
5017,18494
19267,18495
12284,18496
16935,18497
19646,18498
5982,18499
17633,18500
19190,18501
6609,18502
7982,18503
5184,18504
15386,18505
12324,18506
9616,18507
16595,18508
2104,18509
7097,18510
8507,18511
12013,18512
16750,18513
7174,18514
3119,18515
5087,18516
7587,18517
8341,18518
908,18519
2809,18520
10339,18521
16304,18522
15717,18523
3327,18524
4488,18525
15562,18526
6067,18527
8856,18528
15757,18529
19797,18530
2746,18531
17470,18532
4318,18533
13080,18534
18486,18535
1709,18536
18589,18537
13808,18538
6547,18539
1206,18540
10598,18541
7024,18542
19822,18543
18447,18544
2288,18545
4565,18546
5779,18547
17516,18548
12431,18549
12437,18550
4612,18551
16008,18552
8516,18553
1606,18554
19319,18555
19524,18556
19881,18557
4627,18558
7018,18559
4456,18560
15571,18561
3679,18562
18029,18563
12993,18564
2571,18565
3947,18566
8313,18567
9057,18568
10418,18569
12894,18570
15719,18571
4269,18572
4697,18573
5180,18574
14801,18575
20279,18576
14376,18577
20179,18578
18678,18579
6010,18580
12895,18581
1012,18582
3399,18583
3542,18584
6150,18585
15147,18586
8459,18587
16463,18588
2336,18589
19204,18590
9863,18591
16804,18592
6042,18593
12682,18594
9809,18595
9916,18596
10372,18597
2393,18598
7198,18599
2380,18600
11111,18601
11549,18602
16324,18603
16878,18604
17431,18605
19816,18606
4580,18607
11351,18608
4819,18609
11954,18610
18078,18611
7867,18612
12287,18613
5207,18614
17632,18615
10010,18616
9660,18617
8922,18618
5160,18619
12239,18620
5864,18621
18135,18622
3386,18623
3473,18624
8393,18625
14007,18626
14993,18627
897,18628
11487,18629
2200,18630
6572,18631
17621,18632
4103,18633
4606,18634
13544,18635
18861,18636
10393,18637
1517,18638
18842,18639
2960,18640
3447,18641
10054,18642
5708,18643
13780,18644
14740,18645
6327,18646
13122,18647
19770,18648
13264,18649
6164,18650
16298,18651
10878,18652
12686,18653
3942,18654
11691,18655
2458,18656
7647,18657
5743,18658
10046,18659
14576,18660
1968,18661
6437,18662
16520,18663
4578,18664
1063,18665
12932,18666
1577,18667
18255,18668
18709,18669
10405,18670
14578,18671
7081,18672
9113,18673
12747,18674
14025,18675
3419,18676
4886,18677
6429,18678
20256,18679
17990,18680
11173,18681
6667,18682
19415,18683
15874,18684
12219,18685
19764,18686
13476,18687
9126,18688
17686,18689
11715,18690
926,18691
18150,18692
11626,18693
12223,18694
5206,18695
18837,18696
3989,18697
11049,18698
6586,18699
2929,18700
3976,18701
11008,18702
4853,18703
14508,18704
18138,18705
18605,18706
2231,18707
5371,18708
5781,18709
18302,18710
19905,18711
15791,18712
8949,18713
1653,18714
16767,18715
5745,18716
19911,18717
12826,18718
6898,18719
19838,18720
18569,18721
9577,18722
2247,18723
12232,18724
8394,18725
18236,18726
3387,18727
12869,18728
1025,18729
3373,18730
11614,18731
5331,18732
7763,18733
969,18734
7339,18735
18814,18736
15713,18737
4779,18738
4176,18739
6336,18740
738,18741
18070,18742
2289,18743
4604,18744
4585,18745
5804,18746
17927,18747
15766,18748
16378,18749
7110,18750
1189,18751
15855,18752
1629,18753
2834,18754
2082,18755
7102,18756
15075,18757
3329,18758
3927,18759
16239,18760
5923,18761
7143,18762
7132,18763
18213,18764
2265,18765
16428,18766
6510,18767
2151,18768
3979,18769
7690,18770
2202,18771
14488,18772
951,18773
18119,18774
994,18775
13289,18776
13850,18777
2655,18778
12236,18779
15827,18780
12068,18781
15842,18782
5884,18783
2785,18784
8250,18785
2906,18786
10231,18787
1586,18788
2815,18789
19176,18790
12843,18791
19771,18792
1426,18793
9166,18794
10987,18795
1810,18796
15637,18797
2180,18798
9510,18799
13263,18800
8504,18801
12049,18802
4911,18803
709,18804
13188,18805
7529,18806
14453,18807
7532,18808
6203,18809
2871,18810
11370,18811
12697,18812
4902,18813
3237,18814
1211,18815
10820,18816
12862,18817
3161,18818
10314,18819
1198,18820
9460,18821
3511,18822
16226,18823
3110,18824
7502,18825
2314,18826
7535,18827
5541,18828
9963,18829
3046,18830
9376,18831
11575,18832
4700,18833
8476,18834
9086,18835
601,18836
600,18837
597,18838
637,18839
622,18840
1231,18841
9436,18842
12010,18843
16287,18844
5314,18845
5905,18846
7747,18847
16318,18848
17627,18849
19934,18850
7667,18851
9472,18852
3182,18853
7352,18854
6098,18855
19209,18856
8656,18857
8091,18858
537,18859
594,18860
484,18861
11114,18862
13404,18863
17113,18864
7069,18865
11481,18866
8146,18867
6260,18868
5633,18869
10052,18870
10141,18871
13976,18872
1113,18873
18882,18874
3599,18875
6852,18876
11200,18877
1951,18878
10812,18879
1950,18880
10811,18881
10601,18882
10142,18883
7119,18884
1310,18885
9440,18886
5037,18887
7662,18888
8513,18889
13546,18890
19363,18891
13357,18892
628,18893
367,18894
5632,18895
366,18896
1952,18897
1312,18898
11745,18899
403,18900
508,18901
1953,18902
528,18903
624,18904
643,18905
347,18906
676,18907
3825,18908
6531,18909
8657,18910
2563,18911
3221,18912
4965,18913
5820,18914
13827,18915
9471,18916
14431,18917
19472,18918
8573,18919
12271,18920
7234,18921
10467,18922
2974,18923
11009,18924
13420,18925
16873,18926
14389,18927
14144,18928
1714,18929
9899,18930
5027,18931
3823,18932
1956,18933
18234,18934
3220,18935
7518,18936
485,18937
12793,18938
3596,18939
13217,18940
15023,18941
8145,18942
5033,18943
1945,18944
2585,18945
7517,18946
6750,18947
426,18948
10999,18949
2461,18950
14978,18951
15782,18952
1309,18953
10808,18954
14753,18955
401,18956
15568,18957
7761,18958
2582,18959
2592,18960
3217,18961
18823,18962
19490,18963
18816,18964
4008,18965
5809,18966
5863,18967
646,18968
1679,18969
12023,18970
12789,18971
12857,18972
9381,18973
13790,18974
19827,18975
11929,18976
3830,18977
4563,18978
8148,18979
2589,18980
645,18981
19466,18982
15569,18983
15840,18984
2588,18985
8810,18986
6885,18987
3223,18988
632,18989
577,18990
576,18991
491,18992
530,18993
460,18994
558,18995
349,18996
524,18997
5029,18998
4430,18999
1955,19000
1317,19001
631,19002
1948,19003
1314,19004
3824,19005
6887,19006
17932,19007
5496,19008
13464,19009
8896,19010
7992,19011
548,19012
672,19013
583,19014
489,19015
387,19016
398,19017
3692,19018
8774,19019
11018,19020
4433,19021
4435,19022
8808,19023
14385,19024
568,19025
618,19026
529,19027
543,19028
409,19029
3136,19030
10079,19031
3826,19032
13802,19033
10041,19034
1229,19035
589,19036
473,19037
641,19038
399,19039
1288,19040
3779,19041
12547,19042
6262,19043
15674,19044
18547,19045
1859,19046
613,19047
415,19048
563,19049
596,19050
560,19051
593,19052
5316,19053
18025,19054
2949,19055
9930,19056
8491,19057
14512,19058
9875,19059
3809,19060
521,19061
507,19062
559,19063
487,19064
677,19065
8763,19066
11998,19067
9370,19068
4437,19069
1316,19070
4927,19071
5012,19072
456,19073
587,19074
461,19075
441,19076
606,19077
499,19078
359,19079
8234,19080
6230,19081
581,19082
580,19083
10056,19084
17954,19085
3024,19086
4912,19087
5630,19088
5636,19089
4436,19090
8149,19091
5599,19092
440,19093
437,19094
412,19095
8600,19096
11210,19097
8069,19098
8782,19099
4432,19100
3763,19101
3228,19102
439,19103
603,19104
13336,19105
3224,19106
12934,19107
3829,19108
420,19109
462,19110
561,19111
459,19112
1843,19113
5034,19114
4438,19115
471,19116
570,19117
557,19118
8696,19119
10768,19120
3682,19121
7499,19122
9288,19123
17939,19124
1812,19125
12181,19126
11026,19127
10473,19128
7131,19129
270,19130
269,19131
266,19132
303,19133
289,19134
3832,19135
5032,19136
1319,19137
10946,19138
12292,19139
18089,19140
374,19141
1273,19142
4900,19143
6723,19144
3781,19145
1841,19146
6212,19147
215,19148
263,19149
168,19150
13724,19151
13160,19152
6839,19153
414,19154
635,19155
682,19156
1248,19157
526,19158
13152,19159
11326,19160
6227,19161
20212,19162
363,19163
411,19164
506,19165
623,19166
2421,19167
425,19168
490,19169
4404,19170
346,19171
14319,19172
19960,19173
295,19174
59,19175
527,19176
58,19177
362,19178
542,19179
18463,19180
91,19181
189,19182
350,19183
206,19184
291,19185
309,19186
41,19187
333,19188
608,19189
10450,19190
9475,19191
3199,19192
486,19193
5635,19194
4793,19195
3226,19196
582,19197
647,19198
9189,19199
2344,19200
10413,19201
10451,19202
15700,19203
14313,19204
12556,19205
598,19206
564,19207
679,19208
17698,19209
428,19210
422,19211
169,19212
12555,19213
685,19214
438,19215
592,19216
572,19217
636,19218
655,19219
18543,19220
114,19221
7516,19222
19373,19223
609,19224
562,19225
16064,19226
89,19227
3597,19228
402,19229
380,19230
474,19231
3545,19232
8379,19233
4614,19234
5386,19235
19346,19236
312,19237
18278,19238
11418,19239
13396,19240
10564,19241
17525,19242
18215,19243
16370,19244
616,19245
18548,19246
678,19247
644,19248
311,19249
20081,19250
2208,19251
4038,19252
5219,19253
9022,19254
648,19255
348,19256
516,19257
364,19258
298,19259
248,19260
247,19261
175,19262
208,19263
144,19264
230,19265
43,19266
202,19267
605,19268
436,19269
386,19270
667,19271
297,19272
427,19273
472,19274
595,19275
352,19276
11888,19277
10591,19278
14061,19279
416,19280
7364,19281
224,19282
332,19283
253,19284
173,19285
75,19286
86,19287
2587,19288
5036,19289
665,19290
663,19291
607,19292
11035,19293
13521,19294
14003,19295
14090,19296
14641,19297
15834,19298
16992,19299
17026,19300
18696,19301
4106,19302
5948,19303
5955,19304
7759,19305
240,19306
285,19307
207,19308
219,19309
97,19310
5634,19311
2590,19312
571,19313
14397,19314
9378,19315
6234,19316
259,19317
157,19318
307,19319
87,19320
5631,19321
6886,19322
1047,19323
683,19324
3156,19325
8641,19326
1223,19327
281,19328
103,19329
235,19330
265,19331
232,19332
262,19333
14414,19334
1228,19335
18274,19336
9937,19337
5613,19338
201,19339
188,19340
231,19341
171,19342
334,19343
3831,19344
11605,19345
13406,19346
14693,19347
15232,19348
4187,19349
872,19350
960,19351
9646,19352
3100,19353
423,19354
541,19355
3755,19356
2448,19357
141,19358
257,19359
145,19360
128,19361
274,19362
182,19363
51,19364
515,19365
6855,19366
251,19367
250,19368
6888,19369
579,19370
17359,19371
488,19372
371,19373
630,19374
620,19375
3828,19376
127,19377
124,19378
100,19379
3222,19380
2519,19381
5035,19382
351,19383
8664,19384
370,19385
126,19386
271,19387
666,19388
604,19389
108,19390
146,19391
233,19392
143,19393
8811,19394
361,19395
397,19396
155,19397
241,19398
229,19399
4431,19400
4434,19401
2591,19402
3225,19403
10896,19404
16451,19405
18666,19406
5261,19407
12030,19408
9885,19409
11995,19410
7920,19411
7292,19412
360,19413
634,19414
400,19415
64,19416
2538,19417
12639,19418
9565,19419
4990,19420
1205,19421
6123,19422
7457,19423
102,19424
301,19425
339,19426
15020,19427
204,19428
8897,19429
15393,19430
55,19431
99,19432
187,19433
290,19434
8898,19435
113,19436
174,19437
1200,19438
40,19439
5404,19440
205,19441
54,19442
218,19443
12983,19444
2990,19445
44,19446
276,19447
20068,19448
680,19449
4401,19450
170,19451
372,19452
410,19453
252,19454
313,19455
13548,19456
4199,19457
7584,19458
2337,19459
14147,19460
19486,19461
267,19462
236,19463
336,19464
12638,19465
116,19466
110,19467
16523,19468
342,19469
125,19470
261,19471
243,19472
302,19473
319,19474
10074,19475
591,19476
277,19477
234,19478
15343,19479
19578,19480
6954,19481
90,19482
69,19483
158,19484
5697,19485
5015,19486
4198,19487
283,19488
19150,19489
335,19490
310,19491
19487,19492
17068,19493
314,19494
42,19495
196,19496
56,19497
273,19498
123,19499
74,19500
327,19501
115,19502
156,19503
264,19504
46,19505
8750,19506
18884,19507
104,19508
5698,19509
649,19510
381,19511
325,19512
323,19513
275,19514
15705,19515
16434,19516
19322,19517
3476,19518
7151,19519
17611,19520
16939,19521
14664,19522
17630,19523
10426,19524
681,19525
525,19526
242,19527
10233,19528
12031,19529
6859,19530
413,19531
625,19532
7837,19533
340,19534
9955,19535
15581,19536
8236,19537
9462,19538
8110,19539
10232,19540
9279,19541
8628,19542
664,19543
12891,19544
7710,19545
14119,19546
14100,19547
1558,19548
11053,19549
13450,19550
17057,19551
4002,19552
11700,19553
12201,19554
18120,19555
2329,19556
10333,19557
9761,19558
5812,19559
6784,19560
111,19561
217,19562
5562,19563
4368,19564
195,19565
3082,19566
684,19567
249,19568
16782,19569
172,19570
61,19571
296,19572
287,19573
373,19574
633,19575
3155,19576
642,19577
45,19578
7492,19579
60,19580
326,19581
272,19582
615,19583
53,19584
85,19585
650,19586
540,19587
424,19588
621,19589
10344,19590
17045,19591
5345,19592
865,19593
1683,19594
7125,19595
4662,19596
533,19597
545,19598
551,19599
566,19600
575,19601
612,19602
651,19603
657,19604
669,19605
18643,19606
13418,19607
52,19608
300,19609
88,19610
10020,19611
588,19612
547,19613
10125,19614
7968,19615
10073,19616
6834,19617
14428,19618
640,19619
12564,19620
535,19621
3103,19622
14285,19623
12503,19624
337,19625
6824,19626
62,19627
98,19628
393,19629
18878,19630
638,19631
10743,19632
260,19633
13690,19634
15463,19635
406,19636
354,19637
5614,19638
6822,19639
18284,19640
19149,19641
17108,19642
503,19643
315,19644
70,19645
18279,19646
2969,19647
338,19648
203,19649
619,19650
553,19651
6151,19652
101,19653
292,19654
10732,19655
9944,19656
567,19657
9559,19658
8771,19659
432,19660
12610,19661
9920,19662
324,19663
17116,19664
16526,19665
1074,19666
15940,19667
3107,19668
9320,19669
2511,19670
4371,19671
341,19672
16195,19673
63,19674
299,19675
9959,19676
308,19677
6865,19678
282,19679
316,19680
216,19681
112,19682
288,19683
16536,19684
1707,19685
211,19686
221,19687
225,19688
238,19689
246,19690
280,19691
317,19692
321,19693
329,19694
18043,19695
15199,19696
10689,19697
258,19698
223,19699
10794,19700
8602,19701
1907,19702
10009,19703
1858,19704
306,19705
1052,19706
213,19707
2468,19708
12973,19709
6199,19710
81,19711
9564,19712
304,19713
10574,19714
17741,19715
94,19716
48,19717
5513,19718
1254,19719
18885,19720
8686,19721
6322,19722
186,19723
20074,19724
286,19725
227,19726
8005,19727
1232,19728
5558,19729
239,19730
10283,19731
6249,19732
120,19733
9925,19734
5604,19735
17701,19736
17696,19737
8040,19738
2517,19739
7403,19740
4351,19741
12017,19742
13818,19743
10734,19744
12937,19745
7349,19746
7977,19747
10806,19748
8121,19749
2581,19750
14430,19751
6837,19752
1882,19753
19249,19754
8753,19755
8558,19756
6775,19757
377,19758
10756,19759
9218,19760
9914,19761
1890,19762
20083,19763
15022,19764
353,19765
7585,19766
7377,19767
7340,19768
3177,19769
8030,19770
6874,19771
3704,19772
5013,19773
6323,19774
13248,19775
9976,19776
3197,19777
4287,19778
19153,19779
4949,19780
7406,19781
8690,19782
6955,19783
10303,19784
585,19785
7479,19786
7422,19787
531,19788
9405,19789
611,19790
6769,19791
4377,19792
7486,19793
2730,19794
9416,19795
7398,19796
67,19797
1258,19798
5815,19799
6200,19800
9265,19801
10873,19802
544,19803
8735,19804
47,19805
421,19806
433,19807
513,19808
6777,19809
13220,19810
2541,19811
3216,19812
8037,19813
5518,19814
5612,19815
446,19816
470,19817
482,19818
396,19819
10643,19820
2561,19821
9917,19822
388,19823
6245,19824
7440,19825
8036,19826
3111,19827
457,19828
3697,19829
255,19830
9433,19831
11415,19832
209,19833
10072,19834
279,19835
5506,19836
14997,19837
6828,19838
7407,19839
10610,19840
9317,19841
9363,19842
7003,19843
4397,19844
6100,19845
17951,19846
220,19847
10107,19848
109,19849
121,19850
194,19851
9929,19852
15603,19853
3079,19854
390,19855
6743,19856
9334,19857
3116,19858
133,19859
154,19860
166,19861
84,19862
1213,19863
3127,19864
4380,19865
76,19866
6802,19867
6817,19868
1197,19869
6779,19870
142,19871
11285,19872
6193,19873
2471,19874
8594,19875
7996,19876
6830,19877
13835,19878
3085,19879
18552,19880
2549,19881
6077,19882
1835,19883
7480,19884
2482,19885
17366,19886
9439,19887
16785,19888
6224,19889
5624,19890
78,19891
6825,19892
1237,19893
5514,19894
4300,19895
6258,19896
2502,19897
10024,19898
3687,19899
7454,19900
17368,19901
11155,19902
3083,19903
1826,19904
1142,19905
1261,19906
12004,19907
475,19908
5026,19909
7445,19910
3807,19911
464,19912
10749,19913
3822,19914
11414,19915
17953,19916
16180,19917
5531,19918
4942,19919
2501,19920
383,19921
5517,19922
3124,19923
670,19924
1212,19925
5570,19926
4424,19927
3821,19928
586,19929
9419,19930
3215,19931
7483,19932
16198,19933
15611,19934
429,19935
9980,19936
4288,19937
15001,19938
7511,19939
9299,19940
3170,19941
8142,19942
159,19943
3803,19944
500,19945
16194,19946
3084,19947
148,19948
5625,19949
3154,19950
668,19951
2475,19952
389,19953
8684,19954
5023,19955
8126,19956
5543,19957
10057,19958
72,19959
4422,19960
3751,19961
330,19962
6883,19963
2579,19964
419,19965
4936,19966
5566,19967
626,19968
256,19969
8756,19970
494,19971
6842,19972
1285,19973
450,19974
8000,19975
4409,19976
573,19977
117,19978
1244,19979
11489,19980
10001,19981
574,19982
6771,19983
8638,19984
9978,19985
10026,19986
510,19987
8122,19988
183,19989
15607,19990
16173,19991
451,19992
9994,19993
1914,19994
328,19995
8688,19996
77,19997
8747,19998
3790,19999
671,20000
5579,20001
10086,20002
7490,20003
4394,20004
652,20005
6101,20006
1274,20007
686,20008
3770,20009
532,20010
107,20011
10058,20012
4966,20013
293,20014
10717,20015
178,20016
1867,20017
1202,20018
135,20019
13225,20020
5011,20021
244,20022
1270,20023
7391,20024
6188,20025
245,20026
8622,20027
3101,20028
10007,20029
4381,20030
191,20031
8683,20032
8776,20033
9945,20034
136,20035
1135,20036
14425,20037
4973,20038
3158,20039
5595,20040
331,20041
10634,20042
1893,20043
8120,20044
6166,20045
318,20046
6860,20047
8636,20048
343,20049
10713,20050
210,20051
9415,20052
2504,20053
1861,20054
15583,20055
3114,20056
7353,20057
8032,20058
5591,20059
5537,20060
8066,20061
7990,20062
1188,20063
10676,20064
2533,20065
2509,20066
2558,20067
3736,20068
16176,20069
3677,20070
5573,20071
8127,20072
6207,20073
10786,20074
10716,20075
9898,20076
6215,20077
6235,20078
15604,20079
6808,20080
8752,20081
9380,20082
1225,20083
4914,20084
10666,20085
7337,20086
9328,20087
8048,20088
8086,20089
7404,20090
8076,20091
16184,20092
10019,20093
2531,20094
4998,20095
9990,20096
1235,20097
17353,20098
9361,20099
10003,20100
3200,20101
10014,20102
8784,20103
10088,20104
1912,20105
8094,20106
8095,20107
13829,20108
6711,20109
8711,20110
10043,20111
4972,20112
9387,20113
8674,20114
10008,20115
14415,20116
6169,20117
6208,20118
5623,20119
3138,20120
5025,20121
5024,20122
3047,20123
5598,20124
4325,20125
8778,20126
7962,20127
5016,20128
10721,20129
3737,20130
1787,20131
6255,20132
8235,20133
4423,20134
1276,20135
7345,20136
9272,20137
10653,20138
6246,20139
10706,20140
4993,20141
1880,20142
2499,20143
8141,20144
4346,20145
3190,20146
8626,20147
7379,20148
546,20149
12623,20150
455,20151
511,20152
11396,20153
9420,20154
5622,20155
10778,20156
4903,20157
1934,20158
2508,20159
9982,20160
7376,20161
1933,20162
552,20163
407,20164
469,20165
8762,20166
9314,20167
9957,20168
6161,20169
10793,20170
10663,20171
4392,20172
10693,20173
9936,20174
468,20175
8726,20176
2554,20177
6206,20178
3702,20179
222,20180
3146,20181
140,20182
192,20183
6809,20184
6861,20185
365,20186
6209,20187
2480,20188
6857,20189
11401,20190
9468,20191
10649,20192
8004,20193
10128,20194
226,20195
95,20196
153,20197
10761,20198
11417,20199
9296,20200
10675,20201
10657,20202
9995,20203
10087,20204
8698,20205
10603,20206
152,20207
9389,20208
1921,20209
6831,20210
4321,20211
2510,20212
7493,20213
7509,20214
57,20215
10746,20216
7510,20217
7484,20218
13214,20219
395,20220
6800,20221
10611,20222
1917,20223
8294,20224
6257,20225
7433,20226
10805,20227
8618,20228
14999,20229
10748,20230
7358,20231
1306,20232
3792,20233
2487,20234
10104,20235
6882,20236
12631,20237
10740,20238
8123,20239
480,20240
6256,20241
8740,20242
502,20243
3176,20244
8140,20245
83,20246
9254,20247
3820,20248
1281,20249
1828,20250
479,20251
8063,20252
536,20253
2565,20254
4930,20255
5022,20256
1941,20257
496,20258
8139,20259
1307,20260
1943,20261
445,20262
3810,20263
3819,20264
6880,20265
164,20266
394,20267
5563,20268
185,20269
6881,20270
376,20271
4901,20272
534,20273
2577,20274
3180,20275
163,20276
9467,20277
214,20278
1942,20279
7508,20280
481,20281
355,20282
180,20283
627,20284
495,20285
519,20286
132,20287
9924,20288
658,20289
617,20290
82,20291
1873,20292
512,20293
66,20294
10660,20295
212,20296
384,20297
1271,20298
356,20299
520,20300
639,20301
165,20302
49,20303
294,20304
179,20305
199,20306
10135,20307
322,20308
284,20309
3769,20310
193,20311
8065,20312
73,20313
4298,20314
50,20315
200,20316
305,20317
554,20318
8071,20319
8085,20320
5594,20321
8615,20322
228,20323
10652,20324
10723,20325
3789,20326
8803,20327
9985,20328
6158,20329
1816,20330
408,20331
4395,20332
3213,20333
1181,20334
96,20335
4996,20336
378,20337
10804,20338
10077,20339
68,20340
483,20341
9410,20342
167,20343
8742,20344
7373,20345
8802,20346
497,20347
181,20348
