Node ID,Order
1,0
10,1
11,2
12,3
13,4
14,5
15,6
16,7
17,8
18,9
19,10
2,11
20,12
21,13
22,14
23,15
24,16
25,17
26,18
27,19
28,20
29,21
3,22
30,23
31,24
32,25
33,26
34,27
35,28
36,29
37,30
38,31
39,32
4,33
5,34
6,35
7,36
8,37
9,38
344,39
447,40
448,41
458,42
498,43
504,44
505,45
514,46
522,47
523,48
538,49
345,50
539,51
549,52
550,53
555,54
556,55
569,56
578,57
590,58
602,59
614,60
357,61
629,62
653,63
654,64
659,65
660,66
661,67
662,68
673,69
674,70
675,71
358,72
368,73
369,74
379,75
385,76
434,77
4389,78
2420,79
3160,80
10110,81
9953,82
16181,83
4941,84
6797,85
5014,86
6231,87
10674,88
1878,89
6221,90
5567,91
9354,92
3812,93
3784,94
3122,95
6796,96
3113,97
6801,98
1922,99
6819,100
4948,101
2513,102
10727,103
1278,104
3175,105
10664,106
10070,107
1268,108
7469,109
6134,110
14987,111
4963,112
10027,113
13833,114
5584,115
7459,116
1777,117
8087,118
16783,119
1220,120
1806,121
1829,122
7420,123
9315,124
8113,125
16773,126
8758,127
10764,128
1766,129
1155,130
3205,131
5589,132
3733,133
5550,134
1201,135
6163,136
7979,137
7442,138
7489,139
2426,140
1166,141
17362,142
3787,143
8050,144
10739,145
8035,146
4367,147
17364,148
9983,149
4361,150
3202,151
13236,152
10791,153
8089,154
8034,155
9970,156
16196,157
3132,158
7487,159
9385,160
6748,161
7390,162
7460,163
16185,164
4982,165
10109,166
9255,167
3071,168
6790,169
6190,170
4881,171
4950,172
5540,173
5587,174
19148,175
8595,176
6862,177
4978,178
1214,179
13824,180
4391,181
2534,182
10114,183
7405,184
6826,185
17950,186
8678,187
6146,188
2566,189
4929,190
10122,191
8670,192
6156,193
6179,194
1842,195
5606,196
9441,197
1856,198
1831,199
13812,200
15596,201
6184,202
5544,203
3801,204
8785,205
4915,206
3761,207
10708,208
13801,209
6210,210
10023,211
4987,212
2544,213
10780,214
2470,215
5578,216
5560,217
2550,218
6211,219
9421,220
18526,221
9973,222
6106,223
1177,224
10671,225
8633,226
8651,227
1920,228
8691,229
10661,230
8012,231
17942,232
16182,233
5006,234
9999,235
6201,236
6789,237
9358,238
15601,239
3121,240
4943,241
3758,242
10787,243
10106,244
17949,245
7342,246
2465,247
6835,248
9360,249
10704,250
6204,251
1286,252
9340,253
8667,254
10701,255
3186,256
1143,257
10083,258
6807,259
9306,260
10587,261
2506,262
3211,263
3786,264
8603,265
1284,266
8588,267
5519,268
1141,269
9290,270
5547,271
5559,272
7984,273
10729,274
8627,275
4951,276
6220,277
10714,278
13216,279
6229,280
8054,281
10777,282
17363,283
10659,284
1824,285
9388,286
9931,287
9399,288
15573,289
6186,290
2443,291
8718,292
1869,293
4913,294
5545,295
3773,296
15526,297
9967,298
8614,299
1865,300
435,301
8102,302
14996,303
8652,304
4323,305
10627,306
7494,307
17355,308
3203,309
10702,310
1863,311
5577,312
1241,313
5551,314
9257,315
8719,316
15012,317
10102,318
3066,319
8777,320
2520,321
9992,322
8619,323
10628,324
6140,325
7450,326
15000,327
10034,328
1802,329
8070,330
1233,331
4938,332
1896,333
9443,334
8794,335
15007,336
4995,337
6222,338
122,339
6757,340
15585,341
9313,342
2450,343
6767,344
9449,345
6884,346
7501,347
10637,348
1227,349
4977,350
1877,351
4931,352
10138,353
2456,354
6844,355
9470,356
10137,357
8796,358
7512,359
8143,360
8805,361
10807,362
8136,363
2469,364
6747,365
8767,366
12012,367
10017,368
9941,369
1277,370
1931,371
10111,372
10776,373
3785,374
1910,375
6847,376
3719,377
10021,378
5524,379
9469,380
6185,381
1825,382
610,383
8131,384
11347,385
4932,386
9397,387
3058,388
18408,389
584,390
14945,391
1822,392
599,393
375,394
3666,395
442,396
449,397
463,398
565,399
8195,400
12539,401
4904,402
10766,403
11408,404
14223,405
6772,406
17897,407
14845,408
9401,409
14043,410
4415,411
2439,412
13144,413
12006,414
17635,415
6064,416
12492,417
16098,418
382,419
6810,420
4958,421
278,422
8020,423
7438,424
10788,425
8773,426
7971,427
7423,428
254,429
3174,430
9993,431
268,432
65,433
17360,434
129,435
134,436
147,437
237,438
7998,439
14422,440
9981,441
2460,442
9345,443
8730,444
2580,445
10116,446
4960,447
5554,448
3040,449
9411,450
7988,451
2466,452
9322,453
10678,454
5533,455
71,456
8632,457
8708,458
16191,459
3139,460
2512,461
5247,462
5000,463
9418,464
3094,465
13819,466
7961,467
10773,468
2494,469
5983,470
7474,471
14413,472
8743,473
1262,474
12483,475
656,476
16174,477
14836,478
10774,479
1290,480
14092,481
2523,482
5539,483
10117,484
9277,485
10031,486
9310,487
2574,488
1938,489
3817,490
1937,491
1926,492
10132,493
1301,494
10133,495
8801,496
2575,497
4420,498
3130,499
12526,500
9465,501
10802,502
8138,503
17367,504
14427,505
320,506
9464,507
18540,508
20145,509
18551,510
19144,511
7507,512
1302,513
10801,514
3210,515
17952,516
8800,517
453,518
404,519
518,520
478,521
477,522
7344,523
493,524
444,525
391,526
431,527
405,528
492,529
10630,530
452,531
509,532
443,533
476,534
13832,535
501,536
417,537
465,538
9977,539
13746,540
517,541
15807,542
16502,543
17030,544
2282,545
2800,546
454,547
430,548
418,549
467,550
392,551
466,552
138,553
92,554
198,555
162,556
161,557
16092,558
177,559
131,560
79,561
119,562
93,563
176,564
8306,565
137,566
190,567
130,568
160,569
9330,570
184,571
105,572
149,573
4399,574
197,575
139,576
118,577
106,578
151,579
80,580
150,581
5511,582
9201,583
1735,584
8968,585
8972,586
14985,587
14931,588
14341,589
10728,590
9940,591
19336,592
6218,593
8039,594
6843,595
3734,596
1000,597
10000,598
10002,599
10004,600
10005,601
10006,602
1001,603
10010,604
10011,605
10012,606
10013,607
10015,608
10016,609
10018,610
1002,611
10022,612
10025,613
10028,614
10029,615
1003,616
10030,617
10032,618
10033,619
10035,620
10036,621
10037,622
10038,623
10039,624
1004,625
10040,626
10042,627
10044,628
10045,629
10046,630
10047,631
10048,632
10049,633
1005,634
10050,635
10051,636
10053,637
10054,638
10055,639
10059,640
1006,641
10060,642
10061,643
10062,644
10063,645
10064,646
10065,647
10066,648
10067,649
10068,650
10069,651
1007,652
10071,653
10075,654
10076,655
10078,656
1008,657
10080,658
10081,659
10082,660
10084,661
10085,662
10089,663
1009,664
10090,665
10091,666
10092,667
10093,668
10094,669
10095,670
10096,671
10097,672
10098,673
10099,674
1010,675
10100,676
10101,677
10103,678
10105,679
10108,680
1011,681
10112,682
10113,683
10115,684
10118,685
10119,686
1012,687
10120,688
10121,689
10123,690
10124,691
10126,692
10127,693
10129,694
1013,695
10130,696
10131,697
10134,698
10136,699
10139,700
1014,701
10140,702
10143,703
10144,704
10145,705
10146,706
10147,707
10148,708
10149,709
1015,710
10150,711
10151,712
10152,713
10153,714
10154,715
10155,716
10156,717
10157,718
10158,719
10159,720
1016,721
10160,722
10161,723
10162,724
10163,725
10164,726
10165,727
10166,728
10167,729
10168,730
10169,731
1017,732
10170,733
10171,734
10172,735
10173,736
10174,737
10175,738
10176,739
10177,740
10178,741
10179,742
1018,743
10180,744
10181,745
10182,746
10183,747
10184,748
10185,749
10186,750
10187,751
10188,752
10189,753
1019,754
10190,755
10191,756
10192,757
10193,758
10194,759
10195,760
10196,761
10197,762
10198,763
10199,764
1020,765
10200,766
10201,767
10202,768
10203,769
10204,770
10205,771
10206,772
10207,773
10208,774
10209,775
1021,776
10210,777
10211,778
10212,779
10213,780
10214,781
10215,782
10216,783
10217,784
10218,785
10219,786
1022,787
10220,788
10221,789
10222,790
10223,791
10224,792
10225,793
10226,794
10227,795
10228,796
10229,797
1023,798
10230,799
10231,800
10234,801
10235,802
10236,803
10237,804
10238,805
10239,806
1024,807
10240,808
10241,809
10242,810
10243,811
10244,812
10245,813
10246,814
10247,815
10248,816
10249,817
1025,818
10250,819
10251,820
10252,821
10253,822
10254,823
10255,824
10256,825
10257,826
10258,827
10259,828
1026,829
10260,830
10261,831
10262,832
10263,833
10264,834
10265,835
10266,836
10267,837
10268,838
10269,839
1027,840
10270,841
10271,842
10272,843
10273,844
10274,845
10275,846
10276,847
10277,848
10278,849
10279,850
1028,851
10280,852
10281,853
10282,854
10284,855
10285,856
10286,857
10287,858
10288,859
10289,860
1029,861
10290,862
10291,863
10292,864
10293,865
10294,866
10295,867
10296,868
10297,869
10298,870
10299,871
1030,872
10300,873
10301,874
10302,875
10304,876
10305,877
10306,878
10307,879
10308,880
10309,881
1031,882
10310,883
10311,884
10312,885
10313,886
10314,887
10315,888
10316,889
10317,890
10318,891
10319,892
1032,893
10320,894
10321,895
10322,896
10323,897
10324,898
10325,899
10326,900
10327,901
10328,902
10329,903
1033,904
10330,905
10331,906
10332,907
10334,908
10335,909
10336,910
10337,911
10338,912
10339,913
1034,914
10340,915
10341,916
10342,917
10343,918
10345,919
10346,920
10347,921
10348,922
10349,923
1035,924
10350,925
10351,926
10352,927
10353,928
10354,929
10355,930
10356,931
10357,932
10358,933
10359,934
1036,935
10360,936
10361,937
10362,938
10363,939
10364,940
10365,941
10366,942
10367,943
10368,944
10369,945
1037,946
10370,947
10371,948
10372,949
10373,950
10374,951
10375,952
10376,953
10377,954
10378,955
10379,956
1038,957
10380,958
10381,959
10382,960
10383,961
10384,962
10385,963
10386,964
10387,965
10388,966
10389,967
1039,968
10390,969
10391,970
10392,971
10393,972
10394,973
10395,974
10396,975
10397,976
10398,977
10399,978
1040,979
10400,980
10401,981
10402,982
10403,983
10404,984
10405,985
10406,986
10407,987
10408,988
10409,989
1041,990
10410,991
10411,992
10412,993
10414,994
10415,995
10416,996
10417,997
10418,998
10419,999
1042,1000
10420,1001
10421,1002
10422,1003
10423,1004
10424,1005
10425,1006
10427,1007
10428,1008
10429,1009
1043,1010
10430,1011
10431,1012
10432,1013
10433,1014
10434,1015
10435,1016
10436,1017
10437,1018
10438,1019
10439,1020
1044,1021
10440,1022
10441,1023
10442,1024
10443,1025
10444,1026
10445,1027
10446,1028
10447,1029
10448,1030
10449,1031
1045,1032
10452,1033
10453,1034
10454,1035
10455,1036
10456,1037
10457,1038
10458,1039
10459,1040
1046,1041
10460,1042
10461,1043
10462,1044
10463,1045
10464,1046
10465,1047
10466,1048
10468,1049
10469,1050
10470,1051
10471,1052
10472,1053
10474,1054
10475,1055
10476,1056
10477,1057
10478,1058
10479,1059
1048,1060
10480,1061
10481,1062
10482,1063
10483,1064
10484,1065
10485,1066
10486,1067
10487,1068
10488,1069
10489,1070
1049,1071
10490,1072
10491,1073
10492,1074
10493,1075
10494,1076
10495,1077
10496,1078
10497,1079
10498,1080
10499,1081
1050,1082
10500,1083
10501,1084
10502,1085
10503,1086
10504,1087
10505,1088
10506,1089
10507,1090
10508,1091
10509,1092
1051,1093
10510,1094
10511,1095
10512,1096
10513,1097
10514,1098
10515,1099
10516,1100
10517,1101
10518,1102
10519,1103
10520,1104
10521,1105
10522,1106
10523,1107
10524,1108
10525,1109
10526,1110
10527,1111
10528,1112
10529,1113
1053,1114
10530,1115
10531,1116
10532,1117
10533,1118
10534,1119
10535,1120
10536,1121
10537,1122
10538,1123
10539,1124
1054,1125
10540,1126
10541,1127
10542,1128
10543,1129
10544,1130
10545,1131
10546,1132
10547,1133
10548,1134
10549,1135
1055,1136
10550,1137
10551,1138
10552,1139
10553,1140
10554,1141
10555,1142
10556,1143
10557,1144
10558,1145
10559,1146
1056,1147
10560,1148
10561,1149
10562,1150
10563,1151
10565,1152
10566,1153
10567,1154
10568,1155
10569,1156
1057,1157
10570,1158
10571,1159
10572,1160
10573,1161
10575,1162
10576,1163
10577,1164
10578,1165
10579,1166
1058,1167
10580,1168
10581,1169
10582,1170
10583,1171
10584,1172
10585,1173
10586,1174
10588,1175
10589,1176
1059,1177
10590,1178
10592,1179
10593,1180
10594,1181
10595,1182
10596,1183
10597,1184
10598,1185
10599,1186
1060,1187
10600,1188
10602,1189
10604,1190
10605,1191
10606,1192
10607,1193
10608,1194
10609,1195
1061,1196
10612,1197
10613,1198
10614,1199
10615,1200
10616,1201
10617,1202
10618,1203
10619,1204
1062,1205
10620,1206
10621,1207
10622,1208
10623,1209
10624,1210
10625,1211
10626,1212
10629,1213
1063,1214
10631,1215
10632,1216
10633,1217
10635,1218
10636,1219
10638,1220
10639,1221
1064,1222
10640,1223
10641,1224
10642,1225
10644,1226
10645,1227
10646,1228
10647,1229
10648,1230
1065,1231
10650,1232
10651,1233
10654,1234
10655,1235
10656,1236
10658,1237
1066,1238
10662,1239
10665,1240
10667,1241
10668,1242
10669,1243
1067,1244
10670,1245
10672,1246
10673,1247
10677,1248
10679,1249
1068,1250
10680,1251
10681,1252
10682,1253
10683,1254
10684,1255
10685,1256
10686,1257
10687,1258
10688,1259
1069,1260
10690,1261
10691,1262
10692,1263
10694,1264
10695,1265
10696,1266
10697,1267
10698,1268
10699,1269
1070,1270
10700,1271
10703,1272
10705,1273
10707,1274
10709,1275
1071,1276
10710,1277
10711,1278
10712,1279
10715,1280
10718,1281
10719,1282
1072,1283
10720,1284
10722,1285
10724,1286
10725,1287
10726,1288
1073,1289
10730,1290
10731,1291
10733,1292
10735,1293
10736,1294
10737,1295
10738,1296
10741,1297
10742,1298
10744,1299
10745,1300
10747,1301
1075,1302
10750,1303
10751,1304
10752,1305
10753,1306
10754,1307
10755,1308
10757,1309
10758,1310
10759,1311
1076,1312
10760,1313
10762,1314
10763,1315
10765,1316
10767,1317
10769,1318
1077,1319
10770,1320
10771,1321
10772,1322
10775,1323
10779,1324
1078,1325
10781,1326
10782,1327
10783,1328
10784,1329
10785,1330
10789,1331
1079,1332
10790,1333
10792,1334
10795,1335
10796,1336
10797,1337
10798,1338
10799,1339
1080,1340
10800,1341
10803,1342
10809,1343
1081,1344
10810,1345
10813,1346
10814,1347
10815,1348
10816,1349
10817,1350
10818,1351
10819,1352
1082,1353
10820,1354
10821,1355
10822,1356
10823,1357
10824,1358
10825,1359
10826,1360
10827,1361
10828,1362
10829,1363
1083,1364
10830,1365
10831,1366
10832,1367
10833,1368
10834,1369
10835,1370
10836,1371
10837,1372
10838,1373
10839,1374
1084,1375
10840,1376
10841,1377
10842,1378
10843,1379
10844,1380
10845,1381
10846,1382
10847,1383
10848,1384
10849,1385
1085,1386
10850,1387
10851,1388
10852,1389
10853,1390
10854,1391
10855,1392
10856,1393
10857,1394
10858,1395
10859,1396
1086,1397
10860,1398
10861,1399
10862,1400
10863,1401
10864,1402
10865,1403
10866,1404
10867,1405
10868,1406
10869,1407
1087,1408
10870,1409
10871,1410
10872,1411
10874,1412
10875,1413
10876,1414
10877,1415
10878,1416
10879,1417
1088,1418
10880,1419
10881,1420
10882,1421
10883,1422
10884,1423
10885,1424
10886,1425
10887,1426
10888,1427
10889,1428
1089,1429
10890,1430
10891,1431
10892,1432
10893,1433
10894,1434
10895,1435
10897,1436
10898,1437
10899,1438
1090,1439
10900,1440
10901,1441
10902,1442
10903,1443
10904,1444
10905,1445
10906,1446
10907,1447
10908,1448
10909,1449
1091,1450
10910,1451
10911,1452
10912,1453
10913,1454
10914,1455
10915,1456
10916,1457
10917,1458
10918,1459
10919,1460
1092,1461
10920,1462
10921,1463
10922,1464
10923,1465
10924,1466
10925,1467
10926,1468
10927,1469
10928,1470
10929,1471
1093,1472
10930,1473
10931,1474
10932,1475
10933,1476
10934,1477
10935,1478
10936,1479
10937,1480
10938,1481
10939,1482
1094,1483
10940,1484
10941,1485
10942,1486
10943,1487
10944,1488
10945,1489
10947,1490
10948,1491
10949,1492
1095,1493
10950,1494
10951,1495
10952,1496
10953,1497
10954,1498
10955,1499
10956,1500
10957,1501
10958,1502
10959,1503
1096,1504
10960,1505
10961,1506
10962,1507
10963,1508
10964,1509
10965,1510
10966,1511
10967,1512
10968,1513
10969,1514
1097,1515
10970,1516
10971,1517
10972,1518
10973,1519
10974,1520
10975,1521
10976,1522
10977,1523
10978,1524
10979,1525
1098,1526
10980,1527
10981,1528
10982,1529
10983,1530
10984,1531
10985,1532
10986,1533
10987,1534
10988,1535
10989,1536
1099,1537
10990,1538
10991,1539
10992,1540
10993,1541
10994,1542
10995,1543
10996,1544
10997,1545
10998,1546
1100,1547
11000,1548
11001,1549
11002,1550
11003,1551
11004,1552
11005,1553
11006,1554
11007,1555
11008,1556
1101,1557
11010,1558
11011,1559
11012,1560
11013,1561
11014,1562
11015,1563
11016,1564
11017,1565
11019,1566
1102,1567
11020,1568
11021,1569
11022,1570
11023,1571
11024,1572
11025,1573
11027,1574
11028,1575
11029,1576
1103,1577
11030,1578
11031,1579
11032,1580
11033,1581
11034,1582
11036,1583
11037,1584
11038,1585
11039,1586
1104,1587
11040,1588
11041,1589
11042,1590
11043,1591
11044,1592
11045,1593
11046,1594
11047,1595
11048,1596
11049,1597
1105,1598
11050,1599
11051,1600
11052,1601
11054,1602
11055,1603
11056,1604
11057,1605
11058,1606
11059,1607
1106,1608
11060,1609
11061,1610
11062,1611
11063,1612
11064,1613
11065,1614
11066,1615
11067,1616
11068,1617
11069,1618
1107,1619
11070,1620
11071,1621
11072,1622
11073,1623
11074,1624
11075,1625
11076,1626
11077,1627
11078,1628
11079,1629
1108,1630
11080,1631
11081,1632
11082,1633
11083,1634
11084,1635
11085,1636
11086,1637
11087,1638
11088,1639
11089,1640
1109,1641
11090,1642
11091,1643
11092,1644
11093,1645
11094,1646
11095,1647
11096,1648
11097,1649
11098,1650
11099,1651
1110,1652
11100,1653
11101,1654
11102,1655
11103,1656
11104,1657
11105,1658
11106,1659
11107,1660
11108,1661
11109,1662
1111,1663
11110,1664
11111,1665
11112,1666
11113,1667
11115,1668
11116,1669
11117,1670
11118,1671
11119,1672
1112,1673
11120,1674
11121,1675
11122,1676
11123,1677
11124,1678
11125,1679
11126,1680
11127,1681
11128,1682
11129,1683
11130,1684
11131,1685
11132,1686
11133,1687
11134,1688
11135,1689
11136,1690
11137,1691
11138,1692
11139,1693
1114,1694
11140,1695
11141,1696
11142,1697
11143,1698
11144,1699
11145,1700
11146,1701
11147,1702
11148,1703
11149,1704
1115,1705
11150,1706
11151,1707
11152,1708
11153,1709
11154,1710
11156,1711
11157,1712
11158,1713
11159,1714
1116,1715
11160,1716
11161,1717
11162,1718
11163,1719
11164,1720
11165,1721
11166,1722
11167,1723
11168,1724
11169,1725
1117,1726
11170,1727
11171,1728
11172,1729
11173,1730
11174,1731
11175,1732
11176,1733
11177,1734
11178,1735
11179,1736
1118,1737
11180,1738
11181,1739
11182,1740
11183,1741
11184,1742
11185,1743
11186,1744
11187,1745
11188,1746
11189,1747
1119,1748
11190,1749
11191,1750
11192,1751
11193,1752
11194,1753
11195,1754
11196,1755
11197,1756
11198,1757
11199,1758
1120,1759
11201,1760
11202,1761
11203,1762
11204,1763
11205,1764
11206,1765
11207,1766
11208,1767
11209,1768
1121,1769
11211,1770
11212,1771
11213,1772
11214,1773
11215,1774
11216,1775
11217,1776
11218,1777
11219,1778
1122,1779
11220,1780
11221,1781
11222,1782
11223,1783
11224,1784
11225,1785
11226,1786
11227,1787
11228,1788
11229,1789
1123,1790
11230,1791
11231,1792
11232,1793
11233,1794
11234,1795
11235,1796
11236,1797
11237,1798
11238,1799
11239,1800
1124,1801
11240,1802
11241,1803
11242,1804
11243,1805
11244,1806
11245,1807
11246,1808
11247,1809
11248,1810
11249,1811
1125,1812
11250,1813
11251,1814
11252,1815
11253,1816
11254,1817
11255,1818
11256,1819
11257,1820
11258,1821
11259,1822
1126,1823
11260,1824
11261,1825
11262,1826
11263,1827
11264,1828
11265,1829
11266,1830
11267,1831
11268,1832
11269,1833
1127,1834
11270,1835
11271,1836
11272,1837
11273,1838
11274,1839
11275,1840
11276,1841
11277,1842
11278,1843
11279,1844
1128,1845
11280,1846
11281,1847
11282,1848
11283,1849
11284,1850
11286,1851
11287,1852
11288,1853
11289,1854
1129,1855
11290,1856
11291,1857
11292,1858
11293,1859
11294,1860
11295,1861
11296,1862
11297,1863
11298,1864
11299,1865
1130,1866
11300,1867
11301,1868
11302,1869
11303,1870
11304,1871
11305,1872
11306,1873
11307,1874
11308,1875
11309,1876
1131,1877
11310,1878
11311,1879
11312,1880
11313,1881
11314,1882
11315,1883
11316,1884
11317,1885
11318,1886
11319,1887
1132,1888
11320,1889
11321,1890
11322,1891
11323,1892
11324,1893
11325,1894
11327,1895
11328,1896
11329,1897
1133,1898
11330,1899
11331,1900
11332,1901
11333,1902
11334,1903
11335,1904
11336,1905
11337,1906
11338,1907
11339,1908
1134,1909
11340,1910
11341,1911
11342,1912
11343,1913
11344,1914
11345,1915
11346,1916
11348,1917
11349,1918
11350,1919
11351,1920
11352,1921
11353,1922
11354,1923
11355,1924
11356,1925
11357,1926
11358,1927
11359,1928
1136,1929
11360,1930
11361,1931
11362,1932
11363,1933
11364,1934
11365,1935
11366,1936
11367,1937
11368,1938
11369,1939
1137,1940
11370,1941
11371,1942
11372,1943
11373,1944
11374,1945
11375,1946
11376,1947
11377,1948
11378,1949
11379,1950
1138,1951
11380,1952
11381,1953
11382,1954
11383,1955
11384,1956
11385,1957
11386,1958
11387,1959
11388,1960
11389,1961
1139,1962
11390,1963
11391,1964
11392,1965
11393,1966
11394,1967
11395,1968
11397,1969
11398,1970
11399,1971
1140,1972
11400,1973
11402,1974
11403,1975
11404,1976
11405,1977
11406,1978
11407,1979
11409,1980
11410,1981
11411,1982
11412,1983
11413,1984
11416,1985
11419,1986
11420,1987
11421,1988
11422,1989
11423,1990
11424,1991
11425,1992
11426,1993
11427,1994
11428,1995
11429,1996
11430,1997
11431,1998
11432,1999
11433,2000
11434,2001
11435,2002
11436,2003
11437,2004
11438,2005
11439,2006
1144,2007
11440,2008
11441,2009
11442,2010
11443,2011
11444,2012
11445,2013
11446,2014
11447,2015
11448,2016
11449,2017
1145,2018
11450,2019
11451,2020
11452,2021
11453,2022
11454,2023
11455,2024
11456,2025
11457,2026
11458,2027
11459,2028
1146,2029
11460,2030
11461,2031
11462,2032
11463,2033
11464,2034
11465,2035
11466,2036
11467,2037
11468,2038
11469,2039
1147,2040
11470,2041
11471,2042
11472,2043
11473,2044
11474,2045
11475,2046
11476,2047
11477,2048
11478,2049
11479,2050
1148,2051
11480,2052
11482,2053
11483,2054
11484,2055
11485,2056
11486,2057
11487,2058
11488,2059
1149,2060
11490,2061
11491,2062
11492,2063
11493,2064
11494,2065
11495,2066
11496,2067
11497,2068
11498,2069
11499,2070
1150,2071
11500,2072
11501,2073
11502,2074
11503,2075
11504,2076
11505,2077
11506,2078
11507,2079
11508,2080
11509,2081
1151,2082
11510,2083
11511,2084
11512,2085
11513,2086
11514,2087
11515,2088
11516,2089
11517,2090
11518,2091
11519,2092
1152,2093
11520,2094
11521,2095
11522,2096
11523,2097
11524,2098
11525,2099
11526,2100
11527,2101
11528,2102
11529,2103
1153,2104
11530,2105
11531,2106
11532,2107
11533,2108
11534,2109
11535,2110
11536,2111
11537,2112
11538,2113
11539,2114
1154,2115
11540,2116
11541,2117
11542,2118
11543,2119
11544,2120
11545,2121
11546,2122
11547,2123
11548,2124
11549,2125
11550,2126
11551,2127
11552,2128
11553,2129
11554,2130
11555,2131
11556,2132
11557,2133
11558,2134
11559,2135
1156,2136
11560,2137
11561,2138
11562,2139
11563,2140
11564,2141
11565,2142
11566,2143
11567,2144
11568,2145
11569,2146
1157,2147
11570,2148
11571,2149
11572,2150
11573,2151
11574,2152
11576,2153
11577,2154
11578,2155
11579,2156
1158,2157
11580,2158
11581,2159
11582,2160
11583,2161
11584,2162
11585,2163
11586,2164
11587,2165
11588,2166
11589,2167
1159,2168
11590,2169
11591,2170
11592,2171
11593,2172
11594,2173
11595,2174
11596,2175
11597,2176
11598,2177
11599,2178
1160,2179
11600,2180
11601,2181
11602,2182
11603,2183
11604,2184
11606,2185
11607,2186
11608,2187
11609,2188
1161,2189
11610,2190
11611,2191
11612,2192
11613,2193
11614,2194
11615,2195
11616,2196
11617,2197
11618,2198
11619,2199
1162,2200
11620,2201
11621,2202
11622,2203
11623,2204
11624,2205
11625,2206
11626,2207
11627,2208
11628,2209
11629,2210
1163,2211
11630,2212
11631,2213
11632,2214
11633,2215
11634,2216
11635,2217
11636,2218
11637,2219
11638,2220
11639,2221
1164,2222
11640,2223
11641,2224
11642,2225
11643,2226
11644,2227
11645,2228
11646,2229
11647,2230
11648,2231
11649,2232
1165,2233
11650,2234
11651,2235
11652,2236
11653,2237
11654,2238
11655,2239
11656,2240
11657,2241
11658,2242
11659,2243
11660,2244
11661,2245
11662,2246
11663,2247
11664,2248
11665,2249
11666,2250
11667,2251
11668,2252
11669,2253
1167,2254
11670,2255
11671,2256
11672,2257
11673,2258
11674,2259
11675,2260
11676,2261
11677,2262
11678,2263
11679,2264
1168,2265
11680,2266
11681,2267
11682,2268
11683,2269
11684,2270
11685,2271
11686,2272
11687,2273
11688,2274
11689,2275
1169,2276
11690,2277
11691,2278
11692,2279
11693,2280
11694,2281
11695,2282
11696,2283
11697,2284
11698,2285
11699,2286
1170,2287
11701,2288
11702,2289
11703,2290
11704,2291
11705,2292
11706,2293
11707,2294
11708,2295
11709,2296
1171,2297
11710,2298
11711,2299
11712,2300
11713,2301
11714,2302
11715,2303
11716,2304
11717,2305
11718,2306
11719,2307
1172,2308
11720,2309
11721,2310
11722,2311
11723,2312
11724,2313
11725,2314
11726,2315
11727,2316
11728,2317
11729,2318
1173,2319
11730,2320
11731,2321
11732,2322
11733,2323
11734,2324
11735,2325
11736,2326
11737,2327
11738,2328
11739,2329
1174,2330
11740,2331
11741,2332
11742,2333
11743,2334
11744,2335
11746,2336
11747,2337
11748,2338
11749,2339
1175,2340
11750,2341
11751,2342
11752,2343
11753,2344
11754,2345
11755,2346
11756,2347
11757,2348
11758,2349
11759,2350
1176,2351
11760,2352
11761,2353
11762,2354
11763,2355
11764,2356
11765,2357
11766,2358
11767,2359
11768,2360
11769,2361
11770,2362
11771,2363
11772,2364
11773,2365
11774,2366
11775,2367
11776,2368
11777,2369
11778,2370
11779,2371
1178,2372
11780,2373
11781,2374
11782,2375
11783,2376
11784,2377
11785,2378
11786,2379
11787,2380
11788,2381
11789,2382
1179,2383
11790,2384
11791,2385
11792,2386
11793,2387
11794,2388
11795,2389
11796,2390
11797,2391
11798,2392
11799,2393
1180,2394
11800,2395
11801,2396
11802,2397
11803,2398
11804,2399
11805,2400
11806,2401
11807,2402
11808,2403
11809,2404
11810,2405
11811,2406
11812,2407
11813,2408
11814,2409
11815,2410
11816,2411
11817,2412
11818,2413
11819,2414
1182,2415
11820,2416
11821,2417
11822,2418
11823,2419
11824,2420
11825,2421
11826,2422
11827,2423
11828,2424
11829,2425
1183,2426
11830,2427
11831,2428
11832,2429
11833,2430
11834,2431
11835,2432
11836,2433
11837,2434
11838,2435
11839,2436
1184,2437
11840,2438
11841,2439
11842,2440
11843,2441
11844,2442
11845,2443
11846,2444
11847,2445
11848,2446
11849,2447
1185,2448
11850,2449
11851,2450
11852,2451
11853,2452
11854,2453
11855,2454
11856,2455
11857,2456
11858,2457
11859,2458
1186,2459
11860,2460
11861,2461
11862,2462
11863,2463
11864,2464
11865,2465
11866,2466
11867,2467
11868,2468
11869,2469
1187,2470
11870,2471
11871,2472
11872,2473
11873,2474
11874,2475
11875,2476
11876,2477
11877,2478
11878,2479
11879,2480
11880,2481
11881,2482
11882,2483
11883,2484
11884,2485
11885,2486
11886,2487
11887,2488
11889,2489
1189,2490
11890,2491
11891,2492
11892,2493
11893,2494
11894,2495
11895,2496
11896,2497
11897,2498
11898,2499
11899,2500
1190,2501
11900,2502
11901,2503
11902,2504
11903,2505
11904,2506
11905,2507
11906,2508
11907,2509
11908,2510
11909,2511
1191,2512
11910,2513
11911,2514
11912,2515
11913,2516
11914,2517
11915,2518
11916,2519
11917,2520
11918,2521
11919,2522
1192,2523
11920,2524
11921,2525
11922,2526
11923,2527
11924,2528
11925,2529
11926,2530
11927,2531
11928,2532
1193,2533
11930,2534
11931,2535
11932,2536
11933,2537
11934,2538
11935,2539
11936,2540
11937,2541
11938,2542
11939,2543
1194,2544
11940,2545
11941,2546
11942,2547
11943,2548
11944,2549
11945,2550
11946,2551
11947,2552
11948,2553
11949,2554
1195,2555
11950,2556
11951,2557
11952,2558
11953,2559
11954,2560
11955,2561
11956,2562
11957,2563
11958,2564
11959,2565
1196,2566
11960,2567
11961,2568
11962,2569
11963,2570
11964,2571
11965,2572
11966,2573
11967,2574
11968,2575
11969,2576
11970,2577
11971,2578
11972,2579
11973,2580
11974,2581
11975,2582
11976,2583
11977,2584
11978,2585
11979,2586
1198,2587
11980,2588
11981,2589
11982,2590
11983,2591
11984,2592
11985,2593
11986,2594
11987,2595
11988,2596
11989,2597
1199,2598
11990,2599
11991,2600
11992,2601
11993,2602
11994,2603
11996,2604
11997,2605
11999,2606
12000,2607
12001,2608
12002,2609
12003,2610
12005,2611
12007,2612
12008,2613
12009,2614
12011,2615
12013,2616
12014,2617
12015,2618
12016,2619
12018,2620
12019,2621
12020,2622
12021,2623
12022,2624
12024,2625
12025,2626
12026,2627
12027,2628
12028,2629
12029,2630
1203,2631
12032,2632
12033,2633
12034,2634
12035,2635
12036,2636
12037,2637
12038,2638
12039,2639
1204,2640
12040,2641
12041,2642
12042,2643
12043,2644
12044,2645
12045,2646
12046,2647
12047,2648
12048,2649
12049,2650
12050,2651
12051,2652
12052,2653
12053,2654
12054,2655
12055,2656
12056,2657
12057,2658
12058,2659
12059,2660
1206,2661
12060,2662
12061,2663
12062,2664
12063,2665
12064,2666
12065,2667
12066,2668
12067,2669
12068,2670
12069,2671
1207,2672
12070,2673
12071,2674
12072,2675
12073,2676
12074,2677
12075,2678
12076,2679
12077,2680
12078,2681
12079,2682
1208,2683
12080,2684
12081,2685
12082,2686
12083,2687
12084,2688
12085,2689
12086,2690
12087,2691
12088,2692
12089,2693
1209,2694
12090,2695
12091,2696
12092,2697
12093,2698
12094,2699
12095,2700
12096,2701
12097,2702
12098,2703
12099,2704
1210,2705
12100,2706
12101,2707
12102,2708
12103,2709
12104,2710
12105,2711
12106,2712
12107,2713
12108,2714
12109,2715
1211,2716
12110,2717
12111,2718
12112,2719
12113,2720
12114,2721
12115,2722
12116,2723
12117,2724
12118,2725
12119,2726
12120,2727
12121,2728
12122,2729
12123,2730
12124,2731
12125,2732
12126,2733
12127,2734
12128,2735
12129,2736
12130,2737
12131,2738
12132,2739
12133,2740
12134,2741
12135,2742
12136,2743
12137,2744
12138,2745
12139,2746
12140,2747
12141,2748
12142,2749
12143,2750
12144,2751
12145,2752
12146,2753
12147,2754
12148,2755
12149,2756
1215,2757
12150,2758
12151,2759
12152,2760
12153,2761
12154,2762
12155,2763
12156,2764
12157,2765
12158,2766
12159,2767
1216,2768
12160,2769
12161,2770
12162,2771
12163,2772
12164,2773
12165,2774
12166,2775
12167,2776
12168,2777
12169,2778
1217,2779
12170,2780
12171,2781
12172,2782
12173,2783
12174,2784
12175,2785
12176,2786
12177,2787
12178,2788
12179,2789
1218,2790
12180,2791
12182,2792
12183,2793
12184,2794
12185,2795
12186,2796
12187,2797
12188,2798
12189,2799
1219,2800
12190,2801
12191,2802
12192,2803
12193,2804
12194,2805
12195,2806
12196,2807
12197,2808
12198,2809
12199,2810
12200,2811
12202,2812
12203,2813
12204,2814
12205,2815
12206,2816
12207,2817
12208,2818
12209,2819
1221,2820
12210,2821
12211,2822
12212,2823
12213,2824
12214,2825
12215,2826
12216,2827
12217,2828
12218,2829
12219,2830
1222,2831
12220,2832
12221,2833
12222,2834
12223,2835
12224,2836
12225,2837
12226,2838
12227,2839
12228,2840
12229,2841
12230,2842
12231,2843
12232,2844
12233,2845
12234,2846
12235,2847
12236,2848
12237,2849
12238,2850
12239,2851
1224,2852
12240,2853
12241,2854
12242,2855
12243,2856
12244,2857
12245,2858
12246,2859
12247,2860
12248,2861
12249,2862
12250,2863
12251,2864
12252,2865
12253,2866
12254,2867
12255,2868
12256,2869
12257,2870
12258,2871
12259,2872
1226,2873
12260,2874
12261,2875
12262,2876
12263,2877
12264,2878
12265,2879
12266,2880
12267,2881
12268,2882
12269,2883
12270,2884
12272,2885
12273,2886
12274,2887
12275,2888
12276,2889
12277,2890
12278,2891
12279,2892
12280,2893
12281,2894
12282,2895
12283,2896
12284,2897
12285,2898
12286,2899
12287,2900
12288,2901
12289,2902
12290,2903
12291,2904
12293,2905
12294,2906
12295,2907
12296,2908
12297,2909
12298,2910
12299,2911
1230,2912
12300,2913
12301,2914
12302,2915
12303,2916
12304,2917
12305,2918
12306,2919
12307,2920
12308,2921
12309,2922
12310,2923
12311,2924
12312,2925
12313,2926
12314,2927
12315,2928
12316,2929
12317,2930
12318,2931
12319,2932
12320,2933
12321,2934
12322,2935
12323,2936
12324,2937
12325,2938
12326,2939
12327,2940
12328,2941
12329,2942
12330,2943
12331,2944
12332,2945
12333,2946
12334,2947
12335,2948
12336,2949
12337,2950
12338,2951
12339,2952
1234,2953
12340,2954
12341,2955
12342,2956
12343,2957
12344,2958
12345,2959
12346,2960
12347,2961
12348,2962
12349,2963
12350,2964
12351,2965
12352,2966
12353,2967
12354,2968
12355,2969
12356,2970
12357,2971
12358,2972
12359,2973
1236,2974
12360,2975
12361,2976
12362,2977
12363,2978
12364,2979
12365,2980
12366,2981
12367,2982
12368,2983
12369,2984
12370,2985
12371,2986
12372,2987
12373,2988
12374,2989
12375,2990
12376,2991
12377,2992
12378,2993
12379,2994
1238,2995
12380,2996
12381,2997
12382,2998
12383,2999
12384,3000
12385,3001
12386,3002
12387,3003
12388,3004
12389,3005
1239,3006
12390,3007
12391,3008
12392,3009
12393,3010
12394,3011
12395,3012
12396,3013
12397,3014
12398,3015
12399,3016
1240,3017
12400,3018
12401,3019
12402,3020
12403,3021
12404,3022
12405,3023
12406,3024
12407,3025
12408,3026
12409,3027
12410,3028
12411,3029
12412,3030
12413,3031
12414,3032
12415,3033
12416,3034
12417,3035
12418,3036
12419,3037
1242,3038
12420,3039
12421,3040
12422,3041
12423,3042
12424,3043
12425,3044
12426,3045
12427,3046
12428,3047
12429,3048
1243,3049
12430,3050
12431,3051
12432,3052
12433,3053
12434,3054
12435,3055
12436,3056
12437,3057
12438,3058
12439,3059
12440,3060
12441,3061
12442,3062
12443,3063
12444,3064
12445,3065
12446,3066
12447,3067
12448,3068
12449,3069
1245,3070
12450,3071
12451,3072
12452,3073
12453,3074
12454,3075
12455,3076
12456,3077
12457,3078
12458,3079
12459,3080
1246,3081
12460,3082
12461,3083
12462,3084
12463,3085
12464,3086
12465,3087
12466,3088
12467,3089
12468,3090
12469,3091
1247,3092
12470,3093
12471,3094
12472,3095
12473,3096
12474,3097
12475,3098
12476,3099
12477,3100
12478,3101
12479,3102
12480,3103
12481,3104
12482,3105
12484,3106
12485,3107
12486,3108
12487,3109
12488,3110
12489,3111
1249,3112
12490,3113
12491,3114
12493,3115
12494,3116
12495,3117
12496,3118
12497,3119
12498,3120
12499,3121
1250,3122
12500,3123
12501,3124
12502,3125
12504,3126
12505,3127
12506,3128
12507,3129
12508,3130
12509,3131
1251,3132
12510,3133
12511,3134
12512,3135
12513,3136
12514,3137
12515,3138
12516,3139
12517,3140
12518,3141
12519,3142
1252,3143
12520,3144
12521,3145
12522,3146
12523,3147
12524,3148
12525,3149
12527,3150
12528,3151
12529,3152
1253,3153
12530,3154
12531,3155
12532,3156
12533,3157
12534,3158
12535,3159
12536,3160
12537,3161
12538,3162
12540,3163
12541,3164
12542,3165
12543,3166
12544,3167
12545,3168
12546,3169
12548,3170
12549,3171
1255,3172
12550,3173
12551,3174
12552,3175
12553,3176
12554,3177
12557,3178
12558,3179
12559,3180
1256,3181
12560,3182
12561,3183
12562,3184
12563,3185
12565,3186
12566,3187
12567,3188
12568,3189
12569,3190
1257,3191
12570,3192
12571,3193
12572,3194
12573,3195
12574,3196
12575,3197
12576,3198
12577,3199
12578,3200
12579,3201
12580,3202
12581,3203
12582,3204
12583,3205
12584,3206
12585,3207
12586,3208
12587,3209
12588,3210
12589,3211
1259,3212
12590,3213
12591,3214
12592,3215
12593,3216
12594,3217
12595,3218
12596,3219
12597,3220
12598,3221
12599,3222
1260,3223
12600,3224
12601,3225
12602,3226
12603,3227
12604,3228
12605,3229
12606,3230
12607,3231
12608,3232
12609,3233
12611,3234
12612,3235
12613,3236
12614,3237
12615,3238
12616,3239
12617,3240
12618,3241
12619,3242
12620,3243
12621,3244
12622,3245
12624,3246
12625,3247
12626,3248
12627,3249
12628,3250
12629,3251
1263,3252
12630,3253
12632,3254
12633,3255
12634,3256
12635,3257
12636,3258
12637,3259
1264,3260
12640,3261
12641,3262
12642,3263
12643,3264
12644,3265
12645,3266
12646,3267
12647,3268
12648,3269
12649,3270
1265,3271
12650,3272
12651,3273
12652,3274
12653,3275
12654,3276
12655,3277
12656,3278
12657,3279
12658,3280
12659,3281
1266,3282
12660,3283
12661,3284
12662,3285
12663,3286
12664,3287
12665,3288
12666,3289
12667,3290
12668,3291
12669,3292
1267,3293
12670,3294
12671,3295
12672,3296
12673,3297
12674,3298
12675,3299
12676,3300
12677,3301
12678,3302
12679,3303
12680,3304
12681,3305
12682,3306
12683,3307
12684,3308
12685,3309
12686,3310
12687,3311
12688,3312
12689,3313
1269,3314
12690,3315
12691,3316
12692,3317
12693,3318
12694,3319
12695,3320
12696,3321
12697,3322
12698,3323
12699,3324
12700,3325
12701,3326
12702,3327
12703,3328
12704,3329
12705,3330
12706,3331
12707,3332
12708,3333
12709,3334
12710,3335
12711,3336
12712,3337
12713,3338
12714,3339
12715,3340
12716,3341
12717,3342
12718,3343
12719,3344
1272,3345
12720,3346
12721,3347
12722,3348
12723,3349
12724,3350
12725,3351
12726,3352
12727,3353
12728,3354
12729,3355
12730,3356
12731,3357
12732,3358
12733,3359
12734,3360
12735,3361
12736,3362
12737,3363
12738,3364
12739,3365
12740,3366
12741,3367
12742,3368
12743,3369
12744,3370
12745,3371
12746,3372
12747,3373
12748,3374
12749,3375
1275,3376
12750,3377
12751,3378
12752,3379
12753,3380
12754,3381
12755,3382
12756,3383
12757,3384
12758,3385
12759,3386
12760,3387
12761,3388
12762,3389
12763,3390
12764,3391
12765,3392
12766,3393
12767,3394
12768,3395
12769,3396
12770,3397
12771,3398
12772,3399
12773,3400
12774,3401
12775,3402
12776,3403
12777,3404
12778,3405
12779,3406
12780,3407
12781,3408
12782,3409
12783,3410
12784,3411
12785,3412
12786,3413
12787,3414
12788,3415
1279,3416
12790,3417
12791,3418
12792,3419
12794,3420
12795,3421
12796,3422
12797,3423
12798,3424
12799,3425
1280,3426
12800,3427
12801,3428
12802,3429
12803,3430
12804,3431
12805,3432
12806,3433
12807,3434
12808,3435
12809,3436
12810,3437
12811,3438
12812,3439
12813,3440
12814,3441
12815,3442
12816,3443
12817,3444
12818,3445
12819,3446
1282,3447
12820,3448
12821,3449
12822,3450
12823,3451
12824,3452
12825,3453
12826,3454
12827,3455
12828,3456
12829,3457
1283,3458
12830,3459
12831,3460
12832,3461
12833,3462
12834,3463
12835,3464
12836,3465
12837,3466
12838,3467
12839,3468
12840,3469
12841,3470
12842,3471
12843,3472
12844,3473
12845,3474
12846,3475
12847,3476
12848,3477
12849,3478
12850,3479
12851,3480
12852,3481
12853,3482
12854,3483
12855,3484
12856,3485
12858,3486
12859,3487
12860,3488
12861,3489
12862,3490
12863,3491
12864,3492
12865,3493
12866,3494
12867,3495
12868,3496
12869,3497
1287,3498
12870,3499
12871,3500
12872,3501
12873,3502
12874,3503
12875,3504
12876,3505
12877,3506
12878,3507
12879,3508
12880,3509
12881,3510
12882,3511
12883,3512
12884,3513
12885,3514
12886,3515
12887,3516
12888,3517
12889,3518
1289,3519
12890,3520
12892,3521
12893,3522
12894,3523
12895,3524
12896,3525
12897,3526
12898,3527
12899,3528
12900,3529
12901,3530
12902,3531
12903,3532
12904,3533
12905,3534
12906,3535
12907,3536
12908,3537
12909,3538
1291,3539
12910,3540
12911,3541
12912,3542
12913,3543
12914,3544
12915,3545
12916,3546
12917,3547
12918,3548
12919,3549
1292,3550
12920,3551
12921,3552
12922,3553
12923,3554
12924,3555
12925,3556
12926,3557
12927,3558
12928,3559
12929,3560
1293,3561
12930,3562
12931,3563
12932,3564
12933,3565
12935,3566
12936,3567
12938,3568
12939,3569
1294,3570
12940,3571
12941,3572
12942,3573
12943,3574
12944,3575
12945,3576
12946,3577
12947,3578
12948,3579
12949,3580
1295,3581
12950,3582
12951,3583
12952,3584
12953,3585
12954,3586
12955,3587
12956,3588
12957,3589
12958,3590
12959,3591
1296,3592
12960,3593
12961,3594
12962,3595
12963,3596
12964,3597
12965,3598
12966,3599
12967,3600
12968,3601
12969,3602
1297,3603
12970,3604
12971,3605
12972,3606
12974,3607
12975,3608
12976,3609
12977,3610
12978,3611
12979,3612
1298,3613
12980,3614
12981,3615
12982,3616
12984,3617
12985,3618
12986,3619
12987,3620
12988,3621
12989,3622
1299,3623
12990,3624
12991,3625
12992,3626
12993,3627
12994,3628
12995,3629
12996,3630
12997,3631
12998,3632
12999,3633
1300,3634
13000,3635
13001,3636
13002,3637
13003,3638
13004,3639
13005,3640
13006,3641
13007,3642
13008,3643
13009,3644
13010,3645
13011,3646
13012,3647
13013,3648
13014,3649
13015,3650
13016,3651
13017,3652
13018,3653
13019,3654
13020,3655
13021,3656
13022,3657
13023,3658
13024,3659
13025,3660
13026,3661
13027,3662
13028,3663
13029,3664
1303,3665
13030,3666
13031,3667
13032,3668
13033,3669
13034,3670
13035,3671
13036,3672
13037,3673
13038,3674
13039,3675
1304,3676
13040,3677
13041,3678
13042,3679
13043,3680
13044,3681
13045,3682
13046,3683
13047,3684
13048,3685
13049,3686
1305,3687
13050,3688
13051,3689
13052,3690
13053,3691
13054,3692
13055,3693
13056,3694
13057,3695
13058,3696
13059,3697
13060,3698
13061,3699
13062,3700
13063,3701
13064,3702
13065,3703
13066,3704
13067,3705
13068,3706
13069,3707
13070,3708
13071,3709
13072,3710
13073,3711
13074,3712
13075,3713
13076,3714
13077,3715
13078,3716
13079,3717
1308,3718
13080,3719
13081,3720
13082,3721
13083,3722
13084,3723
13085,3724
13086,3725
13087,3726
13088,3727
13089,3728
13090,3729
13091,3730
13092,3731
13093,3732
13094,3733
13095,3734
13096,3735
13097,3736
13098,3737
13099,3738
13100,3739
13101,3740
13102,3741
13103,3742
13104,3743
13105,3744
13106,3745
13107,3746
13108,3747
13109,3748
1311,3749
13110,3750
13111,3751
13112,3752
13113,3753
13114,3754
13115,3755
13116,3756
13117,3757
13118,3758
13119,3759
13120,3760
13121,3761
13122,3762
13123,3763
13124,3764
13125,3765
13126,3766
13127,3767
13128,3768
13129,3769
1313,3770
13130,3771
13131,3772
13132,3773
13133,3774
13134,3775
13135,3776
13136,3777
13137,3778
13138,3779
13139,3780
13140,3781
13141,3782
13142,3783
13143,3784
13145,3785
13146,3786
13147,3787
13148,3788
13149,3789
1315,3790
13150,3791
13151,3792
13153,3793
13154,3794
13155,3795
13156,3796
13157,3797
13158,3798
13159,3799
13161,3800
13162,3801
13163,3802
13164,3803
13165,3804
13166,3805
13167,3806
13168,3807
13169,3808
13170,3809
13171,3810
13172,3811
13173,3812
13174,3813
13175,3814
13176,3815
13177,3816
13178,3817
13179,3818
1318,3819
13180,3820
13181,3821
13182,3822
13183,3823
13184,3824
13185,3825
13186,3826
13187,3827
13188,3828
13189,3829
13190,3830
13191,3831
13192,3832
13193,3833
13194,3834
13195,3835
13196,3836
13197,3837
13198,3838
13199,3839
1320,3840
13200,3841
13201,3842
13202,3843
13203,3844
13204,3845
13205,3846
13206,3847
13207,3848
13208,3849
13209,3850
1321,3851
13210,3852
13211,3853
13212,3854
13213,3855
13215,3856
13218,3857
13219,3858
1322,3859
13221,3860
13222,3861
13223,3862
13224,3863
13226,3864
13227,3865
13228,3866
13229,3867
1323,3868
13230,3869
13231,3870
13232,3871
13233,3872
13234,3873
13235,3874
13237,3875
13238,3876
13239,3877
1324,3878
13240,3879
13241,3880
13242,3881
13243,3882
13244,3883
13245,3884
13246,3885
13247,3886
13249,3887
1325,3888
13250,3889
13251,3890
13252,3891
13253,3892
13254,3893
13255,3894
13256,3895
13257,3896
13258,3897
13259,3898
1326,3899
13260,3900
13261,3901
13262,3902
13263,3903
13264,3904
13265,3905
13266,3906
13267,3907
13268,3908
13269,3909
1327,3910
13270,3911
13271,3912
13272,3913
13273,3914
13274,3915
13275,3916
13276,3917
13277,3918
13278,3919
13279,3920
1328,3921
13280,3922
13281,3923
13282,3924
13283,3925
13284,3926
13285,3927
13286,3928
13287,3929
13288,3930
13289,3931
1329,3932
13290,3933
13291,3934
13292,3935
13293,3936
13294,3937
13295,3938
13296,3939
13297,3940
13298,3941
13299,3942
1330,3943
13300,3944
13301,3945
13302,3946
13303,3947
13304,3948
13305,3949
13306,3950
13307,3951
13308,3952
13309,3953
1331,3954
13310,3955
13311,3956
13312,3957
13313,3958
13314,3959
13315,3960
13316,3961
13317,3962
13318,3963
13319,3964
1332,3965
13320,3966
13321,3967
13322,3968
13323,3969
13324,3970
13325,3971
13326,3972
13327,3973
13328,3974
13329,3975
1333,3976
13330,3977
13331,3978
13332,3979
13333,3980
13334,3981
13335,3982
13337,3983
13338,3984
13339,3985
1334,3986
13340,3987
13341,3988
13342,3989
13343,3990
13344,3991
13345,3992
13346,3993
13347,3994
13348,3995
13349,3996
1335,3997
13350,3998
13351,3999
13352,4000
13353,4001
13354,4002
13355,4003
13356,4004
13358,4005
13359,4006
1336,4007
13360,4008
13361,4009
13362,4010
13363,4011
13364,4012
13365,4013
13366,4014
13367,4015
13368,4016
13369,4017
1337,4018
13370,4019
13371,4020
13372,4021
13373,4022
13374,4023
13375,4024
13376,4025
13377,4026
13378,4027
13379,4028
1338,4029
13380,4030
13381,4031
13382,4032
13383,4033
13384,4034
13385,4035
13386,4036
13387,4037
13388,4038
13389,4039
1339,4040
13390,4041
13391,4042
13392,4043
13393,4044
13394,4045
13395,4046
13397,4047
13398,4048
13399,4049
1340,4050
13400,4051
13401,4052
13402,4053
13403,4054
13405,4055
13407,4056
13408,4057
13409,4058
1341,4059
13410,4060
13411,4061
13412,4062
13413,4063
13414,4064
13415,4065
13416,4066
13417,4067
13419,4068
1342,4069
13421,4070
13422,4071
13423,4072
13424,4073
13425,4074
13426,4075
13427,4076
13428,4077
13429,4078
1343,4079
13430,4080
13431,4081
13432,4082
13433,4083
13434,4084
13435,4085
13436,4086
13437,4087
13438,4088
13439,4089
1344,4090
13440,4091
13441,4092
13442,4093
13443,4094
13444,4095
13445,4096
13446,4097
13447,4098
13448,4099
13449,4100
1345,4101
13451,4102
13452,4103
13453,4104
13454,4105
13455,4106
13456,4107
13457,4108
13458,4109
13459,4110
1346,4111
13460,4112
13461,4113
13462,4114
13463,4115
13465,4116
13466,4117
13467,4118
13468,4119
13469,4120
1347,4121
13470,4122
13471,4123
13472,4124
13473,4125
13474,4126
13475,4127
13476,4128
13477,4129
13478,4130
13479,4131
1348,4132
13480,4133
13481,4134
13482,4135
13483,4136
13484,4137
13485,4138
13486,4139
13487,4140
13488,4141
13489,4142
1349,4143
13490,4144
13491,4145
13492,4146
13493,4147
13494,4148
13495,4149
13496,4150
13497,4151
13498,4152
13499,4153
1350,4154
13500,4155
13501,4156
13502,4157
13503,4158
13504,4159
13505,4160
13506,4161
13507,4162
13508,4163
13509,4164
1351,4165
13510,4166
13511,4167
13512,4168
13513,4169
13514,4170
13515,4171
13516,4172
13517,4173
13518,4174
13519,4175
1352,4176
13520,4177
13522,4178
13523,4179
13524,4180
13525,4181
13526,4182
13527,4183
13528,4184
13529,4185
1353,4186
13530,4187
13531,4188
13532,4189
13533,4190
13534,4191
13535,4192
13536,4193
13537,4194
13538,4195
13539,4196
1354,4197
13540,4198
13541,4199
13542,4200
13543,4201
13544,4202
13545,4203
13547,4204
13549,4205
1355,4206
13550,4207
13551,4208
13552,4209
13553,4210
13554,4211
13555,4212
13556,4213
13557,4214
13558,4215
13559,4216
1356,4217
13560,4218
13561,4219
13562,4220
13563,4221
13564,4222
13565,4223
13566,4224
13567,4225
13568,4226
13569,4227
1357,4228
13570,4229
13571,4230
13572,4231
13573,4232
13574,4233
13575,4234
13576,4235
13577,4236
13578,4237
13579,4238
1358,4239
13580,4240
13581,4241
13582,4242
13583,4243
13584,4244
13585,4245
13586,4246
13587,4247
13588,4248
13589,4249
1359,4250
13590,4251
13591,4252
13592,4253
13593,4254
13594,4255
13595,4256
13596,4257
13597,4258
13598,4259
13599,4260
1360,4261
13600,4262
13601,4263
13602,4264
13603,4265
13604,4266
13605,4267
13606,4268
13607,4269
13608,4270
13609,4271
1361,4272
13610,4273
13611,4274
13612,4275
13613,4276
13614,4277
13615,4278
13616,4279
13617,4280
13618,4281
13619,4282
1362,4283
13620,4284
13621,4285
13622,4286
13623,4287
13624,4288
13625,4289
13626,4290
13627,4291
13628,4292
13629,4293
1363,4294
13630,4295
13631,4296
13632,4297
13633,4298
13634,4299
13635,4300
13636,4301
13637,4302
13638,4303
13639,4304
1364,4305
13640,4306
13641,4307
13642,4308
13643,4309
13644,4310
13645,4311
13646,4312
13647,4313
13648,4314
13649,4315
1365,4316
13650,4317
13651,4318
13652,4319
13653,4320
13654,4321
13655,4322
13656,4323
13657,4324
13658,4325
13659,4326
1366,4327
13660,4328
13661,4329
13662,4330
13663,4331
13664,4332
13665,4333
13666,4334
13667,4335
13668,4336
13669,4337
1367,4338
13670,4339
13671,4340
13672,4341
13673,4342
13674,4343
13675,4344
13676,4345
13677,4346
13678,4347
13679,4348
1368,4349
13680,4350
13681,4351
13682,4352
13683,4353
13684,4354
13685,4355
13686,4356
13687,4357
13688,4358
13689,4359
1369,4360
13691,4361
13692,4362
13693,4363
13694,4364
13695,4365
13696,4366
13697,4367
13698,4368
13699,4369
1370,4370
13700,4371
13701,4372
13702,4373
13703,4374
13704,4375
13705,4376
13706,4377
13707,4378
13708,4379
13709,4380
1371,4381
13710,4382
13711,4383
13712,4384
13713,4385
13714,4386
13715,4387
13716,4388
13717,4389
13718,4390
13719,4391
1372,4392
13720,4393
13721,4394
13722,4395
13723,4396
13725,4397
13726,4398
13727,4399
13728,4400
13729,4401
1373,4402
13730,4403
13731,4404
13732,4405
13733,4406
13734,4407
13735,4408
13736,4409
13737,4410
13738,4411
13739,4412
1374,4413
13740,4414
13741,4415
13742,4416
13743,4417
13744,4418
13745,4419
13747,4420
13748,4421
13749,4422
1375,4423
13750,4424
13751,4425
13752,4426
13753,4427
13754,4428
13755,4429
13756,4430
13757,4431
13758,4432
13759,4433
1376,4434
13760,4435
13761,4436
13762,4437
13763,4438
13764,4439
13765,4440
13766,4441
13767,4442
13768,4443
13769,4444
1377,4445
13770,4446
13771,4447
13772,4448
13773,4449
13774,4450
13775,4451
13776,4452
13777,4453
13778,4454
13779,4455
1378,4456
13780,4457
13781,4458
13782,4459
13783,4460
13784,4461
13785,4462
13786,4463
13787,4464
13788,4465
13789,4466
1379,4467
13791,4468
13792,4469
13793,4470
13794,4471
13795,4472
13796,4473
13797,4474
13798,4475
13799,4476
1380,4477
13800,4478
13803,4479
13804,4480
13805,4481
13806,4482
13807,4483
13808,4484
13809,4485
1381,4486
13810,4487
13811,4488
13813,4489
13814,4490
13815,4491
13816,4492
13817,4493
1382,4494
13820,4495
13821,4496
13822,4497
13823,4498
13825,4499
13826,4500
13828,4501
1383,4502
13830,4503
13831,4504
13834,4505
13836,4506
13837,4507
13838,4508
13839,4509
1384,4510
13840,4511
13841,4512
13842,4513
13843,4514
13844,4515
13845,4516
13846,4517
13847,4518
13848,4519
13849,4520
1385,4521
13850,4522
13851,4523
13852,4524
13853,4525
13854,4526
13855,4527
13856,4528
13857,4529
13858,4530
13859,4531
1386,4532
13860,4533
13861,4534
13862,4535
13863,4536
13864,4537
13865,4538
13866,4539
13867,4540
13868,4541
13869,4542
1387,4543
13870,4544
13871,4545
13872,4546
13873,4547
13874,4548
13875,4549
13876,4550
13877,4551
13878,4552
13879,4553
1388,4554
13880,4555
13881,4556
13882,4557
13883,4558
13884,4559
13885,4560
13886,4561
13887,4562
13888,4563
13889,4564
1389,4565
13890,4566
13891,4567
13892,4568
13893,4569
13894,4570
13895,4571
13896,4572
13897,4573
13898,4574
13899,4575
1390,4576
13900,4577
13901,4578
13902,4579
13903,4580
13904,4581
13905,4582
13906,4583
13907,4584
13908,4585
13909,4586
1391,4587
13910,4588
13911,4589
13912,4590
13913,4591
13914,4592
13915,4593
13916,4594
13917,4595
13918,4596
13919,4597
1392,4598
13920,4599
13921,4600
13922,4601
13923,4602
13924,4603
13925,4604
13926,4605
13927,4606
13928,4607
13929,4608
1393,4609
13930,4610
13931,4611
13932,4612
13933,4613
13934,4614
13935,4615
13936,4616
13937,4617
13938,4618
13939,4619
1394,4620
13940,4621
13941,4622
13942,4623
13943,4624
13944,4625
13945,4626
13946,4627
13947,4628
13948,4629
13949,4630
1395,4631
13950,4632
13951,4633
13952,4634
13953,4635
13954,4636
13955,4637
13956,4638
13957,4639
13958,4640
13959,4641
1396,4642
13960,4643
13961,4644
13962,4645
13963,4646
13964,4647
13965,4648
13966,4649
13967,4650
13968,4651
13969,4652
1397,4653
13970,4654
13971,4655
13972,4656
13973,4657
13974,4658
13975,4659
13977,4660
13978,4661
13979,4662
1398,4663
13980,4664
13981,4665
13982,4666
13983,4667
13984,4668
13985,4669
13986,4670
13987,4671
13988,4672
13989,4673
1399,4674
13990,4675
13991,4676
13992,4677
13993,4678
13994,4679
13995,4680
13996,4681
13997,4682
13998,4683
13999,4684
1400,4685
14000,4686
14001,4687
14002,4688
14004,4689
14005,4690
14006,4691
14007,4692
14008,4693
14009,4694
1401,4695
14010,4696
14011,4697
14012,4698
14013,4699
14014,4700
14015,4701
14016,4702
14017,4703
14018,4704
14019,4705
1402,4706
14020,4707
14021,4708
14022,4709
14023,4710
14024,4711
14025,4712
14026,4713
14027,4714
14028,4715
14029,4716
1403,4717
14030,4718
14031,4719
14032,4720
14033,4721
14034,4722
14035,4723
14036,4724
14037,4725
14038,4726
14039,4727
1404,4728
14040,4729
14041,4730
14042,4731
14044,4732
14045,4733
14046,4734
14047,4735
14048,4736
14049,4737
1405,4738
14050,4739
14051,4740
14052,4741
14053,4742
14054,4743
14055,4744
14056,4745
14057,4746
14058,4747
14059,4748
1406,4749
14060,4750
14062,4751
14063,4752
14064,4753
14065,4754
14066,4755
14067,4756
14068,4757
14069,4758
1407,4759
14070,4760
14071,4761
14072,4762
14073,4763
14074,4764
14075,4765
14076,4766
14077,4767
14078,4768
14079,4769
1408,4770
14080,4771
14081,4772
14082,4773
14083,4774
14084,4775
14085,4776
14086,4777
14087,4778
14088,4779
14089,4780
1409,4781
14091,4782
14093,4783
14094,4784
14095,4785
14096,4786
14097,4787
14098,4788
14099,4789
1410,4790
14101,4791
14102,4792
14103,4793
14104,4794
14105,4795
14106,4796
14107,4797
14108,4798
14109,4799
1411,4800
14110,4801
14111,4802
14112,4803
14113,4804
14114,4805
14115,4806
14116,4807
14117,4808
14118,4809
1412,4810
14120,4811
14121,4812
14122,4813
14123,4814
14124,4815
14125,4816
14126,4817
14127,4818
14128,4819
14129,4820
1413,4821
14130,4822
14131,4823
14132,4824
14133,4825
14134,4826
14135,4827
14136,4828
14137,4829
14138,4830
14139,4831
1414,4832
14140,4833
14141,4834
14142,4835
14143,4836
14145,4837
14146,4838
14148,4839
14149,4840
1415,4841
14150,4842
14151,4843
14152,4844
14153,4845
14154,4846
14155,4847
14156,4848
14157,4849
14158,4850
14159,4851
1416,4852
14160,4853
14161,4854
14162,4855
14163,4856
14164,4857
14165,4858
14166,4859
14167,4860
14168,4861
14169,4862
1417,4863
14170,4864
14171,4865
14172,4866
14173,4867
14174,4868
14175,4869
14176,4870
14177,4871
14178,4872
14179,4873
1418,4874
14180,4875
14181,4876
14182,4877
14183,4878
14184,4879
14185,4880
14186,4881
14187,4882
14188,4883
14189,4884
1419,4885
14190,4886
14191,4887
14192,4888
14193,4889
14194,4890
14195,4891
14196,4892
14197,4893
14198,4894
14199,4895
1420,4896
14200,4897
14201,4898
14202,4899
14203,4900
14204,4901
14205,4902
14206,4903
14207,4904
14208,4905
14209,4906
1421,4907
14210,4908
14211,4909
14212,4910
14213,4911
14214,4912
14215,4913
14216,4914
14217,4915
14218,4916
14219,4917
1422,4918
14220,4919
14221,4920
14222,4921
14224,4922
14225,4923
14226,4924
14227,4925
14228,4926
14229,4927
1423,4928
14230,4929
14231,4930
14232,4931
14233,4932
14234,4933
14235,4934
14236,4935
14237,4936
14238,4937
14239,4938
1424,4939
14240,4940
14241,4941
14242,4942
14243,4943
14244,4944
14245,4945
14246,4946
14247,4947
14248,4948
14249,4949
1425,4950
14250,4951
14251,4952
14252,4953
14253,4954
14254,4955
14255,4956
14256,4957
14257,4958
14258,4959
14259,4960
1426,4961
14260,4962
14261,4963
14262,4964
14263,4965
14264,4966
14265,4967
14266,4968
14267,4969
14268,4970
14269,4971
1427,4972
14270,4973
14271,4974
14272,4975
14273,4976
14274,4977
14275,4978
14276,4979
14277,4980
14278,4981
14279,4982
1428,4983
14280,4984
14281,4985
14282,4986
14283,4987
14284,4988
14286,4989
14287,4990
14288,4991
14289,4992
1429,4993
14290,4994
14291,4995
14292,4996
14293,4997
14294,4998
14295,4999
14296,5000
14297,5001
14298,5002
14299,5003
1430,5004
14300,5005
14301,5006
14302,5007
14303,5008
14304,5009
14305,5010
14306,5011
14307,5012
14308,5013
14309,5014
1431,5015
14310,5016
14311,5017
14312,5018
14314,5019
14315,5020
14316,5021
14317,5022
14318,5023
1432,5024
14320,5025
14321,5026
14322,5027
14323,5028
14324,5029
14325,5030
14326,5031
14327,5032
14328,5033
14329,5034
1433,5035
14330,5036
14331,5037
14332,5038
14333,5039
14334,5040
14335,5041
14336,5042
14337,5043
14338,5044
14339,5045
1434,5046
14340,5047
14342,5048
14343,5049
14344,5050
14345,5051
14346,5052
14347,5053
14348,5054
14349,5055
1435,5056
14350,5057
14351,5058
14352,5059
14353,5060
14354,5061
14355,5062
14356,5063
14357,5064
14358,5065
14359,5066
1436,5067
14360,5068
14361,5069
14362,5070
14363,5071
14364,5072
14365,5073
14366,5074
14367,5075
14368,5076
14369,5077
1437,5078
14370,5079
14371,5080
14372,5081
14373,5082
14374,5083
14375,5084
14376,5085
14377,5086
14378,5087
14379,5088
1438,5089
14380,5090
14381,5091
14382,5092
14383,5093
14384,5094
14386,5095
14387,5096
14388,5097
1439,5098
14390,5099
14391,5100
14392,5101
14393,5102
14394,5103
14395,5104
14396,5105
14398,5106
14399,5107
1440,5108
14400,5109
14401,5110
14402,5111
14403,5112
14404,5113
14405,5114
14406,5115
14407,5116
14408,5117
14409,5118
1441,5119
14410,5120
14411,5121
14412,5122
14416,5123
14417,5124
14418,5125
14419,5126
1442,5127
14420,5128
14421,5129
14423,5130
14424,5131
14426,5132
14429,5133
1443,5134
14432,5135
14433,5136
14434,5137
14435,5138
14436,5139
14437,5140
14438,5141
14439,5142
1444,5143
14440,5144
14441,5145
14442,5146
14443,5147
14444,5148
14445,5149
14446,5150
14447,5151
14448,5152
14449,5153
1445,5154
14450,5155
14451,5156
14452,5157
14453,5158
14454,5159
14455,5160
14456,5161
14457,5162
14458,5163
14459,5164
1446,5165
14460,5166
14461,5167
14462,5168
14463,5169
14464,5170
14465,5171
14466,5172
14467,5173
14468,5174
14469,5175
1447,5176
14470,5177
14471,5178
14472,5179
14473,5180
14474,5181
14475,5182
14476,5183
14477,5184
14478,5185
14479,5186
1448,5187
14480,5188
14481,5189
14482,5190
14483,5191
14484,5192
14485,5193
14486,5194
14487,5195
14488,5196
14489,5197
1449,5198
14490,5199
14491,5200
14492,5201
14493,5202
14494,5203
14495,5204
14496,5205
14497,5206
14498,5207
14499,5208
1450,5209
14500,5210
14501,5211
14502,5212
14503,5213
14504,5214
14505,5215
14506,5216
14507,5217
14508,5218
14509,5219
1451,5220
14510,5221
14511,5222
14513,5223
14514,5224
14515,5225
14516,5226
14517,5227
14518,5228
14519,5229
1452,5230
14520,5231
14521,5232
14522,5233
14523,5234
14524,5235
14525,5236
14526,5237
14527,5238
14528,5239
14529,5240
1453,5241
14530,5242
14531,5243
14532,5244
14533,5245
14534,5246
14535,5247
14536,5248
14537,5249
14538,5250
14539,5251
1454,5252
14540,5253
14541,5254
14542,5255
14543,5256
14544,5257
14545,5258
14546,5259
14547,5260
14548,5261
14549,5262
1455,5263
14550,5264
14551,5265
14552,5266
14553,5267
14554,5268
14555,5269
14556,5270
14557,5271
14558,5272
14559,5273
1456,5274
14560,5275
14561,5276
14562,5277
14563,5278
14564,5279
14565,5280
14566,5281
14567,5282
14568,5283
14569,5284
1457,5285
14570,5286
14571,5287
14572,5288
14573,5289
14574,5290
14575,5291
14576,5292
14577,5293
14578,5294
14579,5295
1458,5296
14580,5297
14581,5298
14582,5299
14583,5300
14584,5301
14585,5302
14586,5303
14587,5304
14588,5305
14589,5306
1459,5307
14590,5308
14591,5309
14592,5310
14593,5311
14594,5312
14595,5313
14596,5314
14597,5315
14598,5316
14599,5317
1460,5318
14600,5319
14601,5320
14602,5321
14603,5322
14604,5323
14605,5324
14606,5325
14607,5326
14608,5327
14609,5328
1461,5329
14610,5330
14611,5331
14612,5332
14613,5333
14614,5334
14615,5335
14616,5336
14617,5337
14618,5338
14619,5339
1462,5340
14620,5341
14621,5342
14622,5343
14623,5344
14624,5345
14625,5346
14626,5347
14627,5348
14628,5349
14629,5350
1463,5351
14630,5352
14631,5353
14632,5354
14633,5355
14634,5356
14635,5357
14636,5358
14637,5359
14638,5360
14639,5361
1464,5362
14640,5363
14642,5364
14643,5365
14644,5366
14645,5367
14646,5368
14647,5369
14648,5370
14649,5371
1465,5372
14650,5373
14651,5374
14652,5375
14653,5376
14654,5377
14655,5378
14656,5379
14657,5380
14658,5381
14659,5382
1466,5383
14660,5384
14661,5385
14662,5386
14663,5387
14665,5388
14666,5389
14667,5390
14668,5391
14669,5392
1467,5393
14670,5394
14671,5395
14672,5396
14673,5397
14674,5398
14675,5399
14676,5400
14677,5401
14678,5402
14679,5403
1468,5404
14680,5405
14681,5406
14682,5407
14683,5408
14684,5409
14685,5410
14686,5411
14687,5412
14688,5413
14689,5414
1469,5415
14690,5416
14691,5417
14692,5418
14694,5419
14695,5420
14696,5421
14697,5422
14698,5423
14699,5424
1470,5425
14700,5426
14701,5427
14702,5428
14703,5429
14704,5430
14705,5431
14706,5432
14707,5433
14708,5434
14709,5435
1471,5436
14710,5437
14711,5438
14712,5439
14713,5440
14714,5441
14715,5442
14716,5443
14717,5444
14718,5445
14719,5446
1472,5447
14720,5448
14721,5449
14722,5450
14723,5451
14724,5452
14725,5453
14726,5454
14727,5455
14728,5456
14729,5457
1473,5458
14730,5459
14731,5460
14732,5461
14733,5462
14734,5463
14735,5464
14736,5465
14737,5466
14738,5467
14739,5468
1474,5469
14740,5470
14741,5471
14742,5472
14743,5473
14744,5474
14745,5475
14746,5476
14747,5477
14748,5478
14749,5479
1475,5480
14750,5481
14751,5482
14752,5483
14754,5484
14755,5485
14756,5486
14757,5487
14758,5488
14759,5489
1476,5490
14760,5491
14761,5492
14762,5493
14763,5494
14764,5495
14765,5496
14766,5497
14767,5498
14768,5499
14769,5500
1477,5501
14770,5502
14771,5503
14772,5504
14773,5505
14774,5506
14775,5507
14776,5508
14777,5509
14778,5510
14779,5511
1478,5512
14780,5513
14781,5514
14782,5515
14783,5516
14784,5517
14785,5518
14786,5519
14787,5520
14788,5521
14789,5522
1479,5523
14790,5524
14791,5525
14792,5526
14793,5527
14794,5528
14795,5529
14796,5530
14797,5531
14798,5532
14799,5533
1480,5534
14800,5535
14801,5536
14802,5537
14803,5538
14804,5539
14805,5540
14806,5541
14807,5542
14808,5543
14809,5544
1481,5545
14810,5546
14811,5547
14812,5548
14813,5549
14814,5550
14815,5551
14816,5552
14817,5553
14818,5554
14819,5555
1482,5556
14820,5557
14821,5558
14822,5559
14823,5560
14824,5561
14825,5562
14826,5563
14827,5564
14828,5565
14829,5566
1483,5567
14830,5568
14831,5569
14832,5570
14833,5571
14834,5572
14835,5573
14837,5574
14838,5575
14839,5576
1484,5577
14840,5578
14841,5579
14842,5580
14843,5581
14844,5582
14846,5583
14847,5584
14848,5585
14849,5586
1485,5587
14850,5588
14851,5589
14852,5590
14853,5591
14854,5592
14855,5593
14856,5594
14857,5595
14858,5596
14859,5597
1486,5598
14860,5599
14861,5600
14862,5601
14863,5602
14864,5603
14865,5604
14866,5605
14867,5606
14868,5607
14869,5608
1487,5609
14870,5610
14871,5611
14872,5612
14873,5613
14874,5614
14875,5615
14876,5616
14877,5617
14878,5618
14879,5619
1488,5620
14880,5621
14881,5622
14882,5623
14883,5624
14884,5625
14885,5626
14886,5627
14887,5628
14888,5629
14889,5630
1489,5631
14890,5632
14891,5633
14892,5634
14893,5635
14894,5636
14895,5637
14896,5638
14897,5639
14898,5640
14899,5641
1490,5642
14900,5643
14901,5644
14902,5645
14903,5646
14904,5647
14905,5648
14906,5649
14907,5650
14908,5651
14909,5652
1491,5653
14910,5654
14911,5655
14912,5656
14913,5657
14914,5658
14915,5659
14916,5660
14917,5661
14918,5662
14919,5663
1492,5664
14920,5665
14921,5666
14922,5667
14923,5668
14924,5669
14925,5670
14926,5671
14927,5672
14928,5673
14929,5674
1493,5675
14930,5676
14932,5677
14933,5678
14934,5679
14935,5680
14936,5681
14937,5682
14938,5683
14939,5684
1494,5685
14940,5686
14941,5687
14942,5688
14943,5689
14944,5690
14946,5691
14947,5692
14948,5693
14949,5694
1495,5695
14950,5696
14951,5697
14952,5698
14953,5699
14954,5700
14955,5701
14956,5702
14957,5703
14958,5704
14959,5705
1496,5706
14960,5707
14961,5708
14962,5709
14963,5710
14964,5711
14965,5712
14966,5713
14967,5714
14968,5715
14969,5716
1497,5717
14970,5718
14971,5719
14972,5720
14973,5721
14974,5722
14975,5723
14976,5724
14977,5725
14979,5726
1498,5727
14980,5728
14981,5729
14982,5730
14983,5731
14984,5732
14986,5733
14988,5734
14989,5735
1499,5736
14990,5737
14991,5738
14992,5739
14993,5740
14994,5741
14995,5742
14998,5743
1500,5744
15002,5745
15003,5746
15004,5747
15005,5748
15006,5749
15008,5750
15009,5751
1501,5752
15010,5753
15011,5754
15013,5755
15014,5756
15015,5757
15016,5758
15017,5759
15018,5760
15019,5761
1502,5762
15021,5763
15024,5764
15025,5765
15026,5766
15027,5767
15028,5768
15029,5769
1503,5770
15030,5771
15031,5772
15032,5773
15033,5774
15034,5775
15035,5776
15036,5777
15037,5778
15038,5779
15039,5780
1504,5781
15040,5782
15041,5783
15042,5784
15043,5785
15044,5786
15045,5787
15046,5788
15047,5789
15048,5790
15049,5791
1505,5792
15050,5793
15051,5794
15052,5795
15053,5796
15054,5797
15055,5798
15056,5799
15057,5800
15058,5801
15059,5802
1506,5803
15060,5804
15061,5805
15062,5806
15063,5807
15064,5808
15065,5809
15066,5810
15067,5811
15068,5812
15069,5813
1507,5814
15070,5815
15071,5816
15072,5817
15073,5818
15074,5819
15075,5820
15076,5821
15077,5822
15078,5823
15079,5824
1508,5825
15080,5826
15081,5827
15082,5828
15083,5829
15084,5830
15085,5831
15086,5832
15087,5833
15088,5834
15089,5835
1509,5836
15090,5837
15091,5838
15092,5839
15093,5840
15094,5841
15095,5842
15096,5843
15097,5844
15098,5845
15099,5846
1510,5847
15100,5848
15101,5849
15102,5850
15103,5851
15104,5852
15105,5853
15106,5854
15107,5855
15108,5856
15109,5857
1511,5858
15110,5859
15111,5860
15112,5861
15113,5862
15114,5863
15115,5864
15116,5865
15117,5866
15118,5867
15119,5868
1512,5869
15120,5870
15121,5871
15122,5872
15123,5873
15124,5874
15125,5875
15126,5876
15127,5877
15128,5878
15129,5879
1513,5880
15130,5881
15131,5882
15132,5883
15133,5884
15134,5885
15135,5886
15136,5887
15137,5888
15138,5889
15139,5890
1514,5891
15140,5892
15141,5893
15142,5894
15143,5895
15144,5896
15145,5897
15146,5898
15147,5899
15148,5900
15149,5901
1515,5902
15150,5903
15151,5904
15152,5905
15153,5906
15154,5907
15155,5908
15156,5909
15157,5910
15158,5911
15159,5912
1516,5913
15160,5914
15161,5915
15162,5916
15163,5917
15164,5918
15165,5919
15166,5920
15167,5921
15168,5922
15169,5923
1517,5924
15170,5925
15171,5926
15172,5927
15173,5928
15174,5929
15175,5930
15176,5931
15177,5932
15178,5933
15179,5934
1518,5935
15180,5936
15181,5937
15182,5938
15183,5939
15184,5940
15185,5941
15186,5942
15187,5943
15188,5944
15189,5945
1519,5946
15190,5947
15191,5948
15192,5949
15193,5950
15194,5951
15195,5952
15196,5953
15197,5954
15198,5955
1520,5956
15200,5957
15201,5958
15202,5959
15203,5960
15204,5961
15205,5962
15206,5963
15207,5964
15208,5965
15209,5966
1521,5967
15210,5968
15211,5969
15212,5970
15213,5971
15214,5972
15215,5973
15216,5974
15217,5975
15218,5976
15219,5977
1522,5978
15220,5979
15221,5980
15222,5981
15223,5982
15224,5983
15225,5984
15226,5985
15227,5986
15228,5987
15229,5988
1523,5989
15230,5990
15231,5991
15233,5992
15234,5993
15235,5994
15236,5995
15237,5996
15238,5997
15239,5998
1524,5999
15240,6000
15241,6001
15242,6002
15243,6003
15244,6004
15245,6005
15246,6006
15247,6007
15248,6008
15249,6009
1525,6010
15250,6011
15251,6012
15252,6013
15253,6014
15254,6015
15255,6016
15256,6017
15257,6018
15258,6019
15259,6020
1526,6021
15260,6022
15261,6023
15262,6024
15263,6025
15264,6026
15265,6027
15266,6028
15267,6029
15268,6030
15269,6031
1527,6032
15270,6033
15271,6034
15272,6035
15273,6036
15274,6037
15275,6038
15276,6039
15277,6040
15278,6041
15279,6042
1528,6043
15280,6044
15281,6045
15282,6046
15283,6047
15284,6048
15285,6049
15286,6050
15287,6051
15288,6052
15289,6053
1529,6054
15290,6055
15291,6056
15292,6057
15293,6058
15294,6059
15295,6060
15296,6061
15297,6062
15298,6063
15299,6064
1530,6065
15300,6066
15301,6067
15302,6068
15303,6069
15304,6070
15305,6071
15306,6072
15307,6073
15308,6074
15309,6075
1531,6076
15310,6077
15311,6078
15312,6079
15313,6080
15314,6081
15315,6082
15316,6083
15317,6084
15318,6085
15319,6086
1532,6087
15320,6088
15321,6089
15322,6090
15323,6091
15324,6092
15325,6093
15326,6094
15327,6095
15328,6096
15329,6097
1533,6098
15330,6099
15331,6100
15332,6101
15333,6102
15334,6103
15335,6104
15336,6105
15337,6106
15338,6107
15339,6108
1534,6109
15340,6110
15341,6111
15342,6112
15344,6113
15345,6114
15346,6115
15347,6116
15348,6117
15349,6118
1535,6119
15350,6120
15351,6121
15352,6122
15353,6123
15354,6124
15355,6125
15356,6126
15357,6127
15358,6128
15359,6129
1536,6130
15360,6131
15361,6132
15362,6133
15363,6134
15364,6135
15365,6136
15366,6137
15367,6138
15368,6139
15369,6140
1537,6141
15370,6142
15371,6143
15372,6144
15373,6145
15374,6146
15375,6147
15376,6148
15377,6149
15378,6150
15379,6151
1538,6152
15380,6153
15381,6154
15382,6155
15383,6156
15384,6157
15385,6158
15386,6159
15387,6160
15388,6161
15389,6162
1539,6163
15390,6164
15391,6165
15392,6166
15394,6167
15395,6168
15396,6169
15397,6170
15398,6171
15399,6172
1540,6173
15400,6174
15401,6175
15402,6176
15403,6177
15404,6178
15405,6179
15406,6180
15407,6181
15408,6182
15409,6183
1541,6184
15410,6185
15411,6186
15412,6187
15413,6188
15414,6189
15415,6190
15416,6191
15417,6192
15418,6193
15419,6194
1542,6195
15420,6196
15421,6197
15422,6198
15423,6199
15424,6200
15425,6201
15426,6202
15427,6203
15428,6204
15429,6205
1543,6206
15430,6207
15431,6208
15432,6209
15433,6210
15434,6211
15435,6212
15436,6213
15437,6214
15438,6215
15439,6216
1544,6217
15440,6218
15441,6219
15442,6220
15443,6221
15444,6222
15445,6223
15446,6224
15447,6225
15448,6226
15449,6227
1545,6228
15450,6229
15451,6230
15452,6231
15453,6232
15454,6233
15455,6234
15456,6235
15457,6236
15458,6237
15459,6238
1546,6239
15460,6240
15461,6241
15462,6242
15464,6243
15465,6244
15466,6245
15467,6246
15468,6247
15469,6248
1547,6249
15470,6250
15471,6251
15472,6252
15473,6253
15474,6254
15475,6255
15476,6256
15477,6257
15478,6258
15479,6259
1548,6260
15480,6261
15481,6262
15482,6263
15483,6264
15484,6265
15485,6266
15486,6267
15487,6268
15488,6269
15489,6270
1549,6271
15490,6272
15491,6273
15492,6274
15493,6275
15494,6276
15495,6277
15496,6278
15497,6279
15498,6280
15499,6281
1550,6282
15500,6283
15501,6284
15502,6285
15503,6286
15504,6287
15505,6288
15506,6289
15507,6290
15508,6291
15509,6292
1551,6293
15510,6294
15511,6295
15512,6296
15513,6297
15514,6298
15515,6299
15516,6300
15517,6301
15518,6302
15519,6303
1552,6304
15520,6305
15521,6306
15522,6307
15523,6308
15524,6309
15525,6310
15527,6311
15528,6312
15529,6313
1553,6314
15530,6315
15531,6316
15532,6317
15533,6318
15534,6319
15535,6320
15536,6321
15537,6322
15538,6323
15539,6324
1554,6325
15540,6326
15541,6327
15542,6328
15543,6329
15544,6330
15545,6331
15546,6332
15547,6333
15548,6334
15549,6335
1555,6336
15550,6337
15551,6338
15552,6339
15553,6340
15554,6341
15555,6342
15556,6343
15557,6344
15558,6345
15559,6346
1556,6347
15560,6348
15561,6349
15562,6350
15563,6351
15564,6352
15565,6353
15566,6354
15567,6355
1557,6356
15570,6357
15571,6358
15572,6359
15574,6360
15575,6361
15576,6362
15577,6363
15578,6364
15579,6365
15580,6366
15582,6367
15584,6368
15586,6369
15587,6370
15588,6371
15589,6372
1559,6373
15590,6374
15591,6375
15592,6376
15593,6377
15594,6378
15595,6379
15597,6380
15598,6381
15599,6382
1560,6383
15600,6384
15602,6385
15605,6386
15606,6387
15608,6388
15609,6389
1561,6390
15610,6391
15612,6392
15613,6393
15614,6394
15615,6395
15616,6396
15617,6397
15618,6398
15619,6399
1562,6400
15620,6401
15621,6402
15622,6403
15623,6404
15624,6405
15625,6406
15626,6407
15627,6408
15628,6409
15629,6410
1563,6411
15630,6412
15631,6413
15632,6414
15633,6415
15634,6416
15635,6417
15636,6418
15637,6419
15638,6420
15639,6421
1564,6422
15640,6423
15641,6424
15642,6425
15643,6426
15644,6427
15645,6428
15646,6429
15647,6430
15648,6431
15649,6432
1565,6433
15650,6434
15651,6435
15652,6436
15653,6437
15654,6438
15655,6439
15656,6440
15657,6441
15658,6442
15659,6443
1566,6444
15660,6445
15661,6446
15662,6447
15663,6448
15664,6449
15665,6450
15666,6451
15667,6452
15668,6453
15669,6454
1567,6455
15670,6456
15671,6457
15672,6458
15673,6459
15675,6460
15676,6461
15677,6462
15678,6463
15679,6464
1568,6465
15680,6466
15681,6467
15682,6468
15683,6469
15684,6470
15685,6471
15686,6472
15687,6473
15688,6474
15689,6475
1569,6476
15690,6477
15691,6478
15692,6479
15693,6480
15694,6481
15695,6482
15696,6483
15697,6484
15698,6485
15699,6486
1570,6487
15701,6488
15702,6489
15703,6490
15704,6491
15706,6492
15707,6493
15708,6494
15709,6495
1571,6496
15710,6497
15711,6498
15712,6499
15713,6500
15714,6501
15715,6502
15716,6503
15717,6504
15718,6505
15719,6506
1572,6507
15720,6508
15721,6509
15722,6510
15723,6511
15724,6512
15725,6513
15726,6514
15727,6515
15728,6516
15729,6517
1573,6518
15730,6519
15731,6520
15732,6521
15733,6522
15734,6523
15735,6524
15736,6525
15737,6526
15738,6527
15739,6528
1574,6529
15740,6530
15741,6531
15742,6532
15743,6533
15744,6534
15745,6535
15746,6536
15747,6537
15748,6538
15749,6539
1575,6540
15750,6541
15751,6542
15752,6543
15753,6544
15754,6545
15755,6546
15756,6547
15757,6548
15758,6549
15759,6550
1576,6551
15760,6552
15761,6553
15762,6554
15763,6555
15764,6556
15765,6557
15766,6558
15767,6559
15768,6560
15769,6561
1577,6562
15770,6563
15771,6564
15772,6565
15773,6566
15774,6567
15775,6568
15776,6569
15777,6570
15778,6571
15779,6572
1578,6573
15780,6574
15781,6575
15783,6576
15784,6577
15785,6578
15786,6579
15787,6580
15788,6581
15789,6582
1579,6583
15790,6584
15791,6585
15792,6586
15793,6587
15794,6588
15795,6589
15796,6590
15797,6591
15798,6592
15799,6593
1580,6594
15800,6595
15801,6596
15802,6597
15803,6598
15804,6599
15805,6600
15806,6601
15808,6602
15809,6603
1581,6604
15810,6605
15811,6606
15812,6607
15813,6608
15814,6609
15815,6610
15816,6611
15817,6612
15818,6613
15819,6614
1582,6615
15820,6616
15821,6617
15822,6618
15823,6619
15824,6620
15825,6621
15826,6622
15827,6623
15828,6624
15829,6625
1583,6626
15830,6627
15831,6628
15832,6629
15833,6630
15835,6631
15836,6632
15837,6633
15838,6634
15839,6635
1584,6636
15841,6637
15842,6638
15843,6639
15844,6640
15845,6641
15846,6642
15847,6643
15848,6644
15849,6645
1585,6646
15850,6647
15851,6648
15852,6649
15853,6650
15854,6651
15855,6652
15856,6653
15857,6654
15858,6655
15859,6656
1586,6657
15860,6658
15861,6659
15862,6660
15863,6661
15864,6662
15865,6663
15866,6664
15867,6665
15868,6666
15869,6667
1587,6668
15870,6669
15871,6670
15872,6671
15873,6672
15874,6673
15875,6674
15876,6675
15877,6676
15878,6677
15879,6678
1588,6679
15880,6680
15881,6681
15882,6682
15883,6683
15884,6684
15885,6685
15886,6686
15887,6687
15888,6688
15889,6689
1589,6690
15890,6691
15891,6692
15892,6693
15893,6694
15894,6695
15895,6696
15896,6697
15897,6698
15898,6699
15899,6700
1590,6701
15900,6702
15901,6703
15902,6704
15903,6705
15904,6706
15905,6707
15906,6708
15907,6709
15908,6710
15909,6711
1591,6712
15910,6713
15911,6714
15912,6715
15913,6716
15914,6717
15915,6718
15916,6719
15917,6720
15918,6721
15919,6722
1592,6723
15920,6724
15921,6725
15922,6726
15923,6727
15924,6728
15925,6729
15926,6730
15927,6731
15928,6732
15929,6733
1593,6734
15930,6735
15931,6736
15932,6737
15933,6738
15934,6739
15935,6740
15936,6741
15937,6742
15938,6743
15939,6744
1594,6745
15941,6746
15942,6747
15943,6748
15944,6749
15945,6750
15946,6751
15947,6752
15948,6753
15949,6754
1595,6755
15950,6756
15951,6757
15952,6758
15953,6759
15954,6760
15955,6761
15956,6762
15957,6763
15958,6764
15959,6765
1596,6766
15960,6767
15961,6768
15962,6769
15963,6770
15964,6771
15965,6772
15966,6773
15967,6774
15968,6775
15969,6776
1597,6777
15970,6778
15971,6779
15972,6780
15973,6781
15974,6782
15975,6783
15976,6784
15977,6785
15978,6786
15979,6787
1598,6788
15980,6789
15981,6790
15982,6791
15983,6792
15984,6793
15985,6794
15986,6795
15987,6796
15988,6797
15989,6798
1599,6799
15990,6800
15991,6801
15992,6802
15993,6803
15994,6804
15995,6805
15996,6806
15997,6807
15998,6808
15999,6809
1600,6810
16000,6811
16001,6812
16002,6813
16003,6814
16004,6815
16005,6816
16006,6817
16007,6818
16008,6819
16009,6820
1601,6821
16010,6822
16011,6823
16012,6824
16013,6825
16014,6826
16015,6827
16016,6828
16017,6829
16018,6830
16019,6831
1602,6832
16020,6833
16021,6834
16022,6835
16023,6836
16024,6837
16025,6838
16026,6839
16027,6840
16028,6841
16029,6842
1603,6843
16030,6844
16031,6845
16032,6846
16033,6847
16034,6848
16035,6849
16036,6850
16037,6851
16038,6852
16039,6853
1604,6854
16040,6855
16041,6856
16042,6857
16043,6858
16044,6859
16045,6860
16046,6861
16047,6862
16048,6863
16049,6864
1605,6865
16050,6866
16051,6867
16052,6868
16053,6869
16054,6870
16055,6871
16056,6872
16057,6873
16058,6874
16059,6875
1606,6876
16060,6877
16061,6878
16062,6879
16063,6880
16065,6881
16066,6882
16067,6883
16068,6884
16069,6885
1607,6886
16070,6887
16071,6888
16072,6889
16073,6890
16074,6891
16075,6892
16076,6893
16077,6894
16078,6895
16079,6896
1608,6897
16080,6898
16081,6899
16082,6900
16083,6901
16084,6902
16085,6903
16086,6904
16087,6905
16088,6906
16089,6907
1609,6908
16090,6909
16091,6910
16093,6911
16094,6912
16095,6913
16096,6914
16097,6915
16099,6916
1610,6917
16100,6918
16101,6919
16102,6920
16103,6921
16104,6922
16105,6923
16106,6924
16107,6925
16108,6926
16109,6927
1611,6928
16110,6929
16111,6930
16112,6931
16113,6932
16114,6933
16115,6934
16116,6935
16117,6936
16118,6937
16119,6938
1612,6939
16120,6940
16121,6941
16122,6942
16123,6943
16124,6944
16125,6945
16126,6946
16127,6947
16128,6948
16129,6949
1613,6950
16130,6951
16131,6952
16132,6953
16133,6954
16134,6955
16135,6956
16136,6957
16137,6958
16138,6959
16139,6960
1614,6961
16140,6962
16141,6963
16142,6964
16143,6965
16144,6966
16145,6967
16146,6968
16147,6969
16148,6970
16149,6971
1615,6972
16150,6973
16151,6974
16152,6975
16153,6976
16154,6977
16155,6978
16156,6979
16157,6980
16158,6981
16159,6982
1616,6983
16160,6984
16161,6985
16162,6986
16163,6987
16164,6988
16165,6989
16166,6990
16167,6991
16168,6992
16169,6993
1617,6994
16170,6995
16171,6996
16172,6997
16175,6998
16177,6999
16178,7000
16179,7001
1618,7002
16183,7003
16186,7004
16187,7005
16188,7006
16189,7007
1619,7008
16190,7009
16192,7010
16193,7011
16197,7012
16199,7013
1620,7014
16200,7015
16201,7016
16202,7017
16203,7018
16204,7019
16205,7020
16206,7021
16207,7022
16208,7023
16209,7024
1621,7025
16210,7026
16211,7027
16212,7028
16213,7029
16214,7030
16215,7031
16216,7032
16217,7033
16218,7034
16219,7035
1622,7036
16220,7037
16221,7038
16222,7039
16223,7040
16224,7041
16225,7042
16226,7043
16227,7044
16228,7045
16229,7046
1623,7047
16230,7048
16231,7049
16232,7050
16233,7051
16234,7052
16235,7053
16236,7054
16237,7055
16238,7056
16239,7057
1624,7058
16240,7059
16241,7060
16242,7061
16243,7062
16244,7063
16245,7064
16246,7065
16247,7066
16248,7067
16249,7068
1625,7069
16250,7070
16251,7071
16252,7072
16253,7073
16254,7074
16255,7075
16256,7076
16257,7077
16258,7078
16259,7079
1626,7080
16260,7081
16261,7082
16262,7083
16263,7084
16264,7085
16265,7086
16266,7087
16267,7088
16268,7089
16269,7090
1627,7091
16270,7092
16271,7093
16272,7094
16273,7095
16274,7096
16275,7097
16276,7098
16277,7099
16278,7100
16279,7101
1628,7102
16280,7103
16281,7104
16282,7105
16283,7106
16284,7107
16285,7108
16286,7109
16288,7110
16289,7111
1629,7112
16290,7113
16291,7114
16292,7115
16293,7116
16294,7117
16295,7118
16296,7119
16297,7120
16298,7121
16299,7122
1630,7123
16300,7124
16301,7125
16302,7126
16303,7127
16304,7128
16305,7129
16306,7130
16307,7131
16308,7132
16309,7133
1631,7134
16310,7135
16311,7136
16312,7137
16313,7138
16314,7139
16315,7140
16316,7141
16317,7142
16319,7143
1632,7144
16320,7145
16321,7146
16322,7147
16323,7148
16324,7149
16325,7150
16326,7151
16327,7152
16328,7153
16329,7154
1633,7155
16330,7156
16331,7157
16332,7158
16333,7159
16334,7160
16335,7161
16336,7162
16337,7163
16338,7164
16339,7165
1634,7166
16340,7167
16341,7168
16342,7169
16343,7170
16344,7171
16345,7172
16346,7173
16347,7174
16348,7175
16349,7176
1635,7177
16350,7178
16351,7179
16352,7180
16353,7181
16354,7182
16355,7183
16356,7184
16357,7185
16358,7186
16359,7187
1636,7188
16360,7189
16361,7190
16362,7191
16363,7192
16364,7193
16365,7194
16366,7195
16367,7196
16368,7197
16369,7198
1637,7199
16371,7200
16372,7201
16373,7202
16374,7203
16375,7204
16376,7205
16377,7206
16378,7207
16379,7208
1638,7209
16380,7210
16381,7211
16382,7212
16383,7213
16384,7214
16385,7215
16386,7216
16387,7217
16388,7218
16389,7219
1639,7220
16390,7221
16391,7222
16392,7223
16393,7224
16394,7225
16395,7226
16396,7227
16397,7228
16398,7229
16399,7230
1640,7231
16400,7232
16401,7233
16402,7234
16403,7235
16404,7236
16405,7237
16406,7238
16407,7239
16408,7240
16409,7241
1641,7242
16410,7243
16411,7244
16412,7245
16413,7246
16414,7247
16415,7248
16416,7249
16417,7250
16418,7251
16419,7252
1642,7253
16420,7254
16421,7255
16422,7256
16423,7257
16424,7258
16425,7259
16426,7260
16427,7261
16428,7262
16429,7263
1643,7264
16430,7265
16431,7266
16432,7267
16433,7268
16435,7269
16436,7270
16437,7271
16438,7272
16439,7273
1644,7274
16440,7275
16441,7276
16442,7277
16443,7278
16444,7279
16445,7280
16446,7281
16447,7282
16448,7283
16449,7284
1645,7285
16450,7286
16452,7287
16453,7288
16454,7289
16455,7290
16456,7291
16457,7292
16458,7293
16459,7294
1646,7295
16460,7296
16461,7297
16462,7298
16463,7299
16464,7300
16465,7301
16466,7302
16467,7303
16468,7304
16469,7305
1647,7306
16470,7307
16471,7308
16472,7309
16473,7310
16474,7311
16475,7312
16476,7313
16477,7314
16478,7315
16479,7316
1648,7317
16480,7318
16481,7319
16482,7320
16483,7321
16484,7322
16485,7323
16486,7324
16487,7325
16488,7326
16489,7327
1649,7328
16490,7329
16491,7330
16492,7331
16493,7332
16494,7333
16495,7334
16496,7335
16497,7336
16498,7337
16499,7338
1650,7339
16500,7340
16501,7341
16503,7342
16504,7343
16505,7344
16506,7345
16507,7346
16508,7347
16509,7348
1651,7349
16510,7350
16511,7351
16512,7352
16513,7353
16514,7354
16515,7355
16516,7356
16517,7357
16518,7358
16519,7359
1652,7360
16520,7361
16521,7362
16522,7363
16524,7364
16525,7365
16527,7366
16528,7367
16529,7368
1653,7369
16530,7370
16531,7371
16532,7372
16533,7373
16534,7374
16535,7375
16537,7376
16538,7377
16539,7378
1654,7379
16540,7380
16541,7381
16542,7382
16543,7383
16544,7384
16545,7385
16546,7386
16547,7387
16548,7388
16549,7389
1655,7390
16550,7391
16551,7392
16552,7393
16553,7394
16554,7395
16555,7396
16556,7397
16557,7398
16558,7399
16559,7400
1656,7401
16560,7402
16561,7403
16562,7404
16563,7405
16564,7406
16565,7407
16566,7408
16567,7409
16568,7410
16569,7411
1657,7412
16570,7413
16571,7414
16572,7415
16573,7416
16574,7417
16575,7418
16576,7419
16577,7420
16578,7421
16579,7422
1658,7423
16580,7424
16581,7425
16582,7426
16583,7427
16584,7428
16585,7429
16586,7430
16587,7431
16588,7432
16589,7433
1659,7434
16590,7435
16591,7436
16592,7437
16593,7438
16594,7439
16595,7440
16596,7441
16597,7442
16598,7443
16599,7444
1660,7445
16600,7446
16601,7447
16602,7448
16603,7449
16604,7450
16605,7451
16606,7452
16607,7453
16608,7454
16609,7455
1661,7456
16610,7457
16611,7458
16612,7459
16613,7460
16614,7461
16615,7462
16616,7463
16617,7464
16618,7465
16619,7466
1662,7467
16620,7468
16621,7469
16622,7470
16623,7471
16624,7472
16625,7473
16626,7474
16627,7475
16628,7476
16629,7477
1663,7478
16630,7479
16631,7480
16632,7481
16633,7482
16634,7483
16635,7484
16636,7485
16637,7486
16638,7487
16639,7488
1664,7489
16640,7490
16641,7491
16642,7492
16643,7493
16644,7494
16645,7495
16646,7496
16647,7497
16648,7498
16649,7499
1665,7500
16650,7501
16651,7502
16652,7503
16653,7504
16654,7505
16655,7506
16656,7507
16657,7508
16658,7509
16659,7510
1666,7511
16660,7512
16661,7513
16662,7514
16663,7515
16664,7516
16665,7517
16666,7518
16667,7519
16668,7520
16669,7521
1667,7522
16670,7523
16671,7524
16672,7525
16673,7526
16674,7527
16675,7528
16676,7529
16677,7530
16678,7531
16679,7532
1668,7533
16680,7534
16681,7535
16682,7536
16683,7537
16684,7538
16685,7539
16686,7540
16687,7541
16688,7542
16689,7543
1669,7544
16690,7545
16691,7546
16692,7547
16693,7548
16694,7549
16695,7550
16696,7551
16697,7552
16698,7553
16699,7554
1670,7555
16700,7556
16701,7557
16702,7558
16703,7559
16704,7560
16705,7561
16706,7562
16707,7563
16708,7564
16709,7565
1671,7566
16710,7567
16711,7568
16712,7569
16713,7570
16714,7571
16715,7572
16716,7573
16717,7574
16718,7575
16719,7576
1672,7577
16720,7578
16721,7579
16722,7580
16723,7581
16724,7582
16725,7583
16726,7584
16727,7585
16728,7586
16729,7587
1673,7588
16730,7589
16731,7590
16732,7591
16733,7592
16734,7593
16735,7594
16736,7595
16737,7596
16738,7597
16739,7598
1674,7599
16740,7600
16741,7601
16742,7602
16743,7603
16744,7604
16745,7605
16746,7606
16747,7607
16748,7608
16749,7609
1675,7610
16750,7611
16751,7612
16752,7613
16753,7614
16754,7615
16755,7616
16756,7617
16757,7618
16758,7619
16759,7620
1676,7621
16760,7622
16761,7623
16762,7624
16763,7625
16764,7626
16765,7627
16766,7628
16767,7629
16768,7630
16769,7631
1677,7632
16770,7633
16771,7634
16772,7635
16774,7636
16775,7637
16776,7638
16777,7639
16778,7640
16779,7641
1678,7642
16780,7643
16781,7644
16784,7645
16786,7646
16787,7647
16788,7648
16789,7649
16790,7650
16791,7651
16792,7652
16793,7653
16794,7654
16795,7655
16796,7656
16797,7657
16798,7658
16799,7659
1680,7660
16800,7661
16801,7662
16802,7663
16803,7664
16804,7665
16805,7666
16806,7667
16807,7668
16808,7669
16809,7670
1681,7671
16810,7672
16811,7673
16812,7674
16813,7675
16814,7676
16815,7677
16816,7678
16817,7679
16818,7680
16819,7681
1682,7682
16820,7683
16821,7684
16822,7685
16823,7686
16824,7687
16825,7688
16826,7689
16827,7690
16828,7691
16829,7692
16830,7693
16831,7694
16832,7695
16833,7696
16834,7697
16835,7698
16836,7699
16837,7700
16838,7701
16839,7702
1684,7703
16840,7704
16841,7705
16842,7706
16843,7707
16844,7708
16845,7709
16846,7710
16847,7711
16848,7712
16849,7713
1685,7714
16850,7715
16851,7716
16852,7717
16853,7718
16854,7719
16855,7720
16856,7721
16857,7722
16858,7723
16859,7724
1686,7725
16860,7726
16861,7727
16862,7728
16863,7729
16864,7730
16865,7731
16866,7732
16867,7733
16868,7734
16869,7735
1687,7736
16870,7737
16871,7738
16872,7739
16874,7740
16875,7741
16876,7742
16877,7743
16878,7744
16879,7745
1688,7746
16880,7747
16881,7748
16882,7749
16883,7750
16884,7751
16885,7752
16886,7753
16887,7754
16888,7755
16889,7756
1689,7757
16890,7758
16891,7759
16892,7760
16893,7761
16894,7762
16895,7763
16896,7764
16897,7765
16898,7766
16899,7767
1690,7768
16900,7769
16901,7770
16902,7771
16903,7772
16904,7773
16905,7774
16906,7775
16907,7776
16908,7777
16909,7778
1691,7779
16910,7780
16911,7781
16912,7782
16913,7783
16914,7784
16915,7785
16916,7786
16917,7787
16918,7788
16919,7789
1692,7790
16920,7791
16921,7792
16922,7793
16923,7794
16924,7795
16925,7796
16926,7797
16927,7798
16928,7799
16929,7800
1693,7801
16930,7802
16931,7803
16932,7804
16933,7805
16934,7806
16935,7807
16936,7808
16937,7809
16938,7810
1694,7811
16940,7812
16941,7813
16942,7814
16943,7815
16944,7816
16945,7817
16946,7818
16947,7819
16948,7820
16949,7821
1695,7822
16950,7823
16951,7824
16952,7825
16953,7826
16954,7827
16955,7828
16956,7829
16957,7830
16958,7831
16959,7832
1696,7833
16960,7834
16961,7835
16962,7836
16963,7837
16964,7838
16965,7839
16966,7840
16967,7841
16968,7842
16969,7843
1697,7844
16970,7845
16971,7846
16972,7847
16973,7848
16974,7849
16975,7850
16976,7851
16977,7852
16978,7853
16979,7854
1698,7855
16980,7856
16981,7857
16982,7858
16983,7859
16984,7860
16985,7861
16986,7862
16987,7863
16988,7864
16989,7865
1699,7866
16990,7867
16991,7868
16993,7869
16994,7870
16995,7871
16996,7872
16997,7873
16998,7874
16999,7875
1700,7876
17000,7877
17001,7878
17002,7879
17003,7880
17004,7881
17005,7882
17006,7883
17007,7884
17008,7885
17009,7886
1701,7887
17010,7888
17011,7889
17012,7890
17013,7891
17014,7892
17015,7893
17016,7894
17017,7895
17018,7896
17019,7897
1702,7898
17020,7899
17021,7900
17022,7901
17023,7902
17024,7903
17025,7904
17027,7905
17028,7906
17029,7907
1703,7908
17031,7909
17032,7910
17033,7911
17034,7912
17035,7913
17036,7914
17037,7915
17038,7916
17039,7917
1704,7918
17040,7919
17041,7920
17042,7921
17043,7922
17044,7923
17046,7924
17047,7925
17048,7926
17049,7927
1705,7928
17050,7929
17051,7930
17052,7931
17053,7932
17054,7933
17055,7934
17056,7935
17058,7936
17059,7937
1706,7938
17060,7939
17061,7940
17062,7941
17063,7942
17064,7943
17065,7944
17066,7945
17067,7946
17069,7947
17070,7948
17071,7949
17072,7950
17073,7951
17074,7952
17075,7953
17076,7954
17077,7955
17078,7956
17079,7957
1708,7958
17080,7959
17081,7960
17082,7961
17083,7962
17084,7963
17085,7964
17086,7965
17087,7966
17088,7967
17089,7968
1709,7969
17090,7970
17091,7971
17092,7972
17093,7973
17094,7974
17095,7975
17096,7976
17097,7977
17098,7978
17099,7979
1710,7980
17100,7981
17101,7982
17102,7983
17103,7984
17104,7985
17105,7986
17106,7987
17107,7988
17109,7989
1711,7990
17110,7991
17111,7992
17112,7993
17114,7994
17115,7995
17117,7996
17118,7997
17119,7998
1712,7999
17120,8000
17121,8001
17122,8002
17123,8003
17124,8004
17125,8005
17126,8006
17127,8007
17128,8008
17129,8009
1713,8010
17130,8011
17131,8012
17132,8013
17133,8014
17134,8015
17135,8016
17136,8017
17137,8018
17138,8019
17139,8020
17140,8021
17141,8022
17142,8023
17143,8024
17144,8025
17145,8026
17146,8027
17147,8028
17148,8029
17149,8030
1715,8031
17150,8032
17151,8033
17152,8034
17153,8035
17154,8036
17155,8037
17156,8038
17157,8039
17158,8040
17159,8041
1716,8042
17160,8043
17161,8044
17162,8045
17163,8046
17164,8047
17165,8048
17166,8049
17167,8050
17168,8051
17169,8052
1717,8053
17170,8054
17171,8055
17172,8056
17173,8057
17174,8058
17175,8059
17176,8060
17177,8061
17178,8062
17179,8063
1718,8064
17180,8065
17181,8066
17182,8067
17183,8068
17184,8069
17185,8070
17186,8071
17187,8072
17188,8073
17189,8074
1719,8075
17190,8076
17191,8077
17192,8078
17193,8079
17194,8080
17195,8081
17196,8082
17197,8083
17198,8084
17199,8085
1720,8086
17200,8087
17201,8088
17202,8089
17203,8090
17204,8091
17205,8092
17206,8093
17207,8094
17208,8095
17209,8096
1721,8097
17210,8098
17211,8099
17212,8100
17213,8101
17214,8102
17215,8103
17216,8104
17217,8105
17218,8106
17219,8107
1722,8108
17220,8109
17221,8110
17222,8111
17223,8112
17224,8113
17225,8114
17226,8115
17227,8116
17228,8117
17229,8118
1723,8119
17230,8120
17231,8121
17232,8122
17233,8123
17234,8124
17235,8125
17236,8126
17237,8127
17238,8128
17239,8129
1724,8130
17240,8131
17241,8132
17242,8133
17243,8134
17244,8135
17245,8136
17246,8137
17247,8138
17248,8139
17249,8140
1725,8141
17250,8142
17251,8143
17252,8144
17253,8145
17254,8146
17255,8147
17256,8148
17257,8149
17258,8150
17259,8151
1726,8152
17260,8153
17261,8154
17262,8155
17263,8156
17264,8157
17265,8158
17266,8159
17267,8160
17268,8161
17269,8162
1727,8163
17270,8164
17271,8165
17272,8166
17273,8167
17274,8168
17275,8169
17276,8170
17277,8171
17278,8172
17279,8173
1728,8174
17280,8175
17281,8176
17282,8177
17283,8178
17284,8179
17285,8180
17286,8181
17287,8182
17288,8183
17289,8184
1729,8185
17290,8186
17291,8187
17292,8188
17293,8189
17294,8190
17295,8191
17296,8192
17297,8193
17298,8194
17299,8195
1730,8196
17300,8197
17301,8198
17302,8199
17303,8200
17304,8201
17305,8202
17306,8203
17307,8204
17308,8205
17309,8206
1731,8207
17310,8208
17311,8209
17312,8210
17313,8211
17314,8212
17315,8213
17316,8214
17317,8215
17318,8216
17319,8217
1732,8218
17320,8219
17321,8220
17322,8221
17323,8222
17324,8223
17325,8224
17326,8225
17327,8226
17328,8227
17329,8228
1733,8229
17330,8230
17331,8231
17332,8232
17333,8233
17334,8234
17335,8235
17336,8236
17337,8237
17338,8238
17339,8239
1734,8240
17340,8241
17341,8242
17342,8243
17343,8244
17344,8245
17345,8246
17346,8247
17347,8248
17348,8249
17349,8250
17350,8251
17351,8252
17352,8253
17354,8254
17356,8255
17357,8256
17358,8257
1736,8258
17361,8259
17365,8260
17369,8261
1737,8262
17370,8263
17371,8264
17372,8265
17373,8266
17374,8267
17375,8268
17376,8269
17377,8270
17378,8271
17379,8272
1738,8273
17380,8274
17381,8275
17382,8276
17383,8277
17384,8278
17385,8279
17386,8280
17387,8281
17388,8282
17389,8283
1739,8284
17390,8285
17391,8286
17392,8287
17393,8288
17394,8289
17395,8290
17396,8291
17397,8292
17398,8293
17399,8294
1740,8295
17400,8296
17401,8297
17402,8298
17403,8299
17404,8300
17405,8301
17406,8302
17407,8303
17408,8304
17409,8305
1741,8306
17410,8307
17411,8308
17412,8309
17413,8310
17414,8311
17415,8312
17416,8313
17417,8314
17418,8315
17419,8316
1742,8317
17420,8318
17421,8319
17422,8320
17423,8321
17424,8322
17425,8323
17426,8324
17427,8325
17428,8326
17429,8327
1743,8328
17430,8329
17431,8330
17432,8331
17433,8332
17434,8333
17435,8334
17436,8335
17437,8336
17438,8337
17439,8338
1744,8339
17440,8340
17441,8341
17442,8342
17443,8343
17444,8344
17445,8345
17446,8346
17447,8347
17448,8348
17449,8349
1745,8350
17450,8351
17451,8352
17452,8353
17453,8354
17454,8355
17455,8356
17456,8357
17457,8358
17458,8359
17459,8360
1746,8361
17460,8362
17461,8363
17462,8364
17463,8365
17464,8366
17465,8367
17466,8368
17467,8369
17468,8370
17469,8371
1747,8372
17470,8373
17471,8374
17472,8375
17473,8376
17474,8377
17475,8378
17476,8379
17477,8380
17478,8381
17479,8382
1748,8383
17480,8384
17481,8385
17482,8386
17483,8387
17484,8388
17485,8389
17486,8390
17487,8391
17488,8392
17489,8393
1749,8394
17490,8395
17491,8396
17492,8397
17493,8398
17494,8399
17495,8400
17496,8401
17497,8402
17498,8403
17499,8404
1750,8405
17500,8406
17501,8407
17502,8408
17503,8409
17504,8410
17505,8411
17506,8412
17507,8413
17508,8414
17509,8415
1751,8416
17510,8417
17511,8418
17512,8419
17513,8420
17514,8421
17515,8422
17516,8423
17517,8424
17518,8425
17519,8426
1752,8427
17520,8428
17521,8429
17522,8430
17523,8431
17524,8432
17526,8433
17527,8434
17528,8435
17529,8436
1753,8437
17530,8438
17531,8439
17532,8440
17533,8441
17534,8442
17535,8443
17536,8444
17537,8445
17538,8446
17539,8447
1754,8448
17540,8449
17541,8450
17542,8451
17543,8452
17544,8453
17545,8454
17546,8455
17547,8456
17548,8457
17549,8458
1755,8459
17550,8460
17551,8461
17552,8462
17553,8463
17554,8464
17555,8465
17556,8466
17557,8467
17558,8468
17559,8469
1756,8470
17560,8471
17561,8472
17562,8473
17563,8474
17564,8475
17565,8476
17566,8477
17567,8478
17568,8479
17569,8480
1757,8481
17570,8482
17571,8483
17572,8484
17573,8485
17574,8486
17575,8487
17576,8488
17577,8489
17578,8490
17579,8491
1758,8492
17580,8493
17581,8494
17582,8495
17583,8496
17584,8497
17585,8498
17586,8499
17587,8500
17588,8501
17589,8502
1759,8503
17590,8504
17591,8505
17592,8506
17593,8507
17594,8508
17595,8509
17596,8510
17597,8511
17598,8512
17599,8513
1760,8514
17600,8515
17601,8516
17602,8517
17603,8518
17604,8519
17605,8520
17606,8521
17607,8522
17608,8523
17609,8524
1761,8525
17610,8526
17612,8527
17613,8528
17614,8529
17615,8530
17616,8531
17617,8532
17618,8533
17619,8534
1762,8535
17620,8536
17621,8537
17622,8538
17623,8539
17624,8540
17625,8541
17626,8542
17628,8543
17629,8544
1763,8545
17631,8546
17632,8547
17633,8548
17634,8549
17636,8550
17637,8551
17638,8552
17639,8553
1764,8554
17640,8555
17641,8556
17642,8557
17643,8558
17644,8559
17645,8560
17646,8561
17647,8562
17648,8563
17649,8564
1765,8565
17650,8566
17651,8567
17652,8568
17653,8569
17654,8570
17655,8571
17656,8572
17657,8573
17658,8574
17659,8575
17660,8576
17661,8577
17662,8578
17663,8579
17664,8580
17665,8581
17666,8582
17667,8583
17668,8584
17669,8585
1767,8586
17670,8587
17671,8588
17672,8589
17673,8590
17674,8591
17675,8592
17676,8593
17677,8594
17678,8595
17679,8596
1768,8597
17680,8598
17681,8599
17682,8600
17683,8601
17684,8602
17685,8603
17686,8604
17687,8605
17688,8606
17689,8607
1769,8608
17690,8609
17691,8610
17692,8611
17693,8612
17694,8613
17695,8614
17697,8615
17699,8616
1770,8617
17700,8618
17702,8619
17703,8620
17704,8621
17705,8622
17706,8623
17707,8624
17708,8625
17709,8626
1771,8627
17710,8628
17711,8629
17712,8630
17713,8631
17714,8632
17715,8633
17716,8634
17717,8635
17718,8636
17719,8637
1772,8638
17720,8639
17721,8640
17722,8641
17723,8642
17724,8643
17725,8644
17726,8645
17727,8646
17728,8647
17729,8648
1773,8649
17730,8650
17731,8651
17732,8652
17733,8653
17734,8654
17735,8655
17736,8656
17737,8657
17738,8658
17739,8659
1774,8660
17740,8661
17742,8662
17743,8663
17744,8664
17745,8665
17746,8666
17747,8667
17748,8668
17749,8669
1775,8670
17750,8671
17751,8672
17752,8673
17753,8674
17754,8675
17755,8676
17756,8677
17757,8678
17758,8679
17759,8680
1776,8681
17760,8682
17761,8683
17762,8684
17763,8685
17764,8686
17765,8687
17766,8688
17767,8689
17768,8690
17769,8691
17770,8692
17771,8693
17772,8694
17773,8695
17774,8696
17775,8697
17776,8698
17777,8699
17778,8700
17779,8701
1778,8702
17780,8703
17781,8704
17782,8705
17783,8706
17784,8707
17785,8708
17786,8709
17787,8710
17788,8711
17789,8712
1779,8713
17790,8714
17791,8715
17792,8716
17793,8717
17794,8718
17795,8719
17796,8720
17797,8721
17798,8722
17799,8723
1780,8724
17800,8725
17801,8726
17802,8727
17803,8728
17804,8729
17805,8730
17806,8731
17807,8732
17808,8733
17809,8734
1781,8735
17810,8736
17811,8737
17812,8738
17813,8739
17814,8740
17815,8741
17816,8742
17817,8743
17818,8744
17819,8745
1782,8746
17820,8747
17821,8748
17822,8749
17823,8750
17824,8751
17825,8752
17826,8753
17827,8754
17828,8755
17829,8756
1783,8757
17830,8758
17831,8759
17832,8760
17833,8761
17834,8762
17835,8763
17836,8764
17837,8765
17838,8766
17839,8767
1784,8768
17840,8769
17841,8770
17842,8771
17843,8772
17844,8773
17845,8774
17846,8775
17847,8776
17848,8777
17849,8778
1785,8779
17850,8780
17851,8781
17852,8782
17853,8783
17854,8784
17855,8785
17856,8786
17857,8787
17858,8788
17859,8789
1786,8790
17860,8791
17861,8792
17862,8793
17863,8794
17864,8795
17865,8796
17866,8797
17867,8798
17868,8799
17869,8800
17870,8801
17871,8802
17872,8803
17873,8804
17874,8805
17875,8806
17876,8807
17877,8808
17878,8809
17879,8810
1788,8811
17880,8812
17881,8813
17882,8814
17883,8815
17884,8816
17885,8817
17886,8818
17887,8819
17888,8820
17889,8821
1789,8822
17890,8823
17891,8824
17892,8825
17893,8826
17894,8827
17895,8828
17896,8829
17898,8830
17899,8831
1790,8832
17900,8833
17901,8834
17902,8835
17903,8836
17904,8837
17905,8838
17906,8839
17907,8840
17908,8841
17909,8842
1791,8843
17910,8844
17911,8845
17912,8846
17913,8847
17914,8848
17915,8849
17916,8850
17917,8851
17918,8852
17919,8853
1792,8854
17920,8855
17921,8856
17922,8857
17923,8858
17924,8859
17925,8860
17926,8861
17927,8862
17928,8863
17929,8864
1793,8865
17930,8866
17931,8867
17933,8868
17934,8869
17935,8870
17936,8871
17937,8872
17938,8873
1794,8874
17940,8875
17941,8876
17943,8877
17944,8878
17945,8879
17946,8880
17947,8881
17948,8882
1795,8883
17955,8884
17956,8885
17957,8886
17958,8887
17959,8888
1796,8889
17960,8890
17961,8891
17962,8892
17963,8893
17964,8894
17965,8895
17966,8896
17967,8897
17968,8898
17969,8899
1797,8900
17970,8901
17971,8902
17972,8903
17973,8904
17974,8905
17975,8906
17976,8907
17977,8908
17978,8909
17979,8910
1798,8911
17980,8912
17981,8913
17982,8914
17983,8915
17984,8916
17985,8917
17986,8918
17987,8919
17988,8920
17989,8921
1799,8922
17990,8923
17991,8924
17992,8925
17993,8926
17994,8927
17995,8928
17996,8929
17997,8930
17998,8931
17999,8932
1800,8933
18000,8934
18001,8935
18002,8936
18003,8937
18004,8938
18005,8939
18006,8940
18007,8941
18008,8942
18009,8943
1801,8944
18010,8945
18011,8946
18012,8947
18013,8948
18014,8949
18015,8950
18016,8951
18017,8952
18018,8953
18019,8954
18020,8955
18021,8956
18022,8957
18023,8958
18024,8959
18026,8960
18027,8961
18028,8962
18029,8963
1803,8964
18030,8965
18031,8966
18032,8967
18033,8968
18034,8969
18035,8970
18036,8971
18037,8972
18038,8973
18039,8974
1804,8975
18040,8976
18041,8977
18042,8978
18044,8979
18045,8980
18046,8981
18047,8982
18048,8983
18049,8984
1805,8985
18050,8986
18051,8987
18052,8988
18053,8989
18054,8990
18055,8991
18056,8992
18057,8993
18058,8994
18059,8995
18060,8996
18061,8997
18062,8998
18063,8999
18064,9000
18065,9001
18066,9002
18067,9003
18068,9004
18069,9005
1807,9006
18070,9007
18071,9008
18072,9009
18073,9010
18074,9011
18075,9012
18076,9013
18077,9014
18078,9015
18079,9016
1808,9017
18080,9018
18081,9019
18082,9020
18083,9021
18084,9022
18085,9023
18086,9024
18087,9025
18088,9026
1809,9027
18090,9028
18091,9029
18092,9030
18093,9031
18094,9032
18095,9033
18096,9034
18097,9035
18098,9036
18099,9037
1810,9038
18100,9039
18101,9040
18102,9041
18103,9042
18104,9043
18105,9044
18106,9045
18107,9046
18108,9047
18109,9048
1811,9049
18110,9050
18111,9051
18112,9052
18113,9053
18114,9054
18115,9055
18116,9056
18117,9057
18118,9058
18119,9059
18121,9060
18122,9061
18123,9062
18124,9063
18125,9064
18126,9065
18127,9066
18128,9067
18129,9068
1813,9069
18130,9070
18131,9071
18132,9072
18133,9073
18134,9074
18135,9075
18136,9076
18137,9077
18138,9078
18139,9079
1814,9080
18140,9081
18141,9082
18142,9083
18143,9084
18144,9085
18145,9086
18146,9087
18147,9088
18148,9089
18149,9090
1815,9091
18150,9092
18151,9093
18152,9094
18153,9095
18154,9096
18155,9097
18156,9098
18157,9099
18158,9100
18159,9101
18160,9102
18161,9103
18162,9104
18163,9105
18164,9106
18165,9107
18166,9108
18167,9109
18168,9110
18169,9111
1817,9112
18170,9113
18171,9114
18172,9115
18173,9116
18174,9117
18175,9118
18176,9119
18177,9120
18178,9121
18179,9122
1818,9123
18180,9124
18181,9125
18182,9126
18183,9127
18184,9128
18185,9129
18186,9130
18187,9131
18188,9132
18189,9133
1819,9134
18190,9135
18191,9136
18192,9137
18193,9138
18194,9139
18195,9140
18196,9141
18197,9142
18198,9143
18199,9144
1820,9145
18200,9146
18201,9147
18202,9148
18203,9149
18204,9150
18205,9151
18206,9152
18207,9153
18208,9154
18209,9155
1821,9156
18210,9157
18211,9158
18212,9159
18213,9160
18214,9161
18216,9162
18217,9163
18218,9164
18219,9165
18220,9166
18221,9167
18222,9168
18223,9169
18224,9170
18225,9171
18226,9172
18227,9173
18228,9174
18229,9175
1823,9176
18230,9177
18231,9178
18232,9179
18233,9180
18235,9181
18236,9182
18237,9183
18238,9184
18239,9185
18240,9186
18241,9187
18242,9188
18243,9189
18244,9190
18245,9191
18246,9192
18247,9193
18248,9194
18249,9195
18250,9196
18251,9197
18252,9198
18253,9199
18254,9200
18255,9201
18256,9202
18257,9203
18258,9204
18259,9205
18260,9206
18261,9207
18262,9208
18263,9209
18264,9210
18265,9211
18266,9212
18267,9213
18268,9214
18269,9215
1827,9216
18270,9217
18271,9218
18272,9219
18273,9220
18275,9221
18276,9222
18277,9223
18280,9224
18281,9225
18282,9226
18283,9227
18285,9228
18286,9229
18287,9230
18288,9231
18289,9232
18290,9233
18291,9234
18292,9235
18293,9236
18294,9237
18295,9238
18296,9239
18297,9240
18298,9241
18299,9242
1830,9243
18300,9244
18301,9245
18302,9246
18303,9247
18304,9248
18305,9249
18306,9250
18307,9251
18308,9252
18309,9253
18310,9254
18311,9255
18312,9256
18313,9257
18314,9258
18315,9259
18316,9260
18317,9261
18318,9262
18319,9263
1832,9264
18320,9265
18321,9266
18322,9267
18323,9268
18324,9269
18325,9270
18326,9271
18327,9272
18328,9273
18329,9274
1833,9275
18330,9276
18331,9277
18332,9278
18333,9279
18334,9280
18335,9281
18336,9282
18337,9283
18338,9284
18339,9285
1834,9286
18340,9287
18341,9288
18342,9289
18343,9290
18344,9291
18345,9292
18346,9293
18347,9294
18348,9295
18349,9296
18350,9297
18351,9298
18352,9299
18353,9300
18354,9301
18355,9302
18356,9303
18357,9304
18358,9305
18359,9306
1836,9307
18360,9308
18361,9309
18362,9310
18363,9311
18364,9312
18365,9313
18366,9314
18367,9315
18368,9316
18369,9317
1837,9318
18370,9319
18371,9320
18372,9321
18373,9322
18374,9323
18375,9324
18376,9325
18377,9326
18378,9327
18379,9328
1838,9329
18380,9330
18381,9331
18382,9332
18383,9333
18384,9334
18385,9335
18386,9336
18387,9337
18388,9338
18389,9339
1839,9340
18390,9341
18391,9342
18392,9343
18393,9344
18394,9345
18395,9346
18396,9347
18397,9348
18398,9349
18399,9350
1840,9351
18400,9352
18401,9353
18402,9354
18403,9355
18404,9356
18405,9357
18406,9358
18407,9359
18409,9360
18410,9361
18411,9362
18412,9363
18413,9364
18414,9365
18415,9366
18416,9367
18417,9368
18418,9369
18419,9370
18420,9371
18421,9372
18422,9373
18423,9374
18424,9375
18425,9376
18426,9377
18427,9378
18428,9379
18429,9380
18430,9381
18431,9382
18432,9383
18433,9384
18434,9385
18435,9386
18436,9387
18437,9388
18438,9389
18439,9390
1844,9391
18440,9392
18441,9393
18442,9394
18443,9395
18444,9396
18445,9397
18446,9398
18447,9399
18448,9400
18449,9401
1845,9402
18450,9403
18451,9404
18452,9405
18453,9406
18454,9407
18455,9408
18456,9409
18457,9410
18458,9411
18459,9412
1846,9413
18460,9414
18461,9415
18462,9416
18464,9417
18465,9418
18466,9419
18467,9420
18468,9421
18469,9422
1847,9423
18470,9424
18471,9425
18472,9426
18473,9427
18474,9428
18475,9429
18476,9430
18477,9431
18478,9432
18479,9433
1848,9434
18480,9435
18481,9436
18482,9437
18483,9438
18484,9439
18485,9440
18486,9441
18487,9442
18488,9443
18489,9444
1849,9445
18490,9446
18491,9447
18492,9448
18493,9449
18494,9450
18495,9451
18496,9452
18497,9453
18498,9454
18499,9455
1850,9456
18500,9457
18501,9458
18502,9459
18503,9460
18504,9461
18505,9462
18506,9463
18507,9464
18508,9465
18509,9466
1851,9467
18510,9468
18511,9469
18512,9470
18513,9471
18514,9472
18515,9473
18516,9474
18517,9475
18518,9476
18519,9477
1852,9478
18520,9479
18521,9480
18522,9481
18523,9482
18524,9483
18525,9484
18527,9485
18528,9486
18529,9487
1853,9488
18530,9489
18531,9490
18532,9491
18533,9492
18534,9493
18535,9494
18536,9495
18537,9496
18538,9497
18539,9498
1854,9499
18541,9500
18542,9501
18544,9502
18545,9503
18546,9504
18549,9505
1855,9506
18550,9507
18553,9508
18554,9509
18555,9510
18556,9511
18557,9512
18558,9513
18559,9514
18560,9515
18561,9516
18562,9517
18563,9518
18564,9519
18565,9520
18566,9521
18567,9522
18568,9523
18569,9524
1857,9525
18570,9526
18571,9527
18572,9528
18573,9529
18574,9530
18575,9531
18576,9532
18577,9533
18578,9534
18579,9535
18580,9536
18581,9537
18582,9538
18583,9539
18584,9540
18585,9541
18586,9542
18587,9543
18588,9544
18589,9545
18590,9546
18591,9547
18592,9548
18593,9549
18594,9550
18595,9551
18596,9552
18597,9553
18598,9554
18599,9555
1860,9556
18600,9557
18601,9558
18602,9559
18603,9560
18604,9561
18605,9562
18606,9563
18607,9564
18608,9565
18609,9566
18610,9567
18611,9568
18612,9569
18613,9570
18614,9571
18615,9572
18616,9573
18617,9574
18618,9575
18619,9576
1862,9577
18620,9578
18621,9579
18622,9580
18623,9581
18624,9582
18625,9583
18626,9584
18627,9585
18628,9586
18629,9587
18630,9588
18631,9589
18632,9590
18633,9591
18634,9592
18635,9593
18636,9594
18637,9595
18638,9596
18639,9597
1864,9598
18640,9599
18641,9600
18642,9601
18644,9602
18645,9603
18646,9604
18647,9605
18648,9606
18649,9607
18650,9608
18651,9609
18652,9610
18653,9611
18654,9612
18655,9613
18656,9614
18657,9615
18658,9616
18659,9617
1866,9618
18660,9619
18661,9620
18662,9621
18663,9622
18664,9623
18665,9624
18667,9625
18668,9626
18669,9627
18670,9628
18671,9629
18672,9630
18673,9631
18674,9632
18675,9633
18676,9634
18677,9635
18678,9636
18679,9637
1868,9638
18680,9639
18681,9640
18682,9641
18683,9642
18684,9643
18685,9644
18686,9645
18687,9646
18688,9647
18689,9648
18690,9649
18691,9650
18692,9651
18693,9652
18694,9653
18695,9654
18697,9655
18698,9656
18699,9657
1870,9658
18700,9659
18701,9660
18702,9661
18703,9662
18704,9663
18705,9664
18706,9665
18707,9666
18708,9667
18709,9668
1871,9669
18710,9670
18711,9671
18712,9672
18713,9673
18714,9674
18715,9675
18716,9676
18717,9677
18718,9678
18719,9679
1872,9680
18720,9681
18721,9682
18722,9683
18723,9684
18724,9685
18725,9686
18726,9687
18727,9688
18728,9689
18729,9690
18730,9691
18731,9692
18732,9693
18733,9694
18734,9695
18735,9696
18736,9697
18737,9698
18738,9699
18739,9700
1874,9701
18740,9702
18741,9703
18742,9704
18743,9705
18744,9706
18745,9707
18746,9708
18747,9709
18748,9710
18749,9711
1875,9712
18750,9713
18751,9714
18752,9715
18753,9716
18754,9717
18755,9718
18756,9719
18757,9720
18758,9721
18759,9722
1876,9723
18760,9724
18761,9725
18762,9726
18763,9727
18764,9728
18765,9729
18766,9730
18767,9731
18768,9732
18769,9733
18770,9734
18771,9735
18772,9736
18773,9737
18774,9738
18775,9739
18776,9740
18777,9741
18778,9742
18779,9743
18780,9744
18781,9745
18782,9746
18783,9747
18784,9748
18785,9749
18786,9750
18787,9751
18788,9752
18789,9753
1879,9754
18790,9755
18791,9756
18792,9757
18793,9758
18794,9759
18795,9760
18796,9761
18797,9762
18798,9763
18799,9764
18800,9765
18801,9766
18802,9767
18803,9768
18804,9769
18805,9770
18806,9771
18807,9772
18808,9773
18809,9774
1881,9775
18810,9776
18811,9777
18812,9778
18813,9779
18814,9780
18815,9781
18817,9782
18818,9783
18819,9784
18820,9785
18821,9786
18822,9787
18824,9788
18825,9789
18826,9790
18827,9791
18828,9792
18829,9793
1883,9794
18830,9795
18831,9796
18832,9797
18833,9798
18834,9799
18835,9800
18836,9801
18837,9802
18838,9803
18839,9804
1884,9805
18840,9806
18841,9807
18842,9808
18843,9809
18844,9810
18845,9811
18846,9812
18847,9813
18848,9814
18849,9815
1885,9816
18850,9817
18851,9818
18852,9819
18853,9820
18854,9821
18855,9822
18856,9823
18857,9824
18858,9825
18859,9826
1886,9827
18860,9828
18861,9829
18862,9830
18863,9831
18864,9832
18865,9833
18866,9834
18867,9835
18868,9836
18869,9837
1887,9838
18870,9839
18871,9840
18872,9841
18873,9842
18874,9843
18875,9844
18876,9845
18877,9846
18879,9847
1888,9848
18880,9849
18881,9850
18883,9851
18886,9852
18887,9853
18888,9854
18889,9855
1889,9856
18890,9857
18891,9858
18892,9859
18893,9860
18894,9861
18895,9862
18896,9863
18897,9864
18898,9865
18899,9866
18900,9867
18901,9868
18902,9869
18903,9870
18904,9871
18905,9872
18906,9873
18907,9874
18908,9875
18909,9876
1891,9877
18910,9878
18911,9879
18912,9880
18913,9881
18914,9882
18915,9883
18916,9884
18917,9885
18918,9886
18919,9887
1892,9888
18920,9889
18921,9890
18922,9891
18923,9892
18924,9893
18925,9894
18926,9895
18927,9896
18928,9897
18929,9898
18930,9899
18931,9900
18932,9901
18933,9902
18934,9903
18935,9904
18936,9905
18937,9906
18938,9907
18939,9908
1894,9909
18940,9910
18941,9911
18942,9912
18943,9913
18944,9914
18945,9915
18946,9916
18947,9917
18948,9918
18949,9919
1895,9920
18950,9921
18951,9922
18952,9923
18953,9924
18954,9925
18955,9926
18956,9927
18957,9928
18958,9929
18959,9930
18960,9931
18961,9932
18962,9933
18963,9934
18964,9935
18965,9936
18966,9937
18967,9938
18968,9939
18969,9940
1897,9941
18970,9942
18971,9943
18972,9944
18973,9945
18974,9946
18975,9947
18976,9948
18977,9949
18978,9950
18979,9951
1898,9952
18980,9953
18981,9954
18982,9955
18983,9956
18984,9957
18985,9958
18986,9959
18987,9960
18988,9961
18989,9962
1899,9963
18990,9964
18991,9965
18992,9966
18993,9967
18994,9968
18995,9969
18996,9970
18997,9971
18998,9972
18999,9973
1900,9974
19000,9975
19001,9976
19002,9977
19003,9978
19004,9979
19005,9980
19006,9981
19007,9982
19008,9983
19009,9984
1901,9985
19010,9986
19011,9987
19012,9988
19013,9989
19014,9990
19015,9991
19016,9992
19017,9993
19018,9994
19019,9995
1902,9996
19020,9997
19021,9998
19022,9999
19023,10000
19024,10001
19025,10002
19026,10003
19027,10004
19028,10005
19029,10006
1903,10007
19030,10008
19031,10009
19032,10010
19033,10011
19034,10012
19035,10013
19036,10014
19037,10015
19038,10016
19039,10017
1904,10018
19040,10019
19041,10020
19042,10021
19043,10022
19044,10023
19045,10024
19046,10025
19047,10026
19048,10027
19049,10028
1905,10029
19050,10030
19051,10031
19052,10032
19053,10033
19054,10034
19055,10035
19056,10036
19057,10037
19058,10038
19059,10039
1906,10040
19060,10041
19061,10042
19062,10043
19063,10044
19064,10045
19065,10046
19066,10047
19067,10048
19068,10049
19069,10050
19070,10051
19071,10052
19072,10053
19073,10054
19074,10055
19075,10056
19076,10057
19077,10058
19078,10059
19079,10060
1908,10061
19080,10062
19081,10063
19082,10064
19083,10065
19084,10066
19085,10067
19086,10068
19087,10069
19088,10070
19089,10071
1909,10072
19090,10073
19091,10074
19092,10075
19093,10076
19094,10077
19095,10078
19096,10079
19097,10080
19098,10081
19099,10082
19100,10083
19101,10084
19102,10085
19103,10086
19104,10087
19105,10088
19106,10089
19107,10090
19108,10091
19109,10092
1911,10093
19110,10094
19111,10095
19112,10096
19113,10097
19114,10098
19115,10099
19116,10100
19117,10101
19118,10102
19119,10103
19120,10104
19121,10105
19122,10106
19123,10107
19124,10108
19125,10109
19126,10110
19127,10111
19128,10112
19129,10113
1913,10114
19130,10115
19131,10116
19132,10117
19133,10118
19134,10119
19135,10120
19136,10121
19137,10122
19138,10123
19139,10124
19140,10125
19141,10126
19142,10127
19143,10128
19145,10129
19146,10130
19147,10131
1915,10132
19151,10133
19152,10134
19154,10135
19155,10136
19156,10137
19157,10138
19158,10139
19159,10140
1916,10141
19160,10142
19161,10143
19162,10144
19163,10145
19164,10146
19165,10147
19166,10148
19167,10149
19168,10150
19169,10151
19170,10152
19171,10153
19172,10154
19173,10155
19174,10156
19175,10157
19176,10158
19177,10159
19178,10160
19179,10161
1918,10162
19180,10163
19181,10164
19182,10165
19183,10166
19184,10167
19185,10168
19186,10169
19187,10170
19188,10171
19189,10172
1919,10173
19190,10174
19191,10175
19192,10176
19193,10177
19194,10178
19195,10179
19196,10180
19197,10181
19198,10182
19199,10183
19200,10184
19201,10185
19202,10186
19203,10187
19204,10188
19205,10189
19206,10190
19207,10191
19208,10192
19210,10193
19211,10194
19212,10195
19213,10196
19214,10197
19215,10198
19216,10199
19217,10200
19218,10201
19219,10202
19220,10203
19221,10204
19222,10205
19223,10206
19224,10207
19225,10208
19226,10209
19227,10210
19228,10211
19229,10212
1923,10213
19230,10214
19231,10215
19232,10216
19233,10217
19234,10218
19235,10219
19236,10220
19237,10221
19238,10222
19239,10223
1924,10224
19240,10225
19241,10226
19242,10227
19243,10228
19244,10229
19245,10230
19246,10231
19247,10232
19248,10233
1925,10234
19250,10235
19251,10236
19252,10237
19253,10238
19254,10239
19255,10240
19256,10241
19257,10242
19258,10243
19259,10244
19260,10245
19261,10246
19262,10247
19263,10248
19264,10249
19265,10250
19266,10251
19267,10252
19268,10253
19269,10254
1927,10255
19270,10256
19271,10257
19272,10258
19273,10259
19274,10260
19275,10261
19276,10262
19277,10263
19278,10264
19279,10265
1928,10266
19280,10267
19281,10268
19282,10269
19283,10270
19284,10271
19285,10272
19286,10273
19287,10274
19288,10275
19289,10276
1929,10277
19290,10278
19291,10279
19292,10280
19293,10281
19294,10282
19295,10283
19296,10284
19297,10285
19298,10286
19299,10287
1930,10288
19300,10289
19301,10290
19302,10291
19303,10292
19304,10293
19305,10294
19306,10295
19307,10296
19308,10297
19309,10298
19310,10299
19311,10300
19312,10301
19313,10302
19314,10303
19315,10304
19316,10305
19317,10306
19318,10307
19319,10308
1932,10309
19320,10310
19321,10311
19323,10312
19324,10313
19325,10314
19326,10315
19327,10316
19328,10317
19329,10318
19330,10319
19331,10320
19332,10321
19333,10322
19334,10323
19335,10324
19337,10325
19338,10326
19339,10327
19340,10328
19341,10329
19342,10330
19343,10331
19344,10332
19345,10333
19347,10334
19348,10335
19349,10336
1935,10337
19350,10338
19351,10339
19352,10340
19353,10341
19354,10342
19355,10343
19356,10344
19357,10345
19358,10346
19359,10347
1936,10348
19360,10349
19361,10350
19362,10351
19364,10352
19365,10353
19366,10354
19367,10355
19368,10356
19369,10357
19370,10358
19371,10359
19372,10360
19374,10361
19375,10362
19376,10363
19377,10364
19378,10365
19379,10366
19380,10367
19381,10368
19382,10369
19383,10370
19384,10371
19385,10372
19386,10373
19387,10374
19388,10375
19389,10376
1939,10377
19390,10378
19391,10379
19392,10380
19393,10381
19394,10382
19395,10383
19396,10384
19397,10385
19398,10386
19399,10387
1940,10388
19400,10389
19401,10390
19402,10391
19403,10392
19404,10393
19405,10394
19406,10395
19407,10396
19408,10397
19409,10398
19410,10399
19411,10400
19412,10401
19413,10402
19414,10403
19415,10404
19416,10405
19417,10406
19418,10407
19419,10408
19420,10409
19421,10410
19422,10411
19423,10412
19424,10413
19425,10414
19426,10415
19427,10416
19428,10417
19429,10418
19430,10419
19431,10420
19432,10421
19433,10422
19434,10423
19435,10424
19436,10425
19437,10426
19438,10427
19439,10428
1944,10429
19440,10430
19441,10431
19442,10432
19443,10433
19444,10434
19445,10435
19446,10436
19447,10437
19448,10438
19449,10439
19450,10440
19451,10441
19452,10442
19453,10443
19454,10444
19455,10445
19456,10446
19457,10447
19458,10448
19459,10449
1946,10450
19460,10451
19461,10452
19462,10453
19463,10454
19464,10455
19465,10456
19467,10457
19468,10458
19469,10459
1947,10460
19470,10461
19471,10462
19473,10463
19474,10464
19475,10465
19476,10466
19477,10467
19478,10468
19479,10469
19480,10470
19481,10471
19482,10472
19483,10473
19484,10474
19485,10475
19488,10476
19489,10477
1949,10478
19491,10479
19492,10480
19493,10481
19494,10482
19495,10483
19496,10484
19497,10485
19498,10486
19499,10487
19500,10488
19501,10489
19502,10490
19503,10491
19504,10492
19505,10493
19506,10494
19507,10495
19508,10496
19509,10497
19510,10498
19511,10499
19512,10500
19513,10501
19514,10502
19515,10503
19516,10504
19517,10505
19518,10506
19519,10507
19520,10508
19521,10509
19522,10510
19523,10511
19524,10512
19525,10513
19526,10514
19527,10515
19528,10516
19529,10517
19530,10518
19531,10519
19532,10520
19533,10521
19534,10522
19535,10523
19536,10524
19537,10525
19538,10526
19539,10527
1954,10528
19540,10529
19541,10530
19542,10531
19543,10532
19544,10533
19545,10534
19546,10535
19547,10536
19548,10537
19549,10538
19550,10539
19551,10540
19552,10541
19553,10542
19554,10543
19555,10544
19556,10545
19557,10546
19558,10547
19559,10548
19560,10549
19561,10550
19562,10551
19563,10552
19564,10553
19565,10554
19566,10555
19567,10556
19568,10557
19569,10558
1957,10559
19570,10560
19571,10561
19572,10562
19573,10563
19574,10564
19575,10565
19576,10566
19577,10567
19579,10568
1958,10569
19580,10570
19581,10571
19582,10572
19583,10573
19584,10574
19585,10575
19586,10576
19587,10577
19588,10578
19589,10579
1959,10580
19590,10581
19591,10582
19592,10583
19593,10584
19594,10585
19595,10586
19596,10587
19597,10588
19598,10589
19599,10590
1960,10591
19600,10592
19601,10593
19602,10594
19603,10595
19604,10596
19605,10597
19606,10598
19607,10599
19608,10600
19609,10601
1961,10602
19610,10603
19611,10604
19612,10605
19613,10606
19614,10607
19615,10608
19616,10609
19617,10610
19618,10611
19619,10612
1962,10613
19620,10614
19621,10615
19622,10616
19623,10617
19624,10618
19625,10619
19626,10620
19627,10621
19628,10622
19629,10623
1963,10624
19630,10625
19631,10626
19632,10627
19633,10628
19634,10629
19635,10630
19636,10631
19637,10632
19638,10633
19639,10634
1964,10635
19640,10636
19641,10637
19642,10638
19643,10639
19644,10640
19645,10641
19646,10642
19647,10643
19648,10644
19649,10645
1965,10646
19650,10647
19651,10648
19652,10649
19653,10650
19654,10651
19655,10652
19656,10653
19657,10654
19658,10655
19659,10656
1966,10657
19660,10658
19661,10659
19662,10660
19663,10661
19664,10662
19665,10663
19666,10664
19667,10665
19668,10666
19669,10667
1967,10668
19670,10669
19671,10670
19672,10671
19673,10672
19674,10673
19675,10674
19676,10675
19677,10676
19678,10677
19679,10678
1968,10679
19680,10680
19681,10681
19682,10682
19683,10683
19684,10684
19685,10685
19686,10686
19687,10687
19688,10688
19689,10689
1969,10690
19690,10691
19691,10692
19692,10693
19693,10694
19694,10695
19695,10696
19696,10697
19697,10698
19698,10699
19699,10700
1970,10701
19700,10702
19701,10703
19702,10704
19703,10705
19704,10706
19705,10707
19706,10708
19707,10709
19708,10710
19709,10711
1971,10712
19710,10713
19711,10714
19712,10715
19713,10716
19714,10717
19715,10718
19716,10719
19717,10720
19718,10721
19719,10722
1972,10723
19720,10724
19721,10725
19722,10726
19723,10727
19724,10728
19725,10729
19726,10730
19727,10731
19728,10732
19729,10733
1973,10734
19730,10735
19731,10736
19732,10737
19733,10738
19734,10739
19735,10740
19736,10741
19737,10742
19738,10743
19739,10744
1974,10745
19740,10746
19741,10747
19742,10748
19743,10749
19744,10750
19745,10751
19746,10752
19747,10753
19748,10754
19749,10755
1975,10756
19750,10757
19751,10758
19752,10759
19753,10760
19754,10761
19755,10762
19756,10763
19757,10764
19758,10765
19759,10766
1976,10767
19760,10768
19761,10769
19762,10770
19763,10771
19764,10772
19765,10773
19766,10774
19767,10775
19768,10776
19769,10777
1977,10778
19770,10779
19771,10780
19772,10781
19773,10782
19774,10783
19775,10784
19776,10785
19777,10786
19778,10787
19779,10788
1978,10789
19780,10790
19781,10791
19782,10792
19783,10793
19784,10794
19785,10795
19786,10796
19787,10797
19788,10798
19789,10799
1979,10800
19790,10801
19791,10802
19792,10803
19793,10804
19794,10805
19795,10806
19796,10807
19797,10808
19798,10809
19799,10810
1980,10811
19800,10812
19801,10813
19802,10814
19803,10815
19804,10816
19805,10817
19806,10818
19807,10819
19808,10820
19809,10821
1981,10822
19810,10823
19811,10824
19812,10825
19813,10826
19814,10827
19815,10828
19816,10829
19817,10830
19818,10831
19819,10832
1982,10833
19820,10834
19821,10835
19822,10836
19823,10837
19824,10838
19825,10839
19826,10840
19828,10841
19829,10842
1983,10843
19830,10844
19831,10845
19832,10846
19833,10847
19834,10848
19835,10849
19836,10850
19837,10851
19838,10852
19839,10853
1984,10854
19840,10855
19841,10856
19842,10857
19843,10858
19844,10859
19845,10860
19846,10861
19847,10862
19848,10863
19849,10864
1985,10865
19850,10866
19851,10867
19852,10868
19853,10869
19854,10870
19855,10871
19856,10872
19857,10873
19858,10874
19859,10875
1986,10876
19860,10877
19861,10878
19862,10879
19863,10880
19864,10881
19865,10882
19866,10883
19867,10884
19868,10885
19869,10886
1987,10887
19870,10888
19871,10889
19872,10890
19873,10891
19874,10892
19875,10893
19876,10894
19877,10895
19878,10896
19879,10897
1988,10898
19880,10899
19881,10900
19882,10901
19883,10902
19884,10903
19885,10904
19886,10905
19887,10906
19888,10907
19889,10908
1989,10909
19890,10910
19891,10911
19892,10912
19893,10913
19894,10914
19895,10915
19896,10916
19897,10917
19898,10918
19899,10919
1990,10920
19900,10921
19901,10922
19902,10923
19903,10924
19904,10925
19905,10926
19906,10927
19907,10928
19908,10929
19909,10930
1991,10931
19910,10932
19911,10933
19912,10934
19913,10935
19914,10936
19915,10937
19916,10938
19917,10939
19918,10940
19919,10941
1992,10942
19920,10943
19921,10944
19922,10945
19923,10946
19924,10947
19925,10948
19926,10949
19927,10950
19928,10951
19929,10952
1993,10953
19930,10954
19931,10955
19932,10956
19933,10957
19935,10958
19936,10959
19937,10960
19938,10961
19939,10962
1994,10963
19940,10964
19941,10965
19942,10966
19943,10967
19944,10968
19945,10969
19946,10970
19947,10971
19948,10972
19949,10973
1995,10974
19950,10975
19951,10976
19952,10977
19953,10978
19954,10979
19955,10980
19956,10981
19957,10982
19958,10983
19959,10984
1996,10985
19961,10986
19962,10987
19963,10988
19964,10989
19965,10990
19966,10991
19967,10992
19968,10993
19969,10994
1997,10995
19970,10996
19971,10997
19972,10998
19973,10999
19974,11000
19975,11001
19976,11002
19977,11003
19978,11004
19979,11005
1998,11006
19980,11007
19981,11008
19982,11009
19983,11010
19984,11011
19985,11012
19986,11013
19987,11014
19988,11015
19989,11016
1999,11017
19990,11018
19991,11019
19992,11020
19993,11021
19994,11022
19995,11023
19996,11024
19997,11025
19998,11026
19999,11027
2000,11028
20000,11029
20001,11030
20002,11031
20003,11032
20004,11033
20005,11034
20006,11035
20007,11036
20008,11037
20009,11038
2001,11039
20010,11040
20011,11041
20012,11042
20013,11043
20014,11044
20015,11045
20016,11046
20017,11047
20018,11048
20019,11049
2002,11050
20020,11051
20021,11052
20022,11053
20023,11054
20024,11055
20025,11056
20026,11057
20027,11058
20028,11059
20029,11060
2003,11061
20030,11062
20031,11063
20032,11064
20033,11065
20034,11066
20035,11067
20036,11068
20037,11069
20038,11070
20039,11071
2004,11072
20040,11073
20041,11074
20042,11075
20043,11076
20044,11077
20045,11078
20046,11079
20047,11080
20048,11081
20049,11082
2005,11083
20050,11084
20051,11085
20052,11086
20053,11087
20054,11088
20055,11089
20056,11090
20057,11091
20058,11092
20059,11093
2006,11094
20060,11095
20061,11096
20062,11097
20063,11098
20064,11099
20065,11100
20066,11101
20067,11102
20069,11103
2007,11104
20070,11105
20071,11106
20072,11107
20073,11108
20075,11109
20076,11110
20077,11111
20078,11112
20079,11113
2008,11114
20080,11115
20082,11116
20084,11117
20085,11118
20086,11119
20087,11120
20088,11121
20089,11122
2009,11123
20090,11124
20091,11125
20092,11126
20093,11127
20094,11128
20095,11129
20096,11130
20097,11131
20098,11132
20099,11133
2010,11134
20100,11135
20101,11136
20102,11137
20103,11138
20104,11139
20105,11140
20106,11141
20107,11142
20108,11143
20109,11144
2011,11145
20110,11146
20111,11147
20112,11148
20113,11149
20114,11150
20115,11151
20116,11152
20117,11153
20118,11154
20119,11155
2012,11156
20120,11157
20121,11158
20122,11159
20123,11160
20124,11161
20125,11162
20126,11163
20127,11164
20128,11165
20129,11166
2013,11167
20130,11168
20131,11169
20132,11170
20133,11171
20134,11172
20135,11173
20136,11174
20137,11175
20138,11176
20139,11177
2014,11178
20140,11179
20141,11180
20142,11181
20143,11182
20144,11183
20146,11184
20147,11185
20148,11186
20149,11187
2015,11188
20150,11189
20151,11190
20152,11191
20153,11192
20154,11193
20155,11194
20156,11195
20157,11196
20158,11197
20159,11198
2016,11199
20160,11200
20161,11201
20162,11202
20163,11203
20164,11204
20165,11205
20166,11206
20167,11207
20168,11208
20169,11209
2017,11210
20170,11211
20171,11212
20172,11213
20173,11214
20174,11215
20175,11216
20176,11217
20177,11218
20178,11219
20179,11220
2018,11221
20180,11222
20181,11223
20182,11224
20183,11225
20184,11226
20185,11227
20186,11228
20187,11229
20188,11230
20189,11231
2019,11232
20190,11233
20191,11234
20192,11235
20193,11236
20194,11237
20195,11238
20196,11239
20197,11240
20198,11241
20199,11242
2020,11243
20200,11244
20201,11245
20202,11246
20203,11247
20204,11248
20205,11249
20206,11250
20207,11251
20208,11252
20209,11253
2021,11254
20210,11255
20211,11256
20213,11257
20214,11258
20215,11259
20216,11260
20217,11261
20218,11262
20219,11263
2022,11264
20220,11265
20221,11266
20222,11267
20223,11268
20224,11269
20225,11270
20226,11271
20227,11272
20228,11273
20229,11274
2023,11275
20230,11276
20231,11277
20232,11278
20233,11279
20234,11280
20235,11281
20236,11282
20237,11283
20238,11284
20239,11285
2024,11286
20240,11287
20241,11288
20242,11289
20243,11290
20244,11291
20245,11292
20246,11293
20247,11294
20248,11295
20249,11296
2025,11297
20250,11298
20251,11299
20252,11300
20253,11301
20254,11302
20255,11303
20256,11304
20257,11305
20258,11306
20259,11307
2026,11308
20260,11309
20261,11310
20262,11311
20263,11312
20264,11313
20265,11314
20266,11315
20267,11316
20268,11317
20269,11318
2027,11319
20270,11320
20271,11321
20272,11322
20273,11323
20274,11324
20275,11325
20276,11326
20277,11327
20278,11328
20279,11329
2028,11330
20280,11331
20281,11332
20282,11333
20283,11334
20284,11335
20285,11336
20286,11337
20287,11338
20288,11339
20289,11340
2029,11341
20290,11342
20291,11343
20292,11344
20293,11345
20294,11346
20295,11347
20296,11348
20297,11349
20298,11350
20299,11351
2030,11352
20300,11353
20301,11354
20302,11355
20303,11356
20304,11357
20305,11358
20306,11359
20307,11360
20308,11361
20309,11362
2031,11363
20310,11364
20311,11365
20312,11366
20313,11367
20314,11368
20315,11369
20316,11370
20317,11371
20318,11372
20319,11373
2032,11374
20320,11375
20321,11376
20322,11377
20323,11378
20324,11379
20325,11380
20326,11381
20327,11382
20328,11383
20329,11384
2033,11385
20330,11386
20331,11387
20332,11388
20333,11389
20334,11390
20335,11391
20336,11392
20337,11393
20338,11394
20339,11395
2034,11396
20340,11397
20341,11398
20342,11399
20343,11400
20344,11401
20345,11402
20346,11403
20347,11404
20348,11405
20349,11406
2035,11407
2036,11408
2037,11409
2038,11410
2039,11411
2040,11412
2041,11413
2042,11414
2043,11415
2044,11416
2045,11417
2046,11418
2047,11419
2048,11420
2049,11421
2050,11422
2051,11423
2052,11424
2053,11425
2054,11426
2055,11427
2056,11428
2057,11429
2058,11430
2059,11431
2060,11432
2061,11433
2062,11434
2063,11435
2064,11436
2065,11437
2066,11438
2067,11439
2068,11440
2069,11441
2070,11442
2071,11443
2072,11444
2073,11445
2074,11446
2075,11447
2076,11448
2077,11449
2078,11450
2079,11451
2080,11452
2081,11453
2082,11454
2083,11455
2084,11456
2085,11457
2086,11458
2087,11459
2088,11460
2089,11461
2090,11462
2091,11463
2092,11464
2093,11465
2094,11466
2095,11467
2096,11468
2097,11469
2098,11470
2099,11471
2100,11472
2101,11473
2102,11474
2103,11475
2104,11476
2105,11477
2106,11478
2107,11479
2108,11480
2109,11481
2110,11482
2111,11483
2112,11484
2113,11485
2114,11486
2115,11487
2116,11488
2117,11489
2118,11490
2119,11491
2120,11492
2121,11493
2122,11494
2123,11495
2124,11496
2125,11497
2126,11498
2127,11499
2128,11500
2129,11501
2130,11502
2131,11503
2132,11504
2133,11505
2134,11506
2135,11507
2136,11508
2137,11509
2138,11510
2139,11511
2140,11512
2141,11513
2142,11514
2143,11515
2144,11516
2145,11517
2146,11518
2147,11519
2148,11520
2149,11521
2150,11522
2151,11523
2152,11524
2153,11525
2154,11526
2155,11527
2156,11528
2157,11529
2158,11530
2159,11531
2160,11532
2161,11533
2162,11534
2163,11535
2164,11536
2165,11537
2166,11538
2167,11539
2168,11540
2169,11541
2170,11542
2171,11543
2172,11544
2173,11545
2174,11546
2175,11547
2176,11548
2177,11549
2178,11550
2179,11551
2180,11552
2181,11553
2182,11554
2183,11555
2184,11556
2185,11557
2186,11558
2187,11559
2188,11560
2189,11561
2190,11562
2191,11563
2192,11564
2193,11565
2194,11566
2195,11567
2196,11568
2197,11569
2198,11570
2199,11571
2200,11572
2201,11573
2202,11574
2203,11575
2204,11576
2205,11577
2206,11578
2207,11579
2209,11580
2210,11581
2211,11582
2212,11583
2213,11584
2214,11585
2215,11586
2216,11587
2217,11588
2218,11589
2219,11590
2220,11591
2221,11592
2222,11593
2223,11594
2224,11595
2225,11596
2226,11597
2227,11598
2228,11599
2229,11600
2230,11601
2231,11602
2232,11603
2233,11604
2234,11605
2235,11606
2236,11607
2237,11608
2238,11609
2239,11610
2240,11611
2241,11612
2242,11613
2243,11614
2244,11615
2245,11616
2246,11617
2247,11618
2248,11619
2249,11620
2250,11621
2251,11622
2252,11623
2253,11624
2254,11625
2255,11626
2256,11627
2257,11628
2258,11629
2259,11630
2260,11631
2261,11632
2262,11633
2263,11634
2264,11635
2265,11636
2266,11637
2267,11638
2268,11639
2269,11640
2270,11641
2271,11642
2272,11643
2273,11644
2274,11645
2275,11646
2276,11647
2277,11648
2278,11649
2279,11650
2280,11651
2281,11652
2283,11653
2284,11654
2285,11655
2286,11656
2287,11657
2288,11658
2289,11659
2290,11660
2291,11661
2292,11662
2293,11663
2294,11664
2295,11665
2296,11666
2297,11667
2298,11668
2299,11669
2300,11670
2301,11671
2302,11672
2303,11673
2304,11674
2305,11675
2306,11676
2307,11677
2308,11678
2309,11679
2310,11680
2311,11681
2312,11682
2313,11683
2314,11684
2315,11685
2316,11686
2317,11687
2318,11688
2319,11689
2320,11690
2321,11691
2322,11692
2323,11693
2324,11694
2325,11695
2326,11696
2327,11697
2328,11698
2330,11699
2331,11700
2332,11701
2333,11702
2334,11703
2335,11704
2336,11705
2338,11706
2339,11707
2340,11708
2341,11709
2342,11710
2343,11711
2345,11712
2346,11713
2347,11714
2348,11715
2349,11716
2350,11717
2351,11718
2352,11719
2353,11720
2354,11721
2355,11722
2356,11723
2357,11724
2358,11725
2359,11726
2360,11727
2361,11728
2362,11729
2363,11730
2364,11731
2365,11732
2366,11733
2367,11734
2368,11735
2369,11736
2370,11737
2371,11738
2372,11739
2373,11740
2374,11741
2375,11742
2376,11743
2377,11744
2378,11745
2379,11746
2380,11747
2381,11748
2382,11749
2383,11750
2384,11751
2385,11752
2386,11753
2387,11754
2388,11755
2389,11756
2390,11757
2391,11758
2392,11759
2393,11760
2394,11761
2395,11762
2396,11763
2397,11764
2398,11765
2399,11766
2400,11767
2401,11768
2402,11769
2403,11770
2404,11771
2405,11772
2406,11773
2407,11774
2408,11775
2409,11776
2410,11777
2411,11778
2412,11779
2413,11780
2414,11781
2415,11782
2416,11783
2417,11784
2418,11785
2419,11786
2422,11787
2423,11788
2424,11789
2425,11790
2427,11791
2428,11792
2429,11793
2430,11794
2431,11795
2432,11796
2433,11797
2434,11798
2435,11799
2436,11800
2437,11801
2438,11802
2440,11803
2441,11804
2442,11805
2444,11806
2445,11807
2446,11808
2447,11809
2449,11810
2451,11811
2452,11812
2453,11813
2454,11814
2455,11815
2457,11816
2458,11817
2459,11818
2462,11819
2463,11820
2464,11821
2467,11822
2472,11823
2473,11824
2474,11825
2476,11826
2477,11827
2478,11828
2479,11829
2481,11830
2483,11831
2484,11832
2485,11833
2486,11834
2488,11835
2489,11836
2490,11837
2491,11838
2492,11839
2493,11840
2495,11841
2496,11842
2497,11843
2498,11844
2500,11845
2503,11846
2505,11847
2507,11848
2514,11849
2515,11850
2516,11851
2518,11852
2521,11853
2522,11854
2524,11855
2525,11856
2526,11857
2527,11858
2528,11859
2529,11860
2530,11861
2532,11862
2535,11863
2536,11864
2537,11865
2539,11866
2540,11867
2542,11868
2543,11869
2545,11870
2546,11871
2547,11872
2548,11873
2551,11874
2552,11875
2553,11876
2555,11877
2556,11878
2557,11879
2559,11880
2560,11881
2562,11882
2564,11883
2567,11884
2568,11885
2569,11886
2570,11887
2571,11888
2572,11889
2573,11890
2576,11891
2578,11892
2583,11893
2584,11894
2586,11895
2593,11896
2594,11897
2595,11898
2596,11899
2597,11900
2598,11901
2599,11902
2600,11903
2601,11904
2602,11905
2603,11906
2604,11907
2605,11908
2606,11909
2607,11910
2608,11911
2609,11912
2610,11913
2611,11914
2612,11915
2613,11916
2614,11917
2615,11918
2616,11919
2617,11920
2618,11921
2619,11922
2620,11923
2621,11924
2622,11925
2623,11926
2624,11927
2625,11928
2626,11929
2627,11930
2628,11931
2629,11932
2630,11933
2631,11934
2632,11935
2633,11936
2634,11937
2635,11938
2636,11939
2637,11940
2638,11941
2639,11942
2640,11943
2641,11944
2642,11945
2643,11946
2644,11947
2645,11948
2646,11949
2647,11950
2648,11951
2649,11952
2650,11953
2651,11954
2652,11955
2653,11956
2654,11957
2655,11958
2656,11959
2657,11960
2658,11961
2659,11962
2660,11963
2661,11964
2662,11965
2663,11966
2664,11967
2665,11968
2666,11969
2667,11970
2668,11971
2669,11972
2670,11973
2671,11974
2672,11975
2673,11976
2674,11977
2675,11978
2676,11979
2677,11980
2678,11981
2679,11982
2680,11983
2681,11984
2682,11985
2683,11986
2684,11987
2685,11988
2686,11989
2687,11990
2688,11991
2689,11992
2690,11993
2691,11994
2692,11995
2693,11996
2694,11997
2695,11998
2696,11999
2697,12000
2698,12001
2699,12002
2700,12003
2701,12004
2702,12005
2703,12006
2704,12007
2705,12008
2706,12009
2707,12010
2708,12011
2709,12012
2710,12013
2711,12014
2712,12015
2713,12016
2714,12017
2715,12018
2716,12019
2717,12020
2718,12021
2719,12022
2720,12023
2721,12024
2722,12025
2723,12026
2724,12027
2725,12028
2726,12029
2727,12030
2728,12031
2729,12032
2731,12033
2732,12034
2733,12035
2734,12036
2735,12037
2736,12038
2737,12039
2738,12040
2739,12041
2740,12042
2741,12043
2742,12044
2743,12045
2744,12046
2745,12047
2746,12048
2747,12049
2748,12050
2749,12051
2750,12052
2751,12053
2752,12054
2753,12055
2754,12056
2755,12057
2756,12058
2757,12059
2758,12060
2759,12061
2760,12062
2761,12063
2762,12064
2763,12065
2764,12066
2765,12067
2766,12068
2767,12069
2768,12070
2769,12071
2770,12072
2771,12073
2772,12074
2773,12075
2774,12076
2775,12077
2776,12078
2777,12079
2778,12080
2779,12081
2780,12082
2781,12083
2782,12084
2783,12085
2784,12086
2785,12087
2786,12088
2787,12089
2788,12090
2789,12091
2790,12092
2791,12093
2792,12094
2793,12095
2794,12096
2795,12097
2796,12098
2797,12099
2798,12100
2799,12101
2801,12102
2802,12103
2803,12104
2804,12105
2805,12106
2806,12107
2807,12108
2808,12109
2809,12110
2810,12111
2811,12112
2812,12113
2813,12114
2814,12115
2815,12116
2816,12117
2817,12118
2818,12119
2819,12120
2820,12121
2821,12122
2822,12123
2823,12124
2824,12125
2825,12126
2826,12127
2827,12128
2828,12129
2829,12130
2830,12131
2831,12132
2832,12133
2833,12134
2834,12135
2835,12136
2836,12137
2837,12138
2838,12139
2839,12140
2840,12141
2841,12142
2842,12143
2843,12144
2844,12145
2845,12146
2846,12147
2847,12148
2848,12149
2849,12150
2850,12151
2851,12152
2852,12153
2853,12154
2854,12155
2855,12156
2856,12157
2857,12158
2858,12159
2859,12160
2860,12161
2861,12162
2862,12163
2863,12164
2864,12165
2865,12166
2866,12167
2867,12168
2868,12169
2869,12170
2870,12171
2871,12172
2872,12173
2873,12174
2874,12175
2875,12176
2876,12177
2877,12178
2878,12179
2879,12180
2880,12181
2881,12182
2882,12183
2883,12184
2884,12185
2885,12186
2886,12187
2887,12188
2888,12189
2889,12190
2890,12191
2891,12192
2892,12193
2893,12194
2894,12195
2895,12196
2896,12197
2897,12198
2898,12199
2899,12200
2900,12201
2901,12202
2902,12203
2903,12204
2904,12205
2905,12206
2906,12207
2907,12208
2908,12209
2909,12210
2910,12211
2911,12212
2912,12213
2913,12214
2914,12215
2915,12216
2916,12217
2917,12218
2918,12219
2919,12220
2920,12221
2921,12222
2922,12223
2923,12224
2924,12225
2925,12226
2926,12227
2927,12228
2928,12229
2929,12230
2930,12231
2931,12232
2932,12233
2933,12234
2934,12235
2935,12236
2936,12237
2937,12238
2938,12239
2939,12240
2940,12241
2941,12242
2942,12243
2943,12244
2944,12245
2945,12246
2946,12247
2947,12248
2948,12249
2950,12250
2951,12251
2952,12252
2953,12253
2954,12254
2955,12255
2956,12256
2957,12257
2958,12258
2959,12259
2960,12260
2961,12261
2962,12262
2963,12263
2964,12264
2965,12265
2966,12266
2967,12267
2968,12268
2970,12269
2971,12270
2972,12271
2973,12272
2975,12273
2976,12274
2977,12275
2978,12276
2979,12277
2980,12278
2981,12279
2982,12280
2983,12281
2984,12282
2985,12283
2986,12284
2987,12285
2988,12286
2989,12287
2991,12288
2992,12289
2993,12290
2994,12291
2995,12292
2996,12293
2997,12294
2998,12295
2999,12296
3000,12297
3001,12298
3002,12299
3003,12300
3004,12301
3005,12302
3006,12303
3007,12304
3008,12305
3009,12306
3010,12307
3011,12308
3012,12309
3013,12310
3014,12311
3015,12312
3016,12313
3017,12314
3018,12315
3019,12316
3020,12317
3021,12318
3022,12319
3023,12320
3025,12321
3026,12322
3027,12323
3028,12324
3029,12325
3030,12326
3031,12327
3032,12328
3033,12329
3034,12330
3035,12331
3036,12332
3037,12333
3038,12334
3039,12335
3041,12336
3042,12337
3043,12338
3044,12339
3045,12340
3046,12341
3048,12342
3049,12343
3050,12344
3051,12345
3052,12346
3053,12347
3054,12348
3055,12349
3056,12350
3057,12351
3059,12352
3060,12353
3061,12354
3062,12355
3063,12356
3064,12357
3065,12358
3067,12359
3068,12360
3069,12361
3070,12362
3072,12363
3073,12364
3074,12365
3075,12366
3076,12367
3077,12368
3078,12369
3080,12370
3081,12371
3086,12372
3087,12373
3088,12374
3089,12375
3090,12376
3091,12377
3092,12378
3093,12379
3095,12380
3096,12381
3097,12382
3098,12383
3099,12384
3102,12385
3104,12386
3105,12387
3106,12388
3108,12389
3109,12390
3110,12391
3112,12392
3115,12393
3117,12394
3118,12395
3119,12396
3120,12397
3123,12398
3125,12399
3126,12400
3128,12401
3129,12402
3131,12403
3133,12404
3134,12405
3135,12406
3137,12407
3140,12408
3141,12409
3142,12410
3143,12411
3144,12412
3145,12413
3147,12414
3148,12415
3149,12416
3150,12417
3151,12418
3152,12419
3153,12420
3157,12421
3159,12422
3161,12423
3162,12424
3163,12425
3164,12426
3165,12427
3166,12428
3167,12429
3168,12430
3169,12431
3171,12432
3172,12433
3173,12434
3178,12435
3179,12436
3181,12437
3183,12438
3184,12439
3185,12440
3187,12441
3188,12442
3189,12443
3191,12444
3192,12445
3193,12446
3194,12447
3195,12448
3196,12449
3198,12450
3201,12451
3204,12452
3206,12453
3207,12454
3208,12455
3209,12456
3212,12457
3214,12458
3218,12459
3219,12460
3227,12461
3229,12462
3230,12463
3231,12464
3232,12465
3233,12466
3234,12467
3235,12468
3236,12469
3237,12470
3238,12471
3239,12472
3240,12473
3241,12474
3242,12475
3243,12476
3244,12477
3245,12478
3246,12479
3247,12480
3248,12481
3249,12482
3250,12483
3251,12484
3252,12485
3253,12486
3254,12487
3255,12488
3256,12489
3257,12490
3258,12491
3259,12492
3260,12493
3261,12494
3262,12495
3263,12496
3264,12497
3265,12498
3266,12499
3267,12500
3268,12501
3269,12502
3270,12503
3271,12504
3272,12505
3273,12506
3274,12507
3275,12508
3276,12509
3277,12510
3278,12511
3279,12512
3280,12513
3281,12514
3282,12515
3283,12516
3284,12517
3285,12518
3286,12519
3287,12520
3288,12521
3289,12522
3290,12523
3291,12524
3292,12525
3293,12526
3294,12527
3295,12528
3296,12529
3297,12530
3298,12531
3299,12532
3300,12533
3301,12534
3302,12535
3303,12536
3304,12537
3305,12538
3306,12539
3307,12540
3308,12541
3309,12542
3310,12543
3311,12544
3312,12545
3313,12546
3314,12547
3315,12548
3316,12549
3317,12550
3318,12551
3319,12552
3320,12553
3321,12554
3322,12555
3323,12556
3324,12557
3325,12558
3326,12559
3327,12560
3328,12561
3329,12562
3330,12563
3331,12564
3332,12565
3333,12566
3334,12567
3335,12568
3336,12569
3337,12570
3338,12571
3339,12572
3340,12573
3341,12574
3342,12575
3343,12576
3344,12577
3345,12578
3346,12579
3347,12580
3348,12581
3349,12582
3350,12583
3351,12584
3352,12585
3353,12586
3354,12587
3355,12588
3356,12589
3357,12590
3358,12591
3359,12592
3360,12593
3361,12594
3362,12595
3363,12596
3364,12597
3365,12598
3366,12599
3367,12600
3368,12601
3369,12602
3370,12603
3371,12604
3372,12605
3373,12606
3374,12607
3375,12608
3376,12609
3377,12610
3378,12611
3379,12612
3380,12613
3381,12614
3382,12615
3383,12616
3384,12617
3385,12618
3386,12619
3387,12620
3388,12621
3389,12622
3390,12623
3391,12624
3392,12625
3393,12626
3394,12627
3395,12628
3396,12629
3397,12630
3398,12631
3399,12632
3400,12633
3401,12634
3402,12635
3403,12636
3404,12637
3405,12638
3406,12639
3407,12640
3408,12641
3409,12642
3410,12643
3411,12644
3412,12645
3413,12646
3414,12647
3415,12648
3416,12649
3417,12650
3418,12651
3419,12652
3420,12653
3421,12654
3422,12655
3423,12656
3424,12657
3425,12658
3426,12659
3427,12660
3428,12661
3429,12662
3430,12663
3431,12664
3432,12665
3433,12666
3434,12667
3435,12668
3436,12669
3437,12670
3438,12671
3439,12672
3440,12673
3441,12674
3442,12675
3443,12676
3444,12677
3445,12678
3446,12679
3447,12680
3448,12681
3449,12682
3450,12683
3451,12684
3452,12685
3453,12686
3454,12687
3455,12688
3456,12689
3457,12690
3458,12691
3459,12692
3460,12693
3461,12694
3462,12695
3463,12696
3464,12697
3465,12698
3466,12699
3467,12700
3468,12701
3469,12702
3470,12703
3471,12704
3472,12705
3473,12706
3474,12707
3475,12708
3477,12709
3478,12710
3479,12711
3480,12712
3481,12713
3482,12714
3483,12715
3484,12716
3485,12717
3486,12718
3487,12719
3488,12720
3489,12721
3490,12722
3491,12723
3492,12724
3493,12725
3494,12726
3495,12727
3496,12728
3497,12729
3498,12730
3499,12731
3500,12732
3501,12733
3502,12734
3503,12735
3504,12736
3505,12737
3506,12738
3507,12739
3508,12740
3509,12741
3510,12742
3511,12743
3512,12744
3513,12745
3514,12746
3515,12747
3516,12748
3517,12749
3518,12750
3519,12751
3520,12752
3521,12753
3522,12754
3523,12755
3524,12756
3525,12757
3526,12758
3527,12759
3528,12760
3529,12761
3530,12762
3531,12763
3532,12764
3533,12765
3534,12766
3535,12767
3536,12768
3537,12769
3538,12770
3539,12771
3540,12772
3541,12773
3542,12774
3543,12775
3544,12776
3546,12777
3547,12778
3548,12779
3549,12780
3550,12781
3551,12782
3552,12783
3553,12784
3554,12785
3555,12786
3556,12787
3557,12788
3558,12789
3559,12790
3560,12791
3561,12792
3562,12793
3563,12794
3564,12795
3565,12796
3566,12797
3567,12798
3568,12799
3569,12800
3570,12801
3571,12802
3572,12803
3573,12804
3574,12805
3575,12806
3576,12807
3577,12808
3578,12809
3579,12810
3580,12811
3581,12812
3582,12813
3583,12814
3584,12815
3585,12816
3586,12817
3587,12818
3588,12819
3589,12820
3590,12821
3591,12822
3592,12823
3593,12824
3594,12825
3595,12826
3598,12827
3600,12828
3601,12829
3602,12830
3603,12831
3604,12832
3605,12833
3606,12834
3607,12835
3608,12836
3609,12837
3610,12838
3611,12839
3612,12840
3613,12841
3614,12842
3615,12843
3616,12844
3617,12845
3618,12846
3619,12847
3620,12848
3621,12849
3622,12850
3623,12851
3624,12852
3625,12853
3626,12854
3627,12855
3628,12856
3629,12857
3630,12858
3631,12859
3632,12860
3633,12861
3634,12862
3635,12863
3636,12864
3637,12865
3638,12866
3639,12867
3640,12868
3641,12869
3642,12870
3643,12871
3644,12872
3645,12873
3646,12874
3647,12875
3648,12876
3649,12877
3650,12878
3651,12879
3652,12880
3653,12881
3654,12882
3655,12883
3656,12884
3657,12885
3658,12886
3659,12887
3660,12888
3661,12889
3662,12890
3663,12891
3664,12892
3665,12893
3667,12894
3668,12895
3669,12896
3670,12897
3671,12898
3672,12899
3673,12900
3674,12901
3675,12902
3676,12903
3678,12904
3679,12905
3680,12906
3681,12907
3683,12908
3684,12909
3685,12910
3686,12911
3688,12912
3689,12913
3690,12914
3691,12915
3693,12916
3694,12917
3695,12918
3696,12919
3698,12920
3699,12921
3700,12922
3701,12923
3703,12924
3705,12925
3706,12926
3707,12927
3708,12928
3709,12929
3710,12930
3711,12931
3712,12932
3713,12933
3714,12934
3715,12935
3716,12936
3717,12937
3718,12938
3720,12939
3721,12940
3722,12941
3723,12942
3724,12943
3725,12944
3726,12945
3727,12946
3728,12947
3729,12948
3730,12949
3731,12950
3732,12951
3735,12952
3738,12953
3739,12954
3740,12955
3741,12956
3742,12957
3743,12958
3744,12959
3745,12960
3746,12961
3747,12962
3748,12963
3749,12964
3750,12965
3752,12966
3753,12967
3754,12968
3756,12969
3757,12970
3759,12971
3760,12972
3762,12973
3764,12974
3765,12975
3766,12976
3767,12977
3768,12978
3771,12979
3772,12980
3774,12981
3775,12982
3776,12983
3777,12984
3778,12985
3780,12986
3782,12987
3783,12988
3788,12989
3791,12990
3793,12991
3794,12992
3795,12993
3796,12994
3797,12995
3798,12996
3799,12997
3800,12998
3802,12999
3804,13000
3805,13001
3806,13002
3808,13003
3811,13004
3813,13005
3814,13006
3815,13007
3816,13008
3818,13009
3827,13010
3833,13011
3834,13012
3835,13013
3836,13014
3837,13015
3838,13016
3839,13017
3840,13018
3841,13019
3842,13020
3843,13021
3844,13022
3845,13023
3846,13024
3847,13025
3848,13026
3849,13027
3850,13028
3851,13029
3852,13030
3853,13031
3854,13032
3855,13033
3856,13034
3857,13035
3858,13036
3859,13037
3860,13038
3861,13039
3862,13040
3863,13041
3864,13042
3865,13043
3866,13044
3867,13045
3868,13046
3869,13047
3870,13048
3871,13049
3872,13050
3873,13051
3874,13052
3875,13053
3876,13054
3877,13055
3878,13056
3879,13057
3880,13058
3881,13059
3882,13060
3883,13061
3884,13062
3885,13063
3886,13064
3887,13065
3888,13066
3889,13067
3890,13068
3891,13069
3892,13070
3893,13071
3894,13072
3895,13073
3896,13074
3897,13075
3898,13076
3899,13077
3900,13078
3901,13079
3902,13080
3903,13081
3904,13082
3905,13083
3906,13084
3907,13085
3908,13086
3909,13087
3910,13088
3911,13089
3912,13090
3913,13091
3914,13092
3915,13093
3916,13094
3917,13095
3918,13096
3919,13097
3920,13098
3921,13099
3922,13100
3923,13101
3924,13102
3925,13103
3926,13104
3927,13105
3928,13106
3929,13107
3930,13108
3931,13109
3932,13110
3933,13111
3934,13112
3935,13113
3936,13114
3937,13115
3938,13116
3939,13117
3940,13118
3941,13119
3942,13120
3943,13121
3944,13122
3945,13123
3946,13124
3947,13125
3948,13126
3949,13127
3950,13128
3951,13129
3952,13130
3953,13131
3954,13132
3955,13133
3956,13134
3957,13135
3958,13136
3959,13137
3960,13138
3961,13139
3962,13140
3963,13141
3964,13142
3965,13143
3966,13144
3967,13145
3968,13146
3969,13147
3970,13148
3971,13149
3972,13150
3973,13151
3974,13152
3975,13153
3976,13154
3977,13155
3978,13156
3979,13157
3980,13158
3981,13159
3982,13160
3983,13161
3984,13162
3985,13163
3986,13164
3987,13165
3988,13166
3989,13167
3990,13168
3991,13169
3992,13170
3993,13171
3994,13172
3995,13173
3996,13174
3997,13175
3998,13176
3999,13177
4000,13178
4001,13179
4003,13180
4004,13181
4005,13182
4006,13183
4007,13184
4009,13185
4010,13186
4011,13187
4012,13188
4013,13189
4014,13190
4015,13191
4016,13192
4017,13193
4018,13194
4019,13195
4020,13196
4021,13197
4022,13198
4023,13199
4024,13200
4025,13201
4026,13202
4027,13203
4028,13204
4029,13205
4030,13206
4031,13207
4032,13208
4033,13209
4034,13210
4035,13211
4036,13212
4037,13213
4039,13214
4040,13215
4041,13216
4042,13217
4043,13218
4044,13219
4045,13220
4046,13221
4047,13222
4048,13223
4049,13224
4050,13225
4051,13226
4052,13227
4053,13228
4054,13229
4055,13230
4056,13231
4057,13232
4058,13233
4059,13234
4060,13235
4061,13236
4062,13237
4063,13238
4064,13239
4065,13240
4066,13241
4067,13242
4068,13243
4069,13244
4070,13245
4071,13246
4072,13247
4073,13248
4074,13249
4075,13250
4076,13251
4077,13252
4078,13253
4079,13254
4080,13255
4081,13256
4082,13257
4083,13258
4084,13259
4085,13260
4086,13261
4087,13262
4088,13263
4089,13264
4090,13265
4091,13266
4092,13267
4093,13268
4094,13269
4095,13270
4096,13271
4097,13272
4098,13273
4099,13274
4100,13275
4101,13276
4102,13277
4103,13278
4104,13279
4105,13280
4107,13281
4108,13282
4109,13283
4110,13284
4111,13285
4112,13286
4113,13287
4114,13288
4115,13289
4116,13290
4117,13291
4118,13292
4119,13293
4120,13294
4121,13295
4122,13296
4123,13297
4124,13298
4125,13299
4126,13300
4127,13301
4128,13302
4129,13303
4130,13304
4131,13305
4132,13306
4133,13307
4134,13308
4135,13309
4136,13310
4137,13311
4138,13312
4139,13313
4140,13314
4141,13315
4142,13316
4143,13317
4144,13318
4145,13319
4146,13320
4147,13321
4148,13322
4149,13323
4150,13324
4151,13325
4152,13326
4153,13327
4154,13328
4155,13329
4156,13330
4157,13331
4158,13332
4159,13333
4160,13334
4161,13335
4162,13336
4163,13337
4164,13338
4165,13339
4166,13340
4167,13341
4168,13342
4169,13343
4170,13344
4171,13345
4172,13346
4173,13347
4174,13348
4175,13349
4176,13350
4177,13351
4178,13352
4179,13353
4180,13354
4181,13355
4182,13356
4183,13357
4184,13358
4185,13359
4186,13360
4188,13361
4189,13362
4190,13363
4191,13364
4192,13365
4193,13366
4194,13367
4195,13368
4196,13369
4197,13370
4200,13371
4201,13372
4202,13373
4203,13374
4204,13375
4205,13376
4206,13377
4207,13378
4208,13379
4209,13380
4210,13381
4211,13382
4212,13383
4213,13384
4214,13385
4215,13386
4216,13387
4217,13388
4218,13389
4219,13390
4220,13391
4221,13392
4222,13393
4223,13394
4224,13395
4225,13396
4226,13397
4227,13398
4228,13399
4229,13400
4230,13401
4231,13402
4232,13403
4233,13404
4234,13405
4235,13406
4236,13407
4237,13408
4238,13409
4239,13410
4240,13411
4241,13412
4242,13413
4243,13414
4244,13415
4245,13416
4246,13417
4247,13418
4248,13419
4249,13420
4250,13421
4251,13422
4252,13423
4253,13424
4254,13425
4255,13426
4256,13427
4257,13428
4258,13429
4259,13430
4260,13431
4261,13432
4262,13433
4263,13434
4264,13435
4265,13436
4266,13437
4267,13438
4268,13439
4269,13440
4270,13441
4271,13442
4272,13443
4273,13444
4274,13445
4275,13446
4276,13447
4277,13448
4278,13449
4279,13450
4280,13451
4281,13452
4282,13453
4283,13454
4284,13455
4285,13456
4286,13457
4289,13458
4290,13459
4291,13460
4292,13461
4293,13462
4294,13463
4295,13464
4296,13465
4297,13466
4299,13467
4301,13468
4302,13469
4303,13470
4304,13471
4305,13472
4306,13473
4307,13474
4308,13475
4309,13476
4310,13477
4311,13478
4312,13479
4313,13480
4314,13481
4315,13482
4316,13483
4317,13484
4318,13485
4319,13486
4320,13487
4322,13488
4324,13489
4326,13490
4327,13491
4328,13492
4329,13493
4330,13494
4331,13495
4332,13496
4333,13497
4334,13498
4335,13499
4336,13500
4337,13501
4338,13502
4339,13503
4340,13504
4341,13505
4342,13506
4343,13507
4344,13508
4345,13509
4347,13510
4348,13511
4349,13512
4350,13513
4352,13514
4353,13515
4354,13516
4355,13517
4356,13518
4357,13519
4358,13520
4359,13521
4360,13522
4362,13523
4363,13524
4364,13525
4365,13526
4366,13527
4369,13528
4370,13529
4372,13530
4373,13531
4374,13532
4375,13533
4376,13534
4378,13535
4379,13536
4382,13537
4383,13538
4384,13539
4385,13540
4386,13541
4387,13542
4388,13543
4390,13544
4393,13545
4396,13546
4398,13547
4400,13548
4402,13549
4403,13550
4405,13551
4406,13552
4407,13553
4408,13554
4410,13555
4411,13556
4412,13557
4413,13558
4414,13559
4416,13560
4417,13561
4418,13562
4419,13563
4421,13564
4425,13565
4426,13566
4427,13567
4428,13568
4429,13569
4439,13570
4440,13571
4441,13572
4442,13573
4443,13574
4444,13575
4445,13576
4446,13577
4447,13578
4448,13579
4449,13580
4450,13581
4451,13582
4452,13583
4453,13584
4454,13585
4455,13586
4456,13587
4457,13588
4458,13589
4459,13590
4460,13591
4461,13592
4462,13593
4463,13594
4464,13595
4465,13596
4466,13597
4467,13598
4468,13599
4469,13600
4470,13601
4471,13602
4472,13603
4473,13604
4474,13605
4475,13606
4476,13607
4477,13608
4478,13609
4479,13610
4480,13611
4481,13612
4482,13613
4483,13614
4484,13615
4485,13616
4486,13617
4487,13618
4488,13619
4489,13620
4490,13621
4491,13622
4492,13623
4493,13624
4494,13625
4495,13626
4496,13627
4497,13628
4498,13629
4499,13630
4500,13631
4501,13632
4502,13633
4503,13634
4504,13635
4505,13636
4506,13637
4507,13638
4508,13639
4509,13640
4510,13641
4511,13642
4512,13643
4513,13644
4514,13645
4515,13646
4516,13647
4517,13648
4518,13649
4519,13650
4520,13651
4521,13652
4522,13653
4523,13654
4524,13655
4525,13656
4526,13657
4527,13658
4528,13659
4529,13660
4530,13661
4531,13662
4532,13663
4533,13664
4534,13665
4535,13666
4536,13667
4537,13668
4538,13669
4539,13670
4540,13671
4541,13672
4542,13673
4543,13674
4544,13675
4545,13676
4546,13677
4547,13678
4548,13679
4549,13680
4550,13681
4551,13682
4552,13683
4553,13684
4554,13685
4555,13686
4556,13687
4557,13688
4558,13689
4559,13690
4560,13691
4561,13692
4562,13693
4564,13694
4565,13695
4566,13696
4567,13697
4568,13698
4569,13699
4570,13700
4571,13701
4572,13702
4573,13703
4574,13704
4575,13705
4576,13706
4577,13707
4578,13708
4579,13709
4580,13710
4581,13711
4582,13712
4583,13713
4584,13714
4585,13715
4586,13716
4587,13717
4588,13718
4589,13719
4590,13720
4591,13721
4592,13722
4593,13723
4594,13724
4595,13725
4596,13726
4597,13727
4598,13728
4599,13729
4600,13730
4601,13731
4602,13732
4603,13733
4604,13734
4605,13735
4606,13736
4607,13737
4608,13738
4609,13739
4610,13740
4611,13741
4612,13742
4613,13743
4615,13744
4616,13745
4617,13746
4618,13747
4619,13748
4620,13749
4621,13750
4622,13751
4623,13752
4624,13753
4625,13754
4626,13755
4627,13756
4628,13757
4629,13758
4630,13759
4631,13760
4632,13761
4633,13762
4634,13763
4635,13764
4636,13765
4637,13766
4638,13767
4639,13768
4640,13769
4641,13770
4642,13771
4643,13772
4644,13773
4645,13774
4646,13775
4647,13776
4648,13777
4649,13778
4650,13779
4651,13780
4652,13781
4653,13782
4654,13783
4655,13784
4656,13785
4657,13786
4658,13787
4659,13788
4660,13789
4661,13790
4663,13791
4664,13792
4665,13793
4666,13794
4667,13795
4668,13796
4669,13797
4670,13798
4671,13799
4672,13800
4673,13801
4674,13802
4675,13803
4676,13804
4677,13805
4678,13806
4679,13807
4680,13808
4681,13809
4682,13810
4683,13811
4684,13812
4685,13813
4686,13814
4687,13815
4688,13816
4689,13817
4690,13818
4691,13819
4692,13820
4693,13821
4694,13822
4695,13823
4696,13824
4697,13825
4698,13826
4699,13827
4701,13828
4702,13829
4703,13830
4704,13831
4705,13832
4706,13833
4707,13834
4708,13835
4709,13836
4710,13837
4711,13838
4712,13839
4713,13840
4714,13841
4715,13842
4716,13843
4717,13844
4718,13845
4719,13846
4720,13847
4721,13848
4722,13849
4723,13850
4724,13851
4725,13852
4726,13853
4727,13854
4728,13855
4729,13856
4730,13857
4731,13858
4732,13859
4733,13860
4734,13861
4735,13862
4736,13863
4737,13864
4738,13865
4739,13866
4740,13867
4741,13868
4742,13869
4743,13870
4744,13871
4745,13872
4746,13873
4747,13874
4748,13875
4749,13876
4750,13877
4751,13878
4752,13879
4753,13880
4754,13881
4755,13882
4756,13883
4757,13884
4758,13885
4759,13886
4760,13887
4761,13888
4762,13889
4763,13890
4764,13891
4765,13892
4766,13893
4767,13894
4768,13895
4769,13896
4770,13897
4771,13898
4772,13899
4773,13900
4774,13901
4775,13902
4776,13903
4777,13904
4778,13905
4779,13906
4780,13907
4781,13908
4782,13909
4783,13910
4784,13911
4785,13912
4786,13913
4787,13914
4788,13915
4789,13916
4790,13917
4791,13918
4792,13919
4794,13920
4795,13921
4796,13922
4797,13923
4798,13924
4799,13925
4800,13926
4801,13927
4802,13928
4803,13929
4804,13930
4805,13931
4806,13932
4807,13933
4808,13934
4809,13935
4810,13936
4811,13937
4812,13938
4813,13939
4814,13940
4815,13941
4816,13942
4817,13943
4818,13944
4819,13945
4820,13946
4821,13947
4822,13948
4823,13949
4824,13950
4825,13951
4826,13952
4827,13953
4828,13954
4829,13955
4830,13956
4831,13957
4832,13958
4833,13959
4834,13960
4835,13961
4836,13962
4837,13963
4838,13964
4839,13965
4840,13966
4841,13967
4842,13968
4843,13969
4844,13970
4845,13971
4846,13972
4847,13973
4848,13974
4849,13975
4850,13976
4851,13977
4852,13978
4853,13979
4854,13980
4855,13981
4856,13982
4857,13983
4858,13984
4859,13985
4860,13986
4861,13987
4862,13988
4863,13989
4864,13990
4865,13991
4866,13992
4867,13993
4868,13994
4869,13995
4870,13996
4871,13997
4872,13998
4873,13999
4874,14000
4875,14001
4876,14002
4877,14003
4878,14004
4879,14005
4880,14006
4882,14007
4883,14008
4884,14009
4885,14010
4886,14011
4887,14012
4888,14013
4889,14014
4890,14015
4891,14016
4892,14017
4893,14018
4894,14019
4895,14020
4896,14021
4897,14022
4898,14023
4899,14024
4902,14025
4905,14026
4906,14027
4907,14028
4908,14029
4909,14030
4910,14031
4911,14032
4916,14033
4917,14034
4918,14035
4919,14036
4920,14037
4921,14038
4922,14039
4923,14040
4924,14041
4925,14042
4926,14043
4928,14044
4933,14045
4934,14046
4935,14047
4937,14048
4939,14049
4940,14050
4944,14051
4945,14052
4946,14053
4947,14054
4952,14055
4953,14056
4954,14057
4955,14058
4956,14059
4957,14060
4959,14061
4961,14062
4962,14063
4964,14064
4967,14065
4968,14066
4969,14067
4970,14068
4971,14069
4974,14070
4975,14071
4976,14072
4979,14073
4980,14074
4981,14075
4983,14076
4984,14077
4985,14078
4986,14079
4988,14080
4989,14081
4991,14082
4992,14083
4994,14084
4997,14085
4999,14086
5001,14087
5002,14088
5003,14089
5004,14090
5005,14091
5007,14092
5008,14093
5009,14094
5010,14095
5017,14096
5018,14097
5019,14098
5020,14099
5021,14100
5028,14101
5030,14102
5031,14103
5038,14104
5039,14105
5040,14106
5041,14107
5042,14108
5043,14109
5044,14110
5045,14111
5046,14112
5047,14113
5048,14114
5049,14115
5050,14116
5051,14117
5052,14118
5053,14119
5054,14120
5055,14121
5056,14122
5057,14123
5058,14124
5059,14125
5060,14126
5061,14127
5062,14128
5063,14129
5064,14130
5065,14131
5066,14132
5067,14133
5068,14134
5069,14135
5070,14136
5071,14137
5072,14138
5073,14139
5074,14140
5075,14141
5076,14142
5077,14143
5078,14144
5079,14145
5080,14146
5081,14147
5082,14148
5083,14149
5084,14150
5085,14151
5086,14152
5087,14153
5088,14154
5089,14155
5090,14156
5091,14157
5092,14158
5093,14159
5094,14160
5095,14161
5096,14162
5097,14163
5098,14164
5099,14165
5100,14166
5101,14167
5102,14168
5103,14169
5104,14170
5105,14171
5106,14172
5107,14173
5108,14174
5109,14175
5110,14176
5111,14177
5112,14178
5113,14179
5114,14180
5115,14181
5116,14182
5117,14183
5118,14184
5119,14185
5120,14186
5121,14187
5122,14188
5123,14189
5124,14190
5125,14191
5126,14192
5127,14193
5128,14194
5129,14195
5130,14196
5131,14197
5132,14198
5133,14199
5134,14200
5135,14201
5136,14202
5137,14203
5138,14204
5139,14205
5140,14206
5141,14207
5142,14208
5143,14209
5144,14210
5145,14211
5146,14212
5147,14213
5148,14214
5149,14215
5150,14216
5151,14217
5152,14218
5153,14219
5154,14220
5155,14221
5156,14222
5157,14223
5158,14224
5159,14225
5160,14226
5161,14227
5162,14228
5163,14229
5164,14230
5165,14231
5166,14232
5167,14233
5168,14234
5169,14235
5170,14236
5171,14237
5172,14238
5173,14239
5174,14240
5175,14241
5176,14242
5177,14243
5178,14244
5179,14245
5180,14246
5181,14247
5182,14248
5183,14249
5184,14250
5185,14251
5186,14252
5187,14253
5188,14254
5189,14255
5190,14256
5191,14257
5192,14258
5193,14259
5194,14260
5195,14261
5196,14262
5197,14263
5198,14264
5199,14265
5200,14266
5201,14267
5202,14268
5203,14269
5204,14270
5205,14271
5206,14272
5207,14273
5208,14274
5209,14275
5210,14276
5211,14277
5212,14278
5213,14279
5214,14280
5215,14281
5216,14282
5217,14283
5218,14284
5220,14285
5221,14286
5222,14287
5223,14288
5224,14289
5225,14290
5226,14291
5227,14292
5228,14293
5229,14294
5230,14295
5231,14296
5232,14297
5233,14298
5234,14299
5235,14300
5236,14301
5237,14302
5238,14303
5239,14304
5240,14305
5241,14306
5242,14307
5243,14308
5244,14309
5245,14310
5246,14311
5248,14312
5249,14313
5250,14314
5251,14315
5252,14316
5253,14317
5254,14318
5255,14319
5256,14320
5257,14321
5258,14322
5259,14323
5260,14324
5262,14325
5263,14326
5264,14327
5265,14328
5266,14329
5267,14330
5268,14331
5269,14332
5270,14333
5271,14334
5272,14335
5273,14336
5274,14337
5275,14338
5276,14339
5277,14340
5278,14341
5279,14342
5280,14343
5281,14344
5282,14345
5283,14346
5284,14347
5285,14348
5286,14349
5287,14350
5288,14351
5289,14352
5290,14353
5291,14354
5292,14355
5293,14356
5294,14357
5295,14358
5296,14359
5297,14360
5298,14361
5299,14362
5300,14363
5301,14364
5302,14365
5303,14366
5304,14367
5305,14368
5306,14369
5307,14370
5308,14371
5309,14372
5310,14373
5311,14374
5312,14375
5313,14376
5315,14377
5317,14378
5318,14379
5319,14380
5320,14381
5321,14382
5322,14383
5323,14384
5324,14385
5325,14386
5326,14387
5327,14388
5328,14389
5329,14390
5330,14391
5331,14392
5332,14393
5333,14394
5334,14395
5335,14396
5336,14397
5337,14398
5338,14399
5339,14400
5340,14401
5341,14402
5342,14403
5343,14404
5344,14405
5346,14406
5347,14407
5348,14408
5349,14409
5350,14410
5351,14411
5352,14412
5353,14413
5354,14414
5355,14415
5356,14416
5357,14417
5358,14418
5359,14419
5360,14420
5361,14421
5362,14422
5363,14423
5364,14424
5365,14425
5366,14426
5367,14427
5368,14428
5369,14429
5370,14430
5371,14431
5372,14432
5373,14433
5374,14434
5375,14435
5376,14436
5377,14437
5378,14438
5379,14439
5380,14440
5381,14441
5382,14442
5383,14443
5384,14444
5385,14445
5387,14446
5388,14447
5389,14448
5390,14449
5391,14450
5392,14451
5393,14452
5394,14453
5395,14454
5396,14455
5397,14456
5398,14457
5399,14458
5400,14459
5401,14460
5402,14461
5403,14462
5405,14463
5406,14464
5407,14465
5408,14466
5409,14467
5410,14468
5411,14469
5412,14470
5413,14471
5414,14472
5415,14473
5416,14474
5417,14475
5418,14476
5419,14477
5420,14478
5421,14479
5422,14480
5423,14481
5424,14482
5425,14483
5426,14484
5427,14485
5428,14486
5429,14487
5430,14488
5431,14489
5432,14490
5433,14491
5434,14492
5435,14493
5436,14494
5437,14495
5438,14496
5439,14497
5440,14498
5441,14499
5442,14500
5443,14501
5444,14502
5445,14503
5446,14504
5447,14505
5448,14506
5449,14507
5450,14508
5451,14509
5452,14510
5453,14511
5454,14512
5455,14513
5456,14514
5457,14515
5458,14516
5459,14517
5460,14518
5461,14519
5462,14520
5463,14521
5464,14522
5465,14523
5466,14524
5467,14525
5468,14526
5469,14527
5470,14528
5471,14529
5472,14530
5473,14531
5474,14532
5475,14533
5476,14534
5477,14535
5478,14536
5479,14537
5480,14538
5481,14539
5482,14540
5483,14541
5484,14542
5485,14543
5486,14544
5487,14545
5488,14546
5489,14547
5490,14548
5491,14549
5492,14550
5493,14551
5494,14552
5495,14553
5497,14554
5498,14555
5499,14556
5500,14557
5501,14558
5502,14559
5503,14560
5504,14561
5505,14562
5507,14563
5508,14564
5509,14565
5510,14566
5512,14567
5515,14568
5516,14569
5520,14570
5521,14571
5522,14572
5523,14573
5525,14574
5526,14575
5527,14576
5528,14577
5529,14578
5530,14579
5532,14580
5534,14581
5535,14582
5536,14583
5538,14584
5541,14585
5542,14586
5546,14587
5548,14588
5549,14589
5552,14590
5553,14591
5555,14592
5556,14593
5557,14594
5561,14595
5564,14596
5565,14597
5568,14598
5569,14599
5571,14600
5572,14601
5574,14602
5575,14603
5576,14604
5580,14605
5581,14606
5582,14607
5583,14608
5585,14609
5586,14610
5588,14611
5590,14612
5592,14613
5593,14614
5596,14615
5597,14616
5600,14617
5601,14618
5602,14619
5603,14620
5605,14621
5607,14622
5608,14623
5609,14624
5610,14625
5611,14626
5615,14627
5616,14628
5617,14629
5618,14630
5619,14631
5620,14632
5621,14633
5626,14634
5627,14635
5628,14636
5629,14637
5637,14638
5638,14639
5639,14640
5640,14641
5641,14642
5642,14643
5643,14644
5644,14645
5645,14646
5646,14647
5647,14648
5648,14649
5649,14650
5650,14651
5651,14652
5652,14653
5653,14654
5654,14655
5655,14656
5656,14657
5657,14658
5658,14659
5659,14660
5660,14661
5661,14662
5662,14663
5663,14664
5664,14665
5665,14666
5666,14667
5667,14668
5668,14669
5669,14670
5670,14671
5671,14672
5672,14673
5673,14674
5674,14675
5675,14676
5676,14677
5677,14678
5678,14679
5679,14680
5680,14681
5681,14682
5682,14683
5683,14684
5684,14685
5685,14686
5686,14687
5687,14688
5688,14689
5689,14690
5690,14691
5691,14692
5692,14693
5693,14694
5694,14695
5695,14696
5696,14697
5699,14698
5700,14699
5701,14700
5702,14701
5703,14702
5704,14703
5705,14704
5706,14705
5707,14706
5708,14707
5709,14708
5710,14709
5711,14710
5712,14711
5713,14712
5714,14713
5715,14714
5716,14715
5717,14716
5718,14717
5719,14718
5720,14719
5721,14720
5722,14721
5723,14722
5724,14723
5725,14724
5726,14725
5727,14726
5728,14727
5729,14728
5730,14729
5731,14730
5732,14731
5733,14732
5734,14733
5735,14734
5736,14735
5737,14736
5738,14737
5739,14738
5740,14739
5741,14740
5742,14741
5743,14742
5744,14743
5745,14744
5746,14745
5747,14746
5748,14747
5749,14748
5750,14749
5751,14750
5752,14751
5753,14752
5754,14753
5755,14754
5756,14755
5757,14756
5758,14757
5759,14758
5760,14759
5761,14760
5762,14761
5763,14762
5764,14763
5765,14764
5766,14765
5767,14766
5768,14767
5769,14768
5770,14769
5771,14770
5772,14771
5773,14772
5774,14773
5775,14774
5776,14775
5777,14776
5778,14777
5779,14778
5780,14779
5781,14780
5782,14781
5783,14782
5784,14783
5785,14784
5786,14785
5787,14786
5788,14787
5789,14788
5790,14789
5791,14790
5792,14791
5793,14792
5794,14793
5795,14794
5796,14795
5797,14796
5798,14797
5799,14798
5800,14799
5801,14800
5802,14801
5803,14802
5804,14803
5805,14804
5806,14805
5807,14806
5808,14807
5810,14808
5811,14809
5813,14810
5814,14811
5816,14812
5817,14813
5818,14814
5819,14815
5821,14816
5822,14817
5823,14818
5824,14819
5825,14820
5826,14821
5827,14822
5828,14823
5829,14824
5830,14825
5831,14826
5832,14827
5833,14828
5834,14829
5835,14830
5836,14831
5837,14832
5838,14833
5839,14834
5840,14835
5841,14836
5842,14837
5843,14838
5844,14839
5845,14840
5846,14841
5847,14842
5848,14843
5849,14844
5850,14845
5851,14846
5852,14847
5853,14848
5854,14849
5855,14850
5856,14851
5857,14852
5858,14853
5859,14854
5860,14855
5861,14856
5862,14857
5864,14858
5865,14859
5866,14860
5867,14861
5868,14862
5869,14863
5870,14864
5871,14865
5872,14866
5873,14867
5874,14868
5875,14869
5876,14870
5877,14871
5878,14872
5879,14873
5880,14874
5881,14875
5882,14876
5883,14877
5884,14878
5885,14879
5886,14880
5887,14881
5888,14882
5889,14883
5890,14884
5891,14885
5892,14886
5893,14887
5894,14888
5895,14889
5896,14890
5897,14891
5898,14892
5899,14893
5900,14894
5901,14895
5902,14896
5903,14897
5904,14898
5906,14899
5907,14900
5908,14901
5909,14902
5910,14903
5911,14904
5912,14905
5913,14906
5914,14907
5915,14908
5916,14909
5917,14910
5918,14911
5919,14912
5920,14913
5921,14914
5922,14915
5923,14916
5924,14917
5925,14918
5926,14919
5927,14920
5928,14921
5929,14922
5930,14923
5931,14924
5932,14925
5933,14926
5934,14927
5935,14928
5936,14929
5937,14930
5938,14931
5939,14932
5940,14933
5941,14934
5942,14935
5943,14936
5944,14937
5945,14938
5946,14939
5947,14940
5949,14941
5950,14942
5951,14943
5952,14944
5953,14945
5954,14946
5956,14947
5957,14948
5958,14949
5959,14950
5960,14951
5961,14952
5962,14953
5963,14954
5964,14955
5965,14956
5966,14957
5967,14958
5968,14959
5969,14960
5970,14961
5971,14962
5972,14963
5973,14964
5974,14965
5975,14966
5976,14967
5977,14968
5978,14969
5979,14970
5980,14971
5981,14972
5982,14973
5984,14974
5985,14975
5986,14976
5987,14977
5988,14978
5989,14979
5990,14980
5991,14981
5992,14982
5993,14983
5994,14984
5995,14985
5996,14986
5997,14987
5998,14988
5999,14989
6000,14990
6001,14991
6002,14992
6003,14993
6004,14994
6005,14995
6006,14996
6007,14997
6008,14998
6009,14999
6010,15000
6011,15001
6012,15002
6013,15003
6014,15004
6015,15005
6016,15006
6017,15007
6018,15008
6019,15009
6020,15010
6021,15011
6022,15012
6023,15013
6024,15014
6025,15015
6026,15016
6027,15017
6028,15018
6029,15019
6030,15020
6031,15021
6032,15022
6033,15023
6034,15024
6035,15025
6036,15026
6037,15027
6038,15028
6039,15029
6040,15030
6041,15031
6042,15032
6043,15033
6044,15034
6045,15035
6046,15036
6047,15037
6048,15038
6049,15039
6050,15040
6051,15041
6052,15042
6053,15043
6054,15044
6055,15045
6056,15046
6057,15047
6058,15048
6059,15049
6060,15050
6061,15051
6062,15052
6063,15053
6065,15054
6066,15055
6067,15056
6068,15057
6069,15058
6070,15059
6071,15060
6072,15061
6073,15062
6074,15063
6075,15064
6076,15065
6078,15066
6079,15067
6080,15068
6081,15069
6082,15070
6083,15071
6084,15072
6085,15073
6086,15074
6087,15075
6088,15076
6089,15077
6090,15078
6091,15079
6092,15080
6093,15081
6094,15082
6095,15083
6096,15084
6097,15085
6099,15086
6102,15087
6103,15088
6104,15089
6105,15090
6107,15091
6108,15092
6109,15093
6110,15094
6111,15095
6112,15096
6113,15097
6114,15098
6115,15099
6116,15100
6117,15101
6118,15102
6119,15103
6120,15104
6121,15105
6122,15106
6124,15107
6125,15108
6126,15109
6127,15110
6128,15111
6129,15112
6130,15113
6131,15114
6132,15115
6133,15116
6135,15117
6136,15118
6137,15119
6138,15120
6139,15121
6141,15122
6142,15123
6143,15124
6144,15125
6145,15126
6147,15127
6148,15128
6149,15129
6150,15130
6152,15131
6153,15132
6154,15133
6155,15134
6157,15135
6159,15136
6160,15137
6162,15138
6164,15139
6165,15140
6167,15141
6168,15142
6170,15143
6171,15144
6172,15145
6173,15146
6174,15147
6175,15148
6176,15149
6177,15150
6178,15151
6180,15152
6181,15153
6182,15154
6183,15155
6187,15156
6189,15157
6191,15158
6192,15159
6194,15160
6195,15161
6196,15162
6197,15163
6198,15164
6202,15165
6203,15166
6205,15167
6213,15168
6214,15169
6216,15170
6217,15171
6219,15172
6223,15173
6225,15174
6226,15175
6228,15176
6232,15177
6233,15178
6236,15179
6237,15180
6238,15181
6239,15182
6240,15183
6241,15184
6242,15185
6243,15186
6244,15187
6247,15188
6248,15189
6250,15190
6251,15191
6252,15192
6253,15193
6254,15194
6259,15195
6261,15196
6263,15197
6264,15198
6265,15199
6266,15200
6267,15201
6268,15202
6269,15203
6270,15204
6271,15205
6272,15206
6273,15207
6274,15208
6275,15209
6276,15210
6277,15211
6278,15212
6279,15213
6280,15214
6281,15215
6282,15216
6283,15217
6284,15218
6285,15219
6286,15220
6287,15221
6288,15222
6289,15223
6290,15224
6291,15225
6292,15226
6293,15227
6294,15228
6295,15229
6296,15230
6297,15231
6298,15232
6299,15233
6300,15234
6301,15235
6302,15236
6303,15237
6304,15238
6305,15239
6306,15240
6307,15241
6308,15242
6309,15243
6310,15244
6311,15245
6312,15246
6313,15247
6314,15248
6315,15249
6316,15250
6317,15251
6318,15252
6319,15253
6320,15254
6321,15255
6324,15256
6325,15257
6326,15258
6327,15259
6328,15260
6329,15261
6330,15262
6331,15263
6332,15264
6333,15265
6334,15266
6335,15267
6336,15268
6337,15269
6338,15270
6339,15271
6340,15272
6341,15273
6342,15274
6343,15275
6344,15276
6345,15277
6346,15278
6347,15279
6348,15280
6349,15281
6350,15282
6351,15283
6352,15284
6353,15285
6354,15286
6355,15287
6356,15288
6357,15289
6358,15290
6359,15291
6360,15292
6361,15293
6362,15294
6363,15295
6364,15296
6365,15297
6366,15298
6367,15299
6368,15300
6369,15301
6370,15302
6371,15303
6372,15304
6373,15305
6374,15306
6375,15307
6376,15308
6377,15309
6378,15310
6379,15311
6380,15312
6381,15313
6382,15314
6383,15315
6384,15316
6385,15317
6386,15318
6387,15319
6388,15320
6389,15321
6390,15322
6391,15323
6392,15324
6393,15325
6394,15326
6395,15327
6396,15328
6397,15329
6398,15330
6399,15331
6400,15332
6401,15333
6402,15334
6403,15335
6404,15336
6405,15337
6406,15338
6407,15339
6408,15340
6409,15341
6410,15342
6411,15343
6412,15344
6413,15345
6414,15346
6415,15347
6416,15348
6417,15349
6418,15350
6419,15351
6420,15352
6421,15353
6422,15354
6423,15355
6424,15356
6425,15357
6426,15358
6427,15359
6428,15360
6429,15361
6430,15362
6431,15363
6432,15364
6433,15365
6434,15366
6435,15367
6436,15368
6437,15369
6438,15370
6439,15371
6440,15372
6441,15373
6442,15374
6443,15375
6444,15376
6445,15377
6446,15378
6447,15379
6448,15380
6449,15381
6450,15382
6451,15383
6452,15384
6453,15385
6454,15386
6455,15387
6456,15388
6457,15389
6458,15390
6459,15391
6460,15392
6461,15393
6462,15394
6463,15395
6464,15396
6465,15397
6466,15398
6467,15399
6468,15400
6469,15401
6470,15402
6471,15403
6472,15404
6473,15405
6474,15406
6475,15407
6476,15408
6477,15409
6478,15410
6479,15411
6480,15412
6481,15413
6482,15414
6483,15415
6484,15416
6485,15417
6486,15418
6487,15419
6488,15420
6489,15421
6490,15422
6491,15423
6492,15424
6493,15425
6494,15426
6495,15427
6496,15428
6497,15429
6498,15430
6499,15431
6500,15432
6501,15433
6502,15434
6503,15435
6504,15436
6505,15437
6506,15438
6507,15439
6508,15440
6509,15441
6510,15442
6511,15443
6512,15444
6513,15445
6514,15446
6515,15447
6516,15448
6517,15449
6518,15450
6519,15451
6520,15452
6521,15453
6522,15454
6523,15455
6524,15456
6525,15457
6526,15458
6527,15459
6528,15460
6529,15461
6530,15462
6532,15463
6533,15464
6534,15465
6535,15466
6536,15467
6537,15468
6538,15469
6539,15470
6540,15471
6541,15472
6542,15473
6543,15474
6544,15475
6545,15476
6546,15477
6547,15478
6548,15479
6549,15480
6550,15481
6551,15482
6552,15483
6553,15484
6554,15485
6555,15486
6556,15487
6557,15488
6558,15489
6559,15490
6560,15491
6561,15492
6562,15493
6563,15494
6564,15495
6565,15496
6566,15497
6567,15498
6568,15499
6569,15500
6570,15501
6571,15502
6572,15503
6573,15504
6574,15505
6575,15506
6576,15507
6577,15508
6578,15509
6579,15510
6580,15511
6581,15512
6582,15513
6583,15514
6584,15515
6585,15516
6586,15517
6587,15518
6588,15519
6589,15520
6590,15521
6591,15522
6592,15523
6593,15524
6594,15525
6595,15526
6596,15527
6597,15528
6598,15529
6599,15530
6600,15531
6601,15532
6602,15533
6603,15534
6604,15535
6605,15536
6606,15537
6607,15538
6608,15539
6609,15540
6610,15541
6611,15542
6612,15543
6613,15544
6614,15545
6615,15546
6616,15547
6617,15548
6618,15549
6619,15550
6620,15551
6621,15552
6622,15553
6623,15554
6624,15555
6625,15556
6626,15557
6627,15558
6628,15559
6629,15560
6630,15561
6631,15562
6632,15563
6633,15564
6634,15565
6635,15566
6636,15567
6637,15568
6638,15569
6639,15570
6640,15571
6641,15572
6642,15573
6643,15574
6644,15575
6645,15576
6646,15577
6647,15578
6648,15579
6649,15580
6650,15581
6651,15582
6652,15583
6653,15584
6654,15585
6655,15586
6656,15587
6657,15588
6658,15589
6659,15590
6660,15591
6661,15592
6662,15593
6663,15594
6664,15595
6665,15596
6666,15597
6667,15598
6668,15599
6669,15600
6670,15601
6671,15602
6672,15603
6673,15604
6674,15605
6675,15606
6676,15607
6677,15608
6678,15609
6679,15610
6680,15611
6681,15612
6682,15613
6683,15614
6684,15615
6685,15616
6686,15617
6687,15618
6688,15619
6689,15620
6690,15621
6691,15622
6692,15623
6693,15624
6694,15625
6695,15626
6696,15627
6697,15628
6698,15629
6699,15630
6700,15631
6701,15632
6702,15633
6703,15634
6704,15635
6705,15636
6706,15637
6707,15638
6708,15639
6709,15640
6710,15641
6712,15642
6713,15643
6714,15644
6715,15645
6716,15646
6717,15647
6718,15648
6719,15649
6720,15650
6721,15651
6722,15652
6724,15653
6725,15654
6726,15655
6727,15656
6728,15657
6729,15658
6730,15659
6731,15660
6732,15661
6733,15662
6734,15663
6735,15664
6736,15665
6737,15666
6738,15667
6739,15668
6740,15669
6741,15670
6742,15671
6744,15672
6745,15673
6746,15674
6749,15675
6751,15676
6752,15677
6753,15678
6754,15679
6755,15680
6756,15681
6758,15682
6759,15683
6760,15684
6761,15685
6762,15686
6763,15687
6764,15688
6765,15689
6766,15690
6768,15691
6770,15692
6773,15693
6774,15694
6776,15695
6778,15696
6780,15697
6781,15698
6782,15699
6783,15700
6785,15701
6786,15702
6787,15703
6788,15704
6791,15705
6792,15706
6793,15707
6794,15708
6795,15709
6798,15710
6799,15711
6803,15712
6804,15713
6805,15714
6806,15715
6811,15716
6812,15717
6813,15718
6814,15719
6815,15720
6816,15721
6818,15722
6820,15723
6821,15724
6823,15725
6827,15726
6829,15727
6832,15728
6833,15729
6836,15730
6838,15731
6840,15732
6841,15733
6845,15734
6846,15735
6848,15736
6849,15737
6850,15738
6851,15739
6853,15740
6854,15741
6856,15742
6858,15743
6863,15744
6864,15745
6866,15746
6867,15747
6868,15748
6869,15749
687,15750
6870,15751
6871,15752
6872,15753
6873,15754
6875,15755
6876,15756
6877,15757
6878,15758
6879,15759
688,15760
6889,15761
689,15762
6890,15763
6891,15764
6892,15765
6893,15766
6894,15767
6895,15768
6896,15769
6897,15770
6898,15771
6899,15772
690,15773
6900,15774
6901,15775
6902,15776
6903,15777
6904,15778
6905,15779
6906,15780
6907,15781
6908,15782
6909,15783
691,15784
6910,15785
6911,15786
6912,15787
6913,15788
6914,15789
6915,15790
6916,15791
6917,15792
6918,15793
6919,15794
692,15795
6920,15796
6921,15797
6922,15798
6923,15799
6924,15800
6925,15801
6926,15802
6927,15803
6928,15804
6929,15805
693,15806
6930,15807
6931,15808
6932,15809
6933,15810
6934,15811
6935,15812
6936,15813
6937,15814
6938,15815
6939,15816
694,15817
6940,15818
6941,15819
6942,15820
6943,15821
6944,15822
6945,15823
6946,15824
6947,15825
6948,15826
6949,15827
695,15828
6950,15829
6951,15830
6952,15831
6953,15832
6956,15833
6957,15834
6958,15835
6959,15836
696,15837
6960,15838
6961,15839
6962,15840
6963,15841
6964,15842
6965,15843
6966,15844
6967,15845
6968,15846
6969,15847
697,15848
6970,15849
6971,15850
6972,15851
6973,15852
6974,15853
6975,15854
6976,15855
6977,15856
6978,15857
6979,15858
698,15859
6980,15860
6981,15861
6982,15862
6983,15863
6984,15864
6985,15865
6986,15866
6987,15867
6988,15868
6989,15869
699,15870
6990,15871
6991,15872
6992,15873
6993,15874
6994,15875
6995,15876
6996,15877
6997,15878
6998,15879
6999,15880
700,15881
7000,15882
7001,15883
7002,15884
7004,15885
7005,15886
7006,15887
7007,15888
7008,15889
7009,15890
701,15891
7010,15892
7011,15893
7012,15894
7013,15895
7014,15896
7015,15897
7016,15898
7017,15899
7018,15900
7019,15901
702,15902
7020,15903
7021,15904
7022,15905
7023,15906
7024,15907
7025,15908
7026,15909
7027,15910
7028,15911
7029,15912
703,15913
7030,15914
7031,15915
7032,15916
7033,15917
7034,15918
7035,15919
7036,15920
7037,15921
7038,15922
7039,15923
704,15924
7040,15925
7041,15926
7042,15927
7043,15928
7044,15929
7045,15930
7046,15931
7047,15932
7048,15933
7049,15934
705,15935
7050,15936
7051,15937
7052,15938
7053,15939
7054,15940
7055,15941
7056,15942
7057,15943
7058,15944
7059,15945
706,15946
7060,15947
7061,15948
7062,15949
7063,15950
7064,15951
7065,15952
7066,15953
7067,15954
7068,15955
707,15956
7070,15957
7071,15958
7072,15959
7073,15960
7074,15961
7075,15962
7076,15963
7077,15964
7078,15965
7079,15966
708,15967
7080,15968
7081,15969
7082,15970
7083,15971
7084,15972
7085,15973
7086,15974
7087,15975
7088,15976
7089,15977
709,15978
7090,15979
7091,15980
7092,15981
7093,15982
7094,15983
7095,15984
7096,15985
7097,15986
7098,15987
7099,15988
710,15989
7100,15990
7101,15991
7102,15992
7103,15993
7104,15994
7105,15995
7106,15996
7107,15997
7108,15998
7109,15999
711,16000
7110,16001
7111,16002
7112,16003
7113,16004
7114,16005
7115,16006
7116,16007
7117,16008
7118,16009
712,16010
7120,16011
7121,16012
7122,16013
7123,16014
7124,16015
7126,16016
7127,16017
7128,16018
7129,16019
713,16020
7130,16021
7132,16022
7133,16023
7134,16024
7135,16025
7136,16026
7137,16027
7138,16028
7139,16029
714,16030
7140,16031
7141,16032
7142,16033
7143,16034
7144,16035
7145,16036
7146,16037
7147,16038
7148,16039
7149,16040
715,16041
7150,16042
7152,16043
7153,16044
7154,16045
7155,16046
7156,16047
7157,16048
7158,16049
7159,16050
716,16051
7160,16052
7161,16053
7162,16054
7163,16055
7164,16056
7165,16057
7166,16058
7167,16059
7168,16060
7169,16061
717,16062
7170,16063
7171,16064
7172,16065
7173,16066
7174,16067
7175,16068
7176,16069
7177,16070
7178,16071
7179,16072
718,16073
7180,16074
7181,16075
7182,16076
7183,16077
7184,16078
7185,16079
7186,16080
7187,16081
7188,16082
7189,16083
719,16084
7190,16085
7191,16086
7192,16087
7193,16088
7194,16089
7195,16090
7196,16091
7197,16092
7198,16093
7199,16094
720,16095
7200,16096
7201,16097
7202,16098
7203,16099
7204,16100
7205,16101
7206,16102
7207,16103
7208,16104
7209,16105
721,16106
7210,16107
7211,16108
7212,16109
7213,16110
7214,16111
7215,16112
7216,16113
7217,16114
7218,16115
7219,16116
722,16117
7220,16118
7221,16119
7222,16120
7223,16121
7224,16122
7225,16123
7226,16124
7227,16125
7228,16126
7229,16127
723,16128
7230,16129
7231,16130
7232,16131
7233,16132
7235,16133
7236,16134
7237,16135
7238,16136
7239,16137
724,16138
7240,16139
7241,16140
7242,16141
7243,16142
7244,16143
7245,16144
7246,16145
7247,16146
7248,16147
7249,16148
725,16149
7250,16150
7251,16151
7252,16152
7253,16153
7254,16154
7255,16155
7256,16156
7257,16157
7258,16158
7259,16159
726,16160
7260,16161
7261,16162
7262,16163
7263,16164
7264,16165
7265,16166
7266,16167
7267,16168
7268,16169
7269,16170
727,16171
7270,16172
7271,16173
7272,16174
7273,16175
7274,16176
7275,16177
7276,16178
7277,16179
7278,16180
7279,16181
728,16182
7280,16183
7281,16184
7282,16185
7283,16186
7284,16187
7285,16188
7286,16189
7287,16190
7288,16191
7289,16192
729,16193
7290,16194
7291,16195
7293,16196
7294,16197
7295,16198
7296,16199
7297,16200
7298,16201
7299,16202
730,16203
7300,16204
7301,16205
7302,16206
7303,16207
7304,16208
7305,16209
7306,16210
7307,16211
7308,16212
7309,16213
731,16214
7310,16215
7311,16216
7312,16217
7313,16218
7314,16219
7315,16220
7316,16221
7317,16222
7318,16223
7319,16224
732,16225
7320,16226
7321,16227
7322,16228
7323,16229
7324,16230
7325,16231
7326,16232
7327,16233
7328,16234
7329,16235
733,16236
7330,16237
7331,16238
7332,16239
7333,16240
7334,16241
7335,16242
7336,16243
7338,16244
7339,16245
734,16246
7341,16247
7343,16248
7346,16249
7347,16250
7348,16251
735,16252
7350,16253
7351,16254
7354,16255
7355,16256
7356,16257
7357,16258
7359,16259
736,16260
7360,16261
7361,16262
7362,16263
7363,16264
7365,16265
7366,16266
7367,16267
7368,16268
7369,16269
737,16270
7370,16271
7371,16272
7372,16273
7374,16274
7375,16275
7378,16276
738,16277
7380,16278
7381,16279
7382,16280
7383,16281
7384,16282
7385,16283
7386,16284
7387,16285
7388,16286
7389,16287
739,16288
7392,16289
7393,16290
7394,16291
7395,16292
7396,16293
7397,16294
7399,16295
740,16296
7400,16297
7401,16298
7402,16299
7408,16300
7409,16301
741,16302
7410,16303
7411,16304
7412,16305
7413,16306
7414,16307
7415,16308
7416,16309
7417,16310
7418,16311
7419,16312
742,16313
7421,16314
7424,16315
7425,16316
7426,16317
7427,16318
7428,16319
7429,16320
743,16321
7430,16322
7431,16323
7432,16324
7434,16325
7435,16326
7436,16327
7437,16328
7439,16329
744,16330
7441,16331
7443,16332
7444,16333
7446,16334
7447,16335
7448,16336
7449,16337
745,16338
7451,16339
7452,16340
7453,16341
7455,16342
7456,16343
7458,16344
746,16345
7461,16346
7462,16347
7463,16348
7464,16349
7465,16350
7466,16351
7467,16352
7468,16353
747,16354
7470,16355
7471,16356
7472,16357
7473,16358
7475,16359
7476,16360
7477,16361
7478,16362
748,16363
7481,16364
7482,16365
7485,16366
7488,16367
749,16368
7491,16369
7495,16370
7496,16371
7497,16372
7498,16373
750,16374
7500,16375
7502,16376
7503,16377
7504,16378
7505,16379
7506,16380
751,16381
7513,16382
7514,16383
7515,16384
7519,16385
752,16386
7520,16387
7521,16388
7522,16389
7523,16390
7524,16391
7525,16392
7526,16393
7527,16394
7528,16395
7529,16396
753,16397
7530,16398
7531,16399
7532,16400
7533,16401
7534,16402
7535,16403
7536,16404
7537,16405
7538,16406
7539,16407
754,16408
7540,16409
7541,16410
7542,16411
7543,16412
7544,16413
7545,16414
7546,16415
7547,16416
7548,16417
7549,16418
755,16419
7550,16420
7551,16421
7552,16422
7553,16423
7554,16424
7555,16425
7556,16426
7557,16427
7558,16428
7559,16429
756,16430
7560,16431
7561,16432
7562,16433
7563,16434
7564,16435
7565,16436
7566,16437
7567,16438
7568,16439
7569,16440
757,16441
7570,16442
7571,16443
7572,16444
7573,16445
7574,16446
7575,16447
7576,16448
7577,16449
7578,16450
7579,16451
758,16452
7580,16453
7581,16454
7582,16455
7583,16456
7586,16457
7587,16458
7588,16459
7589,16460
759,16461
7590,16462
7591,16463
7592,16464
7593,16465
7594,16466
7595,16467
7596,16468
7597,16469
7598,16470
7599,16471
760,16472
7600,16473
7601,16474
7602,16475
7603,16476
7604,16477
7605,16478
7606,16479
7607,16480
7608,16481
7609,16482
761,16483
7610,16484
7611,16485
7612,16486
7613,16487
7614,16488
7615,16489
7616,16490
7617,16491
7618,16492
7619,16493
762,16494
7620,16495
7621,16496
7622,16497
7623,16498
7624,16499
7625,16500
7626,16501
7627,16502
7628,16503
7629,16504
763,16505
7630,16506
7631,16507
7632,16508
7633,16509
7634,16510
7635,16511
7636,16512
7637,16513
7638,16514
7639,16515
764,16516
7640,16517
7641,16518
7642,16519
7643,16520
7644,16521
7645,16522
7646,16523
7647,16524
7648,16525
7649,16526
765,16527
7650,16528
7651,16529
7652,16530
7653,16531
7654,16532
7655,16533
7656,16534
7657,16535
7658,16536
7659,16537
766,16538
7660,16539
7661,16540
7663,16541
7664,16542
7665,16543
7666,16544
7668,16545
7669,16546
767,16547
7670,16548
7671,16549
7672,16550
7673,16551
7674,16552
7675,16553
7676,16554
7677,16555
7678,16556
7679,16557
768,16558
7680,16559
7681,16560
7682,16561
7683,16562
7684,16563
7685,16564
7686,16565
7687,16566
7688,16567
7689,16568
769,16569
7690,16570
7691,16571
7692,16572
7693,16573
7694,16574
7695,16575
7696,16576
7697,16577
7698,16578
7699,16579
770,16580
7700,16581
7701,16582
7702,16583
7703,16584
7704,16585
7705,16586
7706,16587
7707,16588
7708,16589
7709,16590
771,16591
7711,16592
7712,16593
7713,16594
7714,16595
7715,16596
7716,16597
7717,16598
7718,16599
7719,16600
772,16601
7720,16602
7721,16603
7722,16604
7723,16605
7724,16606
7725,16607
7726,16608
7727,16609
7728,16610
7729,16611
773,16612
7730,16613
7731,16614
7732,16615
7733,16616
7734,16617
7735,16618
7736,16619
7737,16620
7738,16621
7739,16622
774,16623
7740,16624
7741,16625
7742,16626
7743,16627
7744,16628
7745,16629
7746,16630
7748,16631
7749,16632
775,16633
7750,16634
7751,16635
7752,16636
7753,16637
7754,16638
7755,16639
7756,16640
7757,16641
7758,16642
776,16643
7760,16644
7762,16645
7763,16646
7764,16647
7765,16648
7766,16649
7767,16650
7768,16651
7769,16652
777,16653
7770,16654
7771,16655
7772,16656
7773,16657
7774,16658
7775,16659
7776,16660
7777,16661
7778,16662
7779,16663
778,16664
7780,16665
7781,16666
7782,16667
7783,16668
7784,16669
7785,16670
7786,16671
7787,16672
7788,16673
7789,16674
779,16675
7790,16676
7791,16677
7792,16678
7793,16679
7794,16680
7795,16681
7796,16682
7797,16683
7798,16684
7799,16685
780,16686
7800,16687
7801,16688
7802,16689
7803,16690
7804,16691
7805,16692
7806,16693
7807,16694
7808,16695
7809,16696
781,16697
7810,16698
7811,16699
7812,16700
7813,16701
7814,16702
7815,16703
7816,16704
7817,16705
7818,16706
7819,16707
782,16708
7820,16709
7821,16710
7822,16711
7823,16712
7824,16713
7825,16714
7826,16715
7827,16716
7828,16717
7829,16718
783,16719
7830,16720
7831,16721
7832,16722
7833,16723
7834,16724
7835,16725
7836,16726
7838,16727
7839,16728
784,16729
7840,16730
7841,16731
7842,16732
7843,16733
7844,16734
7845,16735
7846,16736
7847,16737
7848,16738
7849,16739
785,16740
7850,16741
7851,16742
7852,16743
7853,16744
7854,16745
7855,16746
7856,16747
7857,16748
7858,16749
7859,16750
786,16751
7860,16752
7861,16753
7862,16754
7863,16755
7864,16756
7865,16757
7866,16758
7867,16759
7868,16760
7869,16761
787,16762
7870,16763
7871,16764
7872,16765
7873,16766
7874,16767
7875,16768
7876,16769
7877,16770
7878,16771
7879,16772
788,16773
7880,16774
7881,16775
7882,16776
7883,16777
7884,16778
7885,16779
7886,16780
7887,16781
7888,16782
7889,16783
789,16784
7890,16785
7891,16786
7892,16787
7893,16788
7894,16789
7895,16790
7896,16791
7897,16792
7898,16793
7899,16794
790,16795
7900,16796
7901,16797
7902,16798
7903,16799
7904,16800
7905,16801
7906,16802
7907,16803
7908,16804
7909,16805
791,16806
7910,16807
7911,16808
7912,16809
7913,16810
7914,16811
7915,16812
7916,16813
7917,16814
7918,16815
7919,16816
792,16817
7921,16818
7922,16819
7923,16820
7924,16821
7925,16822
7926,16823
7927,16824
7928,16825
7929,16826
793,16827
7930,16828
7931,16829
7932,16830
7933,16831
7934,16832
7935,16833
7936,16834
7937,16835
7938,16836
7939,16837
794,16838
7940,16839
7941,16840
7942,16841
7943,16842
7944,16843
7945,16844
7946,16845
7947,16846
7948,16847
7949,16848
795,16849
7950,16850
7951,16851
7952,16852
7953,16853
7954,16854
7955,16855
7956,16856
7957,16857
7958,16858
7959,16859
796,16860
7960,16861
7963,16862
7964,16863
7965,16864
7966,16865
7967,16866
7969,16867
797,16868
7970,16869
7972,16870
7973,16871
7974,16872
7975,16873
7976,16874
7978,16875
798,16876
7980,16877
7981,16878
7982,16879
7983,16880
7985,16881
7986,16882
7987,16883
7989,16884
799,16885
7991,16886
7993,16887
7994,16888
7995,16889
7997,16890
7999,16891
800,16892
8001,16893
8002,16894
8003,16895
8006,16896
8007,16897
8008,16898
8009,16899
801,16900
8010,16901
8011,16902
8013,16903
8014,16904
8015,16905
8016,16906
8017,16907
8018,16908
8019,16909
802,16910
8021,16911
8022,16912
8023,16913
8024,16914
8025,16915
8026,16916
8027,16917
8028,16918
8029,16919
803,16920
8031,16921
8033,16922
8038,16923
804,16924
8041,16925
8042,16926
8043,16927
8044,16928
8045,16929
8046,16930
8047,16931
8049,16932
805,16933
8051,16934
8052,16935
8053,16936
8055,16937
8056,16938
8057,16939
8058,16940
8059,16941
806,16942
8060,16943
8061,16944
8062,16945
8064,16946
8067,16947
8068,16948
807,16949
8072,16950
8073,16951
8074,16952
8075,16953
8077,16954
8078,16955
8079,16956
808,16957
8080,16958
8081,16959
8082,16960
8083,16961
8084,16962
8088,16963
809,16964
8090,16965
8092,16966
8093,16967
8096,16968
8097,16969
8098,16970
8099,16971
810,16972
8100,16973
8101,16974
8103,16975
8104,16976
8105,16977
8106,16978
8107,16979
8108,16980
8109,16981
811,16982
8111,16983
8112,16984
8114,16985
8115,16986
8116,16987
8117,16988
8118,16989
8119,16990
812,16991
8124,16992
8125,16993
8128,16994
8129,16995
813,16996
8130,16997
8132,16998
8133,16999
8134,17000
8135,17001
8137,17002
814,17003
8144,17004
8147,17005
815,17006
8150,17007
8151,17008
8152,17009
8153,17010
8154,17011
8155,17012
8156,17013
8157,17014
8158,17015
8159,17016
816,17017
8160,17018
8161,17019
8162,17020
8163,17021
8164,17022
8165,17023
8166,17024
8167,17025
8168,17026
8169,17027
817,17028
8170,17029
8171,17030
8172,17031
8173,17032
8174,17033
8175,17034
8176,17035
8177,17036
8178,17037
8179,17038
818,17039
8180,17040
8181,17041
8182,17042
8183,17043
8184,17044
8185,17045
8186,17046
8187,17047
8188,17048
8189,17049
819,17050
8190,17051
8191,17052
8192,17053
8193,17054
8194,17055
8196,17056
8197,17057
8198,17058
8199,17059
820,17060
8200,17061
8201,17062
8202,17063
8203,17064
8204,17065
8205,17066
8206,17067
8207,17068
8208,17069
8209,17070
821,17071
8210,17072
8211,17073
8212,17074
8213,17075
8214,17076
8215,17077
8216,17078
8217,17079
8218,17080
8219,17081
822,17082
8220,17083
8221,17084
8222,17085
8223,17086
8224,17087
8225,17088
8226,17089
8227,17090
8228,17091
8229,17092
823,17093
8230,17094
8231,17095
8232,17096
8233,17097
8237,17098
8238,17099
8239,17100
824,17101
8240,17102
8241,17103
8242,17104
8243,17105
8244,17106
8245,17107
8246,17108
8247,17109
8248,17110
8249,17111
825,17112
8250,17113
8251,17114
8252,17115
8253,17116
8254,17117
8255,17118
8256,17119
8257,17120
8258,17121
8259,17122
826,17123
8260,17124
8261,17125
8262,17126
8263,17127
8264,17128
8265,17129
8266,17130
8267,17131
8268,17132
8269,17133
827,17134
8270,17135
8271,17136
8272,17137
8273,17138
8274,17139
8275,17140
8276,17141
8277,17142
8278,17143
8279,17144
828,17145
8280,17146
8281,17147
8282,17148
8283,17149
8284,17150
8285,17151
8286,17152
8287,17153
8288,17154
8289,17155
829,17156
8290,17157
8291,17158
8292,17159
8293,17160
8295,17161
8296,17162
8297,17163
8298,17164
8299,17165
830,17166
8300,17167
8301,17168
8302,17169
8303,17170
8304,17171
8305,17172
8307,17173
8308,17174
8309,17175
831,17176
8310,17177
8311,17178
8312,17179
8313,17180
8314,17181
8315,17182
8316,17183
8317,17184
8318,17185
8319,17186
832,17187
8320,17188
8321,17189
8322,17190
8323,17191
8324,17192
8325,17193
8326,17194
8327,17195
8328,17196
8329,17197
833,17198
8330,17199
8331,17200
8332,17201
8333,17202
8334,17203
8335,17204
8336,17205
8337,17206
8338,17207
8339,17208
834,17209
8340,17210
8341,17211
8342,17212
8343,17213
8344,17214
8345,17215
8346,17216
8347,17217
8348,17218
8349,17219
835,17220
8350,17221
8351,17222
8352,17223
8353,17224
8354,17225
8355,17226
8356,17227
8357,17228
8358,17229
8359,17230
836,17231
8360,17232
8361,17233
8362,17234
8363,17235
8364,17236
8365,17237
8366,17238
8367,17239
8368,17240
8369,17241
837,17242
8370,17243
8371,17244
8372,17245
8373,17246
8374,17247
8375,17248
8376,17249
8377,17250
8378,17251
838,17252
8380,17253
8381,17254
8382,17255
8383,17256
8384,17257
8385,17258
8386,17259
8387,17260
8388,17261
8389,17262
839,17263
8390,17264
8391,17265
8392,17266
8393,17267
8394,17268
8395,17269
8396,17270
8397,17271
8398,17272
8399,17273
840,17274
8400,17275
8401,17276
8402,17277
8403,17278
8404,17279
8405,17280
8406,17281
8407,17282
8408,17283
8409,17284
841,17285
8410,17286
8411,17287
8412,17288
8413,17289
8414,17290
8415,17291
8416,17292
8417,17293
8418,17294
8419,17295
842,17296
8420,17297
8421,17298
8422,17299
8423,17300
8424,17301
8425,17302
8426,17303
8427,17304
8428,17305
8429,17306
843,17307
8430,17308
8431,17309
8432,17310
8433,17311
8434,17312
8435,17313
8436,17314
8437,17315
8438,17316
8439,17317
844,17318
8440,17319
8441,17320
8442,17321
8443,17322
8444,17323
8445,17324
8446,17325
8447,17326
8448,17327
8449,17328
845,17329
8450,17330
8451,17331
8452,17332
8453,17333
8454,17334
8455,17335
8456,17336
8457,17337
8458,17338
8459,17339
846,17340
8460,17341
8461,17342
8462,17343
8463,17344
8464,17345
8465,17346
8466,17347
8467,17348
8468,17349
8469,17350
847,17351
8470,17352
8471,17353
8472,17354
8473,17355
8474,17356
8475,17357
8477,17358
8478,17359
8479,17360
848,17361
8480,17362
8481,17363
8482,17364
8483,17365
8484,17366
8485,17367
8486,17368
8487,17369
8488,17370
8489,17371
849,17372
8490,17373
8492,17374
8493,17375
8494,17376
8495,17377
8496,17378
8497,17379
8498,17380
8499,17381
850,17382
8500,17383
8501,17384
8502,17385
8503,17386
8504,17387
8505,17388
8506,17389
8507,17390
8508,17391
8509,17392
851,17393
8510,17394
8511,17395
8512,17396
8514,17397
8515,17398
8516,17399
8517,17400
8518,17401
8519,17402
852,17403
8520,17404
8521,17405
8522,17406
8523,17407
8524,17408
8525,17409
8526,17410
8527,17411
8528,17412
8529,17413
853,17414
8530,17415
8531,17416
8532,17417
8533,17418
8534,17419
8535,17420
8536,17421
8537,17422
8538,17423
8539,17424
854,17425
8540,17426
8541,17427
8542,17428
8543,17429
8544,17430
8545,17431
8546,17432
8547,17433
8548,17434
8549,17435
855,17436
8550,17437
8551,17438
8552,17439
8553,17440
8554,17441
8555,17442
8556,17443
8557,17444
8559,17445
856,17446
8560,17447
8561,17448
8562,17449
8563,17450
8564,17451
8565,17452
8566,17453
8567,17454
8568,17455
8569,17456
857,17457
8570,17458
8571,17459
8572,17460
8574,17461
8575,17462
8576,17463
8577,17464
8578,17465
8579,17466
858,17467
8580,17468
8581,17469
8582,17470
8583,17471
8584,17472
8585,17473
8586,17474
8587,17475
8589,17476
859,17477
8590,17478
8591,17479
8592,17480
8593,17481
8596,17482
8597,17483
8598,17484
8599,17485
860,17486
8601,17487
8604,17488
8605,17489
8606,17490
8607,17491
8608,17492
8609,17493
861,17494
8610,17495
8611,17496
8612,17497
8613,17498
8616,17499
8617,17500
862,17501
8620,17502
8621,17503
8623,17504
8624,17505
8625,17506
8629,17507
863,17508
8630,17509
8631,17510
8634,17511
8635,17512
8637,17513
8639,17514
864,17515
8640,17516
8642,17517
8643,17518
8644,17519
8645,17520
8646,17521
8647,17522
8648,17523
8649,17524
8650,17525
8653,17526
8654,17527
8655,17528
8658,17529
8659,17530
866,17531
8660,17532
8661,17533
8662,17534
8663,17535
8665,17536
8666,17537
8668,17538
8669,17539
867,17540
8671,17541
8672,17542
8673,17543
8675,17544
8676,17545
8677,17546
8679,17547
868,17548
8680,17549
8681,17550
8682,17551
8685,17552
8687,17553
8689,17554
869,17555
8692,17556
8693,17557
8694,17558
8695,17559
8697,17560
8699,17561
870,17562
8700,17563
8701,17564
8702,17565
8703,17566
8704,17567
8705,17568
8706,17569
8707,17570
8709,17571
871,17572
8710,17573
8712,17574
8713,17575
8714,17576
8715,17577
8716,17578
8717,17579
8720,17580
8721,17581
8722,17582
8723,17583
8724,17584
8725,17585
8727,17586
8728,17587
8729,17588
873,17589
8731,17590
8732,17591
8733,17592
8734,17593
8736,17594
8737,17595
8738,17596
8739,17597
874,17598
8741,17599
8744,17600
8745,17601
8746,17602
8748,17603
8749,17604
875,17605
8751,17606
8754,17607
8755,17608
8757,17609
8759,17610
876,17611
8760,17612
8761,17613
8764,17614
8765,17615
8766,17616
8768,17617
8769,17618
877,17619
8770,17620
8772,17621
8775,17622
8779,17623
878,17624
8780,17625
8781,17626
8783,17627
8786,17628
8787,17629
8788,17630
8789,17631
879,17632
8790,17633
8791,17634
8792,17635
8793,17636
8795,17637
8797,17638
8798,17639
8799,17640
880,17641
8804,17642
8806,17643
8807,17644
8809,17645
881,17646
8812,17647
8813,17648
8814,17649
8815,17650
8816,17651
8817,17652
8818,17653
8819,17654
882,17655
8820,17656
8821,17657
8822,17658
8823,17659
8824,17660
8825,17661
8826,17662
8827,17663
8828,17664
8829,17665
883,17666
8830,17667
8831,17668
8832,17669
8833,17670
8834,17671
8835,17672
8836,17673
8837,17674
8838,17675
8839,17676
884,17677
8840,17678
8841,17679
8842,17680
8843,17681
8844,17682
8845,17683
8846,17684
8847,17685
8848,17686
8849,17687
885,17688
8850,17689
8851,17690
8852,17691
8853,17692
8854,17693
8855,17694
8856,17695
8857,17696
8858,17697
8859,17698
886,17699
8860,17700
8861,17701
8862,17702
8863,17703
8864,17704
8865,17705
8866,17706
8867,17707
8868,17708
8869,17709
887,17710
8870,17711
8871,17712
8872,17713
8873,17714
8874,17715
8875,17716
8876,17717
8877,17718
8878,17719
8879,17720
888,17721
8880,17722
8881,17723
8882,17724
8883,17725
8884,17726
8885,17727
8886,17728
8887,17729
8888,17730
8889,17731
889,17732
8890,17733
8891,17734
8892,17735
8893,17736
8894,17737
8895,17738
8899,17739
890,17740
8900,17741
8901,17742
8902,17743
8903,17744
8904,17745
8905,17746
8906,17747
8907,17748
8908,17749
8909,17750
891,17751
8910,17752
8911,17753
8912,17754
8913,17755
8914,17756
8915,17757
8916,17758
8917,17759
8918,17760
8919,17761
892,17762
8920,17763
8921,17764
8922,17765
8923,17766
8924,17767
8925,17768
8926,17769
8927,17770
8928,17771
8929,17772
893,17773
8930,17774
8931,17775
8932,17776
8933,17777
8934,17778
8935,17779
8936,17780
8937,17781
8938,17782
8939,17783
894,17784
8940,17785
8941,17786
8942,17787
8943,17788
8944,17789
8945,17790
8946,17791
8947,17792
8948,17793
8949,17794
895,17795
8950,17796
8951,17797
8952,17798
8953,17799
8954,17800
8955,17801
8956,17802
8957,17803
8958,17804
8959,17805
896,17806
8960,17807
8961,17808
8962,17809
8963,17810
8964,17811
8965,17812
8966,17813
8967,17814
8969,17815
897,17816
8970,17817
8971,17818
8973,17819
8974,17820
8975,17821
8976,17822
8977,17823
8978,17824
8979,17825
898,17826
8980,17827
8981,17828
8982,17829
8983,17830
8984,17831
8985,17832
8986,17833
8987,17834
8988,17835
8989,17836
899,17837
8990,17838
8991,17839
8992,17840
8993,17841
8994,17842
8995,17843
8996,17844
8997,17845
8998,17846
8999,17847
900,17848
9000,17849
9001,17850
9002,17851
9003,17852
9004,17853
9005,17854
9006,17855
9007,17856
9008,17857
9009,17858
901,17859
9010,17860
9011,17861
9012,17862
9013,17863
9014,17864
9015,17865
9016,17866
9017,17867
9018,17868
9019,17869
902,17870
9020,17871
9021,17872
9023,17873
9024,17874
9025,17875
9026,17876
9027,17877
9028,17878
9029,17879
903,17880
9030,17881
9031,17882
9032,17883
9033,17884
9034,17885
9035,17886
9036,17887
9037,17888
9038,17889
9039,17890
904,17891
9040,17892
9041,17893
9042,17894
9043,17895
9044,17896
9045,17897
9046,17898
9047,17899
9048,17900
9049,17901
905,17902
9050,17903
9051,17904
9052,17905
9053,17906
9054,17907
9055,17908
9056,17909
9057,17910
9058,17911
9059,17912
906,17913
9060,17914
9061,17915
9062,17916
9063,17917
9064,17918
9065,17919
9066,17920
9067,17921
9068,17922
9069,17923
907,17924
9070,17925
9071,17926
9072,17927
9073,17928
9074,17929
9075,17930
9076,17931
9077,17932
9078,17933
9079,17934
908,17935
9080,17936
9081,17937
9082,17938
9083,17939
9084,17940
9085,17941
9087,17942
9088,17943
9089,17944
909,17945
9090,17946
9091,17947
9092,17948
9093,17949
9094,17950
9095,17951
9096,17952
9097,17953
9098,17954
9099,17955
910,17956
9100,17957
9101,17958
9102,17959
9103,17960
9104,17961
9105,17962
9106,17963
9107,17964
9108,17965
9109,17966
911,17967
9110,17968
9111,17969
9112,17970
9113,17971
9114,17972
9115,17973
9116,17974
9117,17975
9118,17976
9119,17977
912,17978
9120,17979
9121,17980
9122,17981
9123,17982
9124,17983
9125,17984
9126,17985
9127,17986
9128,17987
9129,17988
913,17989
9130,17990
9131,17991
9132,17992
9133,17993
9134,17994
9135,17995
9136,17996
9137,17997
9138,17998
9139,17999
914,18000
9140,18001
9141,18002
9142,18003
9143,18004
9144,18005
9145,18006
9146,18007
9147,18008
9148,18009
9149,18010
915,18011
9150,18012
9151,18013
9152,18014
9153,18015
9154,18016
9155,18017
9156,18018
9157,18019
9158,18020
9159,18021
916,18022
9160,18023
9161,18024
9162,18025
9163,18026
9164,18027
9165,18028
9166,18029
9167,18030
9168,18031
9169,18032
917,18033
9170,18034
9171,18035
9172,18036
9173,18037
9174,18038
9175,18039
9176,18040
9177,18041
9178,18042
9179,18043
918,18044
9180,18045
9181,18046
9182,18047
9183,18048
9184,18049
9185,18050
9186,18051
9187,18052
9188,18053
919,18054
9190,18055
9191,18056
9192,18057
9193,18058
9194,18059
9195,18060
9196,18061
9197,18062
9198,18063
9199,18064
920,18065
9200,18066
9202,18067
9203,18068
9204,18069
9205,18070
9206,18071
9207,18072
9208,18073
9209,18074
921,18075
9210,18076
9211,18077
9212,18078
9213,18079
9214,18080
9215,18081
9216,18082
9217,18083
9219,18084
922,18085
9220,18086
9221,18087
9222,18088
9223,18089
9224,18090
9225,18091
9226,18092
9227,18093
9228,18094
9229,18095
923,18096
9230,18097
9231,18098
9232,18099
9233,18100
9234,18101
9235,18102
9236,18103
9237,18104
9238,18105
9239,18106
924,18107
9240,18108
9241,18109
9242,18110
9243,18111
9244,18112
9245,18113
9246,18114
9247,18115
9248,18116
9249,18117
925,18118
9250,18119
9251,18120
9252,18121
9253,18122
9256,18123
9258,18124
9259,18125
926,18126
9260,18127
9261,18128
9262,18129
9263,18130
9264,18131
9266,18132
9267,18133
9268,18134
9269,18135
927,18136
9270,18137
9271,18138
9273,18139
9274,18140
9275,18141
9276,18142
9278,18143
928,18144
9280,18145
9281,18146
9282,18147
9283,18148
9284,18149
9285,18150
9286,18151
9287,18152
9289,18153
929,18154
9291,18155
9292,18156
9293,18157
9294,18158
9295,18159
9297,18160
9298,18161
930,18162
9300,18163
9301,18164
9302,18165
9303,18166
9304,18167
9305,18168
9307,18169
9308,18170
9309,18171
931,18172
9311,18173
9312,18174
9316,18175
9318,18176
9319,18177
932,18178
9321,18179
9323,18180
9324,18181
9325,18182
9326,18183
9327,18184
9329,18185
933,18186
9331,18187
9332,18188
9333,18189
9335,18190
9336,18191
9337,18192
9338,18193
9339,18194
934,18195
9341,18196
9342,18197
9343,18198
9344,18199
9346,18200
9347,18201
9348,18202
9349,18203
935,18204
9350,18205
9351,18206
9352,18207
9353,18208
9355,18209
9356,18210
9357,18211
9359,18212
936,18213
9362,18214
9364,18215
9365,18216
9366,18217
9367,18218
9368,18219
9369,18220
937,18221
9371,18222
9372,18223
9373,18224
9374,18225
9375,18226
9377,18227
9379,18228
938,18229
9382,18230
9383,18231
9384,18232
9386,18233
939,18234
9390,18235
9391,18236
9392,18237
9393,18238
9394,18239
9395,18240
9396,18241
9398,18242
940,18243
9400,18244
9402,18245
9403,18246
9404,18247
9406,18248
9407,18249
9408,18250
9409,18251
941,18252
9412,18253
9413,18254
9414,18255
9417,18256
942,18257
9422,18258
9423,18259
9424,18260
9425,18261
9426,18262
9427,18263
9428,18264
9429,18265
943,18266
9430,18267
9431,18268
9432,18269
9434,18270
9435,18271
9437,18272
9438,18273
944,18274
9442,18275
9444,18276
9445,18277
9446,18278
9447,18279
9448,18280
945,18281
9450,18282
9451,18283
9452,18284
9453,18285
9454,18286
9455,18287
9456,18288
9457,18289
9458,18290
9459,18291
946,18292
9460,18293
9461,18294
9463,18295
9466,18296
947,18297
9473,18298
9474,18299
9476,18300
9477,18301
9478,18302
9479,18303
948,18304
9480,18305
9481,18306
9482,18307
9483,18308
9484,18309
9485,18310
9486,18311
9487,18312
9488,18313
9489,18314
949,18315
9490,18316
9491,18317
9492,18318
9493,18319
9494,18320
9495,18321
9496,18322
9497,18323
9498,18324
9499,18325
950,18326
9500,18327
9501,18328
9502,18329
9503,18330
9504,18331
9505,18332
9506,18333
9507,18334
9508,18335
9509,18336
951,18337
9510,18338
9511,18339
9512,18340
9513,18341
9514,18342
9515,18343
9516,18344
9517,18345
9518,18346
9519,18347
952,18348
9520,18349
9521,18350
9522,18351
9523,18352
9524,18353
9525,18354
9526,18355
9527,18356
9528,18357
9529,18358
953,18359
9530,18360
9531,18361
9532,18362
9533,18363
9534,18364
9535,18365
9536,18366
9537,18367
9538,18368
9539,18369
954,18370
9540,18371
9541,18372
9542,18373
9543,18374
9544,18375
9545,18376
9546,18377
9547,18378
9548,18379
9549,18380
955,18381
9550,18382
9551,18383
9552,18384
9553,18385
9554,18386
9555,18387
9556,18388
9557,18389
9558,18390
956,18391
9560,18392
9561,18393
9562,18394
9563,18395
9566,18396
9567,18397
9568,18398
9569,18399
957,18400
9570,18401
9571,18402
9572,18403
9573,18404
9574,18405
9575,18406
9576,18407
9577,18408
9578,18409
9579,18410
958,18411
9580,18412
9581,18413
9582,18414
9583,18415
9584,18416
9585,18417
9586,18418
9587,18419
9588,18420
9589,18421
959,18422
9590,18423
9591,18424
9592,18425
9593,18426
9594,18427
9595,18428
9596,18429
9597,18430
9598,18431
9599,18432
9600,18433
9601,18434
9602,18435
9603,18436
9604,18437
9605,18438
9606,18439
9607,18440
9608,18441
9609,18442
961,18443
9610,18444
9611,18445
9612,18446
9613,18447
9614,18448
9615,18449
9616,18450
9617,18451
9618,18452
9619,18453
962,18454
9620,18455
9621,18456
9622,18457
9623,18458
9624,18459
9625,18460
9626,18461
9627,18462
9628,18463
9629,18464
963,18465
9630,18466
9631,18467
9632,18468
9633,18469
9634,18470
9635,18471
9636,18472
9637,18473
9638,18474
9639,18475
964,18476
9640,18477
9641,18478
9642,18479
9643,18480
9644,18481
9645,18482
9647,18483
9648,18484
9649,18485
965,18486
9650,18487
9651,18488
9652,18489
9653,18490
9654,18491
9655,18492
9656,18493
9657,18494
9658,18495
9659,18496
966,18497
9660,18498
9661,18499
9662,18500
9663,18501
9664,18502
9665,18503
9666,18504
9667,18505
9668,18506
9669,18507
967,18508
9670,18509
9671,18510
9672,18511
9673,18512
9674,18513
9675,18514
9676,18515
9677,18516
9678,18517
9679,18518
968,18519
9680,18520
9681,18521
9682,18522
9683,18523
9684,18524
9685,18525
9686,18526
9687,18527
9688,18528
9689,18529
969,18530
9690,18531
9691,18532
9692,18533
9693,18534
9694,18535
9695,18536
9696,18537
9697,18538
9698,18539
9699,18540
970,18541
9700,18542
9701,18543
9702,18544
9703,18545
9704,18546
9705,18547
9706,18548
9707,18549
9708,18550
9709,18551
971,18552
9710,18553
9711,18554
9712,18555
9713,18556
9714,18557
9715,18558
9716,18559
9717,18560
9718,18561
9719,18562
972,18563
9720,18564
9721,18565
9722,18566
9723,18567
9724,18568
9725,18569
9726,18570
9727,18571
9728,18572
9729,18573
973,18574
9730,18575
9731,18576
9732,18577
9733,18578
9734,18579
9735,18580
9736,18581
9737,18582
9738,18583
9739,18584
974,18585
9740,18586
9741,18587
9742,18588
9743,18589
9744,18590
9745,18591
9746,18592
9747,18593
9748,18594
9749,18595
975,18596
9750,18597
9751,18598
9752,18599
9753,18600
9754,18601
9755,18602
9756,18603
9757,18604
9758,18605
9759,18606
976,18607
9760,18608
9762,18609
9763,18610
9764,18611
9765,18612
9766,18613
9767,18614
9768,18615
9769,18616
977,18617
9770,18618
9771,18619
9772,18620
9773,18621
9774,18622
9775,18623
9776,18624
9777,18625
9778,18626
9779,18627
978,18628
9780,18629
9781,18630
9782,18631
9783,18632
9784,18633
9785,18634
9786,18635
9787,18636
9788,18637
9789,18638
979,18639
9790,18640
9791,18641
9792,18642
9793,18643
9794,18644
9795,18645
9796,18646
9797,18647
9798,18648
9799,18649
980,18650
9800,18651
9801,18652
9802,18653
9803,18654
9804,18655
9805,18656
9806,18657
9807,18658
9808,18659
9809,18660
981,18661
9810,18662
9811,18663
9812,18664
9813,18665
9814,18666
9815,18667
9816,18668
9817,18669
9818,18670
9819,18671
982,18672
9820,18673
9821,18674
9822,18675
9823,18676
9824,18677
9825,18678
9826,18679
9827,18680
9828,18681
9829,18682
983,18683
9830,18684
9831,18685
9832,18686
9833,18687
9834,18688
9835,18689
9836,18690
9837,18691
9838,18692
9839,18693
984,18694
9840,18695
9841,18696
9842,18697
9843,18698
9844,18699
9845,18700
9846,18701
9847,18702
9848,18703
9849,18704
985,18705
9850,18706
9851,18707
9852,18708
9853,18709
9854,18710
9855,18711
9856,18712
9857,18713
9858,18714
9859,18715
986,18716
9860,18717
9861,18718
9862,18719
9863,18720
9864,18721
9865,18722
9866,18723
9867,18724
9868,18725
9869,18726
987,18727
9870,18728
9871,18729
9872,18730
9873,18731
9874,18732
9876,18733
9877,18734
9878,18735
9879,18736
988,18737
9880,18738
9881,18739
9882,18740
9883,18741
9884,18742
9886,18743
9887,18744
9888,18745
9889,18746
989,18747
9890,18748
9891,18749
9892,18750
9893,18751
9894,18752
9895,18753
9896,18754
9897,18755
990,18756
9900,18757
9901,18758
9902,18759
9903,18760
9904,18761
9905,18762
9906,18763
9907,18764
9908,18765
9909,18766
991,18767
9910,18768
9911,18769
9912,18770
9913,18771
9915,18772
9916,18773
9918,18774
9919,18775
992,18776
9921,18777
9922,18778
9923,18779
9926,18780
9927,18781
9928,18782
993,18783
9932,18784
9933,18785
9934,18786
9935,18787
9938,18788
9939,18789
994,18790
9942,18791
9943,18792
9946,18793
9947,18794
9948,18795
9949,18796
995,18797
9950,18798
9951,18799
9952,18800
9954,18801
9956,18802
9958,18803
996,18804
9960,18805
9961,18806
9962,18807
9963,18808
9964,18809
9965,18810
9966,18811
9968,18812
9969,18813
997,18814
9971,18815
9972,18816
9974,18817
9975,18818
9979,18819
998,18820
9984,18821
9986,18822
9987,18823
9988,18824
9989,18825
999,18826
9991,18827
9996,18828
9997,18829
9998,18830
9376,18831
11575,18832
4700,18833
8476,18834
9086,18835
15840,18836
8091,18837
601,18838
600,18839
597,18840
637,18841
622,18842
5636,18843
4432,18844
1231,18845
4965,18846
9436,18847
3779,18848
3221,18849
12010,18850
13827,18851
11210,18852
16287,18853
5314,18854
5905,18855
7747,18856
16318,18857
17627,18858
19934,18859
7667,18860
9472,18861
3182,18862
441,18863
7352,18864
6098,18865
19209,18866
8656,18867
548,18868
11114,18869
13404,18870
17113,18871
7069,18872
7119,18873
13546,18874
19363,18875
5820,18876
12793,18877
3596,18878
15782,18879
11009,18880
16873,18881
19827,18882
13420,18883
12789,18884
8491,18885
12857,18886
18823,18887
1679,18888
537,18889
594,18890
484,18891
6531,18892
13464,18893
18816,18894
4008,18895
5863,18896
5809,18897
14389,18898
19472,18899
11481,18900
8146,18901
6260,18902
5633,18903
10052,18904
10141,18905
359,18906
8657,18907
13976,18908
10056,18909
1113,18910
18882,18911
3599,18912
10601,18913
6852,18914
11200,18915
645,18916
1951,18917
580,18918
583,18919
10812,18920
593,18921
1950,18922
10811,18923
349,18924
403,18925
10142,18926
1310,18927
631,18928
473,18929
9440,18930
439,18931
5037,18932
7662,18933
8513,18934
18234,18935
13357,18936
12271,18937
7234,18938
628,18939
387,18940
367,18941
5632,18942
570,18943
366,18944
1952,18945
1312,18946
11745,18947
603,18948
508,18949
1953,18950
528,18951
624,18952
643,18953
347,18954
676,18955
3825,18956
2563,18957
3829,18958
412,18959
529,18960
1843,18961
17954,18962
3823,18963
641,18964
1948,18965
9875,18966
8774,18967
3024,18968
4912,18969
7761,18970
6750,18971
7499,18972
5630,18973
6262,18974
9471,18975
14431,18976
499,18977
1859,18978
5316,18979
2461,18980
17932,18981
8573,18982
560,18983
5012,18984
10467,18985
2974,18986
409,18987
11018,18988
2949,18989
14144,18990
1714,18991
9899,18992
5027,18993
3809,18994
440,18995
1956,18996
581,18997
8234,18998
3220,18999
7518,19000
485,19001
14753,19002
4438,19003
10999,19004
19466,19005
13217,19006
15023,19007
8145,19008
5033,19009
1945,19010
2585,19011
596,19012
7517,19013
462,19014
426,19015
14978,19016
1309,19017
10808,19018
557,19019
401,19020
13336,19021
3682,19022
15568,19023
530,19024
561,19025
2582,19026
2592,19027
3217,19028
19490,19029
646,19030
1288,19031
14385,19032
558,19033
12023,19034
9381,19035
18025,19036
13790,19037
11929,19038
3830,19039
4563,19040
632,19041
8148,19042
507,19043
2589,19044
15569,19045
12934,19046
18547,19047
17939,19048
2588,19049
8810,19050
6885,19051
3223,19052
14512,19053
461,19054
543,19055
12547,19056
11998,19057
577,19058
576,19059
491,19060
460,19061
524,19062
563,19063
5029,19064
437,19065
487,19066
4430,19067
8149,19068
559,19069
1955,19070
489,19071
1317,19072
3228,19073
4436,19074
5034,19075
9370,19076
1314,19077
459,19078
3824,19079
15674,19080
6887,19081
606,19082
5496,19083
8896,19084
7992,19085
672,19086
398,19087
3224,19088
3692,19089
8696,19090
4433,19091
4435,19092
8808,19093
587,19094
568,19095
618,19096
3136,19097
8763,19098
10079,19099
9288,19100
1229,19101
3826,19102
13802,19103
10041,19104
589,19105
399,19106
8600,19107
4927,19108
613,19109
415,19110
9930,19111
420,19112
521,19113
677,19114
1316,19115
8782,19116
4437,19117
5599,19118
8069,19119
10768,19120
456,19121
6230,19122
3763,19123
471,19124
1812,19125
12181,19126
11026,19127
10473,19128
7131,19129
6212,19130
270,19131
269,19132
266,19133
303,19134
289,19135
371,19136
351,19137
3832,19138
5635,19139
5032,19140
6886,19141
486,19142
1319,19143
3226,19144
10946,19145
12292,19146
18089,19147
374,19148
1273,19149
128,19150
4900,19151
6723,19152
3781,19153
1841,19154
224,19155
13724,19156
13160,19157
14319,19158
19960,19159
4793,19160
12555,19161
10413,19162
15700,19163
10451,19164
18274,19165
18278,19166
215,19167
263,19168
168,19169
10450,19170
14061,19171
13396,19172
18215,19173
3545,19174
8379,19175
4614,19176
19346,19177
5386,19178
9189,19179
6839,19180
414,19181
635,19182
682,19183
1248,19184
526,19185
51,19186
9475,19187
6888,19188
13152,19189
11326,19190
2421,19191
6227,19192
20212,19193
311,19194
363,19195
250,19196
253,19197
411,19198
262,19199
506,19200
623,19201
43,19202
91,19203
425,19204
490,19205
297,19206
157,19207
4404,19208
126,19209
346,19210
2344,19211
295,19212
75,19213
59,19214
527,19215
241,19216
58,19217
362,19218
542,19219
18463,19220
271,19221
189,19222
350,19223
206,19224
291,19225
309,19226
41,19227
333,19228
608,19229
3199,19230
604,19231
100,19232
207,19233
8811,19234
579,19235
564,19236
307,19237
427,19238
5036,19239
17359,19240
3597,19241
18543,19242
2591,19243
488,19244
683,19245
582,19246
647,19247
182,19248
1223,19249
7516,19250
11888,19251
232,19252
2448,19253
17698,19254
97,19255
14313,19256
12556,19257
598,19258
5613,19259
127,19260
679,19261
251,19262
515,19263
428,19264
422,19265
169,19266
16064,19267
397,19268
20081,19269
685,19270
438,19271
592,19272
572,19273
636,19274
265,19275
655,19276
146,19277
114,19278
19373,19279
609,19280
562,19281
229,19282
89,19283
208,19284
233,19285
402,19286
380,19287
474,19288
312,19289
5631,19290
11035,19291
13521,19292
14003,19293
14090,19294
14641,19295
15834,19296
16992,19297
17026,19298
18696,19299
4106,19300
5948,19301
5955,19302
7759,19303
230,19304
11418,19305
10564,19306
14414,19307
17525,19308
16370,19309
616,19310
18548,19311
298,19312
678,19313
188,19314
644,19315
2208,19316
4038,19317
5219,19318
9022,19319
8641,19320
648,19321
348,19322
516,19323
364,19324
9937,19325
145,19326
219,19327
1047,19328
5261,19329
10896,19330
11605,19331
13406,19332
14693,19333
15232,19334
16451,19335
18666,19336
4187,19337
872,19338
960,19339
9646,19340
248,19341
247,19342
175,19343
144,19344
202,19345
235,19346
605,19347
124,19348
171,19349
436,19350
620,19351
231,19352
386,19353
173,19354
667,19355
370,19356
630,19357
361,19358
3100,19359
472,19360
143,19361
595,19362
3156,19363
352,19364
274,19365
10591,19366
416,19367
7364,19368
332,19369
86,19370
666,19371
2587,19372
4431,19373
665,19374
663,19375
607,19376
257,19377
240,19378
285,19379
5634,19380
3831,19381
2590,19382
3225,19383
6234,19384
571,19385
14397,19386
9378,19387
259,19388
87,19389
3222,19390
3755,19391
281,19392
103,19393
1228,19394
108,19395
201,19396
334,19397
541,19398
5035,19399
423,19400
3828,19401
2519,19402
4434,19403
141,19404
6855,19405
8664,19406
155,19407
12030,19408
9885,19409
11995,19410
7920,19411
7292,19412
6123,19413
61,19414
45,19415
360,19416
372,19417
634,19418
625,19419
170,19420
400,19421
410,19422
64,19423
2538,19424
12639,19425
9565,19426
4990,19427
1205,19428
5404,19429
16523,19430
2337,19431
10232,19432
5697,19433
20068,19434
4198,19435
18884,19436
7457,19437
102,19438
301,19439
339,19440
15020,19441
204,19442
680,19443
684,19444
4199,19445
13548,19446
8898,19447
8897,19448
15393,19449
55,19450
99,19451
187,19452
290,19453
113,19454
174,19455
1200,19456
40,19457
7584,19458
205,19459
54,19460
218,19461
12983,19462
2990,19463
44,19464
276,19465
4401,19466
272,19467
615,19468
249,19469
236,19470
115,19471
381,19472
16782,19473
6954,19474
10074,19475
424,19476
172,19477
340,19478
252,19479
313,19480
8236,19481
591,19482
4368,19483
12638,19484
14147,19485
19486,19486
267,19487
8628,19488
336,19489
195,19490
116,19491
110,19492
15343,19493
19578,19494
85,19495
19487,19496
342,19497
125,19498
261,19499
243,19500
302,19501
319,19502
277,19503
234,19504
90,19505
69,19506
158,19507
413,19508
5015,19509
9462,19510
16939,19511
10426,19512
19322,19513
283,19514
19150,19515
335,19516
310,19517
14664,19518
15705,19519
7151,19520
16434,19521
17068,19522
17611,19523
17630,19524
3476,19525
15581,19526
314,19527
42,19528
196,19529
56,19530
9279,19531
7837,19532
4662,19533
10344,19534
17045,19535
5345,19536
865,19537
12891,19538
7710,19539
14119,19540
14100,19541
1558,19542
11053,19543
13450,19544
17057,19545
4002,19546
1683,19547
7125,19548
11700,19549
12201,19550
18120,19551
2329,19552
10333,19553
9761,19554
5812,19555
273,19556
123,19557
287,19558
74,19559
327,19560
60,19561
296,19562
53,19563
6784,19564
156,19565
264,19566
9955,19567
46,19568
8750,19569
104,19570
5698,19571
326,19572
649,19573
650,19574
325,19575
323,19576
275,19577
681,19578
664,19579
525,19580
621,19581
6859,19582
242,19583
10233,19584
12031,19585
633,19586
5562,19587
8110,19588
217,19589
642,19590
111,19591
373,19592
3155,19593
540,19594
3082,19595
7492,19596
533,19597
545,19598
551,19599
566,19600
575,19601
612,19602
651,19603
657,19604
669,19605
18643,19606
13418,19607
10073,19608
52,19609
62,19610
300,19611
292,19612
88,19613
98,19614
10020,19615
588,19616
547,19617
10125,19618
7968,19619
432,19620
354,19621
18878,19622
17108,19623
6834,19624
14428,19625
337,19626
341,19627
535,19628
640,19629
12564,19630
3103,19631
393,19632
14285,19633
12503,19634
6824,19635
282,19636
70,19637
16195,19638
406,19639
10743,19640
112,19641
567,19642
260,19643
2511,19644
638,19645
9920,19646
13690,19647
15463,19648
18284,19649
101,19650
5614,19651
9559,19652
6822,19653
18279,19654
2969,19655
9944,19656
12610,19657
16536,19658
17116,19659
1707,19660
16526,19661
1074,19662
15940,19663
3107,19664
10732,19665
19149,19666
503,19667
315,19668
316,19669
338,19670
324,19671
203,19672
288,19673
6151,19674
619,19675
553,19676
299,19677
9320,19678
8771,19679
308,19680
63,19681
9959,19682
216,19683
4371,19684
6865,19685
211,19686
221,19687
225,19688
238,19689
246,19690
280,19691
317,19692
321,19693
329,19694
18043,19695
15199,19696
1907,19697
10689,19698
258,19699
223,19700
10794,19701
8602,19702
120,19703
48,19704
9564,19705
6322,19706
10009,19707
1858,19708
213,19709
306,19710
1052,19711
2468,19712
81,19713
12973,19714
6199,19715
12017,19716
94,19717
10574,19718
239,19719
7403,19720
304,19721
5604,19722
17741,19723
18885,19724
5513,19725
10283,19726
1254,19727
20074,19728
5558,19729
9925,19730
12937,19731
17701,19732
17696,19733
8040,19734
1232,19735
8686,19736
186,19737
8005,19738
286,19739
227,19740
2517,19741
6249,19742
13818,19743
4351,19744
10734,19745
7349,19746
7977,19747
14430,19748
10806,19749
8121,19750
2581,19751
377,19752
353,19753
6837,19754
1882,19755
19249,19756
8753,19757
8558,19758
6775,19759
4949,19760
10756,19761
4287,19762
5013,19763
9218,19764
20083,19765
9914,19766
8030,19767
1890,19768
7585,19769
3177,19770
3704,19771
6955,19772
6323,19773
13248,19774
9976,19775
7340,19776
15022,19777
7377,19778
3197,19779
6874,19780
7406,19781
19153,19782
8690,19783
10303,19784
611,19785
6769,19786
585,19787
7479,19788
7422,19789
531,19790
9405,19791
67,19792
47,19793
4377,19794
7486,19795
2730,19796
9416,19797
7398,19798
7440,19799
1258,19800
9917,19801
5612,19802
5815,19803
10873,19804
6200,19805
3216,19806
9265,19807
421,19808
433,19809
513,19810
2541,19811
5518,19812
457,19813
446,19814
470,19815
482,19816
396,19817
10643,19818
13220,19819
544,19820
8735,19821
6777,19822
2561,19823
8037,19824
8036,19825
388,19826
6245,19827
3111,19828
3697,19829
279,19830
5506,19831
255,19832
9433,19833
11415,19834
209,19835
10072,19836
14997,19837
6828,19838
7407,19839
10610,19840
9317,19841
6817,19842
9363,19843
4380,19844
3116,19845
7003,19846
17951,19847
4397,19848
390,19849
6100,19850
109,19851
121,19852
194,19853
3079,19854
9334,19855
142,19856
133,19857
154,19858
166,19859
84,19860
1213,19861
15603,19862
220,19863
10107,19864
9929,19865
3127,19866
6743,19867
1197,19868
76,19869
6802,19870
6779,19871
11285,19872
7996,19873
6193,19874
2471,19875
8594,19876
6830,19877
13835,19878
3085,19879
18552,19880
2549,19881
3687,19882
6077,19883
2502,19884
5514,19885
1835,19886
17366,19887
7480,19888
78,19889
2482,19890
5624,19891
1237,19892
4300,19893
6224,19894
9439,19895
16785,19896
6258,19897
6825,19898
7454,19899
10024,19900
17368,19901
11155,19902
1261,19903
3083,19904
1826,19905
1142,19906
12004,19907
475,19908
5026,19909
7445,19910
3807,19911
464,19912
10749,19913
16198,19914
3822,19915
3215,19916
4424,19917
11414,19918
5531,19919
17953,19920
16180,19921
3124,19922
670,19923
5570,19924
3821,19925
5517,19926
4942,19927
2501,19928
383,19929
586,19930
9419,19931
1212,19932
15611,19933
7483,19934
429,19935
9980,19936
4288,19937
3170,19938
15001,19939
7511,19940
9299,19941
8142,19942
159,19943
3803,19944
500,19945
16194,19946
3084,19947
148,19948
5625,19949
450,19950
8000,19951
3154,19952
668,19953
494,19954
6842,19955
419,19956
4936,19957
2475,19958
8126,19959
389,19960
8684,19961
5023,19962
3751,19963
330,19964
2579,19965
5566,19966
626,19967
4422,19968
5543,19969
10057,19970
72,19971
256,19972
8756,19973
6883,19974
4409,19975
573,19976
1285,19977
117,19978
1244,19979
11489,19980
9978,19981
10001,19982
574,19983
6771,19984
8638,19985
10026,19986
510,19987
8122,19988
183,19989
15607,19990
16173,19991
451,19992
9994,19993
135,19994
13225,19995
1914,19996
328,19997
178,19998
1867,19999
107,20000
10058,20001
8688,20002
5579,20003
77,20004
8747,20005
3790,20006
671,20007
6101,20008
3770,20009
532,20010
4966,20011
293,20012
4394,20013
652,20014
10086,20015
7490,20016
10717,20017
1274,20018
686,20019
5011,20020
244,20021
1202,20022
1270,20023
7391,20024
10007,20025
6188,20026
245,20027
8622,20028
3101,20029
4381,20030
191,20031
8683,20032
8776,20033
9945,20034
136,20035
1135,20036
7353,20037
14425,20038
15583,20039
9415,20040
4973,20041
10634,20042
3158,20043
5595,20044
331,20045
6860,20046
10713,20047
210,20048
2504,20049
6166,20050
318,20051
1893,20052
8120,20053
1861,20054
8636,20055
343,20056
8032,20057
3114,20058
5591,20059
5537,20060
10676,20061
8066,20062
7990,20063
1188,20064
2533,20065
2509,20066
2558,20067
3736,20068
16176,20069
7337,20070
3677,20071
4914,20072
8752,20073
5573,20074
10786,20075
8127,20076
6207,20077
6235,20078
6808,20079
9380,20080
6215,20081
10716,20082
9898,20083
1225,20084
15604,20085
9328,20086
10666,20087
8048,20088
8086,20089
10019,20090
7404,20091
8076,20092
16184,20093
2531,20094
4998,20095
9990,20096
1235,20097
17353,20098
10008,20099
9361,20100
9387,20101
8711,20102
10003,20103
8784,20104
3200,20105
10014,20106
8095,20107
6711,20108
10043,20109
8094,20110
10088,20111
1912,20112
4972,20113
13829,20114
14415,20115
8674,20116
6169,20117
6208,20118
5024,20119
5623,20120
3138,20121
5025,20122
3047,20123
5598,20124
4325,20125
8778,20126
7962,20127
4346,20128
5016,20129
2499,20130
10706,20131
10721,20132
6255,20133
8235,20134
3737,20135
1787,20136
9272,20137
6246,20138
4993,20139
7345,20140
4423,20141
1276,20142
1880,20143
10653,20144
3190,20145
8141,20146
8626,20147
7379,20148
511,20149
546,20150
12623,20151
455,20152
11396,20153
9420,20154
5622,20155
10778,20156
4903,20157
8726,20158
1934,20159
9936,20160
10663,20161
2508,20162
1933,20163
552,20164
407,20165
9982,20166
7376,20167
9957,20168
10793,20169
4392,20170
9314,20171
469,20172
8762,20173
10693,20174
6161,20175
2554,20176
468,20177
6206,20178
3702,20179
192,20180
222,20181
3146,20182
140,20183
6809,20184
6861,20185
365,20186
6209,20187
2480,20188
6857,20189
9389,20190
11401,20191
10603,20192
9995,20193
9468,20194
10128,20195
226,20196
95,20197
10649,20198
8004,20199
9296,20200
10657,20201
10087,20202
11417,20203
153,20204
10761,20205
8698,20206
10675,20207
1921,20208
152,20209
6831,20210
4321,20211
2510,20212
7493,20213
7509,20214
57,20215
10746,20216
7510,20217
7484,20218
2487,20219
13214,20220
3792,20221
10748,20222
395,20223
6800,20224
8294,20225
10611,20226
1917,20227
10805,20228
14999,20229
7358,20230
7433,20231
6257,20232
1306,20233
8618,20234
10104,20235
6882,20236
12631,20237
10740,20238
8123,20239
480,20240
6256,20241
8740,20242
502,20243
3176,20244
1307,20245
8140,20246
8139,20247
5022,20248
83,20249
9254,20250
1828,20251
3820,20252
1281,20253
536,20254
4930,20255
1941,20256
8063,20257
479,20258
496,20259
2565,20260
1943,20261
445,20262
3810,20263
3819,20264
6880,20265
164,20266
394,20267
5563,20268
185,20269
6881,20270
495,20271
376,20272
627,20273
481,20274
4901,20275
3180,20276
534,20277
2577,20278
214,20279
7508,20280
355,20281
9467,20282
163,20283
180,20284
1942,20285
519,20286
132,20287
9924,20288
658,20289
617,20290
82,20291
1873,20292
512,20293
179,20294
66,20295
294,20296
165,20297
10660,20298
1271,20299
212,20300
384,20301
639,20302
49,20303
356,20304
520,20305
199,20306
10135,20307
322,20308
284,20309
3769,20310
193,20311
8065,20312
4298,20313
73,20314
305,20315
50,20316
200,20317
554,20318
8071,20319
8085,20320
5594,20321
8615,20322
228,20323
10652,20324
10723,20325
3789,20326
8803,20327
9985,20328
6158,20329
1816,20330
408,20331
4395,20332
3213,20333
1181,20334
96,20335
4996,20336
378,20337
10804,20338
10077,20339
68,20340
483,20341
9410,20342
167,20343
8742,20344
7373,20345
8802,20346
497,20347
181,20348
