Node ID,Order
1,0
10,1
11,2
12,3
13,4
14,5
15,6
16,7
17,8
18,9
19,10
2,11
20,12
21,13
22,14
23,15
24,16
25,17
26,18
27,19
28,20
29,21
3,22
30,23
31,24
32,25
33,26
34,27
35,28
36,29
37,30
38,31
39,32
4,33
5,34
6,35
7,36
8,37
9,38
344,39
447,40
448,41
458,42
498,43
504,44
505,45
514,46
522,47
523,48
538,49
345,50
539,51
549,52
550,53
555,54
556,55
569,56
578,57
590,58
602,59
614,60
357,61
629,62
653,63
654,64
659,65
660,66
661,67
662,68
673,69
674,70
675,71
358,72
368,73
369,74
379,75
385,76
434,77
4389,78
2420,79
3160,80
10110,81
9953,82
16181,83
4941,84
6797,85
5014,86
6231,87
10674,88
1878,89
6221,90
5567,91
9354,92
3812,93
3784,94
3122,95
6796,96
3113,97
6801,98
1922,99
6819,100
4948,101
2513,102
10727,103
1278,104
3175,105
10664,106
10070,107
1268,108
7469,109
6134,110
14987,111
4963,112
10027,113
13833,114
5584,115
7459,116
1777,117
8087,118
16783,119
1220,120
1806,121
1829,122
7420,123
9315,124
8113,125
16773,126
8758,127
10764,128
1766,129
1155,130
3205,131
5589,132
3733,133
5550,134
1201,135
6163,136
7979,137
7442,138
7489,139
2426,140
1166,141
17362,142
3787,143
8050,144
10739,145
8035,146
4367,147
17364,148
9983,149
4361,150
3202,151
13236,152
10791,153
8089,154
8034,155
9970,156
16196,157
3132,158
7487,159
9385,160
6748,161
7390,162
7460,163
16185,164
4982,165
10109,166
9255,167
3071,168
6790,169
6190,170
4881,171
4950,172
5540,173
5587,174
19148,175
8595,176
6862,177
4978,178
1214,179
13824,180
4391,181
2534,182
10114,183
7405,184
6826,185
17950,186
8678,187
6146,188
2566,189
4929,190
10122,191
8670,192
6156,193
6179,194
1842,195
5606,196
9441,197
1856,198
1831,199
13812,200
15596,201
6184,202
5544,203
3801,204
8785,205
4915,206
3761,207
10708,208
13801,209
6210,210
10023,211
4987,212
2544,213
10780,214
2470,215
5578,216
5560,217
2550,218
6211,219
9421,220
18526,221
9973,222
6106,223
1177,224
10671,225
8633,226
8651,227
1920,228
8691,229
10661,230
8012,231
17942,232
16182,233
5006,234
9999,235
6201,236
6789,237
9358,238
15601,239
3121,240
4943,241
3758,242
10787,243
10106,244
17949,245
7342,246
2465,247
6835,248
9360,249
10704,250
6204,251
1286,252
9340,253
8667,254
10701,255
3186,256
1143,257
10083,258
6807,259
9306,260
10587,261
2506,262
3211,263
3786,264
8603,265
1284,266
8588,267
5519,268
1141,269
9290,270
5547,271
5559,272
7984,273
10729,274
8627,275
4951,276
6220,277
10714,278
13216,279
6229,280
8054,281
10777,282
17363,283
10659,284
1824,285
9388,286
9931,287
9399,288
15573,289
6186,290
2443,291
8718,292
1869,293
4913,294
5545,295
3773,296
15526,297
9967,298
8614,299
1865,300
435,301
8102,302
14996,303
8652,304
4323,305
10627,306
7494,307
17355,308
3203,309
10702,310
1863,311
5577,312
1241,313
5551,314
9257,315
8719,316
15012,317
10102,318
3066,319
8777,320
2520,321
9992,322
8619,323
10628,324
6140,325
7450,326
15000,327
10034,328
1802,329
8070,330
1233,331
4938,332
1896,333
9443,334
8794,335
15007,336
4995,337
6222,338
122,339
6757,340
15585,341
9313,342
2450,343
6767,344
9449,345
6884,346
7501,347
10637,348
1227,349
4977,350
1877,351
4931,352
10138,353
2456,354
6844,355
9470,356
10137,357
8796,358
7512,359
8143,360
8805,361
10807,362
8136,363
2469,364
6747,365
8767,366
12012,367
10017,368
9941,369
1277,370
1931,371
10111,372
10776,373
3785,374
1910,375
6847,376
3719,377
10021,378
5524,379
9469,380
6185,381
1825,382
610,383
8131,384
11347,385
4932,386
9397,387
3058,388
18408,389
584,390
14945,391
1822,392
599,393
375,394
3666,395
442,396
449,397
463,398
565,399
8195,400
12539,401
4904,402
10766,403
11408,404
14223,405
6772,406
17897,407
14845,408
9401,409
14043,410
4415,411
2439,412
13144,413
12006,414
17635,415
6064,416
12492,417
16098,418
382,419
6810,420
4958,421
278,422
8020,423
7438,424
10788,425
8773,426
7971,427
7423,428
254,429
3174,430
9993,431
268,432
65,433
17360,434
129,435
134,436
147,437
237,438
7998,439
14422,440
9981,441
2460,442
9345,443
8730,444
2580,445
10116,446
4960,447
5554,448
3040,449
9411,450
7988,451
2466,452
9322,453
10678,454
5533,455
71,456
8632,457
8708,458
16191,459
3139,460
2512,461
5247,462
5000,463
9418,464
3094,465
13819,466
7961,467
10773,468
2494,469
5983,470
7474,471
14413,472
8743,473
1262,474
12483,475
656,476
16174,477
14836,478
10774,479
1290,480
14092,481
2523,482
5539,483
10117,484
9277,485
10031,486
9310,487
2574,488
1938,489
3817,490
1937,491
1926,492
10132,493
1301,494
10133,495
8801,496
2575,497
4420,498
3130,499
12526,500
9465,501
10802,502
8138,503
17367,504
14427,505
320,506
9464,507
18540,508
20145,509
18551,510
19144,511
7507,512
1302,513
10801,514
3210,515
17952,516
8800,517
453,518
404,519
518,520
478,521
477,522
7344,523
493,524
444,525
391,526
431,527
405,528
492,529
10630,530
452,531
509,532
443,533
476,534
13832,535
501,536
417,537
465,538
9977,539
13746,540
517,541
15807,542
16502,543
17030,544
2282,545
2800,546
454,547
430,548
418,549
467,550
392,551
466,552
138,553
92,554
198,555
162,556
161,557
16092,558
177,559
131,560
79,561
119,562
93,563
176,564
8306,565
137,566
190,567
130,568
160,569
9330,570
184,571
105,572
149,573
4399,574
197,575
139,576
118,577
106,578
151,579
80,580
150,581
5511,582
9201,583
1735,584
8968,585
8972,586
14985,587
14931,588
14341,589
10728,590
9940,591
19336,592
6218,593
8039,594
6843,595
3734,596
17372,597
17373,598
17380,599
17381,600
17383,601
6500,602
17474,603
6544,604
6555,605
10150,606
10155,607
10156,608
10158,609
10162,610
6595,611
10165,612
10174,613
17549,614
10177,615
10181,616
10184,617
10186,618
10196,619
10197,620
10208,621
10210,622
10211,623
17587,624
10213,625
10217,626
10220,627
6655,628
10227,629
17626,630
6687,631
6701,632
17660,633
6722,634
17676,635
6759,636
10330,637
6768,638
10367,639
10382,640
10408,641
17803,642
10444,643
688,644
17828,645
10454,646
6890,647
6892,648
6894,649
6896,650
690,651
6900,652
10471,653
691,654
17853,655
6911,656
6916,657
6919,658
6920,659
6924,660
6925,661
17868,662
6931,663
6935,664
6940,665
6941,666
6946,667
10538,668
10539,669
1056,670
17944,671
10588,672
17962,673
17963,674
702,675
7031,676
7037,677
10608,678
7047,679
10635,680
10655,681
7095,682
1804,683
18054,684
7112,685
714,686
18082,687
715,688
10726,689
1811,690
717,691
18113,692
10751,693
719,694
721,695
10815,696
7247,697
10817,698
725,699
727,700
18224,701
729,702
18237,703
18240,704
731,705
7321,706
18265,707
10893,708
733,709
18272,710
10907,711
7343,712
10914,713
10916,714
7350,715
7355,716
7371,717
10948,718
7394,719
742,720
11002,721
10096,722
6631,723
6632,724
17673,725
1772,726
10407,727
17808,728
17821,729
17827,730
17860,731
17890,732
10558,733
10578,734
10582,735
10615,736
7056,737
7076,738
7118,739
18067,740
10699,741
7327,742
7328,743
11004,744
1838,745
11013,746
745,747
18396,748
18404,749
747,750
18415,751
18426,752
18435,753
751,754
18453,755
752,756
7523,757
11094,758
18475,759
18479,760
7541,761
18484,762
18485,763
7544,764
7545,765
7547,766
7549,767
18491,768
7561,769
7564,770
7565,771
18509,772
7572,773
7574,774
7576,775
18521,776
18529,777
1855,778
761,779
18563,780
18568,781
766,782
768,783
11262,784
771,785
11281,786
11288,787
772,788
11292,789
774,790
11317,791
1871,792
11349,793
7781,794
779,795
7792,796
1874,797
7799,798
780,799
18746,800
18750,801
781,802
782,803
18769,804
783,805
7831,806
11413,807
18792,808
11420,809
11421,810
11424,811
11425,812
18800,813
7861,814
7876,815
7878,816
18833,817
11500,818
11502,819
11524,820
7964,821
7973,822
11554,823
11570,824
10030,825
6624,826
10226,827
17693,828
10398,829
10431,830
6866,831
1049,832
10514,833
17893,834
18051,835
10765,836
18155,837
7331,838
10950,839
18419,840
18449,841
18458,842
11107,843
18512,844
18650,845
18747,846
18781,847
18798,848
18866,849
7989,850
1895,851
8010,852
11588,853
8025,854
19003,855
11630,856
11640,857
19014,858
1902,859
11648,860
8080,861
19024,862
8090,863
19032,864
19034,865
1168,866
19060,867
19079,868
19084,869
19090,870
8151,871
19097,872
8156,873
8157,874
8159,875
8162,876
8163,877
8165,878
8167,879
8171,880
8181,881
8190,882
8196,883
8199,884
8201,885
8209,886
19154,887
8219,888
19165,889
8224,890
8227,891
8229,892
11837,893
11842,894
19235,895
11870,896
19243,897
8316,898
11912,899
19289,900
19294,901
8355,902
1193,903
19312,904
8373,905
8382,906
19326,907
11958,908
11959,909
19332,910
19334,911
19337,912
11967,913
11968,914
8407,915
19356,916
19383,917
12027,918
19404,919
19426,920
8500,921
8517,922
852,923
8520,924
8535,925
8537,926
8556,927
12167,928
8605,929
12178,930
862,931
8623,932
8649,933
12232,934
8669,935
19616,936
12243,937
12247,938
19621,939
19638,940
8699,941
19647,942
8706,943
12282,944
1966,945
873,946
19686,947
1969,948
12316,949
19698,950
19731,951
19744,952
8812,953
19755,954
8814,955
19757,956
8815,957
19761,958
8825,959
1977,960
8830,961
8838,962
8840,963
8844,964
8845,965
8848,966
8849,967
12419,968
8860,969
8861,970
8862,971
8863,972
8866,973
8868,974
1981,975
8871,976
8873,977
8874,978
8877,979
1982,980
12447,981
10038,982
6485,983
10066,984
6508,985
10143,986
17553,987
6639,988
17595,989
6668,990
17648,991
6762,992
10350,993
1042,994
17852,995
10516,996
17943,997
10620,998
7066,999
18022,1000
18125,1001
18164,1002
18173,1003
10866,1004
7356,1005
1837,1006
18417,1007
11046,1008
7485,1009
11084,1010
18466,1011
18489,1012
11239,1013
11246,1014
7704,1015
18653,1016
11287,1017
1132,1018
11335,1019
7810,1020
7824,1021
7873,1022
788,1023
8079,1024
19115,1025
19145,1026
11889,1027
11902,1028
11988,1029
12007,1030
8477,1031
8530,1032
12143,1033
12155,1034
19537,1035
19667,1036
12424,1037
8880,1038
19821,1039
8882,1040
12452,1041
889,1042
8891,1043
19855,1044
12490,1045
19869,1046
1987,1047
19871,1048
12499,1049
8930,1050
12501,1051
12504,1052
12516,1053
12524,1054
12527,1055
1992,1056
19921,1057
19922,1058
1255,1059
8984,1060
19933,1061
8999,1062
19947,1063
12582,1064
19967,1065
19971,1066
9031,1067
9032,1068
19979,1069
1998,1070
19980,1071
9043,1072
12617,1073
19996,1074
9060,1075
12634,1076
12636,1077
12637,1078
20020,1079
9085,1080
9098,1081
9107,1082
20057,1083
2006,1084
1269,1085
20061,1086
2007,1087
9154,1088
2010,1089
9179,1090
20119,1091
2013,1092
12774,1093
12783,1094
12785,1095
12788,1096
9223,1097
12805,1098
9248,1099
18076,1100
10725,1101
7248,1102
7250,1103
18411,1104
11218,1105
7749,1106
790,1107
19105,1108
19124,1109
8322,1110
19645,1111
8728,1112
12816,1113
12830,1114
9268,1115
20208,1116
20209,1117
20210,1118
12847,1119
12849,1120
9284,1121
9285,1122
9286,1123
20227,1124
20228,1125
20233,1126
9301,1127
20254,1128
12885,1129
20261,1130
12893,1131
20285,1132
20295,1133
20299,1134
20317,1135
9394,1136
9396,1137
20339,1138
2038,1139
2040,1140
2044,1141
9432,1142
9454,1143
13023,1144
13026,1145
9463,1146
13034,1147
9477,1148
13048,1149
9481,1150
9482,1151
13050,1152
9485,1153
9488,1154
9494,1155
9495,1156
13062,1157
13064,1158
9504,1159
13073,1160
13075,1161
13076,1162
9509,1163
9511,1164
2138,1165
2142,1166
13086,1167
9520,1168
13089,1169
13090,1170
2154,1171
13097,1172
9531,1173
9533,1174
2160,1175
2165,1176
2168,1177
9542,1178
9544,1179
13112,1180
9556,1181
13126,1182
13127,1183
9566,1184
2206,1185
1315,1186
13159,1187
2236,1188
961,1189
13180,1190
13187,1191
2254,1192
13197,1193
2260,1194
13204,1195
2270,1196
13218,1197
1322,1198
2283,1199
13228,1200
1323,1201
13238,1202
13241,1203
9675,1204
13247,1205
2308,1206
9682,1207
2317,1208
9694,1209
1327,1210
971,1211
1329,1212
973,1213
9742,1214
2375,1215
975,1216
2378,1217
9756,1218
9762,1219
13332,1220
13334,1221
9770,1222
2400,1223
2418,1224
13362,1225
13363,1226
9796,1227
1338,1228
2447,1229
2451,1230
9843,1231
13429,1232
1343,1233
9865,1234
987,1235
1344,1236
13440,1237
9880,1238
1346,1239
1348,1240
13496,1241
2569,1242
2570,1243
13515,1244
13527,1245
1353,1246
1354,1247
2599,1248
2601,1249
2607,1250
2610,1251
2612,1252
9988,1253
2629,1254
2634,1255
2645,1256
2648,1257
2652,1258
2658,1259
1360,1260
2659,1261
2660,1262
2665,1263
2670,1264
2677,1265
2680,1266
2682,1267
2684,1268
2685,1269
13631,1270
13639,1271
13641,1272
1366,1273
13661,1274
13665,1275
13670,1276
13682,1277
1369,1278
13692,1279
13695,1280
13705,1281
13707,1282
1371,1283
13710,1284
1372,1285
13737,1286
2807,1287
1376,1288
2821,1289
2831,1290
13795,1291
2853,1292
1380,1293
2860,1294
13810,1295
13814,1296
13821,1297
2880,1298
2888,1299
2897,1300
13839,1301
1384,1302
2905,1303
1385,1304
2908,1305
1386,1306
2921,1307
2924,1308
1387,1309
2932,1310
2958,1311
1391,1312
1392,1313
1393,1314
3005,1315
13951,1316
3014,1317
3017,1318
3020,1319
13967,1320
13973,1321
13975,1322
13981,1323
13991,1324
3052,1325
13996,1326
3065,1327
14032,1328
3092,1329
1404,1330
14045,1331
14046,1332
3108,1333
14055,1334
3134,1335
14085,1336
3144,1337
14097,1338
14099,1339
3166,1340
1412,1341
14122,1342
3185,1343
1413,1344
14131,1345
14135,1346
3196,1347
1415,1348
10085,1349
10091,1350
17499,1351
10144,1352
17526,1353
17537,1354
10172,1355
6669,1356
6818,1357
1781,1358
10534,1359
17911,1360
17913,1361
6976,1362
10593,1363
10602,1364
10640,1365
10648,1366
7106,1367
18154,1368
18167,1369
18203,1370
7263,1371
10838,1372
7324,1373
10912,1374
10928,1375
7366,1376
10977,1377
10991,1378
7428,1379
7430,1380
11000,1381
11029,1382
18427,1383
7506,1384
18450,1385
11110,1386
18492,1387
18511,1388
18576,1389
18584,1390
18596,1391
11247,1392
18633,1393
7694,1394
11273,1395
18690,1396
11338,1397
18729,1398
11363,1399
1137,1400
18754,1401
7834,1402
11467,1403
1147,1404
7919,1405
7957,1406
11578,1407
11583,1408
8031,1409
19028,1410
19056,1411
19085,1412
19110,1413
19112,1414
19139,1415
11817,1416
11874,1417
11886,1418
11895,1419
19270,1420
11918,1421
8352,1422
1932,1423
12016,1424
8474,1425
12054,1426
12059,1427
19457,1428
8519,1429
12166,1430
12175,1431
19558,1432
863,1433
12199,1434
8666,1435
19607,1436
12250,1437
8694,1438
12276,1439
8819,1440
12395,1441
19790,1442
19833,1443
19836,1444
12467,1445
12469,1446
12473,1447
12481,1448
12494,1449
19948,1450
19988,1451
12616,1452
9071,1453
9093,1454
9108,1455
12787,1456
20204,1457
9266,1458
20213,1459
20216,1460
9282,1461
2023,1462
20242,1463
20273,1464
20284,1465
20312,1466
9390,1467
9391,1468
12961,1469
13035,1470
13037,1471
13061,1472
2137,1473
13088,1474
13099,1475
1321,1476
9723,1477
2389,1478
9763,1479
13428,1480
9870,1481
2529,1482
9927,1483
13618,1484
2709,1485
13714,1486
2783,1487
1373,1488
2895,1489
2918,1490
2954,1491
13932,1492
3004,1493
13965,1494
3078,1495
3142,1496
3230,1497
3235,1498
3241,1499
3242,1500
3246,1501
3248,1502
3251,1503
3252,1504
3259,1505
3260,1506
3261,1507
3263,1508
3272,1509
3273,1510
3274,1511
14214,1512
3277,1513
3280,1514
3281,1515
14225,1516
3285,1517
3287,1518
14231,1519
3292,1520
3294,1521
14236,1522
3296,1523
3297,1524
14239,1525
14240,1526
14242,1527
14248,1528
14250,1529
14266,1530
14273,1531
14281,1532
14282,1533
14290,1534
14299,1535
14309,1536
1431,1537
1432,1538
3381,1539
1433,1540
14336,1541
3397,1542
3401,1543
3402,1544
3407,1545
3415,1546
3431,1547
14374,1548
3449,1549
3457,1550
14407,1551
3468,1552
3487,1553
14435,1554
3494,1555
14438,1556
14439,1557
3498,1558
14440,1559
3505,1560
14466,1561
3535,1562
3541,1563
14486,1564
3556,1565
3565,1566
1451,1567
3570,1568
14526,1569
3610,1570
3623,1571
14568,1572
3629,1573
3645,1574
14598,1575
14603,1576
3668,1577
14611,1578
3676,1579
14619,1580
14620,1581
14626,1582
3698,1583
14652,1584
14657,1585
14662,1586
3721,1587
3722,1588
14666,1589
3725,1590
14668,1591
3728,1592
14677,1593
14689,1594
3752,1595
3756,1596
14703,1597
14721,1598
14726,1599
14731,1600
14733,1601
3839,1602
3842,1603
3843,1604
3847,1605
3848,1606
3853,1607
3855,1608
3859,1609
3860,1610
3864,1611
3865,1612
3868,1613
14810,1614
14811,1615
3873,1616
3875,1617
3877,1618
14819,1619
14820,1620
3881,1621
3882,1622
3885,1623
14829,1624
3889,1625
14831,1626
3892,1627
14834,1628
3894,1629
14835,1630
14837,1631
3897,1632
14838,1633
14841,1634
14843,1635
3903,1636
14846,1637
14855,1638
14859,1639
14865,1640
14867,1641
14869,1642
14876,1643
3948,1644
3954,1645
3957,1646
14899,1647
14901,1648
14929,1649
1493,1650
14939,1651
15005,1652
4085,1653
15027,1654
15031,1655
4095,1656
4113,1657
1507,1658
4128,1659
4147,1660
4151,1661
4152,1662
4153,1663
4155,1664
15097,1665
15144,1666
15155,1667
4221,1668
4235,1669
4236,1670
15178,1671
4243,1672
15186,1673
4244,1674
15188,1675
15190,1676
15195,1677
15198,1678
4258,1679
4266,1680
4273,1681
4280,1682
4295,1683
15240,1684
15262,1685
4320,1686
4347,1687
15299,1688
4358,1689
4359,1690
15310,1691
1534,1692
1538,1693
4439,1694
4441,1695
4443,1696
4447,1697
4448,1698
4455,1699
4458,1700
15413,1701
4477,1702
4478,1703
4480,1704
4481,1705
15423,1706
4482,1707
15424,1708
4485,1709
15425,1710
4490,1711
4497,1712
4499,1713
15440,1714
15441,1715
15446,1716
15451,1717
15452,1718
15457,1719
4521,1720
15472,1721
15477,1722
15499,1723
4576,1724
15520,1725
15527,1726
4598,1727
4600,1728
15549,1729
4620,1730
15567,1731
4629,1732
15587,1733
15589,1734
15590,1735
4659,1736
4666,1737
15613,1738
4675,1739
15618,1740
1562,1741
15620,1742
15622,1743
15626,1744
4688,1745
4695,1746
15640,1747
4704,1748
4709,1749
4743,1750
15695,1751
4755,1752
15699,1753
15707,1754
4769,1755
15712,1756
4772,1757
4771,1758
4789,1759
4790,1760
4791,1761
15735,1762
15737,1763
15739,1764
4822,1765
4828,1766
15771,1767
4837,1768
4857,1769
15815,1770
15818,1771
4877,1772
15830,1773
15831,1774
4891,1775
4897,1776
4907,1777
15859,1778
15871,1779
4934,1780
15877,1781
15887,1782
15892,1783
4961,1784
15911,1785
15913,1786
15919,1787
15930,1788
1598,1789
5040,1790
5043,1791
5044,1792
5047,1793
5051,1794
5054,1795
5056,1796
5061,1797
5071,1798
5072,1799
5073,1800
5076,1801
5077,1802
5080,1803
5088,1804
5089,1805
5090,1806
5091,1807
5093,1808
16038,1809
5097,1810
5099,1811
16042,1812
5100,1813
5108,1814
16052,1815
5111,1816
16056,1817
16059,1818
16063,1819
5124,1820
16066,1821
16068,1822
16079,1823
1608,1824
16084,1825
16090,1826
16093,1827
16103,1828
16104,1829
5175,1830
16118,1831
16121,1832
16122,1833
5185,1834
16126,1835
16140,1836
16156,1837
5235,1838
16189,1839
5253,1840
16200,1841
5263,1842
16205,1843
5266,1844
16208,1845
16210,1846
16211,1847
5271,1848
5282,1849
5302,1850
5317,1851
5324,1852
5329,1853
16279,1854
5342,1855
16291,1856
16302,1857
5366,1858
16310,1859
16314,1860
16315,1861
5394,1862
16348,1863
5413,1864
16361,1865
5424,1866
5425,1867
5437,1868
1638,1869
5441,1870
16403,1871
16409,1872
5469,1873
5472,1874
1642,1875
5479,1876
5494,1877
16439,1878
1644,1879
5523,1880
1647,1881
5528,1882
5555,1883
5556,1884
16511,1885
16532,1886
5627,1887
5639,1888
5642,1889
5647,1890
5661,1891
5668,1892
5670,1893
5673,1894
5676,1895
5683,1896
5689,1897
16631,1898
5690,1899
5692,1900
5700,1901
16642,1902
16644,1903
16650,1904
16651,1905
5716,1906
16659,1907
16661,1908
16666,1909
5728,1910
5731,1911
16684,1912
16685,1913
16686,1914
16693,1915
16695,1916
16696,1917
16701,1918
16714,1919
5775,1920
5791,1921
5800,1922
5808,1923
5811,1924
5844,1925
16787,1926
16790,1927
16793,1928
16794,1929
16795,1930
16797,1931
16798,1932
5889,1933
5933,1934
5934,1935
5938,1936
5940,1937
5959,1938
16901,1939
5960,1940
16917,1941
16919,1942
5980,1943
16931,1944
5995,1945
6005,1946
16955,1947
16961,1948
6021,1949
6026,1950
16990,1951
6067,1952
6070,1953
17024,1954
17034,1955
6099,1956
17043,1957
6117,1958
6129,1959
6130,1960
17074,1961
6132,1962
17095,1963
6196,1964
6202,1965
6225,1966
6269,1967
17213,1968
6274,1969
6276,1970
17217,1971
6285,1972
6286,1973
6289,1974
17230,1975
6294,1976
6296,1977
6298,1978
17241,1979
6302,1980
6306,1981
6309,1982
17250,1983
6311,1984
6312,1985
17256,1986
6315,1987
6318,1988
17260,1989
17261,1990
6319,1991
6321,1992
1727,1993
17272,1994
17276,1995
17278,1996
17279,1997
17282,1998
17288,1999
17295,2000
17304,2001
17340,2002
17342,2003
17358,2004
6422,2005
17370,2006
10754,2007
5974,2008
9905,2009
787,2010
10394,2011
16085,2012
20076,2013
3743,2014
4888,2015
15773,2016
4726,2017
1388,2018
1129,2019
6173,2020
1289,2021
9444,2022
6275,2023
1282,2024
6745,2025
7600,2026
19664,2027
11426,2028
15960,2029
11170,2030
10860,2031
10874,2032
12479,2033
15079,2034
13273,2035
5637,2036
8899,2037
1266,2038
4393,2039
4854,2040
9871,2041
18098,2042
11859,2043
17159,2044
3925,2045
3497,2046
2071,2047
8737,2048
7311,2049
4452,2050
5057,2051
5597,2052
17410,2053
16803,2054
13660,2055
12807,2056
17301,2057
2369,2058
7386,2059
7026,2060
11905,2061
5068,2062
18430,2063
8197,2064
9383,2065
4970,2066
4489,2067
9325,2068
16647,2069
16080,2070
5628,2071
7154,2072
17857,2073
18474,2074
5590,2075
15414,2076
2694,2077
19053,2078
755,2079
10719,2080
7972,2081
1758,2082
3791,2083
11705,2084
16669,2085
5229,2086
5436,2087
12761,2088
17244,2089
16294,2090
8566,2091
12488,2092
12234,2093
16675,2094
9804,2095
16713,2096
17051,2097
15421,2098
3398,2099
20237,2100
5227,2101
11102,2102
13650,2103
11277,2104
2174,2105
12426,2106
16952,2107
5512,2108
5976,2109
13125,2110
9814,2111
15415,2112
16859,2113
11353,2114
20272,2115
4133,2116
12735,2117
18505,2118
16636,2119
17652,2120
9447,2121
15123,2122
10230,2123
19692,2124
7952,2125
11291,2126
3367,2127
15156,2128
20297,2129
12571,2130
19665,2131
19697,2132
11772,2133
15987,2134
7869,2135
19013,2136
11258,2137
1894,2138
20130,2139
13123,2140
13243,2141
1379,2142
7557,2143
8280,2144
10246,2145
5129,2146
11955,2147
14462,2148
11048,2149
7380,2150
18873,2151
9968,2152
11536,2153
5431,2154
18889,2155
4637,2156
2618,2157
4144,2158
8232,2159
17983,2160
12512,2161
13706,2162
1442,2163
6049,2164
7170,2165
15189,2166
2547,2167
4558,2168
13267,2169
9498,2170
10680,2171
2268,2172
2837,2173
3368,2174
5177,2175
9890,2176
14479,2177
10243,2178
813,2179
10799,2180
13100,2181
1879,2182
7006,2183
11611,2184
15121,2185
6683,2186
17875,2187
4360,2188
15444,2189
1596,2190
9259,2191
4562,2192
7985,2193
5500,2194
12461,2195
17097,2196
20239,2197
7104,2198
16485,2199
1771,2200
10124,2201
13960,2202
14296,2203
14000,2204
14872,2205
16071,2206
8490,2207
7840,2208
9236,2209
14520,2210
17284,2211
16639,2212
19367,2213
6590,2214
17263,2215
2836,2216
15804,2217
12486,2218
16019,2219
1739,2220
13701,2221
19999,2222
11990,2223
10442,2224
13623,2225
5836,2226
5994,2227
15599,2228
9501,2229
12111,2230
13662,2231
15437,2232
899,2233
15369,2234
18339,2235
3655,2236
9859,2237
11977,2238
19740,2239
8616,2240
10443,2241
16640,2242
2065,2243
14081,2244
6619,2245
16418,2246
14463,2247
2082,2248
16822,2249
14981,2250
3912,2251
7708,2252
5833,2253
17834,2254
2481,2255
8257,2256
17855,2257
4874,2258
8940,2259
19654,2260
8980,2261
13691,2262
2826,2263
10590,2264
2900,2265
17823,2266
8402,2267
19059,2268
999,2269
20240,2270
3995,2271
12464,2272
9128,2273
11320,2274
15223,2275
10388,2276
19606,2277
18183,2278
20267,2279
15113,2280
3622,2281
17777,2282
6216,2283
14145,2284
6545,2285
14015,2286
18499,2287
14400,2288
15164,2289
11402,2290
2332,2291
14277,2292
19423,2293
1746,2294
14535,2295
6656,2296
5197,2297
7927,2298
6339,2299
13166,2300
17312,2301
3678,2302
8675,2303
17067,2304
18497,2305
16152,2306
19114,2307
5218,2308
7357,2309
9769,2310
18438,2311
20024,2312
11597,2313
15486,2314
8842,2315
19789,2316
14450,2317
15054,2318
5391,2319
3314,2320
8935,2321
5304,2322
3712,2323
9590,2324
16235,2325
17977,2326
14533,2327
19138,2328
10631,2329
19975,2330
7205,2331
7256,2332
17209,2333
18218,2334
13645,2335
9020,2336
19341,2337
6012,2338
10316,2339
18467,2340
14304,2341
18784,2342
4916,2343
13433,2344
18473,2345
2129,2346
16043,2347
19912,2348
11623,2349
8344,2350
11036,2351
16656,2352
11676,2353
7334,2354
19824,2355
7367,2356
13355,2357
4871,2358
10501,2359
3767,2360
11935,2361
12727,2362
16075,2363
15461,2364
2857,2365
18204,2366
8523,2367
14234,2368
1114,2369
4180,2370
17231,2371
16047,2372
5672,2373
12391,2374
18437,2375
20123,2376
12660,2377
5503,2378
12955,2379
3006,2380
6003,2381
17396,2382
16380,2383
18704,2384
5593,2385
15405,2386
8979,2387
11900,2388
986,2389
12507,2390
16436,2391
19046,2392
19403,2393
10397,2394
9175,2395
10236,2396
19266,2397
818,2398
18976,2399
19643,2400
1007,2401
11393,2402
8725,2403
16215,2404
10785,2405
10982,2406
20241,2407
13367,2408
3717,2409
5843,2410
6637,2411
4935,2412
9735,2413
20006,2414
4313,2415
13685,2416
16881,2417
3620,2418
5238,2419
19069,2420
5851,2421
11647,2422
17800,2423
13058,2424
5920,2425
7871,2426
13102,2427
1690,2428
17629,2429
9283,2430
6053,2431
3167,2432
12371,2433
6045,2434
3874,2435
12422,2436
2034,2437
17839,2438
15903,2439
9474,2440
6418,2441
6721,2442
8461,2443
18999,2444
9109,2445
15709,2446
18549,2447
19860,2448
3120,2449
16649,2450
16980,2451
12478,2452
17600,2453
3395,2454
9047,2455
3022,2456
5926,2457
13868,2458
13252,2459
17394,2460
7592,2461
19719,2462
19822,2463
12596,2464
3389,2465
6742,2466
18477,2467
7426,2468
13945,2469
14356,2470
13830,2471
18115,2472
8714,2473
13541,2474
9002,2475
11680,2476
13071,2477
11854,2478
19453,2479
20266,2480
2757,2481
19076,2482
4786,2483
16665,2484
2753,2485
16622,2486
18820,2487
11074,2488
11899,2489
2371,2490
8422,2491
11810,2492
7105,2493
13938,2494
15011,2495
12902,2496
12444,2497
1959,2498
2163,2499
6059,2500
13776,2501
14270,2502
14644,2503
6006,2504
15786,2505
19703,2506
13200,2507
19025,2508
19945,2509
20220,2510
3135,2511
11235,2512
19462,2513
18410,2514
19217,2515
15464,2516
5242,2517
18042,2518
9921,2519
11843,2520
17819,2521
8150,2522
10735,2523
12480,2524
7746,2525
5667,2526
9404,2527
4429,2528
10193,2529
12505,2530
4369,2531
5415,2532
11893,2533
13923,2534
7885,2535
18531,2536
15654,2537
15660,2538
14849,2539
9178,2540
2712,2541
6040,2542
18464,2543
14461,2544
14297,2545
17884,2546
1396,2547
13751,2548
10421,2549
11545,2550
17809,2551
15403,2552
1087,2553
16777,2554
8230,2555
8870,2556
9541,2557
14311,2558
12416,2559
18140,2560
20306,2561
1351,2562
11144,2563
12965,2564
5154,2565
1389,2566
6997,2567
14420,2568
10862,2569
1583,2570
7573,2571
10151,2572
7583,2573
17873,2574
3097,2575
2221,2576
15767,2577
1107,2578
11823,2579
17608,2580
19811,2581
16125,2582
3308,2583
17277,2584
1294,2585
14288,2586
14938,2587
14969,2588
13282,2589
6622,2590
6348,2591
10244,2592
15069,2593
9220,2594
13505,2595
4825,2596
5251,2597
16984,2598
2428,2599
16519,2600
14117,2601
11849,2602
3895,2603
2002,2604
13167,2605
5078,2606
10219,2607
20252,2608
7588,2609
12458,2610
20177,2611
15445,2612
14485,2613
9567,2614
15670,2615
16057,2616
7307,2617
18405,2618
19170,2619
10636,2620
15410,2621
19077,2622
7613,2623
17748,2624
9225,2625
3918,2626
3917,2627
5428,2628
10667,2629
18897,2630
12650,2631
14008,2632
9000,2633
9684,2634
8907,2635
3520,2636
9901,2637
10195,2638
9534,2639
4450,2640
12592,2641
2493,2642
5127,2643
15074,2644
19679,2645
4219,2646
15345,2647
4238,2648
19189,2649
8266,2650
17238,2651
5473,2652
2055,2653
13855,2654
11332,2655
20293,2656
12667,2657
4317,2658
10859,2659
13056,2660
10540,2661
16078,2662
8837,2663
6007,2664
11283,2665
15981,2666
14864,2667
6960,2668
14212,2669
14433,2670
773,2671
5993,2672
2349,2673
14483,2674
19716,2675
10002,2676
14491,2677
3305,2678
13712,2679
13717,2680
3010,2681
14957,2682
15665,2683
6680,2684
11762,2685
5882,2686
14824,2687
8092,2688
15439,2689
13114,2690
7859,2691
6520,2692
13068,2693
4757,2694
6461,2695
15489,2696
15639,2697
12550,2698
18413,2699
17992,2700
3648,2701
8177,2702
1324,2703
18029,2704
19225,2705
18787,2706
15996,2707
4976,2708
6111,2709
13274,2710
4866,2711
12674,2712
15447,2713
4513,2714
18587,2715
13067,2716
9691,2717
15434,2718
12065,2719
14373,2720
3312,2721
8552,2722
19452,2723
3827,2724
13677,2725
9490,2726
9594,2727
2717,2728
18031,2729
2846,2730
12142,2731
10100,2732
10984,2733
13471,2734
3686,2735
13601,2736
13206,2737
1014,2738
2321,2739
12233,2740
1778,2741
18751,2742
15860,2743
5105,2744
13108,2745
13522,2746
16562,2747
6741,2748
5445,2749
2639,2750
18330,2751
4465,2752
19992,2753
14128,2754
4824,2755
18965,2756
14877,2757
19611,2758
7135,2759
2653,2760
1328,2761
12763,2762
19064,2763
4921,2764
5039,2765
1417,2766
14757,2767
2537,2768
14229,2769
4457,2770
18235,2771
19428,2772
1995,2773
19820,2774
16065,2775
4398,2776
2041,2777
7552,2778
2822,2779
10769,2780
1497,2781
17836,2782
19035,2783
11294,2784
5383,2785
4635,2786
18631,2787
15033,2788
9592,2789
18556,2790
7542,2791
4705,2792
10050,2793
1935,2794
14232,2795
11237,2796
4676,2797
2708,2798
16089,2799
6964,2800
9484,2801
703,2802
704,2803
706,2804
10228,2805
8910,2806
17433,2807
7385,2808
10918,2809
10763,2810
4587,2811
10004,2812
13693,2813
11851,2814
10012,2815
11861,2816
10040,2817
6474,2818
8329,2819
8330,2820
13747,2821
13764,2822
13769,2823
15623,2824
2844,2825
17501,2826
4736,2827
6587,2828
4745,2829
12000,2830
17536,2831
12008,2832
10166,2833
10168,2834
12014,2835
13863,2836
12026,2837
12046,2838
12051,2839
17589,2840
13909,2841
1576,2842
17604,2843
8512,2844
8514,2845
2986,2846
19461,2847
2996,2848
4844,2849
8533,2850
6696,2851
13950,2852
15798,2853
6706,2854
855,2855
10276,2856
6714,2857
8561,2858
1767,2859
19521,2860
19526,2861
12152,2862
3064,2863
6752,2864
17710,2865
3086,2866
19561,2867
14049,2868
4955,2869
8648,2870
19592,2871
8659,2872
17764,2873
17765,2874
17769,2875
19614,2876
3147,2877
4994,2878
6846,2879
10419,2880
3173,2881
5019,2882
12275,2883
1965,2884
6867,2885
15966,2886
17815,2887
14138,2888
10458,2889
15992,2890
5050,2891
3206,2892
12308,2893
8741,2894
17841,2895
17843,2896
19689,2897
3218,2898
5069,2899
5079,2900
17865,2901
16020,2902
17870,2903
19715,2904
6933,2905
17876,2906
1419,2907
17877,2908
12348,2909
5096,2910
10510,2911
1420,2912
8793,2913
12363,2914
3262,2915
696,2916
10532,2917
3278,2918
1422,2919
3288,2920
3290,2921
12397,2922
17930,2923
3310,2924
10567,2925
14260,2926
5165,2927
8853,2928
17955,2929
12428,2930
10585,2931
8885,2932
14303,2933
7068,2934
14324,2935
10638,2936
19857,2937
10646,2938
12497,2939
1435,2940
18037,2941
12521,2942
16216,2943
712,2944
16231,2945
12554,2946
8992,2947
18090,2948
14402,2949
19938,2950
3475,2951
18102,2952
9017,2953
1996,2954
14432,2955
12598,2956
10762,2957
1999,2958
9054,2959
7213,2960
5373,2961
16326,2962
724,2963
3563,2964
10819,2965
20048,2966
10844,2967
16382,2968
7295,2969
2008,2970
7297,2971
5454,2972
5458,2973
14558,2974
1088,2975
9156,2976
14583,2977
3649,2978
14590,2979
14591,2980
9180,2981
14600,2982
3661,2983
18295,2984
7359,2985
18300,2986
14613,2987
7362,2988
736,2989
9214,2990
18317,2991
1279,2992
5535,2993
18322,2994
20166,2995
3700,2996
3708,2997
5561,2998
18349,2999
5564,3000
18355,3001
3727,3002
12829,3003
18367,3004
18371,3005
9273,3006
18379,3007
16547,3008
1840,3009
14713,3010
3775,3011
18407,3012
16578,3013
3794,3014
5640,3015
16583,3016
5644,3017
16589,3018
18432,3019
14748,3020
2029,3021
14762,3022
1292,3023
12920,3024
14765,3025
20303,3026
3834,3027
3835,3028
5679,3029
9364,3030
20309,3031
20311,3032
20315,3033
12950,3034
18493,3035
3870,3036
12977,3037
7566,3038
3879,3039
9409,3040
14822,3041
2051,3042
7582,3043
14839,3044
14852,3045
16700,3046
3939,3047
2096,3048
14882,3049
18567,3050
11199,3051
7642,3052
13054,3053
11211,3054
18601,3055
9514,3056
11242,3057
9537,3058
18637,3059
9540,3060
13109,3061
9548,3062
14967,3063
9557,3064
18656,3065
9561,3066
2197,3067
16837,3068
13155,3069
15002,3070
7750,3071
7753,3072
18706,3073
7785,3074
15049,3075
2280,3076
4127,3077
9665,3078
18808,3079
11434,3080
6047,3081
1515,3082
4216,3083
2374,3084
7911,3085
4228,3086
4232,3087
4234,3088
7923,3089
9782,3090
15205,3091
7959,3092
7960,3093
11546,3094
18920,3095
9838,3096
13424,3097
18955,3098
18957,3099
8014,3100
9861,3101
15284,3102
8038,3103
18983,3104
8046,3105
4364,3106
8052,3107
8067,3108
19009,3109
1164,3110
2546,3111
1165,3112
13513,3113
1352,3114
8112,3115
9961,3116
9965,3117
8125,3118
17225,3119
9987,3120
19086,3121
8152,3122
4469,3123
1541,3124
8164,3125
4486,3126
13587,3127
2649,3128
2654,3129
8184,3130
8187,3131
8189,3132
11759,3133
11768,3134
15466,3135
11781,3136
13626,3137
15475,3138
13649,3139
1918,3140
11820,3141
11831,3142
11834,3143
19566,3144
2572,3145
3195,3146
18831,3147
13848,3148
10822,3149
10130,3150
5361,3151
18105,3152
2608,3153
15711,3154
3845,3155
6704,3156
7320,3157
2346,3158
9842,3159
3295,3160
16313,3161
3001,3162
16171,3163
13741,3164
12328,3165
12577,3166
5038,3167
11212,3168
5495,3169
3072,3170
10190,3171
10909,3172
8722,3173
14361,3174
9680,3175
16012,3176
18326,3177
1648,3178
8497,3179
18323,3180
18504,3181
13817,3182
2899,3183
15661,3184
18253,3185
6523,3186
9903,3187
13687,3188
13766,3189
12609,3190
15615,3191
12455,3192
14308,3193
15274,3194
3766,3195
8188,3196
1833,3197
20332,3198
14298,3199
16150,3200
2266,3201
4838,3202
4839,3203
13294,3204
17747,3205
8816,3206
3768,3207
9661,3208
7933,3209
5281,3210
17820,3211
19896,3212
7370,3213
11229,3214
19909,3215
6521,3216
7101,3217
13934,3218
20329,3219
11581,3220
15806,3221
19961,3222
8539,3223
928,3224
13387,3225
13789,3226
14302,3227
1609,3228
4636,3229
11271,3230
4096,3231
1151,3232
10103,3233
17906,3234
1092,3235
7953,3236
10576,3237
14345,3238
17854,3239
17901,3240
12544,3241
4845,3242
11941,3243
12933,3244
14274,3245
18448,3246
12197,3247
1820,3248
7381,3249
12683,3250
9246,3251
2047,3252
17891,3253
12797,3254
7000,3255
8637,3256
12476,3257
7190,3258
18508,3259
7677,3260
13806,3261
19763,3262
16202,3263
15905,3264
12339,3265
19471,3266
8733,3267
11348,3268
12964,3269
18296,3270
13686,3271
14121,3272
14714,3273
8258,3274
17378,3275
7814,3276
13699,3277
8289,3278
19233,3279
4609,3280
1004,3281
2790,3282
741,3283
1191,3284
19351,3285
8429,3286
4092,3287
16982,3288
2697,3289
4673,3290
2832,3291
2854,3292
2859,3293
10115,3294
11982,3295
11986,3296
13844,3297
13871,3298
17564,3299
19409,3300
12039,3301
19414,3302
6634,3303
8487,3304
4821,3305
6666,3306
4827,3307
12084,3308
2993,3309
6684,3310
8531,3311
12144,3312
19529,3313
6746,3314
8592,3315
4908,3316
4909,3317
14012,3318
12177,3319
14021,3320
4933,3321
12191,3322
15880,3323
19569,3324
19608,3325
3149,3326
17778,3327
19626,3328
17802,3329
15967,3330
9294,3331
10772,3332
18004,3333
8124,3334
6873,3335
6248,3336
4416,3337
8213,3338
19666,3339
19668,3340
17830,3341
3207,3342
14151,3343
875,3344
5063,3345
3236,3346
16034,3347
10505,3348
8786,3349
6944,3350
8790,3351
6951,3352
19739,3353
12406,3354
16094,3355
5153,3356
14251,3357
5156,3358
19787,3359
14261,3360
7008,3361
14265,3362
5167,3363
16114,3364
14278,3365
12442,3366
10609,3367
12459,3368
10622,3369
19845,3370
14321,3371
10654,3372
14340,3373
14346,3374
14353,3375
19892,3376
10703,3377
1072,3378
7153,3379
12583,3380
9015,3381
3492,3382
16289,3383
9044,3384
9049,3385
16309,3386
14481,3387
16343,3388
10835,3389
1084,3390
5438,3391
18248,3392
12720,3393
20093,3394
20100,3395
3646,3396
10905,3397
14593,3398
7341,3399
18283,3400
5509,3401
14615,3402
18311,3403
9216,3404
20165,3405
20181,3406
9241,3407
3711,3408
10970,3409
16501,3410
18362,3411
14682,3412
16545,3413
16550,3414
5618,3415
11032,3416
18420,3417
18425,3418
3799,3419
1474,3420
5654,3421
20290,3422
16607,3423
11088,3424
3833,3425
5678,3426
9368,3427
9374,3428
9393,3429
3863,3430
14804,3431
5709,3432
14815,3433
20345,3434
16660,3435
2037,3436
5727,3437
16673,3438
5735,3439
16678,3440
16680,3441
16682,3442
11153,3443
18528,3444
3900,3445
16687,3446
14844,3447
13002,3448
16694,3449
11165,3450
7612,3451
9457,3452
2084,3453
2086,3454
18558,3455
18559,3456
16715,3457
16719,3458
2094,3459
16728,3460
14889,3461
14890,3462
11205,3463
13049,3464
11207,3465
13052,3466
11216,3467
13060,3468
7652,3469
11221,3470
16752,3471
14911,3472
11225,3473
2128,3474
14917,3475
2134,3476
5825,3477
2140,3478
13085,3479
11241,3480
9517,3481
16776,3482
9527,3483
9528,3484
1494,3485
14943,3486
16780,3487
16788,3488
5849,3489
1311,3490
14959,3491
5860,3492
5862,3493
5869,3494
18657,3495
11284,3496
956,3497
14975,3498
14977,3499
7722,3500
16823,3501
14988,3502
16831,3503
7735,3504
13147,3505
11304,3506
1868,3507
13150,3508
13158,3509
13162,3510
13169,3511
9603,3512
15018,3513
11337,3514
11339,3515
9617,3516
16875,3517
16876,3518
16880,3519
1320,3520
18735,3521
18740,3522
16899,3523
5958,3524
2277,3525
2281,3526
16921,3527
16937,3528
16938,3529
6001,3530
13278,3531
9710,3532
16968,3533
6030,3534
11447,3535
6043,3536
16989,3537
2361,3538
4207,3539
15152,3540
4220,3541
4226,3542
18859,3543
6073,3544
15182,3545
6084,3546
9786,3547
2412,3548
9790,3549
18895,3550
4267,3551
17058,3552
6125,3553
18912,3554
18918,3555
17076,3556
4296,3557
6139,3558
983,3559
11557,3560
15254,3561
6160,3562
17104,3563
17106,3564
6165,3565
9856,3566
18954,3567
4327,3568
18966,3569
4338,3570
18968,3571
2497,3572
17128,3573
17131,3574
11603,3575
11606,3576
17146,3577
1347,3578
8058,3579
15317,3580
9908,3581
4384,3582
19012,3583
1717,3584
19016,3585
9919,3586
6236,3587
17178,3588
13494,3589
15337,3590
19031,3591
1719,3592
6251,3593
19037,3594
17195,3595
17196,3596
17197,3597
15356,3598
17198,3599
9948,3600
13517,3601
15366,3602
15367,3603
6272,3604
11690,3605
15377,3606
17221,3607
6281,3608
19074,3609
19075,3610
4446,3611
8135,3612
19078,3613
8137,3614
6292,3615
17233,3616
9986,3617
2613,3618
8144,3619
19091,3620
17248,3621
13564,3622
19096,3623
6307,3624
17254,3625
6316,3626
19102,3627
19109,3628
15422,3629
17267,3630
17270,3631
8174,3632
17274,3633
19118,3634
8178,3635
17275,3636
15435,3637
2651,3638
15438,3639
11757,3640
17287,3641
13602,3642
8200,3643
6357,3644
17300,3645
13616,3646
17302,3647
17316,3648
11793,3649
2696,3650
15480,3651
11800,3652
11801,3653
15488,3654
6397,3655
17338,3656
15498,3657
8244,3658
13657,3659
2715,3660
8261,3661
11839,3662
2741,3663
18669,3664
7877,3665
8016,3666
2155,3667
2731,3668
13434,3669
13368,3670
11310,3671
9489,3672
10176,3673
18573,3674
5289,3675
19498,3676
14858,3677
15409,3678
16316,3679
16902,3680
18671,3681
13798,3682
11853,3683
12597,3684
11980,3685
3793,3686
19730,3687
6052,3688
14770,3689
19531,3690
11398,3691
13059,3692
14172,3693
16598,3694
4805,3695
11751,3696
14796,3697
8798,3698
6676,3699
17247,3700
2042,3701
15591,3702
5002,3703
15777,3704
5961,3705
2734,3706
15519,3707
15427,3708
17237,3709
6791,3710
1814,3711
19837,3712
6086,3713
7994,3714
14368,3715
5498,3716
12009,3717
11877,3718
4386,3719
12161,3720
19258,3721
5688,3722
15756,3723
1973,3724
20230,3725
7809,3726
4247,3727
12443,3728
4262,3729
13758,3730
5288,3731
1747,3732
10584,3733
10529,3734
5821,3735
13170,3736
13779,3737
9952,3738
14980,3739
8901,3740
17089,3741
14930,3742
9892,3743
6074,3744
2632,3745
8045,3746
1153,3747
4047,3748
17567,3749
10536,3750
11692,3751
5274,3752
6858,3753
10546,3754
12523,3755
19497,3756
6611,3757
8884,3758
15986,3759
19552,3760
2402,3761
4134,3762
1587,3763
3150,3764
14375,3765
11251,3766
1930,3767
15503,3768
6786,3769
19500,3770
11202,3771
19633,3772
848,3773
16004,3774
1650,3775
17807,3776
7084,3777
18383,3778
12165,3779
18377,3780
18980,3781
12567,3782
6673,3783
13560,3784
17177,3785
3632,3786
16016,3787
13902,3788
20225,3789
7207,3790
4505,3791
19652,3792
5350,3793
6475,3794
10403,3795
15759,3796
16579,3797
4813,3798
3227,3799
7093,3800
8888,3801
15351,3802
18917,3803
7775,3804
15465,3805
4403,3806
5403,3807
15934,3808
20045,3809
1409,3810
20304,3811
1073,3812
13309,3813
7906,3814
2401,3815
4065,3816
3436,3817
17507,3818
13870,3819
9525,3820
7618,3821
2951,3822
1979,3823
13611,3824
8660,3825
8299,3826
17998,3827
7882,3828
10366,3829
6651,3830
5466,3831
12421,3832
864,3833
10259,3834
1936,3835
15539,3836
11104,3837
19747,3838
8695,3839
11315,3840
16691,3841
2427,3842
6703,3843
13881,3844
11208,3845
17844,3846
6495,3847
13138,3848
18011,3849
14794,3850
18387,3851
18988,3852
3433,3853
5241,3854
17414,3855
11181,3856
12445,3857
4868,3858
13745,3859
11897,3860
13930,3861
15042,3862
16083,3863
1089,3864
6795,3865
14184,3866
2624,3867
8744,3868
14396,3869
16293,3870
4870,3871
16101,3872
8858,3873
17735,3874
14880,3875
12193,3876
3219,3877
14937,3878
16544,3879
18904,3880
2894,3881
14747,3882
18293,3883
10753,3884
7216,3885
2760,3886
10076,3887
16449,3888
19712,3889
12465,3890
17733,3891
12565,3892
10961,3893
8589,3894
8878,3895
17163,3896
18303,3897
18394,3898
19052,3899
12306,3900
13963,3901
18027,3902
18627,3903
18870,3904
6608,3905
15066,3906
1381,3907
18723,3908
5423,3909
3478,3910
13128,3911
4466,3912
18514,3913
14926,3914
8108,3915
1961,3916
13350,3917
759,3918
6749,3919
20131,3920
12185,3921
10669,3922
19974,3923
15151,3924
13831,3925
19350,3926
6902,3927
4690,3928
16096,3929
14286,3930
17763,3931
17487,3932
19565,3933
14825,3934
13043,3935
6643,3936
11964,3937
8890,3938
15772,3939
11906,3940
13208,3941
8354,3942
5602,3943
4926,3944
19641,3945
15610,3946
1086,3947
14798,3948
17200,3949
8473,3950
11890,3951
6778,3952
15614,3953
19469,3954
12101,3955
7415,3956
6233,3957
3406,3958
11770,3959
1784,3960
16438,3961
12453,3962
19395,3963
18990,3964
6041,3965
11978,3966
17928,3967
12813,3968
16542,3969
20224,3970
9605,3971
19482,3972
16727,3973
16138,3974
10569,3975
5481,3976
17740,3977
19449,3978
11146,3979
2749,3980
5525,3981
1219,3982
15883,3983
12262,3984
8676,3985
15450,3986
18982,3987
19151,3988
10221,3989
5887,3990
3883,3991
11126,3992
12364,3993
3893,3994
11946,3995
11891,3996
14332,3997
4035,3998
10222,3999
10152,4000
9202,4001
9407,4002
6468,4003
20274,4004
6939,4005
17716,4006
14011,4007
20251,4008
19651,4009
5449,4010
3638,4011
8655,4012
17980,4013
13184,4014
3324,4015
17722,4016
17723,4017
14127,4018
12781,4019
2568,4020
4834,4021
18403,4022
14807,4023
19568,4024
15938,4025
12129,4026
9473,4027
8448,4028
9111,4029
4740,4030
1444,4031
18564,4032
708,4033
20250,4034
13045,4035
12093,4036
17883,4037
16855,4038
5388,4039
17645,4040
9947,4041
15990,4042
16577,4043
14383,4044
19954,4045
8769,4046
13788,4047
13258,4048
20336,4049
16072,4050
12386,4051
6652,4052
19590,4053
14113,4054
3362,4055
14241,4056
2882,4057
17435,4058
15537,4059
17751,4060
12252,4061
2833,4062
19708,4063
15989,4064
17112,4065
19619,4066
756,4067
16018,4068
16035,4069
14170,4070
16186,4071
6845,4072
4751,4073
12498,4074
17842,4075
4641,4076
3523,4077
10779,4078
10784,4079
16317,4080
7220,4081
9072,4082
7235,4083
5395,4084
3553,4085
10810,4086
7245,4087
911,4088
16366,4089
18209,4090
7272,4091
10840,4092
7276,4093
18217,4094
7287,4095
16386,4096
16391,4097
12706,4098
20079,4099
20087,4100
9153,4101
5468,4102
9161,4103
5478,4104
20115,4105
5493,4106
2012,4107
3652,4108
20127,4109
16445,4110
14605,4111
5515,4112
20150,4113
20153,4114
18318,4115
18321,4116
20169,4117
12801,4118
16491,4119
12808,4120
7399,4121
7400,4122
5574,4123
18365,4124
14702,4125
3772,4126
18400,4127
9304,4128
2025,4129
3782,4130
3800,4131
18443,4132
20289,4133
16603,4134
14761,4135
20292,4136
2030,4137
18465,4138
7525,4139
20319,4140
3851,4141
14799,4142
14800,4143
16648,4144
14805,4145
3867,4146
12971,4147
16662,4148
7570,4149
16671,4150
12986,4151
5741,4152
14862,4153
14883,4154
11197,4155
3946,4156
14898,4157
7653,4158
7658,4159
16768,4160
3988,4161
9518,4162
3994,4163
9524,4164
2152,4165
13106,4166
2169,4167
13124,4168
9582,4169
15015,4170
13173,4171
11331,4172
11344,4173
13198,4174
2262,4175
11361,4176
7798,4177
15060,4178
11374,4179
4122,4180
13237,4181
15085,4182
18779,4183
15092,4184
13265,4185
2330,4186
7864,4187
13281,4188
9715,4189
9728,4190
2366,4191
7900,4192
2370,4193
7904,4194
15166,4195
7915,4196
7930,4197
6089,4198
17032,4199
4257,4200
2416,4201
17059,4202
13373,4203
18910,4204
9820,4205
13411,4206
2486,4207
6178,4208
4335,4209
17129,4210
6191,4211
15290,4212
15294,4213
17140,4214
17149,4215
19004,4216
17169,4217
8073,4218
2553,4219
6252,4220
13531,4221
15378,4222
17222,4223
11701,4224
11708,4225
13565,4226
11724,4227
2633,4228
19117,4229
4491,4230
4495,4231
4496,4232
1729,4233
8193,4234
2664,4235
11763,4236
13613,4237
19143,4238
1546,4239
2678,4240
15471,4241
6381,4242
15481,4243
2700,4244
15487,4245
19186,4246
15500,4247
6404,4248
15506,4249
13666,4250
11822,4251
6324,4252
3841,4253
10258,4254
11238,4255
8687,4256
17292,4257
15553,4258
11619,4259
3183,4260
9622,4261
6008,4262
2491,4263
8338,4264
20168,4265
11750,4266
15385,4267
13436,4268
1513,4269
18439,4270
9430,4271
1860,4272
11784,4273
6278,4274
6331,4275
10305,4276
18681,4277
16373,4278
7306,4279
13726,4280
15383,4281
4835,4282
9972,4283
20096,4284
2505,4285
7418,4286
4658,4287
9297,4288
10881,4289
11997,4290
17705,4291
4414,4292
15174,4293
701,4294
17801,4295
10824,4296
16506,4297
3730,4298
14293,4299
14360,4300
17655,4301
8734,4302
14772,4303
16559,4304
17947,4305
2179,4306
15864,4307
18442,4308
11811,4309
13175,4310
18533,4311
3650,4312
5463,4313
11832,4314
7414,4315
5352,4316
13259,4317
6223,4318
1367,4319
20255,4320
2567,4321
1696,4322
7893,4323
7872,4324
11913,4325
4568,4326
2747,4327
10016,4328
19236,4329
13709,4330
15560,4331
1925,4332
8315,4333
10047,4334
1374,4335
11898,4336
15598,4337
11915,4338
10090,4339
4692,4340
10105,4341
6540,4342
17496,4343
9593,4344
3886,4345
12746,4346
1915,4347
4044,4348
4129,4349
4732,4350
10146,4351
11992,4352
15680,4353
11996,4354
15684,4355
4753,4356
10175,4357
19392,4358
8463,4359
6626,4360
4792,4361
10204,4362
12070,4363
13916,4364
8510,4365
19456,4366
13954,4367
19491,4368
10275,4369
8551,4370
15808,4371
17661,4372
19512,4373
8577,4374
8582,4375
17690,4376
8593,4377
19544,4378
10345,4379
8625,4380
15882,4381
6785,4382
15894,4383
17746,4384
6821,4385
15926,4386
3141,4387
17780,4388
17781,4389
14103,4390
19636,4391
19658,4392
19661,4393
6878,4394
8727,4395
12300,4396
17837,4397
19693,4398
14166,4399
14173,4400
3231,4401
19706,4402
12335,4403
19709,4404
12338,4405
17872,4406
19724,4407
16039,4408
14198,4409
10517,4410
12365,4411
19741,4412
19743,4413
6969,4414
17918,4415
19772,4416
12400,4417
17936,4418
12405,4419
17937,4420
16109,4421
16120,4422
14284,4423
16130,4424
10605,4425
16144,4426
14306,4427
8909,4428
10633,4429
19856,4430
12489,4431
12519,4432
19894,4433
18050,4434
7115,4435
10690,4436
16220,4437
12533,4438
1070,4439
19918,4440
3460,4441
18104,4442
3483,4443
18112,4444
3495,4445
5357,4446
12619,4447
14478,4448
10795,4449
1818,4450
3555,4451
20041,4452
1083,4453
7267,4454
18214,4455
3588,4456
12693,4457
12698,4458
3603,4459
3613,4460
20107,4461
3657,4462
18291,4463
3667,4464
9197,4465
10924,4466
1093,4467
12773,4468
9224,4469
14638,4470
20167,4471
9235,4472
16492,4473
1465,4474
14651,4475
12812,4476
18364,4477
11020,4478
16552,4479
20236,4480
5615,4481
16558,4482
5617,4483
9319,4484
5638,4485
20269,4486
20271,4487
3802,4488
3805,4489
18441,4490
14755,4491
7503,4492
5660,4493
7505,4494
14764,4495
16626,4496
20318,4497
12951,4498
12963,4499
20341,4500
18501,4501
12988,4502
1299,4503
11156,4504
2073,4505
11187,4506
7625,4507
13040,4508
1120,4509
16733,4510
18582,4511
9499,4512
14914,4513
18625,4514
11274,4515
14970,4516
11297,4517
11312,4518
7762,4519
9614,4520
15048,4521
18738,4522
18773,4523
1140,4524
13244,4525
9696,4526
6011,4527
970,4528
6023,4529
16979,4530
6039,4531
9733,4532
7891,4533
7905,4534
1701,4535
2382,4536
4227,4537
9765,4538
17023,4539
15180,4540
7939,4541
15194,4542
18930,4543
18938,4544
18940,4545
800,4546
4316,4547
9849,4548
18961,4549
802,4550
9867,4551
17132,4552
17133,4553
15292,4554
9881,4555
9882,4556
17138,4557
1899,4558
17160,4559
17165,4560
11641,4561
809,4562
2560,4563
1720,4564
19047,4565
9951,4566
4464,4567
2626,4568
11727,4569
8160,4570
17273,4571
13590,4572
2663,4573
19136,4574
6363,4575
17309,4576
11792,4577
15482,4578
8256,4579
15511,4580
19205,4581
827,4582
15584,4583
3958,4584
14289,4585
5607,4586
12340,4587
14157,4588
1872,4589
1425,4590
6366,4591
6653,4592
8813,4593
3813,4594
9344,4595
16770,4596
7303,4597
6170,4598
1173,4599
3471,4600
15843,4601
9377,4602
10647,4603
10670,4604
5354,4605
18096,4606
4396,4607
19785,4608
15988,4609
20117,4610
13435,4611
5427,4612
6950,4613
6096,4614
8902,4615
7271,4616
3899,4617
17880,4618
18524,4619
10535,4620
15998,4621
2431,4622
2743,4623
1769,4624
11430,4625
17642,4626
1458,4627
3345,4628
9878,4629
13768,4630
6763,4631
11812,4632
19634,4633
11034,4634
12974,4635
6654,4636
13552,4637
13599,4638
2322,4639
2479,4640
7543,4641
8411,4642
7107,4643
14181,4644
16630,4645
14955,4646
11681,4647
14896,4648
16718,4649
8565,4650
14252,4651
14752,4652
15342,4653
9897,4654
6806,4655
4468,4656
8180,4657
18424,4658
14954,4659
13796,4660
14174,4661
14756,4662
17290,4663
18915,4664
10299,4665
7865,4666
9840,4667
4405,4668
12570,4669
7551,4670
10525,4671
12954,4672
15958,4673
10545,4674
10625,4675
9493,4676
12329,4677
8883,4678
4417,4679
7875,4680
17941,4681
18815,4682
8933,4683
13825,4684
6718,4685
6699,4686
11388,4687
14364,4688
3598,4689
15690,4690
8291,4691
12731,4692
13415,4693
14048,4694
1579,4695
17641,4696
19451,4697
2123,4698
3405,4699
4014,4700
4131,4701
5901,4702
4231,4703
18911,4704
9933,4705
5701,4706
15826,4707
3639,4708
17081,4709
19620,4710
9339,4711
20288,4712
6341,4713
5435,4714
14201,4715
4498,4716
8701,4717
10526,4718
7553,4719
8721,4720
2452,4721
14729,4722
16352,4723
6793,4724
4406,4725
5609,4726
13135,4727
2036,4728
14244,4729
7684,4730
6290,4731
17912,4732
15394,4733
11737,4734
19501,4735
14892,4736
13698,4737
18786,4738
11815,4739
6310,4740
7409,4741
11276,4742
754,4743
15530,4744
3299,4745
19418,4746
5946,4747
4454,4748
3683,4749
1079,4750
5183,4751
8051,4752
19877,4753
12347,4754
2240,4755
5645,4756
11521,4757
16853,4758
10435,4759
2147,4760
10248,4761
3482,4762
1617,4763
1077,4764
13761,4765
15991,4766
7801,4767
14951,4768
13398,4769
17234,4770
19088,4771
16124,4772
2014,4773
13774,4774
20072,4775
7383,4776
8872,4777
6470,4778
1762,4779
20248,4780
3316,4781
15132,4782
5774,4783
3628,4784
1263,4785
15544,4786
11848,4787
17965,4788
2376,4789
14609,4790
12622,4791
14720,4792
11879,4793
13621,4794
3579,4795
13969,4796
14101,4797
16580,4798
19844,4799
6118,4800
20280,4801
19929,4802
8518,4803
5896,4804
5103,4805
14941,4806
3602,4807
4206,4808
753,4809
1156,4810
12600,4811
3732,4812
4186,4813
8612,4814
18926,4815
10867,4816
13163,4817
12558,4818
4461,4819
6104,4820
11920,4821
6889,4822
763,4823
8682,4824
14991,4825
18242,4826
1886,4827
12666,4828
2081,4829
14238,4830
726,4831
12588,4832
13193,4833
15608,4834
1043,4835
12435,4836
16204,4837
18262,4838
10319,4839
14295,4840
5834,4841
13164,4842
18992,4843
6097,4844
7023,4845
8956,4846
1174,4847
10288,4848
15084,4849
16254,4850
2732,4851
3962,4852
3232,4853
7436,4854
19271,4855
6159,4856
9866,4857
11790,4858
10438,4859
12482,4860
4172,4861
7970,4862
1756,4863
17389,4864
9356,4865
6875,4866
7758,4867
7737,4868
18482,4869
10528,4870
12945,4871
10549,4872
15565,4873
12695,4874
13906,4875
15105,4876
15689,4877
13908,4878
13911,4879
14498,4880
17432,4881
19398,4882
6004,4883
12231,4884
16629,4885
3636,4886
12462,4887
19049,4888
1081,4889
12967,4890
17728,4891
9243,4892
13116,4893
4830,4894
10555,4895
9888,4896
17009,4897
17593,4898
14842,4899
9828,4900
7378,4901
4896,4902
18065,4903
8635,4904
13537,4905
19609,4906
8332,4907
14294,4908
9088,4909
2647,4910
14779,4911
16255,4912
16848,4913
2514,4914
6093,4915
11491,4916
1470,4917
1478,4918
8284,4919
8950,4920
10313,4921
9739,4922
7948,4923
4315,4924
5986,4925
10681,4926
1238,4927
2763,4928
14434,4929
6990,4930
13890,4931
17773,4932
11366,4933
18342,4934
20143,4935
3872,4936
17886,4937
1172,4938
14982,4939
9309,4940
9384,4941
13956,4942
1633,4943
16950,4944
7431,4945
6080,4946
2552,4947
4533,4948
3338,4949
11814,4950
4848,4951
1733,4952
14507,4953
6725,4954
10665,4955
11760,4956
1808,4957
9801,4958
11105,4959
3102,4960
13392,4961
15595,4962
6177,4963
3502,4964
7289,4965
19791,4966
4781,4967
9247,4968
18700,4969
10036,4970
18264,4971
814,4972
17376,4973
982,4974
3504,4975
17889,4976
14199,4977
15387,4978
5411,4979
5988,4980
14162,4981
14759,4982
19711,4983
8191,4984
18107,4985
16841,4986
7012,4987
13694,4988
871,4989
7099,4990
12952,4991
744,4992
17724,4993
3815,4994
9744,4995
10464,4996
9120,4997
3352,4998
8779,4999
3616,5000
1434,5001
11873,5002
2143,5003
16548,5004
4833,5005
7196,5006
12573,5007
13178,5008
10941,5009
9292,5010
14399,5011
16756,5012
6071,5013
2334,5014
11865,5015
1984,5016
3067,5017
1954,5018
2948,5019
4910,5020
3776,5021
4859,5022
13783,5023
17628,5024
2524,5025
2031,5026
20175,5027
10332,5028
2307,5029
4939,5030
11542,5031
20263,5032
8993,5033
11742,5034
6460,5035
16585,5036
1184,5037
11951,5038
4319,5039
4310,5040
6815,5041
16905,5042
1795,5043
6238,5044
14424,5045
1632,5046
7206,5047
7397,5048
1131,5049
4136,5050
11560,5051
16119,5052
19920,5053
15468,5054
6988,5055
13584,5056
4816,5057
3569,5058
13316,5059
14500,5060
17438,5061
19221,5062
2095,5063
11474,5064
18026,5065
2087,5066
6999,5067
9618,5068
8168,5069
9413,5070
5873,5071
1441,5072
7784,5073
11298,5074
13343,5075
16940,5076
6213,5077
4373,5078
3038,5079
12825,5080
1753,5081
6195,5082
7036,5083
7429,5084
10081,5085
3376,5086
3153,5087
794,5088
11306,5089
13015,5090
13637,5091
18389,5092
12285,5093
19655,5094
11838,5095
19098,5096
5461,5097
17887,5098
3360,5099
5770,5100
16421,5101
10126,5102
20157,5103
12089,5104
18618,5105
6378,5106
8283,5107
12704,5108
1473,5109
1476,5110
16259,5111
14553,5112
12627,5113
16816,5114
18035,5115
8271,5116
12708,5117
13196,5118
17361,5119
5322,5120
8738,5121
9772,5122
4619,5123
6705,5124
4876,5125
2444,5126
3370,5127
12618,5128
6155,5129
17555,5130
8019,5131
2367,5132
17441,5133
5453,5134
3642,5135
11840,5136
9496,5137
8879,5138
1418,5139
11819,5140
12238,5141
4826,5142
11280,5143
11222,5144
7129,5145
9610,5146
10720,5147
1247,5148
9575,5149
9698,5150
12412,5151
18061,5152
20217,5153
9152,5154
15523,5155
6304,5156
6841,5157
19427,5158
3169,5159
7976,5160
1091,5161
13729,5162
13280,5163
1253,5164
8056,5165
10377,5166
18147,5167
4944,5168
15090,5169
5379,5170
8214,5171
15858,5172
9318,5173
11135,5174
20099,5175
9862,5176
1106,5177
14927,5178
15516,5179
1744,5180
2386,5181
5499,5182
5925,5183
18707,5184
3788,5185
14412,5186
2802,5187
13651,5188
16563,5189
19525,5190
6991,5191
19649,5192
16116,5193
2011,5194
16625,5195
10712,5196
2627,5197
8457,5198
6144,5199
9442,5200
4470,5201
5320,5202
13104,5203
1862,5204
6494,5205
13234,5206
19794,5207
3063,5208
15119,5209
5829,5210
9307,5211
842,5212
18856,5213
14444,5214
14894,5215
18716,5216
19745,5217
5907,5218
19876,5219
12520,5220
5332,5221
15419,5222
3328,5223
5432,5224
3303,5225
17299,5226
4193,5227
3760,5228
7451,5229
15609,5230
12351,5231
20231,5232
15365,5233
20121,5234
7313,5235
7941,5236
3695,5237
9386,5238
1849,5239
18778,5240
4362,5241
18852,5242
9341,5243
20349,5244
1118,5245
1218,5246
8060,5247
8643,5248
5429,5249
8155,5250
10080,5251
15073,5252
14221,5253
17704,5254
18979,5255
3600,5256
3951,5257
13033,5258
15889,5259
10449,5260
17721,5261
16262,5262
4281,5263
12389,5264
13190,5265
8751,5266
18764,5267
4971,5268
8006,5269
10401,5270
9347,5271
4025,5272
4290,5273
6135,5274
12195,5275
9298,5276
2301,5277
8099,5278
17328,5279
9365,5280
720,5281
18609,5282
19828,5283
4493,5284
2398,5285
5734,5286
16741,5287
12749,5288
13578,5289
5409,5290
9349,5291
17041,5292
18553,5293
19631,5294
743,5295
1884,5296
2229,5297
7744,5298
19970,5299
6198,5300
17187,5301
20193,5302
12845,5303
18944,5304
13275,5305
14698,5306
3105,5307
8724,5308
2449,5309
16504,5310
1180,5311
6524,5312
3816,5313
1260,5314
11999,5315
16560,5316
19518,5317
2981,5318
5669,5319
3163,5320
15187,5321
2476,5322
5895,5323
9414,5324
5205,5325
6127,5326
797,5327
15531,5328
7924,5329
7296,5330
2878,5331
3590,5332
5886,5333
11910,5334
12076,5335
14168,5336
17776,5337
5491,5338
2408,5339
5686,5340
2196,5341
8613,5342
16029,5343
13794,5344
8042,5345
13889,5346
8022,5347
7488,5348
15400,5349
18126,5350
3514,5351
10055,5352
3051,5353
14992,5354
18771,5355
7760,5356
10261,5357
11260,5358
15279,5359
15801,5360
18645,5361
2440,5362
10889,5363
17375,5364
17126,5365
13172,5366
4074,5367
18901,5368
765,5369
11138,5370
18919,5371
10147,5372
3591,5373
1158,5374
4012,5375
6702,5376
9989,5377
19116,5378
11794,5379
2754,5380
18496,5381
13117,5382
13925,5383
1566,5384
11087,5385
15016,5386
6691,5387
12427,5388
4203,5389
20278,5390
8451,5391
15529,5392
8357,5393
5268,5394
9287,5395
1300,5396
2679,5397
7310,5398
12594,5399
13199,5400
14963,5401
14083,5402
18654,5403
7514,5404
16077,5405
3836,5406
14888,5407
11428,5408
1318,5409
17908,5410
18525,5411
1687,5412
19042,5413
17754,5414
19648,5415
12390,5416
12997,5417
14964,5418
15554,5419
17513,5420
2820,5421
4532,5422
1394,5423
16102,5424
17379,5425
13069,5426
11150,5427
11252,5428
11754,5429
18359,5430
6823,5431
11387,5432
11991,5433
6816,5434
8185,5435
15918,5436
16734,5437
16145,5438
11973,5439
1337,5440
11974,5441
8621,5442
9199,5443
9536,5444
4667,5445
11141,5446
6242,5447
6719,5448
14979,5449
11469,5450
1481,5451
15104,5452
5768,5453
7638,5454
10310,5455
13896,5456
16857,5457
3949,5458
7637,5459
16705,5460
6187,5461
8118,5462
4540,5463
19125,5464
14784,5465
7944,5466
14948,5467
9711,5468
9895,5469
14669,5470
19291,5471
2910,5472
3466,5473
4685,5474
6428,5475
853,5476
9018,5477
9819,5478
993,5479
17895,5480
12912,5481
14881,5482
5046,5483
7257,5484
17881,5485
1194,5486
3754,5487
4794,5488
9635,5489
10656,5490
11748,5491
13277,5492
14529,5493
11517,5494
19299,5495
10139,5496
18055,5497
19695,5498
6921,5499
15353,5500
17960,5501
1591,5502
2319,5503
13295,5504
4545,5505
7748,5506
18335,5507
3179,5508
16757,5509
8445,5510
13778,5511
10286,5512
18602,5513
2737,5514
7649,5515
8298,5516
11492,5517
12092,5518
12685,5519
12705,5520
13924,5521
12208,5522
3044,5523
13235,5524
2325,5525
18802,5526
8591,5527
1827,5528
4765,5529
7393,5530
18309,5531
2425,5532
5007,5533
11694,5534
16146,5535
10119,5536
4644,5537
6112,5538
17935,5539
10566,5540
19417,5541
4314,5542
15961,5543
16573,5544
15396,5545
5086,5546
9408,5547
12313,5548
6371,5549
10321,5550
14058,5551
18611,5552
8503,5553
16454,5554
17042,5555
1424,5556
3255,5557
16664,5558
11167,5559
8559,5560
19325,5561
7305,5562
18579,5563
11752,5564
12408,5565
13072,5566
18358,5567
19562,5568
20134,5569
16676,5570
17345,5571
18813,5572
6820,5573
9776,5574
15197,5575
6237,5576
10402,5577
3045,5578
8574,5579
9039,5580
1997,5581
5239,5582
15273,5583
4382,5584
11830,5585
3444,5586
9155,5587
14493,5588
2584,5589
2782,5590
17227,5591
7563,5592
9242,5593
15908,5594
1619,5595
17574,5596
18250,5597
20033,5598
20347,5599
5186,5600
5819,5601
6313,5602
20265,5603
8789,5604
10709,5605
13809,5606
7312,5607
7309,5608
9752,5609
4510,5610
20294,5611
18530,5612
13174,5613
1730,5614
10092,5615
15533,5616
13385,5617
1732,5618
7791,5619
2188,5620
9351,5621
12336,5622
12944,5623
8912,5624
9558,5625
17964,5626
10045,5627
7908,5628
18299,5629
20171,5630
18701,5631
14685,5632
18793,5633
19072,5634
9703,5635
11369,5636
5838,5637
5643,5638
13700,5639
2543,5640
20207,5641
881,5642
18900,5643
18989,5644
5421,5645
12354,5646
17171,5647
6678,5648
7117,5649
6764,5650
10108,5651
19829,5652
4312,5653
7742,5654
1694,5655
4906,5656
11504,5657
6122,5658
18200,5659
4889,5660
9503,5661
12425,5662
12938,5663
15392,5664
20097,5665
4546,5666
18181,5667
6740,5668
20346,5669
6365,5670
3470,5671
4682,5672
10683,5673
3343,5674
17153,5675
17336,5676
18081,5677
19099,5678
5067,5679
19021,5680
16369,5681
7136,5682
7947,5683
19107,5684
2108,5685
2515,5686
14156,5687
13129,5688
2119,5689
2383,5690
3018,5691
20200,5692
20298,5693
4645,5694
12921,5695
6782,5696
9651,5697
7232,5698
3978,5699
8707,5700
930,5701
12090,5702
16565,5703
14543,5704
6280,5705
13161,5706
9186,5707
9845,5708
3635,5709
12438,5710
2050,5711
9185,5712
17324,5713
19613,5714
17685,5715
8807,5716
11844,5717
5070,5718
2578,5719
10039,5720
12077,5721
12703,5722
12927,5723
14582,5724
15683,5725
17657,5726
19257,5727
2925,5728
4603,5729
5916,5730
6369,5731
2755,5732
17430,5733
1006,5734
13759,5735
6546,5736
12003,5737
2917,5738
13905,5739
13937,5740
6688,5741
1398,5742
6730,5743
3059,5744
17706,5745
8617,5746
3118,5747
12226,5748
15977,5749
17833,5750
6906,5751
16031,5752
12352,5753
6953,5754
17917,5755
7010,5756
5173,5757
3339,5758
16154,5759
10639,5760
7075,5761
7082,5762
18047,5763
12517,5764
14369,5765
16263,5766
1627,5767
10741,5768
14516,5769
18232,5770
3644,5771
5489,5772
7332,5773
9183,5774
20129,5775
7361,5776
3699,5777
10954,5778
9233,5779
3740,5780
18376,5781
16541,5782
20310,5783
12959,5784
1297,5785
1483,5786
13003,5787
5756,5788
5766,5789
16711,5790
14878,5791
18586,5792
13057,5793
7650,5794
3970,5795
7665,5796
18622,5797
4004,5798
954,5799
11275,5800
4040,5801
13168,5802
2227,5803
11359,5804
13205,5805
16896,5806
9667,5807
11404,5808
15135,5809
11471,5810
4255,5811
13360,5812
15204,5813
2455,5814
17084,5815
17100,5816
6167,5817
15275,5818
11636,5819
4383,5820
6241,5821
17191,5822
9943,5823
13536,5824
17229,5825
2604,5826
17246,5827
4471,5828
11739,5829
13610,5830
4523,5831
1731,5832
19167,5833
17330,5834
11806,5835
11825,5836
2742,5837
8709,5838
19382,5839
12831,5840
15732,5841
18156,5842
18835,5843
5344,5844
6445,5845
1460,5846
1891,5847
14530,5848
5771,5849
1334,5850
7242,5851
4421,5852
10278,5853
10594,5854
5303,5855
7064,5856
12330,5857
15563,5858
8525,5859
16628,5860
12374,5861
19055,5862
3605,5863
19275,5864
8077,5865
17907,5866
13130,5867
1349,5868
20234,5869
9332,5870
7620,5871
14388,5872
1487,5873
10134,5874
15564,5875
12771,5876
12756,5877
5292,5878
5582,5879
2576,5880
3735,5881
5773,5882
5866,5883
7743,5884
18202,5885
2228,5886
2752,5887
9252,5888
12949,5889
9209,5890
13713,5891
1939,5892
10297,5893
2390,5894
3420,5895
3990,5896
7688,5897
8470,5898
7411,5899
8703,5900
11244,5901
16543,5902
4208,5903
7879,5904
12525,5905
13771,5906
4082,5907
6732,5908
13233,5909
10684,5910
18178,5911
4189,5912
3106,5913
996,5914
1991,5915
13181,5916
19517,5917
4818,5918
15580,5919
19779,5920
2705,5921
6194,5922
20275,5923
17151,5924
6616,5925
8540,5926
7283,5927
13534,5928
16703,5929
17018,5930
17542,5931
2775,5932
4766,5933
15057,5934
1924,5935
20005,5936
3484,5937
8567,5938
5003,5939
6662,5940
5795,5941
3910,5942
4984,5943
1809,5944
17905,5945
6452,5946
13667,5947
18857,5948
13511,5949
14884,5950
4224,5951
13841,5952
19792,5953
699,5954
14051,5955
19006,5956
13608,5957
8629,5958
3818,5959
3739,5960
15822,5961
3011,5962
12433,5963
15025,5964
3808,5965
10694,5966
6385,5967
8948,5968
1635,5969
13704,5970
8988,5971
14150,5972
14208,5973
18603,5974
15432,5975
11732,5976
12342,5977
13598,5978
9177,5979
12540,5980
17832,5981
11080,5982
13620,5983
2018,5984
8809,5985
9466,5986
6937,5987
10575,5988
1844,5989
10687,5990
5857,5991
16908,5992
2185,5993
4887,5994
7165,5995
18534,5996
11725,5997
8677,5998
3187,5999
14490,6000
8314,6001
13915,6002
4425,6003
16601,6004
834,6005
6698,6006
4905,6007
20095,6008
20124,6009
12337,6010
938,6011
12926,6012
8281,6013
12475,6014
2788,6015
1742,6016
6044,6017
10803,6018
6910,6019
7562,6020
1509,6021
12980,6022
14968,6023
15558,6024
19511,6025
9217,6026
7902,6027
14974,6028
6037,6029
710,6030
7369,6031
4192,6032
4402,6033
10342,6034
5058,6035
1801,6036
17350,6037
9042,6038
8549,6039
5137,6040
15360,6041
20106,6042
17745,6043
18328,6044
13087,6045
7539,6046
4411,6047
2646,6048
3025,6049
9112,6050
15406,6051
1303,6052
10121,6053
4337,6054
5359,6055
5998,6056
7820,6057
4412,6058
7336,6059
13696,6060
3093,6061
3981,6062
17921,6063
12522,6064
3798,6065
7669,6066
11765,6067
12981,6068
11925,6069
19726,6070
14912,6071
20326,6072
14793,6073
11684,6074
7515,6075
14809,6076
5045,6077
5937,6078
7498,6079
14283,6080
3421,6081
4664,6082
2464,6083
5536,6084
6362,6085
17493,6086
1628,6087
9613,6088
8960,6089
14042,6090
7294,6091
6761,6092
2551,6093
11875,6094
1109,6095
19310,6096
9346,6097
8097,6098
14246,6099
16936,6100
9308,6101
13921,6102
16277,6103
5748,6104
820,6105
13898,6106
15099,6107
4550,6108
9624,6109
6736,6110
16762,6111
11257,6112
2840,6113
19848,6114
15420,6115
17767,6116
19681,6117
832,6118
5150,6119
8608,6120
16653,6121
2764,6122
1605,6123
6833,6124
17099,6125
5222,6126
4622,6127
1454,6128
2046,6129
12471,6130
13375,6131
7277,6132
7846,6133
8981,6134
7162,6135
16073,6136
2298,6137
1209,6138
4946,6139
3991,6140
9274,6141
6765,6142
3653,6143
12574,6144
12804,6145
3898,6146
9215,6147
8555,6148
13773,6149
10530,6150
8147,6151
11858,6152
5083,6153
3455,6154
7884,6155
19662,6156
9778,6157
14205,6158
10730,6159
18550,6160
13752,6161
14365,6162
9453,6163
7497,6164
7617,6165
6871,6166
5384,6167
5412,6168
6056,6169
2681,6170
13301,6171
15521,6172
1102,6173
10094,6174
3172,6175
11123,6176
14292,6177
2359,6178
17938,6179
16236,6180
15606,6181
1041,6182
12235,6183
18071,6184
5018,6185
14983,6186
10180,6187
16332,6188
1026,6189
6261,6190
15442,6191
8223,6192
15203,6193
5919,6194
6142,6195
6171,6196
4428,6197
6564,6198
12028,6199
14253,6200
16784,6201
1755,6202
13877,6203
13997,6204
19886,6205
9910,6206
4752,6207
5477,6208
4879,6209
8665,6210
1850,6211
10783,6212
7711,6213
4126,6214
15212,6215
18487,6216
19253,6217
19231,6218
1561,6219
8374,6220
6550,6221
17500,6222
13842,6223
4783,6224
6987,6225
4494,6226
19036,6227
12990,6228
18433,6229
11169,6230
18374,6231
8544,6232
9204,6233
12249,6234
11644,6235
8546,6236
6716,6237
857,6238
15828,6239
12146,6240
19523,6241
10309,6242
3062,6243
12171,6244
15881,6245
14078,6246
12256,6247
19672,6248
17829,6249
19673,6250
689,6251
12322,6252
5094,6253
7015,6254
8864,6255
12449,6256
17984,6257
3358,6258
18012,6259
18018,6260
19866,6261
7089,6262
18041,6263
10672,6264
19926,6265
14398,6266
8996,6267
16251,6268
16272,6269
19995,6270
12621,6271
1631,6272
20013,6273
7249,6274
14513,6275
12691,6276
18298,6277
18313,6278
14631,6279
1836,6280
10996,6281
5629,6282
20258,6283
1658,6284
5662,6285
7513,6286
1662,6287
18470,6288
12948,6289
2052,6290
12998,6291
5762,6292
3935,6293
7632,6294
13074,6295
1677,6296
14932,6297
16789,6298
7692,6299
1500,6300
2218,6301
16889,6302
9656,6303
18765,6304
11429,6305
4181,6306
9726,6307
15157,6308
13320,6309
11488,6310
13348,6311
9813,6312
18914,6313
4299,6314
11629,6315
4375,6316
8082,6317
17190,6318
11670,6319
11706,6320
11777,6321
6374,6322
6380,6323
8228,6324
6391,6325
17334,6326
4570,6327
13300,6328
5152,6329
9036,6330
15741,6331
20078,6332
10280,6333
10885,6334
8761,6335
4663,6336
10841,6337
8175,6338
16041,6339
3021,6340
4078,6341
4681,6342
2898,6343
3749,6344
7921,6345
16270,6346
16692,6347
19147,6348
4101,6349
1145,6350
11563,6351
14480,6352
839,6353
19560,6354
1949,6355
7013,6356
5030,6357
14637,6358
17659,6359
8639,6360
16111,6361
6766,6362
2489,6363
13304,6364
17194,6365
2623,6366
10577,6367
1549,6368
12417,6369
10069,6370
2842,6371
19174,6372
19777,6373
17416,6374
8679,6375
7635,6376
4339,6377
8333,6378
16698,6379
1773,6380
18131,6381
11044,6382
5162,6383
18118,6384
1477,6385
19534,6386
12914,6387
16759,6388
4988,6389
19023,6390
17327,6391
12055,6392
13425,6393
11172,6394
12136,6395
1022,6396
3654,6397
2296,6398
11919,6399
19156,6400
17863,6401
8599,6402
5104,6403
9336,6404
12370,6405
14191,6406
11219,6407
1383,6408
3313,6409
18270,6410
9230,6411
17675,6412
12029,6413
10289,6414
3037,6415
17351,6416
2287,6417
14354,6418
19780,6419
3771,6420
10626,6421
17223,6422
20340,6423
11243,6424
13628,6425
10621,6426
1403,6427
6621,6428
9902,6429
7133,6430
13636,6431
6854,6432
2500,6433
14445,6434
16530,6435
16620,6436
5966,6437
9907,6438
12085,6439
9609,6440
6576,6441
9428,6442
18924,6443
16459,6444
3675,6445
2045,6446
15004,6447
13614,6448
3357,6449
6686,6450
11305,6451
17142,6452
7388,6453
7500,6454
1259,6455
11248,6456
3007,6457
5055,6458
2105,6459
2861,6460
7536,6461
9513,6462
9458,6463
6102,6464
1819,6465
13051,6466
15346,6467
2350,6468
2985,6469
10241,6470
8766,6471
2214,6472
11412,6473
15140,6474
13031,6475
14140,6476
18899,6477
8570,6478
14023,6479
7410,6480
13920,6481
18091,6482
17749,6483
833,6484
16874,6485
6774,6486
9146,6487
18053,6488
20302,6489
19702,6490
12817,6491
1341,6492
20223,6493
18871,6494
15462,6495
15841,6496
3854,6497
10459,6498
1613,6499
5874,6500
9119,6501
16027,6502
829,6503
11223,6504
3265,6505
11512,6506
1313,6507
11952,6508
12629,6509
9424,6510
16397,6511
7434,6512
3694,6513
9456,6514
3797,6515
18361,6516
18964,6517
13226,6518
14629,6519
4419,6520
11936,6521
9429,6522
19268,6523
19628,6524
6787,6525
8581,6526
13427,6527
3714,6528
14022,6529
15058,6530
3055,6531
828,6532
13647,6533
15825,6534
8673,6535
13065,6536
17959,6537
6811,6538
12908,6539
14531,6540
1565,6541
3663,6542
1743,6543
5505,6544
16561,6545
4357,6546
3811,6547
6553,6548
13041,6549
3901,6550
9205,6551
4363,6552
15776,6553
12315,6554
8128,6555
8765,6556
13145,6557
13840,6558
12454,6559
6426,6560
7983,6561
7764,6562
11804,6563
2089,6564
11333,6565
8515,6566
5521,6567
12744,6568
15692,6569
2594,6570
11518,6571
17090,6572
7180,6573
12603,6574
12311,6575
17460,6576
17601,6577
19276,6578
19882,6579
2201,6580
6427,6581
6580,6582
7790,6583
847,6584
9080,6585
9122,6586
9911,6587
13426,6588
5443,6589
1770,6590
10908,6591
19219,6592
4595,6593
2762,6594
15552,6595
6457,6596
4632,6597
6502,6598
17449,6599
1008,6600
4671,6601
19300,6602
6517,6603
19309,6604
17479,6605
15644,6606
4706,6607
8399,6608
2873,6609
2874,6610
19347,6611
4721,6612
17509,6613
19353,6614
15330,6615
15933,6616
16237,6617
1363,6618
6571,6619
17517,6620
8424,6621
15681,6622
6592,6623
2912,6624
4758,6625
4762,6626
10173,6627
19400,6628
19401,6629
17565,6630
2937,6631
10329,6632
9659,6633
13891,6634
8231,6635
4022,6636
17609,6637
2982,6638
17624,6639
15799,6640
15809,6641
1028,6642
12124,6643
17656,6644
15814,6645
858,6646
6755,6647
10341,6648
15873,6649
15876,6650
6783,6651
1038,6652
12229,6653
14084,6654
17787,6655
5005,6656
16058,6657
10533,6658
3301,6659
14257,6660
14267,6661
19843,6662
3382,6663
16187,6664
12511,6665
19893,6666
10677,6667
3437,6668
1807,6669
19930,6670
18097,6671
18100,6672
5321,6673
9013,6674
9019,6675
5336,6676
9050,6677
19994,6678
3530,6679
16331,6680
9081,6681
9091,6682
16363,6683
20051,6684
9110,6685
14527,6686
14528,6687
18216,6688
18221,6689
18222,6690
14538,6691
18231,6692
14548,6693
14561,6694
14569,6695
3631,6696
18263,6697
16420,6698
10897,6699
14584,6700
9172,6701
5490,6702
10904,6703
1275,6704
14599,6705
16477,6706
14642,6707
10959,6708
3707,6709
20187,6710
7402,6711
10975,6712
7421,6713
12836,6714
5585,6715
10997,6716
14697,6717
929,6718
12864,6719
11031,6720
14737,6721
12901,6722
7496,6723
16605,6724
11076,6725
20300,6726
11091,6727
18480,6728
12966,6729
18515,6730
7578,6731
12992,6732
16747,6733
13066,6734
5822,6735
3982,6736
2158,6737
14949,6738
11269,6739
2181,6740
16812,6741
7720,6742
7725,6743
2230,6744
4086,6745
1504,6746
4104,6747
16897,6748
4112,6749
7818,6750
9662,6751
18774,6752
16942,6753
18790,6754
1695,6755
18795,6756
11443,6757
18863,6758
1518,6759
7940,6760
11516,6761
13371,6762
7965,6763
2442,6764
15230,6765
17086,6766
9835,6767
15258,6768
13437,6769
15295,6770
15307,6771
11622,6772
4374,6773
4388,6774
19048,6775
15391,6776
17235,6777
8166,6778
11791,6779
4586,6780
10062,6781
1548,6782
9102,6783
17473,6784
12780,6785
14577,6786
9649,6787
16909,6788
3999,6789
9601,6790
1405,6791
6760,6792
13499,6793
17457,6794
18642,6795
19242,6796
12036,6797
2597,6798
2273,6799
16916,6800
11096,6801
10185,6802
18238,6803
2238,6804
4730,6805
9103,6806
11528,6807
3416,6808
4018,6809
12656,6810
6901,6811
15726,6812
16335,6813
16904,6814
5776,6815
7918,6816
9737,6817
18821,6818
4894,6819
17527,6820
18682,6821
5363,6822
14602,6823
19917,6824
7128,6825
11265,6826
18132,6827
8936,6828
980,6829
8934,6830
2672,6831
14643,6832
1615,6833
10417,6834
4045,6835
6480,6836
962,6837
10432,6838
3331,6839
3293,6840
10579,6841
18804,6842
8106,6843
19295,6844
16367,6845
4060,6846
10849,6847
8855,6848
1547,6849
3212,6850
14712,6851
4862,6852
5605,6853
18727,6854
17760,6855
4554,6856
7478,6857
7137,6858
18652,6859
10371,6860
6879,6861
16830,6862
8799,6863
2887,6864
18241,6865
13439,6866
7829,6867
3984,6868
13992,6869
988,6870
16476,6871
13344,6872
7661,6873
19769,6874
10171,6875
5201,6876
13461,6877
10364,6878
12878,6879
6425,6880
12153,6881
5824,6882
4093,6883
7219,6884
15775,6885
17988,6886
5340,6887
15850,6888
11695,6889
12302,6890
3330,6891
7569,6892
1688,6893
18850,6894
4668,6895
5250,6896
9342,6897
9641,6898
9663,6899
10487,6900
5616,6901
19314,6902
6607,6903
5020,6904
7299,6905
10757,6906
5929,6907
16358,6908
12214,6909
12821,6910
13872,6911
10182,6912
13643,6913
12815,6914
12207,6915
4985,6916
9727,6917
7832,6918
3583,6919
11548,6920
8787,6921
3753,6922
12692,6923
19943,6924
12702,6925
3608,6926
18495,6927
11117,6928
3618,6929
5687,6930
17210,6931
12220,6932
18608,6933
11386,6934
12381,6935
19308,6936
19263,6937
11543,6938
14154,6939
14763,6940
15993,6941
17150,6942
1034,6943
9507,6944
12260,6945
2217,6946
2852,6947
8251,6948
3871,6949
19976,6950
4572,6951
2126,6952
884,6953
19454,6954
11109,6955
6332,6956
8823,6957
6498,6958
13994,6959
19913,6960
5309,6961
12850,6962
1339,6963
9800,6964
10470,6965
16826,6966
6291,6967
13532,6968
10440,6969
13421,6970
14037,6971
17452,6972
17027,6973
15021,6974
16392,6975
12728,6976
12120,6977
2692,6978
4460,6979
16456,6980
19897,6981
15749,6982
17486,6983
18192,6984
2876,6985
7456,6986
14209,6987
14227,6988
15906,6989
7926,6990
19514,6991
1050,6992
15426,6993
6665,6994
12293,6995
5245,6996
8439,6997
18103,6998
14632,6999
15280,7000
11585,7001
4005,7002
12915,7003
1728,7004
19865,7005
5117,7006
1453,7007
12514,7008
11637,7009
1654,7010
19284,7011
9732,7012
17489,7013
18080,7014
4111,7015
12721,7016
19345,7017
5212,7018
6408,7019
7302,7020
874,7021
18220,7022
8804,7023
14009,7024
18124,7025
15006,7026
17491,7027
18340,7028
5682,7029
13669,7030
15844,7031
8419,7032
16957,7033
18017,7034
8768,7035
18697,7036
20321,7037
870,7038
4968,7039
18127,7040
13195,7041
1160,7042
17492,7043
8372,7044
8846,7045
18159,7046
20039,7047
14036,7048
4590,7049
13393,7050
1623,7051
19623,7052
9795,7053
8471,7054
5799,7055
7709,7056
3489,7057
6594,7058
2209,7059
9519,7060
3534,7061
12163,7062
4680,7063
4077,7064
17979,7065
3245,7066
7797,7067
19825,7068
10503,7069
16953,7070
10962,7071
11566,7072
1423,7073
9526,7074
1551,7075
15792,7076
1019,7077
11576,7078
3850,7079
3208,7080
9760,7081
12999,7082
20215,7083
6253,7084
5390,7085
10944,7086
14429,7087
5145,7088
1265,7089
5291,7090
15224,7091
8610,7092
14217,7093
12359,7094
1040,7095
19675,7096
11615,7097
1267,7098
3567,7099
7045,7100
7288,7101
11266,7102
19657,7103
14851,7104
19082,7105
1670,7106
7071,7107
12868,7108
15795,7109
18502,7110
5172,7111
15242,7112
15743,7113
13395,7114
19318,7115
4710,7116
4742,7117
12430,7118
7838,7119
17422,7120
8966,7121
14502,7122
14505,7123
1463,7124
19815,7125
7002,7126
2600,7127
11263,7128
18258,7129
15762,7130
19879,7131
15727,7132
972,7133
16197,7134
9864,7135
13583,7136
17813,7137
2177,7138
11230,7139
18594,7140
6518,7141
3559,7142
9713,7143
4538,7144
10855,7145
6942,7146
5932,7147
18737,7148
18137,7149
18510,7150
20335,7151
13757,7152
14936,7153
2294,7154
3950,7155
2806,7156
1570,7157
2796,7158
11043,7159
18694,7160
18846,7161
6239,7162
6996,7163
3701,7164
13365,7165
8680,7166
5810,7167
9238,7168
17848,7169
16907,7170
5736,7171
17400,7172
6971,7173
15308,7174
11100,7175
10235,7176
15024,7177
13383,7178
12042,7179
12057,7180
13338,7181
11054,7182
16410,7183
18033,7184
17562,7185
4715,7186
914,7187
7470,7188
3902,7189
20313,7190
12409,7191
728,7192
19925,7193
7439,7194
1544,7195
11075,7196
17066,7197
4607,7198
1523,7199
7594,7200
8822,7201
19700,7202
7881,7203
12127,7204
18391,7205
8303,7206
19182,7207
7674,7208
3615,7209
16602,7210
16005,7211
16592,7212
16564,7213
19542,7214
5132,7215
17999,7216
14460,7217
10834,7218
7595,7219
9486,7220
15326,7221
11508,7222
19240,7223
4986,7224
14271,7225
17715,7226
6614,7227
7230,7228
13880,7229
12034,7230
17888,7231
2812,7232
5892,7233
10383,7234
19936,7235
1009,7236
12147,7237
12766,7238
1657,7239
4672,7240
16729,7241
16148,7242
894,7243
2099,7244
4847,7245
6864,7246
18193,7247
18292,7248
18414,7249
11869,7250
4759,7251
16468,7252
17391,7253
3243,7254
20308,7255
19966,7256
4509,7257
5641,7258
8578,7259
1625,7260
6182,7261
7839,7262
7209,7263
2133,7264
5783,7265
11157,7266
1428,7267
6340,7268
7166,7269
12117,7270
12725,7271
13249,7272
13836,7273
10385,7274
4919,7275
17825,7276
12969,7277
14141,7278
14767,7279
9012,7280
13807,7281
7540,7282
1295,7283
17919,7284
20056,7285
2015,7286
14167,7287
17135,7288
12062,7289
10823,7290
19339,7291
14057,7292
14067,7293
11143,7294
19722,7295
7027,7296
11006,7297
3043,7298
12591,7299
12213,7300
5784,7301
8387,7302
17440,7303
16632,7304
14897,7305
8059,7306
3891,7307
5710,7308
16716,7309
11125,7310
10562,7311
2079,7312
12434,7313
11883,7314
18045,7315
13845,7316
20182,7317
13107,7318
1496,7319
18664,7320
18675,7321
5891,7322
16851,7323
15017,7324
9607,7325
7768,7326
18712,7327
5935,7328
16888,7329
2264,7330
15080,7331
16941,7332
7866,7333
18839,7334
11468,7335
13366,7336
1521,7337
17083,7338
15243,7339
13408,7340
6180,7341
4340,7342
15302,7343
1350,7344
6254,7345
15352,7346
15379,7347
6314,7348
2636,7349
6451,7350
10022,7351
10059,7352
10067,7353
17443,7354
1750,7355
10129,7356
8887,7357
17557,7358
5798,7359
12772,7360
12775,7361
9668,7362
15540,7363
18308,7364
737,7365
9676,7366
13251,7367
16021,7368
5542,7369
1280,7370
18794,7371
15108,7372
6471,7373
2793,7374
18343,7375
11901,7376
17894,7377
6035,7378
13292,7379
15138,7380
11458,7381
5586,7382
3744,7383
11462,7384
19297,7385
19760,7386
1792,7387
14696,7388
7903,7389
9291,7390
14706,7391
19784,7392
4241,7393
16813,7394
1983,7395
1626,7396
14725,7397
11709,7398
17044,7399
12899,7400
10596,7401
4264,7402
15667,7403
16129,7404
20277,7405
9798,7406
18436,7407
15678,7408
12668,7409
5664,7410
15824,7411
16435,7412
15849,7413
13847,7414
9366,7415
7987,7416
15241,7417
18013,7418
13867,7419
16635,7420
13878,7421
12041,7422
10662,7423
9860,7424
6635,7425
9406,7426
1436,7427
1252,7428
12060,7429
19437,7430
10224,7431
13452,7432
1207,7433
6660,7434
9425,7435
5742,7436
14847,7437
10700,7438
19002,7439
8072,7440
8542,7441
9928,7442
2097,7443
16264,7444
10736,7445
16268,7446
1443,7447
16736,7448
3953,7449
19509,7450
3960,7451
6265,7452
6271,7453
6734,7454
5817,7455
1676,7456
9979,7457
2619,7458
4937,7459
6325,7460
14503,7461
6328,7462
12663,7463
4957,7464
5419,7465
16825,7466
19594,7467
2661,7468
11302,7469
7275,7470
5894,7471
6358,7472
4515,7473
13617,7474
18230,7475
4989,7476
14087,7477
2226,7478
6379,7479
15479,7480
17323,7481
6386,7482
6387,7483
17332,7484
17333,7485
19179,7486
15953,7487
4552,7488
13653,7489
15037,7490
13658,7491
14581,7492
20110,7493
9633,7494
19195,7495
3658,7496
6424,7497
4842,7498
11245,7499
7657,7500
11457,7501
9269,7502
14680,7503
15270,7504
15061,7505
10192,7506
4677,7507
19433,7508
20029,7509
16243,7510
3896,7511
15184,7512
16155,7513
9615,7514
8053,7515
16774,7516
14327,7517
18731,7518
1847,7519
11505,7520
10668,7521
15181,7522
9275,7523
3428,7524
7464,7525
695,7526
1023,7527
13055,7528
1888,7529
12510,7530
16346,7531
16229,7532
2622,7533
17239,7534
16117,7535
11064,7536
11668,7537
2316,7538
16482,7539
17071,7540
10679,7541
8704,7542
16778,7543
3726,7544
8029,7545
7260,7546
8098,7547
15605,7548
7752,7549
8062,7550
5052,7551
18434,7552
1175,7553
14125,7554
17207,7555
10277,7556
5430,7557
4303,7558
12675,7559
2683,7560
5904,7561
15177,7562
14586,7563
1134,7564
15286,7565
11761,7566
4980,7567
9267,7568
8088,7569
6329,7570
20031,7571
12795,7572
5665,7573
8044,7574
13441,7575
8770,7576
10060,7577
1823,7578
5557,7579
1904,7580
14307,7581
4829,7582
12943,7583
8093,7584
9431,7585
9883,7586
13231,7587
18048,7588
10747,7589
6627,7590
18195,7591
6443,7592
2638,7593
17070,7594
8466,7595
8662,7596
1169,7597
18554,7598
10745,7599
19135,7600
19813,7601
7024,7602
1798,7603
3090,7604
10362,7605
11507,7606
16993,7607
10752,7608
5142,7609
13229,7610
17384,7611
8748,7612
18307,7613
3679,7614
3681,7615
5987,7616
13711,7617
2310,7618
8302,7619
10029,7620
16481,7621
18331,7622
7852,7623
20176,7624
2326,7625
10966,7626
19721,7627
3715,7628
5572,7629
20201,7630
5576,7631
6038,7632
5580,7633
5581,7634
13305,7635
6516,7636
16539,7637
5600,7638
4222,7639
11480,7640
10098,7641
7458,7642
7463,7643
14718,7644
7468,7645
19343,7646
18886,7647
15668,7648
7035,7649
12456,7650
16619,7651
13857,7652
17544,7653
19387,7654
6147,7655
7993,7656
9837,7657
6612,7658
10641,7659
1479,7660
3391,7661
18021,7662
8925,7663
2033,7664
1296,7665
9392,7666
15730,7667
2488,7668
4332,7669
11590,7670
14827,7671
16672,7672
10686,7673
15304,7674
16690,7675
6214,7676
17618,7677
14854,7678
11176,7679
19939,7680
15331,7681
9926,7682
2092,7683
19026,7684
13500,7685
1167,7686
12132,7687
12595,7688
16743,7689
2115,7690
6731,7691
18604,7692
19990,7693
4440,7694
18161,7695
3074,7696
8606,7697
20009,7698
11259,7699
14026,7700
14494,7701
7239,7702
6781,7703
3104,7704
17736,7705
18199,7706
4954,7707
18672,7708
1176,7709
11300,7710
16835,7711
9129,7712
16852,7713
15008,7714
11786,7715
13632,7716
19625,7717
12713,7718
869,7719
2701,7720
2710,7721
3178,7722
12738,7723
5487,7724
19656,7725
6141,7726
10148,7727
11911,7728
12082,7729
19639,7730
5744,7731
8287,7732
8300,7733
8304,7734
8975,7735
19137,7736
11122,7737
17306,7738
1242,7739
12083,7740
11427,7741
17856,7742
6877,7743
3015,7744
10886,7745
15456,7746
19203,7747
9451,7748
3795,7749
17158,7750
17240,7751
17546,7752
18243,7753
3057,7754
7777,7755
11903,7756
10877,7757
15062,7758
2503,7759
19940,7760
13506,7761
18763,7762
19969,7763
6589,7764
10153,7765
17444,7766
18019,7767
9628,7768
13221,7769
13749,7770
9016,7771
11598,7772
16437,7773
19252,7774
7843,7775
9348,7776
10495,7777
19839,7778
4782,7779
9271,7780
939,7781
3515,7782
13979,7783
6794,7784
2463,7785
15134,7786
14542,7787
6364,7788
6320,7789
16910,7790
12646,7791
2351,7792
14833,7793
19342,7794
4350,7795
4535,7796
1803,7797
14472,7798
1467,7799
15115,7800
16414,7801
12194,7802
12898,7803
1545,7804
2540,7805
4090,7806
16297,7807
18144,7808
4057,7809
14348,7810
19361,7811
14816,7812
18008,7813
11482,7814
19800,7815
2722,7816
5996,7817
4573,7818
13414,7819
5497,7820
9053,7821
9803,7822
14322,7823
6243,7824
1192,7825
6641,7826
14874,7827
2467,7828
11438,7829
8083,7830
14158,7831
4205,7832
7329,7833
10490,7834
18844,7835
7126,7836
6108,7837
15597,7838
19690,7839
12673,7840
8869,7841
1602,7842
13120,7843
14850,7844
18836,7845
9353,7846
16688,7847
20092,7848
3938,7849
6228,7850
10422,7851
4252,7852
15959,7853
18429,7854
13893,7855
3098,7856
16749,7857
10796,7858
8729,7859
10044,7860
17434,7861
6511,7862
10200,7863
6972,7864
748,7865
6733,7866
15306,7867
6095,7868
8401,7869
9064,7870
9140,7871
8478,7872
17681,7873
10386,7874
6868,7875
10481,7876
6938,7877
10518,7878
17940,7879
7004,7880
10595,7881
7030,7882
7034,7883
18003,7884
18006,7885
7116,7886
10707,7887
10742,7888
7211,7889
10870,7890
7315,7891
7319,7892
10915,7893
7453,7894
18452,7895
7524,7896
14477,7897
9547,7898
8405,7899
11097,7900
12917,7901
11137,7902
11234,7903
1125,7904
18768,7905
7827,7906
7863,7907
18806,7908
7888,7909
18841,7910
19011,7911
11664,7912
11672,7913
8105,7914
11689,7915
14730,7916
11712,7917
4512,7918
6287,7919
15256,7920
1607,7921
4687,7922
12644,7923
8153,7924
2919,7925
11726,7926
11744,7927
11789,7928
19204,7929
11880,7930
8318,7931
8381,7932
19327,7933
8438,7934
8499,7935
19530,7936
19540,7937
8663,7938
1230,7939
8764,7940
12349,7941
12388,7942
19814,7943
8881,7944
8895,7945
12538,7946
12604,7947
12628,7948
1264,7949
9114,7950
9124,7951
9176,7952
20139,7953
20155,7954
924,7955
20190,7956
9427,7957
2056,7958
9434,7959
13006,7960
13110,7961
13165,7962
9697,7963
1333,7964
13331,7965
13351,7966
13380,7967
2484,7968
9863,7969
9904,7970
13559,7971
2656,7972
1365,7973
13811,7974
13828,7975
13910,7976
3029,7977
14002,7978
14014,7979
3077,7980
14024,7981
3088,7982
3140,7983
14110,7984
14193,7985
14218,7986
3344,7987
14342,7988
14417,7989
3513,7990
3544,7991
14489,7992
14524,7993
3584,7994
3684,7995
3724,7996
14709,7997
14856,7998
14886,7999
4019,8000
4107,8001
15077,8002
15163,8003
15226,8004
15263,8005
15287,8006
15545,8007
4807,8008
4832,8009
4885,8010
15836,8011
5163,8012
16312,8013
5407,8014
5474,8015
16422,8016
16441,8017
5992,8018
16948,8019
6020,8020
17002,8021
17048,8022
17056,8023
6157,8024
6168,8025
6174,8026
17161,8027
6390,8028
10063,8029
15787,8030
11669,8031
16706,8032
845,8033
14098,8034
7969,8035
4981,8036
9811,8037
18139,8038
19704,8039
9067,8040
15865,8041
5312,8042
6581,8043
8262,8044
16209,8045
903,8046
5954,8047
9998,8048
1010,8049
5831,8050
12251,8051
13972,8052
15744,8053
16450,8054
6561,8055
7949,8056
6487,8057
6189,8058
8604,8059
12420,8060
10891,8061
13412,8062
17594,8063
5832,8064
6420,8065
18851,8066
19914,8067
5298,8068
10360,8069
9690,8070
15078,8071
7581,8072
17266,8073
12383,8074
13046,8075
14608,8076
16464,8077
11864,8078
16336,8079
11947,8080
8339,8081
12736,8082
9574,8083
6267,8084
18767,8085
6361,8086
8222,8087
18689,8088
12130,8089
11522,8090
12367,8091
17719,8092
18324,8093
18973,8094
19597,8095
12270,8096
14133,8097
19804,8098
2955,8099
4230,8100
8462,8101
14070,8102
1815,8103
13630,8104
12560,8105
13156,8106
5864,8107
6072,8108
18297,8109
19550,8110
6414,8111
18111,8112
19344,8113
1522,8114
7938,8115
19083,8116
17669,8117
2727,8118
1866,8119
3716,8120
6065,8121
6029,8122
11625,8123
18254,8124
8755,8125
18457,8126
7555,8127
5657,8128
1568,8129
16284,8130
2923,8131
6567,8132
12005,8133
1900,8134
9028,8135
13730,8136
6644,8137
17850,8138
2933,8139
9192,8140
16775,8141
732,8142
14915,8143
13582,8144
10384,8145
17062,8146
2244,8147
2942,8148
5777,8149
6412,8150
7771,8151
17885,8152
4183,8153
15153,8154
6356,8155
11484,8156
16250,8157
3145,8158
6689,8159
10101,8160
1185,8161
5975,8162
13379,8163
15010,8164
20046,8165
15320,8166
792,8167
5666,8168
11655,8169
4947,8170
3507,8171
2522,8172
8009,8173
13512,8174
7264,8175
12355,8176
15344,8177
17732,8178
2991,8179
10484,8180
3703,8181
1039,8182
15129,8183
18261,8184
2879,8185
7043,8186
8434,8187
13822,8188
11569,8189
12842,8190
2141,8191
3369,8192
4674,8193
6440,8194
8431,8195
876,8196
14063,8197
16484,8198
8693,8199
9785,8200
16488,8201
16572,8202
4815,8203
14760,8204
15963,8205
9560,8206
6466,8207
14673,8208
18162,8209
13432,8210
11934,8211
15052,8212
1776,8213
6019,8214
917,8215
17010,8216
8430,8217
16136,8218
14470,8219
13885,8220
15051,8221
1336,8222
13384,8223
7786,8224
8449,8225
8720,8226
5504,8227
19810,8228
19122,8229
6709,8230
5890,8231
13672,8232
18908,8233
11659,8234
6726,8235
17305,8236
10583,8237
947,8238
20052,8239
5953,8240
19446,8241
13876,8242
8857,8243
17003,8244
18698,8245
13987,8246
14610,8247
2858,8248
10971,8249
12882,8250
17038,8251
8435,8252
19190,8253
16771,8254
7504,8255
17792,8256
7802,8257
8456,8258
18785,8259
7057,8260
11683,8261
2173,8262
11015,8263
11917,8264
12962,8265
14754,8266
20151,8267
2983,8268
5989,8269
6610,8270
13727,8271
3560,8272
14473,8273
11441,8274
3846,8275
19906,8276
3410,8277
5217,8278
10427,8279
17838,8280
18462,8281
18691,8282
7265,8283
12551,8284
3660,8285
7291,8286
19123,8287
13535,8288
2536,8289
12925,8290
15363,8291
12767,8292
18745,8293
16973,8294
10856,8295
6317,8296
6090,8297
1459,8298
18862,8299
10005,8300
13319,8301
9634,8302
11253,8303
13070,8304
5788,8305
18711,8306
16327,8307
20137,8308
5323,8309
1123,8310
16394,8311
4330,8312
10293,8313
17111,8314
17805,8315
2117,8316
8305,8317
11530,8318
8370,8319
6462,8320
20018,8321
19422,8322
19193,8323
2637,8324
3413,8325
11573,8326
3804,8327
5931,8328
9276,8329
17667,8330
19997,8331
4097,8332
3493,8333
9599,8334
2671,8335
2952,8336
10964,8337
11568,8338
8274,8339
7567,8340
7448,8341
8084,8342
8366,8343
19199,8344
19557,8345
2299,8346
8008,8347
2774,8348
6016,8349
18907,8350
1440,8351
14562,8352
10731,8353
11037,8354
12751,8355
14143,8356
19323,8357
2872,8358
5299,8359
5941,8360
13063,8361
16971,8362
19841,8363
3713,8364
11318,8365
16983,8366
10453,8367
19070,8368
4343,8369
2903,8370
1768,8371
11961,8372
15561,8373
6663,8374
20337,8375
15748,8376
13397,8377
15179,8378
15072,8379
4502,8380
17092,8381
3547,8382
6403,8383
18749,8384
5786,8385
7140,8386
12690,8387
14499,8388
15688,8389
18002,8390
4551,8391
7874,8392
8312,8393
10965,8394
14656,8395
4683,8396
11696,8397
14130,8398
2557,8399
3193,8400
6697,8401
7318,8402
10361,8403
9137,8404
4525,8405
17576,8406
14029,8407
2609,8408
2818,8409
2687,8410
2865,8411
17060,8412
19065,8413
10715,8414
3690,8415
4372,8416
10498,8417
12118,8418
10958,8419
17174,8420
19685,8421
10358,8422
12095,8423
14159,8424
1754,8425
13933,8426
19669,8427
19296,8428
3921,8429
9059,8430
9810,8431
11069,8432
11058,8433
8856,8434
16183,8435
14436,8436
9934,8437
7171,8438
7793,8439
19384,8440
7686,8441
11079,8442
1543,8443
15643,8444
11733,8445
11358,8446
11385,8447
19737,8448
11367,8449
15556,8450
19742,8451
10201,8452
15150,8453
16670,8454
6346,8455
14195,8456
12984,8457
15040,8458
10688,8459
8926,8460
15504,8461
16110,8462
9106,8463
6715,8464
4959,8465
19460,8466
2729,8467
16677,8468
18001,8469
7176,8470
16847,8471
7974,8472
11164,8473
3911,8474
7392,8475
4724,8476
13919,8477
14039,8478
13227,8479
10947,8480
17130,8481
17772,8482
20050,8483
3036,8484
4302,8485
10318,8486
13381,8487
4596,8488
5526,8489
9701,8490
8908,8491
20268,8492
3633,8493
17082,8494
13983,8495
16113,8496
5792,8497
15234,8498
19066,8499
8365,8500
8078,8501
12020,8502
2559,8503
8446,8504
4324,8505
3332,8506
6133,8507
17985,8508
6284,8509
13689,8510
12502,8511
9143,8512
17006,8513
17590,8514
953,8515
10414,8516
8526,8517
2222,8518
14249,8519
18046,8520
5527,8521
11047,8522
6617,8523
3586,8524
13131,8525
12485,8526
7042,8527
8550,8528
12590,8529
11983,8530
12572,8531
14935,8532
8107,8533
1250,8534
14391,8535
10112,8536
12624,8537
12343,8538
13561,8539
17737,8540
9900,8541
19187,8542
11092,8543
13899,8544
13922,8545
1104,8546
13256,8547
10206,8548
17997,8549
14710,8550
921,8551
19752,8552
3926,8553
5719,8554
16596,8555
5801,8556
2830,8557
8634,8558
13935,8559
12777,8560
18494,8561
20149,8562
17025,8563
17049,8564
4274,8565
9211,8566
19378,8567
6956,8568
3229,8569
4164,8570
13949,8571
13349,8572
10205,8573
8396,8574
10480,8575
12887,8576
15265,8577
18447,8578
5779,8579
12602,8580
7472,8581
15659,8582
14459,8583
15071,8584
1990,8585
13731,8586
14575,8587
17080,8588
3626,8589
2077,8590
15501,8591
13154,8592
2303,8593
2345,8594
17729,8595
9886,8596
17413,8597
9553,8598
15408,8599
20244,8600
4727,8601
15110,8602
13325,8603
15200,8604
13419,8605
7912,8606
18523,8607
12930,8608
18952,8609
4784,8610
6244,8611
1240,8612
20222,8613
19766,8614
1761,8615
19364,8616
15081,8617
20342,8618
11379,8619
7806,8620
12079,8621
2060,8622
10315,8623
5568,8624
1964,8625
19563,8626
19494,8627
2057,8628
16556,8629
19306,8630
19901,8631
5109,8632
7522,8633
2915,8634
3731,8635
5971,8636
7195,8637
6376,8638
15572,8639
17742,8640
15704,8641
15983,8642
12122,8643
15950,8644
13860,8645
8028,8646
20002,8647
11945,8648
5406,8649
20147,8650
19767,8651
18520,8652
15505,8653
4261,8654
6973,8655
17243,8656
11256,8657
8158,8658
13697,8659
4597,8660
13688,8661
5368,8662
2022,8663
7889,8664
10336,8665
1636,8666
6477,8667
1665,8668
12058,8669
13374,8670
12360,8671
8976,8672
19108,8673
1015,8674
1490,8675
3966,8676
8386,8677
6014,8678
7208,8679
16804,8680
5118,8681
2571,8682
3947,8683
15793,8684
18546,8685
13635,8686
19958,8687
18591,8688
2348,8689
9848,8690
12110,8691
18372,8692
12210,8693
15839,8694
18736,8695
19588,8696
15720,8697
16423,8698
1659,8699
18827,8700
4713,8701
908,8702
17583,8703
19736,8704
17186,8705
8172,8706
12187,8707
15915,8708
5348,8709
13431,8710
9437,8711
5066,8712
11577,8713
10504,8714
4967,8715
19038,8716
7072,8717
11373,8718
15547,8719
17257,8720
16286,8721
18488,8722
4135,8723
4336,8724
12281,8725
15131,8726
3718,8727
9004,8728
14817,8729
19842,8730
16049,8731
6897,8732
4344,8733
16099,8734
12546,8735
8173,8736
2343,8737
11602,8738
909,8739
5075,8740
14264,8741
14216,8742
2862,8743
9708,8744
16702,8745
2891,8746
17415,8747
14873,8748
7063,8749
5737,8750
13703,8751
3486,8752
5335,8753
8337,8754
4647,8755
8248,8756
9515,8757
13702,8758
18088,8759
4875,8760
17720,8761
8919,8762
16946,8763
9240,8764
9714,8765
5135,8766
2675,8767
17085,8768
3552,8769
17055,8770
19764,8771
6898,8772
3641,8773
12100,8774
14960,8775
16168,8776
12682,8777
14993,8778
2458,8779
8949,8780
4246,8781
9145,8782
9722,8783
2288,8784
9057,8785
7198,8786
6572,8787
9916,8788
3759,8789
13004,8790
2631,8791
18281,8792
15696,8793
19039,8794
11001,8795
2272,8796
11826,8797
9009,8798
17011,8799
2293,8800
18226,8801
3536,8802
16999,8803
12846,8804
15694,8805
1671,8806
18648,8807
8331,8808
965,8809
16634,8810
13953,8811
8433,8812
18290,8813
16534,8814
14028,8815
18542,8816
17540,8817
2950,8818
9249,8819
9766,8820
13633,8821
14589,8822
13664,8823
13955,8824
12097,8825
13182,8826
6977,8827
17532,8828
18273,8829
12889,8830
16969,8831
17201,8832
5460,8833
16253,8834
20188,8835
2772,8836
2478,8837
17744,8838
15832,8839
19080,8840
11476,8841
15083,8842
2556,8843
3374,8844
9100,8845
16232,8846
12858,8847
5691,8848
6432,8849
4503,8850
13568,8851
6355,8852
16213,8853
19878,8854
2767,8855
7670,8856
2225,8857
16282,8858
13929,8859
4531,8860
2024,8861
5876,8862
15765,8863
5064,8864
4684,8865
15962,8866
5171,8867
16872,8868
11268,8869
4034,8870
19130,8871
13644,8872
19393,8873
2834,8874
897,8875
8313,8876
7009,8877
7647,8878
13469,8879
19903,8880
4115,8881
5853,8882
9702,8883
16137,8884
10051,8885
8532,8886
10327,8887
11228,8888
5199,8889
2103,8890
18975,8891
5462,8892
4861,8893
18986,8894
5753,8895
10932,8896
5208,8897
2070,8898
12239,8899
19823,8900
1035,8901
19248,8902
2770,8903
1600,8904
19591,8905
20189,8906
6986,8907
9096,8908
16393,8909
1245,8910
6605,8911
10351,8912
2719,8913
15436,8914
2409,8915
2198,8916
3878,8917
2845,8918
19795,8919
13291,8920
1061,8921
12460,8922
4099,8923
12148,8924
19750,8925
11249,8926
1765,8927
12515,8928
15997,8929
15907,8930
1919,8931
6967,8932
11435,8933
14416,8934
817,8935
1821,8936
7261,8937
15201,8938
19674,8939
18506,8940
7794,8941
17523,8942
12457,8943
2789,8944
9579,8945
8208,8946
2385,8947
16398,8948
6682,8949
9687,8950
4094,8951
10357,8952
17519,8953
16933,8954
15467,8955
1649,8956
2395,8957
5226,8958
18352,8959
5702,8960
14471,8961
5743,8962
2393,8963
10888,8964
14291,8965
18165,8966
16767,8967
5745,8968
17683,8969
10372,8970
15811,8971
9974,8972
20071,8973
808,8974
10035,8975
5583,8976
12224,8977
4983,8978
10942,8979
8001,8980
12752,8981
3400,8982
6932,8983
16298,8984
11011,8985
19963,8986
16731,8987
17321,8988
767,8989
15648,8990
1881,8991
5334,8992
2304,8993
1408,8994
17180,8995
14262,8996
15845,8997
7716,8998
14614,8999
7482,9000
3904,9001
14738,9002
14194,9003
11646,9004
13998,9005
16600,9006
19802,9007
4895,9008
19508,9009
20104,9010
9850,9011
2415,9012
3258,9013
2602,9014
1239,9015
2485,9016
14741,9017
19183,9018
11766,9019
19503,9020
6148,9021
9056,9022
15534,9023
20164,9024
13261,9025
4010,9026
10865,9027
18020,9028
18325,9029
2243,9030
4626,9031
20286,9032
16792,9033
6293,9034
8700,9035
11487,9036
2200,9037
15570,9038
16416,9039
14722,9040
20116,9041
1189,9042
4556,9043
6114,9044
9372,9045
11618,9046
10876,9047
2875,9048
3325,9049
9767,9050
4578,9051
11617,9052
19366,9053
19416,9054
14088,9055
17458,9056
6912,9057
12277,9058
9229,9059
17283,9060
12508,9061
2938,9062
5534,9063
15411,9064
16652,9065
19555,9066
7586,9067
4522,9068
1171,9069
20037,9070
4642,9071
6085,9072
2698,9073
12305,9074
10573,9075
16188,9076
17461,9077
1058,9078
5434,9079
8620,9080
9281,9081
19475,9082
10071,9083
3961,9084
14622,9085
8584,9086
17847,9087
18363,9088
18770,9089
4810,9090
12258,9091
13346,9092
18472,9093
2987,9094
4148,9095
4211,9096
20069,9097
8850,9098
9193,9099
19071,9100
8027,9101
4565,9102
11942,9103
7526,9104
13873,9105
4408,9106
2148,9107
3764,9108
9181,9109
2320,9110
7624,9111
17757,9112
6464,9113
10441,9114
16460,9115
7244,9116
7444,9117
10046,9118
12219,9119
7855,9120
13753,9121
18246,9122
2405,9123
8759,9124
6110,9125
5082,9126
14447,9127
3320,9128
7181,9129
786,9130
15731,9131
17219,9132
17871,9133
11501,9134
10645,9135
17766,9136
20174,9137
16100,9138
7519,9139
7395,9140
4516,9141
4036,9142
1377,9143
11698,9144
3359,9145
10917,9146
7217,9147
17725,9148
1480,9149
16518,9150
2702,9151
2518,9152
11735,9153
11747,9154
11907,9155
17182,9156
20109,9157
18451,9158
17251,9159
16707,9160
11240,9161
11730,9162
1724,9163
3607,9164
4811,9165
11896,9166
13105,9167
11060,9168
19067,9169
2118,9170
6048,9171
10418,9172
4269,9173
14540,9174
16069,9175
7083,9176
10183,9177
1793,9178
1621,9179
13510,9180
15291,9181
2699,9182
8205,9183
17945,9184
10724,9185
3491,9186
9779,9187
12254,9188
9422,9189
2573,9190
4638,9191
5042,9192
6300,9193
12317,9194
15616,9195
8276,9196
11802,9197
11753,9198
19230,9199
11624,9200
12729,9201
17471,9202
19429,9203
7183,9204
7812,9205
14230,9206
11282,9207
11885,9208
14574,9209
15322,9210
6091,9211
2064,9212
6710,9213
9802,9214
17037,9215
10606,9216
15932,9217
13042,9218
19054,9219
19516,9220
20088,9221
16645,9222
13652,9223
20102,9224
11778,9225
4212,9226
11824,9227
15399,9228
11293,9229
12500,9230
8939,9231
11161,9232
14547,9233
19321,9234
12647,9235
11782,9236
15086,9237
18010,9238
6708,9239
5233,9240
8847,9241
2074,9242
1390,9243
6058,9244
1532,9245
19126,9246
895,9247
11085,9248
15293,9249
11657,9250
11051,9251
1054,9252
18635,9253
775,9254
7284,9255
16689,9256
1099,9257
8206,9258
2187,9259
14075,9260
19480,9261
11769,9262
12345,9263
14771,9264
17199,9265
1723,9266
19627,9267
17826,9268
14175,9269
16609,9270
17768,9271
18972,9272
2992,9273
14792,9274
20314,9275
16048,9276
15398,9277
11771,9278
13604,9279
16025,9280
19496,9281
20158,9282
11188,9283
11767,9284
15374,9285
18994,9286
2358,9287
2352,9288
3458,9289
6895,9290
12545,9291
10775,9292
10486,9293
18545,9294
16709,9295
10465,9296
13407,9297
15433,9298
8453,9299
19355,9300
13570,9301
18378,9302
18981,9303
13113,9304
14510,9305
5284,9306
4785,9307
18101,9308
18726,9309
11993,9310
4083,9311
16470,9312
9116,9313
13312,9314
20122,9315
776,9316
11454,9317
7021,9318
11764,9319
15167,9320
15779,9321
14576,9322
19911,9323
1629,9324
994,9325
19176,9326
9510,9327
13188,9328
11370,9329
9602,9330
8496,9331
14338,9332
11162,9333
11174,9334
13011,9335
13605,9336
14785,9337
1075,9338
7892,9339
12548,9340
15507,9341
14919,9342
15510,9343
17743,9344
15630,9345
13606,9346
16613,9347
1716,9348
20112,9349
3612,9350
7943,9351
8074,9352
5176,9353
13683,9354
866,9355
12382,9356
15338,9357
18909,9358
19576,9359
2357,9360
14071,9361
14705,9362
17615,9363
2850,9364
7114,9365
7740,9366
19543,9367
3340,9368
14623,9369
15751,9370
1616,9371
11336,9372
8529,9373
16720,9374
18517,9375
11324,9376
19005,9377
12826,9378
4161,9379
4291,9380
9645,9381
19832,9382
3688,9383
13718,9384
13734,9385
13736,9386
11927,9387
11939,9388
6535,9389
19324,9390
11971,9391
10149,9392
6584,9393
843,9394
6596,9395
8450,9396
2945,9397
12061,9398
17633,9399
19483,9400
14007,9401
15855,9402
3117,9403
4969,9404
15942,9405
10428,9406
17867,9407
19723,9408
10515,9409
3264,9410
17898,9411
17903,9412
12377,9413
3304,9414
12411,9415
14312,9416
16165,9417
14328,9418
14331,9419
16192,9420
7108,9421
7110,9422
12531,9423
12543,9424
8989,9425
10733,9426
3479,9427
19952,9428
18119,9429
14441,9430
12605,9431
7225,9432
20012,9433
3566,9434
14509,9435
5416,9436
12697,9437
7293,9438
9158,9439
9165,9440
3640,9441
14595,9442
9190,9443
20133,9444
12779,9445
12800,9446
3710,9447
1653,9448
14699,9449
9326,9450
20323,9451
11111,9452
20330,9453
11149,9454
16725,9455
2110,9456
14902,9457
14918,9458
9552,9459
13136,9460
13142,9461
13148,9462
18683,9463
11330,9464
18713,9465
11340,9466
18725,9467
15068,9468
1692,9469
5999,9470
13289,9471
4201,9472
2380,9473
4242,9474
2435,9475
11549,9476
9847,9477
4326,9478
2483,9479
1897,9480
13483,9481
13514,9482
17214,9483
11691,9484
13540,9485
13592,9486
11758,9487
17310,9488
15491,9489
15508,9490
13171,9491
12439,9492
2635,9493
7360,9494
5969,9495
15229,9496
4890,9497
15984,9498
12946,9499
4899,9500
941,9501
12549,9502
14329,9503
15214,9504
17596,9505
1774,9506
10064,9507
8928,9508
17412,9509
2815,9510
5349,9511
7851,9512
1485,9513
1685,9514
801,9515
14671,9516
16753,9517
2419,9518
2809,9519
13733,9520
12862,9521
3161,9522
5845,9523
16815,9524
15557,9525
20014,9526
14916,9527
14475,9528
11380,9529
4202,9530
11755,9531
1472,9532
16260,9533
17136,9534
951,9535
12741,9536
5243,9537
19198,9538
8360,9539
9227,9540
13132,9541
5501,9542
14555,9543
17122,9544
19485,9545
9839,9546
9572,9547
1406,9548
10267,9549
20141,9550
8944,9551
4103,9552
4606,9553
18832,9554
8292,9555
18887,9556
17331,9557
4123,9558
5740,9559
5806,9560
16616,9561
15791,9562
11943,9563
14921,9564
13549,9565
17707,9566
19751,9567
19650,9568
6301,9569
3996,9570
3396,9571
17481,9572
18578,9573
6905,9574
11850,9575
13654,9576
4602,9577
9821,9578
10491,9579
15065,9580
13978,9581
13318,9582
15404,9583
13743,9584
8403,9585
9448,9586
14482,9587
2341,9588
4800,9589
4873,9590
8545,9591
17036,9592
2290,9593
5553,9594
2180,9595
2203,9596
3426,9597
9912,9598
10930,9599
4475,9600
14077,9601
16338,9602
8341,9603
10339,9604
16304,9605
15717,9606
3327,9607
4488,9608
15562,9609
5401,9610
3511,9611
7729,9612
5358,9613
1711,9614
9677,9615
12566,9616
10632,9617
4170,9618
2379,9619
20334,9620
1586,9621
4543,9622
19262,9623
5168,9624
6869,9625
10356,9626
11514,9627
11120,9628
20090,9629
16858,9630
17061,9631
8927,9632
18560,9633
944,9634
13032,9635
17356,9636
17647,9637
6136,9638
19376,9639
9127,9640
4964,9641
819,9642
6650,9643
16378,9644
4200,9645
18282,9646
16531,9647
14624,9648
5031,9649
19095,9650
6929,9651
12991,9652
15973,9653
19505,9654
2356,9655
10951,9656
14678,9657
12384,9658
13595,9659
14774,9660
15956,9661
5507,9662
14571,9663
14861,9664
4108,9665
5256,9666
13013,9667
12613,9668
10225,9669
7913,9670
5475,9671
4953,9672
2838,9673
5752,9674
8356,9675
7862,9676
13887,9677
2314,9678
12665,9679
16911,9680
18160,9681
6434,9682
10323,9683
12312,9684
17556,9685
18075,9686
6413,9687
6479,9688
3450,9689
10390,9690
12876,9691
15272,9692
5908,9693
7668,9694
7804,9695
918,9696
11081,9697
12206,9698
13501,9699
13941,9700
14525,9701
15899,9702
2250,9703
5228,9704
8336,9705
937,9706
15637,9707
4924,9708
5488,9709
7705,9710
19250,9711
11933,9712
14909,9713
1130,9714
14060,9715
6002,9716
8377,9717
9738,9718
10374,9719
8376,9720
7603,9721
3269,9722
17816,9723
18634,9724
19232,9725
11803,9726
15686,9727
13497,9728
15532,9729
19973,9730
8464,9731
4928,9732
10099,9733
18883,9734
942,9735
5626,9736
8412,9737
18471,9738
723,9739
14247,9740
16663,9741
12436,9742
16638,9743
11232,9744
19660,9745
11827,9746
7870,9747
20260,9748
16142,9749
19768,9750
10425,9751
15994,9752
8585,9753
18421,9754
1929,9755
8963,9756
15914,9757
2944,9758
18153,9759
18684,9760
10771,9761
10821,9762
10489,9763
1785,9764
8361,9765
16914,9766
13498,9767
15278,9768
799,9769
15619,9770
20221,9771
886,9772
7575,9773
1988,9774
16325,9775
19955,9776
12069,9777
9653,9778
18849,9779
16972,9780
19870,9781
7044,9782
9066,9783
10389,9784
9720,9785
11057,9786
13490,9787
6534,9788
7039,9789
7173,9790
16944,9791
17073,9792
12814,9793
15281,9794
14534,9795
13931,9796
15289,9797
2885,9798
4628,9799
10335,9800
1573,9801
709,9802
5021,9803
17572,9804
2866,9805
10509,9806
6372,9807
8441,9808
13463,9809
20126,9810
6344,9811
16516,9812
13007,9813
17625,9814
17775,9815
6526,9816
19629,9817
1064,9818
6712,9819
13846,9820
5530,9821
1620,9822
19081,9823
5028,9824
8296,9825
9075,9826
20246,9827
9522,9828
16017,9829
18329,9830
19582,9831
20101,9832
18344,9833
15677,9834
18373,9835
11179,9836
12366,9837
16024,9838
17774,9839
19586,9840
17755,9841
20186,9842
6615,9843
11775,9844
20010,9845
10170,9846
2144,9847
15449,9848
10301,9849
12687,9850
18985,9851
1293,9852
6226,9853
6983,9854
18753,9855
1283,9856
15948,9857
5780,9858
2269,9859
1634,9860
11442,9861
8832,9862
9237,9863
9023,9864
11194,9865
15271,9866
16404,9867
16608,9868
10466,9869
1876,9870
7179,9871
9157,9872
15325,9873
9913,9874
15941,9875
6949,9876
19374,9877
9133,9878
3432,9879
8391,9880
12841,9881
13442,9882
15922,9883
4661,9884
16340,9885
12131,9886
9141,9887
4073,9888
2871,9889
9423,9890
16988,9891
4114,9892
9996,9893
7226,9894
1610,9895
15517,9896
6930,9897
13785,9898
16667,9899
18874,9900
6671,9901
11642,9902
12450,9903
12402,9904
9629,9905
12632,9906
5619,9907
17281,9908
20211,9909
10340,9910
1947,9911
1375,9912
16046,9913
15495,9914
12536,9915
13139,9916
4841,9917
14906,9918
19445,9919
3472,9920
7147,9921
7323,9922
7691,9923
18412,9924
13141,9925
15497,9926
13721,9927
4240,9928
6640,9929
6015,9930
14316,9931
13723,9932
12415,9933
5353,9934
12309,9935
2778,9936
4270,9937
14013,9938
7432,9939
17220,9940
4023,9941
6851,9942
13246,9943
14976,9944
5017,9945
846,9946
9426,9947
10093,9948
5307,9949
16224,9950
2616,9951
19267,9952
15246,9953
3317,9954
17910,9955
12468,9956
19478,9957
11264,9958
15816,9959
20331,9960
14148,9961
17824,9962
17508,9963
19131,9964
10011,9965
3573,9966
16452,9967
5240,9968
11022,9969
12833,9970
17679,9971
5260,9972
12740,9973
9806,9974
9095,9975
10820,9976
8760,9977
17972,9978
17012,9979
7856,9980
19473,9981
17688,9982
19044,9983
3386,9984
16599,9985
20156,9986
19718,9987
14163,9988
16604,9989
17183,9990
16044,9991
1144,9992
990,9993
11498,9994
9027,9995
9678,9996
711,9997
19506,9998
15417,9999
8186,10000
9670,10001
11513,10002
12769,10003
15137,10004
17017,10005
12936,10006
16246,10007
8245,10008
9857,10009
15094,10010
20047,10011
15566,10012
19733,10013
16167,10014
7821,10015
9707,10016
3119,10017
5087,10018
13946,10019
14893,10020
13754,10021
2930,10022
13594,10023
18345,10024
14813,10025
14185,10026
17139,10027
18923,10028
14944,10029
13001,10030
16922,10031
5945,10032
7278,10033
11464,10034
7591,10035
5106,10036
18595,10037
12050,10038
16827,10039
5122,10040
11660,10041
1970,10042
6961,10043
10410,10044
8260,10045
20170,10046
12686,10047
3008,10048
13663,10049
18301,10050
12440,10051
6025,10052
14258,10053
7017,10054
18189,10055
946,10056
12244,10057
2863,10058
7412,10059
17869,10060
20232,10061
5650,10062
8342,10063
2839,10064
15255,10065
15245,10066
10334,10067
6947,10068
13528,10069
17046,10070
19210,10071
19924,10072
2825,10073
9117,10074
1148,10075
4748,10076
2216,10077
5769,10078
13912,10079
14986,10080
2964,10081
1206,10082
10598,10083
8900,10084
4806,10085
17004,10086
5951,10087
18616,10088
18459,10089
9853,10090
13014,10091
4860,10092
17849,10093
19063,10094
18783,10095
13094,10096
5133,10097
5338,10098
14091,10099
2001,10100
19798,10101
6591,10102
2595,10103
19163,10104
14928,10105
20348,10106
4652,10107
18599,10108
16750,10109
12324,10110
9616,10111
16595,10112
10597,10113
17512,10114
10554,10115
15332,10116
9887,10117
836,10118
2175,10119
3747,10120
16551,10121
20120,10122
14235,10123
9492,10124
15215,10125
2204,10126
14665,10127
14654,10128
10612,10129
16965,10130
7157,10131
8465,10132
7683,10133
9966,10134
19328,10135
8454,10136
1475,10137
2211,10138
18720,10139
6128,10140
18541,10141
6124,10142
1595,10143
15571,10144
5446,10145
17588,10146
6578,10147
17614,10148
4278,10149
9619,10150
8554,10151
13465,10152
13903,10153
20159,10154
3944,10155
18942,10156
11466,10157
13493,10158
15838,10159
3477,10160
6853,10161
16240,10162
11710,10163
13940,10164
15853,10165
3474,10166
5439,10167
11098,10168
13484,10169
3518,10170
5149,10171
9030,10172
12569,10173
6247,10174
17470,10175
4318,10176
13080,10177
16926,10178
16280,10179
2810,10180
9438,10181
6068,10182
6692,10183
15893,10184
16081,10185
14469,10186
14452,10187
12568,10188
17678,10189
7048,10190
7779,10191
14016,10192
18227,10193
14126,10194
2736,10195
9078,10196
4734,10197
5516,10198
10988,10199
5715,10200
6753,10201
11571,10202
3965,10203
7656,10204
16463,10205
2336,10206
19477,10207
1622,10208
10521,10209
2309,10210
7382,10211
1001,10212
8104,10213
16067,10214
7419,10215
10673,10216
8894,10217
789,10218
19397,10219
4991,10220
2640,10221
19168,10222
16810,10223
1980,10224
11671,10225
15172,10226
13388,10227
18898,10228
17357,10229
16341,10230
18788,10231
8406,10232
18678,10233
18078,10234
6327,10235
16791,10236
4612,10237
11453,10238
19227,10239
16824,10240
14984,10241
11495,10242
14448,10243
6264,10244
14410,10245
16510,10246
15763,10247
13430,10248
15211,10249
1669,10250
6417,10251
17592,10252
19140,10253
18537,10254
17029,10255
17631,10256
1796,10257
7123,10258
1675,10259
7629,10260
16963,10261
4473,10262
3742,10263
2769,10264
5880,10265
8970,10266
13813,10267
14408,10268
17653,10269
7609,10270
19164,10271
1116,10272
5160,10273
17102,10274
2870,10275
8380,10276
12160,10277
8378,10278
10848,10279
6913,10280
1678,10281
2422,10282
16271,10283
14387,10284
17484,10285
5060,10286
10826,10287
4390,10288
1672,10289
18513,10290
10160,10291
17297,10292
19278,10293
11953,10294
15754,10295
18188,10296
10405,10297
17040,10298
19691,10299
2625,10300
6352,10301
4462,10302
1183,10303
12091,10304
12170,10305
16834,10306
19372,10307
2114,10308
5826,10309
8301,10310
9168,10311
14518,10312
16959,10313
16996,10314
5870,10315
16301,10316
1516,10317
11452,10318
5658,10319
12879,10320
7325,10321
6421,10322
6496,10323
3137,10324
18715,10325
8129,10326
9149,10327
7963,10328
4098,10329
11038,10330
9604,10331
11124,10332
12919,10333
14384,10334
7005,10335
3115,10336
7703,10337
14681,10338
19678,10339
7982,10340
1400,10341
8351,10342
2929,10343
18135,10344
19539,10345
8049,10346
7241,10347
11055,10348
12599,10349
14734,10350
16469,10351
2135,10352
4778,10353
19796,10354
4163,10355
15298,10356
8057,10357
7697,10358
2437,10359
5470,10360
15768,10361
18306,10362
13262,10363
1204,10364
19413,10365
3814,10366
14102,10367
12114,10368
13213,10369
4345,10370
11829,10371
18730,10372
1222,10373
12183,10374
5603,10375
7191,10376
1117,10377
4501,10378
4836,10379
18247,10380
16296,10381
8671,10382
2430,10383
16811,10384
8839,10385
13805,10386
13928,10387
15582,10388
20062,10389
2313,10390
2947,10391
3378,10392
3980,10393
13900,10394
12022,10395
14781,10396
15902,10397
19797,10398
2746,10399
10347,10400
1025,10401
10878,10402
13047,10403
7417,10404
16028,10405
10331,10406
15208,10407
1555,10408
1646,10409
5921,10410
6739,10411
3664,10412
7233,10413
3551,10414
15901,10415
11431,10416
3073,10417
11350,10418
14828,10419
17205,10420
3526,10421
1378,10422
15109,10423
15373,10424
2263,10425
7796,10426
11728,10427
7237,10428
16882,10429
1885,10430
10572,10431
11497,10432
12138,10433
15159,10434
15701,10435
17185,10436
18646,10437
8111,10438
6116,10439
17262,10440
18600,10441
12431,10442
12437,10443
12932,10444
1577,10445
18255,10446
2438,10447
6054,10448
7909,10449
19432,10450
4631,10451
18699,10452
9123,10453
3691,10454
14515,10455
2190,10456
2946,10457
6958,10458
18875,10459
11416,10460
7273,10461
7901,10462
16981,10463
1249,10464
14511,10465
16266,10466
16861,10467
17579,10468
19840,10469
19861,10470
20197,10471
7053,10472
14521,10473
6636,10474
17307,10475
3538,10476
14254,10477
16288,10478
4840,10479
798,10480
8207,10481
17806,10482
5209,10483
5210,10484
18388,10485
19015,10486
5297,10487
12037,10488
15323,10489
8818,10490
16082,10491
18991,10492
14255,10493
15764,10494
5902,10495
17259,10496
17845,10497
16351,10498
18005,10499
18958,10500
14189,10501
1916,10502
3806,10503
4410,10504
17612,10505
15082,10506
17365,10507
4039,10508
15146,10509
18191,10510
19986,10511
17406,10512
5663,10513
10349,10514
12202,10515
16413,10516
12810,10517
19481,10518
7274,10519
14554,10520
12288,10521
5203,10522
12896,10523
15721,10524
1557,10525
12278,10526
9712,10527
12886,10528
9672,10529
11049,10530
12869,10531
17408,10532
1370,10533
11613,10534
15551,10535
12790,10536
11881,10537
10037,10538
15575,10539
6027,10540
7413,10541
10524,10542
19285,10543
10531,10544
3741,10545
13762,10546
5611,10547
2391,10548
18865,10549
1656,10550
15647,10551
10580,10552
20279,10553
18468,10554
12021,10555
5231,10556
18953,10557
5249,10558
11121,10559
11128,10560
14376,10561
16683,10562
14379,10563
11160,10564
18555,10565
7155,10566
18099,10567
9003,10568
5319,10569
7169,10570
3943,10571
13508,10572
3027,10573
15817,10574
15820,10575
13988,10576
15370,10577
18598,10578
13538,10579
16764,10580
3527,10581
11704,10582
17695,10583
13553,10584
1033,10585
1817,10586
4021,10587
16355,10588
3571,10589
16817,10590
2194,10591
5426,10592
5433,10593
1133,10594
7789,10595
16426,10596
15056,10597
14139,10598
4124,10599
18759,10600
10376,10601
12757,10602
18109,10603
6850,10604
14724,10605
1096,10606
15185,10607
1698,10608
2331,10609
15635,10610
10163,10611
1243,10612
15114,10613
9868,10614
13403,10615
17115,10616
6849,10617
19185,10618
11965,10619
6437,10620
9681,10621
7599,10622
8204,10623
13038,10624
19029,10625
4819,10626
13780,10627
20138,10628
11628,10629
8279,10630
20025,10631
13676,10632
6542,10633
15106,10634
11389,10635
20226,10636
3204,10637
14136,10638
15522,10639
20281,10640
1722,10641
15361,10642
14564,10643
15857,10644
17101,10645
17420,10646
18848,10647
19220,10648
5749,10649
10937,10650
15314,10651
15885,10652
17753,10653
14670,10654
10994,10655
16466,10656
1691,10657
14630,10658
13447,10659
15312,10660
19142,10661
19946,10662
2798,10663
4365,10664
18593,10665
3253,10666
13022,10667
4717,10668
18395,10669
9195,10670
18869,10671
18268,10672
1013,10673
19983,10674
11437,10675
15260,10676
4154,10677
2324,10678
697,10679
5244,10680
13748,10681
14679,10682
6046,10683
3745,10684
7899,10685
8364,10686
6522,10687
13793,10688
20247,10689
7476,10690
15658,10691
4256,10692
7951,10693
4735,10694
17987,10695
15236,10696
13864,10697
18948,10698
14802,10699
14343,10700
13888,10701
19880,10702
8024,10703
11600,10704
8495,10705
8043,10706
5286,10707
6670,10708
11163,10709
19000,10710
2994,10711
16241,10712
17181,10713
2093,10714
4858,10715
6724,10716
15829,10717
11224,10718
10306,10719
3989,10720
1356,10721
14020,10722
815,10723
7700,10724
14035,10725
12200,10726
14062,10727
6813,10728
11303,10729
7280,10730
913,10731
5922,10732
18709,10733
19637,10734
17335,10735
18718,10736
4564,10737
9173,10738
12742,10739
11360,10740
18741,10741
5367,10742
6599,10743
1923,10744
19357,10745
10308,10746
6549,10747
6586,10748
18588,10749
2630,10750
18845,10751
19610,10752
932,10753
15931,10754
20198,10755
16517,10756
2373,10757
16238,10758
3861,10759
5362,10760
18722,10761
19320,10762
20032,10763
20322,10764
3473,10765
12689,10766
19436,10767
9258,10768
6415,10769
17680,10770
15923,10771
10353,10772
10494,10773
10600,10774
7100,10775
18141,10776
18269,10777
1110,10778
11159,10779
11178,10780
7639,10781
7641,10782
18686,10783
7858,10784
18828,10785
7925,10786
11538,10787
11594,10788
8169,10789
821,10790
11783,10791
19340,10792
19420,10793
8493,10794
19448,10795
8511,10796
19567,10797
19919,10798
9008,10799
12652,10800
9115,10801
20098,10802
12732,10803
20179,10804
9371,10805
13000,10806
13005,10807
13079,10808
9620,10809
2248,10810
9654,10811
9658,10812
9757,10813
9799,10814
13423,10815
13449,10816
13454,10817
13597,10818
13756,10819
14017,10820
3249,10821
3283,10822
3355,10823
3387,10824
3480,10825
14801,10826
3963,10827
15013,10828
4075,10829
4237,10830
15220,10831
15233,10832
15476,10833
1550,10834
15518,10835
4605,10836
4863,10837
1593,10838
16344,10839
5410,10840
16383,10841
16509,10842
16515,10843
5685,10844
16654,10845
16681,10846
5827,10847
5924,10848
16892,10849
6083,10850
17031,10851
17208,10852
6407,10853
7175,10854
6396,10855
7853,10856
985,10857
1484,10858
17421,10859
17563,10860
12947,10861
4349,10862
2122,10863
17390,10864
5965,10865
9851,10866
6693,10867
15261,10868
7495,10869
1287,10870
3578,10871
4157,10872
1563,10873
1673,10874
17347,10875
859,10876
3125,10877
7314,10878
19937,10879
5704,10880
12182,10881
5465,10882
15785,10883
7055,10884
8452,10885
2387,10886
10913,10887
14863,10888
11954,10889
2396,10890
20333,10891
10519,10892
12978,10893
9879,10894
16779,10895
9167,10896
10324,10897
10328,10898
16457,10899
15231,10900
14350,10901
16371,10902
12907,10903
3081,10904
14732,10905
4276,10906
2446,10907
7187,10908
3329,10909
13892,10910
11351,10911
10792,10912
11579,10913
6848,10914
14188,10915
2406,10916
17094,10917
12671,10918
16549,10919
19504,10920
14115,10921
19419,10922
2335,10923
14640,10924
17573,10925
18212,10926
7751,10927
11970,10928
19464,10929
2907,10930
7425,10931
19574,10932
20172,10933
13680,10934
2355,10935
3443,10936
19412,10937
3347,10938
7702,10939
7333,10940
2828,10941
3986,10942
6416,10943
8240,10944
15617,10945
16160,10946
15698,10947
12764,10948
8347,10949
17986,10950
9516,10951
8597,10952
13211,10953
2285,10954
17822,10955
8586,10956
6559,10957
3152,10958
14736,10959
2195,10960
1037,10961
11486,10962
17607,10963
6145,10964
17970,10965
17401,10966
722,10967
2532,10968
1741,10969
8455,10970
4070,10971
9118,10972
13495,10973
14093,10974
12710,10975
7589,10976
4689,10977
2695,10978
10274,10979
19875,10980
17545,10981
19172,10982
1305,10983
14109,10984
20065,10985
1097,10986
13936,10987
2718,10988
3928,10989
2300,10990
13290,10991
4850,10992
17922,10993
5694,10994
14740,10995
17418,10996
7935,10997
16739,10998
18860,10999
16754,11000
9219,11001
14708,11002
20015,11003
13545,11004
17212,11005
14215,11006
19604,11007
14639,11008
2327,11009
2961,11010
8924,11011
16796,11012
17488,11013
11866,11014
17242,11015
11236,11016
1734,11017
9734,11018
7184,11019
2457,11020
5978,11021
2153,11022
16273,11023
10906,11024
2759,11025
4041,11026
5865,11027
18440,11028
15253,11029
19333,11030
15538,11031
7185,11032
16923,11033
2516,11034
16508,11035
11620,11036
16172,11037
12280,11038
6770,11039
9480,11040
5967,11041
6501,11042
20249,11043
19754,11044
13303,11045
1410,11046
19280,11047
13306,11048
5049,11049
6172,11050
19793,11051
8998,11052
3349,11053
2049,11054
3464,11055
13980,11056
14275,11057
16520,11058
9984,11059
2904,11060
10270,11061
5803,11062
8923,11063
18996,11064
12319,11065
3659,11066
4696,11067
13589,11068
18370,11069
20019,11070
14467,11071
8479,11072
15870,11073
13372,11074
6744,11075
2124,11076
3439,11077
6491,11078
12996,11079
4925,11080
5850,11081
7734,11082
17973,11083
7531,11084
12289,11085
5346,11086
17005,11087
10990,11088
2498,11089
11014,11090
9148,11091
11308,11092
1760,11093
4583,11094
13542,11095
20282,11096
17575,11097
19749,11098
1466,11099
15577,11100
15796,11101
17616,11102
5813,11103
8246,11104
10457,11105
16267,11106
1749,11107
5444,11108
778,11109
6798,11110
15784,11111
16833,11112
17344,11113
11532,11114
11555,11115
16265,11116
18060,11117
19849,11118
2841,11119
5879,11120
8335,11121
9142,11122
19748,11123
2111,11124
7120,11125
10447,11126
9337,11127
12221,11128
20264,11129
17990,11130
10651,11131
3508,11132
1395,11133
10542,11134
11652,11135
18639,11136
18039,11137
5707,11138
9487,11139
13179,11140
13624,11141
1045,11142
9508,11143
8917,11144
7203,11145
17395,11146
7365,11147
4593,11148
19301,11149
13784,11150
1800,11151
4013,11152
6121,11153
15872,11154
16417,11155
11596,11156
14451,11157
7659,11158
13571,11159
12630,11160
15733,11161
17409,11162
12678,11163
3009,11164
10412,11165
1186,11166
10312,11167
13314,11168
18015,11169
19873,11170
5754,11171
7085,11172
9784,11173
14647,11174
8068,11175
10953,11176
12192,11177
18190,11178
3247,11179
10711,11180
8132,11181
12105,11182
19196,11183
6476,11184
19348,11185
978,11186
3334,11187
8889,11188
8324,11189
8408,11190
9170,11191
8731,11192
1021,11193
5202,11194
15846,11195
17514,11196
11405,11197
7707,11198
7078,11199
1445,11200
760,11201
6575,11202
4245,11203
14457,11204
20054,11205
5125,11206
16623,11207
1702,11208
8483,11209
7699,11210
17467,11211
18824,11212
9333,11213
12216,11214
12407,11215
12653,11216
15805,11217
9132,11218
7833,11219
15430,11220
5192,11221
2877,11222
11963,11223
4520,11224
14840,11225
3307,11226
13858,11227
8161,11228
15251,11229
17796,11230
6446,11231
16618,11232
5221,11233
5467,11234
907,11235
7094,11236
14618,11237
7723,11238
1438,11239
8211,11240
16061,11241
8393,11242
3942,11243
14025,11244
4886,11245
5371,11246
4585,11247
3979,11248
14891,11249
12024,11250
7025,11251
9029,11252
6918,11253
7580,11254
8423,11255
5200,11256
15593,11257
18789,11258
12179,11259
1889,11260
15823,11261
7163,11262
9293,11263
19867,11264
15238,11265
5276,11266
5081,11267
10042,11268
9069,11269
1066,11270
15124,11271
15579,11272
7073,11273
12715,11274
20027,11275
3621,11276
1226,11277
11214,11278
19443,11279
16465,11280
3844,11281
18260,11282
15028,11283
16617,11284
12589,11285
8363,11286
6359,11287
8328,11288
4265,11289
10931,11290
7298,11291
6899,11292
11299,11293
14449,11294
19559,11295
18585,11296
2242,11297
12923,11298
3866,11299
19492,11300
17465,11301
12747,11302
3419,11303
6429,11304
14508,11305
18138,11306
18605,11307
2231,11308
5781,11309
14797,11310
6175,11311
14161,11312
16127,11313
16760,11314
9695,11315
12265,11316
2721,11317
4178,11318
18791,11319
8007,11320
2150,11321
3393,11322
5290,11323
9652,11324
17581,11325
12856,11326
18072,11327
749,11328
1163,11329
9822,11330
11821,11331
14788,11332
15358,11333
18380,11334
7627,11335
11042,11336
9302,11337
16060,11338
17202,11339
15879,11340
10068,11341
2157,11342
6993,11343
18180,11344
19888,11345
6082,11346
4536,11347
5101,11348
8990,11349
4639,11350
11535,11351
916,11352
16076,11353
4773,11354
11470,11355
17738,11356
17343,11357
18249,11358
4102,11359
4610,11360
9906,11361
15428,11362
5763,11363
4853,11364
7339,11365
18814,11366
9261,11367
5804,11368
17236,11369
10692,11370
16738,11371
14751,11372
12641,11373
19159,11374
8697,11375
7826,11376
1908,11377
14592,11378
11580,11379
3576,11380
4179,11381
4725,11382
9402,11383
1095,11384
2784,11385
10825,11386
9834,11387
6588,11388
10857,11389
5693,11390
1601,11391
17475,11392
1427,11393
7844,11394
1069,11395
19043,11396
9505,11397
9412,11398
18093,11399
1085,11400
12107,11401
15852,11402
17203,11403
1721,11404
14910,11405
7253,11406
16722,11407
15821,11408
9367,11409
1161,11410
11707,11411
12094,11412
17783,11413
18350,11414
2246,11415
12529,11416
13875,11417
3670,11418
10218,11419
13402,11420
14001,11421
8906,11422
1960,11423
16886,11424
5098,11425
11550,11426
16308,11427
4033,11428
17975,11429
9809,11430
15453,11431
17189,11432
15003,11433
7145,11434
9010,11435
14879,11436
10346,11437
2072,11438
10933,11439
12376,11440
18963,11441
11409,11442
5331,11443
7763,11444
969,11445
18213,11446
16427,11447
3968,11448
7690,11449
15386,11450
14363,11451
4121,11452
14895,11453
1272,11454
12717,11455
13313,11456
13823,11457
1048,11458
1446,11459
7326,11460
9094,11461
16890,11462
5962,11463
3270,11464
8749,11465
18693,11466
17253,11467
18632,11468
1651,11469
13725,11470
11327,11471
14768,11472
9379,11473
12493,11474
15490,11475
1612,11476
14746,11477
1364,11478
17446,11479
4555,11480
902,11481
10926,11482
9184,11483
13492,11484
6409,11485
7614,11486
15722,11487
19677,11488
17752,11489
6061,11490
15916,11491
19904,11492
17152,11493
5807,11494
3271,11495
2539,11496
11987,11497
11383,11498
12013,11499
5923,11500
7132,11501
7143,11502
15713,11503
4779,11504
4176,11505
6336,11506
738,11507
4604,11508
2151,11509
2785,11510
1426,11511
3862,11512
8250,11513
12474,11514
10409,11515
3517,11516
15341,11517
14821,11518
3907,11519
12626,11520
9833,11521
20028,11522
19111,11523
4506,11524
9554,11525
4956,11526
14192,11527
8311,11528
20022,11529
14351,11530
15951,11531
13081,11532
3214,11533
19541,11534
8973,11535
11720,11536
15629,11537
6891,11538
1016,11539
18758,11540
8942,11541
8892,11542
12150,11543
13078,11544
1643,11545
20219,11546
17790,11547
11828,11548
13586,11549
4225,11550
14183,11551
6681,11552
8469,11553
19584,11554
6057,11555
4011,11556
4616,11557
18040,11558
18640,11559
4646,11560
9250,11561
11863,11562
15485,11563
2066,11564
11723,11565
16744,11566
805,11567
4476,11568
20202,11569
16033,11570
19732,11571
11693,11572
11089,11573
10406,11574
11584,11575
7240,11576
6685,11577
19255,11578
1693,11579
18142,11580
18742,11581
13286,11582
5102,11583
19688,11584
15812,11585
2362,11586
7065,11587
16258,11588
19277,11589
13808,11590
15827,11591
12236,11592
15588,11593
2265,11594
15574,11595
3383,11596
16008,11597
18903,11598
9741,11599
2342,11600
14966,11601
12399,11602
10813,11603
19223,11604
13883,11605
11133,11606
15026,11607
5010,11608
19045,11609
1128,11610
4741,11611
14688,11612
16553,11613
18354,11614
4962,11615
18423,11616
10571,11617
17522,11618
17078,11619
15676,11620
1624,11621
17145,11622
20180,11623
9788,11624
14186,11625
16275,11626
16362,11627
2445,11628
14190,11629
16748,11630
11286,11631
17709,11632
3869,11633
11856,11634
10936,11635
2234,11636
2340,11637
9719,11638
11867,11639
3997,11640
19850,11641
9135,11642
9891,11643
18927,11644
19545,11645
2162,11646
7316,11647
18677,11648
14403,11649
12843,11650
3201,11651
12068,11652
6000,11653
7255,11654
16162,11655
795,11656
1529,11657
20243,11658
17079,11659
1839,11660
10082,11661
10214,11662
8524,11663
16679,11664
2972,11665
9759,11666
8134,11667
17188,11668
4089,11669
16455,11670
4856,11671
4251,11672
8717,11673
14132,11674
1236,11675
7201,11676
19727,11677
11926,11678
989,11679
13716,11680
11322,11681
11472,11682
4559,11683
6675,11684
6051,11685
4341,11686
11119,11687
19564,11688
11984,11689
10550,11690
2156,11691
12372,11692
16895,11693
12676,11694
15652,11695
9718,11696
7269,11697
7897,11698
15202,11699
1864,11700
15311,11701
15161,11702
1564,11703
13263,11704
10863,11705
18304,11706
12956,11707
8516,11708
2159,11709
11785,11710
19942,11711
7455,11712
11503,11713
15014,11714
19493,11715
20089,11716
11127,11717
1705,11718
1399,11719
12448,11720
13539,11721
5258,11722
9130,11723
16377,11724
15758,11725
18829,11726
12331,11727
13767,11728
15336,11729
7461,11730
13679,11731
17861,11732
7092,11733
10695,11734
17923,11735
16159,11736
15122,11737
2791,11738
11956,11739
17405,11740
4463,11741
2564,11742
1699,11743
5155,11744
7529,11745
4279,11746
15455,11747
7883,11748
6010,11749
16527,11750
15541,11751
1553,11752
18009,11753
6832,11754
9263,11755
7907,11756
6034,11757
11841,11758
4843,11759
10781,11760
14795,11761
15384,11762
17677,11763
8467,11764
835,11765
16345,11766
11643,11767
9748,11768
12696,11769
12369,11770
9212,11771
12976,11772
17892,11773
7721,11774
15380,11775
17033,11776
17166,11777
19682,11778
3417,11779
5772,11780
7693,11781
9745,11782
3924,11783
10320,11784
14545,11785
18267,11786
3467,11787
8440,11788
8494,11789
9521,11790
14066,11791
14082,11792
1528,11793
17269,11794
15664,11795
1063,11796
11410,11797
4902,11798
12611,11799
12350,11800
13585,11801
7867,11802
959,11803
2182,11804
3095,11805
8978,11806
13656,11807
1468,11808
7648,11809
16448,11810
19573,11811
4215,11812
20084,11813
2490,11814
3647,11815
5459,11816
16234,11817
17456,11818
2454,11819
9775,11820
1589,11821
15753,11822
15848,11823
4191,11824
4923,11825
7910,11826
6036,11827
15347,11828
4518,11829
11818,11830
15401,11831
12341,11832
13459,11833
17162,11834
1725,11835
17303,11836
18341,11837
3361,11838
14860,11839
9079,11840
13952,11841
7828,11842
17529,11843
6456,11844
9657,11845
7956,11846
18837,11847
10136,11848
14352,11849
1736,11850
13122,11851
1594,11852
11024,11853
13451,11854
7007,11855
12378,11856
12496,11857
11847,11858
15862,11859
6642,11860
6017,11861
3126,11862
8458,11863
15697,11864
3089,11865
2890,11866
12159,11867
2819,11868
2896,11869
9869,11870
9530,11871
16633,11872
12852,11873
14812,11874
11213,11875
11130,11876
15340,11877
15416,11878
17687,11879
2399,11880
13913,11881
17168,11882
5790,11883
7724,11884
15055,11885
5830,11886
19907,11887
6735,11888
18236,11889
8116,11890
4130,11891
18302,11892
19489,11893
12217,11894
12248,11895
1794,11896
19010,11897
16151,11898
18334,11899
12506,11900
18969,11901
5195,11902
15228,11903
19972,11904
19181,11905
1989,11906
19488,11907
3128,11908
9121,11909
18572,11910
1182,11911
2255,11912
19915,11913
14672,11914
2261,11915
2186,11916
11527,11917
13678,11918
11731,11919
13012,11920
15971,11921
16570,11922
17713,11923
7817,11924
13017,11925
13638,11926
11833,11927
11177,11928
11185,11929
14786,11930
19553,11931
2235,11932
15120,11933
18176,11934
18854,11935
7946,11936
13093,11937
10337,11938
8385,11939
10167,11940
13268,11941
15075,11942
8018,11943
11674,11944
17927,11945
12824,11946
19859,11947
8953,11948
14803,11949
4260,11950
9207,11951
3049,11952
18289,11953
5008,11954
14054,11955
13834,11956
13874,11957
10845,11958
13098,11959
15368,11960
11949,11961
15493,11962
14923,11963
17899,11964
11325,11965
20206,11966
12994,11967
13603,11968
15349,11969
15388,11970
16606,11971
13596,11972
14179,11973
17147,11974
20178,11975
6022,11976
13738,11977
12532,11978
14314,11979
16883,11980
15736,11981
16967,11982
5738,11983
7604,11984
8646,11985
910,11986
1340,11987
12916,11988
16428,11989
15842,11990
19771,11991
8179,11992
18070,11993
2202,11994
1430,11995
940,11996
14112,11997
4892,11998
9210,11999
15207,12000
19129,12001
15412,12002
16781,12003
13457,12004
1971,12005
18941,12006
17924,12007
19601,12008
16131,12009
13719,12010
6647,12011
14333,12012
15492,12013
11346,12014
14904,12015
17311,12016
15512,12017
3971,12018
17485,12019
9539,12020
10496,12021
19215,12022
17495,12023
6827,12024
17437,12025
4328,12026
9664,12027
2906,12028
1575,12029
2792,12030
6392,12031
3435,12032
14616,12033
13562,12034
5351,12035
5990,12036
7335,12037
9606,12038
6219,12039
17337,12040
16742,12041
4798,12042
11115,12043
15334,12044
5399,12045
16227,12046
16900,12047
3461,12048
8282,12049
10075,12050
6444,12051
14268,12052
8713,12053
17566,12054
15632,12055
9491,12056
2289,12057
6630,12058
12205,12059
6510,12060
5884,12061
9166,12062
4527,12063
5305,12064
1124,12065
2758,12066
12190,12067
2720,12068
20203,12069
4750,12070
14823,12071
4297,12072
8100,12073
15216,12074
18177,12075
13897,12076
4071,12077
4348,12078
11078,12079
15672,12080
16587,12081
8225,12082
12398,12083
5414,12084
12860,12085
5546,12086
14625,12087
4711,12088
10760,12089
7251,12090
18868,12091
2562,12092
5187,12093
12585,12094
5310,12095
16480,12096
16408,12097
19365,12098
15645,12099
6433,12100
10352,12101
10547,12102
10910,12103
750,12104
7778,12105
18777,12106
18929,12107
824,12108
8504,12109
19465,12110
12134,12111
19528,12112
19959,12113
12722,12114
9335,12115
13111,12116
13389,12117
2628,12118
2703,12119
3165,12120
3499,12121
4945,12122
15972,12123
5115,12124
6062,12125
11551,12126
5381,12127
19846,12128
5220,12129
9089,12130
4024,12131
17320,12132
6499,12133
7416,12134
14453,12135
11526,12136
16730,12137
19362,12138
18117,12139
4413,12140
15979,12141
9182,12142
1870,12143
5797,12144
4474,12145
18014,12146
9264,12147
12495,12148
13354,12149
16283,12150
1053,12151
9573,12152
3322,12153
8426,12154
17425,12155
3412,12156
3237,12157
12310,12158
18840,12159
9774,12160
4660,12161
6250,12162
17329,12163
16566,12164
10033,12165
11033,12166
17931,12167
10581,12168
16576,12169
17731,12170
15139,12171
16869,12172
14484,12173
2019,12174
6979,12175
18225,12176
3076,12177
2940,12178
10314,12179
1198,12180
11703,12181
18239,12182
6527,12183
9563,12184
16740,12185
1846,12186
6333,12187
1332,12188
16300,12189
6113,12190
19377,12191
16329,12192
15742,12193
6799,12194
10028,12195
6690,12196
6066,12197
4529,12198
12047,12199
4119,12200
1641,12201
2100,12202
1036,12203
16226,12204
3110,12205
11095,12206
13285,12207
9311,12208
5917,12209
7922,12210
17580,12211
8946,12212
10722,12213
16871,12214
13245,12215
14476,12216
19388,12217
1162,12218
14142,12219
17995,12220
7535,12221
3680,12222
11699,12223
8061,12224
1559,12225
9329,12226
1224,12227
16285,12228
1560,12229
8293,12230
3189,12231
17948,12232
19260,12233
12681,12234
9562,12235
4385,12236
19984,12237
12123,12238
5541,12239
8541,12240
15045,12241
6183,12242
14005,12243
3933,12244
5684,12245
4308,12246
13985,12247
4055,12248
13342,12249
15126,12250
4940,12251
4080,12252
12786,12253
15248,12254
4992,12255
15034,12256
1027,12257
9963,12258
11702,12259
14004,12260
15833,12261
4307,12262
9991,12263
13944,12264
12135,12265
12140,12266
13410,12267
14137,12268
18079,12269
6458,12270
6505,12271
9151,12272
2237,12273
18597,12274
2976,12275
5592,12276
13239,12277
1663,12278
3046,12279
14716,12280
13405,12281
5300,12282
6814,12283
8286,12284
14349,12285
12562,12286
17318,12287
14362,12288
12559,12289
13744,12290
11355,12291
14359,12292
5733,12293
17424,12294
1905,12295
15219,12296
17317,12297
8723,12298
10658,12299
12304,12300
1011,12301
15264,12302
16474,12303
18169,12304
19998,12305
3465,12306
7200,12307
8442,12308
8498,12309
13444,12310
16986,12311
17548,12312
3577,12313
9164,12314
9706,12315
10404,12316
15149,12317
16372,12318
16997,12319
19885,12320
20042,12321
3546,12322
4679,12323
9082,12324
14033,12325
15116,12326
15136,12327
16349,12328
19304,12329
2170,12330
5252,12331
5871,12332
9725,12333
1059,12334
14684,12335
16295,12336
4088,12337
4588,12338
6514,12339
11661,12340
18121,12341
18211,12342
18834,12343
19981,12344
5355,12345
5979,12346
9041,12347
12770,12348
12828,12349
12922,12350
12931,12351
17504,12352
19900,12353
20055,12354
6488,12355
7671,12356
15148,12357
14557,12358
900,12359
2803,12360
3915,12361
10198,12362
12470,12363
16106,12364
4062,12365
3459,12366
18655,12367
18663,12368
12086,12369
14990,12370
9627,12371
11477,12372
13852,12373
15252,12374
15296,12375
2847,12376
4788,12377
12750,12378
2914,12379
13482,12380
15888,12381
19402,12382
4069,12383
4139,12384
9105,12385
9160,12386
15225,12387
13417,12388
2957,12389
8502,12390
6454,12391
8404,12392
10939,12393
16958,12394
14041,12395
19290,12396
11082,12397
2941,12398
2224,12399
7127,12400
13330,12401
14544,12402
11565,12403
19899,12404
2805,12405
3446,12406
6497,12407
10395,12408
6560,12409
15708,12410
2245,12411
5888,12412
11056,12413
18721,12414
12877,12415
19385,12416
4754,12417
6606,12418
16357,12419
12162,12420
8421,12421
12314,12422
12323,12423
16918,12424
19305,12425
19459,12426
14604,12427
3380,12428
12267,12429
11147,12430
17148,12431
18305,12432
3171,12433
16497,12434
7193,12435
7351,12436
13222,12437
2542,12438
14661,12439
2212,12440
5389,12441
14565,12442
9063,12443
9825,12444
7675,12445
10468,12446
14068,12447
16328,12448
785,12449
18129,12450
16945,12451
11667,12452
12043,12453
5224,12454
7783,12455
8253,12456
8480,12457
11601,12458
10995,12459
18799,12460
19399,12461
7590,12462
687,12463
10586,12464
8791,12465
18205,12466
6481,12467
3506,12468
13270,12469
19863,12470
10929,12471
14124,12472
11686,12473
15038,12474
13210,12475
8590,12476
13209,12477
15687,12478
15691,12479
7186,12480
14570,12481
16430,12482
16846,12483
6435,12484
8346,12485
9626,12486
9808,12487
5143,12488
9234,12489
6430,12490
8400,12491
9159,12492
7046,12493
5333,12494
13470,12495
4608,12496
16359,12497
11062,12498
8824,12499
4624,12500
7152,12501
10477,12502
17538,12503
5188,12504
2962,12505
849,12506
17620,12507
4653,12508
4110,12509
15729,12510
12748,12511
13526,12512
12294,12513
11519,12514
7706,12515
3414,12516
12126,12517
2927,12518
3532,12519
11446,12520
5653,12521
10013,12522
7481,12523
14256,12524
7374,12525
16278,12526
9144,12527
3554,12528
2799,12529
2521,12530
16356,12531
15769,12532
9589,12533
2027,12534
19989,12535
9025,12536
9289,12537
3454,12538
7446,12539
10326,12540
8265,12541
19177,12542
12662,12543
6360,12544
4507,12545
915,12546
17989,12547
18710,12548
12607,12549
1449,12550
19188,12551
13886,12552
12651,12553
12072,12554
18064,12555
13310,12556
1520,12557
14187,12558
9764,12559
7160,12560
8002,12561
15046,12562
12645,12563
17644,12564
2164,12565
2902,12566
4239,12567
9689,12568
4056,12569
3034,12570
19194,12571
2043,12572
17957,12573
10252,12574
1994,12575
18110,12576
8876,12577
1361,12578
10818,12579
14419,12580
9688,12581
16169,12582
9097,12583
1542,12584
8270,12585
10273,12586
8914,12587
12334,12588
9583,12589
8921,12590
16864,12591
8202,12592
11665,12593
3720,12594
18194,12595
7330,12596
12325,12597
2090,12598
7663,12599
14442,12600
4356,12601
6579,12602
10493,12603
13095,12604
19801,12605
6509,12606
19424,12607
3424,12608
8965,12609
9024,12610
7596,12611
3268,12612
11948,12613
1655,12614
17298,12615
9642,12616
8932,12617
16800,12618
14300,12619
11314,12620
17597,12621
5308,12622
17013,12623
3503,12624
13487,12625
12881,12626
5278,12627
17265,12628
13865,12629
1974,12630
14069,12631
16966,12632
17550,12633
13837,12634
19435,12635
11129,12636
16521,12637
20140,12638
15429,12639
11433,12640
12451,12641
16808,12642
18445,12643
5793,12644
4196,12645
17319,12646
2688,12647
11131,12648
11494,12649
19499,12650
16321,12651
11050,12652
10698,12653
16003,12654
18628,12655
11857,12656
4053,12657
8508,12658
4733,12659
7338,12660
5486,12661
12985,12662
14556,12663
4920,12664
9971,12665
11845,12666
12387,12667
13077,12668
11158,12669
13684,12670
19535,12671
20132,12672
3637,12673
5448,12674
15886,12675
17646,12676
19781,12677
3250,12678
15854,12679
5483,12680
9005,12681
9136,12682
7533,12683
11779,12684
10271,12685
19753,12686
16765,12687
9232,12688
1764,12689
11656,12690
11654,12691
13473,12692
16088,12693
18962,12694
11455,12695
6975,12696
7560,12697
20316,12698
10927,12699
14853,12700
15227,12701
14636,12702
19858,12703
7808,12704
8472,12705
11070,12706
13302,12707
19817,12708
5151,12709
5757,12710
6389,12711
1482,12712
19201,12713
19805,12714
2744,12715
3964,12716
15407,12717
2207,12718
17524,12719
6556,12720
7087,12721
18641,12722
13151,12723
770,12724
16400,12725
6629,12726
9034,12727
17439,12728
18623,12729
19216,12730
7022,12731
9621,12732
18756,12733
10284,12734
12075,12735
13917,12736
5750,12737
7634,12738
10847,12739
10463,12740
3394,12741
13977,12742
13378,12743
18575,12744
4449,12745
16590,12746
20325,12747
6914,12748
2104,12749
7097,12750
8507,12751
13563,12752
17717,12753
19551,12754
20125,12755
912,12756
8903,12757
1909,12758
7774,12759
19916,12760
6192,12761
3738,12762
7991,12763
2311,12764
7966,12765
10599,12766
19964,12767
15861,12768
5004,12769
3168,12770
7731,12771
16479,12772
9939,12773
3672,12774
7712,12775
12982,12776
5269,12777
15917,12778
925,12779
10392,12780
6326,12781
17956,12782
4137,12783
18172,12784
12737,12785
12128,12786
4049,12787
4654,12788
19778,12789
5659,12790
15443,12791
11868,12792
18772,12793
2977,12794
11227,12795
2934,12796
7103,12797
8958,12798
19717,12799
17466,12800
4354,12801
1854,12802
1875,12803
16177,12804
4000,12805
5337,12806
9960,12807
13462,12808
14059,12809
6982,12810
2028,12811
19720,12812
13413,12813
12802,12814
6776,12815
15869,12816
1928,12817
1126,12818
18732,12819
8021,12820
17107,12821
2462,12822
9793,12823
17643,12824
1830,12825
13659,12826
1508,12827
18446,12828
18486,12829
18589,12830
12002,12831
6092,12832
8055,12833
1121,12834
13287,12835
14692,12836
13352,12837
14695,12838
17650,12839
19987,12840
18174,12841
11558,12842
7080,12843
1514,12844
3540,12845
13629,12846
4670,12847
10061,12848
1697,12849
6573,12850
13588,12851
17039,12852
18906,12853
14780,12854
19519,12855
3346,12856
4177,12857
5360,12858
5184,12859
12396,12860
8241,12861
20259,12862
5330,12863
7122,12864
11738,12865
9673,12866
19439,12867
14096,12868
9073,12869
20040,12870
18825,12871
16546,12872
18896,12873
16915,12874
18610,12875
5194,12876
17668,12877
5189,12878
5248,12879
13340,12880
11582,12881
7602,12882
11440,12883
19670,12884
18959,12885
19554,12886
3302,12887
11419,12888
14123,12889
7168,12890
6541,12891
18970,12892
10568,12893
1606,12894
4627,12895
4456,12896
12694,12897
14517,12898
16850,12899
19807,12900
9638,12901
11485,12902
12087,12903
16856,12904
2113,12905
2748,12906
12700,12907
14495,12908
14506,12909
16256,12910
17426,12911
11490,12912
14514,12913
17442,12914
18612,12915
2739,12916
6945,12917
8977,12918
4787,12919
10488,12920
9818,12921
19192,12922
5059,12923
4575,12924
12669,12925
6915,12926
10892,12927
6482,12928
5856,12929
10969,12930
13394,12931
16429,12932
11093,12933
10500,12934
10375,12935
11192,12936
12375,12937
6985,12938
2997,12939
17991,12940
9251,12941
12642,12942
2423,12943
13800,12944
17933,12945
17296,12946
1709,12947
4584,12948
6645,12949
11741,12950
16567,12951
2241,12952
13879,12953
19127,12954
6423,12955
11608,12956
14105,12957
13443,12958
14040,12959
15633,12960
10161,12961
2213,12962
12261,12963
4271,12964
6078,12965
4195,12966
15484,12967
12726,12968
14551,12969
15143,12970
10839,12971
1342,12972
9824,12973
11639,12974
5828,12975
5048,12976
18294,12977
15542,12978
14952,12979
17289,12980
19226,12981
11321,12982
13533,12983
13053,12984
8459,12985
15147,12986
2535,12987
10434,12988
9893,12989
3143,12990
1256,12991
7958,12992
16447,12993
8075,12994
10456,12995
7462,12996
1195,12997
3054,12998
6717,12999
7443,13000
4997,13001
12909,13002
6176,13003
15602,13004
3181,13005
13491,13006
14393,13007
1759,13008
12186,13009
9909,13010
10755,13011
12173,13012
10452,13013
4309,13014
18500,13015
1978,13016
13942,13017
4184,13018
10381,13019
16717,13020
11884,13021
2795,13022
13993,13023
11697,13024
9830,13025
9705,13026
15536,13027
20344,13028
18967,13029
10864,13030
13308,13031
1486,13032
16249,13033
850,13034
19160,13035
4553,13036
6368,13037
7646,13038
826,13039
8295,13040
10884,13041
13315,13042
2733,13043
825,13044
8285,13045
14504,13046
1469,13047
5170,13048
7016,13049
831,13050
4883,13051
6538,13052
7868,13053
9648,13054
1078,13055
18879,13056
8543,13057
9203,13058
13328,13059
739,13060
16483,13061
12844,13062
20276,13063
2848,13064
14073,13065
12099,13066
12684,13067
1456,13068
16842,13069
840,13070
13918,13071
18614,13072
2726,13073
2738,13074
822,13075
7018,13076
13556,13077
6120,13078
6463,13079
6506,13080
9048,13081
19622,13082
2305,13083
1660,13084
7713,13085
14086,13086
7322,13087
20270,13088
10423,13089
13577,13090
2068,13091
12895,13092
20001,13093
3463,13094
9794,13095
12298,13096
12759,13097
4669,13098
20035,13099
11496,13100
3371,13101
15738,13102
8995,13103
17008,13104
15285,13105
14010,13106
14660,13107
9169,13108
14739,13109
16903,13110
12872,13111
5213,13112
12820,13113
10563,13114
15770,13115
5703,13116
14750,13117
20142,13118
2069,13119
2711,13120
8255,13121
16245,13122
14052,13123
19018,13124
8788,13125
10048,13126
5840,13127
12606,13128
1686,13129
8130,13130
9007,13131
2413,13132
2801,13133
1331,13134
18428,13135
6788,13136
10697,13137
2292,13138
8609,13139
10006,13140
16927,13141
16496,13142
6756,13143
14395,13144
9749,13145
16179,13146
17050,13147
1170,13148
2219,13149
2474,13150
9716,13151
6152,13152
880,13153
8702,13154
3453,13155
8654,13156
17346,13157
13219,13158
9026,13159
8658,13160
15158,13161
4738,13162
5295,13163
13118,13164
15673,13165
3462,13166
17453,13167
10439,13168
979,13169
15897,13170
5120,13171
3665,13172
4650,13173
9452,13174
1853,13175
10095,13176
16347,13177
14409,13178
1540,13179
2171,13180
5492,13181
2527,13182
1584,13183
5548,13184
1789,13185
1210,13186
6150,13187
10925,13188
15745,13189
17570,13190
3377,13191
3403,13192
5211,13193
9588,13194
2026,13195
887,13196
4534,13197
13186,13198
9750,13199
16593,13200
16597,13201
8425,13202
11924,13203
5074,13204
12287,13205
9660,13206
10923,13207
4016,13208
4621,13209
10836,13210
9497,13211
3404,13212
8922,13213
17966,13214
15740,13215
7218,13216
7848,13217
13422,13218
19421,13219
5301,13220
890,13221
10348,13222
11450,13223
6907,13224
8343,13225
17584,13226
8460,13227
11627,13228
11021,13229
8905,13230
19161,13231
15750,13232
11511,13233
11012,13234
17603,13235
19103,13236
11928,13237
14903,13238
13455,13239
11799,13240
16614,13241
15724,13242
3445,13243
1569,13244
5328,13245
14580,13246
10919,13247
3198,13248
2291,13249
14523,13250
18123,13251
11688,13252
17482,13253
13478,13254
19298,13255
10998,13256
16987,13257
9150,13258
2787,13259
16949,13260
10979,13261
10508,13262
10492,13263
5913,13264
11631,13265
11025,13266
5139,13267
3298,13268
15309,13269
17088,13270
7238,13271
16849,13272
19224,13273
6383,13274
841,13275
4066,13276
5712,13277
2085,13278
10854,13279
3372,13280
16891,13281
17560,13282
13467,13283
10365,13284
19307,13285
10474,13286
5837,13287
16389,13288
2856,13289
10010,13290
7161,13291
4190,13292
14030,13293
11039,13294
11645,13295
10260,13296
3279,13297
17682,13298
11921,13299
19835,13300
12776,13301
3757,13302
12580,13303
13185,13304
5718,13305
10899,13306
11846,13307
5903,13308
19770,13309
15142,13310
11916,13311
4665,13312
17264,13313
17547,13314
14019,13315
20017,13316
4702,13317
13509,13318
6013,13319
12838,13320
14233,13321
17617,13322
4633,13323
4698,13324
6981,13325
13573,13326
14744,13327
17909,13328
13755,13329
5848,13330
10396,13331
10251,13332
16207,13333
5852,13334
14064,13335
15266,13336
11067,13337
13359,13338
17392,13339
20235,13340
7698,13341
2232,13342
2867,13343
10263,13344
6303,13345
17455,13346
20036,13347
17476,13348
18130,13349
15835,13350
12890,13351
3384,13352
11559,13353
18843,13354
12290,13355
8243,13356
19758,13357
3568,13358
11052,13359
1661,13360
12259,13361
11653,13362
11461,13363
6943,13364
8486,13365
1199,13366
6492,13367
14719,13368
16499,13369
19710,13370
7449,13371
3032,13372
14405,13373
10614,13374
2979,13375
8226,13376
1603,13377
968,13378
16228,13379
8843,13380
11030,13381
7090,13382
19410,13383
14134,13384
3364,13385
12272,13386
17582,13387
4716,13388
16425,13389
13882,13390
3289,13391
9171,13392
8509,13393
18577,13394
6279,13395
16311,13396
6164,13397
3587,13398
14276,13399
18739,13400
7231,13401
9600,13402
9543,13403
4117,13404
4634,13405
5234,13406
12168,13407
10882,13408
13990,13409
13843,13410
19571,13411
17388,13412
11451,13413
6908,13414
4613,13415
10370,13416
9700,13417
16809,13418
3575,13419
5382,13420
8242,13421
11422,13422
10960,13423
2053,13424
2706,13425
9873,13426
3539,13427
11295,13428
6503,13429
11059,13430
10475,13431
17874,13432
18629,13433
16870,13434
19440,13435
15718,13436
16051,13437
5237,13438
11658,13439
20262,13440
8375,13441
10483,13442
2984,13443
6613,13444
7719,13445
18810,13446
3967,13447
12880,13448
11923,13449
19238,13450
17308,13451
7732,13452
16222,13453
7598,13454
16040,13455
991,13456
10239,13457
3041,13458
19891,13459
6109,13460
8367,13461
12528,13462
8829,13463
11313,13464
3974,13465
3244,13466
6638,13467
8437,13468
12968,13469
11774,13470
6558,13471
6532,13472
7159,13473
5724,13474
1397,13475
18590,13476
12332,13477
17981,13478
10179,13479
3849,13480
11184,13481
13959,13482
18145,13483
18223,13484
19659,13485
9666,13486
19589,13487
15047,13488
2953,13489
3557,13490
17993,13491
6288,13492
18068,13493
14607,13494
12699,13495
12466,13496
5957,13497
1791,13498
3593,13499
13627,13500
13317,13501
16836,13502
12067,13503
4100,13504
8238,13505
806,13506
13391,13507
4142,13508
4699,13509
9841,13510
19390,13511
3522,13512
13862,13513
3240,13514
7164,13515
2808,13516
14663,13517
16095,13518
2922,13519
13853,13520
12534,13521
10955,13522
20229,13523
5264,13524
5369,13525
4768,13526
19191,13527
10194,13528
18931,13529
6970,13530
15063,13531
13781,13532
14377,13533
19729,13534
14635,13535
20245,13536
17817,13537
3408,13538
12561,13539
15053,13540
9598,13541
16014,13542
17971,13543
5442,13544
17896,13545
8415,13546
11478,13547
19818,13548
9324,13549
9611,13550
8384,13551
9046,13552
13283,13553
2673,13554
19245,13555
10949,13556
20152,13557
2407,13558
5610,13559
2777,13560
11607,13561
10250,13562
18338,13563
7109,13564
7258,13565
1512,13566
12906,13567
8941,13568
1963,13569
3920,13570
11190,13571
11862,13572
16444,13573
14318,13574
12157,13575
4084,13576
16978,13577
816,13578
2674,13579
16935,13580
19575,13581
20183,13582
6028,13583
11445,13584
8215,13585
2381,13586
11717,13587
9585,13588
8101,13589
3129,13590
9997,13591
1614,13592
17810,13593
11553,13594
13675,13595
14224,13596
7954,13597
8023,13598
14617,13599
15030,13600
13133,13601
4708,13602
8488,13603
7822,13604
19178,13605
7537,13606
4591,13607
20320,13608
7194,13609
7849,13610
11930,13611
15376,13612
6609,13613
12765,13614
12284,13615
19646,13616
11932,13617
19618,13618
18257,13619
2614,13620
17700,13621
5378,13622
6713,13623
19786,13624
10476,13625
11068,13626
13253,13627
3838,13628
18818,13629
18943,13630
12403,13631
18385,13632
12266,13633
7038,13634
13859,13635
16107,13636
4143,13637
4649,13638
7886,13639
15655,13640
2271,13641
16473,13642
1684,13643
6343,13644
5674,13645
19380,13646
11113,13647
18461,13648
7587,13649
20173,13650
20194,13651
8521,13652
8835,13653
3016,13654
11364,13655
16658,13656
3627,13657
11368,13658
11972,13659
5119,13660
12361,13661
15642,13662
16712,13663
2786,13664
5405,13665
14787,13666
16009,13667
11329,13668
12518,13669
16375,13670
10770,13671
18163,13672
15851,13673
19982,13674
17192,13675
3780,13676
13575,13677
15359,13678
11616,13679
8865,13680
13715,13681
1986,13682
8278,13683
18532,13684
17916,13685
5982,13686
18902,13687
10511,13688
13266,13689
17610,13690
18187,13691
7916,13692
8096,13693
9884,13694
10551,13695
9753,13696
4003,13697
4293,13698
11233,13699
19354,13700
1017,13701
1652,13702
5732,13703
9545,13704
7088,13705
15757,13706
14065,13707
12392,13708
8831,13709
16230,13710
14776,13711
7611,13712
16814,13713
11309,13714
16879,13715
2397,13716
19104,13717
9570,13718
12635,13719
20011,13720
11556,13721
10952,13722
14394,13723
17516,13724
18444,13725
14658,13726
14310,13727
17664,13728
18179,13729
19027,13730
5341,13731
1355,13732
8569,13733
762,13734
716,13735
12960,13736
3969,13737
13376,13738
13572,13739
13409,13740
14272,13741
12579,13742
3529,13743
5180,13744
15382,13745
8334,13746
14946,13747
10300,13748
10553,13749
11189,13750
15535,13751
15927,13752
17925,13753
14044,13754
998,13755
11316,13756
12873,13757
13121,13758
17015,13759
17599,13760
16832,13761
10223,13762
8340,13763
7696,13764
15524,13765
15627,13766
2354,13767
10967,13768
10797,13769
4580,13770
20218,13771
8997,13772
18864,13773
7986,13774
10898,13775
13655,13776
2901,13777
17407,13778
15653,13779
17403,13780
11729,13781
11139,13782
19889,13783
4524,13784
15321,13785
14900,13786
15175,13787
5141,13788
5708,13789
13600,13790
19595,13791
5721,13792
19826,13793
18360,13794
7655,13795
7803,13796
5062,13797
7548,13798
3856,13799
11989,13800
11876,13801
5134,13802
2032,13803
3581,13804
3423,13805
5230,13806
7556,13807
12940,13808
12033,13809
17349,13810
1968,13811
11381,13812
11985,13813
11311,13814
12295,13815
7317,13816
10843,13817
4893,13818
10187,13819
19331,13820
2146,13821
18348,13822
19406,13823
8587,13824
19264,13825
7673,13826
1715,13827
19756,13828
15594,13829
20256,13830
5805,13831
14164,13832
16257,13833
2621,13834
2593,13835
3887,13836
9074,13837
19425,13838
2780,13839
19684,13840
11463,13841
16193,13842
4125,13843
1645,13844
1681,13845
19329,13846
9450,13847
11173,13848
8081,13849
6431,13850
13103,13851
1906,13852
16307,13853
8017,13854
5265,13855
14537,13856
7521,13857
20021,13858
15945,13859
18951,13860
2048,13861
19202,13862
17022,13863
19068,13864
2279,13865
3783,13866
6667,13867
9260,13868
17571,13869
14501,13870
18935,13871
19872,13872
4872,13873
15781,13874
8436,13875
2615,13876
5949,13877
15669,13878
10705,13879
14095,13880
16091,13881
18074,13882
4718,13883
10556,13884
8915,13885
12373,13886
9731,13887
4387,13888
11966,13889
15813,13890
13475,13891
3133,13892
14279,13893
14455,13894
9099,13895
14018,13896
9502,13897
3993,13898
10291,13899
13223,13900
19218,13901
1506,13902
3611,13903
10911,13904
9270,13905
12487,13906
9065,13907
1738,13908
7845,13909
15641,13910
18333,13911
9637,13912
6270,13913
4160,13914
740,13915
4599,13916
1788,13917
9398,13918
19274,13919
17228,13920
11515,13921
4801,13922
18947,13923
4214,13924
12871,13925
7215,13926
19635,13927
10974,13928
17354,13929
11595,13930
13177,13931
7825,13932
16995,13933
19759,13934
17994,13935
19549,13936
19587,13937
2689,13938
13760,13939
14355,13940
12263,13941
9597,13942
16022,13943
5767,13944
997,13945
10429,13946
5881,13947
10833,13948
5649,13949
13770,13950
1581,13951
18535,13952
4979,13953
3528,13954
12109,13955
19951,13956
4693,13957
3858,13958
6659,13959
4250,13960
9797,13961
16818,13962
1357,13963
3234,13964
15478,13965
8182,13966
17818,13967
1972,13968
3837,13969
16105,13970
19699,13971
6259,13972
6305,13973
4427,13974
10809,13975
13939,13976
16123,13977
2220,13978
17369,13979
8806,13980
19041,13981
13339,13982
8974,13983
2855,13984
4064,13985
7029,13986
17561,13987
7199,13988
16668,13989
18544,13990
5181,13991
18196,13992
16379,13993
19315,13994
4378,13995
19171,13996
17559,13997
16319,13998
4159,13999
7887,14000
16442,14001
9131,14002
18905,14003
19001,14004
8368,14005
2657,14006
16011,14007
8309,14008
18796,14009
6063,14010
12851,14011
5652,14012
11444,14013
20343,14014
15856,14015
1640,14016
14305,14017
13982,14018
16032,14019
16086,14020
6299,14021
8710,14022
13803,14023
7836,14024
8501,14025
12672,14026
8218,14027
18151,14028
7067,14029
6438,14030
10256,14031
758,14032
12806,14033
5110,14034
7528,14035
17454,14036
18208,14037
18034,14038
18809,14039
13550,14040
7270,14041
19463,14042
5970,14043
13543,14044
6597,14045
10548,14046
13101,14047
19950,14048
6537,14049
9500,14050
7782,14051
4763,14052
1005,14053
13558,14054
19495,14055
3572,14056
14366,14057
19663,14058
2017,14059
3941,14060
18044,14061
1100,14062
16985,14063
19228,14064
19375,14065
19851,14066
4656,14067
7816,14068
1737,14069
882,14070
4519,14071
19134,14072
1499,14073
15473,14074
19438,14075
5216,14076
5898,14077
6577,14078
8264,14079
3164,14080
2528,14081
4175,14082
2210,14083
1578,14084
14456,14085
7527,14086
19051,14087
2773,14088
4233,14089
12730,14090
13337,14091
15067,14092
10212,14093
2363,14094
12633,14095
16646,14096
10972,14097
9373,14098
17569,14099
18630,14100
18776,14101
5255,14102
14079,14103
1519,14104
8203,14105
4118,14106
14468,14107
11118,14108
18522,14109
5968,14110
14392,14111
12053,14112
19808,14113
12840,14114
20257,14115
2911,14116
7246,14117
5204,14118
3533,14119
5294,14120
11635,14121
2189,14122
13481,14123
2691,14124
12477,14125
13504,14126
2284,14127
2776,14128
8967,14129
2276,14130
16115,14131
5956,14132
713,14133
5440,14134
5706,14135
5131,14136
922,14137
5339,14138
3488,14139
14645,14140
2824,14141
4539,14142
12230,14143
2995,14144
19776,14145
1590,14146
6402,14147
6727,14148
2525,14149
11722,14150
13576,14151
6583,14152
6154,14153
7672,14154
19092,14155
9478,14156
14597,14157
15638,14158
12052,14159
12655,14160
7577,14161
13445,14162
11872,14163
17797,14164
9755,14165
16374,14166
16704,14167
17294,14168
1887,14169
15656,14170
3706,14171
7534,14172
17671,14173
3131,14174
14380,14175
19369,14176
2360,14177
4817,14178
18393,14179
11808,14180
19146,14181
17727,14182
10879,14183
2039,14184
1883,14185
5275,14186
11378,14187
11203,14188
19106,14189
18503,14190
14971,14191
6393,14192
13044,14193
1251,14194
12837,14195
17858,14196
19330,14197
16015,14198
16324,14199
17001,14200
18310,14201
19020,14202
2295,14203
4105,14204
2693,14205
2183,14206
12414,14207
11743,14208
879,14209
13797,14210
20108,14211
10078,14212
2813,14213
2178,14214
7626,14215
3300,14216
12719,14217
18416,14218
19624,14219
11852,14220
17137,14221
17621,14222
18384,14223
19570,14224
19816,14225
20135,14226
13547,14227
16074,14228
18688,14229
10570,14230
19713,14231
2779,14232
17348,14233
11226,14234
17064,14235
16412,14236
9445,14237
20163,14238
3604,14239
12446,14240
13476,14241
2998,14242
19019,14243
10054,14244
9126,14245
6623,14246
12385,14247
17431,14248
19782,14249
15101,14250
19507,14251
2302,14252
15969,14253
16023,14254
13866,14255
16674,14256
17232,14257
17851,14258
11148,14259
12346,14260
14200,14261
15381,14262
17708,14263
19838,14264
18987,14265
5206,14266
11132,14267
11186,14268
16538,14269
17164,14270
17734,14271
17835,14272
18842,14273
2960,14274
4292,14275
8852,14276
6075,14277
11289,14278
20287,14279
18476,14280
705,14281
18946,14282
11736,14283
14202,14284
15952,14285
15976,14286
17785,14287
12953,14288
12970,14289
17123,14290
20114,14291
4217,14292
11334,14293
13728,14294
16134,14295
17315,14296
14920,14297
17211,14298
8394,14299
12541,14300
13735,14301
11341,14302
14913,14303
16724,14304
10343,14305
14621,14306
6513,14307
14646,14308
3042,14309
5452,14310
18936,14311
20103,14312
20144,14313
14628,14314
7788,14315
14259,14316
13146,14317
15502,14318
13153,14319
16135,14320
15509,14321
14323,14322
11937,14323
11944,14324
14330,14325
16723,14326
13019,14327
7102,14328
19237,14329
10902,14330
5107,14331
12025,14332
3447,14333
12223,14334
11626,14335
7387,14336
7028,14337
9052,14338
9101,14339
11892,14340
6625,14341
19687,14342
13254,14343
12048,14344
16006,14345
19547,14346
15947,14347
16533,14348
17114,14349
17699,14350
20085,14351
1094,14352
13850,14353
4720,14354
6081,14355
18621,14356
8951,14357
12601,14358
9717,14359
2353,14360
7520,14361
8170,14362
1098,14363
5451,14364
3595,14365
12286,14366
3323,14367
757,14368
14868,14369
1517,14370
17072,14371
18150,14372
2247,14373
18490,14374
19093,14375
8482,14376
10479,14377
6530,14378
9780,14379
7597,14380
2641,14381
1834,14382
1498,14383
4851,14384
17411,14385
11270,14386
12614,14387
18197,14388
1618,14389
3096,14390
6297,14391
3550,14392
15810,14393
12894,14394
18719,14395
4719,14396
10544,14397
14269,14398
13307,14399
12307,14400
19546,14401
10560,14402
7621,14403
16199,14404
2328,14405
8672,14406
17638,14407
17249,14408
4697,14409
18861,14410
17387,14411
8827,14412
19881,14413
3399,14414
5207,14415
11537,14416
19272,14417
11456,14418
8194,14419
15418,14420
13092,14421
19548,14422
9877,14423
9375,14424
13849,14425
13084,14426
8576,14427
777,14428
13668,14429
19169,14430
4334,14431
18229,14432
18830,14433
7622,14434
9550,14435
4723,14436
11776,14437
12056,14438
7538,14439
16878,14440
10393,14441
926,14442
11715,14443
4272,14444
8985,14445
12362,14446
12299,14447
16838,14448
18922,14449
1491,14450
2916,14451
1958,14452
16591,14453
18945,14454
19128,14455
16431,14456
4917,14457
5656,14458
933,14459
11352,14460
8833,14461
5529,14462
12011,14463
16699,14464
11392,14465
9577,14466
15454,14467
13861,14468
8547,14469
10507,14470
9316,14471
7917,14472
14655,14473
4138,14474
9278,14475
13082,14476
18469,14477
3558,14478
15612,14479
13926,14480
6131,14481
10455,14482
11065,14483
12209,14484
19455,14485
3589,14486
4618,14487
7189,14488
8987,14489
7424,14490
13382,14491
16157,14492
18315,14493
18916,14494
19050,14495
16575,14496
3239,14497
5158,14498
6441,14499
12212,14500
6529,14501
11390,14502
13370,14503
18353,14504
5364,14505
16070,14506
15636,14507
1150,14508
12883,14509
4174,14510
6079,14511
3162,14512
1901,14513
7765,14514
10644,14515
906,14516
5179,14517
12819,14518
10247,14519
18649,14520
3337,14521
19073,14522
15525,14523
6904,14524
16175,14525
10900,14526
12096,14527
18744,14528
15315,14529
9244,14530
19208,14531
7223,14532
4579,14533
17393,14534
18049,14535
2835,14536
6700,14537
16581,14538
8013,14539
11041,14540
6707,14541
11432,14542
7134,14543
12718,14544
19265,14545
14107,14546
14116,14547
14585,14548
15288,14549
15375,14550
16333,14551
16498,14552
19834,14553
4640,14554
7733,14555
12993,14556
9918,14557
15600,14558
5169,14559
7144,14560
19319,14561
6143,14562
14031,14563
8563,14564
13194,14565
6268,14566
12855,14567
17436,14568
2410,14569
19680,14570
1524,14571
14866,14572
13854,14573
8252,14574
11533,14575
1157,14576
12121,14577
15176,14578
17245,14579
6042,14580
14933,14581
10420,14582
9305,14583
5485,14584
14650,14585
11376,14586
16432,14587
7121,14588
16306,14589
1752,14590
15719,14591
19415,14592
19536,14593
14038,14594
12225,14595
1447,14596
16212,14597
11108,14598
14056,14599
6923,14600
8820,14601
18028,14602
7229,14603
10957,14604
7558,14605
11154,14606
3945,14607
2149,14608
2223,14609
18956,14610
17167,14611
13507,14612
8115,14613
8117,14614
4571,14615
8371,14616
13544,14617
15874,14618
9876,14619
6893,14620
8904,14621
17585,14622
9915,14623
4707,14624
4975,14625
5326,14626
4182,14627
11561,14628
2814,14629
16166,14630
1556,14631
9331,14632
1588,14633
13787,14634
14382,14635
5872,14636
20077,14637
12078,14638
4880,14639
8325,14640
14536,14641
17686,14642
19905,14643
7346,14644
8468,14645
10816,14646
15649,14647
17252,14648
5575,14649
8397,14650
7593,14651
12032,14652
12643,14653
13966,14654
13914,14655
2199,14656
1503,14657
7757,14658
3033,14659
18743,14660
3350,14661
15127,14662
18569,14663
15766,14664
12441,14665
6959,14666
1526,14667
10189,14668
1217,14669
1325,14670
18557,14671
14559,14672
18775,14673
4331,14674
12818,14675
2132,14676
7467,14677
10355,14678
15237,14679
8645,14680
8275,14681
14488,14682
11788,14683
19158,14684
3913,14685
13083,14686
20016,14687
14940,14688
1122,14689
7210,14690
9730,14691
12754,14692
16320,14693
7447,14694
1012,14695
13518,14696
3940,14697
12211,14698
9587,14699
17117,14700
5215,14701
19200,14702
7819,14703
10231,14704
19033,14705
13489,14706
17533,14707
3625,14708
9083,14709
2003,14710
1911,14711
17996,14712
1030,14713
19089,14714
3542,14715
19799,14716
10782,14717
5311,14718
14401,14719
14700,14720
1450,14721
20075,14722
16221,14723
2968,14724
9395,14725
18059,14726
10987,14727
1810,14728
11183,14729
8982,14730
8320,14731
12680,14732
10229,14733
17047,14734
13579,14735
9303,14736
17472,14737
3746,14738
1368,14739
1666,14740
19524,14741
17632,14742
9923,14743
8781,14744
4712,14745
2797,14746
5760,14747
16924,14748
1335,14749
18058,14750
18620,14751
19852,14752
12049,14753
4911,14754
20324,14755
11019,14756
19993,14757
4379,14758
17255,14759
16424,14760
9226,14761
1051,14762
8572,14763
8886,14764
1421,14765
13264,14766
6060,14767
6974,14768
18761,14769
14994,14770
10307,14771
11687,14772
15282,14773
2392,14774
7532,14775
6203,14776
14176,14777
20162,14778
1957,14779
16932,14780
17518,14781
13958,14782
14683,14783
14089,14784
2707,14785
3876,14786
8033,14787
14372,14788
10737,14789
718,14790
1211,14791
8642,14792
19765,14793
8986,14794
9596,14795
2432,14796
13502,14797
13804,14798
3068,14799
3356,14800
15728,14801
16203,14802
16507,14803
16991,14804
7633,14805
2939,14806
11063,14807
16305,14808
17052,14809
18782,14810
19087,14811
3411,14812
4799,14813
9460,14814
10290,14815
8828,14816
9650,14817
2669,14818
8598,14819
5751,14820
8596,14821
19862,14822
17093,14823
19239,14824
3729,14825
13488,14826
19254,14827
17637,14828
18182,14829
15954,14830
17286,14831
7502,14832
9964,14833
19902,14834
1489,14835
10053,14836
15328,14837
4577,14838
3392,14839
3705,14840
12658,14841
1976,14842
14998,14843
17920,14844
12835,14845
4770,14846
11017,14847
3512,14848
4116,14849
10269,14850
18624,14851
4150,14852
9461,14853
935,14854
19694,14855
3013,14856
4549,14857
9578,14858
18615,14859
2239,14860
15043,14861
14094,14862
10829,14863
19222,14864
6240,14865
4581,14866
8413,14867
2035,14868
11407,14869
16354,14870
18244,14871
1571,14872
11152,14873
20128,14874
3379,14875
7227,14876
8345,14877
8485,14878
9812,14879
19632,14880
16206,14881
8534,14882
1488,14883
15168,14884
18619,14885
7441,14886
14777,14887
17730,14888
17759,14889
17811,14890
18327,14891
7236,14892
20007,14893
2713,14894
17216,14895
6295,14896
3438,14897
8962,14898
12905,14899
5112,14900
7301,14901
7928,14902
2766,14903
6602,14904
7685,14905
9147,14906
10482,14907
10298,14908
16443,14909
4277,14910
3053,14911
1234,14912
7854,14913
15206,14914
16735,14915
9200,14916
14381,14917
16026,14918
17173,14919
20094,14920
1291,14921
11362,14922
10832,14923
16786,14924
13030,14925
8217,14926
18855,14927
11356,14928
19450,14929
10842,14930
10191,14931
1537,14932
13255,14933
5262,14934
1152,14935
9942,14936
4508,14937
1136,14938
11010,14939
15297,14940
10789,14941
14972,14942
1927,14943
10506,14944
5964,14945
13468,14946
12861,14947
2076,14948
4483,14949
13673,14950
17144,14951
9858,14952
698,14953
10943,14954
2586,14955
19617,14956
9546,14957
10368,14958
18259,14959
5273,14960
7091,14961
2167,14962
3456,14963
1326,14964
12279,14965
4015,14966
14707,14967
16000,14968
17878,14969
20073,14970
5893,14971
19370,14972
5789,14973
8959,14974
12620,14975
12608,14976
14546,14977
2058,14978
9529,14979
12762,14980
4426,14981
11860,14982
8216,14983
4028,14984
9014,14985
3932,14986
19386,14987
3028,14988
6448,14989
13250,14990
13786,14991
14686,14992
17143,14993
17419,14994
9253,14995
8911,14996
14226,14997
12154,14998
2583,14999
2725,15000
17224,15001
6266,15002
16925,15003
16330,15004
6308,15005
8913,15006
10887,15007
10894,15008
4852,15009
10828,15010
7679,15011
16453,15012
15483,15013
10120,15014
5166,15015
15389,15016
9228,15017
14213,15018
1505,15019
1946,15020
19062,15021
2021,15022
10265,15023
18570,15024
11957,15025
1362,15026
3266,15027
7279,15028
12269,15029
7050,15030
13634,15031
14155,15032
15800,15033
10565,15034
18399,15035
4173,15036
860,15037
16143,15038
18644,15039
868,15040
16643,15041
6927,15042
5680,15043
2605,15044
1308,15045
16862,15046
735,15047
8653,15048
11541,15049
6087,15050
11663,15051
18748,15052
14203,15053
16610,15054
18939,15055
12472,15056
15496,15057
18997,15058
6720,15059
4776,15060
10872,15061
4747,15062
12119,15063
6410,15064
16053,15065
6922,15066
19358,15067
12913,15068
4648,15069
18320,15070
1751,15071
2999,15072
16956,15073
4248,15074
2889,15075
4087,15076
13742,15077
14337,15078
6679,15079
12979,15080
12733,15081
17110,15082
3375,15083
4194,15084
4594,15085
4803,15086
4804,15087
6585,15088
8492,15089
11950,15090
9636,15091
7477,15092
5705,15093
11547,15094
15402,15095
18566,15096
6968,15097
19411,15098
6181,15099
2368,15100
12989,15101
19556,15102
3194,15103
5761,15104
17622,15105
18133,15106
5140,15107
12326,15108
11272,15109
13895,15110
2926,15111
18276,15112
17314,15113
13820,15114
17814,15115
2253,15116
2642,15117
18811,15118
8943,15119
16554,15120
19510,15121
17293,15122
2364,15123
8775,15124
4898,15125
6562,15126
18733,15127
10322,15128
16726,15129
5293,15130
5859,15131
9747,15132
17176,15133
17762,15134
10790,15135
11593,15136
16854,15137
10411,15138
16529,15139
18277,15140
20082,15141
2970,15142
7471,15143
17692,15144
10827,15145
3840,15146
6153,15147
12865,15148
7202,15149
931,15150
1567,15151
10710,15152
14612,15153
17974,15154
4322,15155
11142,15156
11746,15157
18382,15158
20154,15159
19738,15160
13029,15161
8326,15162
13995,15163
15890,15164
18592,15165
8192,15166
16055,15167
17462,15168
6661,15169
16877,15170
15301,15171
14711,15172
17651,15173
7149,15174
4694,15175
7745,15176
10415,15177
10522,15178
9854,15179
4767,15180
14027,15181
15098,15182
3123,15183
9743,15184
13971,15185
5747,15186
15210,15187
2098,15188
1471,15189
8323,15190
2724,15191
4007,15192
1439,15193
11612,15194
1203,15195
8716,15196
4566,15197
8834,15198
15397,15199
19101,15200
18498,15201
11411,15202
10619,15203
5947,15204
14587,15205
10461,15206
13607,15207
7780,15208
15162,15209
17663,15210
20058,15211
5785,15212
10000,15213
12268,15214
17447,15215
5193,15216
12063,15217
1763,15218
4072,15219
1700,15220
2433,15221
3693,15222
5277,15223
9343,15224
5270,15225
10266,15226
11201,15227
15145,15228
16637,15229
5508,15230
17352,15231
16865,15232
7717,15233
5823,15234
6449,15235
15631,15236
5646,15237
14808,15238
13020,15239
7300,15240
12356,15241
8297,15242
6574,15243
5912,15244
20291,15245
7142,15246
12918,15247
15329,15248
6411,15249
2761,15250
2394,15251
7835,15252
3525,15253
19991,15254
2191,15255
11007,15256
9092,15257
1597,15258
877,15259
17477,15260
9817,15261
17969,15262
7898,15263
13269,15264
13009,15265
13554,15266
14152,15267
14206,15268
14220,15269
14749,15270
14782,15271
15339,15272
17718,15273
11994,15274
16461,15275
14263,15276
14106,15277
11922,15278
12015,15279
13856,15280
5720,15281
12368,15282
4079,15283
8254,15284
17483,15285
12125,15286
2978,15287
7651,15288
16860,15289
14146,15290
8952,15291
15943,15292
1457,15293
15335,15294
13708,15295
14715,15296
5651,15297
20328,15298
19728,15299
10513,15300
11328,15301
12404,15302
15955,15303
16611,15304
17789,15305
18993,15306
19585,15307
20160,15308
8527,15309
14315,15310
9187,15311
11267,15312
19247,15313
15875,15314
10285,15315
10851,15316
1401,15317
16036,15318
16030,15319
18397,15320
11807,15321
12563,15322
9198,15323
14728,15324
15318,15325
5758,15326
8705,15327
694,15328
3276,15329
6055,15330
10272,15331
5677,15332
16898,15333
15702,15334
14280,15335
13799,15336
16178,15337
16641,15338
3075,15339
11871,15340
4370,15341
19696,15342
16112,15343
11909,15344
1962,15345
13722,15346
16132,15347
13137,15348
17900,15349
16721,15350
14907,15351
14317,15352
12327,15353
17179,15354
4218,15355
18647,15356
5711,15357
18950,15358
2193,15359
11780,15360
8611,15361
11740,15362
11787,15363
13569,15364
17125,15365
18366,15366
19615,15367
11231,15368
19335,15369
18171,15370
18398,15371
5225,15372
10164,15373
6032,15374
16806,15375
12115,15376
15576,15377
16766,15378
17154,15379
9954,15380
7452,15381
18312,15382
17505,15383
13984,15384
6792,15385
8353,15386
14743,15387
2414,15388
4294,15389
5267,15390
2286,15391
13271,15392
2617,15393
10618,15394
2005,15395
13648,15396
14243,15397
17325,15398
9459,15399
19132,15400
14956,15401
9852,15402
11140,15403
11182,15404
19579,15405
11878,15406
5159,15407
2054,15408
16657,15409
3418,15410
3880,15411
7644,15412
7997,15413
1944,15414
16054,15415
20296,15416
18086,15417
16998,15418
12513,15419
2116,15420
9479,15421
17016,15422
5877,15423
11175,15424
7823,15425
8795,15426
10127,15427
6024,15428
9312,15429
8851,15430
18971,15431
5729,15432
18431,15433
14406,15434
10282,15435
18617,15436
19803,15437
4542,15438
830,15439
19596,15440
11795,15441
16568,15442
18913,15443
18925,15444
15651,15445
6335,15446
4808,15447
19676,15448
19166,15449
7060,15450
11354,15451
8489,15452
11836,15453
15847,15454
17831,15455
10025,15456
10436,15457
11567,15458
12874,15459
15364,15460
17096,15461
12429,15462
4878,15463
5343,15464
1215,15465
4574,15466
1119,15467
14596,15468
8580,15469
3723,15470
8792,15471
14962,15472
14371,15473
7290,15474
9208,15475
3256,15476
10199,15477
9872,15478
12423,15479
15371,15480
18937,15481
18949,15482
10169,15483
7689,15484
4188,15485
12393,15486
16710,15487
5991,15488
17459,15489
5387,15490
3580,15491
13851,15492
3233,15493
19572,15494
14989,15495
12113,15496
13480,15497
17634,15498
13557,15499
7192,15500
17417,15501
18703,15502
16974,15503
17879,15504
19441,15505
5835,15506
4623,15507
13016,15508
17184,15509
20196,15510
15494,15511
14905,15512
13720,15513
1464,15514
1511,15515
18170,15516
4630,15517
6088,15518
16223,15519
3585,15520
4268,15521
10448,15522
17134,15523
7281,15524
18819,15525
5380,15526
5608,15527
6657,15528
11371,15529
15663,15530
5144,15531
12088,15532
6370,15533
15662,15534
8955,15535
13036,15536
6398,15537
18087,15538
18687,15539
17385,15540
8817,15541
1780,15542
17291,15543
19513,15544
20060,15545
3927,15546
16161,15547
5223,15548
12535,15549
13140,15550
11931,15551
11718,15552
17689,15553
11483,15554
3348,15555
13202,15556
17497,15557
6903,15558
9568,15559
15679,15560
4541,15561
17285,15562
11391,15563
8288,15564
2548,15565
10478,15566
5254,15567
12291,15568
8579,15569
16976,15570
1852,15571
12164,15572
19302,15573
3035,15574
10691,15575
12755,15576
5325,15577
7955,15578
3069,15579
7773,15580
16615,15581
17711,15582
12019,15583
4168,15584
7222,15585
20205,15586
7645,15587
16557,15588
20307,15589
2655,15590
10968,15591
11112,15592
11716,15593
7850,15594
10750,15595
7830,15596
10338,15597
11562,15598
12001,15599
16387,15600
20026,15601
10890,15602
11633,15603
888,15604
16201,15605
13530,15606
16994,15607
7348,15608
1178,15609
17494,15610
15666,15611
15087,15612
15682,15613
14995,15614
7182,15615
1018,15616
4655,15617
3481,15618
8506,15619
7841,15620
3306,15621
3254,15622
1029,15623
15746,15624
17665,15625
18032,15626
19806,15627
2106,15628
3342,15629
9699,15630
10369,15631
6978,15632
18565,15633
6557,15634
8307,15635
9704,15636
10963,15637
9807,15638
11673,15639
2716,15640
3888,15641
16920,15642
9792,15643
6539,15644
12670,15645
4492,15646
3354,15647
5765,15648
9174,15649
9685,15650
19311,15651
2384,15652
3019,15653
16045,15654
15041,15655
17793,15656
18401,15657
19100,15658
3709,15659
15070,15660
12935,15661
9084,15662
9751,15663
17404,15664
3857,15665
15244,15666
10292,15667
11493,15668
15107,15669
17428,15670
17445,15671
19978,15672
5246,15673
5746,15674
6388,15675
6593,15676
6998,15677
7847,15678
12796,15679
1187,15680
8475,15681
9062,15682
3985,15683
6738,15684
1913,15685
13353,15686
6551,15687
18812,15688
803,15689
10209,15690
3750,15691
10268,15692
5796,15693
6525,15694
11399,15695
15837,15696
17636,15697
18256,15698
7158,15699
8631,15700
10682,15701
10527,15702
16385,15703
15878,15704
9922,15705
3469,15706
7375,15707
12875,15708
3630,15709
9935,15710
1127,15711
19251,15712
17623,15713
9777,15714
19538,15715
9483,15716
4864,15717
18402,15718
18995,15719
10767,15720
8221,15721
9038,15722
17119,15723
9037,15724
4306,15725
11397,15726
18539,15727
17463,15728
5372,15729
6467,15730
7354,15731
16758,15732
19935,15733
4761,15734
6780,15735
7967,15736
6554,15737
9382,15738
7770,15739
12188,15740
3099,15741
4589,15742
9051,15743
8388,15744
15036,15745
13242,15746
9006,15747
13999,15748
12180,15749
18157,15750
18757,15751
8931,15752
3286,15753
5899,15754
10378,15755
11572,15756
15111,15757
2829,15758
4691,15759
11962,15760
15089,15761
16490,15762
3496,15763
3524,15764
8957,15765
5952,15766
11855,15767
19735,15768
5146,15769
5914,15770
5985,15771
8971,15772
17528,15773
11523,15774
18651,15775
15863,15776
10445,15777
9221,15778
12104,15779
19391,15780
5420,15781
5287,15782
19600,15783
5476,15784
15970,15785
16353,15786
5984,15787
11072,15788
19701,15789
5296,15790
904,15791
18478,15792
7081,15793
19008,15794
5232,15795
11589,15796
885,15797
6439,15798
6528,15799
10992,15800
16475,15801
8414,15802
974,15803
5927,15804
7787,15805
5885,15806
7623,15807
15470,15808
3972,15809
3983,15810
18418,15811
8392,15812
6603,15813
7228,15814
17978,15815
8176,15816
18149,15817
11384,15818
9045,15819
16299,15820
9061,15821
4059,15822
919,15823
4027,15824
3425,15825
12661,15826
2620,15827
7857,15828
17087,15829
5755,15830
6375,15831
8991,15832
7475,15833
9829,15834
7259,15835
1146,15836
9655,15837
19368,15838
11077,15839
18023,15840
5915,15841
9625,15842
7437,15843
7811,15844
11250,15845
11400,15846
18728,15847
16960,15848
3318,15849
2016,15850
16395,15851
3923,15852
8938,15853
9569,15854
16802,15855
7666,15856
15019,15857
18066,15858
20192,15859
10543,15860
11908,15861
9580,15862
19707,15863
11475,15864
15550,15865
16163,15866
2989,15867
1024,15868
6483,15869
18734,15870
18134,15871
4514,15872
7546,15873
2120,15874
11193,15875
3188,15876
9162,15877
2771,15878
3087,15879
12145,15880
17326,15881
7628,15882
8398,15883
2823,15884
4061,15885
5009,15886
17672,15887
3388,15888
8630,15889
1813,15890
10325,15891
8416,15892
12333,15893
4145,15894
16411,15895
12897,15896
13224,15897
11166,15898
1462,15899
18000,15900
8350,15901
3685,15902
2598,15903
13296,15904
18665,15905
5480,15906
18676,15907
3267,15908
12358,15909
3796,15910
8395,15911
6633,15912
2928,15913
9791,15914
15316,15915
15910,15916
11439,15917
5648,15918
16769,15919
17423,15920
16486,15921
12648,15922
4557,15923
6405,15924
3363,15925
3519,15926
10696,15927
20053,15928
10850,15929
8937,15930
9191,15931
7113,15932
16951,15933
7727,15934
10537,15935
7807,15936
3003,15937
1020,15938
19683,15939
5190,15940
1208,15941
19931,15942
16274,15943
19214,15944
19819,15945
2088,15946
12149,15947
16525,15948
13894,15949
2112,15950
3956,15951
7636,15952
3696,15953
950,15954
8821,15955
9194,15956
12870,15957
3030,15958
17602,15959
19287,15960
19476,15961
6484,15962
16494,15963
18063,15964
18662,15965
12640,15966
17958,15967
17175,15968
18136,15969
1757,15970
3159,15971
1112,15972
18148,15973
1851,15974
5868,15975
15064,15976
9138,15977
8383,15978
10380,15979
6349,15980
5084,15981
20283,15982
7224,15983
19965,15984
16405,15985
6450,15986
9532,15987
16002,15988
17761,15989
12240,15990
4054,15991
19246,15992
10523,15993
8538,15994
3452,15995
3326,15996
17670,15997
5138,15998
15032,15999
18251,16000
4407,16001
14111,16002
1149,16003
14704,16004
2061,16005
952,16006
13260,16007
4445,16008
13333,16009
19094,16010
20063,16011
19467,16012
1002,16013
1637,16014
19282,16015
15774,16016
12103,16017
1585,16018
17726,16019
3109,16020
15936,16021
15939,16022
10424,16023
15965,16024
19653,16025
3184,16026
1414,16027
10589,16028
10650,16029
7139,16030
9058,16031
16323,16032
9087,16033
3564,16034
14541,16035
12724,16036
7401,16037
927,16038
20305,16039
16621,16040
12941,16041
1298,16042
3914,16043
3987,16044
4032,16045
5900,16046
7766,16047
18717,16048
2258,16049
16887,16050
16906,16051
2318,16052
7896,16053
13327,16054
6107,16055
11520,16056
15221,16057
13399,16058
15250,16059
2472,16060
2495,16061
4353,16062
19017,16063
9938,16064
15357,16065
19113,16066
4500,16067
15448,16068
15460,16069
4537,16070
19173,16071
19180,16072
4560,16073
18122,16074
18921,16075
20301,16076
16732,16077
11574,16078
981,16079
15268,16080
13486,16081
9584,16082
15621,16083
15555,16084
11816,16085
15354,16086
17193,16087
18607,16088
3510,16089
905,16090
3430,16091
11086,16092
8929,16093
12659,16094
13962,16095
5370,16096
15133,16097
18888,16098
8947,16099
11749,16100
20199,16101
17322,16102
13326,16103
12712,16104
13279,16105
7550,16106
14108,16107
17691,16108
2893,16109
1710,16110
12491,16111
16524,16112
7718,16113
14659,16114
6018,16115
14074,16116
15685,16117
3614,16118
4166,16119
14965,16120
5723,16121
4484,16122
13619,16123
14560,16124
15957,16125
13028,16126
11805,16127
17714,16128
2388,16129
3023,16130
4031,16131
3429,16132
15257,16133
14667,16134
19349,16135
8715,16136
16582,16137
1718,16138
3336,16139
6367,16140
8564,16141
9956,16142
17469,16143
8650,16144
13018,16145
16248,16146
5861,16147
10520,16148
17946,16149
9571,16150
8797,16151
2667,16152
8836,16153
19642,16154
1105,16155
19241,16156
8624,16157
15935,16158
11473,16159
12106,16160
12064,16161
15169,16162
12274,16163
5257,16164
1539,16165
6620,16166
15191,16167
9400,16168
1461,16169
15716,16170
18606,16171
5198,16172
6695,16173
9709,16174
10379,16175
10257,16176
2662,16177
1492,16178
14326,16179
11319,16180
8133,16181
15193,16182
5396,16183
17374,16184
12074,16185
1689,16186
2756,16187
6453,16188
11904,16189
19293,16190
8362,16191
15059,16192
8841,16193
20059,16194
6536,16195
9789,16196
8432,16197
6618,16198
4795,16199
2966,16200
4809,16201
10237,16202
10814,16203
1065,16204
18062,16205
18661,16206
19484,16207
13957,16208
3026,16209
19520,16210
3050,16211
15867,16212
12297,16213
15995,16214
878,16215
16097,16216
19898,16217
8964,16218
18069,16219
7156,16220
14423,16221
16303,16222
20008,16223
10798,16224
12714,16225
14578,16226
16458,16227
12784,16228
18337,16229
16540,16230
14735,16231
14758,16232
9350,16233
11083,16234
1664,16235
11145,16236
14871,16237
11206,16238
11209,16239
16844,16240
15009,16241
4149,16242
2436,16243
13390,16244
7981,16245
1713,16246
18977,16247
8047,16248
13472,16249
4376,16250
4400,16251
15514,16252
5730,16253
5095,16254
15912,16255
15218,16256
10437,16257
11479,16258
5161,16259
13948,16260
14830,16261
7769,16262
19593,16263
5417,16264
12792,16265
13485,16266
1090,16267
3574,16268
4974,16269
15222,16270
4156,16271
9643,16272
3000,16273
15217,16274
9816,16275
4802,16276
4223,16277
2988,16278
19175,16279
3157,16280
13311,16281
9113,16282
12204,16283
15546,16284
4058,16285
12040,16286
3976,16287
1667,16288
14818,16289
19644,16290
9213,16291
12903,16292
7286,16293
15975,16294
18934,16295
20091,16296
17791,16297
18319,16298
6094,16299
11296,16300
11101,16301
11301,16302
13989,16303
11938,16304
17007,16305
7914,16306
9001,16307
14367,16308
2526,16309
13149,16310
12723,16311
6149,16312
14404,16313
7728,16314
7860,16315
11678,16316
4304,16317
15165,16318
13456,16319
14053,16320
16219,16321
10159,16322
17782,16323
9576,16324
13189,16325
12584,16326
12184,16327
15267,16328
20185,16329
4209,16330
9595,16331
14335,16332
12218,16333
9076,16334
3952,16335
17786,16336
18381,16337
17864,16338
8746,16339
13232,16340
11008,16341
6442,16342
12799,16343
3937,16344
9555,16345
10113,16346
10131,16347
3275,16348
7568,16349
16885,16350
6137,16351
18574,16352
10623,16353
6277,16354
19831,16355
6836,16356
5128,16357
6126,16358
8210,16359
10065,16360
5883,16361
6751,16362
6330,16363
10145,16364
11406,16365
7372,16366
3955,16367
14973,16368
6486,16369
17554,16370
5972,16371
12174,16372
12782,16373
8249,16374
10203,16375
3674,16376
14606,16377
16970,16378
15929,16379
7687,16380
7058,16381
12073,16382
8233,16383
920,16384
12112,16385
3373,16386
19468,16387
11797,16388
20136,16389
11180,16390
15348,16391
6963,16392
7266,16393
7282,16394
7894,16395
7268,16396
20253,16397
8308,16398
12972,16399
15100,16400
10430,16401
13581,16402
12654,16403
1071,16404
1580,16405
15937,16406
1682,16407
18890,16408
19883,16409
2973,16410
7715,16411
7755,16412
14034,16413
6395,16414
14519,16415
7610,16416
19762,16417
16467,16418
891,16419
20080,16420
11940,16421
3490,16422
10978,16423
11638,16424
8736,16425
19714,16426
5065,16427
1530,16428
10254,16429
14370,16430
14961,16431
6934,16432
9077,16433
6138,16434
13765,16435
13176,16436
12975,16437
4352,16438
4283,16439
11614,16440
5816,16441
2849,16442
6465,16443
2130,16444
6805,16445
16239,16446
5981,16447
5455,16448
1101,16449
20338,16450
18527,16451
3594,16452
20070,16453
14773,16454
16013,16455
17756,16456
17779,16457
17902,16458
15459,16459
1138,16460
14870,16461
945,16462
9639,16463
7738,16464
9300,16465
6377,16466
18286,16467
19928,16468
11016,16469
5130,16470
15515,16471
12353,16472
14169,16473
14633,16474
3112,16475
893,16476
18708,16477
12892,16478
19316,16479
3148,16480
13272,16481
16489,16482
18760,16483
7243,16484
3748,16485
10264,16486
15895,16487
2765,16488
6472,16489
3257,16490
13474,16491
4744,16492
10921,16493
11061,16494
17639,16495
6031,16496
6552,16497
1076,16498
17702,16499
18877,16500
19474,16501
19030,16502
5422,16503
16087,16504
11254,16505
13207,16506
18332,16507
14178,16508
16868,16509
11651,16510
11045,16511
2062,16512
2009,16513
18245,16514
2101,16515
4289,16516
7615,16517
13732,16518
9362,16519
17109,16520
12834,16521
17694,16522
15543,16523
14953,16524
7654,16525
2477,16526
18108,16527
19941,16528
10858,16529
9035,16530
7895,16531
8317,16532
14634,16533
18168,16534
9591,16535
5085,16536
18422,16537
14601,16538
8484,16539
11191,16540
14080,16541
17531,16542
15283,16543
17339,16544
10981,16545
4643,16546
16360,16547
17280,16548
12246,16549
14072,16550
4141,16551
11525,16552
11666,16553
17640,16554
12791,16555
18092,16556
18228,16557
19389,16558
7178,16559
12081,16560
7678,16561
16406,16562
9640,16563
19197,16564
4081,16565
12734,16566
823,16567
14177,16568
17784,16569
12380,16570
16612,16571
17170,16572
1726,16573
16010,16574
17771,16575
7630,16576
1103,16577
15458,16578
17649,16579
1159,16580
3341,16581
7150,16582
19288,16583
18285,16584
810,16585
17551,16586
8418,16587
9327,16588
11099,16589
8893,16590
4796,16591
18679,16592
12401,16593
15192,16594
14228,16595
15096,16596
3311,16597
7741,16598
11960,16599
11357,16600
13096,16601
4210,16602
12853,16603
8410,16604
16975,16605
7051,16606
7680,16607
14465,16608
1345,16609
7795,16610
8427,16611
9090,16612
10934,16613
10973,16614
2184,16615
2315,16616
19985,16617
7032,16618
8757,16619
943,16620
11394,16621
5944,16622
8712,16623
3543,16624
4601,16625
6119,16626
6050,16627
6674,16628
7934,16629
3662,16630
7932,16631
7304,16632
7308,16633
7936,16634
9359,16635
5911,16636
1082,16637
14778,16638
7124,16639
12228,16640
8969,16641
9355,16642
4051,16643
923,16644
17341,16645
6455,16646
15196,16647
16943,16648
4285,16649
19630,16650
12296,16651
11796,16652
4952,16653
5855,16654
16505,16655
3609,16656
13681,16657
10502,16658
11090,16659
13646,16660
19868,16661
4611,16662
2259,16663
7660,16664
19234,16665
2843,16666
1554,16667
3561,16668
2267,16669
5182,16670
14649,16671
15761,16672
7726,16673
13356,16674
18667,16675
7681,16676
7950,16677
10460,16678
11365,16679
11969,16680
11713,16681
1779,16682
1046,16683
16947,16684
18106,16685
14573,16686
17502,16687
6342,16688
11323,16689
14204,16690
7643,16691
12904,16692
11215,16693
1304,16694
8277,16695
11714,16696
3606,16697
4812,16698
9832,16699
18351,16700
1525,16701
5910,16702
7019,16703
17121,16704
14745,16705
14497,16706
15102,16707
20086,16708
7014,16709
15333,16710
4171,16711
5842,16712
11677,16713
12743,16714
12141,16715
15797,16716
7052,16717
8321,16718
17065,16719
18626,16720
3091,16721
1179,16722
7221,16723
3319,16724
18561,16725
16829,16726
15239,16727
12320,16728
7086,16729
8994,16730
13869,16731
17521,16732
12832,16733
6928,16734
18893,16735
4820,16736
18116,16737
7363,16738
11196,16739
2459,16740
1411,16741
17915,16742
12586,16743
13191,16744
9070,16745
14832,16746
8916,16747
18571,16748
10049,16749
7252,16750
13642,16751
10097,16752
9369,16753
16050,16754
10015,16755
13119,16756
8409,16757
2965,16758
16384,16759
8983,16760
11290,16761
16503,16762
14648,16763
10238,16764
4764,16765
5365,16766
15039,16767
4442,16768
13438,16769
4517,16770
2004,16771
15592,16772
730,16773
2668,16774
3031,16775
6758,16776
7530,16777
16772,16778
1799,16779
5283,16780
10240,16781
17961,16782
17882,16783
7204,16784
9754,16785
2804,16786
901,16787
9969,16788
2735,16789
8647,16790
5522,16791
14347,16792
11591,16793
5802,16794
19283,16795
2956,16796
5569,16797
7739,16798
17204,16799
844,16800
14539,16801
18456,16802
7980,16803
2000,16804
4229,16805
2909,16806
8349,16807
12995,16808
18368,16809
2606,16810
10718,16811
17739,16812
19577,16813
5484,16814
10032,16815
9352,16816
11679,16817
7061,16818
3509,16819
17450,16820
14182,16821
5713,16822
5875,16823
10140,16824
15725,16825
17141,16826
16276,16827
2323,16828
11103,16829
15710,16830
2868,16831
867,16832
20000,16833
12530,16834
9163,16835
4729,16836
16433,16837
8918,16838
2020,16839
3617,16840
10604,16841
16930,16842
15866,16843
14789,16844
16415,16845
13524,16846
8417,16847
2275,16848
14566,16849
14344,16850
14934,16851
12509,16852
18838,16853
9011,16854
5315,16855
15693,16856
18519,16857
746,16858
19775,16859
13479,16860
5447,16861
1115,16862
7062,16863
13400,16864
1775,16865
11798,16866
13324,16867
7767,16868
15269,16869
7942,16870
10294,16871
6347,16872
8745,16873
11711,16874
20049,16875
19522,16876
20118,16877
6600,16878
19259,16879
3441,16880
3601,16881
16399,16882
16708,16883
3852,16884
17091,16885
12116,16886
12745,16887
3501,16888
4158,16889
2740,16890
7049,16891
17982,16892
18516,16893
17866,16894
11395,16895
13377,16896
12108,16897
7605,16898
7999,16899
17967,16900
16261,16901
12318,16902
15324,16903
5456,16904
4855,16905
5973,16906
18660,16907
4043,16908
16801,16909
12958,16910
15790,16911
19725,16912
7776,16913
11509,16914
12137,16915
5148,16916
4760,16917
10304,16918
15313,16919
1783,16920
10472,16921
4453,16922
15985,16923
9608,16924
19923,16925
12716,16926
5675,16927
10613,16928
17535,16929
19431,16930
10744,16931
6345,16932
17613,16933
18801,16934
6992,16935
15076,16936
8154,16937
14325,16938
18894,16939
2959,16940
10871,16941
1455,16942
4544,16943
9630,16944
10296,16945
18016,16946
12709,16947
15088,16948
2768,16949
5510,16950
17468,16951
5930,16952
4301,16953
7813,16954
18483,16955
17000,16956
6803,16957
949,16958
5318,16959
3777,16960
19887,16961
19853,16962
18198,16963
16062,16964
16281,16965
3992,16966
1712,16967
3335,16968
1057,16969
12158,16970
2403,16971
4067,16972
6568,16973
1246,16974
14532,16975
9896,16976
6737,16977
7368,16978
11073,16979
16755,16980
16396,16981
6694,16982
10903,16983
12257,16984
14390,16985
17577,16986
9692,16987
2233,16988
5928,16989
6350,16990
7074,16991
15650,16992
15675,16993
19533,16994
11534,16995
2851,16996
10245,16997
19292,16998
14950,16999
16821,17000
18978,17001
12035,17002
8954,17003
17014,17004
6870,17005
7695,17006
12701,17007
12778,17008
13516,17009
14496,17010
16845,17011
18207,17012
18613,17013
5759,17014
6384,17015
6394,17016
7011,17017
7146,17018
4737,17019
16337,17020
19286,17021
12823,17022
11005,17023
13293,17024
6952,17025
18507,17026
2816,17027
5457,17028
995,17029
1630,17030
9773,17031
14723,17032
14129,17033
5113,17034
8859,17035
15559,17036
4263,17037
12768,17038
3422,17039
16737,17040
2913,17041
18185,17042
5858,17043
15305,17044
2252,17045
2936,17046
3537,17047
4140,17048
8263,17049
3884,17050
3366,17051
4063,17052
11604,17053
17402,17054
1358,17055
14690,17056
1000,17057
16471,17058
16839,17059
18858,17060
19812,17061
3434,17062
4547,17063
5157,17064
5164,17065
6382,17066
13027,17067
9523,17068
14727,17069
3151,17070
13791,17071
19864,17072
9538,17073
12649,17074
19359,17075
11342,17076
11423,17077
8011,17078
17598,17079
17206,17080
16745,17081
957,17082
1592,17083
2080,17084
2666,17085
17798,17086
18406,17087
4017,17088
13974,17089
12102,17090
19269,17091
8319,17092
1330,17093
19956,17094
4625,17095
5818,17096
11217,17097
12987,17098
15671,17099
19598,17100
5393,17101
19430,17102
14386,17103
15125,17104
3931,17105
14687,17106
17019,17107
16147,17108
12593,17109
11195,17110
14769,17111
20043,17112
14857,17113
14925,17114
19119,17115
16472,17116
4167,17117
3282,17118
18780,17119
17606,17120
19273,17121
16514,17122
2943,17123
18673,17124
3321,17125
18219,17126
10853,17127
17926,17128
4197,17129
7111,17130
1062,17131
14006,17132
7640,17133
8310,17134
18077,17135
17021,17136
19379,17137
2975,17138
11887,17139
15209,17140
18891,17141
1495,17142
20327,17143
13740,17144
18347,17145
1067,17146
7466,17147
14149,17148
13772,17149
1639,17150
7607,17151
12196,17152
2496,17153
16390,17154
8444,17155
16190,17156
12910,17157
18056,17158
19932,17159
2424,17160
5392,17161
17568,17162
2530,17163
10920,17164
16913,17165
16478,17166
11882,17167
7616,17168
5092,17169
19444,17170
15789,17171
16376,17172
15112,17173
9256,17174
16513,17175
4657,17176
16522,17177
13299,17178
15154,17179
4213,17180
883,17181
13321,17182
13322,17183
15628,17184
2411,17185
13816,17186
9805,17187
4282,17188
1154,17189
13386,17190
12929,17191
9827,17192
2453,17193
7995,17194
18481,17195
11134,17196
4355,17197
15783,17198
15802,17199
856,17200
9021,17201
6728,17202
13529,17203
3060,17204
13551,17205
4918,17206
16334,17207
5397,17208
2745,17209
1748,17210
6601,17211
19407,17212
17578,17213
854,17214
12203,17215
14047,17216
14050,17217
15925,17218
10399,17219
12242,17220
4999,17221
15944,17222
14104,17223
12321,17224
10497,17225
18052,17226
1448,17227
16339,17228
7254,17229
12758,17230
10945,17231
18336,17232
9239,17233
12867,17234
11023,17235
2102,17236
5794,17237
7701,17238
4030,17239
2192,17240
4052,17241
11345,17242
5950,17243
9644,17244
13212,17245
7805,17246
6033,17247
7880,17248
1703,17249
11506,17250
17075,17251
18932,17252
17098,17253
6232,17254
13503,17255
4479,17256
17398,17257
15703,17258
18705,17259
16934,17260
11459,17261
10215,17262
7096,17263
10875,17264
11279,17265
18685,17266
15141,17267
14549,17268
11436,17269
2603,17270
7756,17271
19157,17272
19213,17273
19229,17274
8420,17275
19405,17276
19479,17277
19527,17278
8875,17279
9055,17280
12900,17281
12957,17282
2338,17283
13453,17284
13615,17285
13640,17286
13674,17287
13927,17288
13947,17289
3039,17290
16928,17291
13986,17292
6353,17293
3890,17294
15327,17295
3061,17296
3409,17297
14550,17298
4046,17299
4048,17300
4146,17301
15103,17302
4511,17303
4561,17304
4569,17305
4728,17306
5327,17307
5739,17308
5696,17309
4739,17310
15778,17311
15921,17312
15980,17313
5214,17314
16252,17315
5520,17316
5814,17317
5878,17318
5918,17319
16894,17320
17035,17321
15276,17322
2441,17323
19949,17324
1216,17325
18158,17326
2145,17327
9139,17328
17157,17329
20146,17330
18085,17331
10685,17332
12711,17333
13523,17334
2920,17335
12888,17336
3774,17337
13329,17338
18805,17339
18007,17340
12578,17341
11719,17342
12169,17343
17053,17344
12139,17345
6447,17346
9033,17347
11449,17348
1985,17349
16407,17350
6009,17351
13361,17352
7608,17353
14171,17354
15095,17355
16586,17356
5764,17357
16867,17358
13347,17359
8553,17360
11529,17361
8114,17362
17543,17363
8273,17364
16388,17365
5385,17366
1055,17367
19788,17368
4459,17369
4749,17370
10922,17371
4284,17372
15896,17373
9280,17374
19394,17375
3671,17376
6872,17377
9758,17378
4703,17379
11040,17380
12044,17381
10157,17382
5259,17383
13183,17384
892,17385
18175,17386
9446,17387
16440,17388
5272,17389
18658,17390
18206,17391
13134,17392
19352,17393
10938,17394
15715,17395
17662,17396
12576,17397
11975,17398
17840,17399
18057,17400
7714,17401
14458,17402
17069,17403
19470,17404
15395,17405
6984,17406
11531,17407
17028,17408
2545,17409
13567,17410
13961,17411
14237,17412
15578,17413
3619,17414
16761,17415
8359,17416
4528,17417
10976,17418
19120,17419
8369,17420
5178,17421
6773,17422
8237,17423
16487,17424
18674,17425
15117,17426
12542,17427
18583,17428
8183,17429
9724,17430
19968,17431
19371,17432
16763,17433
2817,17434
9721,17435
15634,17436
19338,17437
8239,17438
17371,17439
15999,17440
11465,17441
784,17442
10499,17443
7141,17444
7772,17445
12794,17446
19261,17447
2347,17448
6957,17449
12379,17450
7890,17451
3284,17452
12394,17453
20238,17454
700,17455
5191,17456
11540,17457
17539,17458
11116,17459
2963,17460
15300,17461
3906,17462
10242,17463
898,17464
18084,17465
2075,17466
13021,17467
3012,17468
17654,17469
14924,17470
14474,17471
11721,17472
13574,17473
16828,17474
4050,17475
11307,17476
10391,17477
5909,17478
5471,17479
14579,17480
9647,17481
13215,17482
14418,17483
17812,17484
4333,17485
7077,17486
1437,17487
13358,17488
19734,17489
4006,17490
5841,17491
6658,17492
11981,17493
15978,17494
12176,17495
18724,17496
7408,17497
4592,17498
7754,17499
12827,17500
15044,17501
4444,17502
15118,17503
12939,17504
1060,17505
13519,17506
1535,17507
19447,17508
5565,17509
3315,17510
2650,17511
11377,17512
9535,17513
14165,17514
20105,17515
3500,17516
15170,17517
10253,17518
11343,17519
4162,17520
20067,17521
10287,17522
11662,17523
17429,17524
4249,17525
5782,17526
8447,17527
4169,17528
11914,17529
4722,17530
5236,17531
13907,17532
5671,17533
18766,17534
5532,17535
7929,17536
18538,17537
15752,17538
18143,17539
6197,17540
13609,17541
20184,17542
7559,17543
18038,17544
16962,17545
8003,17546
9746,17547
19640,17548
10831,17549
1708,17550
9188,17551
2704,17552
10940,17553
10018,17554
15093,17555
7384,17556
14197,17557
18807,17558
14674,17559
18826,17560
16528,17561
18375,17562
2377,17563
7465,17564
7020,17565
17510,17566
2884,17567
2249,17568
10262,17569
4487,17570
10446,17571
16164,17572
3390,17573
5725,17574
18073,17575
14848,17576
4831,17577
18094,17578
12581,17579
4869,17580
19061,17581
17697,17582
13566,17583
18638,17584
4009,17585
19121,17586
16364,17587
12253,17588
4567,17589
14806,17590
2404,17591
1582,17592
16365,17593
3448,17594
8601,17595
9623,17596
9729,17597
9836,17598
861,17599
16149,17600
20003,17601
5839,17602
7174,17603
10279,17604
17914,17605
5356,17606
9831,17607
9262,17608
12884,17609
10373,17610
10985,17611
17382,17612
17490,17613
16007,17614
20113,17615
18095,17616
7730,17617
17124,17618
9669,17619
13775,17620
4617,17621
13964,17622
13364,17623
8272,17624
769,17625
2161,17626
8015,17627
11448,17628
3048,17629
2063,17630
8867,17631
14211,17632
19603,17633
16751,17634
5847,17635
6473,17636
12098,17637
2723,17638
12273,17639
16843,17640
2256,17641
3442,17642
4731,17643
7631,17644
8290,17645
9771,17646
10624,17647
7197,17648
19442,17649
4846,17650
12189,17651
6547,17652
9357,17653
3549,17654
9823,17655
11066,17656
12911,17657
14219,17658
16446,17659
15747,17660
17258,17661
18695,17662
5846,17663
12463,17664
19303,17665
17103,17666
17658,17667
7138,17668
2372,17669
6565,17670
11204,17671
2127,17672
18184,17673
6419,17674
5942,17675
15303,17676
1805,17677
17530,17678
8358,17679
15803,17680
16381,17681
4342,17682
12839,17683
1797,17684
11599,17685
4029,17686
10883,17687
10084,17688
12557,17689
3936,17690
20038,17691
16217,17692
17506,17693
18822,17694
17054,17695
15035,17696
13240,17697
16401,17698
8685,17699
20161,17700
5418,17701
17218,17702
4651,17703
5376,17704
15898,17705
19774,17706
16594,17707
18356,17708
17586,17709
19040,17710
16655,17711
8557,17712
17127,17713
13345,17714
2278,17715
12151,17716
6569,17717
18030,17718
10354,17719
12222,17720
16512,17721
10993,17722
1032,17723
10469,17724
10561,17725
12811,17726
19458,17727
4678,17728
9631,17729
4504,17730
6334,17731
11685,17732
2417,17733
6812,17734
15528,17735
16141,17736
18659,17737
3656,17738
4867,17739
8548,17740
13448,17741
12587,17742
18974,17743
16697,17744
18369,17745
2166,17746
4823,17747
2067,17748
5897,17749
18680,17750
12038,17751
19360,17752
18762,17753
12677,17754
7579,17755
2869,17756
6351,17757
10956,17758
10387,17759
16819,17760
1668,17761
12739,17762
13323,17763
17063,17764
19212,17765
4756,17766
7079,17767
8945,17768
1510,17769
17534,17770
6664,17771
17712,17772
18146,17773
18186,17774
7285,17775
10989,17776
1848,17777
1892,17778
18984,17779
19783,17780
19890,17781
12798,17782
2131,17783
2139,17784
2274,17785
9686,17786
13276,17787
9894,17788
9932,17789
14320,17790
14588,17791
3998,17792
1536,17793
15891,17794
5374,17795
16805,17796
5906,17797
6069,17798
6338,17799
8560,17800
17558,17801
2886,17802
12809,17803
11650,17804
2136,17805
10416,17806
7931,17807
16214,17808
8389,17809
1502,17810
10255,17811
19962,17812
1993,17813
5306,17814
18128,17815
15949,17816
6459,17817
3934,17818
7571,17819
4076,17820
3516,17821
4120,17822
11375,17823
20034,17824
18271,17825
12071,17826
2686,17827
14287,17828
4780,17829
15130,17830
17480,17831
15723,17832
9736,17833
2644,17834
12283,17835
5977,17836
6604,17837
13884,17838
9549,17839
2251,17840
1604,17841
19206,17842
12859,17843
10935,17844
3908,17845
18562,17846
18166,17847
10317,17848
14426,17849
16977,17850
7059,17851
18083,17852
16225,17853
9506,17854
17511,17855
13477,17856
5121,17857
11220,17858
16402,17859
20066,17860
18755,17861
948,17862
4020,17863
9125,17864
7167,17865
5699,17866
6263,17867
12928,17868
13625,17869
6478,17870
12615,17871
6598,17872
10234,17873
9768,17874
8732,17875
13466,17876
11539,17877
15235,17878
15474,17879
7188,17880
7214,17881
16247,17882
2931,17883
17313,17884
7070,17885
20004,17886
19408,17887
5714,17888
1382,17889
10557,17890
17077,17891
15259,17892
13622,17893
15350,17894
5116,17895
11460,17896
2215,17897
5588,17898
1429,17899
4467,17900
15247,17901
17859,17902
14814,17903
20191,17904
14222,17905
18386,17906
18454,17907
11773,17908
14791,17909
1108,17910
1745,17911
12198,17912
15788,17913
12227,17914
15819,17915
4253,17916
18409,17917
14443,17918
13838,17919
17226,17920
9679,17921
18803,17922
18201,17923
12866,17924
9476,17925
4530,17926
1940,17927
5123,17928
18252,17929
7937,17930
12344,17931
6948,17932
16535,17933
4582,17934
9958,17935
16350,17936
3333,17937
3929,17938
12410,17939
13401,17940
5408,17941
8528,17942
8198,17943
8220,17944
14887,17945
16555,17946
5963,17947
2892,17948
11198,17949
19256,17950
4777,17951
17758,17952
15469,17953
18692,17954
3765,17955
18853,17956
5174,17957
14885,17958
15160,17959
955,17960
8247,17961
16133,17962
19007,17963
6628,17964
15183,17965
6648,17966
17703,17967
18817,17968
6103,17969
1139,17970
5377,17971
6504,17972
11136,17973
17271,17974
2257,17975
11809,17976
10485,17977
19022,17978
15974,17979
16108,17980
8583,17981
8920,17982
19847,17983
14160,17984
14766,17985
10629,17986
16537,17987
19599,17988
10302,17989
15982,17990
10983,17991
5398,17992
3624,17993
19058,17994
17520,17995
14245,17996
15968,17997
16584,17998
11979,17999
9815,18000
17172,18001
17788,18002
13782,18003
13580,18004
4026,18005
17904,18006
10541,18007
9874,18008
837,18009
17120,18010
13777,18011
16500,18012
6729,18013
14875,18014
12803,18015
19532,18016
18928,18017
11171,18018
15355,18019
13763,18020
14358,18021
11564,18022
15657,18023
13750,18024
9855,18025
14378,18026
9632,18027
7212,18028
9693,18029
3451,18030
9962,18031
2811,18032
15755,18033
13943,18034
16569,18035
6994,18036
15431,18037
18455,18038
8568,18039
10552,18040
12237,18041
12172,18042
11106,18043
16912,18044
7978,18045
7842,18046
10363,18047
16158,18048
16866,18049
2176,18050
16342,18051
11544,18052
11894,18053
9551,18054
13593,18055
18933,18056
14180,18057
14790,18058
13335,18059
11632,18060
1857,18061
15319,18062
17498,18063
13230,18064
1832,18065
14118,18066
13288,18067
963,18068
19281,18069
16574,18070
17155,18071
17862,18072
18210,18073
4259,18074
4865,18075
8562,18076
9222,18077
19244,18078
11552,18079
15091,18080
19977,18081
807,18082
3778,18083
13520,18084
1416,18085
7606,18086
14947,18087
14357,18088
17750,18089
17804,18090
2109,18091
7682,18092
12822,18093
16893,18094
8348,18095
11682,18096
14694,18097
16242,18098
6926,18099
9040,18100
1221,18101
19381,18102
17377,18103
6876,18104
2059,18105
8783,18106
11634,18107
9846,18108
12255,18109
12707,18110
12863,18111
14207,18112
15390,18113
16588,18114
7262,18115
17118,18116
12215,18117
17478,18118
1190,18119
2083,18120
14572,18121
10861,18122
14552,18123
5681,18124
4418,18125
11028,18126
2980,18127
1111,18128
6512,18129
11649,18130
15513,18131
12553,18132
17268,18133
15946,18134
5549,18135
8961,18136
20030,18137
18581,18138
5053,18139
10462,18140
10311,18141
15128,18142
4254,18143
7601,18144
811,18145
12625,18146
6909,18147
5280,18148
4001,18149
1740,18150
4797,18151
3592,18152
16571,18153
2091,18154
9946,18155
19434,18156
11403,18157
17674,18158
9783,18159
4472,18160
15624,18161
8103,18162
19155,18163
967,18164
9740,18165
9787,18166
1704,18167
13671,18168
16964,18169
6399,18170
8575,18171
6217,18172
2078,18173
14301,18174
3916,18175
6533,18176
15249,18177
16292,18178
4275,18179
8390,18180
7473,18181
3673,18182
6582,18183
8268,18184
10895,18185
11756,18186
16001,18187
1533,18188
18668,18189
3521,18190
10759,18191
16799,18192
11734,18193
3309,18194
5722,18195
1531,18196
851,18197
17799,18198
14446,18199
11499,18200
15548,18201
14958,18202
13970,18203
9826,18204
2121,18205
13341,18206
1452,18207
3291,18208
7177,18209
13815,18210
7491,18211
896,18212
12418,18213
17968,18214
14691,18215
3669,18216
5041,18217
1031,18218
2205,18219
14563,18220
15900,18221
2429,18222
15173,18223
6543,18224
13115,18225
804,18226
12303,18227
7619,18228
6936,18229
20064,18230
9321,18231
12854,18232
15277,18233
15868,18234
4286,18235
7040,18236
2935,18237
5854,18238
5126,18239
16218,18240
14942,18241
6373,18242
18316,18243
8212,18244
793,18245
15794,18246
9950,18247
16624,18248
796,18249
6995,18250
6570,18251
11071,18252
18314,18253
8668,18254
13025,18255
10512,18256
12133,18257
19927,18258
2643,18259
17386,18260
2107,18261
7554,18262
5943,18263
11675,18264
19605,18265
5620,18266
12413,18267
7098,18268
6469,18269
12066,18270
10216,18271
15213,18272
11813,18273
17503,18274
934,18275
8826,18276
10617,18277
14114,18278
4311,18279
3930,18280
10846,18281
18998,18282
8739,18283
3192,18284
11621,18285
5502,18286
16153,18287
18580,18288
5571,18289
2794,18290
12664,18291
16037,18292
6863,18293
7435,18294
12688,18295
8522,18296
12848,18297
5655,18298
14675,18299
8780,18300
6282,18301
14492,18302
4701,18303
18518,18304
12357,18305
12241,18306
12156,18307
13024,18308
14120,18309
12924,18310
8119,18311
14411,18312
14908,18313
10281,18314
5601,18315
9844,18316
6649,18317
19602,18318
17399,18319
9206,18320
5552,18321
10118,18322
1898,18323
1080,18324
14775,18325
2333,18326
966,18327
14210,18328
14567,18329
18288,18330
14421,18331
11372,18332
11976,18333
2967,18334
5279,18335
19133,18336
14594,18337
13826,18338
1572,18339
18702,18340
7815,18341
8481,18342
12045,18343
6273,18344
14464,18345
17020,18346
3959,18347
3209,18348
936,18349
10607,18350
9068,18351
4451,18352
17605,18353
6205,18354
707,18355
984,18356
11835,18357
15884,18358
6436,18359
18714,18360
18114,18361
8267,18362
764,18363
9671,18364
19317,18365
16746,18366
10738,18367
3762,18368
19957,18369
19580,18370
8536,18371
9231,18372
10433,18373
13203,18374
16820,18375
7130,18376
17541,18377
4366,18378
8269,18379
16139,18380
17515,18381
3634,18382
6406,18383
4068,18384
6989,18385
2434,18386
14701,18387
8571,18388
12942,18389
9196,18390
6965,18391
3070,18392
16269,18393
16863,18394
18536,18395
15928,18396
10154,18397
7396,18398
1552,18399
16419,18400
2883,18401
3353,18402
3531,18403
9245,18404
958,18405
17448,18406
11587,18407
17684,18408
13091,18409
19910,18410
8026,18411
1782,18412
4132,18413
15734,18414
1574,18415
17427,18416
19207,18417
4775,18418
7041,18419
18036,18420
18636,18421
3919,18422
10202,18423
8327,18424
838,18425
9417,18426
13297,18427
14339,18428
17156,18429
3080,18430
17666,18431
11610,18432
18752,18433
13792,18434
3427,18435
3548,18436
3582,18437
18233,18438
1903,18439
4165,18440
11003,18441
19705,18442
7054,18443
1786,18444
13904,18445
16929,18446
20044,18447
2827,18448
3351,18449
4037,18450
6076,18451
7148,18452
17105,18453
11278,18454
5482,18455
19830,18456
18152,18457
15924,18458
4042,18459
992,18460
15904,18461
3562,18462
11609,18463
11255,18464
20111,18465
8754,18466
6400,18467
6754,18468
10868,18469
12080,18470
13460,18471
16290,18472
2750,18473
6490,18474
9104,18475
9134,18476
18872,18477
11151,18478
18346,18479
15706,18480
3977,18481
2172,18482
1003,18483
5114,18484
17976,18485
17770,18486
2365,18487
4305,18488
9781,18489
4774,18490
5375,18491
19773,18492
10178,18493
6856,18494
14522,18495
16493,18496
4884,18497
977,18498
13416,18499
16322,18500
3689,18501
5313,18502
4091,18503
18867,18504
2473,18505
13192,18506
11382,18507
17464,18508
2125,18509
19671,18510
13008,18511
19515,18512
10642,18513
18287,18514
6489,18515
12753,18516
11592,18517
14454,18518
3238,18519
9674,18520
5997,18521
12245,18522
10986,18523
15920,18524
17591,18525
19944,18526
20023,18527
4714,18528
18266,18529
2728,18530
13369,18531
13284,18532
18357,18533
3651,18534
5464,18535
9975,18536
17215,18537
5787,18538
5285,18539
4686,18540
16233,18541
10188,18542
15714,18543
1674,18544
6566,18545
6515,18546
19396,18547
2714,18548
4526,18549
1196,18550
13968,18551
18460,18552
3485,18553
12612,18554
13612,18555
10400,18556
10559,18557
5717,18558
5939,18559
14627,18560
18797,18561
14717,18562
12679,18563
18960,18564
2881,18565
12018,18566
5596,18567
8259,18568
9683,18569
10207,18570
6980,18571
19184,18572
15050,18573
2690,18574
3905,18575
9581,18576
14437,18577
6563,18578
19279,18579
19874,18580
4922,18581
16840,18582
19612,18583
11510,18584
6548,18585
7389,18586
1359,18587
16170,18588
13446,18589
17795,18590
8644,18591
12537,18592
18392,18593
17619,18594
13039,18595
13458,18596
6804,18597
15646,18598
17794,18599
9435,18600
6840,18601
4814,18602
6962,18603
1706,18604
7001,18605
1257,18606
8772,18607
18876,18608
12432,18609
2596,18610
7427,18611
19211,18612
3056,18613
16462,18614
18275,18615
13010,18616
19583,18617
9295,18618
9889,18619
14922,18620
5621,18621
10869,18622
14676,18623
19746,18624
6672,18625
6838,18626
2297,18627
9338,18628
6829,18629
19152,18630
18024,18631
16368,18632
10089,18633
10249,18634
5400,18635
8640,18636
9403,18637
2492,18638
16954,18639
10758,18640
15029,18641
15780,18642
10616,18643
3440,18644
8692,18645
16495,18646
8443,18647
2864,18648
4329,18649
4615,18650
5196,18651
4548,18652
9949,18653
6337,18654
1501,18655
15909,18656
14653,18657
10880,18658
14826,18659
6519,18660
12301,18661
5347,18662
4746,18663
10837,18664
1975,18665
734,18666
8109,18667
8689,18668
10901,18669
1845,18670
6105,18671
6966,18672
3922,18673
7172,18674
1527,18675
4849,18676
19581,18677
2306,18678
4882,18679
2507,18680
5450,18681
3365,18682
13525,18683
5001,18684
2312,18685
17451,18686
2555,18687
1680,18688
16244,18689
3191,18690
17397,18691
10800,18692
9512,18693
11261,18694
18847,18695
15372,18696
19502,18697
17846,18698
3643,18699
13591,18700
14783,18701
14076,18702
13739,18703
14334,18704
12264,18705
1068,18706
791,18707
976,18708
1611,18709
5136,18710
1407,18711
6507,18712
3909,18713
692,18714
18670,18715
4109,18716
7676,18717
7945,18718
10295,18719
11027,18720
3002,18721
8505,18722
15964,18723
3385,18724
7736,18725
12575,18726
7033,18727
1599,18728
11586,18729
6401,18730
964,18731
10980,18732
10830,18733
1967,18734
8854,18735
10359,18736
812,18737
15625,18738
19162,18739
16884,18740
6354,18741
1402,18742
19057,18743
11168,18744
16128,18745
13555,18746
13157,18747
14153,18748
12552,18749
2971,18750
6917,18751
7800,18752
3973,18753
15362,18754
19854,18755
8681,18756
19895,18757
13201,18758
8428,18759
6646,18760
15760,18761
4185,18762
2339,18763
19953,18764
14487,18765
9586,18766
13298,18767
5695,18768
10592,18769
8661,18770
17934,18771
9323,18772
5402,18773
15586,18774
18280,18775
6115,18776
18881,18777
5936,18778
5867,18779
14742,18780
2751,18781
6493,18782
2781,18783
7347,18784
13257,18785
9612,18786
7975,18787
693,18788
5538,18789
1044,18790
6283,18791
19141,18792
17552,18793
20214,18794
12657,18795
14196,18796
2611,18797
16627,18798
1790,18799
18880,18800
15171,18801
10852,18802
2676,18803
3975,18804
13901,18805
9455,18806
10123,18807
18390,18808
20195,18809
8041,18810
19884,18811
12484,18812
12760,18813
17929,18814
6162,18815
5147,18816
20148,18817
5726,18818
6677,18819
8064,18820
13143,18821
19908,18822
4204,18823
19313,18824
5778,18825
16807,18826
7664,18827
18892,18828
19809,18829
8607,18830
9376,18831
11575,18832
4700,18833
8476,18834
9086,18835
601,18836
600,18837
597,18838
637,18839
622,18840
1231,18841
9436,18842
12010,18843
16287,18844
5314,18845
5905,18846
7747,18847
16318,18848
17627,18849
19934,18850
7667,18851
9472,18852
3182,18853
7352,18854
6098,18855
19209,18856
8656,18857
8091,18858
537,18859
594,18860
484,18861
11114,18862
13404,18863
17113,18864
7069,18865
11481,18866
8146,18867
6260,18868
5633,18869
10052,18870
10141,18871
13976,18872
1113,18873
18882,18874
3599,18875
6852,18876
11200,18877
1951,18878
10812,18879
1950,18880
10811,18881
10601,18882
10142,18883
7119,18884
1310,18885
9440,18886
5037,18887
7662,18888
8513,18889
13546,18890
19363,18891
13357,18892
628,18893
367,18894
5632,18895
366,18896
1952,18897
1312,18898
11745,18899
403,18900
508,18901
1953,18902
528,18903
624,18904
643,18905
347,18906
676,18907
3825,18908
6531,18909
8657,18910
2563,18911
3221,18912
4965,18913
5820,18914
13827,18915
9471,18916
14431,18917
19472,18918
8573,18919
12271,18920
7234,18921
10467,18922
2974,18923
11009,18924
13420,18925
16873,18926
14389,18927
14144,18928
1714,18929
9899,18930
5027,18931
3823,18932
1956,18933
18234,18934
3220,18935
7518,18936
485,18937
12793,18938
3596,18939
13217,18940
15023,18941
8145,18942
5033,18943
1945,18944
2585,18945
7517,18946
6750,18947
426,18948
10999,18949
2461,18950
14978,18951
15782,18952
1309,18953
10808,18954
14753,18955
401,18956
15568,18957
7761,18958
2582,18959
2592,18960
3217,18961
18823,18962
19490,18963
18816,18964
4008,18965
5809,18966
5863,18967
646,18968
1679,18969
12023,18970
12789,18971
12857,18972
9381,18973
13790,18974
19827,18975
11929,18976
3830,18977
4563,18978
8148,18979
2589,18980
645,18981
19466,18982
15569,18983
15840,18984
2588,18985
8810,18986
6885,18987
3223,18988
632,18989
577,18990
576,18991
491,18992
530,18993
460,18994
558,18995
349,18996
524,18997
5029,18998
4430,18999
1955,19000
1317,19001
631,19002
1948,19003
1314,19004
3824,19005
6887,19006
17932,19007
5496,19008
13464,19009
8896,19010
7992,19011
548,19012
672,19013
583,19014
489,19015
387,19016
398,19017
3692,19018
8774,19019
11018,19020
4433,19021
4435,19022
8808,19023
14385,19024
568,19025
618,19026
529,19027
543,19028
409,19029
3136,19030
10079,19031
3826,19032
13802,19033
10041,19034
1229,19035
589,19036
473,19037
641,19038
399,19039
1288,19040
3779,19041
12547,19042
6262,19043
15674,19044
18547,19045
1859,19046
613,19047
415,19048
563,19049
596,19050
560,19051
593,19052
5316,19053
18025,19054
2949,19055
9930,19056
8491,19057
14512,19058
9875,19059
3809,19060
521,19061
507,19062
559,19063
487,19064
677,19065
8763,19066
11998,19067
9370,19068
4437,19069
1316,19070
4927,19071
5012,19072
456,19073
587,19074
461,19075
441,19076
606,19077
499,19078
359,19079
8234,19080
6230,19081
581,19082
580,19083
10056,19084
17954,19085
3024,19086
4912,19087
5630,19088
5636,19089
4436,19090
8149,19091
5599,19092
440,19093
437,19094
412,19095
8600,19096
11210,19097
8069,19098
8782,19099
4432,19100
3763,19101
3228,19102
439,19103
603,19104
13336,19105
3224,19106
12934,19107
3829,19108
420,19109
462,19110
561,19111
459,19112
1843,19113
5034,19114
4438,19115
471,19116
570,19117
557,19118
8696,19119
10768,19120
3682,19121
7499,19122
9288,19123
17939,19124
1812,19125
12181,19126
11026,19127
10473,19128
7131,19129
270,19130
269,19131
266,19132
303,19133
289,19134
3832,19135
5032,19136
1319,19137
10946,19138
12292,19139
18089,19140
374,19141
1273,19142
4900,19143
6723,19144
3781,19145
1841,19146
6212,19147
215,19148
263,19149
168,19150
13724,19151
13160,19152
6839,19153
414,19154
635,19155
682,19156
1248,19157
526,19158
13152,19159
11326,19160
6227,19161
20212,19162
363,19163
411,19164
506,19165
623,19166
2421,19167
425,19168
490,19169
4404,19170
346,19171
14319,19172
19960,19173
295,19174
59,19175
527,19176
58,19177
362,19178
542,19179
18463,19180
91,19181
189,19182
350,19183
206,19184
291,19185
309,19186
41,19187
333,19188
608,19189
10450,19190
9475,19191
3199,19192
486,19193
5635,19194
4793,19195
3226,19196
582,19197
647,19198
9189,19199
2344,19200
10413,19201
10451,19202
15700,19203
14313,19204
12556,19205
598,19206
564,19207
679,19208
17698,19209
428,19210
422,19211
169,19212
12555,19213
685,19214
438,19215
592,19216
572,19217
636,19218
655,19219
18543,19220
114,19221
7516,19222
19373,19223
609,19224
562,19225
16064,19226
89,19227
3597,19228
402,19229
380,19230
474,19231
3545,19232
8379,19233
4614,19234
5386,19235
19346,19236
312,19237
18278,19238
11418,19239
13396,19240
10564,19241
17525,19242
18215,19243
16370,19244
616,19245
18548,19246
678,19247
644,19248
311,19249
20081,19250
2208,19251
4038,19252
5219,19253
9022,19254
648,19255
348,19256
516,19257
364,19258
298,19259
248,19260
247,19261
175,19262
208,19263
144,19264
230,19265
43,19266
202,19267
605,19268
436,19269
386,19270
667,19271
297,19272
427,19273
472,19274
595,19275
352,19276
11888,19277
10591,19278
14061,19279
416,19280
7364,19281
224,19282
332,19283
253,19284
173,19285
75,19286
86,19287
2587,19288
5036,19289
665,19290
663,19291
607,19292
11035,19293
13521,19294
14003,19295
14090,19296
14641,19297
15834,19298
16992,19299
17026,19300
18696,19301
4106,19302
5948,19303
5955,19304
7759,19305
240,19306
285,19307
207,19308
219,19309
97,19310
5634,19311
2590,19312
571,19313
14397,19314
9378,19315
6234,19316
259,19317
157,19318
307,19319
87,19320
5631,19321
6886,19322
1047,19323
683,19324
3156,19325
8641,19326
1223,19327
281,19328
103,19329
235,19330
265,19331
232,19332
262,19333
14414,19334
1228,19335
18274,19336
9937,19337
5613,19338
201,19339
188,19340
231,19341
171,19342
334,19343
3831,19344
11605,19345
13406,19346
14693,19347
15232,19348
4187,19349
872,19350
960,19351
9646,19352
3100,19353
423,19354
541,19355
3755,19356
2448,19357
141,19358
257,19359
145,19360
128,19361
274,19362
182,19363
51,19364
515,19365
6855,19366
251,19367
250,19368
6888,19369
579,19370
17359,19371
488,19372
371,19373
630,19374
620,19375
3828,19376
127,19377
124,19378
100,19379
3222,19380
2519,19381
5035,19382
351,19383
8664,19384
370,19385
126,19386
271,19387
666,19388
604,19389
108,19390
146,19391
233,19392
143,19393
8811,19394
361,19395
397,19396
155,19397
241,19398
229,19399
4431,19400
4434,19401
2591,19402
3225,19403
10896,19404
16451,19405
18666,19406
5261,19407
12030,19408
9885,19409
11995,19410
7920,19411
7292,19412
360,19413
634,19414
400,19415
64,19416
2538,19417
12639,19418
9565,19419
4990,19420
1205,19421
6123,19422
7457,19423
102,19424
301,19425
339,19426
15020,19427
204,19428
8897,19429
15393,19430
55,19431
99,19432
187,19433
290,19434
8898,19435
113,19436
174,19437
1200,19438
40,19439
5404,19440
205,19441
54,19442
218,19443
12983,19444
2990,19445
44,19446
276,19447
20068,19448
680,19449
4401,19450
170,19451
372,19452
410,19453
252,19454
313,19455
13548,19456
4199,19457
7584,19458
2337,19459
14147,19460
19486,19461
267,19462
236,19463
336,19464
12638,19465
116,19466
110,19467
16523,19468
342,19469
125,19470
261,19471
243,19472
302,19473
319,19474
10074,19475
591,19476
277,19477
234,19478
15343,19479
19578,19480
6954,19481
90,19482
69,19483
158,19484
5697,19485
5015,19486
4198,19487
283,19488
19150,19489
335,19490
310,19491
19487,19492
17068,19493
314,19494
42,19495
196,19496
56,19497
273,19498
123,19499
74,19500
327,19501
115,19502
156,19503
264,19504
46,19505
8750,19506
18884,19507
104,19508
5698,19509
649,19510
381,19511
325,19512
323,19513
275,19514
15705,19515
16434,19516
19322,19517
3476,19518
7151,19519
17611,19520
16939,19521
14664,19522
17630,19523
10426,19524
681,19525
525,19526
242,19527
10233,19528
12031,19529
6859,19530
413,19531
625,19532
7837,19533
340,19534
9955,19535
15581,19536
8236,19537
9462,19538
8110,19539
10232,19540
9279,19541
8628,19542
664,19543
12891,19544
7710,19545
14119,19546
14100,19547
1558,19548
11053,19549
13450,19550
17057,19551
4002,19552
11700,19553
12201,19554
18120,19555
2329,19556
10333,19557
9761,19558
5812,19559
6784,19560
111,19561
217,19562
5562,19563
4368,19564
195,19565
3082,19566
684,19567
249,19568
16782,19569
172,19570
61,19571
296,19572
287,19573
373,19574
633,19575
3155,19576
642,19577
45,19578
7492,19579
60,19580
326,19581
272,19582
615,19583
53,19584
85,19585
650,19586
540,19587
424,19588
621,19589
10344,19590
17045,19591
5345,19592
865,19593
1683,19594
7125,19595
4662,19596
533,19597
545,19598
551,19599
566,19600
575,19601
612,19602
651,19603
657,19604
669,19605
18643,19606
13418,19607
52,19608
300,19609
88,19610
10020,19611
588,19612
547,19613
10125,19614
7968,19615
10073,19616
6834,19617
14428,19618
640,19619
12564,19620
535,19621
3103,19622
14285,19623
12503,19624
337,19625
6824,19626
62,19627
98,19628
393,19629
18878,19630
638,19631
10743,19632
260,19633
13690,19634
15463,19635
406,19636
354,19637
5614,19638
6822,19639
18284,19640
19149,19641
17108,19642
503,19643
315,19644
70,19645
18279,19646
2969,19647
338,19648
203,19649
619,19650
553,19651
6151,19652
101,19653
292,19654
10732,19655
9944,19656
567,19657
9559,19658
8771,19659
432,19660
12610,19661
9920,19662
324,19663
17116,19664
16526,19665
1074,19666
15940,19667
3107,19668
9320,19669
2511,19670
4371,19671
341,19672
16195,19673
63,19674
299,19675
9959,19676
308,19677
6865,19678
282,19679
316,19680
216,19681
112,19682
288,19683
16536,19684
1707,19685
211,19686
221,19687
225,19688
238,19689
246,19690
280,19691
317,19692
321,19693
329,19694
18043,19695
15199,19696
10689,19697
258,19698
223,19699
10794,19700
8602,19701
1907,19702
10009,19703
1858,19704
306,19705
1052,19706
213,19707
2468,19708
12973,19709
6199,19710
81,19711
9564,19712
304,19713
10574,19714
17741,19715
94,19716
48,19717
5513,19718
1254,19719
18885,19720
8686,19721
6322,19722
186,19723
20074,19724
286,19725
227,19726
8005,19727
1232,19728
5558,19729
239,19730
10283,19731
6249,19732
120,19733
9925,19734
5604,19735
17701,19736
17696,19737
8040,19738
2517,19739
7403,19740
4351,19741
12017,19742
13818,19743
10734,19744
12937,19745
7349,19746
7977,19747
10806,19748
8121,19749
2581,19750
14430,19751
6837,19752
1882,19753
19249,19754
8753,19755
8558,19756
6775,19757
377,19758
10756,19759
9218,19760
9914,19761
1890,19762
20083,19763
15022,19764
353,19765
7585,19766
7377,19767
7340,19768
3177,19769
8030,19770
6874,19771
3704,19772
5013,19773
6323,19774
13248,19775
9976,19776
3197,19777
4287,19778
19153,19779
4949,19780
7406,19781
8690,19782
6955,19783
10303,19784
585,19785
7479,19786
7422,19787
531,19788
9405,19789
611,19790
6769,19791
4377,19792
7486,19793
2730,19794
9416,19795
7398,19796
67,19797
1258,19798
5815,19799
6200,19800
9265,19801
10873,19802
544,19803
8735,19804
47,19805
421,19806
433,19807
513,19808
6777,19809
13220,19810
2541,19811
3216,19812
8037,19813
5518,19814
5612,19815
446,19816
470,19817
482,19818
396,19819
10643,19820
2561,19821
9917,19822
388,19823
6245,19824
7440,19825
8036,19826
3111,19827
457,19828
3697,19829
255,19830
9433,19831
11415,19832
209,19833
10072,19834
279,19835
5506,19836
14997,19837
6828,19838
7407,19839
10610,19840
9317,19841
9363,19842
7003,19843
4397,19844
6100,19845
17951,19846
220,19847
10107,19848
109,19849
121,19850
194,19851
9929,19852
15603,19853
3079,19854
390,19855
6743,19856
9334,19857
3116,19858
133,19859
154,19860
166,19861
84,19862
1213,19863
3127,19864
4380,19865
76,19866
6802,19867
6817,19868
1197,19869
6779,19870
142,19871
11285,19872
6193,19873
2471,19874
8594,19875
7996,19876
6830,19877
13835,19878
3085,19879
18552,19880
2549,19881
6077,19882
1835,19883
7480,19884
2482,19885
17366,19886
9439,19887
16785,19888
6224,19889
5624,19890
78,19891
6825,19892
1237,19893
5514,19894
4300,19895
6258,19896
2502,19897
10024,19898
3687,19899
7454,19900
17368,19901
11155,19902
3083,19903
1826,19904
1142,19905
1261,19906
12004,19907
475,19908
5026,19909
7445,19910
3807,19911
464,19912
10749,19913
3822,19914
11414,19915
17953,19916
16180,19917
5531,19918
4942,19919
2501,19920
383,19921
5517,19922
3124,19923
670,19924
1212,19925
5570,19926
4424,19927
3821,19928
586,19929
9419,19930
3215,19931
7483,19932
16198,19933
15611,19934
429,19935
9980,19936
4288,19937
15001,19938
7511,19939
9299,19940
3170,19941
8142,19942
159,19943
3803,19944
500,19945
16194,19946
3084,19947
148,19948
5625,19949
3154,19950
668,19951
2475,19952
389,19953
8684,19954
5023,19955
8126,19956
5543,19957
10057,19958
72,19959
4422,19960
3751,19961
330,19962
6883,19963
2579,19964
419,19965
4936,19966
5566,19967
626,19968
256,19969
8756,19970
494,19971
6842,19972
1285,19973
450,19974
8000,19975
4409,19976
573,19977
117,19978
1244,19979
11489,19980
10001,19981
574,19982
6771,19983
8638,19984
9978,19985
10026,19986
510,19987
8122,19988
183,19989
15607,19990
16173,19991
451,19992
9994,19993
1914,19994
328,19995
8688,19996
77,19997
8747,19998
3790,19999
671,20000
5579,20001
10086,20002
7490,20003
4394,20004
652,20005
6101,20006
1274,20007
686,20008
3770,20009
532,20010
107,20011
10058,20012
4966,20013
293,20014
10717,20015
178,20016
1867,20017
1202,20018
135,20019
13225,20020
5011,20021
244,20022
1270,20023
7391,20024
6188,20025
245,20026
8622,20027
3101,20028
10007,20029
4381,20030
191,20031
8683,20032
8776,20033
9945,20034
136,20035
1135,20036
14425,20037
4973,20038
3158,20039
5595,20040
331,20041
10634,20042
1893,20043
8120,20044
6166,20045
318,20046
6860,20047
8636,20048
343,20049
10713,20050
210,20051
9415,20052
2504,20053
1861,20054
15583,20055
3114,20056
7353,20057
8032,20058
5591,20059
5537,20060
8066,20061
7990,20062
1188,20063
10676,20064
2533,20065
2509,20066
2558,20067
3736,20068
16176,20069
3677,20070
5573,20071
8127,20072
6207,20073
10786,20074
10716,20075
9898,20076
6215,20077
6235,20078
15604,20079
6808,20080
8752,20081
9380,20082
1225,20083
4914,20084
10666,20085
7337,20086
9328,20087
8048,20088
8086,20089
7404,20090
8076,20091
16184,20092
10019,20093
2531,20094
4998,20095
9990,20096
1235,20097
17353,20098
9361,20099
10003,20100
3200,20101
10014,20102
8784,20103
10088,20104
1912,20105
8094,20106
8095,20107
13829,20108
6711,20109
8711,20110
10043,20111
4972,20112
9387,20113
8674,20114
10008,20115
14415,20116
6169,20117
6208,20118
5623,20119
3138,20120
5025,20121
5024,20122
3047,20123
5598,20124
4325,20125
8778,20126
7962,20127
5016,20128
10721,20129
3737,20130
1787,20131
6255,20132
8235,20133
4423,20134
1276,20135
7345,20136
9272,20137
10653,20138
6246,20139
10706,20140
4993,20141
1880,20142
2499,20143
8141,20144
4346,20145
3190,20146
8626,20147
7379,20148
546,20149
12623,20150
455,20151
511,20152
11396,20153
9420,20154
5622,20155
10778,20156
4903,20157
1934,20158
2508,20159
9982,20160
7376,20161
1933,20162
552,20163
407,20164
469,20165
8762,20166
9314,20167
9957,20168
6161,20169
10793,20170
10663,20171
4392,20172
10693,20173
9936,20174
468,20175
8726,20176
2554,20177
6206,20178
3702,20179
222,20180
3146,20181
140,20182
192,20183
6809,20184
6861,20185
365,20186
6209,20187
2480,20188
6857,20189
11401,20190
9468,20191
10649,20192
8004,20193
10128,20194
226,20195
95,20196
153,20197
10761,20198
11417,20199
9296,20200
10675,20201
10657,20202
9995,20203
10087,20204
8698,20205
10603,20206
152,20207
9389,20208
1921,20209
6831,20210
4321,20211
2510,20212
7493,20213
7509,20214
57,20215
10746,20216
7510,20217
7484,20218
13214,20219
395,20220
6800,20221
10611,20222
1917,20223
8294,20224
6257,20225
7433,20226
10805,20227
8618,20228
14999,20229
10748,20230
7358,20231
1306,20232
3792,20233
2487,20234
10104,20235
6882,20236
12631,20237
10740,20238
8123,20239
480,20240
6256,20241
8740,20242
502,20243
3176,20244
8140,20245
83,20246
9254,20247
3820,20248
1281,20249
1828,20250
479,20251
8063,20252
536,20253
2565,20254
4930,20255
5022,20256
1941,20257
496,20258
8139,20259
1307,20260
1943,20261
445,20262
3810,20263
3819,20264
6880,20265
164,20266
394,20267
5563,20268
185,20269
6881,20270
376,20271
4901,20272
534,20273
2577,20274
3180,20275
163,20276
9467,20277
214,20278
1942,20279
7508,20280
481,20281
355,20282
180,20283
627,20284
495,20285
519,20286
132,20287
9924,20288
658,20289
617,20290
82,20291
1873,20292
512,20293
66,20294
10660,20295
212,20296
384,20297
1271,20298
356,20299
520,20300
639,20301
165,20302
49,20303
294,20304
179,20305
199,20306
10135,20307
322,20308
284,20309
3769,20310
193,20311
8065,20312
73,20313
4298,20314
50,20315
200,20316
305,20317
554,20318
8071,20319
8085,20320
5594,20321
8615,20322
228,20323
10652,20324
10723,20325
3789,20326
8803,20327
9985,20328
6158,20329
1816,20330
408,20331
4395,20332
3213,20333
1181,20334
96,20335
4996,20336
378,20337
10804,20338
10077,20339
68,20340
483,20341
9410,20342
167,20343
8742,20344
7373,20345
8802,20346
497,20347
181,20348
