Node ID,Order
1,0
10,1
11,2
12,3
13,4
14,5
15,6
16,7
17,8
18,9
19,10
2,11
20,12
21,13
22,14
23,15
24,16
25,17
26,18
27,19
28,20
29,21
3,22
30,23
31,24
32,25
33,26
34,27
35,28
36,29
37,30
38,31
39,32
4,33
5,34
6,35
7,36
8,37
9,38
344,39
447,40
448,41
458,42
498,43
504,44
505,45
514,46
522,47
523,48
538,49
345,50
539,51
549,52
550,53
555,54
556,55
569,56
578,57
590,58
602,59
614,60
357,61
629,62
653,63
654,64
659,65
660,66
661,67
662,68
673,69
674,70
675,71
358,72
368,73
369,74
379,75
385,76
434,77
4389,78
2420,79
3160,80
10110,81
9953,82
16181,83
4941,84
6797,85
5014,86
6231,87
10674,88
1878,89
6221,90
5567,91
9354,92
3812,93
3784,94
3122,95
6796,96
3113,97
6801,98
1922,99
6819,100
4948,101
2513,102
10727,103
1278,104
3175,105
10664,106
10070,107
1268,108
7469,109
6134,110
14987,111
4963,112
10027,113
13833,114
5584,115
7459,116
1777,117
8087,118
16783,119
1220,120
1806,121
1829,122
7420,123
9315,124
8113,125
16773,126
8758,127
10764,128
1766,129
1155,130
3205,131
5589,132
3733,133
5550,134
1201,135
6163,136
7979,137
7442,138
7489,139
2426,140
1166,141
17362,142
3787,143
8050,144
10739,145
8035,146
4367,147
17364,148
9983,149
4361,150
3202,151
13236,152
10791,153
8089,154
8034,155
9970,156
16196,157
3132,158
7487,159
9385,160
6748,161
7390,162
7460,163
16185,164
4982,165
10109,166
9255,167
3071,168
6790,169
6190,170
4881,171
4950,172
5540,173
5587,174
19148,175
8595,176
6862,177
4978,178
1214,179
13824,180
4391,181
2534,182
10114,183
7405,184
6826,185
17950,186
8678,187
6146,188
2566,189
4929,190
10122,191
8670,192
6156,193
6179,194
1842,195
5606,196
9441,197
1856,198
1831,199
13812,200
15596,201
6184,202
5544,203
3801,204
8785,205
4915,206
3761,207
10708,208
13801,209
6210,210
10023,211
4987,212
2544,213
10780,214
2470,215
5578,216
5560,217
2550,218
6211,219
9421,220
18526,221
9973,222
6106,223
1177,224
10671,225
8633,226
8651,227
1920,228
8691,229
10661,230
8012,231
17942,232
16182,233
5006,234
9999,235
6201,236
6789,237
9358,238
15601,239
3121,240
4943,241
3758,242
10787,243
10106,244
17949,245
7342,246
2465,247
6835,248
9360,249
10704,250
6204,251
1286,252
9340,253
8667,254
10701,255
3186,256
1143,257
10083,258
6807,259
9306,260
10587,261
2506,262
3211,263
3786,264
8603,265
1284,266
8588,267
5519,268
1141,269
9290,270
5547,271
5559,272
7984,273
10729,274
8627,275
4951,276
6220,277
10714,278
13216,279
6229,280
8054,281
10777,282
17363,283
10659,284
1824,285
9388,286
9931,287
9399,288
15573,289
6186,290
2443,291
8718,292
1869,293
4913,294
5545,295
3773,296
15526,297
9967,298
8614,299
1865,300
435,301
8102,302
14996,303
8652,304
4323,305
10627,306
7494,307
17355,308
3203,309
10702,310
1863,311
5577,312
1241,313
5551,314
9257,315
8719,316
15012,317
10102,318
3066,319
8777,320
2520,321
9992,322
8619,323
10628,324
6140,325
7450,326
15000,327
10034,328
1802,329
8070,330
1233,331
4938,332
1896,333
9443,334
8794,335
15007,336
4995,337
6222,338
122,339
6757,340
15585,341
9313,342
2450,343
6767,344
9449,345
6884,346
7501,347
10637,348
1227,349
4977,350
1877,351
4931,352
10138,353
2456,354
6844,355
9470,356
10137,357
8796,358
7512,359
8143,360
8805,361
10807,362
8136,363
2469,364
6747,365
8767,366
12012,367
10017,368
9941,369
1277,370
1931,371
10111,372
10776,373
3785,374
1910,375
6847,376
3719,377
10021,378
5524,379
9469,380
6185,381
1825,382
610,383
8131,384
11347,385
4932,386
9397,387
3058,388
18408,389
584,390
14945,391
1822,392
599,393
375,394
3666,395
442,396
449,397
463,398
565,399
8195,400
12539,401
4904,402
10766,403
11408,404
14223,405
6772,406
17897,407
14845,408
9401,409
14043,410
4415,411
2439,412
13144,413
12006,414
17635,415
6064,416
12492,417
16098,418
382,419
6810,420
4958,421
278,422
8020,423
7438,424
10788,425
8773,426
7971,427
7423,428
254,429
3174,430
9993,431
268,432
65,433
17360,434
129,435
134,436
147,437
237,438
7998,439
14422,440
9981,441
2460,442
9345,443
8730,444
2580,445
10116,446
4960,447
5554,448
3040,449
9411,450
7988,451
2466,452
9322,453
10678,454
5533,455
71,456
8632,457
8708,458
16191,459
3139,460
2512,461
5247,462
5000,463
9418,464
3094,465
13819,466
7961,467
10773,468
2494,469
5983,470
7474,471
14413,472
8743,473
1262,474
12483,475
656,476
16174,477
14836,478
10774,479
1290,480
14092,481
2523,482
5539,483
10117,484
9277,485
10031,486
9310,487
2574,488
1938,489
3817,490
1937,491
1926,492
10132,493
1301,494
10133,495
8801,496
2575,497
4420,498
3130,499
12526,500
9465,501
10802,502
8138,503
17367,504
14427,505
320,506
9464,507
18540,508
20145,509
18551,510
19144,511
7507,512
1302,513
10801,514
3210,515
17952,516
8800,517
453,518
404,519
518,520
478,521
477,522
7344,523
493,524
444,525
391,526
431,527
405,528
492,529
10630,530
452,531
509,532
443,533
476,534
13832,535
501,536
417,537
465,538
9977,539
13746,540
517,541
15807,542
16502,543
17030,544
2282,545
2800,546
454,547
430,548
418,549
467,550
392,551
466,552
138,553
92,554
198,555
162,556
161,557
16092,558
177,559
131,560
79,561
119,562
93,563
176,564
8306,565
137,566
190,567
130,568
160,569
9330,570
184,571
105,572
149,573
4399,574
197,575
139,576
118,577
106,578
151,579
80,580
150,581
5511,582
9201,583
1735,584
8968,585
8972,586
14985,587
14931,588
14341,589
10728,590
9940,591
19336,592
6218,593
8039,594
6843,595
3734,596
10150,597
10155,598
10156,599
10158,600
10162,601
10165,602
10174,603
10177,604
10181,605
10184,606
10186,607
10196,608
10197,609
10208,610
10210,611
10211,612
10213,613
10217,614
10220,615
10227,616
10330,617
10367,618
10382,619
10408,620
10444,621
10454,622
10471,623
10538,624
10539,625
1056,626
10582,627
10588,628
10608,629
10635,630
10655,631
10726,632
10751,633
10815,634
10817,635
10893,636
10907,637
10914,638
10916,639
10948,640
11002,641
11004,642
11013,643
11262,644
11288,645
11317,646
11349,647
11413,648
11420,649
11421,650
11424,651
11425,652
11500,653
11502,654
11524,655
11554,656
10950,657
11570,658
11588,659
11630,660
11648,661
11837,662
11842,663
11870,664
1193,665
11958,666
11959,667
11968,668
12027,669
10516,670
12167,671
12178,672
12232,673
12243,674
12282,675
12316,676
12419,677
12447,678
12490,679
12501,680
12504,681
12516,682
12524,683
12527,684
1255,685
12582,686
12617,687
12634,688
12636,689
12637,690
1269,691
12774,692
12783,693
12788,694
12805,695
12830,696
12847,697
12849,698
13026,699
13037,700
13048,701
12395,702
13075,703
13097,704
13112,705
13126,706
13099,707
13127,708
11918,709
13204,710
13218,711
1322,712
1323,713
10912,714
13238,715
13241,716
13247,717
1327,718
1328,719
12920,720
1329,721
13332,722
13362,723
13363,724
1338,725
10172,726
10394,727
13428,728
13429,729
1343,730
1344,731
1346,732
1348,733
13496,734
13515,735
13527,736
1353,737
1354,738
1360,739
11583,740
12469,741
13670,742
12473,743
13682,744
11874,745
1369,746
10648,747
13695,748
13705,749
1371,750
10977,751
1372,752
11817,753
1376,754
13795,755
1321,756
13814,757
13839,758
1384,759
1385,760
1386,761
1387,762
11110,763
1391,764
12276,765
1392,766
12616,767
1393,768
13967,769
13973,770
13991,771
13996,772
1404,773
10991,774
14045,775
14046,776
14085,777
14097,778
1412,779
13088,780
14131,781
14135,782
1415,783
14225,784
14242,785
14248,786
14250,787
14266,788
14273,789
11258,790
14407,791
11955,792
14435,793
11048,794
14438,795
14439,796
11536,797
14440,798
14486,799
14611,800
14619,801
14626,802
14657,803
14666,804
14689,805
14703,806
14721,807
14726,808
14731,809
14733,810
14820,811
14834,812
11990,813
14838,814
12111,815
13662,816
14843,817
14846,818
14869,819
11977,820
14876,821
14929,822
14939,823
15027,824
14081,825
15031,826
15144,827
15178,828
15186,829
15188,830
15198,831
15240,832
15414,833
15423,834
15424,835
15425,836
15451,837
15452,838
15457,839
15472,840
15477,841
15520,842
15527,843
15567,844
13166,845
15589,846
15590,847
15613,848
15618,849
1562,850
15620,851
15622,852
15626,853
11597,854
15486,855
15695,856
15712,857
15771,858
15859,859
15871,860
15913,861
15919,862
15930,863
1598,864
15992,865
11284,866
16042,867
14234,868
16056,869
16063,870
16047,871
16068,872
16085,873
16102,874
1318,875
16121,876
16140,877
16189,878
16200,879
15405,880
16205,881
11900,882
11283,883
15981,884
16208,885
12507,886
14765,887
14864,888
11759,889
16210,890
16211,891
10397,892
16235,893
16279,894
16310,895
16314,896
16348,897
1638,898
16409,899
16418,900
1642,901
1007,902
14483,903
1417,904
11294,905
12598,906
16436,907
15049,908
16439,909
1647,910
16519,911
16532,912
10785,913
14491,914
16631,915
16636,916
16644,917
16650,918
16651,919
12371,920
15439,921
16659,922
12422,923
16684,924
16686,925
16696,926
16701,927
16787,928
16790,929
16793,930
15709,931
15639,932
16794,933
16795,934
16649,935
11211,936
1004,937
16797,938
12478,939
16798,940
16901,941
16917,942
16955,943
16961,944
16980,945
17034,946
17043,947
17067,948
17074,949
17104,950
17178,951
13666,952
17213,953
13830,954
17221,955
16317,956
17230,957
17231,958
17260,959
13776,960
17261,961
14270,962
17276,963
17279,964
17282,965
17288,966
17304,967
17342,968
17370,969
11235,970
17372,971
15735,972
16103,973
17373,974
17380,975
16919,976
17381,977
10578,978
11640,979
17383,980
17433,981
1746,982
17474,983
17537,984
17587,985
17600,986
17626,987
17660,988
17676,989
17693,990
17710,991
11212,992
1772,993
17764,994
14261,995
17777,996
17803,997
10096,998
10765,999
16380,1000
17821,1001
17828,1002
16156,1003
17853,1004
17868,1005
13064,1006
17908,1007
17944,1008
17358,1009
17955,1010
16937,1011
13870,1012
10175,1013
17962,1014
15887,1015
17963,1016
12247,1017
1804,1018
1168,1019
14668,1020
18054,1021
18067,1022
18082,1023
18096,1024
18102,1025
17820,1026
1811,1027
15299,1028
17808,1029
18113,1030
18167,1031
18203,1032
18224,1033
18237,1034
18240,1035
18265,1036
18272,1037
18404,1038
18410,1039
18411,1040
18413,1041
18415,1042
13034,1043
1534,1044
16680,1045
18419,1046
18426,1047
18430,1048
18437,1049
18438,1050
18450,1051
11170,1052
13054,1053
13602,1054
12565,1055
18453,1056
18475,1057
16118,1058
18479,1059
13665,1060
10443,1061
18484,1062
18485,1063
16084,1064
18491,1065
14374,1066
18492,1067
18497,1068
18509,1069
18521,1070
18525,1071
1687,1072
18529,1073
18549,1074
1855,1075
18568,1076
1049,1077
18633,1078
15079,1079
18656,1080
18704,1081
1871,1082
1874,1083
13197,1084
18746,1085
18750,1086
18792,1087
18800,1088
18833,1089
18873,1090
1895,1091
14336,1092
18999,1093
19003,1094
19013,1095
19014,1096
14811,1097
19024,1098
19025,1099
19028,1100
19032,1101
19034,1102
19042,1103
17754,1104
19046,1105
19084,1106
19090,1107
19097,1108
19112,1109
19114,1110
19139,1111
18098,1112
19154,1113
19165,1114
12007,1115
19217,1116
13471,1117
19235,1118
19243,1119
19266,1120
19289,1121
19294,1122
19312,1123
19326,1124
19332,1125
19334,1126
19337,1127
19356,1128
19383,1129
10860,1130
19403,1131
19404,1132
19426,1133
19462,1134
19521,1135
16171,1136
19537,1137
16052,1138
19558,1139
13660,1140
18355,1141
18957,1142
12442,1143
19037,1144
11181,1145
13198,1146
19616,1147
10143,1148
1084,1149
19621,1150
14236,1151
11772,1152
13155,1153
15987,1154
15403,1155
19647,1156
16066,1157
12391,1158
16078,1159
19648,1160
12390,1161
12997,1162
14964,1163
15554,1164
17513,1165
1966,1166
15877,1167
18466,1168
19667,1169
19686,1170
19689,1171
1969,1172
11239,1173
12885,1174
18576,1175
19697,1176
19698,1177
16104,1178
19731,1179
19740,1180
14117,1181
17076,1182
19744,1183
14590,1184
15818,1185
18653,1186
19755,1187
10350,1188
19757,1189
13440,1190
19761,1191
1644,1192
1977,1193
16693,1194
12363,1195
12455,1196
13769,1197
19790,1198
1981,1199
11335,1200
14677,1201
1982,1202
13062,1203
17217,1204
18173,1205
18966,1206
11315,1207
11126,1208
19708,1209
19821,1210
19833,1211
19836,1212
19855,1213
14463,1214
19860,1215
19869,1216
1987,1217
12893,1218
19645,1219
14819,1220
11546,1221
19871,1222
18076,1223
19896,1224
1992,1225
16666,1226
11165,1227
11251,1228
11770,1229
16072,1230
17275,1231
19921,1232
19922,1233
19933,1234
19971,1235
1998,1236
19105,1237
20020,1238
20024,1239
2006,1240
13090,1241
2007,1242
17295,1243
18407,1244
20076,1245
2010,1246
14240,1247
19665,1248
20119,1249
13187,1250
18690,1251
18090,1252
2013,1253
20165,1254
13170,1255
14127,1256
20168,1257
11898,1258
20208,1259
20204,1260
20210,1261
20213,1262
20216,1263
20227,1264
20228,1265
20230,1266
14798,1267
17200,1268
20233,1269
11273,1270
20242,1271
16647,1272
20250,1273
1315,1274
20266,1275
20285,1276
13932,1277
20295,1278
20297,1279
11545,1280
17809,1281
20339,1282
2038,1283
2040,1284
12467,1285
19988,1286
2044,1287
2081,1288
2031,1289
12520,1290
2137,1291
2138,1292
2142,1293
2154,1294
2160,1295
2206,1296
2236,1297
2254,1298
2260,1299
2270,1300
2308,1301
11895,1302
2317,1303
2319,1304
2363,1305
20257,1306
2378,1307
2418,1308
10085,1309
10754,1310
16089,1311
18349,1312
17854,1313
2451,1314
10534,1315
15773,1316
2529,1317
2599,1318
1137,1319
2023,1320
2601,1321
15195,1322
2607,1323
20312,1324
2610,1325
2612,1326
11029,1327
11426,1328
12026,1329
13616,1330
15711,1331
19052,1332
19607,1333
18303,1334
18403,1335
2369,1336
2629,1337
2634,1338
18729,1339
19085,1340
2645,1341
10593,1342
1129,1343
17526,1344
1767,1345
2648,1346
1147,1347
1266,1348
10763,1349
17499,1350
19074,1351
1089,1352
2649,1353
2277,1354
2361,1355
2652,1356
14290,1357
14662,1358
2654,1359
17106,1360
2658,1361
10640,1362
1289,1363
16837,1364
15498,1365
2659,1366
19110,1367
2660,1368
10928,1369
19056,1370
2665,1371
2670,1372
12166,1373
17410,1374
18511,1375
10874,1376
10762,1377
12479,1378
2677,1379
12175,1380
2680,1381
14309,1382
2682,1383
15413,1384
2684,1385
12250,1386
2685,1387
12481,1388
12787,1389
2760,1390
2783,1391
2807,1392
2820,1393
2821,1394
2831,1395
16803,1396
2860,1397
2880,1398
2888,1399
2895,1400
2897,1401
2905,1402
2908,1403
2918,1404
2921,1405
2924,1406
2958,1407
2986,1408
3001,1409
17146,1410
2366,1411
3006,1412
3014,1413
3017,1414
3020,1415
16403,1416
16989,1417
13281,1418
1374,1419
3022,1420
3064,1421
12577,1422
3065,1423
15499,1424
3078,1425
1758,1426
3108,1427
3120,1428
12550,1429
1072,1430
3134,1431
3135,1432
10100,1433
10769,1434
3142,1435
3167,1436
3185,1437
17913,1438
3206,1439
3230,1440
11705,1441
16669,1442
3235,1443
3241,1444
12761,1445
17244,1446
18920,1447
17830,1448
11751,1449
11964,1450
14796,1451
11361,1452
16492,1453
17081,1454
13890,1455
1418,1456
19620,1457
19970,1458
3242,1459
16294,1460
3246,1461
12488,1462
3248,1463
12234,1464
16675,1465
18531,1466
3251,1467
16713,1468
16678,1469
17051,1470
3252,1471
15421,1472
3259,1473
20237,1474
3260,1475
11102,1476
13650,1477
3261,1478
11277,1479
2174,1480
15660,1481
3263,1482
12426,1483
14849,1484
16952,1485
3272,1486
3273,1487
13125,1488
18901,1489
17895,1490
12336,1491
11359,1492
12944,1493
13168,1494
13534,1495
3274,1496
15415,1497
16859,1498
10012,1499
20315,1500
2572,1501
3277,1502
11353,1503
3280,1504
20272,1505
18464,1506
3281,1507
12735,1508
14461,1509
18505,1510
14297,1511
1014,1512
3285,1513
17652,1514
3287,1515
15123,1516
3292,1517
10230,1518
1396,1519
19692,1520
3294,1521
3295,1522
18859,1523
3296,1524
11291,1525
3314,1526
3367,1527
3381,1528
3397,1529
3398,1530
15654,1531
3401,1532
3402,1533
3449,1534
3457,1535
3487,1536
3494,1537
3497,1538
3498,1539
3535,1540
3541,1541
3556,1542
17983,1543
1351,1544
14402,1545
3557,1546
3570,1547
3613,1548
11388,1549
10313,1550
3623,1551
13706,1552
3629,1553
3648,1554
3668,1555
2547,1556
14420,1557
14232,1558
12397,1559
20345,1560
3676,1561
3678,1562
3686,1563
10510,1564
3721,1565
10799,1566
3725,1567
1879,1568
17873,1569
16562,1570
13747,1571
3728,1572
11611,1573
3752,1574
17875,1575
3791,1576
3839,1577
15444,1578
1596,1579
19009,1580
3842,1581
3843,1582
3847,1583
3848,1584
12461,1585
11823,1586
17097,1587
12046,1588
3845,1589
13494,1590
17414,1591
10222,1592
16386,1593
19668,1594
13059,1595
15378,1596
18318,1597
20271,1598
3853,1599
20239,1600
16125,1601
3855,1602
16485,1603
1771,1604
17277,1605
3859,1606
10124,1607
1294,1608
10567,1609
20332,1610
11088,1611
11692,1612
3864,1613
13960,1614
14296,1615
14288,1616
3865,1617
14000,1618
14872,1619
14938,1620
3868,1621
16071,1622
14969,1623
3873,1624
3875,1625
14520,1626
17284,1627
3877,1628
16639,1629
19367,1630
3881,1631
3882,1632
17263,1633
2836,1634
3885,1635
15804,1636
15069,1637
3892,1638
13701,1639
19999,1640
3894,1641
10442,1642
13623,1643
13505,1644
13611,1645
15450,1646
3897,1647
15599,1648
3900,1649
10779,1650
1587,1651
3903,1652
15437,1653
11820,1654
11801,1655
14926,1656
15938,1657
1717,1658
15481,1659
17765,1660
11337,1661
3939,1662
19471,1663
3954,1664
4085,1665
2065,1666
4095,1667
4113,1668
4128,1669
4133,1670
4144,1671
4152,1672
4153,1673
4155,1674
4235,1675
4236,1676
4244,1677
4273,1678
14967,1679
2790,1680
2155,1681
4295,1682
4308,1683
4347,1684
2481,1685
13167,1686
15284,1687
4359,1688
4396,1689
14238,1690
4439,1691
19654,1692
4441,1693
13691,1694
20252,1695
2826,1696
4443,1697
10590,1698
12458,1699
18965,1700
13626,1701
12406,1702
15519,1703
18362,1704
14930,1705
19469,1706
2900,1707
4446,1708
2262,1709
4447,1710
17823,1711
4448,1712
19059,1713
4455,1714
20240,1715
15445,1716
3995,1717
4458,1718
12464,1719
4477,1720
11320,1721
15223,1722
4478,1723
10388,1724
19606,1725
4480,1726
18183,1727
20267,1728
4481,1729
15113,1730
3622,1731
15670,1732
13150,1733
16057,1734
18367,1735
17901,1736
4403,1737
4482,1738
14145,1739
18405,1740
4485,1741
14015,1742
18499,1743
10636,1744
4489,1745
3147,1746
1320,1747
4490,1748
14400,1749
15164,1750
15410,1751
4497,1752
11402,1753
19077,1754
2332,1755
4499,1756
14277,1757
19423,1758
3918,1759
4469,1760
14682,1761
1868,1762
15465,1763
4532,1764
1394,1765
17379,1766
13069,1767
11150,1768
11252,1769
11754,1770
1591,1771
18359,1772
4562,1773
12008,1774
10130,1775
4576,1776
4587,1777
4629,1778
4637,1779
4666,1780
4688,1781
4726,1782
4743,1783
4755,1784
4771,1785
4772,1786
4789,1787
15054,1788
10166,1789
19012,1790
4790,1791
4791,1792
4805,1793
4813,1794
16138,1795
14113,1796
4825,1797
12829,1798
3775,1799
4837,1800
4838,1801
4854,1802
4857,1803
4866,1804
4874,1805
4897,1806
4907,1807
3712,1808
4921,1809
2094,1810
4961,1811
5040,1812
14533,1813
19138,1814
12592,1815
5043,1816
10631,1817
19975,1818
5044,1819
5047,1820
17209,1821
18218,1822
5050,1823
11690,1824
15042,1825
10152,1826
11020,1827
13040,1828
17270,1829
5051,1830
13645,1831
5054,1832
19341,1833
5056,1834
10316,1835
18467,1836
19679,1837
4219,1838
17930,1839
5061,1840
14304,1841
15345,1842
17843,1843
18784,1844
5071,1845
4916,1846
4238,1847
5072,1848
13433,1849
5073,1850
18473,1851
2129,1852
4216,1853
14889,1854
13565,1855
19500,1856
19136,1857
19743,1858
5076,1859
16043,1860
19912,1861
5077,1862
11623,1863
5080,1864
11036,1865
16656,1866
5088,1867
11676,1868
5089,1869
19824,1870
5090,1871
13355,1872
2055,1873
1999,1874
17274,1875
3800,1876
2382,1877
4871,1878
5091,1879
10501,1880
3767,1881
11332,1882
5093,1883
11935,1884
12727,1885
12667,1886
20293,1887
5097,1888
15461,1889
2857,1890
5099,1891
18204,1892
10859,1893
1419,1894
5100,1895
1114,1896
10540,1897
4180,1898
5108,1899
5218,1900
12650,1901
5227,1902
5229,1903
5235,1904
4635,1905
5242,1906
5251,1907
5263,1908
5266,1909
5271,1910
5302,1911
5304,1912
4705,1913
5317,1914
5324,1915
5329,1916
5332,1917
5342,1918
2708,1919
5079,1920
5361,1921
5366,1922
5383,1923
12051,1924
5391,1925
5394,1926
5413,1927
13764,1928
5424,1929
18976,1930
18983,1931
17802,1932
5425,1933
17197,1934
15500,1935
18291,1936
18317,1937
1092,1938
18379,1939
11941,1940
18918,1941
1729,1942
14772,1943
16559,1944
11992,1945
19643,1946
16578,1947
14321,1948
17196,1949
15506,1950
2349,1951
4234,1952
5428,1953
5431,1954
5436,1955
12950,1956
14762,1957
4228,1958
11153,1959
16545,1960
2402,1961
2859,1962
5437,1963
5458,1964
5479,1965
11393,1966
19716,1967
14757,1968
19109,1969
16544,1970
18904,1971
19651,1972
20251,1973
16018,1974
11832,1975
2537,1976
3173,1977
5494,1978
5500,1979
5503,1980
3649,1981
4096,1982
3492,1983
5512,1984
5523,1985
5555,1986
4955,1987
5495,1988
5561,1989
5593,1990
17877,1991
13687,1992
2844,1993
5627,1994
5628,1995
5637,1996
5639,1997
10982,1998
20241,1999
13712,2000
18235,2001
3305,2002
4457,2003
14260,2004
20290,2005
17567,2006
5640,2007
19409,2008
10840,2009
5438,2010
5642,2011
13367,2012
3717,2013
13717,2014
5644,2015
14012,2016
4909,2017
5647,2018
5661,2019
4935,2020
17267,2021
5667,2022
13085,2023
13560,2024
1576,2025
17177,2026
17928,2027
3632,2028
12813,2029
16542,2030
3652,2031
5668,2032
20006,2033
4313,2034
5670,2035
13685,2036
14957,2037
16881,2038
1420,2039
15615,2040
10505,2041
13686,2042
18669,2043
5673,2044
2221,2045
3620,2046
5238,2047
5676,2048
19069,2049
11762,2050
15475,2051
15356,2052
20100,2053
4262,2054
4868,2055
18738,2056
5683,2057
11647,2058
17800,2059
5689,2060
13058,2061
5690,2062
13102,2063
1690,2064
5692,2065
17629,2066
5709,2067
5716,2068
3874,2069
13114,2070
14852,2071
5727,2072
4491,2073
19636,2074
12974,2075
12482,2076
13584,2077
4816,2078
5731,2079
5735,2080
5775,2081
5791,2082
5800,2083
5811,2084
5833,2085
5836,2086
5843,2087
5844,2088
5849,2089
5851,2090
5860,2091
5862,2092
15759,2093
5896,2094
5920,2095
5926,2096
16831,2097
5934,2098
5938,2099
2051,2100
16202,2101
14890,2102
5958,2103
5959,2104
5960,2105
17394,2106
5976,2107
5980,2108
5993,2109
5995,2110
6005,2111
6012,2112
6021,2113
19719,2114
18300,2115
17300,2116
6040,2117
10646,2118
6045,2119
6067,2120
19822,2121
18029,2122
6070,2123
15466,2124
6099,2125
12596,2126
19225,2127
19820,2128
10844,2129
6117,2130
6129,2131
18477,2132
4976,2133
4398,2134
3794,2135
10115,2136
10784,2137
1860,2138
5617,2139
6165,2140
15539,2141
14638,2142
15826,2143
6196,2144
1292,2145
12683,2146
4908,2147
12597,2148
6198,2149
6202,2150
6216,2151
3708,2152
14345,2153
16501,2154
17089,2155
6225,2156
6236,2157
6252,2158
13244,2159
10435,2160
2147,2161
6269,2162
13945,2163
13274,2164
14356,2165
6274,2166
18115,2167
12674,2168
6276,2169
13541,2170
17233,2171
4513,2172
6278,2173
6011,2174
6281,2175
16083,2176
18779,2177
15048,2178
5645,2179
4781,2180
6285,2181
6286,2182
11680,2183
13071,2184
6289,2185
11854,2186
13067,2187
16876,2188
19453,2189
6294,2190
19076,2191
4786,2192
6296,2193
16665,2194
2753,2195
12065,2196
2041,2197
17604,2198
19715,2199
6298,2200
16622,2201
18820,2202
6302,2203
11074,2204
11899,2205
14373,2206
6306,2207
2371,2208
6307,2209
12808,2210
16768,2211
10047,2212
19772,2213
6309,2214
11810,2215
6311,2216
13938,2217
15011,2218
6312,2219
12902,2220
17287,2221
12465,2222
6315,2223
12444,2224
19452,2225
1959,2226
13677,2227
3218,2228
3827,2229
20048,2230
6316,2231
18465,2232
2152,2233
6318,2234
2163,2235
6059,2236
10040,2237
15894,2238
3195,2239
10622,2240
12009,2241
19894,2242
10545,2243
6319,2244
14644,2245
6006,2246
6321,2247
15786,2248
19703,2249
2717,2250
5096,2251
12609,2252
12459,2253
5498,2254
13173,2255
18214,2256
18815,2257
6341,2258
3872,2259
11222,2260
6348,2261
18567,2262
4821,2263
6357,2264
6366,2265
6104,2266
3067,2267
6397,2268
6404,2269
6418,2270
6475,2271
6500,2272
15074,2273
6520,2274
6521,2275
6523,2276
6544,2277
5124,2278
5672,2279
11242,2280
14278,2281
6545,2282
6555,2283
19170,2284
10168,2285
18105,2286
19102,2287
14937,2288
2715,2289
2030,2290
19709,2291
19856,2292
6587,2293
6590,2294
10244,2295
4465,2296
6474,2297
16823,2298
2633,2299
11641,2300
14306,2301
12570,2302
6595,2303
6619,2304
11849,2305
6631,2306
6632,2307
6637,2308
20093,2309
12443,2310
20175,2311
15419,2312
3010,2313
6643,2314
6652,2315
15684,2316
10670,2317
6653,2318
6654,2319
4172,2320
3569,2321
6655,2322
6656,2323
6669,2324
11606,2325
11208,2326
14805,2327
6680,2328
6683,2329
6684,2330
16902,2331
6687,2332
16880,2333
16648,2334
2757,2335
15434,2336
17769,2337
15435,2338
4598,2339
5197,2340
3917,2341
3262,2342
19414,2343
13265,2344
19608,2345
6696,2346
6701,2347
10699,2348
10030,2349
14855,2350
15369,2351
2374,2352
6721,2353
15489,2354
6722,2355
15815,2356
6742,2357
18787,2358
1422,2359
6759,2360
17827,2361
15996,2362
16065,2363
16583,2364
11839,2365
17195,2366
12445,2367
17781,2368
19634,2369
11790,2370
15468,2371
15365,2372
18496,2373
20121,2374
13117,2375
11748,2376
19099,2377
6768,2378
20057,2379
4558,2380
1164,2381
5373,2382
6786,2383
6795,2384
10016,2385
14289,2386
18926,2387
16756,2388
6818,2389
3743,2390
5019,2391
10190,2392
16114,2393
6823,2394
6866,2395
2569,2396
1932,2397
688,2398
13089,2399
12961,2400
18474,2401
12977,2402
13587,2403
14265,2404
19078,2405
14184,2406
3004,2407
3505,2408
6191,2409
6890,2410
3645,2411
6049,2412
10585,2413
4839,2414
18895,2415
6892,2416
11094,2417
14831,2418
1739,2419
6894,2420
4280,2421
17834,2422
4620,2423
6896,2424
17860,2425
3415,2426
5129,2427
690,2428
14652,2429
14479,2430
16093,2431
12955,2432
6007,2433
12348,2434
13766,2435
15966,2436
14361,2437
6900,2438
20061,2439
4822,2440
691,2441
6911,2442
10558,2443
11967,2444
5889,2445
13868,2446
5654,2447
14605,2448
5478,2449
6916,2450
12452,2451
11218,2452
14172,2453
13043,2454
1608,2455
12660,2456
16598,2457
11344,2458
16603,2459
17140,2460
17608,2461
19592,2462
19811,2463
3523,2464
17023,2465
14951,2466
5445,2467
6846,2468
6919,2469
15911,2470
10236,2471
14433,2472
11237,2473
11781,2474
15422,2475
20303,2476
4676,2477
6920,2478
18435,2479
13707,2480
12951,2481
14892,2482
2932,2483
6924,2484
16038,2485
16075,2486
4317,2487
13169,2488
20045,2489
19449,2490
6925,2491
13975,2492
18396,2493
6931,2494
1838,2495
10514,2496
19980,2497
1431,2498
13243,2499
1279,2500
13158,2501
18808,2502
13278,2503
6935,2504
16122,2505
17673,2506
6003,2507
6940,2508
10615,2509
14859,2510
6941,2511
11292,2512
14281,2513
15190,2514
6944,2515
15777,2516
5961,2517
15060,2518
2626,2519
14720,2520
6946,2521
17272,2522
13200,2523
18031,2524
18631,2525
6951,2526
2734,2527
4926,2528
696,2529
14308,2530
15152,2531
6960,2532
5039,2533
16938,2534
19035,2535
16020,2536
13147,2537
19016,2538
14794,2539
11946,2540
18387,2541
11891,2542
15989,2543
12498,2544
17160,2545
15544,2546
17746,2547
13768,2548
2086,2549
15503,2550
3433,2551
5241,2552
4035,2553
6976,2554
1388,2555
18042,2556
7006,2557
3097,2558
6741,2559
1497,2560
701,2561
11915,2562
702,2563
14568,2564
1442,2565
1389,2566
15860,2567
16231,2568
7026,2569
703,2570
13693,2571
15438,2572
17059,2573
19938,2574
7031,2575
7037,2576
7047,2577
7056,2578
706,2579
7068,2580
7076,2581
7104,2582
3308,2583
2639,2584
1515,2585
18432,2586
12933,2587
14274,2588
16607,2589
10536,2590
7105,2591
7106,2592
7112,2593
14450,2594
7118,2595
14598,2596
15189,2597
6997,2598
5105,2599
12554,2600
13162,2601
15934,2602
17690,2603
7129,2604
13275,2605
714,2606
12816,2607
12059,2608
17890,2609
13086,2610
5057,2611
12480,2612
11304,2613
15351,2614
10569,2615
16589,2616
17128,2617
18917,2618
2416,2619
5481,2620
6073,2621
715,2622
14239,2623
12571,2624
5933,2625
7154,2626
717,2627
14032,2628
2375,2629
19428,2630
2266,2631
11241,2632
2389,2633
16316,2634
17487,2635
7170,2636
719,2637
11281,2638
20261,2639
3957,2640
7205,2641
721,2642
1493,2643
3395,2644
7220,2645
724,2646
13934,2647
20329,2648
2084,2649
7245,2650
7247,2651
7248,2652
11578,2653
725,2654
10407,2655
4828,2656
7250,2657
7256,2658
2493,2659
727,2660
1538,2661
17256,2662
7276,2663
729,2664
13981,2665
10838,2666
2447,2667
16079,2668
6275,2669
19857,2670
3086,2671
7295,2672
7297,2673
4636,2674
10970,2675
7307,2676
731,2677
7313,2678
7320,2679
5167,2680
6086,2681
7321,2682
4258,2683
7327,2684
6624,2685
7328,2686
5469,2687
733,2688
14122,2689
14299,2690
13123,2691
7331,2692
13821,2693
15097,2694
14981,2695
7334,2696
17238,2697
7343,2698
14282,2699
1894,2700
16777,2701
4994,2702
2497,2703
2427,2704
7350,2705
14841,2706
7355,2707
19996,2708
7357,2709
14008,2710
736,2711
16682,2712
17169,2713
15482,2714
2140,2715
3602,2716
12573,2717
4206,2718
13178,2719
6494,2720
7367,2721
5473,2722
7371,2723
7380,2724
14311,2725
7381,2726
7385,2727
7394,2728
13710,2729
7399,2730
741,2731
1191,2732
13434,2733
19351,2734
2731,2735
10669,2736
7418,2737
742,2738
4358,2739
17855,2740
20150,2741
12489,2742
4769,2743
7430,2744
19664,2745
745,2746
18747,2747
1433,2748
747,2749
4600,2750
6130,2751
7426,2752
6111,2753
14839,2754
15377,2755
7503,2756
2036,2757
6080,2758
15523,2759
16504,2760
15918,2761
751,2762
10398,2763
17278,2764
20220,2765
5728,2766
2034,2767
13068,2768
19086,2769
4757,2770
752,2771
13228,2772
18427,2773
15960,2774
17819,2775
16547,2776
14340,2777
17198,2778
13745,2779
1701,2780
2283,2781
7523,2782
13639,2783
16661,2784
20177,2785
4147,2786
2082,2787
3895,2788
12275,2789
4232,2790
18311,2791
10529,2792
18912,2793
5466,2794
5887,2795
6706,2796
16776,2797
13902,2798
11996,2799
10647,2800
7541,2801
13023,2802
5185,2803
7542,2804
14138,2805
2996,2806
14815,2807
7544,2808
13073,2809
18051,2810
7545,2811
1727,2812
18155,2813
7547,2814
19979,2815
2570,2816
10091,2817
7549,2818
15699,2819
19789,2820
10195,2821
19611,2822
13564,2823
14880,2824
17716,2825
16626,2826
17836,2827
18394,2828
14807,2829
20115,2830
16039,2831
15394,2832
11814,2833
20209,2834
13613,2835
11811,2836
17163,2837
17250,2838
19568,2839
4834,2840
16552,2841
17138,2842
3628,2843
5435,2844
17724,2845
16625,2846
16029,2847
15396,2848
20200,2849
6688,2850
5771,2851
3011,2852
7135,2853
7553,2854
7557,2855
17536,2856
17865,2857
11757,2858
19712,2859
17722,2860
17723,2861
7272,2862
7561,2863
18449,2864
17852,2865
18866,2866
7564,2867
10431,2868
3144,2869
11338,2870
5403,2871
7565,2872
15155,2873
3912,2874
2002,2875
10918,2876
7566,2877
18508,2878
7570,2879
1696,2880
7572,2881
16685,2882
17839,2883
4709,2884
7573,2885
13649,2886
18968,2887
16691,2888
12364,2889
12971,2890
14970,2891
15560,2892
19877,2893
7574,2894
12785,2895
13692,2896
20123,2897
17841,2898
16012,2899
11982,2900
18326,2901
12583,2902
12161,2903
7576,2904
12308,2905
16931,2906
18512,2907
12339,2908
13909,2909
15440,2910
18322,2911
18954,2912
19747,2913
6704,2914
6746,2915
7582,2916
11339,2917
15905,2918
7583,2919
7359,2920
10103,2921
5509,2922
10584,2923
7588,2924
16788,2925
19652,2926
12519,2927
12954,2928
14198,2929
15958,2930
4896,2931
1473,2932
16259,2933
2301,2934
5350,2935
6135,2936
7378,2937
18618,2938
18764,2939
4971,2940
7592,2941
1324,2942
2280,2943
14481,2944
5688,2945
15085,2946
10795,2947
4417,2948
2647,2949
12708,2950
2398,2951
1300,2952
17964,2953
1297,2954
13771,2955
7600,2956
3870,2957
12476,2958
7190,2959
2696,2960
4466,2961
16671,2962
17032,2963
761,2964
12152,2965
19638,2966
15665,2967
4267,2968
6668,2969
6867,2970
7613,2971
2029,2972
12197,2973
1820,2974
766,2975
19079,2976
19947,2977
3610,2978
12512,2979
11144,2980
12965,2981
10532,2982
6047,2983
18735,2984
7677,2985
768,2986
18781,2987
1902,2988
17943,2989
16855,2990
16186,2991
19974,2992
5388,2993
5395,2994
3588,2995
7694,2996
13273,2997
712,2998
13517,2999
3768,3000
14593,3001
4609,3002
7704,3003
771,3004
16642,3005
4704,3006
6053,3007
772,3008
774,3009
3431,3010
7746,3011
7750,3012
7753,3013
7775,3014
7781,3015
779,3016
17893,3017
18798,3018
16215,3019
18556,3020
14613,3021
18493,3022
7792,3023
7799,3024
780,3025
11107,3026
18458,3027
781,3028
3052,3029
18657,3030
3407,3031
10246,3032
4891,3033
7652,3034
5493,3035
7810,3036
782,3037
18650,3038
19060,3039
11902,3040
783,3041
15739,3042
3722,3043
13100,3044
7831,3045
7834,3046
7840,3047
13282,3048
3288,3049
7859,3050
7861,3051
10243,3052
10151,3053
13108,3054
13522,3055
7864,3056
17801,3057
7869,3058
1087,3059
14324,3060
18988,3061
14332,3062
787,3063
7871,3064
7872,3065
11187,3066
11792,3067
14941,3068
15530,3069
7196,3070
7876,3071
11912,3072
7877,3073
20131,3074
17883,3075
14170,3076
6008,3077
7878,3078
15441,3079
788,3080
1366,3081
14835,3082
13109,3083
15967,3084
11398,3085
16968,3086
18955,3087
19529,3088
13798,3089
20166,3090
10576,3091
6084,3092
7882,3093
7885,3094
4364,3095
14975,3096
7658,3097
7891,3098
7893,3099
19693,3100
7900,3101
16506,3102
7904,3103
15882,3104
17642,3105
7906,3106
7915,3107
7930,3108
7933,3109
16309,3110
19258,3111
7939,3112
7941,3113
13925,3114
7952,3115
13751,3116
2321,3117
7953,3118
7957,3119
7960,3120
7964,3121
7972,3122
7973,3123
7985,3124
3436,3125
7989,3126
12143,3127
15831,3128
19918,3129
7994,3130
4335,3131
3730,3132
8010,3133
3756,3134
4360,3135
6251,3136
4496,3137
17661,3138
17918,3139
8014,3140
6160,3141
1936,3142
4464,3143
12622,3144
802,3145
8025,3146
13180,3147
3389,3148
8031,3149
4393,3150
2546,3151
4220,3152
11197,3153
18501,3154
8046,3155
6666,3156
5289,3157
4690,3158
2700,3159
10204,3160
13435,3161
5427,3162
15608,3163
8067,3164
14911,3165
20087,3166
8073,3167
6878,3168
2479,3169
7543,3170
6875,3171
8080,3172
8079,3173
8090,3174
8092,3175
8099,3176
8108,3177
8112,3178
11986,3179
13368,3180
15151,3181
813,3182
6933,3183
13817,3184
2899,3185
10835,3186
1973,3187
2491,3188
19706,3189
6001,3190
18321,3191
6626,3192
15988,3193
12588,3194
20117,3195
13193,3196
11542,3197
8135,3198
2012,3199
16373,3200
7306,3201
814,3202
8151,3203
12155,3204
14810,3205
8156,3206
10866,3207
1132,3208
18706,3209
3196,3210
7506,3211
1352,3212
5156,3213
6791,3214
15610,3215
3841,3216
4316,3217
13774,3218
18107,3219
18707,3220
8157,3221
7485,3222
4934,3223
5535,3224
17338,3225
8159,3226
12499,3227
17159,3228
16673,3229
4151,3230
6132,3231
8162,3232
13810,3233
17340,3234
2197,3235
2832,3236
8163,3237
14214,3238
6485,3239
8164,3240
11032,3241
3646,3242
13758,3243
5288,3244
11890,3245
7798,3246
6540,3247
7303,3248
8165,3249
13661,3250
13590,3251
14603,3252
20280,3253
8167,3254
14099,3255
2709,3256
3166,3257
14901,3258
755,3259
10458,3260
10638,3261
8171,3262
2168,3263
4521,3264
5069,3265
11216,3266
1648,3267
19633,3268
7612,3269
2664,3270
15864,3271
18442,3272
8174,3273
13106,3274
10881,3275
11997,3276
13916,3277
16366,3278
20041,3279
2894,3280
6096,3281
8177,3282
13513,3283
8178,3284
10753,3285
7216,3286
17980,3287
3851,3288
2505,3289
3141,3290
6763,3291
818,3292
773,3293
15798,3294
5564,3295
14917,3296
20079,3297
8180,3298
12231,3299
16629,3300
13015,3301
13637,3302
14221,3303
17704,3304
18389,3305
13033,3306
18979,3307
12427,3308
18900,3309
18989,3310
14369,3311
3600,3312
3951,3313
20278,3314
12354,3315
17171,3316
16154,3317
1731,3318
4203,3319
4255,3320
5421,3321
6678,3322
8181,3323
1042,3324
19115,3325
13050,3326
18897,3327
14882,3328
12964,3329
14353,3330
18296,3331
14943,3332
4122,3333
8184,3334
13052,3335
13844,3336
11310,3337
10810,3338
11784,3339
10105,3340
8185,3341
11830,3342
3444,3343
8187,3344
3799,3345
8045,3346
7415,3347
20336,3348
4751,3349
5352,3350
6969,3351
4468,3352
19398,3353
6004,3354
11306,3355
794,3356
5067,3357
20310,3358
4208,3359
4905,3360
13898,3361
10783,3362
15099,3363
4299,3364
4550,3365
1836,3366
7711,3367
7879,3368
20095,3369
20124,3370
16762,3371
11488,3372
17351,3373
18018,3374
10069,3375
2842,3376
5762,3377
6380,3378
10621,3379
6736,3380
12691,3381
13320,3382
16272,3383
1773,3384
18131,3385
3037,3386
4988,3387
6391,3388
8188,3389
17564,3390
18573,3391
3711,3392
14980,3393
6778,3394
6902,3395
17645,3396
8190,3397
16990,3398
6639,3399
4266,3400
8196,3401
15707,3402
7356,3403
5556,3404
8197,3405
3879,3406
13806,3407
19763,3408
14977,3409
2037,3410
15294,3411
13259,3412
3227,3413
3833,3414
5574,3415
6223,3416
6752,3417
5038,3418
19205,3419
12600,3420
14399,3421
8160,3422
13621,3423
3579,3424
1434,3425
3616,3426
4470,3427
15400,3428
12425,3429
12938,3430
13610,3431
15392,3432
12517,3433
17706,3434
12330,3435
13704,3436
18126,3437
20097,3438
16711,3439
4224,3440
17745,3441
13773,3442
18328,3443
10530,3444
4546,3445
13057,3446
13181,3447
19517,3448
1742,3449
4818,3450
6044,3451
8199,3452
11889,3453
17095,3454
6026,3455
19461,3456
8201,3457
15587,3458
15737,3459
17312,3460
8209,3461
17648,3462
4320,3463
3563,3464
11581,3465
15806,3466
19961,3467
8214,3468
6127,3469
8219,3470
10620,3471
11363,3472
1541,3473
17595,3474
6461,3475
8224,3476
15310,3477
13863,3478
20299,3479
2608,3480
12177,3481
16694,3482
8227,3483
10984,3484
15446,3485
17225,3486
19967,3487
4673,3488
8229,3489
17553,3490
1837,3491
13061,3492
14748,3493
18448,3494
14151,3495
17778,3496
5825,3497
6052,3498
6676,3499
15772,3500
8232,3501
18140,3502
20306,3503
16700,3504
8244,3505
1961,3506
11619,3507
3183,3508
4227,3509
13761,3510
15991,3511
17889,3512
11135,3513
20099,3514
3504,3515
7296,3516
7801,3517
7924,3518
5239,3519
8257,3520
5078,3521
17248,3522
17222,3523
12405,3524
14954,3525
18365,3526
19992,3527
20167,3528
3310,3529
3639,3530
7905,3531
8200,3532
10961,3533
12781,3534
8266,3535
5679,3536
17891,3537
7735,3538
8280,3539
8230,3540
17501,3541
13848,3542
18558,3543
15166,3544
20319,3545
20096,3546
19724,3547
14752,3548
10549,3549
15342,3550
15565,3551
13343,3552
6714,3553
6634,3554
8283,3555
10401,3556
8315,3557
1425,3558
4461,3559
11865,3560
1984,3561
5829,3562
10261,3563
5086,3564
20298,3565
15977,3566
16628,3567
14208,3568
12522,3569
10309,3570
12948,3571
11919,3572
13920,3573
18603,3574
18622,3575
17099,3576
19147,3577
16459,3578
3644,3579
3798,3580
1500,3581
4101,3582
16397,3583
15809,3584
4645,3585
6194,3586
1509,3587
5222,3588
4622,3589
1454,3590
2046,3591
14631,3592
7669,3593
18270,3594
18871,3595
15058,3596
8316,3597
8330,3598
8338,3599
10275,3600
3899,3601
10319,3602
14295,3603
11742,3604
5432,3605
11138,3606
18530,3607
18919,3608
13174,3609
2917,3610
8344,3611
19189,3612
1996,3613
7370,3614
2741,3615
18625,3616
3988,3617
5183,3618
6749,3619
12300,3620
7107,3621
7737,3622
8051,3623
3502,3624
10377,3625
15187,3626
8355,3627
8373,3628
8382,3629
6990,3630
8402,3631
8407,3632
8422,3633
3312,3634
7552,3635
14303,3636
14713,3637
8429,3638
4092,3639
16982,3640
2697,3641
8461,3642
8463,3643
8474,3644
8490,3645
8497,3646
8500,3647
8512,3648
8517,3649
852,3650
8520,3651
17241,3652
1088,3653
11271,3654
18037,3655
18371,3656
12544,3657
18637,3658
12720,3659
19526,3660
13741,3661
19569,3662
19730,3663
2096,3664
11348,3665
2993,3666
15409,3667
14800,3668
17763,3669
19741,3670
20341,3671
18786,3672
4247,3673
4338,3674
8523,3675
13056,3676
8530,3677
14615,3678
18283,3679
8531,3680
8533,3681
5153,3682
17237,3683
19641,3684
14764,3685
17912,3686
8535,3687
12142,3688
15317,3689
15903,3690
2846,3691
5882,3692
7213,3693
8537,3694
3698,3695
8539,3696
13531,3697
855,3698
8551,3699
8552,3700
2822,3701
8556,3702
11988,3703
8561,3704
16313,3705
16899,3706
19186,3707
5660,3708
14244,3709
2552,3710
7684,3711
4533,3712
6304,3713
1180,3714
19021,3715
17191,3716
17905,3717
6524,3718
8565,3719
8566,3720
11893,3721
1073,3722
13923,3723
13206,3724
13309,3725
1219,3726
1719,3727
14862,3728
1720,3729
2376,3730
2749,3731
2882,3732
5359,3733
15881,3734
14480,3735
2045,3736
12315,3737
5525,3738
17435,3739
16120,3740
2747,3741
15584,3742
6089,3743
14103,3744
11034,3745
10438,3746
6381,3747
18104,3748
6988,3749
8581,3750
7180,3751
4759,3752
16468,3753
8589,3754
2568,3755
5468,3756
15926,3757
3805,3758
5609,3759
8592,3760
11853,3761
19565,3762
14383,3763
8599,3764
8605,3765
8616,3766
862,3767
8623,3768
13373,3769
18050,3770
863,3771
800,3772
2014,3773
19711,3774
8191,3775
5499,3776
11910,3777
11141,3778
13778,3779
13385,3780
5925,3781
8637,3782
1476,3783
12195,3784
6378,3785
8006,3786
8648,3787
16719,3788
7235,3789
17309,3790
8649,3791
5528,3792
1165,3793
7341,3794
1747,3795
8655,3796
8659,3797
3072,3798
8660,3799
18982,3800
15537,3801
19151,3802
15822,3803
17751,3804
15553,3805
2553,3806
14360,3807
4337,3808
11670,3809
1658,3810
1022,3811
20340,3812
2218,3813
8570,3814
8669,3815
12424,3816
8675,3817
10667,3818
16752,3819
12165,3820
12773,3821
5701,3822
14434,3823
11840,3824
18553,3825
8687,3826
8694,3827
18248,3828
7386,3829
7809,3830
8289,3831
8016,3832
8473,3833
13258,3834
8699,3835
7824,3836
8706,3837
11287,3838
2853,3839
18584,3840
3005,3841
8714,3842
15447,3843
8721,3844
8725,3845
10002,3846
14229,3847
11793,3848
13128,3849
8727,3850
8411,3851
7758,3852
5873,3853
15073,3854
6313,3855
5173,3856
7620,3857
6937,3858
14283,3859
3421,3860
5384,3861
4783,3862
5412,3863
14932,3864
6056,3865
8374,3866
8728,3867
873,3868
790,3869
3860,3870
14583,3871
1840,3872
4384,3873
18011,3874
10605,3875
4405,3876
8733,3877
8737,3878
10735,3879
3727,3880
8137,3881
2624,3882
7400,3883
3802,3884
4406,3885
8744,3886
8779,3887
8790,3888
8793,3889
8812,3890
19145,3891
13737,3892
17112,3893
8813,3894
11920,3895
1954,3896
18856,3897
10889,3898
6889,3899
2948,3900
4910,3901
14894,3902
17126,3903
18716,3904
13172,3905
14669,3906
19291,3907
3466,3908
4045,3909
7944,3910
853,3911
8814,3912
18417,3913
11247,3914
7959,3915
6030,3916
2951,3917
3555,3918
8815,3919
15005,3920
16640,3921
6422,3922
8819,3923
11905,3924
4429,3925
5068,3926
10193,3927
12505,3928
13657,3929
13950,3930
2613,3931
16101,3932
7785,3933
8144,3934
13350,3935
12129,3936
8825,3937
16302,3938
18489,3939
8830,3940
11084,3941
11467,3942
10819,3943
13159,3944
12084,3945
13387,3946
13789,3947
14858,3948
14286,3949
16558,3950
10526,3951
16687,3952
14181,3953
18482,3954
8837,3955
12763,3956
19064,3957
19561,3958
18528,3959
4134,3960
8838,3961
14829,3962
12486,3963
16019,3964
18164,3965
8840,3966
10066,3967
3092,3968
3565,3969
8842,3970
3520,3971
8844,3972
14526,3973
8845,3974
14535,3975
11831,3976
14865,3977
18339,3978
20309,3979
3655,3980
13424,3981
15205,3982
14021,3983
11980,3984
8477,3985
1432,3986
1379,3987
16780,3988
15471,3989
12963,3990
13698,3991
4127,3992
8848,3993
20254,3994
8519,3995
5597,3996
16728,3997
14702,3998
15292,3999
3316,4000
744,4001
16116,4002
2011,4003
2196,4004
8613,4005
16705,4006
18309,4007
1732,4008
18232,4009
7743,4010
5857,4011
6362,4012
2681,4013
7249,4014
1477,4015
11412,4016
15140,4017
19268,4018
19534,4019
13031,4020
11804,4021
20300,4022
12692,4023
1265,4024
1544,4025
2089,4026
15799,4027
16187,4028
18652,4029
17492,4030
16907,4031
1428,4032
4607,4033
1523,4034
6457,4035
14577,4036
8849,4037
11246,4038
3468,4039
14462,4040
4675,4041
16152,4042
704,4043
11603,4044
11851,4045
13881,4046
19566,4047
19091,4048
17149,4049
14293,4050
17735,4051
17292,4052
19512,4053
17880,4054
2128,4055
12567,4056
3893,4057
16491,4058
8858,4059
20274,4060
6939,4061
19619,4062
756,4063
17842,4064
4641,4065
8860,4066
16343,4067
15756,4068
2854,4069
15290,4070
3657,4071
5175,4072
6762,4073
1494,4074
7919,4075
16382,4076
857,4077
7921,4078
8861,4079
11046,4080
14837,4081
10421,4082
12233,4083
15121,4084
15767,4085
12328,4086
17316,4087
13963,4088
16391,4089
18027,4090
18217,4091
18627,4092
18870,4093
3478,4094
3661,4095
10366,4096
5994,4097
12306,4098
6608,4099
7923,4100
7722,4101
7093,4102
8863,4103
13076,4104
16695,4105
18125,4106
8866,4107
13334,4108
5472,4109
12000,4110
8870,4111
1778,4112
10305,4113
1140,4114
17058,4115
18681,4116
18751,4117
16216,4118
6651,4119
7084,4120
18773,4121
8816,4122
10905,4123
4296,4124
11521,4125
12421,4126
16853,4127
10036,4128
15090,4129
18264,4130
5379,4131
5205,4132
5895,4133
7762,4134
18700,4135
8871,4136
10038,4137
19124,4138
6508,4139
14466,4140
2618,4141
14600,4142
7362,4143
17906,4144
8872,4145
13694,4146
13651,4147
12076,4148
14168,4149
16563,4150
17776,4151
14979,4152
11492,4153
12685,4154
12705,4155
10402,4156
13924,4157
15197,4158
17345,4159
18813,4160
19525,4161
2408,4162
13896,4163
13235,4164
16857,4165
18802,4166
2325,4167
3045,4168
3949,4169
1827,4170
5491,4171
11469,4172
10119,4173
1481,4174
15104,4175
17935,4176
4644,4177
5768,4178
10566,4179
6112,4180
6237,4181
6242,4182
6719,4183
10286,4184
2737,4185
4312,4186
6764,4187
7637,4188
4765,4189
7393,4190
7649,4191
1694,4192
4906,4193
7742,4194
8298,4195
11504,4196
6122,4197
8574,4198
8591,4199
871,4200
8873,4201
13641,4202
13951,4203
18596,4204
2008,4205
14302,4206
1609,4207
8874,4208
18022,4209
10725,4210
1935,4211
8877,4212
7066,4213
7873,4214
14231,4215
8878,4216
14284,4217
18112,4218
8879,4219
1884,4220
14888,4221
2229,4222
11428,4223
17960,4224
19072,4225
8880,4226
14055,4227
12054,4228
2400,4229
4452,4230
14558,4231
19787,4232
7263,4233
1077,4234
8193,4235
17947,4236
10517,4237
2179,4238
8882,4239
20317,4240
4695,4241
8884,4242
16109,4243
14174,4244
12462,4245
14756,4246
17290,4247
1081,4248
12967,4249
11838,4250
17728,4251
18915,4252
13116,4253
19049,4254
19098,4255
19655,4256
8885,4257
13294,4258
3207,4259
8798,4260
8888,4261
10633,4262
10525,4263
17496,4264
889,4265
8890,4266
8891,4267
16059,4268
7749,4269
8899,4270
8150,4271
12014,4272
13049,4273
16875,4274
8901,4275
15614,4276
18209,4277
809,4278
17965,4279
10464,4280
8909,4281
7551,4282
14842,4283
10126,4284
12389,4285
15529,4286
16454,4287
17042,4288
20157,4289
13190,4290
8910,4291
3863,4292
18400,4293
2330,4294
6363,4295
5103,4296
4833,4297
1862,4298
10055,4299
19125,4300
11694,4301
8503,4302
8912,4303
4471,4304
13511,4305
8930,4306
3889,4307
11861,4308
14049,4309
4126,4310
8933,4311
8936,4312
5682,4313
5810,4314
17391,4315
3243,4316
14067,4317
20308,4318
11143,4319
16716,4320
19722,4321
11125,4322
17894,4323
19966,4324
4515,4325
5665,4326
13711,4327
11122,4328
11234,4329
17306,4330
11726,4331
13630,4332
1459,4333
14709,4334
19387,4335
17413,4336
4959,4337
8979,4338
8980,4339
8984,4340
8322,4341
899,4342
8992,4343
2134,4344
6673,4345
8999,4346
5111,4347
6272,4348
13930,4349
12070,4350
15092,4351
17273,4352
13969,4353
14101,4354
16580,4355
11873,4356
19844,4357
20289,4358
19544,4359
1769,4360
16254,4361
14424,4362
19661,4363
13552,4364
13599,4365
1756,4366
11474,4367
20349,4368
2322,4369
17389,4370
3603,4371
6118,4372
2143,4373
5320,4374
3514,4375
4540,4376
6699,4377
1470,4378
2444,4379
3370,4380
6950,4381
1043,4382
12435,4383
7970,4384
14500,4385
8168,4386
5429,4387
1566,4388
8155,4389
11087,4390
15016,4391
20294,4392
20129,4393
4510,4394
2604,4395
13667,4396
18857,4397
8549,4398
9000,4399
9002,4400
18587,4401
8189,4402
12191,4403
17254,4404
11822,4405
11156,4406
11276,4407
11760,4408
1091,4409
12986,4410
14755,4411
13135,4412
16560,4413
16734,4414
19518,4415
16145,4416
4792,4417
7267,4418
9018,4419
9020,4420
5127,4421
2653,4422
15018,4423
16326,4424
20304,4425
11146,4426
14241,4427
11750,4428
15385,4429
9031,4430
8935,4431
15033,4432
2281,4433
9032,4434
6324,4435
5638,4436
16352,4437
6793,4438
7431,4439
18061,4440
18579,4441
20217,4442
13072,4443
6280,4444
17246,4445
6906,4446
19275,4447
10841,4448
8077,4449
17832,4450
14793,4451
8175,4452
16041,4453
3021,4454
6576,4455
8546,4456
4078,4457
9036,4458
11518,4459
9039,4460
9043,4461
15066,4462
1381,4463
10345,4464
11430,4465
18723,4466
3232,4467
11560,4468
16119,4469
20231,4470
2754,4471
5423,4472
12400,4473
18424,4474
11794,4475
13129,4476
16541,4477
11244,4478
16601,4479
14246,4480
17190,4481
17223,4482
16027,4483
13647,4484
16605,4485
20236,4486
14201,4487
17886,4488
12351,4489
19116,4490
14156,4491
11825,4492
13608,4493
1483,4494
15406,4495
14205,4496
14513,4497
12914,4498
16759,4499
14140,4500
18487,4501
19523,4502
16692,4503
18924,4504
19219,4505
10062,4506
2873,4507
2238,4508
3753,4509
4082,4510
4357,4511
5117,4512
5145,4513
19925,4514
5245,4515
6732,4516
12926,4517
19848,4518
19253,4519
2052,4520
19156,4521
18091,4522
7439,4523
18675,4524
5817,4525
6443,4526
2710,4527
18563,4528
17024,4529
829,4530
15825,4531
834,4532
16936,4533
8673,4534
4671,4535
13499,4536
15280,4537
4538,4538
3297,4539
15156,4540
9044,4541
9047,4542
17992,4543
1995,4544
11557,4545
10259,4546
13060,4547
16004,4548
12453,4549
12386,4550
13175,4551
1650,4552
17807,4553
18990,4554
15487,4555
19395,4556
20153,4557
18533,4558
14651,4559
3883,4560
19004,4561
2833,4562
9054,4563
7101,4564
9060,4565
9072,4566
7115,4567
9085,4568
9098,4569
9107,4570
9108,4571
9109,4572
911,4573
1548,4574
9128,4575
14485,4576
10228,4577
15480,4578
9154,4579
11434,4580
3236,4581
12185,4582
15591,4583
13208,4584
19954,4585
7625,4586
3299,4587
11105,4588
13280,4589
3102,4590
5669,4591
11973,4592
1337,4593
11369,4594
5838,4595
8354,4596
9155,4597
9156,4598
9175,4599
14212,4600
9178,4601
9179,4602
15986,4603
12619,4604
16090,4605
17131,4606
18295,4607
1151,4608
19552,4609
6703,4610
6821,4611
9180,4612
9199,4613
12313,4614
12921,4615
19167,4616
699,4617
2646,4618
3025,4619
3455,4620
6987,4621
4494,4622
19036,4623
4663,4624
7884,4625
12449,4626
16889,4627
17194,4628
11248,4629
18298,4630
18361,4631
1743,4632
18964,4633
19023,4634
8761,4635
9112,4636
19662,4637
12990,4638
18433,4639
11169,4640
18374,4641
8544,4642
9202,4643
9204,4644
12249,4645
11644,4646
9205,4647
19347,4648
9103,4649
1453,4650
9209,4651
12804,4652
9214,4653
16921,4654
17507,4655
18582,4656
4454,4657
15595,4658
1253,4659
3163,4660
11974,4661
7748,4662
7117,4663
9220,4664
9223,4665
4243,4666
9224,4667
9225,4668
9230,4669
15692,4670
17449,4671
6760,4672
9236,4673
6622,4674
18330,4675
14822,4676
13002,4677
14375,4678
20181,4679
13779,4680
3406,4681
9243,4682
5461,4683
10449,4684
8451,4685
13277,4686
1997,4687
2050,4688
3118,4689
3970,4690
19779,4691
6910,4692
16653,4693
12998,4694
17334,4695
17863,4696
17749,4697
18480,4698
12702,4699
15224,4700
2764,4701
3608,4702
14217,4703
18391,4704
13107,4705
14503,4706
7632,4707
8062,4708
8303,4709
13807,4710
5891,4711
5894,4712
17070,4713
16481,4714
833,4715
13427,4716
3714,4717
8525,4718
858,4719
10417,4720
8419,4721
8610,4722
12127,4723
9012,4724
9185,4725
14150,4726
17921,4727
7133,4728
9246,4729
10310,4730
12092,4731
12208,4732
18602,4733
10108,4734
19829,4735
3044,4736
6820,4737
7638,4738
19417,4739
4314,4740
9247,4741
9248,4742
5441,4743
9259,4744
1107,4745
3475,4746
5281,4747
12039,4748
7525,4749
9268,4750
13035,4751
20130,4752
12428,4753
11800,4754
15367,4755
18514,4756
19117,4757
11727,4758
11879,4759
5590,4760
8125,4761
8786,4762
5002,4763
5602,4764
8769,4765
5615,4766
4498,4767
1172,4768
10720,4769
8701,4770
14982,4771
8724,4772
7312,4773
9273,4774
4845,4775
1070,4776
928,4777
9283,4778
14824,4779
11768,4780
11225,4781
18377,4782
11978,4783
18980,4784
11374,4785
15174,4786
9284,4787
3948,4788
8038,4789
5618,4790
2632,4791
5741,4792
15598,4793
3813,4794
763,4795
3776,4796
19745,4797
4074,4798
3470,4799
11471,4800
1924,4801
7369,4802
1209,4803
16784,4804
689,4805
14637,4806
17659,4807
3357,4808
5505,4809
5005,4810
5605,4811
6254,4812
2619,4813
15605,4814
5581,4815
7752,4816
8639,4817
6686,4818
6426,4819
14548,4820
13305,4821
9285,4822
14899,4823
8514,4824
6043,4825
9286,4826
7366,4827
6745,4828
11843,4829
13601,4830
20311,4831
9292,4832
13234,4833
3051,4834
10045,4835
11404,4836
15204,4837
17018,4838
17084,4839
17542,4840
2227,4841
4040,4842
4766,4843
6037,4844
6662,4845
7162,4846
7283,4847
7902,4848
8540,4849
7846,4850
8567,4851
9217,4852
9294,4853
10772,4854
18004,4855
3352,4856
6144,4857
8022,4858
6187,4859
2425,4860
13809,4861
3740,4862
7411,4863
4425,4864
8097,4865
3172,4866
7015,4867
6766,4868
7388,4869
3694,4870
7496,4871
8124,4872
6873,4873
6248,4874
4416,4875
8213,4876
8787,4877
14429,4878
6271,4879
1169,4880
9298,4881
9301,4882
9307,4883
11260,4884
14784,4885
7908,4886
18202,4887
9308,4888
20013,4889
18118,4890
2214,4891
3301,4892
9309,4893
1247,4894
2449,4895
9319,4896
2452,4897
13956,4898
1633,4899
9325,4900
3834,4901
9336,4902
18053,4903
15776,4904
16363,4905
9344,4906
8682,4907
4859,4908
5907,4909
7791,4910
9347,4911
9356,4912
9368,4913
6858,4914
6233,4915
2486,4916
1299,4917
6310,4918
6725,4919
7409,4920
10665,4921
7976,4922
11999,4923
9374,4924
10546,4925
938,4926
2840,4927
9383,4928
11834,4929
18425,4930
4736,4931
10822,4932
18559,4933
13124,4934
9384,4935
9386,4936
9390,4937
17857,4938
5415,4939
19118,4940
14747,4941
18293,4942
3638,4943
5449,4944
3553,4945
9391,4946
15002,4947
10703,4948
4386,4949
3782,4950
9392,4951
8729,4952
12628,4953
12005,4954
7448,4955
8078,4956
3731,4957
4336,4958
18273,4959
19795,4960
7482,4961
1171,4962
7395,4963
9393,4964
3946,4965
7414,4966
7505,4967
6290,4968
3338,4969
6841,4970
3816,4971
9394,4972
9266,4973
12521,4974
15680,4975
15843,4976
16543,4977
3362,4978
19143,4979
5165,4980
14298,4981
14988,4982
15353,4983
1546,4984
16289,4985
18793,4986
19845,4987
15180,4988
13398,4989
19892,4990
20265,4991
6698,4992
13921,4993
16277,4994
4752,4995
4879,4996
5477,4997
5748,4998
11528,4999
7642,5000
7744,5001
16896,5002
820,5003
1850,5004
827,5005
3732,5006
4186,5007
8299,5008
5357,5009
8625,5010
8665,5011
9377,5012
9396,5013
16714,5014
9404,5015
8741,5016
14844,5017
3150,5018
12693,5019
12698,5020
13825,5021
2514,5022
6718,5023
6093,5024
4619,5025
16741,5026
6705,5027
12749,5028
7310,5029
14529,5030
8593,5031
15998,5032
13164,5033
16585,5034
17299,5035
19794,5036
14992,5037
18181,5038
18771,5039
2431,5040
18992,5041
1184,5042
2743,5043
1174,5044
2755,5045
5150,5046
6097,5047
11951,5048
4193,5049
3591,5050
17881,5051
6171,5052
12256,5053
6815,5054
15609,5055
7023,5056
4319,5057
3760,5058
1158,5059
1194,5060
7760,5061
6546,5062
832,5063
5919,5064
6142,5065
13348,5066
2287,5067
842,5068
15279,5069
15801,5070
18645,5071
2440,5072
1487,5073
10575,5074
19792,5075
4411,5076
4664,5077
8956,5078
4310,5079
7451,5080
4012,5081
6702,5082
3754,5083
4794,5084
9407,5085
9409,5086
4933,5087
3793,5088
13237,5089
1925,5090
1872,5091
9413,5092
10080,5093
6691,5094
9414,5095
14058,5096
18611,5097
7232,5098
8707,5099
13536,5100
9430,5101
6039,5102
1617,5103
9432,5104
9093,5105
9442,5106
7488,5107
8118,5108
5007,5109
15908,5110
1619,5111
17574,5112
18250,5113
20033,5114
20347,5115
10039,5116
12077,5117
10741,5118
12703,5119
10639,5120
10134,5121
14582,5122
15683,5123
17657,5124
1844,5125
19257,5126
2464,5127
12146,5128
16270,5129
2576,5130
10687,5131
2925,5132
4603,5133
5186,5134
17430,5135
5536,5136
1561,5137
5819,5138
5916,5139
5152,5140
2500,5141
4363,5142
10677,5143
6369,5144
3699,5145
1939,5146
6730,5147
4421,5148
3808,5149
4412,5150
19926,5151
6879,5152
1350,5153
6734,5154
7010,5155
7082,5156
7635,5157
1819,5158
1770,5159
2442,5160
15021,5161
2600,5162
4986,5163
5586,5164
10747,5165
7650,5166
15580,5167
10803,5168
8098,5169
7468,5170
2503,5171
1264,5172
1900,5173
8084,5174
12020,5175
5971,5176
8608,5177
17938,5178
1631,5179
5162,5180
8677,5181
6761,5182
15157,5183
10289,5184
5521,5185
7402,5186
10757,5187
3208,5188
3902,5189
4919,5190
1792,5191
16774,5192
4954,5193
2467,5194
6157,5195
8709,5196
3818,5197
10121,5198
18550,5199
18041,5200
17416,5201
8720,5202
10715,5203
5801,5204
8748,5205
3098,5206
1230,5207
1866,5208
4330,5209
14039,5210
8766,5211
9332,5212
9428,5213
8765,5214
1275,5215
5616,5216
19760,5217
8053,5218
13229,5219
6141,5220
10707,5221
6189,5222
16771,5223
16183,5224
12602,5225
15793,5226
9429,5227
3707,5228
5020,5229
3850,5230
7470,5231
9425,5232
10679,5233
15008,5234
15597,5235
3077,5236
4947,5237
4343,5238
3586,5239
9444,5240
18601,5241
9241,5242
9447,5243
17884,5244
9451,5245
3684,5246
16484,5247
8693,5248
4683,5249
5282,5250
8256,5251
753,5252
10941,5253
9454,5254
7428,5255
9457,5256
1930,5257
2567,5258
1899,5259
1263,5260
3815,5261
10712,5262
13794,5263
12927,5264
2627,5265
4682,5266
2742,5267
8042,5268
10683,5269
6167,5270
8629,5271
1303,5272
10730,5273
1755,5274
14078,5275
839,5276
15004,5277
4374,5278
7456,5279
16197,5280
6265,5281
8662,5282
1296,5283
10796,5284
9427,5285
16775,5286
8008,5287
6133,5288
15572,5289
9004,5290
9458,5291
7983,5292
1807,5293
8799,5294
8846,5295
4937,5296
1823,5297
6781,5298
6243,5299
6868,5300
4981,5301
10583,5302
1754,5303
19378,5304
9463,5305
1373,5306
10719,5307
10050,5308
3700,5309
4327,5310
8695,5311
10690,5312
10625,5313
8635,5314
12627,5315
9365,5316
8357,5317
9466,5318
7498,5319
6871,5320
19231,5321
13300,5322
6854,5323
5585,5324
4985,5325
6253,5326
728,5327
4340,5328
10700,5329
8704,5330
5600,5331
3795,5332
3140,5333
8009,5334
1768,5335
13131,5336
5406,5337
16099,5338
9473,5339
8448,5340
9111,5341
4740,5342
1444,5343
18564,5344
13045,5345
12093,5346
14729,5347
16035,5348
12412,5349
16950,5350
20134,5351
12438,5352
13003,5353
13233,5354
18376,5355
708,5356
7305,5357
14543,5358
15135,5359
15057,5360
710,5361
16073,5362
20258,5363
12136,5364
12744,5365
2298,5366
11443,5367
1339,5368
4742,5369
8703,5370
8281,5371
15420,5372
19672,5373
9474,5374
17773,5375
11819,5376
17187,5377
11387,5378
20193,5379
11991,5380
10321,5381
9477,5382
13618,5383
19948,5384
9481,5385
4877,5386
5253,5387
9482,5388
16315,5389
9282,5390
4970,5391
4369,5392
19614,5393
14804,5394
12523,5395
9484,5396
10419,5397
11447,5398
19031,5399
1979,5400
13436,5401
1513,5402
18439,5403
18930,5404
17234,5405
14199,5406
15387,5407
1106,5408
9485,5409
14867,5410
17748,5411
14877,5412
17740,5413
11297,5414
8329,5415
8352,5416
9488,5417
1781,5418
4888,5419
15464,5420
12365,5421
1474,5422
1153,5423
4047,5424
5154,5425
10004,5426
5940,5427
6806,5428
13908,5429
14498,5430
10081,5431
17432,5432
3153,5433
6195,5434
7008,5435
1814,5436
7653,5437
17936,5438
3460,5439
9489,5440
15015,5441
11913,5442
17132,5443
1762,5444
4568,5445
9153,5446
9197,5447
12731,5448
13415,5449
14048,5450
1579,5451
17641,5452
19451,5453
2123,5454
3405,5455
4014,5456
4131,5457
5901,5458
9490,5459
17876,5460
1311,5461
15661,5462
16034,5463
18253,5464
3835,5465
19096,5466
12193,5467
2047,5468
14251,5469
3219,5470
14011,5471
12801,5472
16979,5473
3482,5474
5063,5475
17247,5476
2042,5477
11906,5478
3867,5479
1367,5480
17837,5481
19392,5482
19785,5483
20255,5484
726,5485
10332,5486
2307,5487
4939,5488
2188,5489
9351,5490
12226,5491
16031,5492
17833,5493
12374,5494
15432,5495
11765,5496
12981,5497
17907,5498
11080,5499
11684,5500
17984,5501
19055,5502
11732,5503
11925,5504
12342,5505
13598,5506
14912,5507
19726,5508
2623,5509
3007,5510
3605,5511
12540,5512
4004,5513
20275,5514
12980,5515
12471,5516
5055,5517
13226,5518
14629,5519
3631,5520
7497,5521
7617,5522
5094,5523
16111,5524
11305,5525
12966,5526
17142,5527
12511,5528
18495,5529
12359,5530
13617,5531
17207,5532
6038,5533
7764,5534
7866,5535
15540,5536
13441,5537
19343,5538
19940,5539
15077,5540
9177,5541
20326,5542
929,5543
9453,5544
16251,5545
16698,5546
13051,5547
15346,5548
11333,5549
2350,5550
11936,5551
2985,5552
13145,5553
2982,5554
8515,5555
18515,5556
11117,5557
9493,5558
13537,5559
16816,5560
19609,5561
720,5562
20207,5563
11806,5564
19006,5565
8332,5566
18035,5567
18609,5568
10092,5569
13759,5570
19828,5571
15533,5572
19382,5573
881,5574
9494,5575
20284,5576
16080,5577
5808,5578
9015,5579
9495,5580
11000,5581
9496,5582
19631,5583
18654,5584
743,5585
16077,5586
10139,5587
3836,5588
19695,5589
14493,5590
19613,5591
2584,5592
2782,5593
6921,5594
17227,5595
17685,5596
7514,5597
18055,5598
7563,5599
11844,5600
5070,5601
1398,5602
1334,5603
12433,5604
15025,5605
17229,5606
5998,5607
7242,5608
7820,5609
3935,5610
5104,5611
16874,5612
6774,5613
4388,5614
14209,5615
14227,5616
13583,5617
15906,5618
17813,5619
17888,5620
14167,5621
17135,5622
5321,5623
6180,5624
8059,5625
5742,5626
6627,5627
19026,5628
8807,5629
17100,5630
5795,5631
10342,5632
9146,5633
15644,5634
10185,5635
1728,5636
18510,5637
19865,5638
9499,5639
3683,5640
6177,5641
8056,5642
9501,5643
16984,5644
2428,5645
5454,5646
9503,5647
8617,5648
15563,5649
8988,5650
3981,5651
9504,5652
11886,5653
1083,5654
11859,5655
17129,5656
17733,5657
17941,5658
16255,5659
16848,5660
17361,5661
18961,5662
3667,5663
15690,5664
5322,5665
6785,5666
1458,5667
3345,5668
19271,5669
6159,5670
7383,5671
16841,5672
3788,5673
7012,5674
14412,5675
2802,5676
7436,5677
7948,5678
8291,5679
4315,5680
8738,5681
9071,5682
9509,5683
12016,5684
19270,5685
3925,5686
7311,5687
9511,5688
16511,5689
18889,5690
12416,5691
9514,5692
16660,5693
11777,5694
11243,5695
18910,5696
18441,5697
18358,5698
19497,5699
20269,5700
19562,5701
2370,5702
11172,5703
12338,5704
12454,5705
14166,5706
14252,5707
16630,5708
11752,5709
12408,5710
13161,5711
17165,5712
11848,5713
19560,5714
3635,5715
5443,5716
6611,5717
19658,5718
12992,5719
17210,5720
8582,5721
10535,5722
5834,5723
6460,5724
3303,5725
10147,5726
5046,5727
18200,5728
4889,5729
7257,5730
4681,5731
2898,5732
9152,5733
16676,5734
9183,5735
12949,5736
18534,5737
14042,5738
15203,5739
10996,5740
12055,5741
9186,5742
9517,5743
11701,5744
14898,5745
12335,5746
16718,5747
9518,5748
4658,5749
9297,5750
11312,5751
12347,5752
7289,5753
18147,5754
9520,5755
13714,5756
16291,5757
6964,5758
1965,5759
10909,5760
13871,5761
10176,5762
13831,5763
11238,5764
17780,5765
11812,5766
19350,5767
10258,5768
2663,5769
19929,5770
8518,5771
16548,5772
13104,5773
15961,5774
16573,5775
2383,5776
3018,5777
1627,5778
8722,5779
15488,5780
11724,5781
16130,5782
7865,5783
10555,5784
9524,5785
17872,5786
8510,5787
8902,5788
16204,5789
20263,5790
8993,5791
3328,5792
765,5793
12912,5794
14881,5795
9525,5796
12262,5797
8676,5798
6023,5799
9527,5800
20225,5801
7207,5802
9528,5803
4505,5804
19482,5805
20292,5806
10090,5807
16770,5808
18938,5809
19088,5810
3994,5811
5411,5812
14927,5813
5988,5814
15516,5815
3590,5816
4667,5817
16369,5818
5137,5819
3898,5820
10180,5821
13842,5822
20078,5823
16530,5824
11952,5825
6371,5826
6782,5827
4383,5828
4984,5829
1801,5830
6765,5831
3062,5832
1145,5833
3675,5834
7434,5835
6811,5836
1028,5837
10341,5838
1038,5839
10904,5840
10487,5841
1019,5842
10975,5843
11031,5844
11091,5845
11269,5846
11622,5847
12229,5848
12836,5849
12864,5850
12901,5851
11548,5852
10944,5853
13371,5854
14154,5855
11266,5856
14584,5857
14599,5858
14642,5859
14712,5860
14763,5861
1504,5862
15258,5863
15302,5864
15307,5865
15308,5866
11100,5867
15352,5868
15814,5869
15873,5870
15876,5871
15993,5872
14851,5873
16005,5874
16367,5875
16420,5876
16592,5877
16736,5878
1695,5879
12850,5880
17027,5881
17150,5882
17479,5883
11096,5884
12915,5885
17624,5886
18097,5887
18221,5888
18231,5889
18263,5890
15775,5891
18774,5892
13994,5893
13395,5894
18790,5895
18795,5896
18863,5897
19082,5898
16564,5899
19195,5900
19295,5901
18697,5902
19309,5903
16916,5904
19314,5905
11576,5906
19401,5907
14602,5908
14009,5909
19433,5910
19542,5911
19657,5912
15379,5913
16602,5914
19843,5915
19893,5916
10371,5917
19897,5918
15762,5919
19943,5920
19994,5921
20029,5922
20051,5923
13344,5924
2158,5925
2181,5926
1034,5927
1670,5928
2209,5929
2762,5930
17473,5931
16888,5932
2876,5933
2887,5934
18159,5935
2912,5936
2937,5937
3382,5938
3583,5939
3615,5940
3658,5941
3984,5942
4005,5943
4060,5944
10849,5945
4086,5946
2217,5947
2852,5948
4093,5949
3489,5950
15080,5951
4112,5952
4264,5953
12795,5954
4572,5955
4586,5956
12293,5957
3559,5958
4590,5959
13251,5960
4595,5961
4706,5962
18238,5963
18839,5964
1443,5965
4721,5966
3416,5967
4018,5968
12656,5969
4758,5970
5172,5971
5291,5972
5336,5973
5340,5974
3534,5975
5390,5976
5929,5977
6035,5978
6328,5979
6425,5980
5799,5981
13878,5982
6502,5983
14680,5984
15270,5985
6571,5986
6592,5987
17527,5988
16941,5989
6660,5990
6901,5991
12514,5992
18712,5993
12663,5994
19509,5995
5052,5996
16690,5997
18672,5998
11438,5999
1333,6000
17885,6001
18907,6002
2351,6003
4183,6004
1440,6005
7137,6006
7260,6007
7275,6008
7661,6009
19769,6010
10171,6011
19623,6012
5201,6013
7720,6014
7768,6015
19784,6016
7818,6017
7832,6018
7888,6019
7903,6020
14125,6021
14718,6022
15062,6023
1365,6024
1185,6025
11318,6026
5975,6027
8251,6028
3871,6029
15795,6030
18502,6031
18308,6032
19976,6033
4842,6034
8339,6035
12736,6036
8372,6037
5736,6038
8424,6039
8466,6040
8526,6041
15950,6042
884,6043
1521,6044
8855,6045
1547,6046
20321,6047
870,6048
6325,6049
18554,6050
11259,6051
18161,6052
14477,6053
9013,6054
5798,6055
6424,6056
12675,6057
8887,6058
11302,6059
1676,6060
17384,6061
10148,6062
13110,6063
13582,6064
17056,6065
15051,6066
1336,6067
13384,6068
17060,6069
17557,6070
17736,6071
19065,6072
16596,6073
5719,6074
2022,6075
13703,6076
13568,6077
3486,6078
5335,6079
2225,6080
6016,6081
6355,6082
16213,6083
15201,6084
19183,6085
19674,6086
11766,6087
19878,6088
2767,6089
6641,6090
7261,6091
7670,6092
7786,6093
7889,6094
14741,6095
8449,6096
8850,6097
11060,6098
19067,6099
11161,6100
14338,6101
2118,6102
8939,6103
776,6104
18713,6105
19723,6106
12946,6107
13743,6108
9019,6109
13439,6110
14036,6111
19179,6112
9091,6113
16476,6114
19437,6115
9102,6116
8439,6117
9129,6118
9193,6119
9531,6120
15892,6121
16126,6122
17977,6123
4450,6124
16715,6125
9533,6126
2954,6127
13252,6128
7324,6129
1282,6130
1918,6131
11221,6132
18383,6133
4685,6134
6041,6135
8152,6136
6139,6137
6178,6138
1818,6139
6428,6140
7153,6141
7875,6142
14779,6143
13196,6144
9534,6145
17870,6146
15337,6147
18323,6148
18504,6149
16550,6150
2412,6151
19221,6152
18778,6153
2087,6154
1218,6155
17509,6156
3962,6157
1131,6158
10959,6159
4136,6160
4207,6161
4362,6162
2230,6163
12260,6164
12868,6165
4745,6166
5515,6167
13316,6168
1478,6169
12618,6170
14084,6171
15134,6172
14542,6173
18026,6174
1118,6175
14527,6176
2732,6177
3695,6178
17517,6179
6074,6180
10288,6181
11491,6182
16905,6183
17438,6184
17457,6185
1795,6186
15295,6187
17486,6188
15727,6189
1849,6190
19300,6191
18642,6192
19242,6193
12036,6194
2597,6195
11585,6196
10855,6197
15479,6198
4876,6199
14697,6200
6358,6201
6607,6202
6942,6203
14581,6204
10277,6205
18436,6206
2683,6207
13500,6208
16672,6209
4535,6210
5904,6211
15177,6212
14586,6213
5932,6214
18737,6215
18137,6216
6938,6217
18139,6218
19704,6219
6999,6220
4164,6221
7206,6222
7397,6223
8060,6224
1008,6225
13949,6226
13349,6227
8950,6228
17555,6229
8019,6230
17565,6231
19917,6232
18124,6233
9050,6234
7829,6235
9067,6236
9304,6237
15084,6238
15850,6239
2095,6240
18852,6241
6238,6242
8284,6243
6155,6244
17656,6245
9172,6246
11695,6247
12302,6248
3330,6249
7569,6250
12163,6251
13653,6252
13867,6253
9341,6254
5822,6255
19263,6256
18664,6257
13292,6258
947,6259
9537,6260
13699,6261
954,6262
9540,6263
10609,6264
14368,6265
875,6266
9541,6267
17815,6268
9017,6269
9542,6270
13965,6271
8666,6272
17301,6273
7075,6274
15564,6275
9544,6276
15830,6277
9547,6278
11864,6279
16336,6280
11441,6281
3846,6282
15150,6283
16670,6284
2077,6285
8405,6286
11097,6287
12917,6288
9548,6289
19233,6290
4827,6291
19498,6292
16096,6293
15990,6294
16577,6295
4257,6296
7287,6297
4692,6298
9553,6299
12210,6300
11001,6301
15408,6302
15839,6303
18736,6304
19588,6305
11826,6306
18986,6307
20244,6308
15110,6309
13325,6310
18372,6311
19039,6312
18975,6313
2272,6314
4727,6315
15200,6316
13419,6317
4861,6318
4983,6319
5462,6320
12224,6321
11618,6322
5583,6323
10876,6324
1897,6325
4123,6326
5753,6327
10942,6328
6584,6329
8001,6330
2875,6331
8496,6332
9127,6333
8464,6334
13846,6335
12632,6336
11498,6337
9027,6338
9158,6339
16815,6340
946,6341
10554,6342
9556,6343
18154,6344
20273,6345
9557,6346
19666,6347
19837,6348
7128,6349
9049,6350
956,6351
9560,6352
9137,6353
13256,6354
8158,6355
2862,6356
16232,6357
9561,6358
15880,6359
19075,6360
9566,6361
10144,6362
5974,6363
9567,6364
14432,6365
11229,6366
19909,6367
3376,6368
18682,6369
9572,6370
18560,6371
6002,6372
20126,6373
15517,6374
19473,6375
8377,6376
6344,6377
6930,6378
17688,6379
19044,6380
20170,6381
14928,6382
8260,6383
19163,6384
15853,6385
3474,6386
16810,6387
1980,6388
11671,6389
15172,6390
13388,6391
17297,6392
18306,6393
11350,6394
19278,6395
5439,6396
18898,6397
11953,6398
18875,6399
9575,6400
5643,6401
11636,6402
13205,6403
16703,6404
19511,6405
7277,6406
1041,6407
12235,6408
11629,6409
1677,6410
18071,6411
19780,6412
19866,6413
19174,6414
3854,6415
7536,6416
3811,6417
16747,6418
12220,6419
11615,6420
18608,6421
1267,6422
3567,6423
6553,6424
9590,6425
3278,6426
15274,6427
3766,6428
15254,6429
9592,6430
4486,6431
16094,6432
15427,6433
11763,6434
12533,6435
16438,6436
848,6437
11331,6438
17705,6439
4414,6440
8487,6441
9593,6442
3886,6443
12746,6444
1915,6445
4044,6446
4129,6447
4732,6448
6170,6449
14991,6450
13783,6451
19876,6452
18081,6453
9594,6454
5678,6455
16662,6456
10299,6457
1093,6458
1465,6459
18364,6460
18911,6461
10681,6462
17441,6463
20288,6464
18342,6465
20143,6466
11280,6467
3958,6468
4826,6469
18944,6470
4830,6471
17887,6472
17721,6473
19107,6474
3360,6475
16262,6476
2108,6477
13905,6478
1460,6479
1891,6480
2515,6481
3739,6482
4281,6483
5274,6484
6816,6485
13295,6486
4545,6487
10709,6488
8612,6489
8789,6490
3059,6491
10278,6492
10594,6493
10694,6494
5303,6495
1635,6496
6385,6497
13696,6498
13752,6499
11706,6500
15828,6501
18765,6502
7064,6503
7336,6504
8948,6505
3093,6506
14365,6507
17500,6508
15741,6509
14445,6510
2594,6511
13066,6512
11386,6513
12381,6514
17609,6515
19308,6516
7045,6517
7288,6518
7674,6519
16825,6520
2638,6521
19656,6522
16749,6523
3391,6524
7116,6525
6487,6526
19190,6527
8856,6528
18447,6529
2571,6530
3947,6531
5779,6532
19764,6533
6898,6534
2834,6535
3641,6536
14960,6537
8313,6538
2393,6539
2200,6540
12219,6541
12826,6542
13289,6543
10226,6544
15549,6545
7927,6546
11487,6547
10046,6548
9233,6549
10297,6550
2390,6551
14490,6552
11875,6553
15521,6554
12322,6555
3187,6556
2551,6557
13301,6558
3420,6559
13915,6560
3990,6561
4181,6562
6550,6563
6716,6564
3749,6565
8314,6566
1109,6567
1102,6568
12171,6569
11563,6570
19310,6571
19995,6572
11044,6573
10241,6574
13840,6575
14267,6576
17760,6577
13195,6578
3437,6579
16830,6580
4554,6581
1160,6582
6314,6583
15241,6584
17323,6585
19135,6586
19813,6587
6731,6588
5163,6589
1776,6590
7024,6591
3679,6592
7478,6593
19204,6594
5864,6595
6072,6596
10005,6597
13319,6598
16677,6599
12930,6600
18001,6601
18952,6602
19736,6603
12846,6604
12239,6605
15694,6606
1671,6607
1035,6608
16298,6609
18648,6610
2729,6611
18523,6612
15720,6613
16423,6614
1659,6615
17011,6616
18827,6617
18226,6618
2293,6619
10932,6620
12752,6621
4578,6622
4713,6623
3536,6624
2070,6625
4784,6626
10374,6627
6244,6628
6932,6629
7176,6630
17583,6631
16999,6632
8331,6633
8341,6634
8376,6635
8470,6636
8996,6637
8333,6638
9009,6639
5208,6640
3400,6641
3325,6642
5082,6643
4638,6644
2074,6645
1390,6646
17633,6647
6058,6648
14509,6649
1532,6650
19126,6651
11085,6652
15293,6653
2419,6654
10339,6655
895,6656
11657,6657
11051,6658
908,6659
2809,6660
16304,6661
15717,6662
3327,6663
4488,6664
15562,6665
9339,6666
11366,6667
12238,6668
12845,6669
9346,6670
10094,6671
14398,6672
4339,6673
9349,6674
14963,6675
19299,6676
18701,6677
9605,6678
2678,6679
11274,6680
12812,6681
1632,6682
18192,6683
6996,6684
9609,6685
16358,6686
12214,6687
12821,6688
13872,6689
10182,6690
13643,6691
12815,6692
12999,6693
20215,6694
12409,6695
17825,6696
20313,6697
17440,6698
1207,6699
7421,6700
12207,6701
961,6702
9610,6703
14698,6704
3105,6705
2119,6706
10954,6707
9614,6708
2240,6709
19791,6710
4944,6711
2476,6712
8621,6713
18335,6714
13700,6715
12352,6716
12959,6717
12525,6718
13130,6719
12337,6720
11257,6721
11123,6722
13074,6723
12370,6724
14191,6725
19702,6726
20302,6727
16561,6728
17235,6729
19514,6730
11230,6731
16021,6732
20110,6733
3179,6734
2543,6735
2455,6736
4829,6737
5003,6738
4402,6739
4946,6740
5018,6741
4375,6742
3771,6743
10459,6744
1613,6745
5430,6746
18331,6747
16688,6748
17744,6749
12515,6750
19508,6751
20104,6752
828,6753
6783,6754
3212,6755
4968,6756
10662,6757
1023,6758
8302,6759
1242,6760
10742,6761
8604,6762
7504,6763
14436,6764
7472,6765
18546,6766
3759,6767
10051,6768
8620,6769
8864,6770
2489,6771
7500,6772
9281,6773
1480,6774
10606,6775
10733,6776
10064,6777
5553,6778
4953,6779
10771,6780
1283,6781
15948,6782
5017,6783
3119,6784
1206,6785
5087,6786
10598,6787
15571,6788
2336,6789
9456,6790
1518,6791
10440,6792
11468,6793
10129,6794
13421,6795
14037,6796
14502,6797
14505,6798
1463,6799
1252,6800
17422,6801
1280,6802
1888,6803
11480,6804
1479,6805
11598,6806
10481,6807
16437,6808
16835,6809
10490,6810
17546,6811
18243,6812
18844,6813
19252,6814
19815,6815
10059,6816
3057,6817
15226,6818
16441,6819
3744,6820
1134,6821
5935,6822
15667,6823
15678,6824
10060,6825
1176,6826
16264,6827
2097,6828
3960,6829
6379,6830
10745,6831
5572,6832
19011,6833
12367,6834
17719,6835
12551,6836
19597,6837
19123,6838
3344,6839
10484,6840
3703,6841
15748,6842
13397,6843
15179,6844
15072,6845
17092,6846
4502,6847
12485,6848
20147,6849
12546,6850
6387,6851
3090,6852
3178,6853
7002,6854
10022,6855
7042,6856
19767,6857
7126,6858
7265,6859
7777,6860
6466,6861
7095,6862
7843,6863
11664,6864
12270,6865
7940,6866
17452,6867
13408,6868
15108,6869
2264,6870
3953,6871
4552,6872
4980,6873
5580,6874
10886,6875
1125,6876
15456,6877
19203,6878
6386,6879
1798,6880
10686,6881
14417,6882
13822,6883
12690,6884
14499,6885
1250,6886
15688,6887
14391,6888
18002,6889
10112,6890
4551,6891
12624,6892
7874,6893
12343,6894
13561,6895
15505,6896
18520,6897
7993,6898
13221,6899
14342,6900
1039,6901
15129,6902
18261,6903
2879,6904
7043,6905
8029,6906
6147,6907
17444,6908
18019,6909
13331,6910
18768,6911
4885,6912
8044,6913
3074,6914
14816,6915
11137,6916
11947,6917
14193,6918
17161,6919
18008,6920
10915,6921
16312,6922
18806,6923
12130,6924
11522,6925
19122,6926
20190,6927
3544,6928
7034,6929
7264,6930
2343,6931
7315,6932
10891,6933
13412,6934
17594,6935
5298,6936
10360,6937
5832,6938
18785,6939
19384,6940
6420,6941
7057,6942
7686,6943
15071,6944
8072,6945
16778,6946
11300,6947
14158,6948
10518,6949
18021,6950
10495,6951
19839,6952
4205,6953
12538,6954
4782,6955
7329,6956
18003,6957
1010,6958
19814,6959
11625,6960
18254,6961
5831,6962
8083,6963
7453,6964
17266,6965
12962,6966
11358,6967
14754,6968
11385,6969
20151,6970
19737,6971
2983,6972
11367,6973
6610,6974
19742,6975
8088,6976
7458,6977
11903,6978
17737,6979
4261,6980
6020,6981
8093,6982
6214,6983
3938,6984
14014,6985
15163,6986
18841,6987
3584,6988
4107,6989
6228,6990
18006,6991
12251,6992
13972,6993
15744,6994
16450,6995
6561,6996
7949,6997
10971,6998
12882,6999
17038,7000
11069,7001
12887,7002
8107,7003
8173,7004
15832,7005
19080,7006
8312,7007
8430,7008
2865,7009
3926,7010
8434,7011
8435,7012
11058,7013
15265,7014
8438,7015
7802,7016
7171,7017
15659,7018
8456,7019
7793,7020
14459,7021
846,7022
8499,7023
1522,7024
16327,7025
8755,7026
6462,7027
20018,7028
19422,7029
19193,7030
2637,7031
10318,7032
13381,7033
2060,7034
4596,7035
5066,7036
17540,7037
2950,7038
5526,7039
10315,7040
11577,7041
13633,7042
14589,7043
2719,7044
1408,7045
5534,7046
10645,7047
19429,7048
11993,7049
5568,7050
10504,7051
13664,7052
4967,7053
13955,7054
15436,7055
17180,7056
15411,7057
17766,7058
14230,7059
18378,7060
11330,7061
18981,7062
13142,7063
7183,7064
8764,7065
3716,7066
10293,7067
13227,7068
17805,7069
17130,7070
17772,7071
11379,7072
20342,7073
2117,7074
20050,7075
3036,7076
7806,7077
13431,7078
14028,7079
8305,7080
4302,7081
12079,7082
8770,7083
8966,7084
9059,7085
8396,7086
16804,7087
9176,7088
13730,7089
9192,7090
9249,7091
1245,7092
1881,7093
12277,7094
17871,7095
5334,7096
17283,7097
11753,7098
13113,7099
6605,7100
2304,7101
12508,7102
11149,7103
13132,7104
11120,7105
11933,7106
20090,7107
14909,7108
10509,7109
2938,7110
9229,7111
11501,7112
19230,7113
9267,7114
8606,7115
11482,7116
14002,7117
17681,7118
19800,7119
20046,7120
15320,7121
2722,7122
10044,7123
4019,7124
5996,7125
13006,7126
14915,7127
20139,7128
6644,7129
7319,7130
18851,7131
11683,7132
11079,7133
19914,7134
2173,7135
1543,7136
792,7137
5666,7138
10453,7139
11655,7140
19070,7141
6617,7142
11945,7143
8105,7144
19804,7145
2536,7146
10688,7147
2303,7148
9269,7149
3104,7150
1192,7151
13165,7152
17062,7153
2244,7154
18749,7155
11983,7156
7771,7157
7140,7158
14935,7159
9271,7160
12767,7161
14024,7162
18745,7163
16973,7164
19327,7165
19344,7166
3507,7167
2903,7168
9291,7169
5142,7170
2310,7171
2326,7172
7463,7173
10877,7174
12604,7175
1568,7176
16284,7177
17048,7178
17667,7179
17082,7180
19997,7181
2923,7182
19306,7183
19901,7184
2952,7185
4097,7186
3493,7187
6567,7188
10964,7189
11568,7190
7827,7191
8274,7192
7567,7193
15234,7194
19066,7195
5109,7196
7522,7197
16286,7198
18488,7199
2915,7200
4135,7201
8365,7202
9348,7203
3513,7204
11569,7205
10965,7206
939,7207
14730,7208
11712,7209
4512,7210
6287,7211
15256,7212
4230,7213
15363,7214
15504,7215
8462,7216
10856,7217
6317,7218
16110,7219
17729,7220
9106,7221
9406,7222
14494,7223
13414,7224
15668,7225
18604,7226
16297,7227
18144,7228
18763,7229
19969,7230
2115,7231
12194,7232
12898,7233
1545,7234
1607,7235
2540,7236
13351,7237
4057,7238
4090,7239
15153,7240
14562,7241
4687,7242
12644,7243
5497,7244
11689,7245
6589,7246
8153,7247
14070,7248
1815,7249
2919,7250
6090,7251
6715,7252
8318,7253
6414,7254
5788,7255
3911,7256
8381,7257
18111,7258
18711,7259
9053,7260
2955,7261
12925,7262
8926,7263
9114,7264
9028,7265
8366,7266
924,7267
9426,7268
10093,7269
5307,7270
9434,7271
9437,7272
18542,7273
16393,7274
15648,7275
6912,7276
15731,7277
17219,7278
11802,7279
7284,7280
8276,7281
775,7282
10465,7283
15433,7284
11764,7285
11971,7286
9602,7287
14441,7288
5349,7289
2203,7290
2838,7291
7851,7292
10821,7293
9615,7294
10641,7295
16488,7296
9016,7297
14130,7298
9618,7299
20052,7300
8643,7301
11076,7302
5953,7303
19446,7304
13876,7305
8857,7306
13933,7307
19669,7308
6956,7309
3229,7310
6014,7311
7208,7312
5135,7313
2675,7314
13644,7315
17085,7316
19393,7317
14471,7318
3552,7319
17055,7320
6293,7321
10441,7322
16460,7323
12254,7324
7244,7325
9624,7326
12621,7327
11516,7328
20009,7329
4573,7330
9628,7331
10386,7332
17940,7333
15865,7334
5312,7335
7030,7336
18698,7337
19296,7338
7211,7339
17003,7340
903,7341
5954,7342
6581,7343
8262,7344
16209,7345
13987,7346
14610,7347
9633,7348
4303,7349
3681,7350
12082,7351
13828,7352
19639,7353
11789,7354
13156,7355
15997,7356
18324,7357
18973,7358
3660,7359
4807,7360
11934,7361
5407,7362
5744,7363
5992,7364
16136,7365
6019,7366
2345,7367
6174,7368
19810,7369
4372,7370
7291,7371
11602,7372
11476,7373
8287,7374
3724,7375
8300,7376
13811,7377
8304,7378
10595,7379
8634,7380
1665,7381
8248,7382
5064,7383
12457,7384
15534,7385
20164,7386
11942,7387
2789,7388
13261,7389
7526,7390
14540,7391
12647,7392
16069,7393
11782,7394
12545,7395
1075,7396
6895,7397
13683,7398
16463,7399
20133,7400
14916,7401
5160,7402
7083,7403
15086,7404
10775,7405
866,7406
16224,7407
2616,7408
13946,7409
14893,7410
19267,7411
4806,7412
5446,7413
19477,7414
8900,7415
8975,7416
3029,7417
909,7418
15083,7419
9634,7420
16847,7421
1240,7422
19823,7423
2770,7424
7974,7425
19248,7426
11011,7427
11617,7428
9635,7429
9242,7430
2578,7431
7332,7432
9252,7433
7165,7434
8960,7435
10672,7436
8679,7437
6102,7438
4419,7439
10173,7440
15017,7441
10596,7442
1847,7443
2488,7444
6794,7445
6168,7446
5504,7447
3690,7448
2830,7449
10336,7450
1636,7451
6477,7452
4647,7453
15765,7454
17523,7455
8337,7456
16282,7457
13929,7458
4531,7459
2024,7460
18506,7461
19503,7462
19071,7463
5876,7464
6148,7465
7794,7466
8027,7467
6048,7468
19321,7469
3458,7470
15630,7471
10149,7472
12439,7473
19751,7474
2635,7475
19650,7476
14624,7477
5031,7478
6301,7479
19095,7480
5626,7481
6929,7482
18471,7483
5028,7484
723,7485
20246,7486
10340,7487
1947,7488
8296,7489
20211,7490
8412,7491
9075,7492
9522,7493
1375,7494
15417,7495
16046,7496
8186,7497
20232,7498
5650,7499
14235,7500
9492,7501
15893,7502
14448,7503
16081,7504
6264,7505
14410,7506
1204,7507
14828,7508
15763,7509
16510,7510
13430,7511
15211,7512
17205,7513
18953,7514
19413,7515
20247,7516
11178,7517
11783,7518
3526,7519
16817,7520
1356,7521
5611,7522
5685,7523
2907,7524
6027,7525
5286,7526
3480,7527
13892,7528
5694,7529
13980,7530
14275,7531
20264,7532
20054,7533
18260,7534
6693,7535
6993,7536
10218,7537
7314,7538
12710,7539
20249,7540
20282,7541
7425,7542
11866,7543
13589,7544
13179,7545
12216,7546
10931,7547
11535,7548
17975,7549
902,7550
2066,7551
3869,7552
4341,7553
10695,7554
15380,7555
11818,7556
17033,7557
17166,7558
15401,7559
19682,7560
12341,7561
16633,7562
11731,7563
11949,7564
13012,7565
15493,7566
16570,7567
17162,7568
14812,7569
1725,7570
11213,7571
13017,7572
17303,7573
11130,7574
13638,7575
12994,7576
13603,7577
13719,7578
15340,7579
11833,7580
13596,7581
11346,7582
15349,7583
16131,7584
16606,7585
15492,7586
17147,7587
17311,7588
17713,7589
11325,7590
17899,7591
18341,7592
15416,7593
11177,7594
14786,7595
12532,7596
15334,7597
19553,7598
14314,7599
20206,7600
19601,7601
16742,7602
18177,7603
5772,7604
14860,7605
17168,7606
13093,7607
6022,7608
6647,7609
4798,7610
7693,7611
965,7612
1600,7613
19963,7614
19366,7615
3320,7616
6300,7617
18635,7618
15068,7619
1406,7620
944,7621
7603,7622
3269,7623
17816,7624
13007,7625
13785,7626
17625,7627
16667,7628
16599,7629
17775,7630
18634,7631
18874,7632
19232,7633
19718,7634
18301,7635
16750,7636
20156,7637
13663,7638
3008,7639
18599,7640
6247,7641
6526,7642
11642,7643
12450,7644
14163,7645
12440,7646
16604,7647
17183,7648
14258,7649
16595,7650
13080,7651
6025,7652
6671,7653
9616,7654
17470,7655
18678,7656
18078,7657
4318,7658
6327,7659
16791,7660
17040,7661
19691,7662
19539,7663
13047,7664
4612,7665
8049,7666
7417,7667
6054,7668
19285,7669
19880,7670
18588,7671
2630,7672
18845,7673
15931,7674
16517,7675
19610,7676
932,7677
16238,7678
3861,7679
20322,7680
12947,7681
17822,7682
2122,7683
4349,7684
5362,7685
18722,7686
19320,7687
8586,7688
15538,7689
17005,7690
16417,7691
13858,7692
8161,7693
15251,7694
17796,7695
16618,7696
5467,7697
14618,7698
6446,7699
5221,7700
907,7701
7094,7702
7723,7703
1438,7704
8211,7705
16061,7706
14797,7707
17236,7708
15386,7709
12474,7710
16008,7711
17465,7712
18903,7713
16162,7714
5763,7715
11409,7716
12013,7717
13808,7718
14403,7719
15161,7720
1564,7721
5155,7722
11410,7723
10136,7724
6175,7725
10692,7726
14363,7727
10409,7728
7255,7729
12956,7730
7883,7731
8116,7732
8018,7733
12916,7734
17437,7735
8516,7736
6010,7737
7867,7738
13122,7739
18302,7740
17927,7741
2202,7742
2906,7743
8713,7744
9335,7745
4413,7746
6250,7747
9563,7748
9311,7749
8061,7750
6183,7751
4307,7752
6814,7753
8723,7754
9651,7755
3921,7756
10205,7757
9661,7758
9665,7759
9667,7760
9670,7761
8342,7762
15215,7763
9675,7764
16812,7765
9507,7766
7071,7767
5132,7768
2661,7769
1175,7770
9676,7771
11457,7772
2033,7773
3515,7774
2056,7775
732,7776
2774,7777
17985,7778
6284,7779
12122,7780
13689,7781
12502,7782
15704,7783
15983,7784
16049,7785
17006,7786
17590,7787
17742,7788
14817,7789
16253,7790
12148,7791
17201,7792
12460,7793
14194,7794
19750,7795
13998,7796
12305,7797
11698,7798
19842,7799
20188,7800
11249,7801
16600,7802
10573,7803
19802,7804
16188,7805
10917,7806
17461,7807
17037,7808
14075,7809
2064,7810
5460,7811
6085,7812
3359,7813
6710,7814
2187,7815
8206,7816
14623,7817
12061,7818
15751,7819
12800,7820
11380,7821
1616,7822
9143,7823
9165,7824
15557,7825
953,7826
10414,7827
9677,7828
6434,7829
9678,7830
12244,7831
15332,7832
9680,7833
9682,7834
1451,7835
3290,7836
1833,7837
18740,7838
9684,7839
9690,7840
9691,7841
10361,7842
1104,7843
4099,7844
11646,7845
2698,7846
1377,7847
15322,7848
12069,7849
4202,7850
6091,7851
1099,7852
6949,7853
10011,7854
3573,7855
7278,7856
14091,7857
13493,7858
789,7859
5060,7860
12114,7861
13213,7862
10580,7863
2093,7864
13079,7865
12978,7866
1097,7867
4564,7868
16681,7869
13680,7870
2355,7871
1734,7872
20019,7873
1045,7874
12653,7875
6899,7876
16076,7877
15453,7878
17189,7879
17752,7880
4773,7881
6061,7882
6685,7883
9694,7884
4523,7885
13841,7886
13087,7887
7539,7888
11858,7889
5083,7890
15442,7891
6261,7892
1662,7893
7513,7894
8147,7895
1026,7896
8223,7897
17829,7898
1949,7899
2296,7900
7013,7901
13614,7902
8228,7903
1403,7904
11223,7905
3265,7906
13065,7907
17959,7908
16058,7909
6621,7910
11512,7911
1313,7912
10908,7913
14528,7914
10364,7915
7578,7916
3618,7917
5687,7918
1040,7919
19182,7920
19675,7921
7540,7922
10067,7923
10736,7924
20201,7925
2226,7926
3015,7927
15263,7928
14673,7929
4222,7930
17158,7931
14856,7932
16572,7933
17240,7934
2557,7935
4525,7936
10206,7937
13697,7938
16702,7939
2891,7940
12858,7941
4597,7942
17415,7943
4815,7944
3193,7945
13899,7946
17243,7947
14264,7948
5691,7949
14416,7950
1239,7951
17847,7952
11735,7953
11747,7954
11907,7955
13042,7956
11769,7957
11336,7958
12345,7959
17182,7960
16645,7961
14175,7962
16609,7963
12531,7964
17199,7965
1723,7966
11324,7967
17768,7968
17898,7969
18363,7970
18451,7971
18517,7972
18770,7973
18972,7974
12543,7975
19054,7976
19516,7977
19627,7978
13606,7979
13148,7980
16613,7981
11927,7982
1716,7983
13718,7984
20088,7985
17826,7986
12382,7987
13136,7988
15338,7989
11939,7990
17122,7991
18909,7992
17310,7993
19485,7994
19576,7995
10515,7996
20109,7997
13652,7998
20112,7999
20330,8000
2357,8001
15491,8002
4810,8003
17251,8004
14792,8005
17214,8006
16616,8007
6471,8008
14026,8009
6650,8010
12324,8011
8529,8012
869,8013
12673,8014
8881,8015
18457,8016
3413,8017
7555,8018
11573,8019
3804,8020
20268,8021
19563,8022
11373,8023
9696,8024
10248,8025
17376,8026
15858,8027
797,8028
9318,8029
15531,8030
9536,8031
16757,8032
16146,8033
14685,8034
15275,8035
8445,8036
3910,8037
5058,8038
3991,8039
9274,8040
14983,8041
4570,8042
13636,8043
11791,8044
14949,8045
6374,8046
13628,8047
14257,8048
17787,8049
4862,8050
6665,8051
6518,8052
5892,8053
12062,8054
3891,8055
11883,8056
14847,8057
11761,8058
16743,8059
18045,8060
18343,8061
16155,8062
16414,8063
17002,8064
13885,8065
1413,8066
14620,8067
13267,8068
9498,8069
10680,8070
10862,8071
1583,8072
2268,8073
2837,8074
3368,8075
5177,8076
9364,8077
12797,8078
14121,8079
14714,8080
7000,8081
8058,8082
8258,8083
17378,8084
7814,8085
9161,8086
6331,8087
10146,8088
1173,8089
18242,8090
1886,8091
2524,8092
3471,8093
17628,8094
7309,8095
13937,8096
14530,8097
9698,8098
970,8099
9607,8100
10224,8101
12510,8102
16346,8103
13857,8104
10153,8105
18452,8106
12383,8107
13727,8108
7239,8109
14322,8110
7863,8111
9574,8112
6267,8113
10427,8114
17838,8115
14195,8116
15501,8117
18767,8118
2348,8119
6346,8120
9701,8121
9703,8122
18586,8123
1991,8124
12475,8125
17767,8126
14292,8127
18313,8128
17327,8129
18914,8130
14354,8131
15841,8132
19681,8133
2359,8134
18470,8135
2788,8136
9708,8137
971,8138
9710,8139
7618,8140
4495,8141
17655,8142
2073,8143
754,8144
1808,8145
13729,8146
2981,8147
8734,8148
14914,8149
1079,8150
9713,8151
10383,8152
10823,8153
972,8154
12034,8155
9723,8156
6361,8157
8222,8158
18462,8159
12984,8160
13154,8161
18689,8162
18691,8163
9726,8164
9727,8165
9728,8166
18821,8167
18220,8168
13262,8169
973,8170
9735,8171
9738,8172
16516,8173
9741,8174
9742,8175
2694,8176
6292,8177
14396,8178
16293,8179
14478,8180
19236,8181
5607,8182
10867,8183
6071,8184
3063,8185
8883,8186
14294,8187
9088,8188
8271,8189
4493,8190
5268,8191
9287,8192
1730,8193
11739,8194
14884,8195
15360,8196
20106,8197
8555,8198
9215,8199
16332,8200
9744,8201
975,8202
9752,8203
8908,8204
1964,8205
19038,8206
12097,8207
13182,8208
2198,8209
2409,8210
7072,8211
6977,8212
3878,8213
14262,8214
15845,8215
16652,8216
19555,8217
16100,8218
20174,8219
11282,8220
3340,8221
2483,8222
7716,8223
7586,8224
7519,8225
11885,8226
14574,8227
16689,8228
17743,8229
17867,8230
15984,8231
15404,8232
13013,8233
18421,8234
18985,8235
17220,8236
19543,8237
5999,8238
20141,8239
13032,8240
11803,8241
15686,8242
1064,8243
19629,8244
12402,8245
16044,8246
6712,8247
7017,8248
10597,8249
8450,8250
8944,8251
17356,8252
13497,8253
9629,8254
1144,8255
18189,8256
9756,8257
16822,8258
8853,8259
16150,8260
12100,8261
14959,8262
10403,8263
16168,8264
12682,8265
14993,8266
16137,8267
15811,8268
2458,8269
4556,8270
2405,8271
7009,8272
10888,8273
14291,8274
14722,8275
15570,8276
16416,8277
16914,8278
13498,8279
15278,8280
18165,8281
20116,8282
13753,8283
14071,8284
14705,8285
11691,8286
17615,8287
2850,8288
7108,8289
7114,8290
14007,8291
15791,8292
16378,8293
7647,8294
1653,8295
16767,8296
5745,8297
1189,8298
15855,8299
18119,8300
2815,8301
2180,8302
7740,8303
7110,8304
7855,8305
7225,8306
801,8307
4475,8308
7862,8309
799,8310
15619,8311
20221,8312
11194,8313
15271,8314
12468,8315
13594,8316
16404,8317
11264,8318
14185,8319
15816,8320
16608,8321
17139,8322
17849,8323
17910,8324
18345,8325
18459,8326
18923,8327
19063,8328
19478,8329
14813,8330
13014,8331
20331,8332
2930,8333
18616,8334
17614,8335
10521,8336
13459,8337
12852,8338
17102,8339
18777,8340
2870,8341
4278,8342
13913,8343
15120,8344
18176,8345
18854,8346
2309,8347
3361,8348
17687,8349
2399,8350
2235,8351
16883,8352
3417,8353
3971,8354
16227,8355
4024,8356
4860,8357
13465,8358
13903,8359
1001,8360
12160,8361
7817,8362
7946,8363
15736,8364
16967,8365
17485,8366
16900,8367
8104,8368
8378,8369
10848,8370
6913,8371
14681,8372
13900,8373
1678,8374
19678,8375
12022,8376
14781,8377
15902,8378
17262,8379
15370,8380
18600,8381
1133,8382
11704,8383
14564,8384
15522,8385
10994,8386
15857,8387
16466,8388
1691,8389
17101,8390
17420,8391
13447,8392
15312,8393
18848,8394
19142,8395
12742,8396
19220,8397
19946,8398
20226,8399
14802,8400
2324,8401
2798,8402
4154,8403
4365,8404
11600,8405
6116,8406
10524,8407
14724,8408
15314,8409
18593,8410
3253,8411
13022,8412
4717,8413
5367,8414
6522,8415
6549,8416
6599,8417
7175,8418
7700,8419
13449,8420
15231,8421
3928,8422
7789,8423
14630,8424
14035,8425
12652,8426
7925,8427
8111,8428
15575,8429
6850,8430
8554,8431
886,8432
8949,8433
4246,8434
13469,8435
15167,8436
14576,8437
15779,8438
19903,8439
17683,8440
19911,8441
1629,8442
4115,8443
5853,8444
795,8445
897,8446
5743,8447
8700,8448
7444,8449
8074,8450
8989,8451
9008,8452
7055,8453
10274,8454
1410,8455
9056,8456
4565,8457
4269,8458
11111,8459
11549,8460
9115,8461
9145,8462
2288,8463
9326,8464
12741,8465
4543,8466
4924,8467
5021,8468
5243,8469
9423,8470
8760,8471
11660,8472
19798,8473
6853,8474
4991,8475
4390,8476
3814,8477
1378,8478
11416,8479
12021,8480
6849,8481
7476,8482
951,8483
1586,8484
15637,8485
709,8486
2871,8487
10820,8488
9654,8489
10324,8490
9658,8491
10328,8492
2718,8493
9702,8494
10372,8495
9722,8496
9057,8497
7198,8498
6572,8499
9733,8500
9599,8501
2671,8502
13983,8503
16113,8504
16556,8505
17257,8506
20159,8507
16067,8508
11163,8509
16654,8510
19574,8511
17242,8512
20172,8513
11236,8514
18370,8515
13624,8516
12407,8517
2057,8518
5792,8519
7298,8520
916,8521
9760,8522
16229,8523
2622,8524
12132,8525
14472,8526
10200,8527
11669,8528
16706,8529
13672,8530
10958,8531
17239,8532
16117,8533
11064,8534
11668,8535
18307,8536
11911,8537
18908,8538
19685,8539
20149,8540
19108,8541
17720,8542
11268,8543
18352,8544
20176,8545
17856,8546
17174,8547
18494,8548
12360,8549
13702,8550
15962,8551
15467,8552
18020,8553
18325,8554
20286,8555
17757,8556
1793,8557
2148,8558
2316,8559
16482,8560
17071,8561
3764,8562
16470,8563
14595,8564
5171,8565
1649,8566
2395,8567
2243,8568
2320,8569
4161,8570
6390,8571
12777,8572
6709,8573
10498,8574
13374,8575
8976,8576
18088,8577
4875,8578
16872,8579
5226,8580
4626,8581
7624,8582
9181,8583
13312,8584
3117,8585
15229,8586
9552,8587
14555,8588
8927,8589
9762,8590
8261,8591
759,8592
16445,8593
3772,8594
13726,8595
19491,8596
3598,8597
9763,8598
9766,8599
10351,8600
9767,8601
14447,8602
5042,8603
1054,8604
3304,8605
9769,8606
9770,8607
8940,8608
10219,8609
14128,8610
4824,8611
9772,8612
5734,8613
2679,8614
7136,8615
7947,8616
6241,8617
1809,8618
17350,8619
3653,8620
9042,8621
12574,8622
15212,8623
9776,8624
5309,8625
4710,8626
1436,8627
9778,8628
11429,8629
12029,8630
15462,8631
3055,8632
12603,8633
10533,8634
18727,8635
18127,8636
9782,8637
14346,8638
9785,8639
11696,8640
11092,8641
6973,8642
5075,8643
2556,8644
15907,8645
1919,8646
2415,8647
10071,8648
3374,8649
3961,8650
3688,8651
4291,8652
3566,8653
16753,8654
6535,8655
13171,8656
6967,8657
3258,8658
14622,8659
19832,8660
2702,8661
3264,8662
4899,8663
8584,8664
13514,8665
2518,8666
2110,8667
5501,8668
16858,8669
1130,8670
15914,8671
17061,8672
5806,8673
6372,8674
7943,8675
16192,8676
15214,8677
17596,8678
1774,8679
2290,8680
4873,8681
5475,8682
18684,8683
819,8684
10099,8685
8403,8686
14060,8687
13463,8688
1610,8689
8441,8690
7226,8691
7856,8692
10410,8693
5869,8694
8545,8695
9100,8696
941,8697
14482,8698
10225,8699
2944,8700
6983,8701
13246,8702
16167,8703
14986,8704
2964,8705
6124,8706
7821,8707
9448,8708
12613,8709
1929,8710
1293,8711
4023,8712
15566,8713
8963,8714
6226,8715
6851,8716
19733,8717
9786,8718
17998,8719
10221,8720
12252,8721
18443,8722
15383,8723
20318,8724
11737,8725
19501,8726
1733,8727
4835,8728
17133,8729
20248,8730
12952,8731
19649,8732
18299,8733
17917,8734
20171,8735
17330,8736
14051,8737
4848,8738
19427,8739
9790,8740
9795,8741
10235,8742
15024,8743
11901,8744
13383,8745
14179,8746
14904,8747
11115,8748
2793,8749
16243,8750
3896,8751
14827,8752
11185,8753
13738,8754
15184,8755
15304,8756
12646,8757
7524,8758
13046,8759
14608,8760
15388,8761
14333,8762
16464,8763
14473,8764
10201,8765
14575,8766
17080,8767
18591,8768
2631,8769
10327,8770
11228,8771
20178,8772
15512,8773
3560,8774
3626,8775
15971,8776
14923,8777
5199,8778
5399,8779
808,8780
9796,8781
7594,8782
8822,8783
14141,8784
19700,8785
12969,8786
16632,8787
19594,8788
18434,8789
11786,8790
19690,8791
19540,8792
19083,8793
20137,8794
7392,8795
7881,8796
11075,8797
14767,8798
14897,8799
15953,8800
14307,8801
16539,8802
14850,8803
13910,8804
13379,8805
15010,8806
16983,8807
11047,8808
17066,8809
18013,8810
20002,8811
20155,8812
17850,8813
19199,8814
19557,8815
2092,8816
18836,8817
2559,8818
3428,8819
4324,8820
6376,8821
15131,8822
3718,8823
16969,8824
1061,8825
14738,8826
7195,8827
7464,8828
15730,8829
13979,8830
13380,8831
6356,8832
8446,8833
12281,8834
12889,8835
13291,8836
3904,8837
20037,8838
4516,8839
4642,8840
4036,8841
19483,8842
7293,8843
5845,8844
7729,8845
9353,8846
11672,8847
14133,8848
13535,8849
15040,8850
9798,8851
11435,8852
2602,8853
980,8854
8934,8855
2672,8856
13669,8857
14643,8858
15844,8859
12041,8860
1615,8861
2992,8862
14902,8863
695,8864
11590,8865
12738,8866
14854,8867
1602,8868
3612,8869
14312,8870
17707,8871
6364,8872
6320,8873
16910,8874
16948,8875
14470,8876
4832,8877
14771,8878
16720,8879
13549,8880
16531,8881
9800,8882
10470,8883
16826,8884
6291,8885
12430,8886
13532,8887
7838,8888
7595,8889
9486,8890
16635,8891
18794,8892
15061,8893
10192,8894
13632,8895
4677,8896
7852,8897
11427,8898
9801,8899
9802,8900
19355,8901
19952,8902
17412,8903
9803,8904
2933,8905
2299,8906
3332,8907
9804,8908
9809,8909
9810,8910
10480,8911
5118,8912
9811,8913
9814,8914
2712,8915
15623,8916
11205,8917
11202,8918
1784,8919
18831,8920
9603,8921
1409,8922
13954,8923
19047,8924
9622,8925
15511,8926
1156,8927
9819,8928
982,8929
9820,8930
9828,8931
1424,8932
3255,8933
16664,8934
11167,8935
12090,8936
12003,8937
12831,8938
15732,8939
16565,8940
11275,8941
17151,8942
14968,8943
18156,8944
18835,8945
5344,8946
6445,8947
6616,8948
15558,8949
13375,8950
7692,8951
8559,8952
930,8953
3313,8954
983,8955
864,8956
9835,8957
16456,8958
17044,8959
9837,8960
9697,8961
9838,8962
3149,8963
9839,8964
4114,8965
17012,8966
6961,8967
2595,8968
11710,8969
13940,8970
19168,8971
10160,8972
2437,8973
3073,8974
13988,8975
11389,8976
12732,8977
10913,8978
14863,8979
15817,8980
19172,8981
5049,8982
5444,8983
778,8984
3247,8985
5081,8986
749,8987
1069,8988
19043,8989
9505,8990
3270,8991
9554,8992
15026,8993
16679,8994
11127,8995
11841,8996
19573,8997
2972,8998
1705,8999
4215,9000
4843,9001
20084,9002
6017,9003
6642,9004
19488,9005
18289,9006
15412,9007
5990,9008
14823,9009
12398,9010
5414,9011
10547,9012
6062,9013
13354,9014
15139,9015
9759,9016
4529,9017
13245,9018
1560,9019
4385,9020
4992,9021
5592,9022
1905,9023
11477,9024
2542,9025
8293,9026
3189,9027
17948,9028
19260,9029
12681,9030
9234,9031
10326,9032
19194,9033
8202,9034
1655,9035
17298,9036
17319,9037
9562,9038
12786,9039
15248,9040
18597,9041
2976,9042
9642,9043
2688,9044
19753,9045
16400,9046
6629,9047
19717,9048
11738,9049
19127,9050
16483,9051
15897,9052
10854,9053
8958,9054
20259,9055
11741,9056
16567,9057
2241,9058
5330,9059
13879,9060
7122,9061
13328,9062
17453,9063
739,9064
10439,9065
8543,9066
9034,9067
5712,9068
9203,9069
9673,9070
6423,9071
979,9072
2085,9073
8226,9074
18145,9075
18223,9076
19659,9077
16014,9078
2381,9079
9598,9080
8215,9081
17700,9082
3016,9083
15851,9084
17610,9085
5378,9086
16230,9087
1355,9088
15927,9089
17407,9090
17925,9091
1581,9092
18535,9093
5062,9094
4893,9095
2593,9096
5265,9097
15781,9098
14455,9099
6270,9100
11595,9101
13177,9102
10429,9103
4979,9104
19315,9105
4378,9106
12851,9107
10548,9108
5881,9109
10833,9110
5649,9111
13770,9112
16379,9113
6063,9114
6713,9115
11364,9116
19982,9117
18187,9118
7611,9119
762,9120
14044,9121
15653,9122
7548,9123
882,9124
1519,9125
2691,9126
9840,9127
9842,9128
15366,9129
11897,9130
5989,9131
15556,9132
9843,9133
19457,9134
13540,9135
13978,9136
14571,9137
19768,9138
10170,9139
12309,9140
16246,9141
20122,9142
2435,9143
6947,9144
10612,9145
12568,9146
1669,9147
16965,9148
14016,9149
19140,9150
7048,9151
6417,9152
10531,9153
7157,9154
7779,9155
17592,9156
5470,9157
18741,9158
18141,9159
8292,9160
17678,9161
6136,9162
1033,9163
14679,9164
8465,9165
18227,9166
17695,9167
18537,9168
15768,9169
16355,9170
17987,9171
3249,9172
12907,9173
13290,9174
2049,9175
10447,9176
3081,9177
4850,9178
9337,9179
4245,9180
16465,9181
15879,9182
13875,9183
1364,9184
4646,9185
9250,9186
2445,9187
11472,9188
13679,9189
12369,9190
4559,9191
17861,9192
12976,9193
17892,9194
15347,9195
6036,9196
7910,9197
2896,9198
2261,9199
10845,9200
9212,9201
9845,9202
15331,9203
20069,9204
4021,9205
20281,9206
2994,9207
15476,9208
16549,9209
16754,9210
19504,9211
9219,9212
5803,9213
9847,9214
18887,9215
942,9216
19081,9217
9848,9218
18281,9219
9849,9220
20072,9221
9850,9222
19475,9223
9853,9224
9619,9225
7382,9226
8380,9227
8452,9228
19875,9229
19280,9230
8246,9231
9856,9232
11104,9233
11708,9234
9859,9235
986,9236
9860,9237
18195,9238
19990,9239
9861,9240
10924,9241
19739,9242
17593,9243
4231,9244
9862,9245
2878,9246
9863,9247
18135,9248
10878,9249
12932,9250
1577,9251
11049,9252
12869,9253
17408,9254
1370,9255
18255,9256
15551,9257
10376,9258
12757,9259
18109,9260
18709,9261
2438,9262
11613,9263
12790,9264
3386,9265
12686,9266
20348,9267
11098,9268
13484,9269
3473,9270
12689,9271
3518,9272
3943,9273
10937,9274
3745,9275
4652,9276
12569,9277
16341,9278
18788,9279
5149,9280
17357,9281
15754,9282
18188,9283
5249,9284
5827,9285
3443,9286
6586,9287
6724,9288
4237,9289
14188,9290
2406,9291
16739,9292
2904,9293
3508,9294
5125,9295
15028,9296
18180,9297
19888,9298
13402,9299
14001,9300
6082,9301
7935,9302
8351,9303
10347,9304
8393,9305
3942,9306
14025,9307
3419,9308
4886,9309
14508,9310
18138,9311
18605,9312
15713,9313
2231,9314
4604,9315
5371,9316
4585,9317
3979,9318
5781,9319
5804,9320
6429,9321
18814,9322
18213,9323
7339,9324
7690,9325
8250,9326
8406,9327
10405,9328
2929,9329
1025,9330
8906,9331
1960,9332
10926,9333
16886,9334
9184,9335
11723,9336
11856,9337
11119,9338
17923,9339
19564,9340
16159,9341
9258,9342
15698,9343
2828,9344
6415,9345
9261,9346
16427,9347
3968,9348
2151,9349
2785,9350
1426,9351
3862,9352
15574,9353
3383,9354
4779,9355
4176,9356
6000,9357
18304,9358
15455,9359
12350,9360
13585,9361
14352,9362
1736,9363
4130,9364
11674,9365
16428,9366
15842,9367
19771,9368
6336,9369
738,9370
15588,9371
2265,9372
12068,9373
3201,9374
10863,9375
4279,9376
12611,9377
8179,9378
18070,9379
4328,9380
17566,9381
3165,9382
18014,9383
17931,9384
6799,9385
9664,9386
15632,9387
9491,9388
10352,9389
13389,9390
2289,9391
5381,9392
1053,9393
14484,9394
6630,9395
12205,9396
15972,9397
12495,9398
16576,9399
17731,9400
6066,9401
6510,9402
5884,9403
6690,9404
16871,9405
16285,9406
4080,9407
2237,9408
5733,9409
9672,9410
3989,9411
3387,9412
3329,9413
9734,9414
14467,9415
9508,9416
15805,9417
11299,9418
11470,9419
15003,9420
15916,9421
1693,9422
17738,9423
14879,9424
17152,9425
19688,9426
18927,9427
19545,9428
19904,9429
18142,9430
18742,9431
13286,9432
5102,9433
7145,9434
7269,9435
7897,9436
1699,9437
1063,9438
18837,9439
18236,9440
15075,9441
9010,9442
19255,9443
19850,9444
12676,9445
9132,9446
9135,9447
15652,9448
4463,9449
14066,9450
14082,9451
1528,9452
17269,9453
6456,9454
5830,9455
13268,9456
1340,9457
17495,9458
6827,9459
14268,9460
16587,9461
7251,9462
18929,9463
17320,9464
19528,9465
16730,9466
18840,9467
18239,9468
11095,9469
11699,9470
15045,9471
9657,9472
19907,9473
9745,9474
9079,9475
5790,9476
10337,9477
5738,9478
9864,9479
19936,9480
19339,9481
5710,9482
737,9483
11245,9484
10966,9485
12456,9486
7657,9487
2701,9488
8869,9489
9865,9490
12199,9491
12807,9492
1435,9493
2651,9494
10076,9495
13184,9496
16449,9497
3324,9498
2025,9499
3483,9500
8577,9501
18524,9502
9866,9503
19920,9504
19325,9505
9867,9506
6470,9507
7099,9508
6991,9509
5686,9510
15273,9511
12665,9512
1988,9513
15325,9514
4382,9515
17324,9516
9869,9517
2186,9518
987,9519
14444,9520
17375,9521
14948,9522
6740,9523
7361,9524
13713,9525
11725,9526
7294,9527
10384,9528
9711,9529
9870,9530
11199,9531
11207,9532
14591,9533
15182,9534
9871,9535
9878,9536
18065,9537
9879,9538
3997,9539
16895,9540
17405,9541
9521,9542
17529,9543
15055,9544
10167,9545
8646,9546
10496,9547
19215,9548
10075,9549
11078,9550
15672,9551
10760,9552
16480,9553
16408,9554
19365,9555
15645,9556
2628,9557
1870,9558
10033,9559
1846,9560
5797,9561
6444,9562
4711,9563
5310,9564
7922,9565
1559,9566
14005,9567
910,9568
5115,9569
9880,9570
17911,9571
9881,9572
15132,9573
9882,9574
5774,9575
9886,9576
12110,9577
15696,9578
2103,9579
10035,9580
9372,9581
6110,9582
2573,9583
8847,9584
10428,9585
13483,9586
4326,9587
17331,9588
19376,9589
19973,9590
5740,9591
4964,9592
4928,9593
5530,9594
5619,9595
711,9596
2863,9597
7412,9598
3747,9599
836,9600
9438,9601
14984,9602
1183,9603
12091,9604
12170,9605
16301,9606
1516,9607
11452,9608
16834,9609
18715,9610
12183,9611
19372,9612
2114,9613
3137,9614
1222,9615
2263,9616
13888,9617
5658,9618
18730,9619
7325,9620
11829,9621
15373,9622
11224,9623
11159,9624
13005,9625
10519,9626
7963,9627
1117,9628
7796,9629
15056,9630
8129,9631
5603,9632
7155,9633
15658,9634
8301,9635
9149,9636
7191,9637
9168,9638
11038,9639
9851,9640
20065,9641
8998,9642
16265,9643
8731,9644
1226,9645
11042,9646
9302,9647
1161,9648
11707,9649
12094,9650
9379,9651
3214,9652
4962,9653
8717,9654
16377,9655
835,9656
2454,9657
3089,9658
1182,9659
13834,9660
1971,9661
6219,9662
8100,9663
5546,9664
4945,9665
9264,9666
10581,9667
10028,9668
10722,9669
1224,9670
4940,9671
9887,9672
16280,9673
19227,9674
6352,9675
1400,9676
16764,9677
17335,9678
3527,9679
815,9680
3283,9681
14732,9682
4276,9683
17922,9684
3464,9685
12221,9686
14457,9687
3844,9688
10068,9689
2157,9690
3670,9691
17446,9692
11863,9693
14190,9694
16748,9695
4555,9696
15485,9697
11286,9698
17709,9699
6051,9700
6675,9701
7092,9702
7721,9703
4518,9704
9530,9705
11527,9706
13678,9707
13098,9708
15368,9709
17924,9710
18941,9711
17337,9712
15216,9713
14625,9714
2703,9715
4474,9716
11033,9717
6333,9718
1332,9719
16300,9720
17580,9721
6113,9722
19377,9723
16329,9724
15742,9725
8946,9726
9329,9727
13985,9728
13342,9729
15126,9730
3933,9731
5684,9732
13944,9733
4055,9734
9888,9735
5770,9736
9890,9737
12497,9738
17747,9739
4226,9740
9891,9741
9718,9742
2564,9743
15664,9744
7956,9745
6735,9746
9892,9747
12089,9748
12101,9749
12704,9750
13911,9751
3495,9752
4025,9753
4290,9754
3982,9755
11543,9756
13366,9757
11458,9758
7036,9759
7429,9760
16942,9761
19913,9762
19318,9763
10834,9764
8751,9765
4632,9766
9235,9767
9081,9768
9649,9769
16909,9770
3999,9771
9601,9772
1405,9773
13658,9774
14632,9775
988,9776
1623,9777
11462,9778
9895,9779
3343,9780
5489,9781
2228,9782
9897,9783
12695,9784
13906,9785
15105,9786
15326,9787
15689,9788
12825,9789
16940,9790
1753,9791
16897,9792
19906,9793
2126,9794
1496,9795
12060,9796
3038,9797
4373,9798
14569,9799
11508,9800
19240,9801
6213,9802
7725,9803
3410,9804
5217,9805
9110,9806
13461,9807
15243,9808
15037,9809
990,9810
17512,9811
16926,9812
11453,9813
2625,9814
14102,9815
798,9816
8207,9817
17806,9818
10349,9819
16413,9820
18388,9821
16082,9822
19015,9823
18991,9824
17259,9825
18005,9826
1916,9827
5209,9828
12037,9829
5210,9830
15323,9831
14343,9832
5297,9833
6670,9834
8818,9835
14255,9836
15764,9837
16351,9838
13748,9839
17612,9840
17845,9841
14189,9842
18958,9843
19481,9844
3806,9845
4410,9846
15082,9847
17365,9848
4039,9849
5902,9850
7274,9851
12200,9852
11594,9853
12288,9854
12896,9855
14020,9856
13423,9857
14554,9858
15146,9859
1557,9860
16457,9861
1673,9862
1037,9863
18191,9864
18759,9865
19357,9866
19919,9867
15785,9868
19986,9869
17406,9870
2695,9871
5203,9872
15721,9873
12278,9874
12886,9875
5663,9876
12202,9877
12810,9878
5922,9879
6046,9880
19340,9881
19937,9882
7589,9883
19754,9884
17575,9885
19749,9886
3009,9887
7858,9888
3578,9889
12678,9890
7580,9891
18791,9892
8007,9893
1095,9894
1048,9895
20028,9896
13883,9897
10214,9898
11503,9899
15014,9900
8862,9901
2165,9902
9173,9903
8511,9904
12182,9905
9263,9906
1468,9907
12496,9908
16151,9909
18334,9910
4260,9911
7648,9912
11847,9913
12506,9914
18969,9915
9207,9916
15207,9917
14616,9918
2720,9919
8225,9920
13111,9921
15979,9922
17329,9923
19465,9924
9182,9925
16566,9926
16740,9927
5917,9928
9712,9929
9900,9930
9901,9931
17302,9932
14761,9933
13709,9934
12340,9935
13163,9936
14157,9937
12558,9938
2334,9939
15119,9940
9902,9941
4104,9942
14547,9943
9903,9944
10885,9945
12085,9946
18420,9947
10280,9948
13304,9949
1259,9950
16620,9951
18899,9952
19628,9953
15391,9954
20187,9955
3797,9956
12908,9957
14531,9958
10329,9959
1565,9960
3663,9961
12124,9962
14737,9963
16477,9964
19353,9965
15330,9966
15933,9967
16237,9968
1363,9969
15726,9970
11637,9971
16335,9972
16904,9973
3530,9974
13992,9975
13393,9976
5776,9977
4111,9978
5966,9979
6971,9980
7299,9981
7918,9982
12721,9983
19345,9984
5212,9985
6408,9986
17083,9987
17443,9988
7302,9989
2796,9990
7926,9991
2177,9992
2812,9993
874,9994
11043,9995
18694,9996
2099,9997
4957,9998
5557,9999
894,10000
9366,10001
10029,10002
12083,10003
3088,10004
2522,10005
9424,10006
8128,10007
10997,10008
16331,10009
16953,10010
17086,10011
19400,10012
5490,10013
1688,10014
18850,10015
19825,10016
18033,10017
16220,10018
4668,10019
10503,10020
4680,10021
4077,10022
17979,10023
3245,10024
11054,10025
16410,10026
5250,10027
10962,10028
11566,10029
1423,10030
7166,10031
12117,10032
12725,10033
13249,10034
13836,10035
12213,10036
5784,10037
12668,10038
5664,10039
10668,10040
1167,10041
15824,10042
16435,10043
15849,10044
1803,10045
15545,10046
13432,10047
14029,10048
7797,10049
8399,10050
9342,10051
9526,10052
17562,10053
10385,10054
4715,10055
8387,10056
13847,10057
9641,10058
1551,10059
914,10060
9659,10061
13891,10062
8231,10063
11265,10064
15006,10065
17491,10066
18132,10067
18340,10068
3701,10069
13407,10070
18193,10071
16268,10072
18292,10073
18414,10074
19002,10075
4022,10076
7021,10077
4969,10078
8680,10079
9431,10080
10098,10081
10422,10082
11454,10083
9663,10084
15792,10085
17549,10086
9732,10087
9737,10088
16813,10089
1983,10090
14327,10091
12595,10092
1467,10093
15115,10094
14524,10095
14063,10096
14656,10097
1626,10098
14725,10099
11709,10100
18199,10101
14874,10102
10870,10103
12349,10104
12420,10105
13559,10106
17792,10107
18731,10108
18886,10109
13506,10110
15287,10111
18162,10112
17576,10113
17997,10114
19187,10115
19530,10116
6065,10117
6689,10118
7938,10119
19841,10120
18046,10121
13860,10122
6897,10123
2772,10124
8663,10125
17669,10126
2727,10127
1123,10128
13919,10129
16394,10130
1761,10131
12187,10132
19364,10133
8433,10134
9096,10135
9124,10136
5323,10137
4724,10138
19766,10139
8172,10140
13953,10141
6986,10142
767,10143
14088,10144
17458,10145
7181,10146
12317,10147
786,10148
15616,10149
15942,10150
4890,10151
13318,10152
14861,10153
10425,10154
15994,10155
15449,10156
4108,10157
5256,10158
2144,10159
2778,10160
8245,10161
8585,10162
12687,10163
14013,10164
7432,10165
15094,10166
1148,10167
1475,10168
20047,10169
2211,10170
2216,10171
18720,10172
4734,10173
4748,10174
10988,10175
16963,10176
5516,10177
1675,10178
15298,10179
15901,10180
5715,10181
4473,10182
6958,10183
18555,10184
11628,10185
13864,10186
7629,10187
7697,10188
11431,10189
8057,10190
8169,10191
17347,10192
11486,10193
16172,10194
17607,10195
6145,10196
12280,10197
6770,10198
11308,10199
13571,10200
14891,10201
859,10202
17970,10203
9148,10204
7659,10205
9480,10206
1760,10207
12630,10208
12024,10209
15733,10210
16127,10211
14751,10212
14895,10213
4583,10214
12641,10215
19159,10216
12717,10217
3907,10218
10813,10219
17079,10220
1839,10221
7025,10222
16760,10223
7455,10224
1553,10225
6832,10226
13656,10227
12378,10228
19010,10229
8697,10230
13313,10231
12626,10232
18009,10233
1908,10234
1272,10235
14592,10236
11580,10237
14821,10238
12399,10239
19942,10240
20243,10241
2182,10242
11024,10243
3095,10244
13451,10245
7007,10246
12248,10247
1794,10248
19859,10249
7826,10250
3576,10251
4179,10252
8953,10253
14112,10254
4892,10255
2792,10256
5305,10257
3499,10258
6392,10259
1124,10260
12722,10261
2758,10262
18117,10263
4660,10264
824,10265
6499,10266
7416,10267
17425,10268
18225,10269
3076,10270
1641,10271
19388,10272
19984,10273
15034,10274
13239,10275
15219,10276
2100,10277
1162,10278
12123,10279
14142,10280
1027,10281
1663,10282
13852,10283
3412,10284
2940,10285
1036,10286
17995,10287
8978,10288
12217,10289
12824,10290
1430,10291
9029,10292
940,10293
1575,10294
4527,10295
750,10296
5220,10297
3322,10298
2019,10299
4119,10300
14476,10301
9695,10302
4725,10303
9904,10304
3145,10305
13063,10306
14249,10307
14699,10308
16971,10309
843,10310
7360,10311
3996,10312
3396,10313
17481,10314
18578,10315
6905,10316
11850,10317
12991,10318
13654,10319
12384,10320
13595,10321
11827,10322
11179,10323
12366,10324
13141,10325
14247,10326
14678,10327
11232,10328
14774,10329
15497,10330
15677,10331
15956,10332
15973,10333
16024,10334
13721,10335
16663,10336
17774,10337
18373,10338
18412,10339
19445,10340
19505,10341
12436,10342
16017,10343
15495,10344
18329,10345
12536,10346
19582,10347
13139,10348
19586,10349
19660,10350
20101,10351
20260,10352
11775,10353
12415,10354
18395,10355
2356,10356
16638,10357
18344,10358
14906,10359
3472,10360
4240,10361
4841,10362
5507,10363
16142,10364
20010,10365
5353,10366
6640,10367
7147,10368
7323,10369
11513,10370
12769,10371
15137,10372
15245,10373
14654,10374
14452,10375
15255,10376
14665,10377
17017,10378
2839,10379
2204,10380
14469,10381
7691,10382
10334,10383
7870,10384
17755,10385
20186,10386
14316,10387
12936,10388
6015,10389
6615,10390
13723,10391
9195,10392
18869,10393
18268,10394
1013,10395
19983,10396
9905,10397
4844,10398
2346,10399
9907,10400
12629,10401
12311,10402
16392,10403
17460,10404
17601,10405
19276,10406
19882,10407
2201,10408
6427,10409
6580,10410
7790,10411
847,10412
7965,10413
9080,10414
9122,10415
9908,10416
13138,10417
12329,10418
9911,10419
13437,10420
14538,10421
14561,10422
15230,10423
12728,10424
12120,10425
15749,10426
18100,10427
18216,10428
12878,10429
18222,10430
12153,10431
18241,10432
19879,10433
20039,10434
17400,10435
2692,10436
2874,10437
3950,10438
20277,10439
11505,10440
4460,10441
11263,10442
13365,10443
11869,10444
14271,10445
17715,10446
17332,10447
18258,10448
13880,10449
2015,10450
14087,10451
15138,10452
4730,10453
5419,10454
5824,10455
6329,10456
4440,10457
14348,10458
17434,10459
10063,10460
19361,10461
5474,10462
6451,10463
17618,10464
6517,10465
2273,10466
6614,10467
17919,10468
6635,10469
13055,10470
11176,10471
14110,10472
13512,10473
14833,10474
12388,10475
17544,10476
15787,10477
5987,10478
19137,10479
6029,10480
11530,10481
6516,10482
5890,10483
12118,10484
13935,10485
12058,10486
6612,10487
13749,10488
7219,10489
6594,10490
12057,10491
7230,10492
20056,10493
14696,10494
15286,10495
7709,10496
12042,10497
8370,10498
8471,10499
8925,10500
917,10501
2818,10502
921,10503
9515,10504
4684,10505
9579,10506
8208,10507
2385,10508
10865,10509
16398,10510
4010,10511
13873,10512
10183,10513
18725,10514
20323,10515
19198,10516
19262,10517
4094,10518
4408,10519
5168,10520
5488,10521
6682,10522
6869,10523
7705,10524
17572,10525
16988,10526
17972,10527
1970,10528
6591,10529
16240,10530
2640,10531
1672,10532
18513,10533
11124,10534
12919,10535
14384,10536
16296,10537
16882,10538
18247,10539
16981,10540
4836,10541
11728,10542
7005,10543
7237,10544
7273,10545
7901,10546
13538,10547
14136,10548
8360,10549
10356,10550
8671,10551
913,10552
1550,10553
9227,10554
11514,10555
19250,10556
2866,10557
9604,10558
4501,10559
13508,10560
11303,10561
13762,10562
1096,10563
15236,10564
13454,10565
16515,10566
18828,10567
19464,10568
4157,10569
14736,10570
16508,10571
5410,10572
11970,10573
14639,10574
9662,10575
19454,10576
11109,10577
6332,10578
8823,10579
15242,10580
15743,10581
14460,10582
17999,10583
1295,10584
16129,10585
12943,10586
19721,10587
20092,10588
11880,10589
18297,10590
11253,10591
19550,10592
13070,10593
11164,10594
20222,10595
17186,10596
16634,10597
19591,10598
16731,10599
20189,10600
17321,10601
19416,10602
20012,10603
14671,10604
14077,10605
13887,10606
6498,10607
7575,10608
10466,10609
14148,10610
14944,10611
1876,10612
17824,10613
13001,10614
13094,10615
18783,10616
18942,10617
10673,10618
16271,10619
11055,10620
11652,10621
12599,10622
10331,10623
14734,10624
15208,10625
1555,10626
1646,10627
16469,10628
18699,10629
18099,10630
19432,10631
2135,10632
3944,10633
4778,10634
4631,10635
5231,10636
19185,10637
5921,10638
2327,10639
2961,10640
6739,10641
3691,10642
7179,10643
7419,10644
2422,10645
7241,10646
16028,10647
7909,10648
7169,10649
13676,10650
17753,10651
19000,10652
17208,10653
6542,10654
14670,10655
15260,10656
16241,10657
7333,10658
16273,10659
6744,10660
7365,10661
15430,10662
19559,10663
17343,10664
10346,10665
5807,10666
8279,10667
8924,10668
16796,10669
12319,10670
17488,10671
18639,10672
18039,10673
3659,10674
4696,10675
5707,10676
9123,10677
9157,10678
17508,10679
16922,10680
5133,10681
9487,10682
17467,10683
18824,10684
6359,10685
5101,10686
11550,10687
16308,10688
15722,10689
10406,10690
8328,10691
8990,10692
7614,10693
9333,10694
4265,10695
4639,10696
4033,10697
19677,10698
11584,10699
2340,10700
10550,10701
7240,10702
11867,10703
12372,10704
11956,10705
10320,10706
14545,10707
13952,10708
18267,10709
3467,10710
8440,10711
8494,10712
7828,10713
7724,10714
8385,10715
7604,10716
9539,10717
3461,10718
8282,10719
13897,10720
18868,10721
2562,10722
4071,10723
4348,10724
5187,10725
10910,10726
19846,10727
7778,10728
9089,10729
8426,10730
6979,10731
9573,10732
9687,10733
10357,10734
17519,10735
16933,10736
9719,10737
2156,10738
2791,10739
3924,10740
9883,10741
15122,10742
9913,10743
19131,10744
5945,10745
5338,10746
11466,10747
8894,10748
14387,10749
17484,10750
7982,10751
19797,10752
12431,10753
20279,10754
2746,10755
12437,10756
14376,10757
6437,10758
9681,10759
7599,10760
8204,10761
13038,10762
10308,10763
14017,10764
14801,10765
11351,10766
15220,10767
16892,10768
17094,10769
18860,10770
19029,10771
20179,10772
11954,10773
14740,10774
16520,10775
17990,10776
4819,10777
13780,10778
6083,10779
3347,10780
2457,10781
15870,10782
5978,10783
7203,10784
7702,10785
2153,10786
13372,10787
17395,10788
7833,10789
14449,10790
9757,10791
10270,10792
9916,10793
9919,10794
9921,10795
7911,10796
9926,10797
4350,10798
2484,10799
11484,10800
10731,10801
16250,10802
11037,10803
12751,10804
14143,10805
19323,10806
2222,10807
2872,10808
5299,10809
5941,10810
9927,10811
17036,10812
19053,10813
2775,10814
14974,10815
7913,10816
18153,10817
18753,10818
14976,10819
5769,10820
6128,10821
6753,10822
3742,10823
3115,10824
2430,10825
1885,10826
1249,10827
10037,10828
6813,10829
8981,10830
9371,10831
2396,10832
1305,10833
6172,10834
6798,10835
10711,10836
10042,10837
1163,10838
9412,10839
8749,10840
4956,10841
5010,10842
8134,10843
1399,10844
10781,10845
2490,10846
3126,10847
3128,10848
5008,10849
16781,10850
7335,10851
4297,10852
12860,10853
12585,10854
9645,10855
16165,10856
16338,10857
9928,10858
3726,10859
4332,10860
2463,10861
14218,10862
11785,10863
12355,10864
11961,10865
14161,10866
14803,10867
15341,10868
14966,10869
1529,10870
15344,10871
15541,10872
15561,10873
16738,10874
17111,10875
10947,10876
15081,10877
15915,10878
17732,10879
2159,10880
2991,10881
20337,10882
5348,10883
6663,10884
9210,10885
993,10886
9933,10887
1238,10888
14553,10889
17328,10890
2763,10891
3642,10892
5453,10893
17041,10894
14083,10895
9408,10896
9934,10897
10301,10898
4270,10899
9857,10900
13528,10901
17046,10902
19210,10903
19924,10904
19328,10905
2825,10906
7683,10907
9117,10908
8454,10909
9078,10910
7123,10911
994,10912
19176,10913
9510,10914
13188,10915
11370,10916
12697,10917
12862,10918
3161,10919
3511,10920
2314,10921
9943,10922
9947,10923
3339,10924
12879,10925
14388,10926
15109,10927
13793,10928
11538,10929
3978,10930
6421,10931
6452,10932
5826,10933
4098,10934
6496,10935
5870,10936
6845,10937
11532,10938
12140,10939
12562,10940
12988,10941
11815,10942
13444,10943
14507,10944
15225,10945
16986,10946
17548,10947
13417,10948
10468,10949
18060,10950
1021,10951
13410,10952
17318,10953
10404,10954
15149,10955
10939,10956
16372,10957
16958,10958
16997,10959
14041,10960
19456,10961
19849,10962
12135,10963
14349,10964
1011,10965
15264,10966
13482,10967
16474,10968
15888,10969
18169,10970
18769,10971
19885,10972
19290,10973
19998,10974
19402,10975
20042,10976
11082,10977
2560,10978
11555,10979
2841,10980
2914,10981
3169,10982
1260,10983
20346,10984
14516,10985
16263,10986
12756,10987
3465,10988
3546,10989
2941,10990
18129,10991
3577,10992
2957,10993
3735,10994
3571,10995
4679,10996
5202,10997
5292,10998
5333,10999
5582,11000
11624,11001
4785,11002
1692,11003
10267,11004
5756,11005
10684,11006
16426,11007
17471,11008
18178,11009
4189,11010
18726,11011
19324,11012
4735,11013
5766,11014
3106,11015
12729,11016
5319,11017
20025,11018
15885,11019
11437,11020
5773,11021
5866,11022
5879,11023
6360,11024
2043,11025
11665,11026
3720,11027
6458,11028
13744,11029
11661,11030
11056,11031
18121,11032
18211,11033
12877,11034
18721,11035
18205,11036
17620,11037
1449,11038
18834,11039
19981,11040
19385,11041
5355,11042
4754,11043
5979,11044
6481,11045
4653,11046
19188,11047
1361,11048
10493,11049
13095,11050
11129,11051
16521,11052
19801,11053
15429,11054
12985,11055
14556,11056
15407,11057
12982,11058
13629,11059
11192,11060
12375,11061
15536,11062
20140,11063
20344,11064
14052,11065
13455,11066
4920,11067
5486,11068
1482,11069
10599,11070
18174,11071
19201,11072
15861,11073
19805,11074
19964,11075
13394,11076
13993,11077
2711,11078
2744,11079
16479,11080
3168,11081
3964,11082
3672,11083
3540,11084
5004,11085
11558,11086
16429,11087
6505,11088
11355,11089
12770,11090
12162,11091
12828,11092
12922,11093
12314,11094
12931,11095
12323,11096
10929,11097
12748,11098
12651,11099
17504,11100
16918,11101
19900,11102
19305,11103
20055,11104
19459,11105
14124,11106
13526,11107
12072,11108
10818,11109
19424,11110
3424,11111
6488,11112
14604,11113
11686,11114
12294,11115
11433,11116
6509,11117
12669,11118
6606,11119
3506,11120
4110,11121
13886,11122
6915,11123
11884,11124
20142,11125
14903,11126
2795,11127
697,11128
18269,11129
5244,11130
7080,11131
7200,11132
4139,11133
7271,11134
18262,11135
2175,11136
2810,11137
16824,11138
4462,11139
14518,11140
16959,11141
16996,11142
4345,11143
3741,11144
7338,11145
13302,11146
1909,11147
14692,11148
19817,11149
19916,11150
5151,11151
3738,11152
14695,11153
10488,11154
5757,11155
10892,11156
6192,11157
13352,11158
4787,11159
4184,11160
2069,11161
6389,11162
2311,11163
7671,11164
3380,11165
15038,11166
7712,11167
10375,11168
7731,11169
11093,11170
11697,11171
7774,11172
7812,11173
4083,11174
3479,11175
785,11176
7966,11177
19987,11178
10969,11179
7991,11180
17650,11181
6482,11182
5856,11183
8335,11184
18079,11185
12559,11186
1059,11187
11601,11188
10995,11189
14684,11190
16295,11191
15708,11192
4088,11193
2245,11194
4588,11195
6514,11196
5888,11197
18799,11198
19399,11199
6560,11200
7590,11201
687,11202
10586,11203
17538,11204
5188,11205
8253,11206
8364,11207
1563,11208
2195,11209
11620,11210
11014,11211
14451,11212
8404,11213
16328,11214
4608,11215
4507,11216
17957,11217
18194,11218
7330,11219
5278,11220
11050,11221
11656,11222
10847,11223
8421,11224
19863,11225
15729,11226
8442,11227
8480,11228
10477,11229
8493,11230
5704,11231
8495,11232
10494,11233
17390,11234
8498,11235
8791,11236
2962,11237
18710,11238
18110,11239
14442,11240
13837,11241
849,11242
12607,11243
8508,11244
6975,11245
7560,11246
20316,11247
10927,11248
13563,11249
12002,11250
12694,11251
14517,11252
10434,11253
14853,11254
15227,11255
14636,11256
16850,11257
17717,11258
19551,11259
19807,11260
1256,11261
12298,11262
19858,11263
20125,11264
1121,11265
11490,11266
13491,11267
14393,11268
14514,11269
17442,11270
12186,11271
1759,11272
14739,11273
18612,11274
10755,11275
12173,11276
12872,11277
11511,11278
2104,11279
18486,11280
10568,11281
13533,11282
1606,11283
12895,11284
12287,11285
19770,11286
2535,11287
20001,11288
2739,11289
10452,11290
3143,11291
4309,11292
4627,11293
5213,11294
11012,11295
4698,11296
6092,11297
11485,11298
12087,11299
10456,11300
16447,11301
16856,11302
1195,11303
11496,11304
2113,11305
2748,11306
3054,11307
3371,11308
16473,11309
1684,11310
6717,11311
15738,11312
7097,11313
7462,11314
20035,11315
19421,11316
20017,11317
7808,11318
8055,11319
12700,11320
14495,11321
14506,11322
12909,11323
16256,11324
15602,11325
14010,11326
17426,11327
3181,11328
14660,11329
3575,11330
4708,11331
4997,11332
17008,11333
5382,11334
6176,11335
15285,11336
5301,11337
4702,11338
7443,11339
8075,11340
4669,11341
13422,11342
14019,11343
8460,11344
11627,11345
11021,11346
8472,11347
8488,11348
7822,11349
8507,11350
18589,11351
4456,11352
13053,11353
15147,11354
8459,11355
8876,11356
4356,11357
19435,11358
4733,11359
11070,11360
6579,11361
890,11362
10348,11363
11450,11364
6907,11365
13509,11366
6013,11367
8242,11368
11422,11369
10960,11370
6638,11371
8343,11372
8437,11373
13862,11374
3240,11375
7109,11376
19178,11377
7164,11378
7258,11379
7537,11380
4649,11381
12056,11382
7538,11383
11392,11384
16878,11385
19050,11386
12993,11387
6042,11388
7886,11389
8903,11390
8905,11391
19161,11392
14233,11393
17617,11394
2053,11395
8922,11396
17966,11397
17264,11398
17547,11399
16809,11400
3244,11401
14663,11402
12906,11403
16095,11404
2922,11405
8928,11406
8932,11407
16800,11408
14300,11409
11314,11410
11131,11411
11494,11412
16321,11413
16765,11414
17439,11415
17466,11416
17597,11417
17013,11418
18623,11419
14105,11420
1854,11421
14096,11422
13443,11423
14040,11424
15633,11425
10161,11426
12844,11427
19216,11428
1875,11429
19499,11430
1764,11431
10284,11432
12075,11433
12726,11434
13917,11435
1126,11436
15869,11437
18732,11438
1928,11439
20276,11440
4354,11441
19439,11442
11608,11443
5189,11444
5248,11445
11639,11446
5308,11447
3503,11448
13487,11449
12881,11450
5750,11451
6776,11452
17668,11453
14551,11454
15143,11455
10839,11456
1342,11457
19622,11458
2305,11459
7022,11460
16177,11461
20040,11462
4000,11463
2213,11464
2848,11465
7634,11466
17107,11467
2462,11468
11582,11469
5828,11470
7713,11471
8021,11472
13340,11473
3403,11474
5211,11475
8965,11476
12451,11477
15854,11478
15917,11479
5483,11480
7087,11481
8977,11482
13942,11483
8995,11484
19390,11485
3522,11486
9003,11487
15829,11488
15233,11489
12671,11490
9005,11491
9041,11492
16357,11493
9063,11494
8400,11495
19177,11496
9073,11497
9082,11498
2224,11499
9105,11500
912,11501
13287,11502
6945,11503
18500,11504
12820,11505
17603,11506
1978,11507
10563,11508
15770,11509
19103,11510
13573,11511
6981,11512
9136,11513
4137,11514
6573,11515
17991,11516
9142,11517
14137,11518
14362,11519
14033,11520
15116,11521
13330,11522
15136,11523
14544,11524
16349,11525
11565,11526
19304,11527
19899,11528
11667,11529
11062,11530
2170,11531
2805,11532
5252,11533
3446,11534
12043,11535
5871,11536
6497,11537
5224,11538
4624,11539
17989,11540
1994,11541
12325,11542
2090,11543
17265,11544
10698,11545
11654,11546
13473,11547
16003,11548
16088,11549
16590,11550
13659,11551
18628,11552
10463,11553
18959,11554
15542,11555
19554,11556
14952,11557
10423,11558
3394,11559
13977,11560
13378,11561
18575,11562
4449,11563
17643,11564
11440,11565
1830,11566
19670,11567
18294,11568
20270,11569
16593,11570
12580,11571
16597,11572
13185,11573
13990,11574
13391,11575
5048,11576
14086,11577
2777,11578
5264,11579
7127,11580
16945,11581
16359,11582
7322,11583
13186,11584
12776,11585
12168,11586
10239,11587
7663,11588
13865,11589
1974,11590
11857,11591
14069,11592
16966,11593
17550,11594
18962,11595
20325,11596
4053,11597
11455,11598
6914,11599
1508,11600
18446,11601
18970,11602
11321,11603
3302,11604
11419,11605
14123,11606
17289,11607
13577,11608
11924,11609
19226,11610
2068,11611
5074,11612
10899,11613
11846,11614
19571,11615
12528,11616
12332,11617
5903,11618
17388,11619
7168,11620
6541,11621
8425,11622
5718,11623
13843,11624
19891,11625
6109,11626
8367,11627
5369,11628
4768,11629
19191,11630
10194,11631
11862,11632
15376,11633
16444,11634
18461,11635
14787,11636
16009,11637
17916,11638
18532,11639
14065,11640
14658,11641
8334,11642
8824,11643
8829,11644
4699,11645
10250,11646
15030,11647
16107,11648
12361,11649
13715,11650
4143,11651
15642,11652
1986,11653
11233,11654
12392,11655
14310,11656
19354,11657
8997,11658
5721,11659
915,11660
9151,11661
14359,11662
11519,11663
12737,11664
15148,11665
14557,11666
18655,11667
18663,11668
900,11669
2803,11670
3915,11671
10198,11672
12267,11673
12470,11674
11147,11675
13210,11676
16106,11677
17148,11678
18305,11679
13209,11680
3414,11681
4062,11682
3459,11683
8590,11684
12126,11685
2927,11686
3532,11687
11446,11688
5653,11689
10013,11690
18064,11691
7160,11692
7481,11693
13310,11694
12128,11695
14256,11696
14187,11697
14419,11698
1520,11699
16169,11700
18172,11701
4049,11702
4654,11703
7706,11704
9160,11705
7675,11706
7046,11707
9164,11708
8502,11709
14068,11710
13470,11711
9169,11712
17584,11713
12838,11714
9232,11715
18756,11716
13462,11717
14059,11718
6982,11719
2028,11720
16915,11721
18610,11722
15484,11723
13556,11724
14030,11725
19720,11726
13413,11727
12802,11728
16546,11729
18896,11730
4195,11731
4271,11732
12099,11733
12684,11734
1456,11735
16842,11736
10095,11737
13467,11738
16347,11739
1853,11740
17560,11741
19410,11742
18810,11743
3665,11744
3372,11745
1603,11746
4650,11747
5194,11748
6078,11749
13918,11750
18614,11751
2171,11752
2527,11753
10474,11754
2726,11755
1584,11756
2738,11757
17582,11758
1789,11759
16389,11760
4716,11761
16425,11762
13882,11763
3289,11764
11923,11765
19238,11766
5492,11767
19307,11768
3364,11769
3967,11770
5548,11771
5837,11772
12272,11773
12880,11774
6120,11775
10925,11776
15745,11777
17570,11778
11039,11779
11645,11780
10260,11781
3279,11782
14276,11783
18739,11784
3377,11785
6463,11786
6506,11787
4190,11788
3587,11789
16222,11790
7161,11791
806,11792
822,11793
1210,11794
2856,11795
8384,11796
840,11797
14409,11798
10365,11799
1540,11800
14134,11801
9046,11802
9048,11803
17682,11804
7231,11805
7598,11806
9171,11807
8509,11808
18577,11809
6279,11810
16311,11811
17308,11812
7732,11813
17993,11814
6288,11815
17896,11816
18068,11817
2953,11818
8415,11819
9452,11820
16891,11821
7090,11822
7719,11823
15063,11824
9570,11825
12635,11826
13409,11827
14272,11828
15627,11829
20011,11830
11556,11831
10952,11832
2354,11833
14900,11834
9585,11835
9588,11836
2026,11837
11921,11838
19835,11839
887,11840
9600,11841
9543,11842
16040,11843
4117,11844
4634,11845
5234,11846
9621,11847
5337,11848
9638,11849
15740,11850
7958,11851
12759,11852
7218,11853
7848,11854
9660,11855
968,11856
16228,11857
8843,11858
11030,11859
12466,11860
5957,11861
13283,11862
2673,11863
1614,11864
17810,11865
19245,11866
19786,11867
9688,11868
9024,11869
16808,11870
7533,11871
18641,11872
19778,11873
5659,11874
15443,11875
11868,11876
13588,11877
14780,11878
13800,11879
10884,11880
13315,11881
14395,11882
13478,11883
16179,11884
17039,11885
12642,11886
17050,11887
18772,11888
18906,11889
19160,11890
1331,11891
10919,11892
17392,11893
18428,11894
19298,11895
15835,11896
19519,11897
17933,11898
14504,11899
1469,11900
2423,11901
2733,11902
1170,11903
10998,11904
2219,11905
12890,11906
3198,11907
20235,11908
11184,11909
12561,11910
3346,11911
17296,11912
3453,11913
3849,11914
17817,11915
20183,11916
19618,11917
20194,11918
12518,11919
18902,11920
11309,11921
12960,11922
13121,11923
11139,11924
11876,11925
18348,11926
19684,11927
18951,11928
10705,11929
3408,11930
11445,11931
2614,11932
4100,11933
4177,11934
4553,11935
4883,11936
15158,11937
4738,11938
5170,11939
1661,11940
17346,11941
10979,11942
12259,11943
11653,11944
11461,11945
5295,11946
5360,11947
1709,11948
5913,11949
11631,11950
11025,11951
5139,11952
3298,11953
1199,11954
13627,11955
20152,11956
14224,11957
12403,11958
11368,11959
18385,11960
11972,11961
11616,11962
6028,11963
18257,11964
6368,11965
10697,11966
14523,11967
2292,11968
17455,11969
16870,11970
6492,11971
6538,11972
17088,11973
16499,11974
6788,11975
2291,11976
6943,11977
20262,11978
11774,11979
12534,11980
7016,11981
13219,11982
10508,11983
7018,11984
6150,11985
10010,11986
6164,11987
7646,11988
7698,11989
2232,11990
2867,11991
10263,11992
6303,11993
17874,11994
12968,11995
18629,11996
17981,11997
10179,11998
14635,11999
19729,12000
20245,12001
19575,12002
11932,12003
7868,12004
13118,12005
7238,12006
19710,12007
2984,12008
13781,12009
6613,12010
14377,12011
12157,12012
12765,12013
8238,12014
825,12015
2474,12016
16987,12017
826,12018
10006,12019
11688,12020
16927,12021
20036,12022
19440,12023
8285,12024
6152,12025
8295,12026
16496,12027
6756,12028
17482,12029
17476,12030
15718,12031
831,12032
6558,12033
8375,12034
8521,12035
16375,12036
8609,12037
18123,12038
4084,12039
16978,12040
816,12041
2674,12042
12284,12043
16935,12044
19646,12045
20173,12046
11329,12047
5982,12048
8654,12049
16949,12050
11052,12051
11658,12052
8658,12053
10492,12054
6532,12055
7159,12056
5724,12057
1397,12058
10955,12059
20229,12060
11190,12061
11930,12062
11113,12063
3920,12064
8702,12065
2787,12066
18843,12067
12290,12068
8243,12069
19758,12070
16051,12071
19589,12072
3568,12073
5237,12074
15047,12075
5442,12076
11717,12077
5405,12078
880,12079
8835,12080
10770,12081
10511,12082
14776,12083
18163,12084
13266,12085
8569,12086
8831,12087
17664,12088
18179,12089
14946,12090
19027,12091
10300,12092
10553,12093
10898,12094
11189,12095
13655,12096
18360,12097
11311,12098
14164,12099
13103,12100
14501,12101
13475,12102
16257,12103
18864,12104
18935,12105
14279,12106
18333,12107
1906,12108
19635,12109
16022,12110
16668,12111
16011,12112
19826,12113
19872,12114
3133,12115
5341,12116
15535,12117
2901,12118
5767,12119
18544,12120
5181,12121
7067,12122
6438,12123
7655,12124
12295,12125
7317,12126
7803,12127
10843,12128
2621,12129
16307,12130
7836,12131
7986,12132
8017,12133
4872,12134
8309,12135
13803,12136
18044,12137
8501,12138
12672,12139
8218,12140
18151,12141
8710,12142
3941,12143
10972,12144
9026,12145
8486,12146
10483,12147
9150,12148
11559,12149
9251,12150
10864,12151
13308,12152
10048,12153
1486,12154
12606,12155
1569,12156
16249,12157
1686,12158
15266,12159
11059,12160
3445,12161
5840,12162
14064,12163
6970,12164
8130,12165
5328,12166
850,12167
2413,12168
14580,12169
2801,12170
13359,12171
13959,12172
8788,12173
15724,12174
5848,12175
10396,12176
10251,12177
16207,12178
11295,12179
18931,12180
14318,12181
5852,12182
6503,12183
15053,12184
6609,12185
15757,12186
17516,12187
18444,12188
15382,12189
20218,12190
13600,12191
11381,12192
19595,12193
11985,12194
5180,12195
4580,12196
5708,12197
1968,12198
20256,12199
11173,12200
5805,12201
6431,12202
17571,12203
15813,12204
15641,12205
6667,12206
8081,12207
9007,12208
11067,12209
10475,12210
7587,12211
9260,12212
11966,12213
7845,12214
7215,12215
9373,12216
9597,12217
9637,12218
10974,12219
17354,12220
9648,12221
15309,12222
14719,12223
12067,12224
9705,12225
16245,12226
9706,12227
6454,12228
9716,12229
3384,12230
9666,12231
17971,12232
9725,12233
10395,12234
7783,12235
7152,12236
10252,12237
9749,12238
18130,12239
14607,12240
9750,12241
3757,12242
10882,12243
3041,12244
1791,12245
9753,12246
1017,12247
1652,12248
5732,12249
9545,12250
14394,12251
12579,12252
10967,12253
15175,12254
12033,12255
19756,12256
1681,12257
19329,12258
3529,12259
10797,12260
5141,12261
17349,12262
15594,12263
7088,12264
9450,12265
3783,12266
4387,12267
1738,12268
12871,12269
12263,12270
16818,12271
1357,12272
17818,12273
17369,12274
18905,12275
14305,12276
13558,12277
19495,12278
2528,12279
3164,12280
19808,12281
3234,12282
15478,12283
2855,12284
5440,12285
19092,12286
6259,12287
8182,12288
16123,12289
1972,12290
19699,12291
10809,12292
2220,12293
3837,12294
16105,12295
13939,12296
4427,12297
6305,12298
19041,12299
13339,12300
2657,12301
16086,12302
6299,12303
19663,12304
2017,12305
12633,12306
16646,12307
2911,12308
7246,12309
8806,12310
4064,12311
8974,12312
19001,12313
13982,12314
16032,12315
14366,12316
2210,12317
1578,12318
14456,12319
7029,12320
17561,12321
7199,12322
7527,12323
19051,12324
2773,12325
4233,12326
12730,12327
13337,12328
15067,12329
10212,12330
12840,12331
5706,12332
8368,12333
3572,12334
4175,12335
5131,12336
9478,12337
3706,12338
1883,12339
16015,12340
16324,12341
17001,12342
18310,12343
18416,12344
19020,12345
11852,12346
17137,12347
12446,12348
11148,12349
11334,12350
14200,12351
15381,12352
16134,12353
17315,12354
17708,12355
14920,12356
18384,12357
19570,12358
19019,12359
19624,12360
19816,12361
10054,12362
20135,12363
20163,12364
17232,12365
14202,12366
15502,12367
15952,12368
13153,12369
15976,12370
16135,12371
17785,12372
15509,12373
2998,12374
18987,12375
17211,12376
13019,12377
1094,12378
12286,12379
12894,12380
18861,12381
11715,12382
3604,12383
17851,12384
12970,12385
11937,12386
17123,12387
11944,12388
20114,12389
14330,12390
4105,12391
16074,12392
12385,12393
17431,12394
17835,12395
18842,12396
2960,12397
4217,12398
16723,12399
4292,12400
10343,12401
14621,12402
12223,12403
19237,12404
10902,12405
5107,12406
12025,12407
3447,12408
4720,12409
3323,12410
6081,12411
6513,12412
11626,12413
6623,12414
11186,12415
13735,12416
16538,12417
11341,12418
17114,12419
17164,12420
14913,12421
17699,12422
17734,12423
16724,12424
16533,12425
20085,12426
757,12427
14868,12428
1517,12429
17072,12430
18150,12431
18719,12432
2247,12433
4719,12434
17387,12435
8827,12436
19881,12437
3399,12438
4272,12439
15454,12440
16575,12441
14866,12442
11154,12443
16166,12444
19536,12445
5207,12446
8985,12447
13861,12448
3239,12449
19319,12450
6143,12451
11376,12452
10957,12453
11561,12454
12032,12455
16432,12456
18557,12457
12754,12458
16320,12459
7447,12460
10782,12461
8117,12462
12078,12463
3033,12464
7467,12465
17117,12466
8781,12467
6060,12468
15728,12469
19862,12470
10269,12471
2035,12472
17216,12473
16786,12474
6295,12475
13030,12476
10943,12477
2586,12478
8217,12479
19617,12480
12762,12481
4426,12482
9546,12483
11860,12484
12154,12485
2583,12486
2725,12487
14213,12488
8216,12489
17224,12490
1505,12491
1946,12492
6266,12493
19062,12494
2021,12495
16643,12496
6927,12497
16053,12498
6922,12499
15402,12500
18566,12501
17814,12502
2253,12503
10827,12504
3840,12505
11612,12506
10266,12507
17969,12508
13708,12509
14715,12510
16112,12511
6153,12512
1203,12513
11201,12514
12865,12515
15145,12516
13269,12517
16637,12518
13009,12519
13554,12520
14152,12521
10513,12522
14206,12523
11328,12524
14220,12525
12404,12526
13722,12527
14749,12528
14782,12529
14315,12530
15339,12531
15955,12532
16132,12533
16611,12534
13137,12535
17718,12536
11267,12537
17179,12538
17789,12539
17900,12540
18993,12541
16721,12542
14743,12543
19585,12544
14907,12545
19728,12546
20160,12547
14317,12548
20328,12549
2414,12550
4218,12551
4294,12552
2116,12553
19676,12554
12423,12555
13016,12556
12535,12557
15371,12558
15494,12559
17184,12560
13140,12561
11112,12562
18937,12563
14905,12564
18949,12565
13720,12566
11718,12567
20196,12568
11931,12569
11716,12570
5651,12571
11909,12572
13984,12573
16998,12574
1962,12575
6335,12576
10199,12577
5835,12578
16161,12579
6792,12580
12513,12581
4808,12582
7202,12583
7898,12584
17505,12585
18086,12586
15651,12587
3256,12588
17879,12589
17291,12590
16557,12591
19100,12592
19441,12593
19513,12594
20060,12595
20307,12596
3927,12597
2655,12598
3709,12599
10767,12600
15970,12601
11908,12602
16353,12603
5984,12604
19707,12605
12358,12606
16621,12607
20199,12608
1105,12609
7156,12610
8353,12611
8527,12612
868,12613
6410,12614
11547,12615
9030,12616
9113,12617
11008,12618
11614,12619
9187,12620
12327,12621
12935,12622
9038,12623
18478,12624
2989,12625
6633,12626
15357,12627
14965,12628
15965,12629
15555,12630
15169,12631
14578,12632
3976,12633
3373,12634
16239,12635
3257,12636
16360,12637
17280,12638
13096,12639
4210,12640
13681,12641
3606,12642
12586,12643
4812,12644
13191,12645
7081,12646
1024,12647
2928,12648
3914,12649
8349,12650
931,12651
1567,12652
9580,12653
3267,12654
16887,12655
16906,12656
12491,12657
11473,12658
12784,12659
19293,12660
20008,12661
3026,12662
14566,12663
11711,12664
12318,12665
15222,12666
12218,12667
3609,12668
4149,12669
4156,12670
6345,12671
9076,12672
9077,12673
13272,12674
9643,12675
9764,12676
9097,12677
7596,12678
9793,12679
7602,12680
9794,12681
4016,12682
4621,12683
10836,12684
9497,12685
11916,12686
12346,12687
13728,12688
3404,12689
4665,12690
11451,12691
6908,12692
11313,12693
12953,12694
14323,12695
3974,12696
13853,12697
1963,12698
20320,12699
11132,12700
12541,12701
4613,12702
10370,12703
7194,12704
2271,12705
7849,12706
6343,12707
5674,12708
16712,12709
11736,12710
13146,12711
15947,12712
19380,12713
2786,12714
3595,12715
15810,12716
17249,12717
11776,12718
16699,12719
18315,12720
18916,12721
13194,12722
4697,12723
10393,12724
8278,12725
8563,12726
16306,12727
15719,12728
13544,12729
17686,12730
18569,12731
926,12732
9700,12733
9818,12734
19192,12735
5059,12736
10381,12737
16717,12738
14750,12739
11928,12740
14744,12741
3593,12742
10949,12743
11553,12744
10476,12745
11068,12746
13253,12747
13675,12748
18943,12749
3627,12750
13575,12751
15359,12752
10551,12753
3838,12754
16658,12755
17192,12756
18818,12757
3780,12758
4575,12759
5703,12760
7916,12761
19415,12762
15874,12763
19905,12764
15766,12765
14488,12766
10231,12767
10987,12768
12049,12769
1810,12770
4911,12771
6203,12772
10737,12773
11063,12774
13488,12775
16305,12776
17052,12777
17637,12778
18782,12779
18182,12780
19254,12781
7532,12782
1211,12783
8096,12784
2397,12785
13376,12786
7696,12787
4524,12788
7556,12789
19264,12790
4125,12791
17022,12792
7673,12793
8915,12794
935,12795
1571,12796
5112,12797
10191,12798
5273,12799
7091,12800
9460,12801
7502,12802
3013,12803
3379,12804
2766,12805
7227,12806
6602,12807
13255,12808
8345,12809
7685,12810
5262,12811
3456,12812
8485,12813
9147,12814
1152,12815
9461,12816
9812,12817
10482,12818
9824,12819
1660,12820
4534,12821
9825,12822
9159,12823
12662,12824
9841,12825
18338,12826
13133,12827
12940,12828
1715,12829
1645,12830
19068,12831
12373,12832
12487,12833
18947,12834
13760,12835
2279,12836
4214,12837
14355,12838
9731,12839
9065,12840
9797,12841
9131,12842
1640,12843
1005,12844
8264,12845
9872,12846
4623,12847
5223,12848
10968,12849
15070,12850
8221,12851
11072,12852
13260,12853
19701,12854
11475,12855
3796,12856
4445,12857
13333,12858
18122,12859
19094,12860
18921,12861
16097,12862
20063,12863
19467,12864
1002,12865
1637,12866
20301,12867
19520,12868
2988,12869
17864,12870
12975,12871
3000,12872
3952,12873
6138,12874
16489,12875
7243,12876
11191,12877
14228,12878
8317,12879
14634,12880
18168,12881
904,12882
16163,12883
9591,12884
5085,12885
18422,12886
12401,12887
18679,12888
19630,12889
14204,12890
4820,12891
17204,12892
3617,12893
13324,12894
11395,12895
7643,12896
18116,12897
7363,12898
14539,12899
15866,12900
15269,12901
7605,12902
5675,12903
5318,12904
844,12905
10604,12906
16930,12907
7767,12908
12108,12909
12716,12910
10245,12911
9538,12912
8319,12913
3931,12914
3282,12915
13631,12916
11796,12917
11215,12918
11196,12919
16514,12920
18456,12921
14789,12922
19923,12923
19945,12924
2943,12925
18219,12926
17926,12927
4221,12928
11798,12929
17866,12930
15985,12931
18483,12932
15675,12933
14727,12934
19533,12935
13791,12936
3151,12937
13974,12938
19430,12939
16472,12940
5296,12941
15550,12942
4197,12943
7111,12944
14006,12945
7708,12946
13377,12947
7942,12948
12102,12949
14386,12950
15125,12951
4167,12952
19273,12953
18673,12954
10853,12955
8395,12956
9058,12957
8929,12958
2667,12959
1664,12960
7607,12961
4479,12962
3039,12963
5918,12964
8553,12965
9350,12966
9213,12967
10976,12968
12794,12969
1437,12970
7559,12971
10018,12972
18094,12973
2404,12974
12098,12975
19040,12976
12587,12977
18974,12978
2723,12979
16655,12980
16697,12981
18369,12982
6664,12983
7285,12984
2886,12985
2251,12986
10234,12987
9476,12988
15469,12989
15974,12990
13782,12991
16108,12992
13580,12993
14378,12994
16912,12995
17498,12996
18692,12997
807,12998
17377,12999
14552,13000
811,13001
15624,13002
16292,13003
4275,13004
1531,13005
7619,13006
6936,13007
15794,13008
17386,13009
8390,13010
14691,13011
851,13012
20064,13013
3669,13014
8826,13015
5571,13016
8780,13017
8119,13018
9206,13019
9321,13020
12854,13021
15277,13022
15868,13023
949,13024
2851,13025
9608,13026
17000,13027
6803,13028
11534,13029
19864,13030
19269,13031
3321,13032
966,13033
5279,13034
14464,13035
4451,13036
19317,13037
16820,13038
9873,13039
2808,13040
1512,13041
4591,13042
15655,13043
9876,13044
13966,13045
14559,13046
1012,13047
9884,13048
16879,13049
3969,13050
17015,13051
17599,13052
16832,13053
10223,13054
19889,13055
5134,13056
2032,13057
19406,13058
11463,13059
2048,13060
14095,13061
16091,13062
1506,13063
18074,13064
10911,13065
11515,13066
19274,13067
3581,13068
3423,13069
3611,13070
17228,13071
19549,13072
19587,13073
4250,13074
4718,13075
2689,13076
5230,13077
6659,13078
16442,13079
15856,13080
4763,13081
6577,13082
12053,13083
713,13084
6154,13085
7672,13086
15656,13087
2039,13088
12837,13089
17858,13090
19330,13091
2813,13092
2178,13093
7626,13094
3300,13095
12719,13096
16412,13097
8340,13098
8587,13099
16193,13100
19202,13101
10556,13102
9270,13103
4801,13104
9445,13105
16674,13106
18946,13107
14259,13108
16006,13109
1098,13110
19547,13111
5451,13112
3550,13113
17638,13114
18229,13115
18830,13116
7622,13117
9550,13118
12011,13119
13382,13120
16157,13121
1901,13122
19208,13123
2410,13124
4723,13125
7765,13126
7134,13127
13854,13128
8115,13129
8820,13130
4707,13131
4975,13132
5326,13133
5575,13134
1217,13135
14940,13136
1030,13137
1666,13138
1421,13139
16203,13140
8397,13141
9893,13142
3463,13143
10923,13144
15142,13145
8941,13146
9909,13147
16903,13148
15750,13149
4633,13150
2706,13151
991,13152
18590,13153
9918,13154
14933,13155
7229,13156
4182,13157
7593,13158
1325,13159
1122,13160
19089,13161
19524,13162
7210,13163
3542,13164
17632,13165
9730,13166
13264,13167
9939,13168
1514,13169
10500,13170
9830,13171
8255,13172
9948,13173
4069,13174
9950,13175
2107,13176
10617,13177
14675,13178
2794,13179
12924,13180
9951,13181
14609,13182
9120,13183
8457,13184
13889,13185
9558,13186
13360,13187
10418,13188
12747,13189
18047,13190
12771,13191
10951,13192
18246,13193
20005,13194
2380,13195
17621,13196
13476,13197
19838,13198
3484,13199
2295,13200
13547,13201
3640,13202
20014,13203
4103,13204
4192,13205
4602,13206
4606,13207
4853,13208
5206,13209
5331,13210
5358,13211
16911,13212
16325,13213
5923,13214
7665,13215
2705,13216
7562,13217
1605,13218
16236,13219
5662,13220
3654,13221
14023,13222
13426,13223
6833,13224
15606,13225
7410,13226
6787,13227
15552,13228
12780,13229
18103,13230
7688,13231
7763,13232
7132,13233
15827,13234
7853,13235
16160,13236
2759,13237
4041,13238
8082,13239
10626,13240
9119,13241
9126,13242
8394,13243
7102,13244
13850,13245
969,13246
7143,13247
12236,13248
12843,13249
13263,13250
7529,13251
4902,13252
9821,13253
10491,13254
9952,13255
996,13256
18101,13257
12779,13258
14475,13259
9960,13260
18825,13261
12261,13262
14073,13263
5120,13264
9961,13265
9216,13266
5821,13267
2169,13268
9577,13269
9965,13270
6125,13271
13411,13272
15194,13273
13270,13274
9966,13275
14126,13276
17029,13277
2736,13278
17631,13279
1796,13280
19796,13281
3664,13282
14515,13283
15185,13284
1698,13285
2190,13286
2331,13287
15635,13288
10163,13289
1243,13290
19420,13291
17401,13292
2391,13293
15114,13294
4163,13295
3551,13296
2946,13297
15647,13298
722,13299
2532,13300
1741,13301
6501,13302
7233,13303
2194,13304
8455,13305
9868,13306
13403,13307
821,13308
3125,13309
4070,13310
5967,13311
13542,13312
17409,13313
6918,13314
12265,13315
2721,13316
4178,13317
9118,13318
13495,13319
14093,13320
9402,13321
13823,13322
9968,13323
17589,13324
12144,13325
18671,13326
9582,13327
9617,13328
2401,13329
12706,13330
1120,13331
15883,13332
19418,13333
4065,13334
4753,13335
5354,13336
12666,13337
9765,13338
13392,13339
997,13340
18196,13341
18796,13342
10256,13343
758,13344
12806,13345
5110,13346
7528,13347
17454,13348
18034,13349
1100,13350
18208,13351
18809,13352
13550,13353
1737,13354
14079,13355
13481,13356
4539,13357
7270,13358
16985,13359
17569,13360
19228,13361
18630,13362
19375,13363
18776,13364
11635,13365
14645,13366
19463,13367
13543,13368
19851,13369
3533,13370
4656,13371
5204,13372
5255,13373
2189,13374
2824,13375
5294,13376
3488,13377
12052,13378
5339,13379
15638,13380
5970,13381
6597,13382
7534,13383
5275,13384
2693,13385
7577,13386
17671,13387
3131,13388
11378,13389
2183,13390
18688,13391
19782,13392
7816,13393
12655,13394
8852,13395
14646,13396
3042,13397
7387,13398
18621,13399
18490,13400
10544,13401
11537,13402
19272,13403
11456,13404
8194,13405
1491,13406
15418,13407
12299,13408
13092,13409
12362,13410
16838,13411
10507,13412
2916,13413
14655,13414
6529,13415
10247,13416
8547,13417
8951,13418
19093,13419
14269,13420
18922,13421
19548,13422
7917,13423
12212,13424
12819,13425
17393,13426
922,13427
14597,13428
10276,13429
9316,13430
5158,13431
10644,13432
6441,13433
5179,13434
4579,13435
7223,13436
906,13437
14031,13438
7121,13439
9877,13440
9971,13441
11845,13442
12387,13443
13077,13444
11158,13445
13684,13446
19535,13447
20132,13448
3637,13449
5448,13450
15886,13451
17646,13452
9972,13453
17937,13454
13796,13455
3636,13456
12285,13457
15889,13458
6365,13459
6953,13460
1349,13461
13620,13462
2018,13463
14809,13464
20234,13465
4428,13466
5045,13467
12028,13468
14253,13469
16789,13470
11219,13471
1383,13472
1341,13473
13041,13474
18012,13475
12417,13476
19673,13477
20223,13478
3901,13479
19048,13480
5030,13481
12817,13482
5629,13483
13425,13484
14022,13485
7515,13486
6564,13487
8166,13488
1050,13489
15426,13490
18594,13491
2636,13492
12775,13493
13452,13494
5542,13495
13231,13496
16619,13497
18048,13498
12713,13499
19625,13500
15959,13501
14886,13502
14760,13503
15963,13504
18429,13505
4252,13506
16422,13507
17010,13508
2687,13509
19752,13510
13688,13511
14873,13512
5368,13513
5737,13514
4503,13515
1821,13516
2485,13517
12258,13518
13346,13519
16707,13520
1710,13521
17421,13522
13211,13523
15253,13524
17563,13525
18472,13526
11240,13527
11730,13528
11778,13529
11824,13530
11771,13531
13604,13532
12548,13533
1484,13534
16025,13535
15507,13536
16048,13537
11174,13538
13011,13539
13605,13540
14785,13541
14918,13542
15508,13543
1724,13544
15399,13545
11188,13546
14328,13547
15374,13548
11340,13549
17903,13550
19333,13551
20102,13552
20314,13553
2124,13554
2285,13555
2358,13556
16725,13557
2987,13558
11896,13559
3607,13560
11293,13561
4148,13562
4211,13563
13105,13564
4212,13565
15398,13566
11758,13567
12377,13568
12549,13569
13592,13570
11943,13571
14921,13572
4811,13573
12500,13574
2352,13575
19005,13576
20198,13577
2373,13578
20032,13579
19436,13580
17680,13581
15923,13582
5346,13583
15872,13584
5416,13585
13733,13586
5401,13587
5850,13588
5865,13589
6491,13590
19301,13591
6697,13592
7035,13593
13893,13594
7063,13595
6432,13596
7318,13597
13922,13598
11256,13599
11162,13600
11767,13601
13736,13602
14216,13603
12411,13604
14329,13605
14331,13606
18994,13607
13734,13608
19496,13609
14919,13610
20158,13611
15510,13612
2341,13613
4200,13614
7734,13615
17973,13616
7531,13617
12289,13618
4013,13619
4520,13620
3866,13621
4102,13622
2072,13623
3271,13624
15812,13625
2362,13626
2162,13627
4610,13628
6121,13629
14840,13630
19492,13631
15428,13632
12376,13633
11987,13634
18963,13635
11383,13636
19277,13637
18677,13638
15311,13639
6556,13640
7065,13641
15202,13642
7892,13643
4800,13644
18883,13645
817,13646
8597,13647
3439,13648
4593,13649
5192,13650
18585,13651
8809,13652
5937,13653
8895,13654
5657,13655
5931,13656
8964,13657
3157,13658
8746,13659
4352,13660
3748,13661
14080,13662
15096,13663
17531,13664
4952,13665
1304,13666
2459,13667
7980,13668
16415,13669
10294,13670
7999,13671
10613,13672
3777,13673
9190,13674
18282,13675
1620,13676
17281,13677
19506,13678
17869,13679
16551,13680
20120,13681
6068,13682
6692,13683
11495,13684
6396,13685
3986,13686
6416,13687
8240,13688
15617,13689
10906,13690
3307,13691
925,13692
10392,13693
6326,13694
17956,13695
10061,13696
1697,13697
2997,13698
18967,13699
19018,13700
11799,13701
16614,13702
13755,13703
17909,13704
3539,13705
4142,13706
11607,13707
14617,13708
13859,13709
9276,13710
3633,13711
19494,13712
15547,13713
17532,13714
2845,13715
14614,13716
4522,13717
9813,13718
19930,13719
985,13720
12764,13721
8347,13722
17986,13723
9516,13724
18440,13725
12996,13726
13784,13727
2877,13728
2242,13729
4925,13730
1800,13731
11963,13732
12923,13733
18249,13734
19781,13735
3250,13736
17524,13737
2207,13738
5269,13739
4670,13740
6985,13741
9166,13742
8504,13743
14453,13744
3237,13745
10314,13746
1198,13747
16226,13748
3110,13749
3680,13750
7535,13751
5541,13752
8541,13753
11702,13754
14004,13755
13405,13756
14716,13757
15833,13758
5300,13759
9014,13760
16330,13761
18570,13762
2605,13763
12913,13764
19411,13765
18811,13766
4648,13767
17974,13768
8834,13769
16865,13770
16461,13771
15875,13772
7717,13773
5711,13774
2005,13775
17016,13776
5877,13777
7060,13778
7689,13779
16223,13780
6903,13781
11633,13782
888,13783
12796,13784
12188,13785
7623,13786
1414,13787
3510,13788
905,13789
8797,13790
12074,13791
10798,13792
13472,13793
14367,13794
4058,13795
3937,13796
9555,13797
10113,13798
10131,13799
3275,13800
7568,13801
16885,13802
18574,13803
6137,13804
10623,13805
6277,13806
19831,13807
5128,13808
6836,13809
6126,13810
8210,13811
10065,13812
5883,13813
6330,13814
10145,13815
11406,13816
6751,13817
7372,13818
3955,13819
14973,13820
2130,13821
2765,13822
17339,13823
6465,13824
6486,13825
17554,13826
7741,13827
5855,13828
8277,13829
1411,13830
2000,13831
13524,13832
4229,13833
8417,13834
6347,13835
17967,13836
17535,13837
19431,13838
9571,13839
17374,13840
14735,13841
3050,13842
15217,13843
16970,13844
5972,13845
12174,13846
12782,13847
7687,13848
7058,13849
8249,13850
10203,13851
14606,13852
12073,13853
3674,13854
15929,13855
8233,13856
12112,13857
6805,13858
6472,13859
10981,13860
11960,13861
4643,13862
11357,13863
16505,13864
11714,13865
17915,13866
2909,13867
2275,13868
8745,13869
16261,13870
10744,13871
19853,13872
14950,13873
19359,13874
19956,13875
16147,13876
17606,13877
17021,13878
4918,13879
2102,13880
5520,13881
16440,13882
8239,13883
17371,13884
14418,13885
920,13886
9906,13887
10933,13888
2539,13889
16258,13890
7316,13891
1864,13892
20077,13893
20075,13894
16924,13895
10307,13896
13804,13897
8598,13898
3392,13899
10829,13900
9963,13901
3046,13902
17317,13903
15252,13904
14661,13905
15296,13906
2847,13907
2212,13908
19887,13909
19292,13910
12649,13911
1330,13912
14687,13913
17019,13914
18780,13915
19379,13916
15628,13917
19157,13918
13523,13919
17069,13920
17654,13921
2920,13922
3315,13923
4788,13924
5389,13925
5671,13926
16364,13927
18826,13928
7174,13929
6547,13930
3936,13931
4504,13932
2274,13933
19962,13934
18166,13935
9686,13936
16247,13937
6948,13938
15160,13939
955,13940
10629,13941
837,13942
3451,13943
16158,13944
9962,13945
16866,13946
13288,13947
1416,13948
8783,13949
4418,13950
6909,13951
19155,13952
3673,13953
17799,13954
6582,13955
14446,13956
5041,13957
4286,13958
16624,13959
7040,13960
796,13961
7554,13962
14114,13963
12664,13964
4311,13965
16037,13966
6282,13967
14411,13968
5552,13969
14210,13970
14567,13971
19133,13972
17020,13973
17605,13974
16746,13975
7130,13976
4068,13977
6965,13978
10154,13979
13091,13980
17156,13981
11278,13982
11151,13983
13192,13984
18346,13985
11382,13986
13369,13987
13968,13988
19910,13989
12679,13990
3905,13991
16170,13992
6804,13993
1706,13994
7001,13995
7427,13996
9889,13997
2297,13998
10249,13999
15029,14000
2864,14001
4329,14002
10880,14003
14826,14004
12301,14005
19581,14006
4615,14007
2306,14008
5196,14009
5450,14010
6519,14011
5347,14012
4746,14013
10837,14014
1975,14015
7172,14016
3365,14017
17451,14018
734,14019
1527,14020
16244,14021
8109,14022
8689,14023
10901,14024
4849,14025
2312,14026
1680,14027
17397,14028
9512,14029
11261,14030
15372,14031
17846,14032
13591,14033
13739,14034
14783,14035
14334,14036
1068,14037
18847,14038
19502,14039
3643,14040
14076,14041
12264,14042
791,14043
6917,14044
976,14045
1611,14046
5136,14047
1407,14048
6507,14049
3909,14050
692,14051
18670,14052
4109,14053
7676,14054
7945,14055
10295,14056
11027,14057
3002,14058
15964,14059
12575,14060
11586,14061
10980,14062
19854,14063
3385,14064
3973,14065
19895,14066
15760,14067
7033,14068
6401,14069
7736,14070
7800,14071
19953,14072
8428,14073
4185,14074
14487,14075
5695,14076
8505,14077
1599,14078
8661,14079
8681,14080
6646,14081
2339,14082
13298,14083
10592,14084
17934,14085
5402,14086
18280,14087
18881,14088
5936,14089
2751,14090
7347,14091
7975,14092
1044,14093
9323,14094
15586,14095
6115,14096
5867,14097
6493,14098
13257,14099
693,14100
6283,14101
17552,14102
12657,14103
20214,14104
14196,14105
16627,14106
18390,14107
17929,14108
20195,14109
2611,14110
1790,14111
18880,14112
8041,14113
6162,14114
6677,14115
19908,14116
19313,14117
9586,14118
964,14119
10830,14120
1967,14121
8854,14122
10359,14123
812,14124
15625,14125
19162,14126
16884,14127
6354,14128
1402,14129
19057,14130
11168,14131
15362,14132
13201,14133
16128,14134
13555,14135
13157,14136
14153,14137
12552,14138
2971,14139
9974,14140
6114,14141
8759,14142
9422,14143
5176,14144
9979,14145
10752,14146
5576,14147
14489,14148
12842,14149
14710,14150
2141,14151
3369,14152
18290,14153
4674,14154
6440,14155
16527,14156
7004,14157
8431,14158
16534,14159
876,14160
998,14161
17403,14162
3856,14163
10187,14164
19331,14165
19425,14166
20021,14167
3887,14168
14537,14169
7521,14170
2615,14171
14018,14172
5949,14173
3993,14174
4599,14175
17994,14176
3858,14177
16319,14178
11444,14179
4159,14180
20343,14181
7782,14182
5898,14183
14392,14184
7887,14185
8436,14186
9074,14187
9099,14188
9500,14189
1499,14190
15473,14191
11118,14192
16115,14193
11722,14194
13576,14195
16704,14196
17294,14197
17727,14198
13044,14199
19438,14200
18522,14201
20108,14202
11226,14203
15969,14204
16023,14205
18476,14206
20287,14207
20144,14208
19687,14209
5216,14210
5956,14211
5968,14212
6583,14213
1887,14214
9502,14215
4160,14216
740,14217
16995,14218
12109,14219
19759,14220
19951,14221
19171,14222
4693,14223
17559,14224
5652,14225
13101,14226
19950,14227
4519,14228
6537,14229
19134,14230
4118,14231
2276,14232
2525,14233
10879,14234
1251,14235
10078,14236
17064,14237
13866,14238
705,14239
14628,14240
7788,14241
12048,14242
7825,14243
3528,14244
14468,14245
8170,14246
1618,14247
3096,14248
16199,14249
13668,14250
11352,14251
10455,14252
11065,14253
12209,14254
12883,14255
19455,14256
10900,14257
12718,14258
3589,14259
4174,14260
4618,14261
6079,14262
12096,14263
11041,14264
18744,14265
19265,14266
11533,14267
6297,14268
2328,14269
19169,14270
6707,14271
12855,14272
17436,14273
1752,14274
2149,14275
2223,14276
1588,14277
4571,14278
4880,14279
18743,14280
3350,14281
15237,14282
7189,14283
8203,14284
12477,14285
12230,14286
13445,14287
13504,14288
14380,14289
19369,14290
11203,14291
19776,14292
2284,14293
1590,14294
17797,14295
18393,14296
14971,14297
2776,14298
2995,14299
11872,14300
2360,14301
19106,14302
4817,14303
18503,14304
11743,14305
19713,14306
19507,14307
11289,14308
18936,14309
11892,14310
20103,14311
6402,14312
6625,14313
2353,14314
11270,14315
19546,14316
13084,14317
16591,14318
13082,14319
18945,14320
18469,14321
18353,14322
19073,14323
16581,14324
19680,14325
17167,14326
14382,14327
18956,14328
13787,14329
1503,14330
2132,14331
8252,14332
7558,14333
2814,14334
12643,14335
8371,14336
14536,14337
15127,14338
8275,14339
8645,14340
19200,14341
2968,14342
7819,14343
18059,14344
19852,14345
8672,14346
4334,14347
5529,14348
879,14349
2779,14350
8833,14351
7424,14352
3162,14353
15315,14354
11432,14355
6268,14356
6923,14357
17585,14358
15649,14359
10189,14360
13083,14361
1911,14362
20016,14363
17996,14364
1368,14365
1051,14366
8572,14367
17459,14368
1957,14369
5387,14370
3580,14371
8886,14372
718,14373
19087,14374
15954,14375
17286,14376
19694,14377
11152,14378
20128,14379
3411,14380
4799,14381
7301,14382
7928,14383
1537,14384
2167,14385
3932,14386
6308,14387
11957,14388
1308,14389
1362,14390
16862,14391
1751,14392
18320,14393
2368,14394
16554,14395
19510,14396
6181,14397
735,14398
2999,14399
19556,14400
2364,14401
18382,14402
11411,14403
20154,14404
10619,14405
3194,14406
5761,14407
16868,14408
4898,14409
13029,14410
5823,14411
6449,14412
15631,14413
5646,14414
14106,14415
10851,14416
1401,14417
14808,14418
14263,14419
16036,14420
11780,14421
14243,14422
16030,14423
18397,14424
11807,14425
12563,14426
18950,14427
13648,14428
11175,14429
11354,14430
2193,14431
4188,14432
3585,14433
6562,14434
8297,14435
12015,14436
5758,14437
8611,14438
8653,14439
8705,14440
11740,14441
11787,14442
13569,14443
17125,14444
14956,14445
17325,14446
18366,14447
19132,14448
19615,14449
11140,14450
11182,14451
10127,14452
19579,14453
6024,14454
7823,14455
8489,14456
8775,14457
19738,14458
5947,14459
6574,14460
13856,14461
694,14462
11231,14463
11878,14464
19335,14465
2054,14466
5159,14467
8795,14468
8851,14469
11836,14470
12393,14471
15847,14472
13851,14473
16710,14474
10448,14475
17134,14476
11391,14477
15087,14478
15682,14479
13353,14480
17285,14481
15666,14482
1913,14483
13999,14484
3233,14485
18819,14486
3750,14487
3985,14488
4268,14489
15679,14490
13530,14491
16994,14492
4541,14493
1178,14494
17494,14495
5380,14496
5608,14497
2548,14498
5991,14499
6551,14500
18812,14501
6603,14502
6738,14503
7228,14504
17978,14505
7281,14506
7348,14507
803,14508
10209,14509
18717,14510
19113,14511
5723,14512
4484,14513
12274,14514
13619,14515
15957,14516
13028,14517
11805,14518
17714,14519
2388,14520
3023,14521
4031,14522
5257,14523
12297,14524
8176,14525
18149,14526
2771,14527
12648,14528
3087,14529
4557,14530
6405,14531
8288,14532
14995,14533
7182,14534
8475,14535
4589,14536
3983,14537
8821,14538
13327,14539
3184,14540
18607,14541
17946,14542
16844,14543
11296,14544
12972,14545
15100,14546
1138,14547
15459,14548
18332,14549
1103,14550
8943,14551
4322,14552
10285,14553
15397,14554
13020,14555
7300,14556
8967,14557
6727,14558
16374,14559
19146,14560
6393,14561
13797,14562
17348,14563
2302,14564
13254,14565
7520,14566
12614,14567
10560,14568
18197,14569
7621,14570
777,14571
16431,14572
4917,14573
15612,14574
16070,14575
15525,14576
14107,14577
14116,14578
14585,14579
1157,14580
12121,14581
15176,14582
15288,14583
13507,14584
15375,14585
16333,14586
16498,14587
16932,14588
17245,14589
18028,14590
19834,14591
3945,14592
4640,14593
1556,14594
5656,14595
13926,14596
15636,14597
5872,14598
6131,14599
1150,14600
16175,14601
6904,14602
7733,14603
7757,14604
8013,14605
15600,14606
10420,14607
8576,14608
19128,14609
3558,14610
5364,14611
8987,14612
8325,14613
10355,14614
5215,14615
16221,14616
1335,14617
11687,14618
19765,14619
8828,14620
19902,14621
9062,14622
9051,14623
8388,14624
15036,14625
13242,14626
18418,14627
11193,14628
16769,14629
13894,14630
1298,14631
14560,14632
2112,14633
10424,14634
3188,14635
17423,14636
3429,14637
15257,14638
14667,14639
3696,14640
3956,14641
19282,14642
6107,14643
1689,14644
11083,14645
12903,14646
6963,14647
7636,14648
10650,14649
11086,14650
12103,14651
8392,14652
9006,14653
9087,14654
13962,14655
9162,14656
16486,14657
9194,14658
4353,14659
9198,14660
14728,14661
15318,14662
9244,14663
9305,14664
9312,14665
933,14666
14038,14667
12225,14668
1447,14669
16212,14670
11108,14671
6893,14672
7346,14673
12441,14674
11788,14675
19033,14676
11183,14677
20324,14678
8468,14679
6959,14680
19158,14681
13489,14682
17533,14683
3625,14684
13579,14685
17255,14686
14176,14687
20162,14688
2432,14689
3068,14690
5751,14691
3705,14692
19222,14693
15168,14694
18619,14695
1234,14696
11010,14697
6240,14698
14777,14699
16735,14700
17730,14701
17759,14702
14381,14703
17811,14704
16026,14705
10789,14706
17173,14707
14972,14708
18327,14709
1291,14710
20094,14711
1927,14712
7236,14713
11362,14714
7441,14715
15206,14716
15297,14717
14707,14718
13250,14719
7854,14720
4015,14721
6448,14722
10828,14723
8982,14724
8320,14725
12680,14726
10229,14727
11019,14728
17047,14729
19993,14730
16507,14731
17093,14732
4379,14733
8642,14734
9083,14735
9200,14736
10506,14737
5964,14738
13468,14739
12861,14740
2076,14741
4483,14742
13673,14743
16000,14744
13786,14745
17144,14746
17878,14747
14686,14748
17143,14749
15483,14750
14155,14751
12472,14752
12979,14753
11272,14754
15800,14755
17176,14756
10522,14757
17419,14758
10120,14759
10565,14760
15496,14761
12733,14762
17110,14763
17762,14764
20073,14765
3375,14766
4194,14767
4594,14768
4803,14769
13895,14770
10790,14771
11593,14772
4804,14773
16854,14774
14027,14775
15098,14776
10000,14777
12268,14778
17447,14779
2394,14780
12125,14781
2761,14782
17483,14783
16898,14784
16806,14785
3123,14786
5193,14787
3525,14788
5267,14789
2286,14790
5893,14791
6585,14792
4767,14793
5785,14794
6411,14795
7679,14796
7050,14797
18748,14798
4087,14799
5140,14800
7835,14801
15702,14802
12115,14803
8492,14804
2926,14805
10411,14806
9253,14807
5166,14808
18399,14809
18997,14810
11950,14811
18276,14812
16529,14813
13971,14814
18277,14815
15210,14816
20082,14817
1471,14818
2098,14819
1700,14820
2433,14821
11007,14822
16860,14823
16178,14824
16766,14825
2970,14826
2724,14827
3693,14828
1597,14829
4007,14830
5270,14831
5747,14832
1763,14833
19991,14834
2191,14835
4072,14836
2978,14837
14280,14838
6720,14839
7651,14840
13799,14841
15576,14842
8323,14843
5277,14844
860,14845
877,14846
15943,14847
11871,14848
8952,14849
3075,14850
9092,14851
14146,14852
16641,14853
17154,14854
16054,14855
11795,14856
14962,14857
16568,14858
14371,14859
18703,14860
9303,14861
10290,14862
16453,14863
13634,14864
14203,14865
13742,14866
16610,14867
14337,14868
12326,14869
10322,14870
16726,14871
13995,14872
15301,14873
18939,14874
5293,14875
4694,14876
5859,14877
6679,14878
7149,14879
7745,14880
15162,14881
8326,14882
9331,14883
13914,14884
18775,14885
2199,14886
12818,14887
12211,14888
1450,14889
4331,14890
13518,14891
3940,14892
14401,14893
14700,14894
2797,14895
18761,14896
16991,14897
5311,14898
4712,14899
5760,14900
13958,14901
14994,14902
17518,14903
14683,14904
14089,14905
2707,14906
3876,14907
2939,14908
6974,14909
8033,14910
14372,14911
7633,14912
19239,14913
3729,14914
18624,14915
11407,14916
16354,14917
3438,14918
18855,14919
4150,14920
18244,14921
12905,14922
10842,14923
8962,14924
11356,14925
10368,14926
18259,14927
19450,14928
4028,14929
16925,14930
10265,14931
4173,14932
4776,14933
5680,14934
19358,14935
6968,14936
2642,14937
10710,14938
14612,14939
8716,14940
5508,14941
11994,14942
19247,14943
18647,14944
13271,14945
2617,14946
10618,14947
9343,14948
17477,14949
1457,14950
4370,14951
7452,14952
9395,14953
18058,14954
15282,14955
13502,14956
18620,14957
2392,14958
9459,14959
9479,14960
19166,14961
10169,14962
1464,14963
17689,14964
18170,14965
4630,14966
6088,14967
13202,14968
10890,14969
17497,14970
7850,14971
950,14972
1585,14973
9568,14974
16201,14975
1187,14976
3099,14977
15470,14978
3972,14979
2120,14980
9578,14981
16206,14982
16443,14983
4508,14984
1326,14985
19386,14986
3028,14987
10887,14988
10894,14989
4852,14990
12269,14991
11663,14992
2889,14993
7279,14994
8913,14995
3266,14996
11541,14997
6087,14998
16956,14999
4248,15000
17622,15001
18133,15002
18733,15003
9587,15004
9596,15005
2669,15006
10053,15007
15328,15008
15043,15009
18615,15010
2239,15011
4577,15012
14094,15013
8534,15014
4277,15015
15685,15016
4376,15017
2526,15018
891,15019
6377,15020
9362,15021
9636,15022
17314,15023
7471,15024
9743,15025
12063,15026
9747,15027
10415,15028
17663,15029
12918,15030
9755,15031
11808,15032
12414,15033
10570,15034
15101,15035
6075,15036
5452,15037
7028,15038
12601,15039
8482,15040
10479,15041
6530,15042
9052,15043
9101,15044
9717,15045
17411,15046
9780,15047
7597,15048
2641,15049
12307,15050
13849,15051
1834,15052
13307,15053
1498,15054
1958,15055
4138,15056
4851,15057
9278,15058
11390,15059
18649,15060
18049,15061
9375,15062
13370,15063
1524,15064
3337,15065
2835,15066
6700,15067
5169,15068
5485,15069
7144,15070
14650,15071
14056,15072
8904,15073
10816,15074
1526,15075
3913,15076
2003,15077
17472,15078
12658,15079
1976,15080
14998,15081
17920,15082
12835,15083
3746,15084
16424,15085
8413,15086
2713,15087
9226,15088
3356,15089
4581,15090
20007,15091
10832,15092
4770,15093
698,15094
19370,15095
5789,15096
8596,15097
11017,15098
3512,15099
4116,15100
8911,15101
8868,15102
1380,15103
12494,15104
16579,15105
16727,15106
18754,15107
1441,15108
8986,15109
9650,15110
1489,15111
9791,15112
15316,15113
15910,15114
11439,15115
5648,15116
15221,15117
16525,15118
19653,15119
11816,15120
13018,15121
11319,15122
15354,15123
16248,15124
17193,15125
10520,15126
5861,15127
15193,15128
14871,15129
15975,15130
18934,15131
20091,15132
7266,15133
7282,15134
5911,15135
10460,15136
16829,15137
7401,15138
7894,15139
3594,15140
10921,15141
11061,15142
11525,15143
11666,15144
10934,15145
17639,15146
17640,15147
19868,15148
6031,15149
12791,15150
10973,15151
18092,15152
18228,15153
19389,15154
19985,15155
2184,15156
2259,15157
2315,15158
4611,15159
1525,15160
5910,15161
18571,15162
2606,15163
6552,15164
7178,15165
7032,15166
7660,15167
8133,15168
7981,15169
11938,15170
1071,15171
1580,15172
15937,15173
1682,15174
18890,15175
19883,15176
2973,15177
7715,15178
7755,15179
8916,15180
8947,15181
11209,15182
17791,15183
18069,15184
18319,15185
20253,15186
14773,15187
16013,15188
17756,15189
16087,15190
17170,15191
1726,15192
17779,15193
11254,15194
16010,15195
17771,15196
19030,15197
14177,15198
17784,15199
5422,15200
12380,15201
16612,15202
3662,15203
6050,15204
6094,15205
6674,15206
7268,15207
20070,15208
1076,15209
12081,15210
17702,15211
16406,15212
18877,15213
19197,15214
19474,15215
12734,15216
4081,15217
3543,15218
7304,15219
7308,15220
7678,15221
7726,15222
4171,15223
5842,15224
7932,15225
18667,15226
12141,15227
15797,15228
16384,15229
3509,15230
5315,15231
3441,15232
4043,15233
15076,15234
7934,15235
13356,15236
11677,15237
12743,15238
2965,15239
7061,15240
7936,15241
7681,15242
7052,15243
823,15244
4601,15245
6119,15246
14649,15247
15761,15248
15333,15249
13119,15250
7014,15251
10015,15252
8308,15253
17902,15254
13207,15255
7630,15256
8321,15257
8409,15258
11679,15259
18838,15260
6600,15261
5973,15262
6992,15263
8432,15264
7769,15265
8712,15266
2267,15267
15102,15268
5182,15269
20086,15270
16050,15271
8757,15272
19234,15273
2843,15274
8983,15275
17450,15276
15693,15277
9011,15278
19259,15279
18660,15280
9352,15281
9359,15282
7950,15283
17065,15284
18626,15285
3091,15286
1179,15287
7221,15288
9369,15289
10032,15290
943,15291
17121,15292
7019,15293
10049,15294
10718,15295
7252,15296
945,15297
11651,15298
11045,15299
2062,15300
2009,15301
17649,15302
9576,15303
5065,15304
14633,15305
3112,15306
2477,15307
9327,15308
17341,15309
18106,15310
17521,15311
4517,15312
2004,15313
15592,15314
730,15315
2668,15316
3031,15317
6758,15318
10140,15319
13479,15320
15725,15321
17091,15322
7530,15323
16772,15324
1799,15325
5283,15326
10240,15327
17961,15328
16276,15329
1115,15330
17882,15331
17141,15332
2323,15333
2740,15334
10304,15335
1783,15336
5447,15337
12116,15338
11509,15339
10871,15340
12745,15341
12137,15342
1455,15343
1246,15344
2403,15345
12778,15346
14496,15347
16190,15348
18207,15349
3501,15350
4158,15351
4544,15352
4737,15353
4760,15354
12709,15355
5148,15356
10296,15357
18016,15358
16755,15359
2252,15360
2936,15361
5510,15362
5759,15363
5950,15364
4728,15365
5327,15366
5739,15367
5696,15368
4739,15369
6694,15370
6728,15371
5794,15372
6872,15373
12542,15374
2347,15375
7049,15376
7062,15377
10472,15378
5930,15379
6350,15380
7146,15381
7204,15382
7368,15383
9630,15384
6737,15385
15305,15386
9639,15387
18245,15388
2101,15389
1159,15390
3341,15391
12228,15392
4289,15393
19288,15394
4051,15395
16947,15396
13869,15397
7124,15398
7150,15399
11713,15400
12320,15401
10238,15402
8969,15403
1779,15404
7086,15405
4764,15406
5365,15407
15039,15408
4442,15409
13438,15410
5875,15411
19775,15412
3852,15413
15790,15414
19725,15415
18894,15416
2959,15417
1057,15418
3335,15419
6870,15420
1639,15421
7616,15422
5092,15423
19444,15424
15789,15425
16376,15426
7776,15427
7695,15428
9355,15429
1046,15430
8994,15431
1507,15432
9640,15433
11394,15434
15088,15435
14390,15436
1000,15437
1554,15438
16471,15439
16839,15440
18858,15441
19812,15442
13212,15443
14550,15444
16388,15445
2884,15446
2249,15447
3434,15448
3561,15449
4046,15450
4547,15451
15112,15452
4355,15453
17075,15454
16894,15455
18658,15456
4999,15457
5157,15458
2453,15459
4030,15460
5164,15461
5385,15462
1055,15463
19788,15464
4459,15465
5178,15466
16828,15467
5944,15468
14497,15469
10097,15470
14745,15471
13642,15472
19577,15473
12509,15474
19522,15475
20118,15476
4855,15477
5456,15478
18801,15479
12257,15480
5484,15481
6382,15482
10920,15483
6773,15484
20238,15485
15978,15486
19640,15487
14197,15488
16149,15489
18375,15490
17914,15491
18184,15492
2278,15493
7096,15494
7640,15495
13816,15496
14047,15497
15703,15498
18705,15499
16934,15500
11459,15501
10215,15502
15276,15503
2441,15504
13134,15505
7995,15506
15925,15507
17035,15508
18206,15509
8310,15510
2411,15511
12867,15512
854,15513
5878,15514
5272,15515
3906,15516
883,15517
19949,15518
19352,15519
6957,15520
9021,15521
5214,15522
892,15523
15634,15524
9256,15525
17578,15526
16928,15527
13986,15528
6353,15529
3890,15530
11529,15531
10242,15532
15327,15533
8114,15534
19120,15535
9535,15536
16962,15537
5897,15538
8003,15539
4831,15540
9746,15541
10262,15542
4487,15543
10446,15544
10985,15545
9754,15546
2804,15547
901,15548
9758,15549
18583,15550
8183,15551
13215,15552
11343,15553
1708,15554
17697,15555
9647,15556
9669,15557
9724,15558
19968,15559
19371,15560
9817,15561
15335,15562
19696,15563
18312,15564
20296,15565
18913,15566
18925,15567
7290,15568
9208,15569
16974,15570
9827,15571
10497,15572
9852,15573
5396,15574
4795,15575
12792,15576
12184,15577
10254,15578
9854,15579
20058,15580
15329,15581
8254,15582
5677,15583
10164,15584
3880,15585
18431,15586
10025,15587
10436,15588
11567,15589
12113,15590
12874,15591
13480,15592
12088,15593
14989,15594
11371,15595
1511,15596
11483,15597
10750,15598
15364,15599
15663,15600
17096,15601
17634,15602
15662,15603
19302,15604
3035,15605
15746,15606
17665,15607
18032,15608
19806,15609
11399,15610
10378,15611
11572,15612
15111,15613
15837,15614
17636,15615
16299,15616
18256,15617
2106,15618
3342,15619
10682,15620
3348,15621
12001,15622
10292,15623
11493,15624
11397,15625
11589,15626
15107,15627
16387,15628
17428,15629
17445,15630
16758,15631
17463,15632
18539,15633
19978,15634
4059,15635
4306,15636
4691,15637
4027,15638
3425,15639
12661,15640
2620,15641
4061,15642
5009,15643
5144,15644
1852,15645
5232,15646
5246,15647
5254,15648
4655,15649
10268,15650
5372,15651
5746,15652
6032,15653
1944,15654
19596,15655
6370,15656
10691,15657
6388,15658
6467,15659
6483,15660
18734,15661
18134,15662
4514,15663
6525,15664
5899,15665
6528,15666
6593,15667
6780,15668
6998,15669
7158,15670
7354,15671
6439,15672
2258,15673
2893,15674
7546,15675
20305,15676
11749,15677
19642,15678
11145,15679
18977,15680
5900,15681
7286,15682
7644,15683
14406,15684
12429,15685
13557,15686
13036,15687
16615,15688
17711,15689
2384,15690
3019,15691
7847,15692
7770,15693
5885,15694
7857,15695
7914,15696
14034,15697
7955,15698
10963,15699
16920,15700
3354,15701
5765,15702
1127,15703
7967,15704
7997,15705
10282,15706
18617,15707
1215,15708
19803,15709
1119,15710
4542,15711
14596,15712
4574,15713
4878,15714
5343,15715
6398,15716
830,15717
3723,15718
8307,15719
15878,15720
8414,15721
8579,15722
12180,15723
3481,15724
8580,15725
7192,15726
18087,15727
18687,15728
17385,15729
8631,15730
2829,15731
8792,15732
17417,15733
1780,15734
20205,15735
8817,15736
12019,15737
16045,15738
19538,15739
4168,15740
7222,15741
15041,15742
885,15743
13326,15744
12712,15745
13279,15746
7550,15747
14108,15748
19241,15749
10237,15750
10814,15751
1065,15752
18062,15753
18661,15754
3574,15755
4974,15756
14335,15757
8624,15758
15514,15759
8937,15760
4500,15761
19349,15762
8715,15763
8955,15764
3069,15765
19311,15766
9061,15767
8398,15768
9138,15769
9163,15770
4729,15771
16433,15772
9174,15773
919,15774
2823,15775
10850,15776
9191,15777
19476,15778
15939,15779
9221,15780
9382,15781
7787,15782
9483,15783
12104,15784
16802,15785
19391,15786
2598,15787
1020,15788
19683,15789
17175,15790
20283,15791
16002,15792
10523,15793
17761,15794
5190,15795
5420,15796
15019,15797
13296,15798
1208,15799
18066,15800
18665,15801
19931,15802
18136,15803
20192,15804
5480,15805
16274,15806
1757,15807
19214,15808
19819,15809
1112,15810
16405,15811
18148,15812
12240,15813
2088,15814
1851,15815
3159,15816
19965,15817
5868,15818
6450,15819
4054,15820
3452,15821
5138,15822
7224,15823
7666,15824
8538,15825
17670,15826
18251,15827
14111,15828
14704,15829
2061,15830
9595,15831
6934,15832
12892,15833
10858,15834
19316,15835
3148,15836
7895,15837
4796,15838
8893,15839
15196,15840
16943,15841
17502,15842
4285,15843
11323,15844
18893,15845
6342,15846
6928,15847
2956,15848
20000,15849
5569,15850
12530,15851
7739,15852
8918,15853
2020,15854
13400,15855
1775,15856
17982,15857
18516,15858
4453,15859
4301,15860
7813,15861
15650,15862
9523,15863
18406,15864
11217,15865
11195,15866
12987,15867
14769,15868
13740,15869
14857,15870
15671,15871
14925,15872
1067,15873
18347,15874
11882,15875
18932,15876
11279,15877
17157,15878
12576,15879
19598,15880
19119,15881
14149,15882
20146,15883
11975,15884
20327,15885
13551,15886
1703,15887
4017,15888
4050,15889
5393,15890
1062,15891
13772,15892
5397,15893
15778,15894
7466,15895
9685,15896
9704,15897
974,15898
9035,15899
9777,15900
10445,15901
9569,15902
9807,15903
11673,15904
2716,15905
3888,15906
3469,15907
15059,15908
7375,15909
11855,15910
8841,15911
13948,15912
14830,15913
17782,15914
19714,15915
12353,15916
14169,15917
14953,15918
15543,15919
8418,15920
981,15921
9858,15922
9896,15923
16337,15924
19286,15925
12823,15926
11005,15927
5858,15928
9915,15929
17252,15930
12989,15931
17293,15932
11142,15933
11746,15934
18498,15935
19101,15936
12356,15937
11922,15938
16540,15939
9922,15940
5952,15941
19368,15942
16411,15943
9935,15944
9938,15945
4166,15946
13390,15947
13989,15948
12654,15949
9954,15950
11523,15951
15268,15952
13486,15953
17528,15954
18728,15955
16960,15956
3318,15957
2016,15958
15936,15959
16395,15960
3685,15961
7896,15962
16524,15963
9584,15964
15621,15965
17469,15966
8650,15967
14326,15968
19484,15969
9964,15970
4549,15971
19632,15972
10298,15973
14587,15974
14711,15975
7780,15976
7142,15977
4079,15978
10272,15979
9942,15980
16877,15981
17651,15982
15890,15983
18592,15984
8192,15985
16055,15986
13607,15987
17462,15988
20291,15989
12368,15990
6055,15991
5225,15992
3418,15993
5729,15994
6661,15995
10461,15996
5912,15997
5720,15998
3276,15999
18171,16000
18398,16001
16657,16002
17793,16003
18971,16004
17831,16005
19572,16006
4864,16007
6657,16008
10478,16009
1018,16010
7645,16011
18401,16012
18402,16013
18995,16014
19600,16015
10543,16016
5287,16017
5476,16018
18676,16019
12149,16020
15064,16021
9532,16022
19246,16023
3326,16024
15032,16025
4407,16026
1149,16027
11520,16028
15448,16029
16582,16030
6620,16031
14758,16032
15995,16033
18337,16034
14818,16035
11797,16036
19644,16037
11180,16038
15348,16039
18527,16040
20136,16041
1101,16042
20338,16043
4223,16044
17786,16045
13765,16046
18381,16047
13176,16048
18760,16049
14601,16050
15192,16051
4744,16052
4141,16053
4809,16054
1090,16055
20185,16056
14370,16057
4209,16058
14961,16059
18708,16060
18108,16061
11099,16062
19941,16063
5455,16064
13474,16065
12246,16066
12853,16067
14072,16068
10502,16069
6455,16070
14573,16071
12832,16072
8410,16073
16975,16074
7051,16075
7680,16076
14465,16077
1345,16078
11090,16079
13646,16080
18351,16081
14832,16082
12995,16083
14344,16084
18368,16085
14934,16086
20049,16087
15324,16088
17613,16089
18198,16090
16821,16091
7795,16092
8427,16093
8484,16094
12296,16095
12904,16096
9090,16097
9832,16098
9070,16099
9969,16100
2735,16101
8647,16102
5522,16103
14347,16104
11103,16105
11591,16106
15313,16107
15710,16108
17468,16109
2868,16110
2233,16111
5802,16112
19283,16113
5928,16114
867,16115
2768,16116
18077,16117
12758,16118
9986,16119
4870,16120
20113,16121
11204,16122
6468,16123
9715,16124
10824,16125
3231,16126
11681,16127
13516,16128
14896,16129
10528,16130
12701,16131
12196,16132
12945,16133
11298,16134
16845,16135
12910,16136
17009,16137
16421,16138
17153,16139
14878,16140
17336,16141
17739,16142
18056,16143
18613,16144
17568,16145
19932,16146
2424,16147
13529,16148
16478,16149
12242,16150
2496,16151
11506,16152
18685,16153
18085,16154
10253,16155
2530,16156
18052,16157
4146,16158
4749,16159
6384,16160
3060,16161
6394,16162
4282,16163
11023,16164
6601,16165
7011,16166
1154,16167
12203,16168
13503,16169
19405,16170
18805,16171
7701,16172
3409,16173
7784,16174
7805,16175
13927,16176
16867,16177
4528,16178
7880,16179
15980,16180
13183,16181
19527,16182
12578,16183
8237,16184
8273,16185
856,16186
4048,16187
9721,16188
10391,16189
3500,16190
12253,16191
11448,16192
9805,16193
19229,16194
13329,16195
9987,16196
10654,16197
11877,16198
1086,16199
13788,16200
2752,16201
2185,16202
2910,16203
1006,16204
16908,16205
17493,16206
13877,16207
4887,16208
1628,16209
13997,16210
5777,16211
6403,16212
12590,16213
7089,16214
19777,16215
9513,16216
10897,16217
9613,16218
19886,16219
9910,16220
3358,16221
10577,16222
1549,16223
2105,16224
2861,16225
4762,16226
5363,16227
6480,16228
6755,16229
962,16230
10432,16231
3331,16232
3293,16233
10579,16234
16957,16235
18804,16236
4509,16237
5641,16238
11006,16239
2079,16240
13845,16241
14706,16242
6972,16243
748,16244
14098,16245
6733,16246
6095,16247
7969,16248
17305,16249
14159,16250
7987,16251
8106,16252
18017,16253
8401,16254
8578,16255
1625,16256
6182,16257
3043,16258
12434,16259
20182,16260
7839,16261
8542,16262
2942,16263
3547,16264
8550,16265
3435,16266
12190,16267
4802,16268
8768,16269
17848,16270
11157,16271
12591,16272
6412,16273
5786,16274
12572,16275
9211,16276
8386,16277
9238,16278
7027,16279
10562,16280
15181,16281
7209,16282
2133,16283
5783,16284
9275,16285
16852,16286
15306,16287
19939,16288
19342,16289
5487,16290
13120,16291
11744,16292
12560,16293
18862,16294
19460,16295
6108,16296
6511,16297
7912,16298
845,16299
11659,16300
6726,16301
10358,16302
12095,16303
17025,16304
1015,16305
17049,16306
4274,16307
1490,16308
16946,16309
3966,16310
1621,16311
13510,16312
15291,16313
4034,16314
5702,16315
16792,16316
6464,16317
2699,16318
8205,16319
17945,16320
10724,16321
5233,16322
6708,16323
16709,16324
13570,16325
4242,16326
18832,16327
17647,16328
15532,16329
4121,16330
3517,16331
2342,16332
17424,16333
12086,16334
14990,16335
16497,16336
15691,16337
16278,16338
15046,16339
3171,16340
15687,16341
7193,16342
7186,16343
7351,16344
14570,16345
16430,16346
16846,16347
2521,16348
2799,16349
2164,16350
10273,16351
3554,16352
17644,16353
6435,16354
16356,16355
15769,16356
7374,16357
8002,16358
1542,16359
8270,16360
8346,16361
8453,16362
8919,16363
9064,16364
9116,16365
4201,16366
9140,16367
8478,16368
9144,16369
12645,16370
9240,16371
18010,16372
10486,16373
18545,16374
14510,16375
12605,16376
1485,16377
1685,16378
18683,16379
10930,16380
3426,16381
3491,16382
5284,16383
6596,16384
5969,16385
15065,16386
9589,16387
2027,16388
19989,16389
2902,16390
4239,16391
12334,16392
11948,16393
4196,16394
8914,16395
3268,16396
18445,16397
11779,16398
13151,16399
2977,16400
5184,16401
4584,16402
1078,16403
15673,16404
16849,16405
19224,16406
3032,16407
1488,16408
3053,16409
1136,16410
12279,16411
5793,16412
10271,16413
6383,16414
14405,16415
16836,16416
5610,16417
7449,16418
13317,16419
2407,16420
770,16421
11227,16422
12396,16423
2934,16424
6645,16425
18879,16426
3462,16427
4066,16428
2979,16429
12699,16430
11478,16431
19818,16432
3129,16433
10872,16434
7103,16435
7477,16436
13820,16437
17692,16438
7954,16439
12266,16440
5119,16441
8023,16442
7038,16443
8101,16444
8241,16445
841,16446
10614,16447
4560,16448
8865,16449
4003,16450
16814,16451
4293,16452
19104,16453
13572,16454
15524,16455
15321,16456
716,16457
11316,16458
11729,16459
11989,16460
12873,16461
2146,16462
2780,16463
15945,16464
8907,16465
8959,16466
12620,16467
12608,16468
14546,16469
2058,16470
9324,16471
9529,16472
14226,16473
15389,16474
16143,16475
9228,16476
18644,16477
12119,16478
5705,16479
959,16480
1594,16481
19489,16482
9611,16483
9626,16484
9289,16485
9627,16486
13222,16487
5143,16488
7446,16489
3034,16490
16864,16491
9656,16492
17675,16493
17090,16494
17988,16495
9519,16496
13338,16497
6340,16498
9714,16499
19130,16500
4747,16501
9779,16502
9808,16503
3454,16504
4056,16505
8921,16506
9912,16507
5752,16508
10489,16509
1785,16510
5780,16511
2269,16512
1634,16513
11442,16514
8356,16515
8361,16516
8832,16517
15246,16518
13754,16519
17004,16520
17588,16521
5951,16522
6578,16523
1622,16524
9023,16525
3317,16526
9237,16527
9956,16528
6695,16529
19898,16530
19175,16531
9988,16532
10602,16533
6173,16534
8052,16535
1570,16536
1654,16537
17489,16538
14936,16539
12772,16540
12164,16541
18080,16542
17333,16543
10362,16544
11507,16545
10903,16546
12929,16547
12321,16548
16993,16549
17577,16550
15154,16551
10945,16552
18846,16553
19284,16554
13757,16555
12766,16556
12158,16557
16390,16558
15802,16559
1657,16560
19626,16561
14770,16562
14883,16563
14173,16564
14955,16565
16016,16566
18940,16567
16124,16568
14162,16569
14759,16570
1744,16571
19531,16572
14825,16573
14799,16574
16144,16575
20107,16576
14364,16577
20127,16578
16733,16579
20224,16580
19590,16581
20169,16582
20335,16583
1009,16584
12147,16585
12755,16586
2294,16587
16729,16588
12899,16589
12291,16590
18157,16591
18757,16592
2386,16593
2806,16594
16148,16595
3650,16596
4241,16597
20031,16598
11073,16599
3537,16600
4140,16601
4511,16602
4672,16603
4067,16604
4847,16605
18230,16606
19297,16607
11562,16608
20026,16609
4761,16610
16475,16611
5325,16612
19251,16613
18651,16614
3923,16615
5463,16616
15808,16617
16396,16618
4063,16619
11604,16620
17402,16621
1358,16622
14690,16623
16334,16624
17398,16625
5886,16626
5946,16627
5986,16628
2367,16629
13578,16630
12594,16631
5409,16632
13199,16633
11517,16634
14532,16635
14050,16636
13453,16637
6554,16638
5927,16639
19180,16640
6568,16641
5392,16642
7608,16643
7773,16644
17623,16645
15863,16646
7830,16647
8263,16648
3884,16649
15783,16650
1448,16651
18481,16652
18336,16653
13674,16654
15095,16655
12283,16656
15578,16657
16586,16658
19407,16659
2745,16660
3061,16661
17543,16662
3366,16663
3619,16664
15999,16665
17812,16666
13609,16667
16164,16668
20184,16669
12581,16670
18095,16671
18695,16672
17586,16673
13448,16674
16805,16675
5764,16676
16761,16677
18084,16678
6033,16679
13947,16680
13347,16681
15103,16682
10922,16683
4284,16684
16487,16685
15300,16686
13519,16687
10831,16688
8359,16689
19447,16690
8420,16691
8369,16692
8444,16693
8875,16694
11719,16695
12169,16696
15395,16697
17053,16698
6984,16699
3284,16700
4006,16701
5841,16702
20067,16703
6658,16704
10287,16705
11662,16706
17429,16707
3390,16708
4249,16709
18073,16710
17490,16711
15747,16712
17506,16713
18807,16714
20003,16715
4567,16716
3048,16717
4846,16718
5782,16719
6334,16720
7020,16721
7070,16722
7138,16723
18822,16724
17054,16725
15035,16726
13240,16727
11685,16728
13276,16729
16401,16730
1993,16731
10317,16732
14426,16733
16977,16734
17313,16735
2417,16736
14320,16737
7384,16738
7465,16739
8447,16740
19061,16741
17124,16742
12463,16743
20161,16744
15528,16745
5418,16746
16141,16747
15891,16748
20034,16749
861,16750
19442,16751
20038,16752
9084,16753
9262,16754
9668,16755
10338,16756
19935,16757
10992,16758
9692,16759
16513,16760
17098,16761
5700,16762
9699,16763
10369,16764
6978,16765
18565,16766
10527,16767
11962,16768
15089,16769
16385,16770
16490,16771
17087,16772
17672,16773
3496,16774
3524,16775
5755,16776
3388,16777
6375,16778
16494,16779
1813,16780
6557,16781
7113,16782
6484,16783
4537,16784
7259,16785
12333,16786
3003,16787
12941,16788
17322,16789
17726,16790
16732,16791
16458,16792
1667,16793
19468,16794
5981,16795
2071,16796
7475,16797
7727,16798
18063,16799
18662,16800
12640,16801
17958,16802
2318,16803
2472,16804
6018,16805
1713,16806
17007,16807
8416,16808
8630,16809
16951,16810
3564,16811
5370,16812
8957,16813
1146,16814
4145,16815
8991,16816
10325,16817
10537,16818
13399,16819
7718,16820
12106,16821
12714,16822
12040,16823
9655,16824
15250,16825
14659,16826
12064,16827
9739,16828
16976,16829
8506,16830
7841,16831
3306,16832
3254,16833
1029,16834
5796,16835
8931,16836
3286,16837
11384,16838
12145,16839
17326,16840
3363,16841
12870,16842
3030,16843
3519,16844
17602,16845
7628,16846
10696,16847
19287,16848
20053,16849
14541,16850
15133,16851
13855,16852
8383,16853
10380,16854
9045,16855
6349,16856
5084,16857
12724,16858
15460,16859
16323,16860
12659,16861
1718,16862
11904,16863
11479,16864
14404,16865
18888,16866
3336,16867
15191,16868
3490,16869
3987,16870
5161,16871
11678,16872
4304,16873
6367,16874
15009,16875
11101,16876
7728,16877
7860,16878
19928,16879
8362,16880
10430,16881
8564,16882
1461,16883
15716,16884
18606,16885
14423,16886
12204,16887
5198,16888
16303,16889
15546,16890
12799,16891
2849,16892
15895,16893
15283,16894
3311,16895
6453,16896
6442,16897
5816,16898
10264,16899
8047,16900
8836,16901
10978,16902
11016,16903
12834,16904
13957,16905
2436,16906
11301,16907
13581,16908
14870,16909
14178,16910
15458,16911
1082,16912
11365,16913
14778,16914
11969,16915
15239,16916
14648,16917
810,16918
878,16919
9001,16920
6395,16921
14519,16922
7610,16923
19762,16924
16467,16925
7738,16926
9300,16927
13732,16928
18285,16929
923,16930
9400,16931
2966,16932
13485,16933
15267,16934
7615,16935
952,16936
15774,16937
16361,16938
9751,16939
17404,16940
3857,16941
15244,16942
17119,16943
19008,16944
9037,16945
19173,16946
9792,16947
6539,16948
12670,16949
4492,16950
12875,16951
3630,16952
19735,16953
11077,16954
12897,16955
18023,16956
15165,16957
2495,16958
14074,16959
13456,16960
14053,16961
16219,16962
10159,16963
11638,16964
5146,16965
5914,16966
5915,16967
5985,16968
11250,16969
11166,16970
1462,16971
18000,16972
10589,16973
19017,16974
20059,16975
3109,16976
11574,16977
3430,16978
3614,16979
6536,16980
6618,16981
19593,16982
13189,16983
5417,16984
12584,16985
1530,16986
7139,16987
15867,16988
7437,16989
7766,16990
7811,16991
17691,16992
15935,16993
5130,16994
8736,16995
15515,16996
17694,16997
893,16998
8938,16999
8971,17000
11400,17001
8350,17002
927,17003
9625,17004
13224,17005
4032,17006
9709,17007
10379,17008
10257,17009
2662,17010
1492,17011
2756,17012
4400,17013
13149,17014
20080,17015
5730,17016
5095,17017
12723,17018
15912,17019
15218,17020
10437,17021
6149,17022
11940,17023
18286,17024
17109,17025
17551,17026
9789,17027
9816,17028
9823,17029
20004,17030
19408,17031
5714,17032
1382,17033
4582,17034
8247,17035
9829,17036
7807,17037
9831,17038
2931,17039
9958,17040
16133,17041
9989,17042
10656,17043
15681,17044
4894,17045
5874,17046
8804,17047
6239,17048
6864,17049
14057,17050
16851,17051
4989,17052
1904,17053
3715,17054
6877,17055
2656,17056
10101,17057
3713,17058
5527,17059
8028,17060
4344,17061
2478,17062
1765,17063
4895,17064
1058,17065
5434,17066
17725,17067
3710,17068
11755,17069
12566,17070
10323,17071
12312,17072
1472,17073
10632,17074
16260,17075
17136,17076
17556,17077
16972,17078
18075,17079
18849,17080
19870,17081
20334,17082
11081,17083
12206,17084
12814,17085
13501,17086
13941,17087
14525,17088
13931,17089
14534,17090
15281,17091
15899,17092
15289,17093
17073,17094
2250,17095
2379,17096
10390,17097
12876,17098
11057,17099
15272,17100
13490,17101
2885,17102
16340,17103
3450,17104
4661,17105
5228,17106
4628,17107
12131,17108
12740,17109
12050,17110
5260,17111
5908,17112
6413,17113
6479,17114
6534,17115
7044,17116
7217,17117
4170,17118
10389,17119
7668,17120
7039,17121
16807,17122
7804,17123
7173,17124
13442,17125
12833,17126
8336,17127
10335,17128
8391,17129
6339,17130
9066,17131
3432,17132
5240,17133
7591,17134
9133,17135
16452,17136
11464,17137
9141,17138
918,17139
16944,17140
15922,17141
17679,17142
18595,17143
2001,17144
15838,17145
19397,17146
3477,17147
10826,17148
937,17149
1573,17150
4073,17151
9095,17152
5122,17153
9653,17154
19374,17155
9720,17156
12841,17157
11022,17158
5106,17159
9806,17160
16827,17161
999,17162
15078,17163
7581,17164
11015,17165
11917,17166
11733,17167
13731,17168
15643,17169
1711,17170
18160,17171
1990,17172
13635,17173
13004,17174
19955,17175
15941,17176
15669,17177
10291,17178
13223,17179
1788,17180
19218,17181
19958,17182
3319,17183
18561,17184
11290,17185
14182,17186
16503,17187
18519,17188
3601,17189
4566,17190
17352,17191
1750,17192
15836,17193
15052,17194
2609,17195
2945,17196
1439,17197
5713,17198
746,17199
16399,17200
16708,17201
12958,17202
14325,17203
16801,17204
1712,17205
17014,17206
17598,17207
18891,17208
19884,17209
5147,17210
8064,17211
8154,17212
16062,17213
16281,17214
12035,17215
11423,17216
11887,17217
15209,17218
18978,17219
11342,17220
2975,17221
3992,17222
4213,17223
11345,17224
2338,17225
13361,17226
13961,17227
4657,17228
4052,17229
19479,17230
18007,17231
8532,17232
20071,17233
16518,17234
15932,17235
19480,17236
19799,17237
8954,17238
8011,17239
9398,17240
7654,17241
9833,17242
19223,17243
10082,17244
9923,17245
9991,17246
8286,17247
10658,17248
12304,17249
12750,17250
14565,17251
6430,17252
8265,17253
9996,17254
13912,17255
18541,17256
11571,17257
2769,17258
3965,17259
1116,17260
5880,17261
8970,17262
13813,17263
14408,17264
17653,17265
7609,17266
19164,17267
7703,17268
16811,17269
8839,17270
13805,17271
13928,17272
15582,17273
10572,17274
11497,17275
12138,17276
14511,17277
14521,17278
15159,17279
15701,17280
14254,17281
11160,17282
16266,17283
16288,17284
16861,17285
1656,17286
17185,17287
17307,17288
11121,17289
11360,17290
16344,17291
17579,17292
15820,17293
16683,17294
1817,17295
18646,17296
14139,17297
18865,17298
19448,17299
19840,17300
18468,17301
17181,17302
13756,17303
16371,17304
19861,17305
11881,17306
18948,17307
20062,17308
20138,17309
20197,17310
14379,17311
2313,17312
2947,17313
3027,17314
14062,17315
15106,17316
1110,17317
3378,17318
3538,17319
17115,17320
3980,17321
4256,17322
1593,17323
18686,17324
2248,17325
4840,17326
13553,17327
18598,17328
19637,17329
13000,17330
13597,17331
14350,17332
19567,17333
20098,17334
20333,17335
14109,17336
19793,17337
15784,17338
16833,17339
17344,17340
12105,17341
19196,17342
1066,17343
15124,17344
15579,17345
19348,17346
2300,17347
2387,17348
17545,17349
13306,17350
10457,17351
14647,17352
15238,17353
1749,17354
10953,17355
12192,17356
18190,17357
3204,17358
1923,17359
3349,17360
19748,17361
15846,17362
17514,17363
2111,17364
11405,17365
4617,17366
4863,17367
5426,17368
1722,17369
5465,17370
4689,17371
13303,17372
1466,17373
10412,17374
1186,17375
15577,17376
10312,17377
13314,17378
15593,17379
18015,17380
12179,17381
18789,17382
1889,17383
19873,17384
5195,17385
5290,17386
5749,17387
5754,17388
5924,17389
19412,17390
5965,17391
6407,17392
6419,17393
6476,17394
6559,17395
6636,17396
11128,17397
11965,17398
10399,17399
18718,17400
20043,17401
7053,17402
16267,17403
4124,17404
10306,17405
15013,17406
5433,17407
15361,17408
4858,17409
6848,17410
7073,17411
18093,17412
18693,17413
17396,17414
1347,17415
11540,17416
17844,17417
6495,17418
7085,17419
12151,17420
18680,17421
6338,17422
2644,17423
12928,17424
13625,17425
1429,17426
4467,17427
15247,17428
17859,17429
14814,17430
16555,17431
17271,17432
15968,17433
13763,17434
16584,17435
14358,17436
12237,17437
11632,17438
11552,17439
20191,17440
14222,17441
18386,17442
18454,17443
11773,17444
1108,17445
14791,17446
1745,17447
12198,17448
15788,17449
12227,17450
15819,17451
5963,17452
6478,17453
4253,17454
2892,17455
2257,17456
11979,17457
7100,17458
7163,17459
7184,17460
7185,17461
10990,17462
11596,17463
15640,17464
7280,17465
10353,17466
16383,17467
15796,17468
17031,17469
17616,17470
5200,17471
3393,17472
10825,17473
5813,17474
15823,17475
17581,17476
1427,17477
7413,17478
7641,17479
1287,17480
3152,17481
16923,17482
2498,17483
2516,17484
7751,17485
7120,17486
7707,17487
7078,17488
1445,17489
760,17490
11214,17491
16060,17492
17202,17493
12529,17494
14746,17495
17783,17496
12493,17497
18350,17498
15490,17499
11720,17500
19443,17501
15629,17502
19541,17503
18423,17504
2246,17505
1612,17506
6575,17507
6891,17508
1016,17509
15944,17510
13615,17511
13021,17512
18758,17513
5565,17514
13907,17515
19121,17516
7754,17517
12827,17518
15044,17519
4444,17520
15118,17521
18143,17522
6197,17523
14848,17524
16007,17525
17258,17526
16594,17527
18356,17528
4867,17529
7899,17530
16509,17531
4075,17532
7951,17533
3355,17534
2446,17535
3963,17536
10792,17537
11579,17538
4605,17539
14640,17540
1539,17541
11206,17542
17212,17543
17573,17544
14215,17545
18212,17546
18996,17547
10542,17548
19604,17549
7074,17550
13027,17551
17206,17552
16745,17553
7187,17554
7639,17555
15261,17556
18702,17557
7495,17558
8015,17559
8024,17560
10600,17561
17418,17562
8043,17563
15518,17564
14115,17565
14708,17566
19419,17567
20015,17568
2335,17569
13545,17570
7699,17571
8068,17572
5276,17573
8132,17574
8363,17575
8408,17576
8423,17577
2150,17578
2784,17579
1446,17580
8479,17581
8548,17582
18146,17583
17558,17584
5977,17585
6604,17586
13884,17587
8917,17588
8923,17589
1395,17590
16623,17591
16617,17592
1702,17593
12589,17594
12134,17595
11526,17596
12310,17597
11703,17598
8483,17599
4536,17600
5098,17601
13492,17602
16744,17603
19959,17604
19362,17605
6409,17606
805,17607
4476,17608
10936,17609
11984,17610
20202,17611
16033,17612
19732,17613
11693,17614
11089,17615
2234,17616
2063,17617
6433,17618
8867,17619
14211,17620
4651,17621
3656,17622
10989,17623
12809,17624
1604,17625
5376,17626
8942,17627
8892,17628
12150,17629
13078,17630
14186,17631
13716,17632
15336,17633
16275,17634
11322,17635
11721,17636
16362,17637
1643,17638
17078,17639
20219,17640
15676,17641
1236,17642
1624,17643
17145,17644
17790,17645
11828,17646
13586,17647
18829,17648
19727,17649
11116,17650
20180,17651
11926,17652
12331,17653
12939,17654
18038,17655
18638,17656
13964,17657
13364,17658
4225,17659
14183,17660
19584,17661
6057,17662
6681,17663
4011,17664
4616,17665
18040,17666
18640,17667
7201,17668
11643,17669
7461,17670
12696,17671
15753,17672
15848,17673
4191,17674
4923,17675
10373,17676
12159,17677
19915,17678
2127,17679
13345,17680
2067,17681
2819,17682
14672,17683
15262,17684
8272,17685
769,17686
17103,17687
2372,17688
17127,17689
4823,17690
17712,17691
18984,17692
6565,17693
7931,17694
8469,17695
8557,17696
2166,17697
1536,17698
11375,17699
11564,17700
12172,17701
1857,17702
15091,17703
1221,17704
14572,17705
7601,17706
4472,17707
15249,17708
5722,17709
17968,17710
12303,17711
793,17712
2643,17713
11813,17714
17503,17715
16153,17716
12848,17717
12241,17718
18714,17719
18114,17720
8560,17721
10935,17722
11539,17723
18252,17724
18853,17725
8920,17726
8973,17727
10571,17728
14132,17729
17522,17730
15758,17731
16345,17732
9040,17733
2083,17734
9069,17735
9170,17736
9293,17737
12856,17738
7844,17739
5962,17740
934,17741
18580,17742
5655,17743
12156,17744
13024,17745
14120,17746
19602,17747
6649,17748
2333,17749
2967,17750
7815,17751
8481,17752
9549,17753
12615,17754
18409,17755
11198,17756
11809,17757
6598,17758
14443,17759
13838,17760
17226,17761
17758,17762
18803,17763
19022,17764
17172,17765
13750,17766
17788,17767
19256,17768
10485,17769
4777,17770
957,17771
1592,17772
2080,17773
2666,17774
17798,17775
4625,17776
12593,17777
1495,17778
5818,17779
9620,17780
16779,17781
11551,17782
13936,17783
9167,17784
16283,17785
16869,17786
12047,17787
9644,17788
15141,17789
14549,17790
11436,17791
2603,17792
10685,17793
12711,17794
14458,17795
17840,17796
12379,17797
18057,17798
19734,17799
4162,17800
15093,17801
1582,17802
16365,17803
3448,17804
5471,17805
700,17806
12176,17807
12045,17808
18724,17809
4169,17810
6273,17811
10607,17812
11835,17813
15884,17814
19580,17815
16139,17816
14701,17817
16269,17818
1552,17819
16419,17820
2883,17821
3353,17822
1782,17823
17666,17824
3531,17825
18036,17826
18636,17827
3919,17828
10202,17829
19705,17830
11255,17831
17770,17832
19671,17833
18357,17834
18460,17835
18960,17836
20111,17837
2365,17838
13008,17839
19515,17840
3651,17841
4132,17842
19830,17843
5464,17844
3485,17845
6436,17846
7054,17847
7408,17848
11914,17849
13566,17850
13775,17851
19303,17852
10883,17853
10561,17854
12739,17855
12811,17856
13323,17857
1510,17858
17063,17859
19212,17860
17534,17861
1892,17862
10416,17863
12859,17864
13466,17865
19458,17866
2139,17867
10255,17868
18562,17869
15235,17870
15474,17871
12344,17872
14885,17873
14160,17874
10541,17875
14766,17876
4678,17877
14588,17878
4722,17879
4756,17880
12798,17881
4869,17882
5123,17883
5236,17884
2377,17885
6459,17886
5121,17887
7079,17888
7188,17889
7214,17890
7714,17891
3012,17892
5356,17893
3549,17894
12557,17895
7730,17896
5846,17897
10084,17898
7756,17899
7937,17900
5174,17901
19847,17902
17904,17903
7212,17904
7842,17905
1832,17906
8389,17907
3908,17908
8536,17909
8601,17910
12273,17911
16843,17912
15303,17913
1805,17914
18030,17915
19360,17916
18762,17917
12677,17918
2256,17919
17530,17920
3442,17921
4731,17922
7579,17923
2869,17924
5374,17925
5906,17926
18271,17927
20066,17928
5116,17929
7631,17930
16381,17931
4342,17932
12222,17933
10956,17934
19890,17935
16214,17936
8198,17937
18817,17938
6103,17939
3624,17940
19532,17941
15431,17942
13593,17943
18933,17944
4259,17945
4865,17946
12822,17947
12215,17948
20030,17949
19434,17950
2078,17951
16799,17952
7491,17953
13115,17954
18316,17955
13025,17956
8290,17957
12839,17958
1797,17959
16512,17960
10387,17961
8358,17962
10354,17963
6351,17964
8945,17965
4020,17966
4780,17967
17480,17968
15723,17969
12071,17970
2686,17971
14287,17972
18755,17973
11460,17974
6069,17975
15130,17976
8220,17977
1139,17978
19058,17979
18928,17980
18455,17981
14180,17982
14790,17983
5377,17984
6504,17985
18581,17986
5053,17987
10462,17988
11403,17989
14301,17990
17674,17991
3916,17992
8348,17993
8562,17994
896,17995
804,17996
8212,17997
10512,17998
12133,17999
19927,18000
7098,18001
6469,18002
12066,18003
10216,18004
11621,18005
15213,18006
5502,18007
8522,18008
12357,18009
9068,18010
8267,18011
764,18012
10433,18013
13203,18014
17515,18015
3634,18016
12942,18017
18536,18018
11587,18019
13297,18020
16929,18021
20044,18022
2827,18023
3351,18024
4037,18025
6076,18026
10868,18027
12080,18028
13460,18029
14522,18030
16290,18031
16493,18032
2750,18033
16322,18034
3689,18035
20023,18036
19396,18037
18797,18038
15050,18039
4884,18040
15920,18041
17591,18042
5787,18043
6400,18044
6406,18045
6490,18046
5313,18047
4714,18048
6515,18049
14627,18050
19184,18051
6566,18052
5939,18053
6754,18054
6856,18055
12753,18056
5285,18057
4686,18058
16233,18059
10188,18060
10400,18061
10559,18062
6980,18063
7148,18064
13416,18065
8571,18066
9104,18067
4091,18068
9134,18069
18867,18070
18266,18071
4526,18072
9196,18073
15928,18074
17684,18075
14339,18076
17105,18077
18872,18078
2473,18079
2728,18080
1196,18081
14717,18082
2690,18083
1359,18084
13458,18085
6962,18086
2596,18087
9222,18088
16893,18089
17478,18090
10311,18091
15128,18092
9231,18093
16863,18094
17448,18095
9245,18096
15734,18097
11610,18098
1574,18099
17427,18100
13792,18101
15924,18102
18752,18103
18152,18104
19207,18105
18233,18106
1903,18107
15904,18108
1003,18109
3427,18110
3548,18111
3582,18112
15706,18113
17464,18114
4042,18115
3977,18116
2125,18117
13284,18118
4775,18119
4165,18120
3562,18121
5114,18122
7041,18123
8327,18124
838,18125
1786,18126
2881,18127
9295,18128
6838,18129
10089,18130
10758,18131
8443,18132
14653,18133
10852,18134
2676,18135
12484,18136
12760,18137
20148,18138
13143,18139
3975,18140
13901,18141
4204,18142
5726,18143
5778,18144
7664,18145
18892,18146
19809,18147
8607,18148
9417,18149
13904,18150
8754,18151
4305,18152
10642,18153
9455,18154
10123,18155
15171,18156
948,18157
17520,18158
958,18159
11003,18160
11609,18161
17976,18162
9581,18163
14437,18164
13446,18165
15646,18166
17795,18167
17794,18168
1257,18169
19211,18170
14922,18171
6563,18172
19279,18173
19874,18174
9338,18175
5400,18176
15780,18177
4548,18178
1845,18179
4882,18180
13525,18181
9623,18182
10624,18183
4029,18184
7197,18185
1032,18186
1668,18187
19783,18188
9631,18189
18186,18190
9652,18191
17475,18192
16890,18193
4506,18194
9671,18195
9674,18196
10986,18197
11592,18198
14454,18199
3238,18200
15714,18201
1674,18202
5717,18203
10207,18204
11510,18205
5997,18206
12245,18207
6548,18208
17619,18209
7389,18210
13039,18211
4814,18212
12432,18213
13010,18214
19583,18215
19746,18216
6672,18217
16368,18218
16954,18219
16495,18220
15909,18221
3922,18222
9679,18223
18201,18224
12866,18225
9683,18226
19612,18227
18392,18228
9707,18229
1595,18230
7656,18231
9729,18232
15803,18233
9736,18234
9125,18235
7167,18236
5699,18237
6263,18238
2215,18239
5588,18240
14887,18241
11136,18242
14245,18243
11171,18244
15355,18245
10552,18246
8568,18247
13335,18248
19244,18249
11682,18250
14694,18251
16242,18252
6926,18253
1190,18254
4254,18255
11734,18256
12418,18257
12413,18258
3192,18259
12688,18260
18518,18261
5601,18262
9768,18263
4530,18264
977,18265
19944,18266
8259,18267
9771,18268
11599,18269
10993,18270
16819,18271
9774,18272
6527,18273
13285,18274
9775,18275
978,18276
3334,18277
8889,18278
12715,18279
20027,18280
3621,18281
11821,18282
1085,18283
12107,18284
14788,18285
14910,18286
15358,18287
15852,18288
15949,18289
1651,18290
14351,18291
14688,18292
16455,18293
17203,18294
13725,18295
16535,18296
1721,18297
11327,18298
15951,18299
17253,18300
14192,18301
18380,18302
16722,18303
16537,18304
17120,18305
18632,18306
19045,18307
17188,18308
12448,18309
14795,18310
15384,18311
20022,18312
2811,18313
2176,18314
3647,18315
5258,18316
4659,18317
5459,18318
7253,18319
14768,18320
13081,18321
16553,18322
18354,18323
4251,18324
4856,18325
7627,18326
15821,18327
8311,18328
1128,18329
4089,18330
4741,18331
13539,18332
17677,18333
16234,18334
8324,18335
8458,18336
9121,18337
14054,18338
13457,18339
9130,18340
8467,18341
17456,18342
15697,18343
18572,18344
9367,18345
14674,18346
5839,18347
12189,18348
16217,18349
9606,18350
963,18351
9781,18352
4774,18353
5375,18354
19773,18355
10178,18356
18287,18357
17215,18358
13612,18359
5596,18360
16840,18361
12537,18362
6489,18363
2714,18364
6840,18365
18876,18366
16462,18367
10869,18368
18275,18369
14676,18370
18024,18371
19152,18372
2492,18373
8692,18374
1501,18375
6966,18376
9403,18377
3440,18378
6337,18379
9783,18380
6533,18381
3309,18382
9784,18383
19867,18384
18072,18385
9788,18386
9799,18387
10469,18388
2131,18389
1502,18390
9815,18391
15657,18392
9822,18393
9834,18394
6588,18395
10857,18396
5693,18397
1601,18398
7326,18399
19111,18400
11133,18401
8524,18402
19493,18403
20089,18404
6034,18405
7907,18406
16448,18407
15862,18408
15228,18409
19972,18410
9094,18411
19181,18412
1989,18413
3049,18414
19129,18415
13562,18416
20203,18417
5351,18418
4750,18419
13293,18420
6952,18421
14104,18422
18507,18423
11134,18424
13321,18425
1748,18426
12900,18427
2816,18428
5457,18429
13299,18430
6232,18431
15921,18432
4703,18433
11040,18434
12044,18435
10157,18436
16763,18437
2817,18438
11465,18439
5259,18440
6447,18441
7254,18442
10875,18443
1216,18444
10938,18445
12957,18446
15715,18447
16252,18448
17662,18449
18158,18450
18175,18451
2145,18452
5909,18453
6009,18454
13567,18455
11307,18456
14165,18457
20105,18458
18538,18459
784,18460
4333,18461
7077,18462
7890,18463
7929,18464
4009,18465
2161,18466
17658,18467
15898,18468
898,18469
1535,18470
9033,18471
11449,18472
1985,18473
16407,18474
17028,18475
14474,18476
2545,18477
14924,18478
2650,18479
18766,18480
5532,18481
10940,18482
14806,18483
19603,18484
16751,18485
5725,18486
17382,18487
12911,18488
14219,18489
16446,18490
17218,18491
18659,18492
3934,18493
3998,18494
5847,18495
6473,18496
7571,18497
11220,18498
13622,18499
12410,18500
13401,18501
15183,18502
10983,18503
12803,18504
15350,18505
16402,18506
4076,18507
3516,18508
4120,18509
5408,18510
6628,18511
10302,18512
15982,18513
14875,18514
16500,18515
16569,18516
11894,18517
16574,18518
14947,18519
17155,18520
14357,18521
11634,18522
11028,18523
5280,18524
6648,18525
5398,18526
6729,18527
13943,18528
11544,18529
19281,18530
6994,18531
7606,18532
8528,18533
9139,18534
17539,18535
9188,18536
17703,18537
9446,18538
19338,18539
19261,18540
13358,18541
9551,18542
17862,18543
17750,18544
17804,18545
12255,18546
12707,18547
1111,18548
12863,18549
11649,18550
14207,18551
15390,18552
12553,18553
15513,18554
16588,18555
17268,18556
16571,18557
13671,18558
11756,18559
15548,18560
16001,18561
14958,18562
1740,18563
18210,18564
2109,18565
2205,18566
3592,18567
4797,18568
1704,18569
5854,18570
6512,18571
6570,18572
5943,18573
3930,18574
7262,18575
15946,18576
5549,18577
2091,18578
16964,18579
6399,18580
7682,18581
17118,18582
8575,18583
1533,18584
13970,18585
14563,18586
18668,18587
3521,18588
2121,18589
13341,18590
1452,18591
3291,18592
2429,18593
14942,18594
11071,18595
11675,18596
10846,18597
18314,18598
19605,18599
18998,18600
5126,18601
6863,18602
14492,18603
14908,18604
10118,18605
18288,18606
14594,18607
14742,18608
2781,18609
3959,18610
6205,18611
10738,18612
17541,18613
6989,18614
7177,18615
8961,18616
9612,18617
5538,18618
19141,18619
967,18620
8268,18621
9787,18622
9826,18623
15900,18624
16218,18625
9836,18626
5942,18627
6569,18628
12038,18629
9844,18630
1080,18631
11372,18632
14775,18633
11976,18634
1572,18635
936,18636
984,18637
19957,18638
8269,18639
9846,18640
2980,18641
10895,18642
11499,18643
1031,18644
2935,18645
6995,18646
9855,18647
11106,18648
15319,18649
19977,18650
19381,18651
10861,18652
9874,18653
9693,18654
10363,18655
14118,18656
13520,18657
2059,18658
989,18659
13767,18660
9748,18661
1589,18662
2890,18663
2255,18664
13874,18665
9894,18666
5306,18667
7059,18668
18083,18669
16225,18670
9506,18671
10557,18672
16350,18673
17077,18674
17511,18675
19007,18676
19599,18677
13777,18678
15755,18679
16342,18680
17399,18681
3333,18682
992,18683
2172,18684
9932,18685
18128,18686
13477,18687
15259,18688
3929,18689
9946,18690
6217,18691
10759,18692
13815,18693
6543,18694
995,18695
1630,18696
14723,18697
14129,18698
5113,18699
8859,18700
13386,18701
15559,18702
16339,18703
16522,18704
13640,18705
14171,18706
14237,18707
12394,18708
11981,18709
13574,18710
11377,18711
15752,18712
16528,18713
10279,18714
16913,18715
17510,18716
12884,18717
11066,18718
19213,18719
12888,18720
19774,18721
3774,18722
19470,18723
2963,18724
1060,18725
4001,18726
4263,18727
12768,18728
13322,18729
10499,18730
2192,18731
3422,18732
16737,18733
2913,18734
18185,18735
4561,18736
15896,18737
4569,18738
19394,18739
3671,18740
15117,18741
5191,18742
4592,18743
2704,18744
9055,18745
12139,18746
11531,18747
2075,18748
9239,18749
5814,18750
7141,18751
7772,18752
9280,18753
18674,18754
14579,18755
15170,18756
9357,18757
8685,18758
6812,18759
1848,18760
11650,18761
2136,18762
19206,18763
8732,18764
1940,18765
3765,18766
8583,18767
4026,18768
9632,18769
7978,18770
13230,18771
3778,18772
6876,18773
5681,18774
12625,18775
8103,18776
7473,18777
9740,18778
9773,18779
9975,18780
12612,18781
12018,18782
4922,18783
8644,18784
9435,18785
8772,18786
3056,18787
5621,18788
6829,18789
8640,18790
10616,18791
9949,18792
6105,18793
2507,18794
5001,18795
2555,18796
3191,18797
10800,18798
9984,18799
10651,18800
15173,18801
6373,18802
8668,18803
5620,18804
8739,18805
7435,18806
4701,18807
10281,18808
1898,18809
14421,18810
13826,18811
3209,18812
707,18813
3762,18814
4366,18815
2434,18816
3070,18817
7396,18818
8026,18819
3080,18820
5482,18821
9997,18822
13311,18823
13232,18824
4283,18825
9998,18826
2858,18827
9025,18828
9689,18829
9583,18830
9376,18831
11575,18832
4700,18833
8476,18834
9086,18835
15840,18836
8091,18837
601,18838
600,18839
597,18840
637,18841
622,18842
5636,18843
4432,18844
1231,18845
4965,18846
9436,18847
3779,18848
3221,18849
12010,18850
13827,18851
11210,18852
16287,18853
5314,18854
5905,18855
7747,18856
16318,18857
17627,18858
19934,18859
7667,18860
9472,18861
3182,18862
441,18863
7352,18864
6098,18865
19209,18866
8656,18867
548,18868
11114,18869
13404,18870
17113,18871
7069,18872
7119,18873
13546,18874
19363,18875
5820,18876
12793,18877
3596,18878
15782,18879
11009,18880
16873,18881
19827,18882
13420,18883
12789,18884
8491,18885
12857,18886
18823,18887
1679,18888
537,18889
594,18890
484,18891
6531,18892
13464,18893
18816,18894
4008,18895
5863,18896
5809,18897
14389,18898
19472,18899
11481,18900
8146,18901
6260,18902
5633,18903
10052,18904
10141,18905
359,18906
8657,18907
13976,18908
10056,18909
1113,18910
18882,18911
3599,18912
10601,18913
6852,18914
11200,18915
645,18916
1951,18917
580,18918
583,18919
10812,18920
593,18921
1950,18922
10811,18923
349,18924
403,18925
10142,18926
1310,18927
631,18928
473,18929
9440,18930
439,18931
5037,18932
7662,18933
8513,18934
18234,18935
13357,18936
12271,18937
7234,18938
628,18939
387,18940
367,18941
5632,18942
570,18943
366,18944
1952,18945
1312,18946
11745,18947
603,18948
508,18949
1953,18950
528,18951
624,18952
643,18953
347,18954
676,18955
3825,18956
2563,18957
3829,18958
412,18959
529,18960
1843,18961
17954,18962
3823,18963
641,18964
1948,18965
9875,18966
8774,18967
3024,18968
4912,18969
7761,18970
6750,18971
7499,18972
5630,18973
6262,18974
9471,18975
14431,18976
499,18977
1859,18978
5316,18979
2461,18980
17932,18981
8573,18982
560,18983
5012,18984
10467,18985
2974,18986
409,18987
11018,18988
2949,18989
14144,18990
1714,18991
9899,18992
5027,18993
3809,18994
440,18995
1956,18996
581,18997
8234,18998
3220,18999
7518,19000
485,19001
14753,19002
4438,19003
10999,19004
19466,19005
13217,19006
15023,19007
8145,19008
5033,19009
1945,19010
2585,19011
596,19012
7517,19013
462,19014
426,19015
14978,19016
1309,19017
10808,19018
557,19019
401,19020
13336,19021
3682,19022
15568,19023
530,19024
561,19025
2582,19026
2592,19027
3217,19028
19490,19029
646,19030
1288,19031
14385,19032
558,19033
12023,19034
9381,19035
18025,19036
13790,19037
11929,19038
3830,19039
4563,19040
632,19041
8148,19042
507,19043
2589,19044
15569,19045
12934,19046
18547,19047
17939,19048
2588,19049
8810,19050
6885,19051
3223,19052
14512,19053
461,19054
543,19055
12547,19056
11998,19057
577,19058
576,19059
491,19060
460,19061
524,19062
563,19063
5029,19064
437,19065
487,19066
4430,19067
8149,19068
559,19069
1955,19070
489,19071
1317,19072
3228,19073
4436,19074
5034,19075
9370,19076
1314,19077
459,19078
3824,19079
15674,19080
6887,19081
606,19082
5496,19083
8896,19084
7992,19085
672,19086
398,19087
3224,19088
3692,19089
8696,19090
4433,19091
4435,19092
8808,19093
587,19094
568,19095
618,19096
3136,19097
8763,19098
10079,19099
9288,19100
1229,19101
3826,19102
13802,19103
10041,19104
589,19105
399,19106
8600,19107
4927,19108
613,19109
415,19110
9930,19111
420,19112
521,19113
677,19114
1316,19115
8782,19116
4437,19117
5599,19118
8069,19119
10768,19120
456,19121
6230,19122
3763,19123
471,19124
1812,19125
12181,19126
11026,19127
10473,19128
7131,19129
6212,19130
270,19131
269,19132
266,19133
303,19134
289,19135
371,19136
351,19137
3832,19138
5635,19139
5032,19140
6886,19141
486,19142
1319,19143
3226,19144
10946,19145
12292,19146
18089,19147
374,19148
1273,19149
128,19150
4900,19151
6723,19152
3781,19153
1841,19154
224,19155
13724,19156
13160,19157
14319,19158
19960,19159
4793,19160
12555,19161
10413,19162
15700,19163
10451,19164
18274,19165
18278,19166
215,19167
263,19168
168,19169
10450,19170
14061,19171
13396,19172
18215,19173
3545,19174
8379,19175
4614,19176
19346,19177
5386,19178
9189,19179
6839,19180
414,19181
635,19182
682,19183
1248,19184
526,19185
51,19186
9475,19187
6888,19188
13152,19189
11326,19190
2421,19191
6227,19192
20212,19193
311,19194
363,19195
250,19196
253,19197
411,19198
262,19199
506,19200
623,19201
43,19202
91,19203
425,19204
490,19205
297,19206
157,19207
4404,19208
126,19209
346,19210
2344,19211
295,19212
75,19213
59,19214
527,19215
241,19216
58,19217
362,19218
542,19219
18463,19220
271,19221
189,19222
350,19223
206,19224
291,19225
309,19226
41,19227
333,19228
608,19229
3199,19230
604,19231
100,19232
207,19233
8811,19234
579,19235
564,19236
307,19237
427,19238
5036,19239
17359,19240
3597,19241
18543,19242
2591,19243
488,19244
683,19245
582,19246
647,19247
182,19248
1223,19249
7516,19250
11888,19251
232,19252
2448,19253
17698,19254
97,19255
14313,19256
12556,19257
598,19258
5613,19259
127,19260
679,19261
251,19262
515,19263
428,19264
422,19265
169,19266
16064,19267
397,19268
20081,19269
685,19270
438,19271
592,19272
572,19273
636,19274
265,19275
655,19276
146,19277
114,19278
19373,19279
609,19280
562,19281
229,19282
89,19283
208,19284
233,19285
402,19286
380,19287
474,19288
312,19289
5631,19290
11035,19291
13521,19292
14003,19293
14090,19294
14641,19295
15834,19296
16992,19297
17026,19298
18696,19299
4106,19300
5948,19301
5955,19302
7759,19303
230,19304
11418,19305
10564,19306
14414,19307
17525,19308
16370,19309
616,19310
18548,19311
298,19312
678,19313
188,19314
644,19315
2208,19316
4038,19317
5219,19318
9022,19319
8641,19320
648,19321
348,19322
516,19323
364,19324
9937,19325
145,19326
219,19327
1047,19328
5261,19329
10896,19330
11605,19331
13406,19332
14693,19333
15232,19334
16451,19335
18666,19336
4187,19337
872,19338
960,19339
9646,19340
248,19341
247,19342
175,19343
144,19344
202,19345
235,19346
605,19347
124,19348
171,19349
436,19350
620,19351
231,19352
386,19353
173,19354
667,19355
370,19356
630,19357
361,19358
3100,19359
472,19360
143,19361
595,19362
3156,19363
352,19364
274,19365
10591,19366
416,19367
7364,19368
332,19369
86,19370
666,19371
2587,19372
4431,19373
665,19374
663,19375
607,19376
257,19377
240,19378
285,19379
5634,19380
3831,19381
2590,19382
3225,19383
6234,19384
571,19385
14397,19386
9378,19387
259,19388
87,19389
3222,19390
3755,19391
281,19392
103,19393
1228,19394
108,19395
201,19396
334,19397
541,19398
5035,19399
423,19400
3828,19401
2519,19402
4434,19403
141,19404
6855,19405
8664,19406
155,19407
12030,19408
9885,19409
11995,19410
7920,19411
7292,19412
6123,19413
61,19414
45,19415
360,19416
372,19417
634,19418
625,19419
170,19420
400,19421
410,19422
64,19423
2538,19424
12639,19425
9565,19426
4990,19427
1205,19428
5404,19429
16523,19430
2337,19431
10232,19432
5697,19433
20068,19434
4198,19435
18884,19436
7457,19437
102,19438
301,19439
339,19440
15020,19441
204,19442
680,19443
684,19444
4199,19445
13548,19446
8898,19447
8897,19448
15393,19449
55,19450
99,19451
187,19452
290,19453
113,19454
174,19455
1200,19456
40,19457
7584,19458
205,19459
54,19460
218,19461
12983,19462
2990,19463
44,19464
276,19465
4401,19466
272,19467
615,19468
249,19469
236,19470
115,19471
381,19472
16782,19473
6954,19474
10074,19475
424,19476
172,19477
340,19478
252,19479
313,19480
8236,19481
591,19482
4368,19483
12638,19484
14147,19485
19486,19486
267,19487
8628,19488
336,19489
195,19490
116,19491
110,19492
15343,19493
19578,19494
85,19495
19487,19496
342,19497
125,19498
261,19499
243,19500
302,19501
319,19502
277,19503
234,19504
90,19505
69,19506
158,19507
413,19508
5015,19509
9462,19510
16939,19511
10426,19512
19322,19513
283,19514
19150,19515
335,19516
310,19517
14664,19518
15705,19519
7151,19520
16434,19521
17068,19522
17611,19523
17630,19524
3476,19525
15581,19526
314,19527
42,19528
196,19529
56,19530
9279,19531
7837,19532
4662,19533
10344,19534
17045,19535
5345,19536
865,19537
12891,19538
7710,19539
14119,19540
14100,19541
1558,19542
11053,19543
13450,19544
17057,19545
4002,19546
1683,19547
7125,19548
11700,19549
12201,19550
18120,19551
2329,19552
10333,19553
9761,19554
5812,19555
273,19556
123,19557
287,19558
74,19559
327,19560
60,19561
296,19562
53,19563
6784,19564
156,19565
264,19566
9955,19567
46,19568
8750,19569
104,19570
5698,19571
326,19572
649,19573
650,19574
325,19575
323,19576
275,19577
681,19578
664,19579
525,19580
621,19581
6859,19582
242,19583
10233,19584
12031,19585
633,19586
5562,19587
8110,19588
217,19589
642,19590
111,19591
373,19592
3155,19593
540,19594
3082,19595
7492,19596
533,19597
545,19598
551,19599
566,19600
575,19601
612,19602
651,19603
657,19604
669,19605
18643,19606
13418,19607
10073,19608
52,19609
62,19610
300,19611
292,19612
88,19613
98,19614
10020,19615
588,19616
547,19617
10125,19618
7968,19619
432,19620
354,19621
18878,19622
17108,19623
6834,19624
14428,19625
337,19626
341,19627
535,19628
640,19629
12564,19630
3103,19631
393,19632
14285,19633
12503,19634
6824,19635
282,19636
70,19637
16195,19638
406,19639
10743,19640
112,19641
567,19642
260,19643
2511,19644
638,19645
9920,19646
13690,19647
15463,19648
18284,19649
101,19650
5614,19651
9559,19652
6822,19653
18279,19654
2969,19655
9944,19656
12610,19657
16536,19658
17116,19659
1707,19660
16526,19661
1074,19662
15940,19663
3107,19664
10732,19665
19149,19666
503,19667
315,19668
316,19669
338,19670
324,19671
203,19672
288,19673
6151,19674
619,19675
553,19676
299,19677
9320,19678
8771,19679
308,19680
63,19681
9959,19682
216,19683
4371,19684
6865,19685
211,19686
221,19687
225,19688
238,19689
246,19690
280,19691
317,19692
321,19693
329,19694
18043,19695
15199,19696
1907,19697
10689,19698
258,19699
223,19700
10794,19701
8602,19702
120,19703
48,19704
9564,19705
6322,19706
10009,19707
1858,19708
213,19709
306,19710
1052,19711
2468,19712
81,19713
12973,19714
6199,19715
12017,19716
94,19717
10574,19718
239,19719
7403,19720
304,19721
5604,19722
17741,19723
18885,19724
5513,19725
10283,19726
1254,19727
20074,19728
5558,19729
9925,19730
12937,19731
17701,19732
17696,19733
8040,19734
1232,19735
8686,19736
186,19737
8005,19738
286,19739
227,19740
2517,19741
6249,19742
13818,19743
4351,19744
10734,19745
7349,19746
7977,19747
14430,19748
10806,19749
8121,19750
2581,19751
377,19752
353,19753
6837,19754
1882,19755
19249,19756
8753,19757
8558,19758
6775,19759
4949,19760
10756,19761
4287,19762
5013,19763
9218,19764
20083,19765
9914,19766
8030,19767
1890,19768
7585,19769
3177,19770
3704,19771
6955,19772
6323,19773
13248,19774
9976,19775
7340,19776
15022,19777
7377,19778
3197,19779
6874,19780
7406,19781
19153,19782
8690,19783
10303,19784
611,19785
6769,19786
585,19787
7479,19788
7422,19789
531,19790
9405,19791
67,19792
47,19793
4377,19794
7486,19795
2730,19796
9416,19797
7398,19798
7440,19799
1258,19800
9917,19801
5612,19802
5815,19803
10873,19804
6200,19805
3216,19806
9265,19807
421,19808
433,19809
513,19810
2541,19811
5518,19812
457,19813
446,19814
470,19815
482,19816
396,19817
10643,19818
13220,19819
544,19820
8735,19821
6777,19822
2561,19823
8037,19824
8036,19825
388,19826
6245,19827
3111,19828
3697,19829
279,19830
5506,19831
255,19832
9433,19833
11415,19834
209,19835
10072,19836
14997,19837
6828,19838
7407,19839
10610,19840
9317,19841
6817,19842
9363,19843
4380,19844
3116,19845
7003,19846
17951,19847
4397,19848
390,19849
6100,19850
109,19851
121,19852
194,19853
3079,19854
9334,19855
142,19856
133,19857
154,19858
166,19859
84,19860
1213,19861
15603,19862
220,19863
10107,19864
9929,19865
3127,19866
6743,19867
1197,19868
76,19869
6802,19870
6779,19871
11285,19872
7996,19873
6193,19874
2471,19875
8594,19876
6830,19877
13835,19878
3085,19879
18552,19880
2549,19881
3687,19882
6077,19883
2502,19884
5514,19885
1835,19886
17366,19887
7480,19888
78,19889
2482,19890
5624,19891
1237,19892
4300,19893
6224,19894
9439,19895
16785,19896
6258,19897
6825,19898
7454,19899
10024,19900
17368,19901
11155,19902
1261,19903
3083,19904
1826,19905
1142,19906
12004,19907
475,19908
5026,19909
7445,19910
3807,19911
464,19912
10749,19913
16198,19914
3822,19915
3215,19916
4424,19917
11414,19918
5531,19919
17953,19920
16180,19921
3124,19922
670,19923
5570,19924
3821,19925
5517,19926
4942,19927
2501,19928
383,19929
586,19930
9419,19931
1212,19932
15611,19933
7483,19934
429,19935
9980,19936
4288,19937
3170,19938
15001,19939
7511,19940
9299,19941
8142,19942
159,19943
3803,19944
500,19945
16194,19946
3084,19947
148,19948
5625,19949
450,19950
8000,19951
3154,19952
668,19953
494,19954
6842,19955
419,19956
4936,19957
2475,19958
8126,19959
389,19960
8684,19961
5023,19962
3751,19963
330,19964
2579,19965
5566,19966
626,19967
4422,19968
5543,19969
10057,19970
72,19971
256,19972
8756,19973
6883,19974
4409,19975
573,19976
1285,19977
117,19978
1244,19979
11489,19980
9978,19981
10001,19982
574,19983
6771,19984
8638,19985
10026,19986
510,19987
8122,19988
183,19989
15607,19990
16173,19991
451,19992
9994,19993
135,19994
13225,19995
1914,19996
328,19997
178,19998
1867,19999
107,20000
10058,20001
8688,20002
5579,20003
77,20004
8747,20005
3790,20006
671,20007
6101,20008
3770,20009
532,20010
4966,20011
293,20012
4394,20013
652,20014
10086,20015
7490,20016
10717,20017
1274,20018
686,20019
5011,20020
244,20021
1202,20022
1270,20023
7391,20024
10007,20025
6188,20026
245,20027
8622,20028
3101,20029
4381,20030
191,20031
8683,20032
8776,20033
9945,20034
136,20035
1135,20036
7353,20037
14425,20038
15583,20039
9415,20040
4973,20041
10634,20042
3158,20043
5595,20044
331,20045
6860,20046
10713,20047
210,20048
2504,20049
6166,20050
318,20051
1893,20052
8120,20053
1861,20054
8636,20055
343,20056
8032,20057
3114,20058
5591,20059
5537,20060
10676,20061
8066,20062
7990,20063
1188,20064
2533,20065
2509,20066
2558,20067
3736,20068
16176,20069
7337,20070
3677,20071
4914,20072
8752,20073
5573,20074
10786,20075
8127,20076
6207,20077
6235,20078
6808,20079
9380,20080
6215,20081
10716,20082
9898,20083
1225,20084
15604,20085
9328,20086
10666,20087
8048,20088
8086,20089
10019,20090
7404,20091
8076,20092
16184,20093
2531,20094
4998,20095
9990,20096
1235,20097
17353,20098
10008,20099
9361,20100
9387,20101
8711,20102
10003,20103
8784,20104
3200,20105
10014,20106
8095,20107
6711,20108
10043,20109
8094,20110
10088,20111
1912,20112
4972,20113
13829,20114
14415,20115
8674,20116
6169,20117
6208,20118
5024,20119
5623,20120
3138,20121
5025,20122
3047,20123
5598,20124
4325,20125
8778,20126
7962,20127
4346,20128
5016,20129
2499,20130
10706,20131
10721,20132
6255,20133
8235,20134
3737,20135
1787,20136
9272,20137
6246,20138
4993,20139
7345,20140
4423,20141
1276,20142
1880,20143
10653,20144
3190,20145
8141,20146
8626,20147
7379,20148
511,20149
546,20150
12623,20151
455,20152
11396,20153
9420,20154
5622,20155
10778,20156
4903,20157
8726,20158
1934,20159
9936,20160
10663,20161
2508,20162
1933,20163
552,20164
407,20165
9982,20166
7376,20167
9957,20168
10793,20169
4392,20170
9314,20171
469,20172
8762,20173
10693,20174
6161,20175
2554,20176
468,20177
6206,20178
3702,20179
192,20180
222,20181
3146,20182
140,20183
6809,20184
6861,20185
365,20186
6209,20187
2480,20188
6857,20189
9389,20190
11401,20191
10603,20192
9995,20193
9468,20194
10128,20195
226,20196
95,20197
10649,20198
8004,20199
9296,20200
10657,20201
10087,20202
11417,20203
153,20204
10761,20205
8698,20206
10675,20207
1921,20208
152,20209
6831,20210
4321,20211
2510,20212
7493,20213
7509,20214
57,20215
10746,20216
7510,20217
7484,20218
2487,20219
13214,20220
3792,20221
10748,20222
395,20223
6800,20224
8294,20225
10611,20226
1917,20227
10805,20228
14999,20229
7358,20230
7433,20231
6257,20232
1306,20233
8618,20234
10104,20235
6882,20236
12631,20237
10740,20238
8123,20239
480,20240
6256,20241
8740,20242
502,20243
3176,20244
1307,20245
8140,20246
8139,20247
5022,20248
83,20249
9254,20250
1828,20251
3820,20252
1281,20253
536,20254
4930,20255
1941,20256
8063,20257
479,20258
496,20259
2565,20260
1943,20261
445,20262
3810,20263
3819,20264
6880,20265
164,20266
394,20267
5563,20268
185,20269
6881,20270
495,20271
376,20272
627,20273
481,20274
4901,20275
3180,20276
534,20277
2577,20278
214,20279
7508,20280
355,20281
9467,20282
163,20283
180,20284
1942,20285
519,20286
132,20287
9924,20288
658,20289
617,20290
82,20291
1873,20292
512,20293
179,20294
66,20295
294,20296
165,20297
10660,20298
1271,20299
212,20300
384,20301
639,20302
49,20303
356,20304
520,20305
199,20306
10135,20307
322,20308
284,20309
3769,20310
193,20311
8065,20312
4298,20313
73,20314
305,20315
50,20316
200,20317
554,20318
8071,20319
8085,20320
5594,20321
8615,20322
228,20323
10652,20324
10723,20325
3789,20326
8803,20327
9985,20328
6158,20329
1816,20330
408,20331
4395,20332
3213,20333
1181,20334
96,20335
4996,20336
378,20337
10804,20338
10077,20339
68,20340
483,20341
9410,20342
167,20343
8742,20344
7373,20345
8802,20346
497,20347
181,20348
